CASE_ID,ACCIDENT_YEAR,PROC_DATE,JURIS,COLLISION_DATE,COLLISION_TIME,OFFICER_ID,REPORTING_DISTRICT,DAY_OF_WEEK,CHP_SHIFT,POPULATION,CNTY_CITY_LOC,SPECIAL_COND,BEAT_TYPE,CHP_BEAT_TYPE,CITY_DIVISION_LAPD,CHP_BEAT_CLASS,BEAT_NUMBER,PRIMARY_RD,SECONDARY_RD,DISTANCE,DIRECTION,INTERSECTION,WEATHER_1,WEATHER_2,STATE_HWY_IND,CALTRANS_COUNTY,CALTRANS_DISTRICT,STATE_ROUTE,ROUTE_SUFFIX,POSTMILE_PREFIX,POSTMILE,LOCATION_TYPE,RAMP_INTERSECTION,SIDE_OF_HWY,TOW_AWAY,COLLISION_SEVERITY,NUMBER_KILLED,NUMBER_INJURED,PARTY_COUNT,PRIMARY_COLL_FACTOR,PCF_CODE_OF_VIOL,PCF_VIOL_CATEGORY,PCF_VIOLATION,PCF_VIOL_SUBSECTION,HIT_AND_RUN,TYPE_OF_COLLISION,MVIW,PED_ACTION,ROAD_SURFACE,ROAD_COND_1,ROAD_COND_2,LIGHTING,CONTROL_DEVICE,CHP_ROAD_TYPE,PEDESTRIAN_ACCIDENT,BICYCLE_ACCIDENT,MOTORCYCLE_ACCIDENT,TRUCK_ACCIDENT,NOT_PRIVATE_PROPERTY,ALCOHOL_INVOLVED,STWD_VEHTYPE_AT_FAULT,CHP_VEHTYPE_AT_FAULT,COUNT_SEVERE_INJ,COUNT_VISIBLE_INJ,COUNT_COMPLAINT_PAIN,COUNT_PED_KILLED,COUNT_PED_INJURED,COUNT_BICYCLIST_KILLED,COUNT_BICYCLIST_INJURED,COUNT_MC_KILLED,COUNT_MC_INJURED,PRIMARY_RAMP,SECONDARY_RAMP,LATITUDE,LONGITUDE,COUNTY,CITY,POINT_X,POINT_Y
9481545,2022,2022-08-09,1941,2022-06-22,0035,11202,NA,3,5,7,1941,0,0,0,NA,0,NA,10TH ST E,SAN PABLO CT,0,NA,Y,A,-,N,NA,NA,NA,NA,NA,NA,NA,NA,NA,Y,4,0,1,2,A,-,09,21804,A,N,D,C,A,A,H,-,C,D,0,NA,NA,NA,NA,Y,NA,D,NA,0,0,1,0,0,0,0,0,0,-,-,NA,NA,LOS ANGELES,LONG BEACH,-118.17745971679688,33.77899932861328
94815539,2025,2025-08-25,9540,2025-08-17,20,023260,NA,7,3,9,1900,0,1,1,NA,2,507,I-5 S/B,LYONS AVE,3168,S,N,A,-,Y,LA,NA,5,NA,R,49.714,H,NA,L,N,4,0,2,2,A,-,03,22350,NA,N,C,C,A,A,H,-,D,D,0,NA,NA,NA,NA,Y,NA,A,01,0,0,2,0,0,0,0,0,0,-,-,34.370880126953125,-118.56069946289064,LOS ANGELES,UNINCORPORATED,-118.56073760986328,34.3708610534668
94815877,2025,2025-08-25,9525,2025-08-07,1346,024162,NA,4,1,6,1955,0,1,3,NA,2,072,SR-71 N/B (CHINO VALLEY FWY),RIDGEWAY ST,379,N,N,A,-,Y,LA,NA,71,NA,R,0.861,H,NA,R,N,3,0,2,4,A,-,03,22350,NA,N,C,2,A,A,H,-,A,D,0,NA,NA,NA,NA,Y,NA,A,07,0,1,1,0,0,0,0,0,0,-,-,34.065521240234375,-117.79917907714844,LOS ANGELES,POMONA,-117.79926300048828,34.06535339355469
94815882,2025,2025-08-25,9530,2025-08-13,1415,022427,NA,3,2,9,1900,0,3,5,NA,2,002,REDONDO BEACH BLVD. (400 BLOCK),SAN PEDRO ST.,325,W,N,A,-,N,NA,NA,NA,NA,NA,NA,NA,NA,NA,Y,4,0,1,1,A,-,08,22107,NA,N,E,I,A,A,H,-,A,D,0,NA,NA,NA,NA,Y,NA,A,07,0,0,1,0,0,0,0,0,0,-,-,33.89305114746094,-118.26815795898438,LOS ANGELES,UNINCORPORATED,-118.2680892944336,33.89314651489258
94815888,2025,2025-08-25,9530,2025-08-13,208,024495,NA,3,3,9,1900,0,1,1,NA,2,120,I-110 N/B FROM SEPULVEDA BLVD.,SEPULVEDA BLVD.,322,S,N,A,-,Y,LA,NA,110,NA,NA,5.395,H,NA,R,Y,3,0,1,1,A,-,08,22107,NA,N,E,I,A,A,H,-,C,D,0,NA,NA,Y,NA,Y,NA,C,02,0,1,0,0,0,0,0,0,1,-,-,33.80807113647461,-118.28761291503906,LOS ANGELES,UNINCORPORATED,-118.2877197265625,33.80808639526367
94815893,2025,2025-08-25,9530,2025-07-14,300,023568,NA,1,3,7,1941,0,1,1,NA,2,072,I-710 S/B TO WILLOW ST,WILLOW ST.,475,S,N,A,-,Y,NA,NA,NA,NA,NA,NA,NA,NA,NA,Y,3,0,2,1,A,-,03,22350,NA,N,E,8,A,A,H,-,D,D,0,NA,NA,NA,NA,Y,NA,A,01,0,1,1,0,0,0,0,0,0,-,-,33.80295181274414,-118.20794677734376,LOS ANGELES,LONG BEACH,-118.2074737548828,33.803199768066406
94815936,2025,2025-08-25,9540,2025-08-24,435,024257,NA,7,3,9,1900,0,1,3,NA,1,145,SR-14 S/B,GOLDEN VALLEY RD,1200,S,N,A,-,Y,LA,NA,14,NA,R,29.435,H,NA,L,Y,4,0,1,1,A,-,08,22107,NA,N,F,A,A,A,H,-,C,D,0,NA,NA,NA,NA,Y,NA,A,01,0,0,1,0,0,0,0,0,0,-,-,34.39065170288086,-118.47640991210938,LOS ANGELES,UNINCORPORATED,-118.47637176513672,34.390602111816406
94815994,2025,2025-08-25,9530,2025-08-10,1250,022995,NA,7,1,7,1941,0,1,1,NA,2,430,I-405 S/B (SAN DIEGO FREEWAY),STUDEBAKER RD.,2500,N,N,A,-,Y,LA,NA,405,NA,NA,0.829,H,NA,L,N,4,0,1,2,A,-,03,22350,NA,N,C,C,A,A,H,-,A,D,0,NA,NA,NA,NA,Y,NA,A,01,0,0,1,0,0,0,0,0,0,-,-,33.793941497802734,-118.10411834716795,LOS ANGELES,LONG BEACH,-118.10409545898438,33.79396057128906
94816012,2025,2025-08-25,9525,2025-08-20,1044,024507,NA,3,1,9,1900,0,3,5,NA,2,004,FAIRGROVE AVE,SANDY HOOK AVE,0,NA,Y,A,-,N,NA,NA,NA,NA,NA,NA,NA,NA,NA,N,4,0,1,2,A,-,12,22450,A,N,D,C,A,A,H,-,A,A,0,NA,NA,NA,NA,Y,NA,A,01,0,0,1,0,0,0,0,0,0,-,-,34.04454040527344,-117.95278930664064,LOS ANGELES,UNINCORPORATED,-117.95281219482422,34.0445442199707
94816017,2025,2025-08-25,9530,2025-08-12,1615,024399,NA,2,2,9,1900,0,3,5,NA,2,006,CARSON ST. (1200 BLOCK),NORMANDIE AVE.,225,E,N,A,-,N,NA,NA,NA,NA,NA,NA,NA,NA,NA,N,4,0,2,2,A,-,09,21804,A,N,A,C,A,A,H,-,A,D,0,NA,NA,NA,NA,Y,NA,A,07,0,0,2,0,0,0,0,0,0,-,-,33.831600189208984,-118.29837799072266,LOS ANGELES,UNINCORPORATED,-118.29884338378906,33.83155059814453
94816081,2025,2025-08-25,9540,2025-08-17,1740,023867,NA,7,2,7,1942,0,1,1,NA,1,502,I-5 N/B,BALBOA BLVD,0.25,N,N,A,-,Y,LA,NA,5,NA,R,44.664,H,NA,R,Y,4,0,4,3,A,-,03,22350,NA,N,C,C,A,A,H,-,A,D,0,NA,NA,NA,NA,Y,NA,D,22,0,0,4,0,0,0,0,0,0,-,-,34.32299041748047,-118.49951934814452,LOS ANGELES,LOS ANGELES,-118.49951171875,34.322998046875
94816097,2025,2025-08-25,9580,2025-08-13,535,022753,NA,3,3,7,1942,0,1,3,NA,2,116,SR-118 E/B (RONALD REAGAN FWY.),WOODLEY AVE,1610,W,N,A,-,Y,LA,NA,118,NA,R,8.724,H,NA,R,Y,4,0,2,3,A,-,03,22350,NA,N,C,C,A,A,H,-,C,D,0,NA,NA,NA,NA,Y,NA,D,22,0,0,2,0,0,0,0,0,0,-,-,34.27077865600586,-118.4887466430664,LOS ANGELES,LOS ANGELES,-118.48870849609376,34.270816802978516
94816101,2025,2025-08-25,9540,2025-08-11,1130,024373,NA,1,1,7,1942,0,1,1,NA,2,500,I-5 NORTHBOUND (GOLDEN STATE FWY),ROXFORD ST,3168,S,N,A,-,Y,LA,NA,5,NA,NA,42.13,H,NA,R,N,4,0,1,2,A,-,07,21658,A,N,B,C,A,A,H,-,A,D,0,NA,NA,NA,NA,Y,NA,A,01,0,0,1,0,0,0,0,0,0,-,-,34.297550201416016,-118.47376251220705,LOS ANGELES,LOS ANGELES,-118.4738540649414,34.297489166259766
94816114,2025,2025-08-25,9530,2025-08-11,640,023235,NA,1,1,9,1900,0,3,5,NA,2,001,HOLMES AVENUE (5800 BLOCK),SLAUSON AVENUE,100,S,N,A,-,N,NA,NA,NA,NA,NA,NA,NA,NA,NA,N,4,0,2,2,A,-,03,22350,NA,N,C,C,A,A,H,-,A,D,0,NA,NA,NA,NA,Y,NA,A,01,0,0,2,0,0,0,0,0,0,-,-,33.988990783691406,-118.24112701416016,LOS ANGELES,UNINCORPORATED,-118.24118041992188,33.98927688598633
94816122,2025,2025-08-25,9550,2025-08-22,2130,024204,NA,5,2,6,1920,0,1,1,NA,2,500,INTERSTATE 5 NORTHBOUND,LAKEWOOD BOULEVARD,1400,S,N,A,-,Y,LA,NA,5,NA,NA,8.024,H,NA,R,Y,4,0,3,2,A,-,01,23152,A,N,C,C,A,A,H,-,C,D,0,NA,NA,NA,NA,Y,Y,A,01,0,0,3,0,0,0,0,0,0,-,-,33.955230712890625,-118.10801696777344,LOS ANGELES,DOWNEY,-118.10800170898438,33.95524978637695
94816130,2025,2025-08-25,9525,2025-08-19,2200,022925,NA,2,3,4,1913,0,1,1,NA,2,209,SR-210 W/B (FOOTHILL FWY),MILLS AVE,1500,W,N,A,-,Y,LA,NA,210,NA,R,50.907,H,NA,L,N,4,0,1,1,C,-,18,NA,NA,N,E,J,A,A,H,-,C,D,0,NA,NA,NA,NA,Y,NA,-,-,0,0,1,0,0,0,0,0,0,-,-,34.12017059326172,-117.71250915527344,LOS ANGELES,CLAREMONT,-117.71250915527344,34.120113372802734
94816148,2025,2025-08-25,9580,2025-08-15,1930,022799,NA,5,2,7,1942,0,1,3,NA,2,171,SR-170 S/B (HOLLYWOOD FWY.),ROSCOE BLVD,1056,S,N,A,-,Y,LA,NA,170,NA,R,19.518,H,NA,L,Y,4,0,1,2,A,-,08,22107,NA,N,E,I,A,A,H,-,C,D,0,NA,NA,NA,NA,Y,NA,A,01,0,0,1,0,0,0,0,0,0,-,-,34.218589782714844,-118.40933990478516,LOS ANGELES,LOS ANGELES,-118.40943908691406,34.218570709228516
94816155,2025,2025-08-25,9580,2025-08-18,1645,023395,NA,1,2,7,1942,0,1,3,NA,2,170,SR-170 N/B (HOLLYWOOD FWY.),SHERMAN WAY,2112,S,N,A,-,Y,LA,NA,170,NA,R,17.801,H,NA,R,N,4,0,1,2,A,-,03,22350,NA,N,C,2,A,A,H,-,A,D,0,NA,NA,Y,NA,Y,NA,C,02,0,0,1,0,0,0,0,0,1,-,-,34.194400787353516,-118.40247344970705,LOS ANGELES,LOS ANGELES,-118.40240478515624,34.19440460205078
94816158,2025,2025-08-25,9575,2025-08-05,1710,022336,NA,2,2,7,1942,0,1,3,NA,2,043,SR-134 E/B (VENTURA FREEWAY),I-5 S/B (GOLDEN STATE FREEWAY),100,W,N,A,-,Y,LA,NA,134,NA,R,5.451,H,NA,R,Y,4,0,1,2,A,-,08,22107,NA,N,B,C,A,A,H,-,A,D,0,NA,NA,NA,NA,Y,NA,A,01,0,0,1,0,0,0,0,0,0,-,-,34.15214157104492,-118.28340911865234,LOS ANGELES,LOS ANGELES,-118.28340911865234,34.15217590332031
94816161,2025,2025-08-25,9580,2025-08-16,2310,024167,NA,6,3,7,1942,0,1,2,NA,2,103,US-101 S/B (VENTURA FREEWAY),HASKELL AVE,1000,S,N,A,-,Y,LA,NA,101,NA,NA,17.45,H,NA,L,Y,3,0,2,3,A,-,08,22107,NA,N,B,C,A,A,H,-,C,D,0,NA,NA,NA,NA,Y,NA,A,01,0,2,0,0,0,0,0,0,0,-,-,34.16337966918945,-118.4726333618164,LOS ANGELES,LOS ANGELES,-118.47247314453124,34.16347122192383
94816164,2025,2025-08-25,9530,2025-08-11,150,023862,NA,1,3,9,1900,0,1,3,NA,2,310,SR-91 E/B (ARTESIA FREEWAY),ALAMEDA ST.,300,W,N,A,-,Y,LA,NA,91,NA,R,10.203,H,NA,R,Y,4,0,4,4,A,-,03,22350,NA,N,C,C,A,A,H,-,D,D,0,NA,NA,NA,NA,Y,NA,A,01,0,0,4,0,0,0,0,0,0,-,-,33.87350082397461,-118.21791076660156,LOS ANGELES,UNINCORPORATED,-118.21791839599608,33.873416900634766
94816171,2025,2025-08-25,9580,2025-08-16,1235,023836,NA,6,1,7,1942,0,1,2,NA,2,104,US-101 N/B (VENTURA FREEWAY),TAMPA AVE,1584,S,N,A,-,Y,LA,NA,101,NA,NA,21.945,H,NA,R,N,4,0,1,2,A,-,08,22107,NA,N,D,C,A,A,H,-,A,D,0,NA,NA,NA,NA,Y,NA,A,08,0,0,1,0,0,0,0,0,0,-,-,34.17354965209961,-118.54788970947266,LOS ANGELES,LOS ANGELES,-118.54788970947266,34.17356491088867
94816195,2025,2025-08-25,9580,2025-08-19,640,022753,NA,2,1,7,1942,0,1,2,NA,2,101,US-101 S/B (HOLLYWOOD FREEWAY),VINELAND AVE,208,S,N,A,-,Y,LA,NA,101,NA,NA,11.17,H,NA,L,N,4,0,1,4,A,-,08,22107,NA,N,D,C,A,A,H,-,A,D,0,NA,NA,Y,NA,Y,NA,A,07,0,0,1,0,0,0,0,0,1,-,-,34.1473503112793,-118.37100982666016,LOS ANGELES,LOS ANGELES,-118.3710479736328,34.147308349609375
94816246,2025,2025-08-25,9535,2025-08-17,1440,024308,NA,7,2,5,1969,0,1,1,NA,2,074,I-710 N/B (LONG BEACH FREEWAY),FIRESTONE BOULEVARD,1100,N,N,A,-,Y,LA,NA,710,NA,NA,18.672,H,NA,R,N,4,0,1,2,A,-,03,22350,NA,N,C,C,A,A,H,-,A,D,0,NA,NA,NA,Y,Y,NA,A,01,0,0,1,0,0,0,0,0,0,-,-,33.953121185302734,-118.17047119140624,LOS ANGELES,SOUTH GATE,-118.17050170898438,33.95311737060547
94816254,2025,2025-08-25,9580,2025-08-20,850,022753,NA,3,1,7,1942,0,1,3,NA,2,115,SR-118 W/B (RONALD REAGAN FWY.),SEPULVEDA BLVD,2165,E,N,A,-,Y,LA,NA,118,NA,R,10.497,H,NA,L,N,4,0,1,2,A,-,08,22107,NA,N,D,C,A,A,H,-,A,D,0,NA,NA,Y,NA,Y,NA,A,08,0,0,1,0,0,0,0,0,1,-,-,34.266109466552734,-118.45993041992188,LOS ANGELES,LOS ANGELES,-118.45993041992188,34.26602554321289
94816272,2025,2025-08-25,9565,2025-08-13,1115,024390,NA,3,1,9,1900,0,3,5,NA,2,002,VAN NESS AVENUE NORTHBOUND,111TH STREET,50,N,N,A,-,N,NA,NA,NA,NA,NA,NA,NA,NA,NA,N,4,0,1,3,A,-,08,22107,NA,F,B,2,A,A,H,-,A,D,0,NA,NA,NA,NA,Y,NA,-,99,0,0,1,0,0,0,0,0,0,-,-,33.93368911743164,-118.31774139404295,LOS ANGELES,UNINCORPORATED,-118.31777954101564,33.93362808227539
94816301,2025,2025-08-25,9590,2025-08-09,611,024353,NA,6,1,7,1942,0,1,2,NA,2,073,US-101 S/B (HOLLYWOOD FREEWAY),BRONSON AVE,600,N,N,A,-,Y,LA,NA,101,NA,NA,6.792,H,NA,L,N,4,0,1,4,A,-,07,21658,A,F,C,C,A,A,H,-,A,D,0,NA,NA,NA,NA,Y,NA,-,99,0,0,1,0,0,0,0,0,0,-,-,34.10403823852539,-118.32016754150392,LOS ANGELES,LOS ANGELES,-118.32017517089844,34.104026794433594
94816335,2025,2025-08-25,9590,2025-08-22,115,018529,NA,5,3,7,1942,0,1,1,NA,2,053,I-110 S/B,PICO BLVD.,300,N,N,A,-,Y,LA,NA,110,NA,NA,21.831,H,NA,L,N,4,0,1,2,A,-,07,21658,A,M,B,C,A,A,H,-,C,D,0,NA,NA,NA,NA,Y,NA,-,99,0,0,1,0,0,0,0,0,0,-,-,34.04365158081055,-118.27249145507813,LOS ANGELES,LOS ANGELES,-118.2724609375,34.04363250732422
94816342,2025,2025-08-25,9580,2025-08-21,2145,022550,NA,4,2,7,1942,0,1,2,NA,2,104,US-101 N/B (VENTURA FREEWAY),TAMPA AVE,1320,S,N,A,-,Y,LA,NA,101,NA,NA,22.003,H,NA,R,N,4,0,4,2,A,-,08,22107,NA,N,B,C,A,A,H,-,D,D,0,NA,NA,NA,NA,Y,NA,A,01,0,0,4,0,0,0,0,0,0,-,-,34.173580169677734,-118.54889678955078,LOS ANGELES,LOS ANGELES,-118.54889678955078,34.173580169677734
94816360,2025,2025-08-25,9535,2025-08-16,1120,023462,NA,6,1,9,1900,0,1,3,NA,2,621,SR-60 (POMONA FREEWAY) W/B,PECK RD,1000,W,N,A,-,Y,LA,NA,60,NA,NA,10.855,H,NA,L,N,3,0,1,2,A,-,07,21658,A,F,F,C,A,A,H,-,A,D,0,NA,NA,Y,NA,Y,NA,-,99,0,1,0,0,0,0,0,0,1,-,-,34.03797912597656,-118.04122924804688,LOS ANGELES,UNINCORPORATED,-118.04122161865234,34.03801727294922
9481641,2022,2022-08-11,1900,2022-07-07,2147,617242,1192,4,5,6,1992,0,0,0,NA,0,112T11,AVENUE K,30TH ST WEST,0,NA,Y,A,-,N,NA,NA,NA,NA,NA,NA,NA,NA,NA,Y,4,0,3,2,D,-,00,NA,NA,N,D,C,A,A,H,-,C,A,0,NA,NA,NA,NA,Y,NA,-,-,0,0,3,0,0,0,0,0,0,-,-,NA,NA,LOS ANGELES,LANCASTER,-118.18359375,34.67487716674805
9481642,2022,2022-08-12,1900,2022-07-02,2200,657590,11112,6,5,6,1992,0,0,0,NA,0,111T1,AVENUE J,40TH ST WEST,66,E,N,A,-,N,NA,NA,NA,NA,NA,NA,NA,NA,NA,Y,4,0,1,3,A,-,04,21703,NA,N,C,C,A,A,H,-,C,A,0,NA,NA,NA,NA,Y,NA,A,01,0,0,1,0,0,0,0,0,0,-,-,NA,NA,LOS ANGELES,LANCASTER,-118.20130157470705,34.68931198120117
94816424,2025,2025-08-25,9575,2025-08-09,1100,024607,NA,6,1,6,1953,0,1,3,NA,2,040,SR-134 W/B (VENTURA FREEWAY),N ST JOHN AVE.,50,W,N,A,-,Y,LA,NA,134,NA,R,13.266,H,NA,L,N,3,0,1,1,C,-,18,NA,NA,N,E,9,A,A,C,-,A,D,0,NA,NA,Y,NA,Y,NA,-,-,0,1,0,0,0,0,0,0,1,-,-,34.14921188354492,-118.15673065185548,LOS ANGELES,PASADENA,-118.15673065185548,34.149208068847656
9481643,2022,2022-08-11,1900,2022-07-07,1347,656781,1149,4,5,6,1992,0,0,0,NA,0,111T4,AVENUE N,34TH ST WEST,30,N,N,A,-,N,NA,NA,NA,NA,NA,NA,NA,NA,NA,N,4,0,1,2,A,-,03,22350,NA,N,C,C,A,A,H,-,A,D,0,NA,NA,NA,NA,Y,NA,-,-,0,0,1,0,0,0,0,0,0,-,-,NA,NA,LOS ANGELES,LANCASTER,-118.19048309326172,34.63106918334961
94816430,2025,2025-08-25,9580,2025-08-21,1452,022080,NA,4,2,9,1900,0,1,2,NA,2,107,US-101 S/B (VENTURA FREEWAY),PARKWAY CALABASAS,1320,S,N,A,-,Y,LA,NA,101,NA,NA,27.892,H,NA,L,N,4,0,1,2,A,-,03,22350,NA,M,C,C,A,A,H,-,A,D,0,NA,NA,NA,NA,Y,NA,A,01,0,0,1,0,0,0,0,0,0,-,-,34.15589904785156,-118.64594268798828,LOS ANGELES,UNINCORPORATED,-118.64595794677734,34.15592575073242
94816431,2025,2025-08-25,9575,2025-07-30,1315,024607,NA,3,1,9,1900,0,3,5,NA,2,002,SANTA ROSA AVE,E. MARIPOSA ST,0,NA,Y,A,-,N,NA,NA,NA,NA,NA,NA,NA,NA,NA,N,4,0,1,2,A,-,12,22450,A,N,D,C,A,A,H,-,A,A,0,NA,NA,NA,NA,Y,NA,A,01,0,0,1,0,0,0,0,0,0,-,-,34.18935012817383,-118.13638305664064,LOS ANGELES,UNINCORPORATED,-118.13639068603516,34.189361572265625
9481644,2022,2022-08-15,1900,2022-07-09,2210,609140,1124,6,5,6,1992,0,0,0,NA,0,111A,SIERRA HWY,AVENUE L-1,0,NA,Y,A,-,N,NA,NA,NA,NA,NA,NA,NA,NA,NA,Y,3,0,5,2,A,-,12,21453,A,N,A,C,A,A,H,-,C,A,0,NA,NA,NA,NA,Y,NA,A,01,0,5,0,0,0,0,0,0,0,-,-,NA,NA,LOS ANGELES,LANCASTER,-118.13066864013672,34.6605224609375
9481645,2022,2022-09-07,1900,2022-07-11,1431,656781,1134,1,5,6,1992,0,0,0,NA,0,111T4,4TH ST EAST,AVENUE L-4,0,NA,Y,A,-,N,NA,NA,NA,NA,NA,NA,NA,NA,NA,Y,4,0,1,2,A,-,09,21801,A,N,D,C,A,A,H,-,A,D,0,NA,NA,NA,NA,Y,NA,A,07,0,0,1,0,0,0,0,0,0,-,-,NA,NA,LOS ANGELES,LANCASTER,-118.12342834472656,34.660404205322266
9481649,2022,2022-08-11,1900,2022-07-04,1725,652853,0621,1,5,6,1985,0,0,0,NA,0,62T1,VALENCIA BL,MCBEAN PKWY,0,NA,Y,A,-,N,NA,NA,NA,NA,NA,NA,NA,NA,NA,Y,3,0,2,2,A,-,12,21453,A,M,D,C,A,A,H,-,A,A,0,NA,NA,NA,NA,Y,NA,A,01,0,1,1,0,0,0,0,0,0,-,-,34.413108825683594,-118.55977630615234,LOS ANGELES,SANTA CLARITA,-118.55998992919922,34.413265228271484
9481650,2022,2022-08-10,1900,2022-07-06,1740,476466,0631,3,5,6,1985,0,0,0,NA,0,61T1,SOLEDAD CANYON RD,KENROY AV,0,NA,Y,A,-,N,NA,NA,NA,NA,NA,NA,NA,NA,NA,N,4,0,1,2,A,-,09,21804,A,N,D,G,A,A,H,-,A,A,0,NA,Y,NA,NA,Y,NA,A,01,0,0,1,0,0,0,1,0,0,-,-,34.42681121826172,-118.42549896240234,LOS ANGELES,SANTA CLARITA,-118.42559051513672,34.42689895629883
9481651,2022,2022-08-16,1900,2022-07-05,1628,476466,0631,2,5,6,1985,0,0,0,NA,0,61T1,SAND CANYON RD,HWY 14,150,S,N,A,-,N,NA,NA,NA,NA,NA,NA,NA,NA,NA,Y,4,0,2,2,D,-,00,NA,NA,N,A,C,A,A,H,-,A,D,0,NA,NA,NA,NA,Y,NA,-,-,0,0,2,0,0,0,0,0,0,-,NF,NA,NA,LOS ANGELES,SANTA CLARITA,-118.42359924316406,34.42471694946289
9481652,2022,2022-08-10,1900,2022-07-16,0700,652853,0612,6,5,6,1985,0,0,0,NA,0,61T1,WHITES CANYON RD,SOLEDAD CANYON RD,225,S,N,A,-,N,NA,NA,NA,NA,NA,NA,NA,NA,NA,N,3,0,1,2,A,-,05,21202,A,N,D,G,A,A,H,-,A,D,0,NA,Y,NA,NA,Y,NA,L,04,0,1,0,0,0,0,1,0,0,-,-,34.414981842041016,-118.47239685058594,LOS ANGELES,SANTA CLARITA,-118.47229766845705,34.41511535644531
94816581,2025,2025-08-25,9565,2025-08-13,1257,022576,NA,3,1,7,1942,0,1,1,NA,2,062,I-405 N/B,PALMS BLVD,250,N,N,A,-,Y,LA,NA,405,NA,NA,28.567,H,NA,R,N,3,0,1,2,A,-,07,21658,A,N,B,2,A,A,H,-,A,D,0,NA,NA,Y,NA,Y,NA,A,01,0,1,0,0,0,0,0,0,1,-,-,34.01955032348633,-118.42417907714844,LOS ANGELES,LOS ANGELES,-118.42414855957033,34.01956558227539
94816591,2025,2025-08-25,9540,2025-08-06,1555,024373,NA,3,2,7,1942,0,1,1,NA,2,210,I-210 W/B TO I-5 S/B (TRANSITION ROAD),I-5 SOUTHBOUND (GOLDEN STATE FWY),2270,E,N,A,-,Y,LA,NA,210,NA,R,0.062,H,NA,R,Y,4,0,1,1,A,-,01,23152,A,N,E,I,A,A,H,-,A,D,0,NA,NA,NA,NA,Y,Y,A,01,0,0,1,0,0,0,0,0,0,-,-,34.31658172607422,-118.48989105224608,LOS ANGELES,LOS ANGELES,-118.48991394042967,34.31644821166992
9481661,2022,2022-08-11,1942,2022-07-21,2300,41396,1621,4,5,7,1942,0,0,0,P,0,26T57W,VAN NUYS BL,LAUREL CANYON BL,35,E,N,A,-,N,NA,NA,NA,NA,NA,NA,NA,NA,NA,Y,4,0,2,2,A,-,03,22350,NA,F,C,C,A,A,H,-,C,A,0,NA,NA,NA,NA,Y,NA,A,01,0,0,2,0,0,0,0,0,0,-,-,NA,NA,LOS ANGELES,LOS ANGELES,-118.43201446533205,34.258853912353516
9481662,2022,2022-08-11,1942,2022-07-08,1430,36026,1504,5,5,7,1942,0,0,0,O,0,26M34,LANKERSHIM BL,SHERMAN WY,0,NA,Y,A,-,N,NA,NA,NA,NA,NA,NA,NA,NA,NA,Y,3,0,1,2,A,-,09,21801,A,N,D,C,A,A,H,-,A,A,0,NA,NA,NA,NA,Y,Y,-,99,0,1,0,0,0,0,0,0,0,-,-,NA,NA,LOS ANGELES,LOS ANGELES,-118.38777923583984,34.20118713378906
9481663,2022,2022-08-11,1942,2022-07-15,1455,40398,1075,5,5,7,1942,0,0,0,J,0,26M63,ETIWANDA AV,ETIWANDA AV 5169,0,NA,-,A,-,N,NA,NA,NA,NA,NA,NA,NA,NA,NA,N,2,0,1,3,A,-,08,22107,NA,F,B,B,E,A,H,-,A,D,0,Y,NA,NA,NA,Y,Y,-,99,1,0,0,0,1,0,0,0,0,-,-,NA,NA,LOS ANGELES,LOS ANGELES,NA,NA
9481664,2022,2022-08-10,1942,2022-07-24,1505,41316,1654,7,5,7,1942,0,0,0,P,0,26TL75,OSBORNE ST,GLENOAKS BL,160,W,N,A,-,N,NA,NA,NA,NA,NA,NA,NA,NA,NA,N,4,0,2,2,A,-,01,23152,A,F,C,C,A,A,H,-,A,D,0,NA,NA,NA,NA,Y,Y,A,07,0,0,2,0,0,0,0,0,0,-,-,NA,NA,LOS ANGELES,LOS ANGELES,-118.40203857421876,34.264225006103516
94816644,2025,2025-08-25,9590,2025-08-13,1700,023269,NA,3,2,7,1942,0,1,1,NA,2,064,I-10 EB (SMF) TO SR-60 EB (POF),S BOYLE AVE,150,E,N,A,-,Y,LA,NA,60,NA,NA,0.319,H,NA,R,N,4,0,2,3,A,-,03,22350,NA,N,C,C,A,A,H,-,A,D,0,NA,NA,NA,NA,Y,NA,A,01,0,0,2,0,0,0,0,0,0,-,-,34.029178619384766,-118.21987152099608,LOS ANGELES,LOS ANGELES,-118.21987152099608,34.029144287109375
9481665,2022,2022-08-11,1942,2022-07-22,1910,33504,1911,5,5,7,1942,0,0,0,NA,0,26T55W,ENCINITAS AV,ROXFORD ST,180,S,N,A,-,N,NA,NA,NA,NA,NA,NA,NA,NA,NA,Y,3,0,2,3,A,-,09,21804,A,F,D,C,A,A,H,-,A,D,0,NA,NA,NA,NA,Y,NA,-,99,0,1,1,0,0,0,0,0,0,-,-,NA,NA,LOS ANGELES,LOS ANGELES,-118.47843170166016,34.30348587036133