CASE_ID,ACCIDENT_YEAR,PROC_DATE,JURIS,COLLISION_DATE,COLLISION_TIME,OFFICER_ID,REPORTING_DISTRICT,DAY_OF_WEEK,CHP_SHIFT,POPULATION,CNTY_CITY_LOC,SPECIAL_COND,BEAT_TYPE,CHP_BEAT_TYPE,CITY_DIVISION_LAPD,CHP_BEAT_CLASS,BEAT_NUMBER,PRIMARY_RD,SECONDARY_RD,DISTANCE,DIRECTION,INTERSECTION,WEATHER_1,WEATHER_2,STATE_HWY_IND,CALTRANS_COUNTY,CALTRANS_DISTRICT,STATE_ROUTE,ROUTE_SUFFIX,POSTMILE_PREFIX,POSTMILE,LOCATION_TYPE,RAMP_INTERSECTION,SIDE_OF_HWY,TOW_AWAY,COLLISION_SEVERITY,NUMBER_KILLED,NUMBER_INJURED,PARTY_COUNT,PRIMARY_COLL_FACTOR,PCF_CODE_OF_VIOL,PCF_VIOL_CATEGORY,PCF_VIOLATION,PCF_VIOL_SUBSECTION,HIT_AND_RUN,TYPE_OF_COLLISION,MVIW,PED_ACTION,ROAD_SURFACE,ROAD_COND_1,ROAD_COND_2,LIGHTING,CONTROL_DEVICE,CHP_ROAD_TYPE,PEDESTRIAN_ACCIDENT,BICYCLE_ACCIDENT,MOTORCYCLE_ACCIDENT,TRUCK_ACCIDENT,NOT_PRIVATE_PROPERTY,ALCOHOL_INVOLVED,STWD_VEHTYPE_AT_FAULT,CHP_VEHTYPE_AT_FAULT,COUNT_SEVERE_INJ,COUNT_VISIBLE_INJ,COUNT_COMPLAINT_PAIN,COUNT_PED_KILLED,COUNT_PED_INJURED,COUNT_BICYCLIST_KILLED,COUNT_BICYCLIST_INJURED,COUNT_MC_KILLED,COUNT_MC_INJURED,PRIMARY_RAMP,SECONDARY_RAMP,LATITUDE,LONGITUDE,COUNTY,CITY,POINT_X,POINT_Y
94820737,2025,2025-08-27,9590,2025-08-21,1155,021823,NA,4,1,7,1942,0,1,1,NA,2,051,I-110 S/B (HARBOR FREEWAY),42ND ST,50,N,N,A,-,Y,LA,NA,110,NA,NA,19.274,H,NA,L,N,4,0,2,3,A,-,03,22350,NA,N,C,C,A,A,H,-,A,D,0,NA,NA,NA,NA,Y,NA,A,01,0,0,2,0,0,0,0,0,0,-,-,34.00764846801758,-118.28121185302734,LOS ANGELES,LOS ANGELES,-118.28111267089844,34.00764846801758
94820751,2025,2025-08-27,9590,2025-08-25,655,021823,NA,1,1,7,1942,0,1,1,NA,2,052,I-110 N/B (HARBOR FREEWAY),PICO BLVD,200,N,N,A,-,Y,LA,NA,110,NA,NA,21.817,H,NA,R,Y,3,0,1,1,A,-,03,22350,NA,N,F,A,A,A,H,-,A,D,0,NA,NA,Y,NA,Y,NA,C,02,0,1,0,0,0,0,0,0,1,-,-,34.043399810791016,-118.2724609375,LOS ANGELES,LOS ANGELES,-118.27239990234376,34.04336929321289
94820753,2025,2025-08-27,9590,2025-08-21,1220,021823,NA,4,1,7,1942,0,1,1,NA,2,051,I-110 S/B (HARBOR FREEWAY),42ND ST,100,N,N,A,-,Y,LA,NA,110,NA,NA,19.283,H,NA,L,N,4,0,2,2,A,-,03,22350,NA,M,C,C,A,A,H,-,A,D,0,NA,NA,NA,NA,Y,NA,-,99,0,0,2,0,0,0,0,0,0,-,-,34.0078010559082,-118.28119659423828,LOS ANGELES,LOS ANGELES,-118.28110504150392,34.00779724121094
94820784,2025,2025-08-27,9525,2025-08-20,1820,024518,NA,3,2,1,1934,0,1,1,NA,2,652,I-605 N/B (SAN GABRIEL RIVER FWY),LIVE OAK AVE.,200,N,N,A,-,Y,LA,NA,605,NA,NA,23.587,H,NA,R,N,4,0,2,3,A,-,03,22350,NA,N,C,2,A,A,H,-,A,D,0,NA,NA,NA,NA,Y,NA,A,07,0,0,2,0,0,0,0,0,0,-,-,34.10932922363281,-117.98088073730467,LOS ANGELES,IRWINDALE,-117.98080444335938,34.10930252075195
94820789,2025,2025-08-27,9525,2025-08-23,1118,024349,NA,6,1,5,1906,0,1,1,NA,2,103,I-10 W/B TO PUENTE AVE.,PUENTE AVE,630,E,N,A,-,Y,LA,NA,10,NA,NA,33.556,H,NA,L,Y,4,0,2,3,A,-,03,22350,NA,N,C,C,A,A,H,-,A,D,0,NA,NA,NA,NA,Y,NA,A,01,0,0,2,0,0,0,0,0,0,-,-,34.07078170776367,-117.95867156982422,LOS ANGELES,BALDWIN PARK,-117.95864868164064,34.07062530517578
94820804,2025,2025-08-27,9575,2025-08-21,1040,022626,NA,4,1,9,1900,0,3,5,NA,2,008,N. VISTA ST. (6800 BLOCK),ARCADIA AVE.,50,S,N,A,-,N,NA,NA,NA,NA,NA,NA,NA,NA,NA,Y,3,0,1,1,A,-,08,22107,NA,N,E,9,A,A,H,-,A,D,0,NA,NA,NA,NA,Y,NA,A,01,0,1,0,0,0,0,0,0,0,-,-,34.123291015625,-118.0851593017578,LOS ANGELES,UNINCORPORATED,-118.08513641357422,34.12332534790039
94820810,2025,2025-08-27,9575,2025-08-21,1345,023071,NA,4,1,7,1942,0,1,1,NA,2,053,I-5 N/B (GOLDEN STATE FREEWAY),VAN NUYS BLVD.,1400,N,N,A,-,Y,LA,NA,5,NA,NA,38.791,H,NA,R,Y,3,0,2,2,A,-,03,22350,NA,N,C,C,A,A,H,-,A,D,0,NA,NA,NA,NA,Y,NA,A,07,0,1,1,0,0,0,0,0,0,-,-,34.259761810302734,-118.43804168701172,LOS ANGELES,LOS ANGELES,-118.43811798095705,34.25970458984375
94820820,2025,2025-08-28,9575,2025-08-21,1425,024136,NA,4,2,5,1902,0,1,1,NA,2,065,I-210 E/B (FOOTHILL FREEWAY),BALDWIN AVE,1600,W,N,A,-,Y,LA,NA,210,NA,R,30.491,H,NA,R,Y,4,0,1,2,A,-,03,22350,NA,N,C,C,A,A,H,-,A,D,0,NA,NA,NA,NA,Y,NA,A,07,0,0,1,0,0,0,0,0,0,-,-,34.14862060546875,-118.0558624267578,LOS ANGELES,ARCADIA,-118.0558624267578,34.14863967895508
94820826,2025,2025-08-28,9575,2025-08-21,1600,023071,NA,4,2,9,1900,0,1,3,NA,2,302,SR-2 (ANGELES CREST HIGHWAY),UPPER BIG TUJUNGA CYN. RD.,10560,W,N,A,-,Y,LA,NA,2,NA,NA,44.871,H,NA,R,Y,3,0,1,1,A,-,08,22107,NA,N,E,8,A,A,H,-,A,D,0,NA,NA,NA,NA,Y,NA,A,08,0,1,0,0,0,0,0,0,0,-,-,34.27737045288086,-118.00865936279295,LOS ANGELES,UNINCORPORATED,-118.0086669921875,34.27738952636719
94820842,2025,2025-08-28,9565,2025-05-24,1535,024390,NA,6,2,7,1942,0,1,1,NA,2,062,I-405 SOUTHBOUND,NATIONAL BOULEVARD,100,S,N,A,-,Y,LA,NA,405,NA,NA,29.072,H,NA,L,Y,4,0,1,3,A,-,07,21658,A,N,B,C,A,A,H,-,A,D,0,NA,NA,Y,NA,Y,NA,A,01,0,0,1,0,0,0,0,0,1,-,-,34.025611877441406,-118.42916107177734,LOS ANGELES,LOS ANGELES,-118.42919921875,34.02558898925781
94820889,2025,2025-08-28,9565,2025-08-21,1720,023177,NA,4,2,9,1900,0,3,5,NA,2,004,134TH ST,YUKON AVE,100,E,N,A,-,N,NA,NA,NA,NA,NA,NA,NA,NA,NA,N,3,0,1,2,A,-,08,22107,NA,N,B,C,A,A,H,-,A,D,0,NA,NA,NA,NA,Y,NA,A,07,0,1,0,0,0,0,0,0,0,-,-,33.91075897216797,-118.334716796875,LOS ANGELES,UNINCORPORATED,-118.33488464355467,33.91073989868164
94820891,2025,2025-08-28,9565,2025-08-22,10,023548,NA,5,3,9,1900,0,2,4,NA,2,021,VERMONT AVENUE,93RD ST,40,S,N,A,-,N,NA,NA,NA,NA,NA,NA,NA,NA,NA,N,4,0,2,2,A,-,08,22107,NA,N,C,C,A,A,H,-,C,D,0,NA,NA,NA,NA,Y,NA,A,01,0,0,2,0,0,0,0,0,0,-,-,33.95167922973633,-118.29193878173828,LOS ANGELES,UNINCORPORATED,-118.29189300537108,33.952049255371094
94820897,2025,2025-08-28,9565,2025-08-22,1935,023564,NA,5,2,7,1942,0,1,1,NA,2,062,I-405 SOUTHBOUND,OLYMPIC BOULEVARD,750,N,N,A,-,Y,LA,NA,405,NA,NA,30.344,H,NA,L,Y,4,0,1,2,A,-,03,22350,NA,N,C,C,A,A,H,-,A,D,0,NA,NA,NA,NA,Y,NA,A,01,0,0,1,0,0,0,0,0,0,-,-,34.04069900512695,-118.44154357910156,LOS ANGELES,LOS ANGELES,-118.44145965576172,34.040748596191406
9482096,2022,2022-08-12,1916,2022-07-11,1115,3035,E45C1,1,5,4,1916,0,0,0,NA,0,EAST,COVINA BL,GRAND AV,0,NA,Y,A,-,N,NA,NA,NA,NA,NA,NA,NA,NA,NA,N,3,0,1,2,A,-,09,21804,A,N,D,C,A,A,H,-,A,D,0,NA,NA,NA,NA,Y,NA,A,01,0,1,0,0,0,0,0,0,0,-,-,34.099430084228516,-117.87265014648438,LOS ANGELES,COVINA,-117.87267303466795,34.09945297241211
9482097,2022,2022-08-12,1916,2022-07-11,1341,3035,E42C1,1,5,4,1916,0,0,0,NA,0,EAST,GRAND AV,CIENEGA AV,0,NA,Y,A,-,N,NA,NA,NA,NA,NA,NA,NA,NA,NA,N,4,0,1,2,A,-,08,22107,NA,N,D,C,A,A,H,-,A,A,0,NA,NA,NA,NA,Y,NA,A,01,0,0,1,0,0,0,0,0,0,-,-,34.10306167602539,-117.87265777587892,LOS ANGELES,COVINA,-117.8726806640625,34.10306167602539
9482104,2022,2022-08-16,1942,2022-06-11,1416,44445,1215,6,5,7,1942,0,0,0,L,0,12A31,VERMONT AV,W 56TH ST,3,NA,N,A,-,N,NA,NA,NA,NA,NA,NA,NA,NA,NA,N,3,0,1,2,A,-,07,21658,A,F,B,C,A,A,H,-,A,A,0,NA,NA,Y,NA,Y,NA,-,99,0,1,0,0,0,0,0,0,1,-,-,NA,NA,LOS ANGELES,LOS ANGELES,-118.29148864746094,33.991397857666016
9482105,2022,2022-08-11,1942,2022-06-27,2330,43300,1846,1,5,7,1942,0,0,0,R,0,18A63,IMPERIAL HWY,S CENTRAL AV,250,W,N,A,-,N,NA,NA,NA,NA,NA,NA,NA,NA,NA,N,3,0,1,3,A,-,03,22350,NA,F,B,C,A,A,H,-,C,D,0,NA,NA,NA,NA,Y,NA,A,01,0,1,0,0,0,0,0,0,0,-,-,NA,NA,LOS ANGELES,LOS ANGELES,-118.25505065917967,33.92945861816406
9482107,2022,2022-08-11,1942,2022-06-30,2000,43683,1239,4,5,7,1942,0,0,0,L,0,12A,HOOVER,60TH ST,0,NA,Y,A,-,N,NA,NA,NA,NA,NA,NA,NA,NA,NA,Y,3,0,1,2,A,-,09,21802,A,N,D,C,A,A,H,-,B,A,0,NA,NA,NA,NA,Y,NA,A,07,0,1,0,0,0,0,0,0,0,-,-,NA,NA,LOS ANGELES,LOS ANGELES,-118.28705596923828,33.98508071899414
9482108,2022,2022-08-11,1928,2022-06-19,1958,50404,513,7,5,5,1928,0,0,0,NA,0,501,INGLEWOOD AV,130TH ST,0,NA,Y,A,-,N,NA,NA,NA,NA,NA,NA,NA,NA,NA,N,4,0,1,2,A,-,08,22107,NA,N,B,C,A,A,H,-,A,A,0,NA,NA,NA,NA,Y,NA,A,01,0,0,1,0,0,0,0,0,0,-,-,33.91455078125,-118.3612823486328,LOS ANGELES,HAWTHORNE,-118.36128997802734,33.914520263671875
9482109,2022,2022-08-11,1928,2022-06-29,2020,50365,513,3,5,5,1928,0,0,0,NA,0,503,CORDARY AV,135TH ST,80,S,N,A,-,N,NA,NA,NA,NA,NA,NA,NA,NA,NA,N,4,0,1,2,A,-,17,22517,NA,N,B,C,A,A,H,-,C,D,0,NA,NA,NA,NA,Y,NA,A,01,0,0,1,0,0,0,0,0,0,-,-,33.90919876098633,-118.34175872802734,LOS ANGELES,HAWTHORNE,-118.34172058105467,33.90895080566406
9482110,2022,2022-08-11,1900,2022-06-25,1054,625511,0451,6,5,6,1949,0,0,0,NA,0,43T1,IMPERIAL HWY,FIRESTONE BL,0,NA,Y,A,-,N,NA,NA,NA,NA,NA,NA,NA,NA,NA,Y,4,0,1,2,A,-,00,21001,A,N,D,C,A,A,H,-,A,A,0,NA,NA,NA,NA,Y,NA,A,01,0,0,1,0,0,0,0,0,0,-,-,NA,NA,LOS ANGELES,NORWALK,-118.09017181396484,33.9171028137207
9482113,2022,2022-08-11,1900,2022-06-10,1230,659180,1126,5,5,6,1992,0,0,0,NA,0,111T4,15TH ST WEST,AVENU J,0,NA,Y,A,-,N,NA,NA,NA,NA,NA,NA,NA,NA,NA,Y,4,0,2,2,A,-,03,22350,NA,N,D,C,A,A,H,-,A,A,0,NA,NA,NA,NA,Y,NA,A,01,0,0,2,0,0,0,0,0,0,-,-,NA,NA,LOS ANGELES,LANCASTER,-118.15684509277344,34.689430236816406
9482114,2022,2022-08-11,1900,2022-06-20,0945,659186,1126,1,5,6,1992,0,0,0,NA,0,111T4,AVENUE L,RT 10,0,NA,Y,A,-,N,NA,NA,NA,NA,NA,NA,NA,NA,NA,Y,4,0,2,2,A,-,12,21453,A,N,D,D,A,A,H,-,A,A,0,NA,NA,NA,NA,Y,NA,A,01,0,0,2,0,0,0,0,0,0,-,SF,NA,NA,LOS ANGELES,LANCASTER,-118.14784240722656,34.660369873046875
94821355,2025,2025-08-28,9575,2025-08-19,1749,021879,NA,2,2,6,1912,0,1,3,NA,2,044,SR-134 E/B (VENTURA FREEWAY),RIVERSIDE DR.,950,E,N,A,-,Y,LA,NA,134,NA,NA,3.11,H,NA,R,N,4,0,1,2,A,-,01,23152,A,N,C,C,A,A,H,-,A,D,0,NA,NA,NA,NA,Y,Y,A,01,0,0,1,0,0,0,0,0,0,-,-,34.15414810180664,-118.32321166992188,LOS ANGELES,BURBANK,-118.3232192993164,34.1541748046875
94821362,2025,2025-08-28,9580,2025-08-21,1515,022799,NA,4,2,7,1942,0,1,3,NA,2,116,SR-118 E/B (RONALD REAGAN FWY.),BALBOA BLVD,1056,W,N,A,-,Y,LA,NA,118,NA,R,7.472,H,NA,R,N,4,0,2,2,D,-,00,NA,NA,N,C,C,A,A,H,-,A,D,0,NA,NA,NA,NA,Y,NA,-,-,0,0,2,0,0,0,0,0,0,-,-,34.277748107910156,-118.50791168212892,LOS ANGELES,LOS ANGELES,-118.50791168212892,34.277854919433594
94821378,2025,2025-08-28,9530,2025-08-18,2050,024533,NA,1,2,7,1941,0,1,1,NA,2,072,I-710 S/B TO I-405 S/B,I-405 S/B (SAN DIEGO FREEWAY),375,S,N,A,-,Y,NA,NA,NA,NA,NA,NA,NA,NA,NA,Y,3,0,1,1,A,-,03,22350,NA,N,F,A,A,A,H,-,C,D,0,NA,NA,Y,NA,Y,NA,C,02,0,1,0,0,0,0,0,0,1,-,-,33.82537078857422,-118.20835876464844,LOS ANGELES,LONG BEACH,-118.20734405517578,33.82569122314453
94821381,2025,2025-08-28,9530,2025-08-17,1900,024151,NA,7,2,9,1900,0,3,5,NA,2,001,FIRESTONE BLVD.,ALAMEDA ST.,0,NA,Y,A,-,N,NA,NA,NA,NA,NA,NA,NA,NA,NA,N,4,0,1,2,A,-,09,21801,A,N,D,C,A,A,H,-,A,A,0,NA,NA,NA,NA,Y,NA,A,01,0,0,1,0,0,0,0,0,0,-,-,33.95777130126953,-118.23113250732422,LOS ANGELES,UNINCORPORATED,-118.2310791015625,33.95779037475586
94821390,2025,2025-08-28,9550,2025-08-19,1805,023321,NA,2,2,5,1908,0,1,3,NA,2,091,STATE ROUTE 91 EASTBOUND,LAKEWOOD BOULEVARD,1320,W,N,A,-,Y,LA,NA,91,NA,R,14.358,H,NA,R,N,4,0,1,2,A,-,07,21658,A,N,B,C,A,A,H,-,A,D,0,NA,NA,NA,Y,Y,NA,F,25,0,0,1,0,0,0,0,0,0,-,-,33.87697982788086,-118.14714050292967,LOS ANGELES,BELLFLOWER,-118.14714050292967,33.87699508666992
94821391,2025,2025-08-28,9530,2025-08-18,1540,023673,NA,1,2,9,1900,0,3,5,NA,2,003,WHITE AVE.,ALONDRA BLVD.,215,N,N,A,-,N,NA,NA,NA,NA,NA,NA,NA,NA,NA,N,4,0,1,5,A,-,08,22107,NA,N,B,E,A,A,H,-,A,D,0,NA,NA,NA,NA,Y,Y,D,22,0,0,1,0,0,0,0,0,0,-,-,33.88945007324219,-118.1951904296875,LOS ANGELES,UNINCORPORATED,-118.19515991210938,33.889339447021484
94821395,2025,2025-08-28,9550,2025-08-19,1410,023609,NA,2,2,5,1976,0,1,1,NA,2,650,I-605 NORTHBOUND,OBREGON STREET,190,S,N,A,-,Y,LA,NA,605,NA,R,13.941,H,NA,R,Y,4,0,1,4,A,-,03,22350,NA,F,C,C,A,A,H,-,A,D,0,NA,NA,NA,Y,Y,NA,-,99,0,0,1,0,0,0,0,0,0,-,-,33.99871826171875,-118.0679168701172,LOS ANGELES,WHITTIER,-118.06786346435548,33.99871063232422
94821411,2025,2025-08-28,9530,2025-08-19,702,017755,NA,2,1,5,1977,0,1,1,NA,2,410,I-405 S/B (SAN DIEGO FREEWAY),CARSON ST.,1696,S,N,B,-,Y,NA,NA,NA,NA,NA,NA,NA,NA,NA,Y,3,0,1,2,A,-,03,22350,NA,N,C,C,A,A,H,-,A,D,0,NA,NA,NA,NA,Y,NA,A,01,0,1,0,0,0,0,0,0,0,-,-,33.82749938964844,-118.25292205810548,LOS ANGELES,CARSON,-118.25270080566406,33.82828140258789
94821425,2025,2025-08-28,9525,2025-08-20,1255,022627,NA,3,1,6,1955,0,1,1,NA,2,110,I-10 E/B TO TOWNE AVE,TOWNE AVE,45,W,N,A,-,Y,LA,NA,10,NA,NA,46.378,H,NA,R,N,4,0,1,3,A,-,03,22350,NA,N,C,C,A,A,H,-,A,A,0,NA,NA,NA,NA,Y,NA,A,07,0,0,1,0,0,0,0,0,0,-,-,34.07767105102539,-117.74211883544922,LOS ANGELES,POMONA,-117.74224853515624,34.07788848876953
94821427,2025,2025-08-28,9525,2025-08-19,1955,024526,NA,2,2,1,1934,0,1,1,NA,2,651,I-605 S/B (SAN GABRIEL RIVER FWY),I-10 W/B (SAN BERNARDINO FWY),2640,N,N,A,-,Y,LA,NA,605,NA,NA,20.647,H,NA,L,Y,4,0,2,3,A,-,03,22350,NA,N,C,C,A,A,H,-,C,D,0,NA,NA,NA,NA,Y,NA,A,01,0,0,2,0,0,0,0,0,0,-,-,34.07162857055664,-118.00003051757813,LOS ANGELES,IRWINDALE,-118.00001525878906,34.071624755859375
94821432,2025,2025-08-28,9580,2025-08-19,915,018431,NA,2,1,7,1942,0,1,3,NA,2,117,SR-118 W/B (RONALD REAGAN FWY),ZELZAH AVE.,100,W,N,A,-,Y,LA,NA,118,NA,R,6.552,H,NA,L,N,4,0,1,3,A,-,07,21658,A,M,C,A,A,A,H,-,A,D,0,NA,NA,NA,NA,Y,NA,-,99,0,0,1,0,0,0,0,0,0,-,-,34.27840042114258,-118.52404022216795,LOS ANGELES,LOS ANGELES,-118.52404022216795,34.27837371826172
94821467,2025,2025-08-28,9530,2025-08-19,2310,024533,NA,2,3,9,1900,0,3,5,NA,2,001,FIRESTONE BLVD. (1900 BLOCK),ELM STREET,15,E,N,A,-,N,NA,NA,NA,NA,NA,NA,NA,NA,NA,Y,4,0,1,1,A,-,08,22107,NA,N,E,I,A,A,H,-,C,D,0,NA,NA,NA,NA,Y,NA,A,07,0,0,1,0,0,0,0,0,0,-,-,33.96001052856445,-118.23844909667967,LOS ANGELES,UNINCORPORATED,-118.23848724365234,33.960140228271484
94821475,2025,2025-08-28,9575,2025-08-22,1715,024136,NA,5,2,7,1942,0,1,1,NA,2,061,I-210 W/B (FOOTHILL FREEWAY),SUNLAND BLVD,700,W,N,A,-,Y,LA,NA,210,NA,R,10.947,H,NA,L,N,4,0,2,2,A,-,03,22350,NA,M,C,2,A,A,H,-,A,D,0,NA,NA,NA,NA,Y,Y,-,99,0,0,2,0,0,0,0,0,0,-,-,34.26155090332031,-118.33151245117188,LOS ANGELES,LOS ANGELES,-118.33145904541016,34.26158142089844
94821480,2025,2025-08-28,9530,2025-08-19,950,023797,NA,2,1,9,1900,0,3,5,NA,2,001,ALAMEDA ST.,NADEAU ST,0,NA,Y,A,-,N,NA,NA,NA,NA,NA,NA,NA,NA,NA,N,4,0,1,2,A,-,09,21801,A,N,A,C,A,A,H,-,A,A,0,NA,NA,NA,NA,Y,NA,D,22,0,0,1,0,0,0,0,0,0,-,-,33.96746063232422,-118.23319244384766,LOS ANGELES,UNINCORPORATED,-118.23322296142578,33.96744918823242
94821488,2025,2025-08-28,9530,2025-08-19,1015,022978,NA,2,1,9,1900,0,1,1,NA,2,210,I-105 W/B TO CENTRAL AVENUE,CENTRAL AVENUE,15,E,N,A,-,Y,NA,NA,NA,NA,NA,NA,NA,NA,NA,N,4,0,2,2,A,-,03,22350,NA,M,C,C,A,A,H,-,A,A,0,NA,NA,NA,NA,Y,NA,-,99,0,0,2,0,0,0,0,0,0,-,-,33.92866134643555,-118.25411224365234,LOS ANGELES,UNINCORPORATED,-118.25370025634766,33.92829895019531
94821489,2025,2025-08-28,9575,2025-08-26,1240,017722,NA,2,1,6,1953,0,1,1,NA,2,063,I-210 W/B (FOOTHILL FREEWAY) TO LINCOLN AVE.,LINCOLN AVE.,25,E,N,A,-,Y,NA,NA,NA,NA,NA,NA,NA,NA,NA,N,4,0,1,2,A,-,21,22106,NA,N,C,C,A,A,H,-,A,A,0,NA,NA,NA,NA,Y,NA,A,08,0,0,1,0,0,0,0,0,0,-,-,34.17498016357422,-118.15943145751952,LOS ANGELES,PASADENA,-118.15999603271484,34.17473602294922
94821495,2025,2025-09-22,9580,2025-08-23,1842,023717,NA,6,2,7,1942,0,1,2,NA,2,102,US-101 N/B (VENTURA FREEWAY),HASKELL AVE,30,S,N,A,-,Y,LA,NA,101,NA,NA,17.587,H,NA,R,Y,2,0,4,1,A,-,03,22350,NA,N,E,J,A,A,H,-,A,D,0,NA,NA,NA,NA,Y,NA,A,01,2,2,0,0,0,0,0,0,0,-,-,34.16529846191406,-118.47476959228516,LOS ANGELES,LOS ANGELES,-118.47481536865234,34.16518020629883
94821523,2025,2025-08-28,9530,2025-08-19,814,024399,NA,2,1,7,1941,0,1,1,NA,2,420,I-405 S/B (SAN DIEGO FREEWAY),I-710,300,W,N,B,-,Y,LA,NA,405,NA,NA,7.844,H,NA,L,Y,3,0,1,2,A,-,03,22350,NA,N,C,C,A,A,H,-,A,D,0,NA,NA,NA,NA,Y,NA,A,01,0,1,0,0,0,0,0,0,0,-,-,33.826141357421875,-118.21172332763672,LOS ANGELES,LONG BEACH,-118.21173095703124,33.826168060302734
94821524,2025,2025-08-28,9535,2025-08-18,1830,024302,NA,1,2,9,1900,0,1,1,NA,2,650,I-605 N/B (SAN GABRIEL RIVER FREEWAY),VALLEY BLVD,792,S,N,A,-,Y,LA,NA,605,NA,R,19.252,H,NA,R,N,4,0,3,3,A,-,03,22350,NA,M,C,C,A,A,H,-,A,D,0,NA,NA,NA,NA,Y,NA,A,07,0,0,3,0,0,0,0,0,0,-,-,34.05221939086914,-118.00525665283205,LOS ANGELES,UNINCORPORATED,-118.00527954101564,34.05222702026367
94821544,2025,2025-10-01,9540,2025-08-18,739,019254,NA,1,1,6,1985,1,4,S,NA,2,901,SAND CANYON ROAD,SOLEDAD CANYON ROAD,0,NA,Y,A,-,N,NA,NA,NA,NA,NA,NA,NA,NA,NA,N,4,0,2,2,A,-,08,22100,B,N,B,C,A,A,H,-,A,D,0,NA,NA,NA,NA,Y,NA,D,22,0,0,2,0,0,0,0,0,0,-,-,34.42694854736328,-118.42372894287108,LOS ANGELES,SANTA CLARITA,-118.42371368408205,34.426918029785156
94821547,2025,2025-08-28,9530,2025-08-20,1522,023590,NA,3,2,9,1900,0,3,5,NA,2,005,MANHATTAN BEACH BLVD.,CRENSHAW BLVD.,0,NA,Y,A,-,N,NA,NA,NA,NA,NA,NA,NA,NA,NA,N,4,0,1,2,A,-,09,21801,A,N,B,C,A,A,H,-,A,A,0,NA,NA,NA,NA,Y,NA,A,01,0,0,1,0,0,0,0,0,0,-,-,33.88750076293945,-118.32642364501952,LOS ANGELES,UNINCORPORATED,-118.3265380859375,33.887393951416016
94821555,2025,2025-08-28,9550,2025-08-20,2115,022600,NA,3,2,9,1900,0,3,5,NA,2,005,PATHFINDER ROAD,ANNADEL AVENUE,0,NA,Y,A,-,N,NA,NA,NA,NA,NA,NA,NA,NA,NA,N,3,0,1,2,A,-,09,21800,A,N,D,C,A,A,H,-,C,A,0,NA,NA,NA,NA,Y,NA,A,01,0,1,0,0,0,0,0,0,0,-,-,33.97542190551758,-117.8793716430664,LOS ANGELES,UNINCORPORATED,-117.8793487548828,33.97534942626953
94821558,2025,2025-08-28,9530,2025-08-20,1715,022716,NA,3,2,7,1941,0,1,1,NA,2,420,NB I-405,LONG BEACH BLVD,485,N,N,A,-,Y,LA,NA,405,NA,NA,6.598,H,NA,R,Y,4,0,1,1,A,-,07,21658,A,N,F,A,A,A,H,-,A,D,0,NA,NA,Y,NA,Y,NA,C,02,0,0,1,0,0,0,0,0,1,-,-,33.81983947753906,-118.1921615600586,LOS ANGELES,LONG BEACH,-118.19214630126952,33.81985092163086
94821588,2025,2025-08-28,9590,2025-08-14,1725,022088,NA,4,2,7,1942,0,1,1,NA,2,062,I-10 E/B (SANTA MONICA FREEWAY),HOOPER STREET,80,E,N,A,-,Y,LA,NA,10,NA,NA,16.812,H,NA,R,N,2,0,1,2,A,-,08,22107,NA,N,B,C,A,A,H,-,A,D,0,NA,NA,Y,NA,Y,NA,C,02,1,0,0,0,0,0,0,0,1,-,-,34.02375030517578,-118.24430847167967,LOS ANGELES,LOS ANGELES,-118.24432373046876,34.0236930847168
94821604,2025,2025-08-28,9540,2025-08-23,1125,021762,NA,6,1,9,1900,0,1,1,NA,1,503,I-5 S/B (GOLDEN STATE FREEWAY),WELDON CANYON RD,200,N,N,A,-,Y,LA,NA,5,NA,R,46.627,H,NA,L,N,4,0,1,3,A,-,07,21658,A,N,B,C,A,A,H,-,A,D,0,NA,NA,NA,NA,Y,NA,A,01,0,0,1,0,0,0,0,0,0,-,-,34.34109878540039,-118.52375793457033,LOS ANGELES,UNINCORPORATED,-118.52377319335938,34.341026306152344
94821606,2025,2025-08-28,9540,2025-08-20,805,020678,NA,3,1,6,1985,0,1,1,NA,2,506,I-5 N/B (GOLDEN STATE FWY),RYE CANYON RD,500,N,N,A,-,Y,LA,NA,5,NA,R,54.469,H,NA,R,Y,4,0,2,2,A,-,03,22350,NA,N,C,C,A,A,H,-,A,D,0,NA,NA,NA,Y,Y,NA,A,07,0,0,2,0,0,0,0,0,0,-,-,34.43476104736328,-118.59219360351564,LOS ANGELES,SANTA CLARITA,-118.59220886230467,34.43474197387695