CASE_ID,ACCIDENT_YEAR,PROC_DATE,JURIS,COLLISION_DATE,COLLISION_TIME,OFFICER_ID,REPORTING_DISTRICT,DAY_OF_WEEK,CHP_SHIFT,POPULATION,CNTY_CITY_LOC,SPECIAL_COND,BEAT_TYPE,CHP_BEAT_TYPE,CITY_DIVISION_LAPD,CHP_BEAT_CLASS,BEAT_NUMBER,PRIMARY_RD,SECONDARY_RD,DISTANCE,DIRECTION,INTERSECTION,WEATHER_1,WEATHER_2,STATE_HWY_IND,CALTRANS_COUNTY,CALTRANS_DISTRICT,STATE_ROUTE,ROUTE_SUFFIX,POSTMILE_PREFIX,POSTMILE,LOCATION_TYPE,RAMP_INTERSECTION,SIDE_OF_HWY,TOW_AWAY,COLLISION_SEVERITY,NUMBER_KILLED,NUMBER_INJURED,PARTY_COUNT,PRIMARY_COLL_FACTOR,PCF_CODE_OF_VIOL,PCF_VIOL_CATEGORY,PCF_VIOLATION,PCF_VIOL_SUBSECTION,HIT_AND_RUN,TYPE_OF_COLLISION,MVIW,PED_ACTION,ROAD_SURFACE,ROAD_COND_1,ROAD_COND_2,LIGHTING,CONTROL_DEVICE,CHP_ROAD_TYPE,PEDESTRIAN_ACCIDENT,BICYCLE_ACCIDENT,MOTORCYCLE_ACCIDENT,TRUCK_ACCIDENT,NOT_PRIVATE_PROPERTY,ALCOHOL_INVOLVED,STWD_VEHTYPE_AT_FAULT,CHP_VEHTYPE_AT_FAULT,COUNT_SEVERE_INJ,COUNT_VISIBLE_INJ,COUNT_COMPLAINT_PAIN,COUNT_PED_KILLED,COUNT_PED_INJURED,COUNT_BICYCLIST_KILLED,COUNT_BICYCLIST_INJURED,COUNT_MC_KILLED,COUNT_MC_INJURED,PRIMARY_RAMP,SECONDARY_RAMP,LATITUDE,LONGITUDE,COUNTY,CITY,POINT_X,POINT_Y
94827291,2025,2025-09-02,9525,2025-08-23,2137,024045,NA,6,2,5,1990,0,1,3,NA,2,602,SR-60 E/B (POMONA FWY),LEMON AVE.,1000,E,N,A,-,Y,LA,NA,60,NA,R,23.087,H,NA,R,N,4,0,4,2,A,-,03,22350,NA,N,E,8,A,A,H,-,C,D,0,NA,NA,NA,NA,Y,NA,A,01,0,0,4,0,0,0,0,0,0,-,-,34.000980377197266,-117.84303283691406,LOS ANGELES,DIAMOND BAR,-117.84300994873048,34.00090026855469
94827300,2025,2025-09-02,9575,2025-08-20,520,024142,NA,3,3,7,1942,0,1,1,NA,2,061,I-210 W/B (FOOTHILL FREEWAY),ORCAS AVE.,395,E,N,A,-,Y,LA,NA,210,NA,R,8.642,H,NA,L,Y,2,0,4,3,A,-,03,22350,NA,N,G,2,E,A,H,-,D,D,0,Y,NA,NA,NA,Y,NA,A,01,3,1,0,0,1,0,0,0,0,-,-,34.273780822753906,-118.3668975830078,LOS ANGELES,LOS ANGELES,-118.36690521240234,34.273746490478516
94827305,2025,2025-09-02,9535,2025-07-29,800,024280,NA,2,1,4,1962,0,1,1,NA,2,400,INTERSTATE 10 E/B (SAN BERNARDINO FREEWAY),DEL MAR AVENUE,686,W,N,A,-,Y,LA,NA,10,NA,NA,25.193,H,NA,R,N,4,0,1,4,A,-,03,22350,NA,N,C,C,A,A,H,-,A,D,0,NA,NA,NA,NA,Y,NA,A,01,0,0,1,0,0,0,0,0,0,-,-,34.071781158447266,-118.10204315185548,LOS ANGELES,SAN GABRIEL,-118.10203552246094,34.07169723510742
94827306,2025,2025-09-02,9535,2025-08-18,710,024280,NA,1,1,5,1906,0,1,1,NA,2,650,INTERSTATE 605 N/B (SAN GABRIEL RIVER FREEWAY),VALLEY BLVD,1584,N,N,A,-,Y,LA,NA,605,NA,R,19.71,H,NA,R,Y,4,0,1,2,A,-,08,22107,NA,F,E,I,A,A,H,-,A,D,0,NA,NA,NA,NA,Y,NA,-,99,0,0,1,0,0,0,0,0,0,-,-,34.058380126953125,-118.00199127197266,LOS ANGELES,BALDWIN PARK,-118.0019073486328,34.058349609375
94827319,2025,2025-09-12,9525,2025-08-29,730,024155,NA,5,1,9,1900,0,3,5,NA,2,002,SUNFLOWER AVE,COVINA BLVD,0,NA,Y,A,-,N,NA,NA,NA,NA,NA,NA,NA,NA,NA,Y,3,0,4,3,A,-,12,22450,A,N,D,2,A,A,H,-,A,A,0,NA,NA,NA,NA,Y,NA,D,22,0,1,3,0,0,0,0,0,0,-,-,34.099388122558594,-117.84642028808594,LOS ANGELES,UNINCORPORATED,-117.8463897705078,34.09944152832031
94827326,2025,2025-09-03,9525,2025-08-22,1738,023814,NA,5,2,4,1913,0,1,1,NA,2,109,I-10 W/B (SAN BERNARDINO FWY),INDIAN HILL BLVD,1320,E,N,A,-,Y,LA,NA,10,NA,NA,48.01,H,NA,L,N,4,0,1,2,A,-,03,22350,NA,N,C,C,A,A,H,-,A,D,0,NA,NA,NA,NA,Y,NA,A,01,0,0,1,0,0,0,0,0,0,-,-,34.08198165893555,-117.7147216796875,LOS ANGELES,CLAREMONT,-117.7147216796875,34.08193588256836
94827328,2025,2025-09-03,9550,2025-08-24,1113,016761,NA,7,1,5,1919,0,1,3,NA,2,091,STATE ROUTE 91 W/B (ARTESIA FREEWAY),GRIDLEY ROAD,230,W,N,A,-,Y,LA,NA,91,NA,R,17.523,H,NA,L,Y,3,0,1,3,A,-,03,22350,NA,N,C,C,A,A,H,-,A,D,0,NA,NA,NA,NA,Y,NA,A,01,0,1,0,0,0,0,0,0,0,-,-,33.8765983581543,-118.09236145019533,LOS ANGELES,CERRITOS,-118.09236145019533,33.876461029052734
94827330,2025,2025-09-03,9525,2025-08-29,910,024349,NA,5,1,5,1990,0,1,3,NA,2,571,SR-57 S/B (ORANGE FWY),SUNSET CROSSING RD,1056,N,N,A,-,Y,LA,NA,57,NA,NA,5.207,H,NA,L,Y,4,0,1,2,A,-,03,22350,NA,N,C,C,A,A,H,-,A,D,0,NA,NA,NA,NA,Y,NA,A,07,0,0,1,0,0,0,0,0,0,-,-,34.0317497253418,-117.80992126464844,LOS ANGELES,DIAMOND BAR,-117.80987548828124,34.03173065185547
94827332,2025,2025-09-03,9550,2025-08-23,110,024157,NA,6,3,6,1920,0,1,1,NA,2,500,INTERSTATE 5 (SANTA ANA FREEWAY) S/B,LAKEWOOD BOULEVARD,1056,S,N,A,-,Y,LA,NA,5,NA,NA,8.106,H,NA,L,Y,4,0,2,2,A,-,03,22350,NA,N,C,C,A,A,H,-,C,D,0,NA,NA,NA,NA,Y,NA,A,01,0,0,2,0,0,0,0,0,0,-,-,33.955928802490234,-118.1091537475586,LOS ANGELES,DOWNEY,-118.10916137695313,33.95591735839844
94827353,2025,2025-09-03,9535,2025-09-01,1917,024620,NA,1,2,5,1947,0,1,3,NA,2,601,SR-60 W/B TO POMONA BLVD,MARKLAND DR,385,W,N,A,-,Y,NA,NA,NA,NA,NA,NA,NA,NA,NA,Y,3,0,2,1,A,-,08,22107,NA,N,E,I,A,A,H,-,C,D,0,NA,NA,NA,NA,Y,NA,A,07,0,1,1,0,0,0,0,0,0,-,-,34.03364181518555,-118.11924743652344,LOS ANGELES,MONTEBELLO,-118.11923980712892,34.03337478637695
94827365,2025,2025-09-03,9535,2025-04-05,1845,023375,NA,6,2,9,1900,0,1,1,NA,2,071,I-710 S/B (LONG BEACH FREEWAY),3RD STREET,45,S,N,A,-,Y,LA,NA,710,NA,NA,24.449,H,NA,L,N,4,0,1,3,A,-,08,22107,NA,F,B,C,A,A,H,-,A,D,0,NA,NA,Y,NA,Y,NA,A,01,0,0,1,0,0,0,0,0,1,-,-,34.0330696105957,-118.17027282714844,LOS ANGELES,UNINCORPORATED,-118.17021942138672,34.03306198120117
94827368,2025,2025-09-03,9535,2025-03-16,150,023704,NA,7,3,5,1915,0,1,1,NA,2,075,I-710 S/B (LONG BEACH FREEWAY),ALONDRA BLVD.,955,N,N,A,-,Y,LA,NA,710,NA,NA,14.139,H,NA,L,Y,3,0,1,2,A,-,01,23152,A,N,E,8,A,A,H,-,D,D,0,NA,NA,NA,NA,Y,Y,A,01,0,1,0,0,0,0,0,0,0,-,-,33.891788482666016,-118.18826293945313,LOS ANGELES,COMPTON,-118.18837738037108,33.89180374145508
94827372,2025,2025-09-03,9535,2025-03-16,215,023704,NA,7,3,5,1915,0,1,1,NA,2,075,I-710 S/B (LONG BEACH FREEWAY),ALONDRA BLVD,585,N,N,A,-,Y,LA,NA,710,NA,NA,14.061,H,NA,L,Y,3,0,1,2,A,-,01,23152,A,N,C,C,A,A,H,-,D,D,0,NA,NA,NA,NA,Y,Y,A,01,0,1,0,0,0,0,0,0,0,-,-,33.890708923339844,-118.188720703125,LOS ANGELES,COMPTON,-118.1885986328125,33.890689849853516
94827388,2025,2025-09-03,9535,2025-07-26,150,022059,NA,6,3,5,1906,0,1,1,NA,2,650,I-605 N/B,I-10 (SAN BERNARDINO FREEWAY) W/B,190,N,N,A,-,Y,LA,NA,605,NA,NA,20.243,H,NA,R,Y,4,0,1,1,A,-,01,23152,A,M,E,I,A,A,H,-,C,D,0,NA,NA,NA,NA,Y,Y,A,01,0,0,1,0,0,0,0,0,0,-,-,34.065940856933594,-117.99994659423828,LOS ANGELES,BALDWIN PARK,-118.0001983642578,34.06591033935547
9482761,2022,2022-07-26,1966,2022-06-10,1420,117,7,5,5,3,1966,0,0,0,NA,0,NA,SIERRA MADRE BL,HOLDMAN AV,0,NA,Y,A,-,N,NA,NA,NA,NA,NA,NA,NA,NA,NA,Y,4,0,1,1,C,-,18,NA,NA,N,E,I,A,A,H,-,A,D,0,NA,NA,NA,NA,Y,NA,-,-,0,0,1,0,0,0,0,0,0,-,-,NA,NA,LOS ANGELES,SIERRA MADRE,-118.04441833496094,34.161930084228516
9482764,2022,2022-07-26,1966,2022-06-03,1632,11014,7,5,5,3,1966,0,0,0,NA,0,NA,RANCHO RD,ORANGE GROVE AV,0,NA,Y,A,-,N,NA,NA,NA,NA,NA,NA,NA,NA,NA,Y,4,0,1,2,A,-,09,21802,A,N,D,C,A,A,H,-,A,A,0,NA,NA,NA,NA,Y,NA,A,01,0,0,1,0,0,0,0,0,0,-,-,NA,NA,LOS ANGELES,SIERRA MADRE,-118.0410385131836,34.157230377197266
9482769,2022,2022-07-26,1900,2022-06-27,1935,533418,2318,1,5,5,1919,0,0,0,NA,0,230T,NORWALK BL,PALM ST,112,S,N,A,-,N,NA,NA,NA,NA,NA,NA,NA,NA,NA,N,4,0,3,4,A,-,21,22106,NA,N,C,C,A,A,H,-,A,A,0,NA,NA,NA,NA,Y,NA,A,01,0,0,3,0,0,0,0,0,0,-,-,33.87504959106445,-118.07254028320313,LOS ANGELES,CERRITOS,-118.07254791259766,33.87493133544922
9482770,2022,2022-08-30,1900,2022-06-22,2049,524226,2316,3,5,5,1919,0,0,0,NA,0,234,183RD ST,CARMENITA RD,0,NA,Y,A,-,N,NA,NA,NA,NA,NA,NA,NA,NA,NA,Y,4,0,2,3,A,-,12,21453,A,N,D,C,A,A,H,-,C,A,0,NA,NA,NA,NA,Y,NA,A,07,0,0,2,0,0,0,0,0,0,-,-,NA,NA,LOS ANGELES,CERRITOS,-118.0464096069336,33.86592102050781
9482772,2022,2022-07-26,1900,2022-06-27,0834,546537,2319,1,5,5,1919,0,0,0,NA,0,230T,166TH ST,MARQUARDT AV,0,NA,Y,A,-,N,NA,NA,NA,NA,NA,NA,NA,NA,NA,Y,3,0,2,2,A,-,12,21453,A,N,D,C,A,-,H,-,A,A,0,NA,NA,NA,NA,Y,NA,A,01,0,1,1,0,0,0,0,0,0,-,-,33.88064956665039,-118.03780364990234,LOS ANGELES,CERRITOS,-118.03778839111328,33.88057327270508
9482779,2022,2022-07-26,1906,2022-06-20,1845,4451,NA,1,5,5,1906,0,0,0,NA,0,001,RAMONA BL,MERCED AV,0,NA,Y,A,-,N,NA,NA,NA,NA,NA,NA,NA,NA,NA,Y,4,0,1,2,A,-,09,21801,NA,N,D,C,A,A,H,-,A,A,0,NA,NA,NA,NA,Y,NA,A,01,0,0,1,0,0,0,0,0,0,-,-,NA,NA,LOS ANGELES,BALDWIN PARK,-117.97273254394533,34.08351135253906
94827868,2025,2025-09-03,9550,2025-08-26,2001,023609,NA,2,2,9,1900,0,1,3,NA,2,600,STATE ROUTE 60 WESTBOUND (POMONA FREEWAY),WORKMAN MILL ROAD,1300,E,N,A,-,Y,LA,NA,60,NA,NA,12.223,H,NA,L,Y,3,0,3,4,A,-,03,22350,NA,F,C,2,A,A,H,-,C,D,0,NA,NA,NA,NA,Y,NA,D,22,0,1,2,0,0,0,0,0,0,-,-,34.03044128417969,-118.01908111572266,LOS ANGELES,UNINCORPORATED,-118.01911163330078,34.0303955078125
94827885,2025,2025-09-03,9545,2025-08-13,1225,024553,NA,3,1,9,1900,0,3,5,NA,2,004,165TH STREET EAST,AVENUE T,0,NA,Y,A,-,N,NA,NA,NA,NA,NA,NA,NA,NA,NA,Y,3,0,3,2,A,-,09,21802,A,N,D,C,A,A,H,-,A,A,0,NA,NA,NA,NA,Y,NA,A,07,0,1,2,0,0,0,0,0,0,-,-,34.54243850708008,-117.83560943603516,LOS ANGELES,UNINCORPORATED,-117.83559417724608,34.542449951171875
94827888,2025,2025-09-03,9525,2025-08-31,1820,024091,NA,7,2,9,1900,0,3,5,NA,2,003,GEMINI STREET,AZUSA AVE,124,E,N,A,-,N,NA,NA,NA,NA,NA,NA,NA,NA,NA,Y,4,0,1,3,A,-,08,22107,NA,N,B,C,A,A,H,-,A,D,0,NA,NA,NA,NA,Y,NA,A,07,0,0,1,0,0,0,0,0,0,-,-,34.01847839355469,-117.91956329345705,LOS ANGELES,UNINCORPORATED,-117.91976165771484,34.01850891113281
94827896,2025,2026-02-24,9545,2025-08-22,1704,024553,NA,5,2,9,1900,0,1,3,NA,1,012,SR-138,60TH STREET WEST,0,NA,Y,A,-,Y,LA,NA,138,NA,NA,33.076,H,NA,R,Y,4,0,2,2,A,-,03,22350,NA,N,B,C,A,A,H,-,A,D,0,NA,NA,NA,NA,Y,NA,M,59,0,0,2,0,0,0,0,0,0,-,-,34.776668548583984,-118.23738098144533,LOS ANGELES,UNINCORPORATED,-118.23738098144533,34.77666091918945
9482791,2022,2022-08-02,1900,2022-07-01,2300,632890,2318,5,5,5,1919,0,0,0,NA,0,230T,BLOOMFIELD AV,ARTESIA BL,254,S,N,A,-,N,NA,NA,NA,NA,NA,NA,NA,NA,NA,Y,3,0,4,2,A,-,12,21453,A,N,D,C,A,A,-,-,C,A,0,NA,NA,NA,NA,Y,NA,A,01,0,2,2,0,0,0,0,0,0,-,-,NA,NA,LOS ANGELES,CERRITOS,-118.06393432617188,33.87237548828125
94827936,2025,2025-09-03,9530,2025-08-21,755,022978,NA,4,1,9,1900,0,1,1,NA,2,110,I-110 S/B (HARBOR FREEWAY),149TH STREET,245,S,N,A,-,Y,LA,NA,110,NA,NA,11.461,H,NA,L,N,4,0,1,2,A,-,03,22350,NA,N,C,C,A,A,H,-,A,D,0,NA,NA,NA,NA,Y,NA,A,01,0,0,1,0,0,0,0,0,0,-,-,33.8957405090332,-118.28623962402344,LOS ANGELES,UNINCORPORATED,-118.28620910644533,33.89574432373047
9482794,2022,2022-08-02,1900,2022-07-05,1300,546537,2314,2,5,5,1919,0,0,0,NA,0,230T,CARMENITA RD,SOUTH ST,130,S,N,A,-,N,NA,NA,NA,NA,NA,NA,NA,NA,NA,N,3,0,1,2,A,-,08,22107,NA,M,D,G,A,A,H,-,A,D,0,NA,Y,NA,NA,Y,NA,A,07,0,1,0,0,0,0,1,0,0,-,-,33.85818862915039,-118.04637145996094,LOS ANGELES,CERRITOS,-118.04615020751952,33.85881805419922
94827958,2025,2025-09-03,9580,2025-08-27,57,023655,NA,3,3,7,1942,0,1,1,NA,2,406,I-405 N/B (SAN DIEGO FWY),ROSCOE BLVD,2270,S,N,A,-,Y,LA,NA,405,NA,NA,43.333,H,NA,R,Y,3,0,2,3,A,-,03,22350,NA,N,C,C,A,A,H,-,C,D,0,NA,NA,NA,Y,Y,NA,A,01,0,1,1,0,0,0,0,0,0,-,-,34.21501159667969,-118.4731216430664,LOS ANGELES,LOS ANGELES,-118.47315216064452,34.21501159667969
94827987,2025,2025-09-03,9580,2025-08-26,2245,021475,NA,2,3,7,1942,0,1,2,NA,2,104,US-101 N/B (VENTURA FREEWAY)  TO DE SOTO AVE,DE SOTO AVE,330,N,N,A,-,Y,NA,NA,NA,NA,NA,NA,NA,NA,NA,N,4,0,1,2,A,-,08,22107,NA,M,B,2,A,A,H,-,C,D,0,NA,NA,NA,NA,Y,NA,-,99,0,0,1,0,0,0,0,0,0,-,-,34.16836166381836,-118.58698272705078,LOS ANGELES,LOS ANGELES,-118.59062957763672,34.16849136352539
94827988,2025,2025-09-03,9580,2025-08-26,957,024648,NA,2,1,7,1942,0,1,3,NA,2,171,SR-170 S/B (HOLLYWOOD FWY.),VICTORY BLVD,200,N,N,A,-,Y,LA,NA,170,NA,R,17.791,H,NA,L,Y,4,0,2,2,A,-,03,22350,NA,N,C,C,A,A,H,-,A,D,0,NA,NA,NA,NA,Y,NA,A,01,0,0,2,0,0,0,0,0,0,-,-,34.194278717041016,-118.40260314941406,LOS ANGELES,LOS ANGELES,-118.40261840820313,34.194278717041016
9482801,2022,2022-07-27,1942,2022-01-28,2320,40476,2026,5,5,7,1942,0,0,0,NA,0,20A13,VERMONT AV,4TH ST,30,N,N,A,-,N,NA,NA,NA,NA,NA,NA,NA,NA,NA,N,4,0,1,2,A,-,03,22350,NA,F,C,C,A,A,H,-,C,A,0,NA,NA,NA,NA,Y,NA,-,99,0,0,1,0,0,0,0,0,0,-,-,NA,NA,LOS ANGELES,LOS ANGELES,-118.29167175292967,34.067420959472656
9482802,2022,2022-07-27,1942,2022-01-26,0230,40957,2034,3,5,7,1942,0,0,0,NA,0,20A53,NORMANDIE AV,WILSHIRE BL,95,S,N,A,-,N,NA,NA,NA,NA,NA,NA,NA,NA,NA,Y,3,0,2,2,A,-,05,21460,A,N,A,C,A,A,H,-,C,A,0,NA,NA,NA,NA,Y,NA,A,01,0,2,0,0,0,0,0,0,0,-,-,NA,NA,LOS ANGELES,LOS ANGELES,-118.30040740966795,34.06148147583008
9482803,2022,2022-07-27,1942,2022-01-09,0540,30502,2088,7,5,7,1942,0,0,0,NA,0,20XL3,VERMONT AV,VENICE BL,0,NA,Y,A,-,N,NA,NA,NA,NA,NA,NA,NA,NA,NA,N,2,0,1,2,A,-,10,21950,NA,F,B,B,B,A,H,-,C,A,0,Y,NA,NA,NA,Y,NA,-,99,1,0,0,0,1,0,0,0,0,-,-,NA,NA,LOS ANGELES,LOS ANGELES,-118.29159545898438,34.04426574707031
9482804,2022,2022-07-27,1942,2022-01-29,1030,34959,2073,6,5,7,1942,0,0,0,NA,0,27TL29,PICO BL,WESTERN AV,36,E,N,A,-,N,NA,NA,NA,NA,NA,NA,NA,NA,NA,N,4,0,3,3,A,-,07,21658,A,F,B,C,A,A,H,-,A,D,0,NA,NA,NA,NA,Y,NA,-,99,0,0,3,0,0,0,0,0,0,-,-,NA,NA,LOS ANGELES,LOS ANGELES,-118.30892181396484,34.04719924926758
94828049,2025,2025-09-03,9530,2025-08-21,815,024272,NA,4,1,9,1900,0,1,1,NA,2,201,I-105 E/B (GLENN ANDERSON FWY),HARRIS AVE.,200,E,N,A,-,Y,LA,NA,105,NA,R,12.527,H,NA,R,Y,4,0,3,3,A,-,03,22350,NA,N,C,C,A,A,H,-,A,D,0,NA,NA,NA,NA,Y,NA,A,01,0,0,3,0,0,0,0,0,0,-,-,33.91831970214844,-118.19519805908205,LOS ANGELES,UNINCORPORATED,-118.19525146484376,33.918235778808594
9482805,2022,2022-07-27,1942,2022-01-08,0620,34959,2056,6,5,7,1942,0,0,0,NA,0,27TL29,OLYMPIC BL,CATALINA ST,0,NA,Y,B,-,N,NA,NA,NA,NA,NA,NA,NA,NA,NA,Y,4,0,1,2,A,-,12,21453,A,N,D,C,A,A,H,-,B,A,0,NA,NA,NA,NA,Y,NA,A,07,0,0,1,0,0,0,0,0,0,-,-,NA,NA,LOS ANGELES,LOS ANGELES,-118.29473876953124,34.052669525146484
9482806,2022,2022-07-27,1942,2022-01-01,0145,44483,2019,6,5,7,1942,0,0,0,NA,0,20A1,VIRGIL AV,3RD ST,0,NA,Y,A,-,N,NA,NA,NA,NA,NA,NA,NA,NA,NA,N,3,0,1,2,A,-,09,21800,D,N,D,C,A,A,H,-,E,B,0,NA,NA,NA,NA,Y,NA,A,01,0,1,0,0,0,0,0,0,0,-,-,NA,NA,LOS ANGELES,LOS ANGELES,-118.2868194580078,34.06897735595703
94828094,2025,2025-09-03,9590,2025-08-17,100,024222,NA,7,3,7,1942,0,1,2,NA,2,042,US-101 NORTHBOUND (SANTA ANA FREEWAY),CESAR CHAVEZ AVENUE,100,S,N,A,-,Y,LA,NA,10,NA,S,0.091,H,NA,R,N,3,0,1,1,A,-,08,22107,NA,N,E,I,A,A,H,-,C,D,0,NA,NA,NA,NA,Y,NA,A,01,0,1,0,0,0,0,0,0,0,-,-,34.05297088623047,-118.2230224609375,LOS ANGELES,LOS ANGELES,-118.22308349609376,34.05302810668945
94828095,2025,2025-09-03,9590,2025-08-16,2310,024131,NA,6,3,7,1942,0,1,1,NA,2,052,I-110 N/B (HARBOR FREEWAY),30TH STREET,245,N,N,A,-,Y,LA,NA,110,NA,NA,20.516,H,NA,R,Y,2,0,1,2,A,-,07,21658,A,N,C,C,A,A,H,-,D,D,0,NA,NA,Y,NA,Y,NA,C,02,1,0,0,0,0,0,0,0,1,-,-,34.024940490722656,-118.27577972412108,LOS ANGELES,LOS ANGELES,-118.27587127685548,34.02497863769531
94828192,2025,2025-09-03,9590,2025-08-18,157,024131,NA,1,3,7,1942,0,1,1,NA,2,052,I-110 N/B (HAF) TO US-101 N/B (HOF),TEMPLE STREET,415,N,N,A,-,Y,LA,NA,110,NA,NA,23.698,H,NA,R,Y,3,0,2,2,A,-,01,23152,A,N,E,8,A,A,H,-,C,D,0,NA,NA,NA,NA,Y,Y,A,01,0,1,1,0,0,0,0,0,0,-,-,34.062191009521484,-118.24890899658205,LOS ANGELES,LOS ANGELES,-118.2490692138672,34.062313079833984
94828193,2025,2025-09-03,9530,2025-08-21,730,024272,NA,4,1,9,1900,0,1,1,NA,2,210,I-105 E/B FROM WILMINGTON AVE.,WILMINGTON AVE.,100,E,N,A,-,Y,LA,NA,105,NA,R,9.789,H,NA,R,N,4,0,2,2,A,-,03,22350,NA,F,C,C,A,A,H,-,A,D,0,NA,NA,NA,NA,Y,NA,-,99,0,0,2,0,0,0,0,0,0,-,-,33.9279899597168,-118.23934173583984,LOS ANGELES,UNINCORPORATED,-118.23932647705078,33.92817306518555
94828207,2025,2025-09-03,9525,2025-04-19,727,023085,NA,6,1,4,1960,0,1,1,NA,2,207,SR-210 W/B (FOOTHILL FWY),AMELIA AVENUE,1557,E,N,A,-,Y,LA,NA,210,NA,R,44.992,H,NA,L,Y,2,0,8,15,A,-,03,22350,NA,N,C,C,A,A,G,-,A,D,0,NA,NA,NA,Y,Y,NA,G,25,2,2,4,0,0,0,0,0,0,-,-,34.11988067626953,-117.81552886962892,LOS ANGELES,SAN DIMAS,-117.81552886962892,34.11992263793945
94828240,2025,2025-09-03,9530,2025-08-31,1530,024512,NA,7,2,7,1941,0,1,1,NA,2,071,I-710 S/B TO PACIFIC COAST HIGHWAY,PACIFIC COAST HIGHWAY,100,S,N,A,-,Y,LA,NA,710,NA,NA,6.864,H,NA,L,N,4,0,1,1,A,-,01,23152,A,N,E,J,A,A,H,-,A,D,0,NA,NA,NA,NA,Y,Y,A,07,0,0,1,0,0,0,0,0,0,-,-,33.78963851928711,-118.2081298828125,LOS ANGELES,LONG BEACH,-118.20796966552734,33.789649963378906
94828261,2025,2025-09-03,9590,2025-08-18,211,024492,NA,1,3,7,1942,0,1,3,NA,2,030,SR-60 E/B (POMONA FREEWAY),LORENA STREET,600,W,N,A,-,Y,LA,NA,60,NA,R,1.342,H,NA,R,Y,3,0,1,2,A,-,01,23152,A,N,C,C,A,A,H,-,C,D,0,NA,NA,NA,NA,Y,NA,A,01,0,1,0,0,0,0,0,0,0,-,-,34.02901077270508,-118.2021026611328,LOS ANGELES,LOS ANGELES,-118.20207977294922,34.028934478759766
9482833,2022,2022-07-28,1906,2022-07-08,1738,4447,NA,5,5,5,1906,0,0,0,NA,0,003,PACIFIC AV,VINELAND AV,0,NA,Y,A,-,N,NA,NA,NA,NA,NA,NA,NA,NA,NA,Y,4,0,2,2,A,-,12,21453,A,N,D,C,A,A,H,-,A,A,0,NA,NA,NA,NA,Y,NA,A,07,0,0,2,0,0,0,0,0,0,-,-,NA,NA,LOS ANGELES,BALDWIN PARK,-117.95710754394533,34.08275604248047
9482834,2022,2022-07-28,1906,2022-07-10,1807,4450,NA,7,5,5,1906,0,0,0,NA,0,002,LOS ANGELES ST,BALDWIN PARK BL,0,NA,Y,A,-,N,NA,NA,NA,NA,NA,NA,NA,NA,NA,Y,2,0,3,2,A,-,12,21453,NA,N,D,C,A,A,H,-,A,A,0,NA,NA,NA,NA,Y,NA,-,-,1,2,0,0,0,0,0,0,0,-,-,NA,NA,LOS ANGELES,BALDWIN PARK,-117.96494293212892,34.09224319458008
9482835,2022,2022-07-28,1906,2022-07-11,1634,4442,NA,1,5,5,1906,0,0,0,NA,0,003,PACIFIC AV,BIG DALTON AV,166,E,N,A,-,N,NA,NA,NA,NA,NA,NA,NA,NA,NA,Y,3,0,2,2,A,-,03,22350,NA,N,C,C,A,-,H,-,A,A,0,NA,NA,NA,NA,Y,NA,A,01,0,1,1,0,0,0,0,0,0,-,-,NA,NA,LOS ANGELES,BALDWIN PARK,-117.9546356201172,34.08094024658203
9482836,2022,2022-07-28,1906,2022-07-16,1150,4442,NA,6,5,5,1906,0,0,0,NA,0,002,RAMONA BL,GRACE AV,72,W,N,A,-,N,NA,NA,NA,NA,NA,NA,NA,NA,NA,Y,3,0,1,1,A,-,08,22107,NA,N,A,I,A,A,H,-,A,D,0,NA,NA,NA,NA,Y,Y,A,01,0,1,0,0,0,0,0,0,0,-,-,NA,NA,LOS ANGELES,BALDWIN PARK,-117.97915649414064,34.08206558227539
9482837,2022,2022-07-28,1906,2022-07-04,1550,4442,NA,1,5,5,1906,0,0,0,NA,0,002,BALDWIN AV,MAINE AV,425,E,N,A,-,N,NA,NA,NA,NA,NA,NA,NA,NA,NA,N,4,0,1,2,A,-,08,22107,NA,N,D,C,A,A,H,-,-,D,0,NA,NA,Y,NA,Y,NA,A,01,0,0,1,0,0,0,0,0,1,-,-,NA,NA,LOS ANGELES,BALDWIN PARK,-117.95913696289064,34.103641510009766
9482838,2022,2022-07-28,1906,2022-07-15,1856,4450,NA,5,5,5,1906,0,0,0,NA,0,003,MERCED AV,VINELAND AV,0,NA,Y,A,-,N,NA,NA,NA,NA,NA,NA,NA,NA,NA,Y,4,0,1,3,A,-,12,21453,NA,N,D,C,A,A,H,-,A,A,0,NA,NA,NA,NA,Y,NA,A,07,0,0,1,0,0,0,0,0,0,-,-,NA,NA,LOS ANGELES,BALDWIN PARK,-117.96505737304688,34.07526779174805
94828399,2025,2025-09-03,9565,2025-08-23,2220,023778,NA,6,3,7,1942,0,1,1,NA,2,062,I-405 N/B,PALMS BLVD,100,S,N,A,-,Y,LA,NA,405,NA,NA,28.43,H,NA,R,N,3,0,1,2,A,-,03,22350,NA,N,C,C,A,A,H,-,C,D,0,NA,NA,NA,NA,Y,NA,A,07,0,1,0,0,0,0,0,0,0,-,-,34.01797866821289,-118.42270660400392,LOS ANGELES,LOS ANGELES,-118.42284393310548,34.01791000366211