CASE_ID,ACCIDENT_YEAR,PROC_DATE,JURIS,COLLISION_DATE,COLLISION_TIME,OFFICER_ID,REPORTING_DISTRICT,DAY_OF_WEEK,CHP_SHIFT,POPULATION,CNTY_CITY_LOC,SPECIAL_COND,BEAT_TYPE,CHP_BEAT_TYPE,CITY_DIVISION_LAPD,CHP_BEAT_CLASS,BEAT_NUMBER,PRIMARY_RD,SECONDARY_RD,DISTANCE,DIRECTION,INTERSECTION,WEATHER_1,WEATHER_2,STATE_HWY_IND,CALTRANS_COUNTY,CALTRANS_DISTRICT,STATE_ROUTE,ROUTE_SUFFIX,POSTMILE_PREFIX,POSTMILE,LOCATION_TYPE,RAMP_INTERSECTION,SIDE_OF_HWY,TOW_AWAY,COLLISION_SEVERITY,NUMBER_KILLED,NUMBER_INJURED,PARTY_COUNT,PRIMARY_COLL_FACTOR,PCF_CODE_OF_VIOL,PCF_VIOL_CATEGORY,PCF_VIOLATION,PCF_VIOL_SUBSECTION,HIT_AND_RUN,TYPE_OF_COLLISION,MVIW,PED_ACTION,ROAD_SURFACE,ROAD_COND_1,ROAD_COND_2,LIGHTING,CONTROL_DEVICE,CHP_ROAD_TYPE,PEDESTRIAN_ACCIDENT,BICYCLE_ACCIDENT,MOTORCYCLE_ACCIDENT,TRUCK_ACCIDENT,NOT_PRIVATE_PROPERTY,ALCOHOL_INVOLVED,STWD_VEHTYPE_AT_FAULT,CHP_VEHTYPE_AT_FAULT,COUNT_SEVERE_INJ,COUNT_VISIBLE_INJ,COUNT_COMPLAINT_PAIN,COUNT_PED_KILLED,COUNT_PED_INJURED,COUNT_BICYCLIST_KILLED,COUNT_BICYCLIST_INJURED,COUNT_MC_KILLED,COUNT_MC_INJURED,PRIMARY_RAMP,SECONDARY_RAMP,LATITUDE,LONGITUDE,COUNTY,CITY,POINT_X,POINT_Y
9483837,2022,2022-08-17,1972,2022-07-09,2110,21239,NA,6,5,6,1972,0,0,0,NA,0,NA,PACIFIC COAST HWY,MADISON ST,0,NA,Y,A,-,Y,LA,7,1,-,-,15.787,I,5,N,Y,3,0,2,3,A,-,12,21453,A,N,D,C,A,A,H,-,C,A,0,NA,NA,NA,NA,Y,NA,D,NA,0,1,1,0,0,0,0,0,0,-,-,NA,NA,LOS ANGELES,TORRANCE,-118.34779357910156,33.803611755371094
9483839,2022,2022-08-26,1972,2022-06-24,0909,19767,NA,5,5,6,1972,0,0,0,NA,0,NA,HAWTHORN BL,VIA VALMONTE,0,NA,Y,A,-,N,NA,NA,NA,NA,NA,NA,NA,NA,NA,Y,4,0,1,2,A,-,08,22107,NA,N,A,C,A,A,H,-,A,A,0,NA,NA,NA,NA,Y,NA,A,NA,0,0,1,0,0,0,0,0,0,-,-,NA,NA,LOS ANGELES,TORRANCE,-118.35105895996094,33.798439025878906
9483840,2022,2022-09-12,1972,2022-07-18,1544,21239,NA,1,5,6,1972,0,0,0,NA,0,NA,ANZA AV,DEL AMO BL,0,NA,Y,A,-,N,NA,NA,NA,NA,NA,NA,NA,NA,NA,N,3,0,1,2,A,-,09,21453,B,N,G,B,B,A,H,-,A,A,0,Y,NA,NA,NA,Y,NA,D,NA,0,1,0,0,1,0,0,0,0,-,-,NA,NA,LOS ANGELES,TORRANCE,-118.3623504638672,33.8486213684082
9483843,2022,2022-10-10,1906,2022-06-11,1515,4431,1,6,5,5,1906,0,0,0,NA,0,004,MAINE AV,LOS ANGELES ST,0,NA,Y,-,-,N,NA,NA,NA,NA,NA,NA,NA,NA,NA,Y,4,0,2,2,A,-,12,21453,A,N,D,C,A,A,H,-,A,A,0,NA,NA,NA,NA,Y,NA,-,-,0,0,2,0,0,0,0,0,0,-,-,NA,NA,LOS ANGELES,BALDWIN PARK,-117.96048736572266,34.0922966003418
9483845,2022,2022-08-09,1942,2022-06-28,2000,42282,0567,2,5,7,1942,0,0,0,E,0,25T31,PACIFIC AV,19TH ST,0,NA,Y,A,-,N,NA,NA,NA,NA,NA,NA,NA,NA,NA,Y,2,0,1,2,A,-,12,21453,A,N,D,C,A,A,H,-,A,A,0,NA,NA,Y,NA,Y,NA,C,02,1,0,0,0,0,0,0,0,1,-,-,NA,NA,LOS ANGELES,LOS ANGELES,-118.28797149658205,33.72697067260742
94838459,2025,2025-09-10,9540,2025-09-09,705,019254,NA,2,1,9,1900,0,1,3,NA,1,143,SR-14 S/B (ANTELOPE VALLEY FREEWAY),NEWHALL AVENUE,1056,S,N,A,-,Y,LA,NA,14,NA,R,26.849,H,NA,L,Y,4,0,1,2,A,-,03,22350,NA,N,C,C,A,A,H,-,A,D,0,NA,NA,NA,NA,Y,NA,A,07,0,0,1,0,0,0,0,0,0,-,-,34.36252975463867,-118.50511932373048,LOS ANGELES,UNINCORPORATED,-118.50518035888672,34.36255645751953
9483846,2022,2022-08-09,1906,2022-06-22,1351,4447,NA,3,5,5,1906,0,0,0,NA,0,002,ARROW HWY,HEINTZ ST,318,E,N,A,-,N,NA,NA,NA,NA,NA,NA,NA,NA,NA,Y,2,0,2,2,A,-,08,22107,NA,N,E,I,A,A,-,-,A,D,0,NA,NA,NA,NA,Y,NA,A,01,1,1,0,0,0,0,0,0,0,-,-,NA,NA,LOS ANGELES,BALDWIN PARK,-117.95183563232422,34.10691452026367
94838464,2025,2025-09-10,9525,2025-09-09,1818,020632,NA,2,2,6,1955,0,1,3,NA,2,071,SR-71 S/B (CHINO VALLEY FWY),VALLEY BLVD,175,S,N,A,-,Y,LA,NA,71,NA,R,1.401,H,NA,L,Y,4,0,1,2,A,-,07,21658,A,N,B,C,A,A,H,-,A,D,0,NA,NA,Y,NA,Y,NA,A,01,0,0,1,0,0,0,0,0,1,-,-,34.06214904785156,-117.7905731201172,LOS ANGELES,POMONA,-117.79045104980467,34.06230163574219
94838467,2025,2025-09-10,9540,2025-09-08,610,019444,NA,1,1,9,1900,0,1,1,NA,2,507,I-5 S/B,LYONS AVE,800,S,N,A,-,Y,LA,NA,5,NA,R,49.947,H,NA,L,Y,4,0,1,2,A,-,07,21658,A,N,B,2,A,A,H,-,A,D,0,NA,NA,NA,NA,Y,NA,A,01,0,0,1,0,0,0,0,0,0,-,-,34.37385940551758,-118.5626983642578,LOS ANGELES,UNINCORPORATED,-118.56266784667967,34.37387466430664
9483847,2021,2022-08-09,1972,2021-06-09,1621,21239,NA,3,5,6,1972,0,0,0,NA,0,NA,CALLE MIRAMAR,CAMINO DE LAS COLINAS,0,NA,Y,A,-,N,NA,NA,NA,NA,NA,NA,NA,NA,NA,Y,3,0,1,2,A,-,01,23153,NA,N,F,C,A,A,H,-,A,A,0,NA,NA,NA,NA,Y,Y,A,NA,0,1,0,0,0,0,0,0,0,-,-,NA,NA,LOS ANGELES,TORRANCE,-118.38556671142578,33.811363220214844
94838474,2025,2025-09-10,9530,2025-09-03,1807,022670,NA,3,2,5,1977,0,1,1,NA,2,410,I-405 N/B (SAN DIEGO FREEWAY),WILMINGTON AVE.,1531,S,N,A,-,Y,LA,NA,405,NA,NA,9.265,H,NA,R,N,4,0,1,4,A,-,07,21658,A,F,B,C,A,A,H,-,A,D,0,NA,NA,Y,NA,Y,NA,-,99,0,0,1,0,0,0,0,0,1,-,-,33.82600021362305,-118.2363510131836,LOS ANGELES,CARSON,-118.2363510131836,33.825958251953125
9483848,2022,2022-08-09,1942,2022-06-29,1205,33599,0338,3,5,7,1942,0,0,0,C,0,25TL23,JEFFERSON BL,MC CLINTOCK AV,0,NA,Y,A,-,N,NA,NA,NA,NA,NA,NA,NA,NA,NA,Y,2,0,1,2,A,-,08,22101,D,N,A,C,A,A,H,-,A,A,0,NA,NA,Y,NA,Y,NA,A,01,1,0,0,0,0,0,0,0,1,-,-,NA,NA,LOS ANGELES,LOS ANGELES,-118.287109375,34.025047302246094
94838482,2025,2025-09-10,9540,2025-09-03,730,020678,NA,3,1,9,1900,0,2,4,NA,1,102,HASLEY CANYON RD,CAMBRIDGE AVE,0,NA,Y,A,-,N,NA,NA,NA,NA,NA,NA,NA,NA,NA,Y,4,0,1,2,A,-,09,21801,A,N,D,C,A,A,H,-,A,A,0,NA,NA,NA,NA,Y,NA,A,07,0,0,1,0,0,0,0,0,0,-,-,34.45486068725586,-118.62132263183594,LOS ANGELES,UNINCORPORATED,-118.62142944335938,34.4549446105957
9483849,2022,2022-08-09,1972,2022-06-23,0923,18059,NA,4,5,6,1972,0,0,0,NA,0,NA,ENGRACIA,CRAVENS,0,NA,Y,A,-,N,NA,NA,NA,NA,NA,NA,NA,NA,NA,N,4,0,1,2,A,-,12,22450,A,N,D,C,A,A,H,-,A,A,0,NA,NA,Y,NA,Y,NA,C,NA,0,0,1,0,0,0,0,0,1,-,-,NA,NA,LOS ANGELES,TORRANCE,-118.3189697265625,33.83556365966797
9483850,2022,2022-08-09,1972,2022-06-23,1331,18059,NA,4,5,6,1972,0,0,0,NA,0,NA,SEPULVEDA,PLUM,50,W,N,A,-,N,NA,NA,NA,NA,NA,NA,NA,NA,NA,Y,4,0,3,3,A,-,03,22350,NA,N,C,C,A,A,H,-,A,D,0,NA,NA,NA,NA,Y,NA,A,NA,0,0,3,0,0,0,0,0,0,-,-,NA,NA,LOS ANGELES,TORRANCE,-118.32659149169922,33.821414947509766
94838500,2025,2025-09-10,9575,2025-09-05,1400,023029,NA,5,2,6,1953,0,1,1,NA,2,064,I-210 W/B (FOOTHILL FREEWAY),EL MOLINO AVENUE,321,W,N,A,-,Y,LA,NA,210,NA,R,25.999,H,NA,L,Y,4,0,1,2,A,-,07,21658,A,N,B,C,A,A,H,-,A,D,0,NA,NA,NA,Y,Y,NA,G,25,0,0,1,0,0,0,0,0,0,-,-,34.152069091796875,-118.13812255859376,LOS ANGELES,PASADENA,-118.13812255859376,34.15199279785156
94838504,2025,2025-09-10,9530,2025-06-26,630,024337,NA,4,1,9,1900,0,3,5,NA,2,002,REDONDO BEACH BLVD.,AVALON BLVD.,0,NA,Y,A,-,N,NA,NA,NA,NA,NA,NA,NA,NA,NA,Y,4,0,1,3,A,-,12,21453,A,N,D,2,A,A,H,-,A,A,0,NA,NA,NA,Y,Y,NA,-,-,0,0,1,0,0,0,0,0,0,-,-,33.89326095581055,-118.265380859375,LOS ANGELES,UNINCORPORATED,-118.2654037475586,33.89321517944336
9483851,2022,2022-08-09,1972,2022-06-17,1547,22166,NA,5,5,6,1972,0,0,0,NA,0,NA,TORRANCE BL,EAST HAWTHORNE BL,71,E,N,A,-,N,NA,NA,NA,NA,NA,NA,NA,NA,NA,Y,4,0,2,2,A,-,08,22107,NA,N,B,C,A,A,H,-,A,D,0,NA,NA,NA,NA,Y,NA,A,NA,0,0,2,0,0,0,0,0,0,-,-,NA,NA,LOS ANGELES,TORRANCE,-118.35350036621094,33.83757019042969
9483852,2022,2022-08-09,1972,2022-06-24,2148,21239,NA,5,5,6,1972,0,0,0,NA,0,NA,CRENSHAW BL,232ND ST,0,NA,Y,A,-,N,NA,NA,NA,NA,NA,NA,NA,NA,NA,N,4,0,1,2,A,-,09,21801,A,N,D,C,A,A,H,-,C,A,0,NA,NA,NA,NA,Y,NA,A,NA,0,0,1,0,0,0,0,0,0,-,-,NA,NA,LOS ANGELES,TORRANCE,-118.32805633544922,33.814918518066406
9483853,2022,2022-10-10,1941,2022-06-18,1531,10819,NA,6,5,7,1941,0,0,0,NA,0,NA,16TH ST,PINE AV,0,NA,Y,A,-,N,NA,NA,NA,NA,NA,NA,NA,NA,NA,N,4,0,1,2,B,-,22,NA,NA,N,B,C,A,A,H,-,A,A,0,NA,NA,NA,NA,Y,NA,-,-,0,0,1,0,0,0,0,0,0,-,-,NA,NA,LOS ANGELES,LONG BEACH,-118.19236755371094,33.78715133666992
94838538,2025,2025-09-10,9575,2025-09-03,934,020536,NA,3,1,6,1925,0,1,3,NA,2,042,SR-134 W/B (VENTURA FREEWAY),VERDUGO ROAD,661,W,N,A,-,Y,LA,NA,134,NA,R,8.109,H,NA,L,N,3,0,1,2,A,-,03,22350,NA,N,C,C,A,A,H,-,A,D,0,NA,NA,NA,NA,Y,NA,A,01,0,1,0,0,0,0,0,0,0,-,-,34.154048919677734,-118.2386474609375,LOS ANGELES,GLENDALE,-118.23865509033205,34.15404510498047
9483854,2022,2022-10-12,1941,2022-06-18,1620,11134,NA,6,5,7,1941,0,0,0,NA,0,NA,LOS COYOTES DIAGONAL,BELLFLOWER BL,0,NA,Y,A,-,N,NA,NA,NA,NA,NA,NA,NA,NA,NA,N,4,0,1,2,D,-,00,NA,NA,N,B,C,A,A,H,-,A,A,0,NA,NA,NA,NA,Y,NA,-,-,0,0,1,0,0,0,0,0,0,-,-,NA,NA,LOS ANGELES,LONG BEACH,-118.1253662109375,33.802120208740234
94838546,2025,2025-09-10,9530,2025-09-08,1850,022670,NA,1,2,7,1941,0,1,1,NA,2,430,I-405 N/B (SAN DIEGO FREEWAY),WOODRUFF AVE.,245,N,N,A,-,Y,LA,NA,405,NA,NA,1.709,H,NA,R,N,3,0,1,2,D,-,00,NA,NA,N,C,C,A,A,H,-,A,D,0,NA,NA,Y,NA,Y,NA,-,-,0,1,0,0,0,0,0,0,1,-,-,33.80228042602539,-118.11553955078124,LOS ANGELES,LONG BEACH,-118.11553192138672,33.80229949951172
9483855,2022,2022-08-09,1941,2022-06-17,1659,11097,NA,5,5,7,1941,0,0,0,NA,0,NA,PARAMOUNT BL,CANDLEWOOD ST,0,NA,Y,A,-,N,NA,NA,NA,NA,NA,NA,NA,NA,NA,Y,3,0,2,2,A,-,09,21804,A,N,D,C,A,A,H,-,A,D,0,NA,NA,NA,NA,Y,NA,A,NA,0,1,1,0,0,0,0,0,0,-,-,NA,NA,LOS ANGELES,LONG BEACH,-118.15985870361328,33.853824615478516
9483856,2022,2022-08-09,1941,2022-06-17,1946,11016,NA,5,5,7,1941,0,0,0,NA,0,NA,SHORELINE DR,CHESTNUT AV,0,NA,Y,A,-,N,NA,NA,NA,NA,NA,NA,NA,NA,NA,N,4,0,2,2,A,-,12,21453,A,N,A,C,A,A,H,-,A,A,0,NA,NA,NA,NA,Y,NA,A,NA,0,0,2,0,0,0,0,0,0,-,-,NA,NA,LOS ANGELES,LONG BEACH,-118.19662475585938,33.76499557495117
94838567,2025,2025-09-10,9575,2025-09-04,550,023049,NA,4,3,7,1942,0,1,1,NA,2,053,I-5 S/B (GOLDEN STATE FREEWAY),PAXTON ST.,792,N,N,A,-,Y,LA,NA,5,NA,NA,39.232,H,NA,L,N,4,0,1,2,A,-,07,21658,A,N,B,C,A,A,H,-,A,D,0,NA,NA,NA,NA,Y,NA,A,07,0,0,1,0,0,0,0,0,0,-,-,34.26496887207031,-118.44228363037108,LOS ANGELES,LOS ANGELES,-118.4423599243164,34.26493453979492
9483857,2022,2022-08-09,1941,2022-06-17,2131,11099,NA,5,5,7,1941,0,0,0,NA,0,NA,CHERRY AV,4TH ST,14,S,N,A,-,N,NA,NA,NA,NA,NA,NA,NA,NA,NA,N,3,0,1,2,A,-,08,22107,NA,N,D,C,A,A,H,-,C,A,0,NA,NA,NA,NA,Y,NA,-,NA,0,1,0,0,0,0,0,0,0,-,-,NA,NA,LOS ANGELES,LONG BEACH,-118.16767120361328,33.77168273925781
94838575,2025,2025-09-10,9545,2025-08-23,1520,024657,NA,6,2,9,1900,0,3,5,NA,2,002,SIERRA HWY,PEARBLOSSOM HWY,0,NA,Y,A,-,N,NA,NA,NA,NA,NA,NA,NA,NA,NA,N,4,0,2,2,A,-,03,22350,NA,M,C,C,A,A,H,-,A,A,0,NA,NA,NA,NA,Y,NA,A,01,0,0,2,0,0,0,0,0,0,-,-,34.52207946777344,-118.09776306152344,LOS ANGELES,UNINCORPORATED,-118.09746551513672,34.522003173828125
94838579,2025,2025-09-10,9530,2025-08-26,1320,024409,NA,2,1,9,1900,0,3,5,NA,2,001,COMPTON AVE,FLORENCE AVE,150,S,N,A,-,N,NA,NA,NA,NA,NA,NA,NA,NA,NA,N,4,0,1,2,A,-,09,21804,A,M,D,C,A,A,H,-,A,A,0,NA,NA,NA,NA,Y,NA,A,07,0,0,1,0,0,0,0,0,0,-,-,33.974239349365234,-118.24764251708984,LOS ANGELES,UNINCORPORATED,-118.24767303466795,33.974327087402344
9483858,2022,2022-08-09,1941,2022-06-17,1746,10953,NA,5,5,7,1941,0,0,0,NA,0,NA,REDONDO AV,WILLOW ST,0,NA,Y,A,-,N,NA,NA,NA,NA,NA,NA,NA,NA,NA,Y,3,0,2,2,A,-,12,21453,A,N,D,C,A,A,H,-,A,A,0,NA,NA,NA,NA,Y,NA,A,NA,0,1,1,0,0,0,0,0,0,-,-,NA,NA,LOS ANGELES,LONG BEACH,-118.15135955810548,33.804359436035156
94838584,2025,2025-09-10,9575,2025-09-04,1109,020536,NA,4,1,6,1925,0,1,3,NA,2,042,SR-134 W/B (VENTURA FREEWAY),SINCLAIR AVENUE,544,W,N,A,-,Y,LA,NA,134,NA,R,8.464,H,NA,L,N,4,0,1,2,A,-,07,21658,A,N,B,C,A,A,H,-,A,D,0,NA,NA,NA,NA,Y,NA,A,08,0,0,1,0,0,0,0,0,0,-,-,34.15068054199219,-118.23403930664064,LOS ANGELES,GLENDALE,-118.2340850830078,34.150634765625
9483859,2022,2022-08-09,1941,2022-06-18,1343,10147,NA,6,5,7,1941,0,0,0,NA,0,NA,PACIFIC AV,WILLOW ST,0,NA,Y,A,-,N,NA,NA,NA,NA,NA,NA,NA,NA,NA,N,4,0,1,2,B,-,22,NA,NA,N,D,G,A,A,H,-,A,A,0,NA,Y,NA,NA,Y,NA,-,-,0,0,1,0,0,0,1,0,0,-,-,NA,NA,LOS ANGELES,LONG BEACH,-118.19371032714844,33.8043327331543
94838598,2025,2025-09-10,9580,2025-08-29,1418,022987,NA,5,2,9,1900,0,1,3,NA,2,170,N/B SR-170 (HOLLYWOOD FWY),STRATHERN ST,570,N,N,A,-,Y,LA,NA,170,NA,R,19.432,H,NA,R,N,4,0,2,2,A,-,08,22107,NA,N,B,C,A,A,H,-,A,D,0,NA,NA,NA,NA,Y,NA,A,07,0,0,2,0,0,0,0,0,0,-,-,34.21733093261719,-118.40897369384766,LOS ANGELES,UNINCORPORATED,-118.40886688232422,34.217350006103516
9483860,2022,2022-08-09,1941,2022-06-18,1031,11673,NA,6,5,7,1941,0,0,0,NA,0,NA,WARDLOW RD,LONG BEACH BL,50,E,N,A,-,N,NA,NA,NA,NA,NA,NA,NA,NA,NA,N,4,0,2,2,A,-,03,22350,NA,N,C,C,A,A,H,-,A,A,0,NA,NA,NA,NA,Y,NA,A,NA,0,0,2,0,0,0,0,0,0,-,-,NA,NA,LOS ANGELES,LONG BEACH,-118.18917846679688,33.818843841552734
94838608,2025,2025-09-10,9575,2025-09-03,2345,024142,NA,3,3,7,1942,0,1,1,NA,2,052,I-5 N/B (GOLDEN STATE FREEWAY) TO TUXFORD ST.,TUXFORD ST.,587,N,N,A,-,Y,NA,NA,NA,NA,NA,NA,NA,NA,NA,N,4,0,1,2,A,-,03,22350,NA,M,C,C,A,A,H,-,C,D,0,NA,NA,NA,NA,Y,NA,-,99,0,0,1,0,0,0,0,0,0,-,-,34.227149963378906,-118.3837890625,LOS ANGELES,LOS ANGELES,-118.38065338134766,34.22677993774414
9483861,2022,2022-08-09,1942,2022-07-20,1700,33397,0333,3,5,7,1942,0,0,0,C,0,25MQ51,ADAMS BL,CRENSHAW AV,50,W,N,A,-,N,NA,NA,NA,NA,NA,NA,NA,NA,NA,Y,3,0,2,2,A,-,01,23152,A,F,D,C,A,A,H,-,A,A,0,NA,NA,NA,NA,Y,Y,A,01,0,1,1,0,0,0,0,0,0,-,-,NA,NA,LOS ANGELES,LOS ANGELES,-118.33517456054688,34.0325813293457
9483862,2022,2022-08-09,1942,2022-07-01,0325,42645,0558,5,5,7,1942,0,0,0,E,0,25T35,HARBOR BL,SWINFORD ST,97,S,N,A,-,N,NA,NA,NA,NA,NA,NA,NA,NA,NA,Y,2,0,1,1,A,-,03,22350,NA,N,E,I,A,A,H,-,C,A,0,NA,NA,NA,NA,Y,NA,A,01,1,0,0,0,0,0,0,0,0,-,-,NA,NA,LOS ANGELES,LOS ANGELES,-118.28043365478516,33.74839401245117
94838621,2025,2025-09-10,9545,2025-08-28,1520,024657,NA,4,2,9,1900,0,1,3,NA,2,031,SR-14 N/B,MOUNTAIN SPRINGS RD,2429,S,N,A,-,Y,LA,NA,14,NA,R,53.337,H,NA,R,N,4,0,3,4,A,-,03,22350,NA,N,C,C,A,A,H,-,A,D,0,NA,NA,NA,NA,Y,NA,A,01,0,0,3,0,0,0,0,0,0,-,-,34.49679183959961,-118.12351989746094,LOS ANGELES,UNINCORPORATED,-118.1234893798828,34.49677276611328
94838622,2025,2025-09-10,9565,2025-08-28,2330,024534,NA,4,3,4,1918,0,1,3,NA,2,070,SR 90 E/B TO I-405 N/B,JEFFERSON BOULEVARD,150,N,N,A,-,Y,NA,NA,NA,NA,NA,NA,NA,NA,NA,N,3,0,1,1,A,-,03,22350,NA,N,E,J,A,A,H,-,C,D,0,NA,NA,Y,NA,Y,NA,C,02,0,1,0,0,0,0,0,0,1,-,-,33.989471435546875,-118.39948272705078,LOS ANGELES,CULVER CITY,-118.39974212646484,33.98771286010742
9483863,2022,2022-08-09,1972,2022-07-18,1820,21239,NA,1,5,6,1972,0,0,0,NA,0,NA,TORRANCE BL,MAPLE AV,0,NA,Y,A,-,N,NA,NA,NA,NA,NA,NA,NA,NA,NA,N,4,0,1,2,A,-,09,21453,C,N,D,C,A,A,H,-,A,A,0,NA,NA,NA,NA,Y,NA,A,NA,0,0,1,0,0,0,0,0,0,-,-,NA,NA,LOS ANGELES,TORRANCE,-118.34004974365234,33.83625411987305
94838632,2025,2025-09-10,9530,2025-08-28,2335,023938,NA,4,3,9,1900,0,3,5,NA,2,007,CRENSHAW BLVD (26400 BLOCK),PALOS VERDES DR,1373,S,N,A,-,N,NA,NA,NA,NA,NA,NA,NA,NA,NA,Y,3,0,2,1,A,-,08,22107,NA,N,A,I,A,A,H,-,C,A,0,NA,NA,NA,NA,Y,NA,A,07,0,2,0,0,0,0,0,0,0,-,-,33.784488677978516,-118.34867095947266,LOS ANGELES,UNINCORPORATED,-118.35410308837892,33.779136657714844
9483864,2022,2022-08-09,1972,2022-07-26,1403,18059,NA,2,5,6,1972,0,0,0,NA,0,NA,CABRILLO,237TH ST,0,NA,Y,A,-,N,NA,NA,NA,NA,NA,NA,NA,NA,NA,N,4,0,1,2,A,-,09,21802,A,N,D,C,A,A,H,-,A,A,0,NA,NA,NA,NA,Y,NA,A,NA,0,0,1,0,0,0,0,0,0,-,-,NA,NA,LOS ANGELES,TORRANCE,-118.31452941894533,33.80982208251953
9483865,2022,2022-08-09,1972,2022-07-08,1329,15555,NA,5,5,6,1972,0,0,0,NA,0,NA,CRENSHAW BL,ARTESIA BL,900,S,N,A,-,N,NA,NA,NA,NA,NA,NA,NA,NA,NA,Y,3,0,1,2,A,-,09,21804,A,N,D,C,A,A,H,-,A,A,0,NA,NA,NA,NA,Y,NA,A,NA,0,1,0,0,0,0,0,0,0,-,-,NA,NA,LOS ANGELES,TORRANCE,-118.32648468017578,33.870330810546875
9483866,2022,2022-08-09,1972,2022-07-15,1521,21604,NA,5,5,6,1972,0,0,0,NA,0,NA,PRAIRIE AV,188TH ST,75,N,N,A,-,N,NA,NA,NA,NA,NA,NA,NA,NA,NA,Y,3,0,1,2,A,-,07,21658,NA,N,B,C,A,-,H,-,A,D,0,NA,NA,NA,NA,Y,NA,A,NA,0,1,0,0,0,0,0,0,0,-,-,NA,NA,LOS ANGELES,TORRANCE,-118.34381103515624,33.860374450683594
9483867,2022,2022-08-09,1972,2022-07-27,1804,21239,NA,3,5,6,1972,0,0,0,NA,0,NA,CRENSHAW BL,CARSON ST,50,N,N,A,-,N,NA,NA,NA,NA,NA,NA,NA,NA,NA,N,4,0,1,2,A,-,03,22350,NA,N,C,C,A,A,H,-,A,A,0,NA,NA,NA,NA,Y,NA,A,NA,0,0,1,0,0,0,0,0,0,-,-,NA,NA,LOS ANGELES,TORRANCE,-118.32861328125,33.83144760131836
94838674,2025,2025-09-10,9580,2025-09-09,1050,021491,NA,2,1,7,1942,0,1,2,NA,2,103,US-101 S/B (VENTURA FREEWAY),SEPULVEDA BLVD,75,N,N,A,-,Y,LA,NA,101,NA,NA,16.975,H,NA,L,N,4,0,1,1,A,-,08,22107,NA,N,E,I,A,A,H,-,A,D,0,NA,NA,NA,NA,Y,NA,A,01,0,0,1,0,0,0,0,0,0,-,-,34.159420013427734,-118.46662139892578,LOS ANGELES,LOS ANGELES,-118.46662139892578,34.1593132019043
94838675,2025,2025-09-10,9580,2025-09-03,1640,022987,NA,3,2,7,1942,0,1,3,NA,2,116,SR-118 E/B (RONALD REAGAN FWY.),WOODLEY AVE,1300,W,N,A,-,Y,LA,NA,118,NA,R,8.813,H,NA,R,N,3,0,1,2,A,-,03,22350,NA,N,C,C,A,A,H,-,A,D,0,NA,NA,NA,NA,Y,NA,A,07,0,1,0,0,0,0,0,0,0,-,-,34.270118713378906,-118.48779296875,LOS ANGELES,LOS ANGELES,-118.48783111572266,34.27008819580078
94838678,2025,2025-09-10,9580,2025-09-06,1950,021759,NA,6,2,3,1994,0,1,2,NA,2,108,US-101 N/B (VENTURA FREEWAY),PALO COMADO CANYON RD,60,N,N,A,-,Y,LA,NA,101,NA,NA,33.709,H,NA,R,N,4,0,1,2,A,-,08,22107,NA,N,B,C,A,A,H,-,C,D,0,NA,NA,Y,NA,Y,NA,C,02,0,0,1,0,0,0,0,0,1,-,-,34.14326095581055,-118.73841857910156,LOS ANGELES,AGOURA HILLS,-118.73841857910156,34.14329147338867
94838679,2025,2025-09-10,9580,2025-09-09,955,021491,NA,2,1,7,1942,0,1,1,NA,2,405,I-405 S/B (SAN DIEGO FWY),VENTURA BLVD,528,S,N,A,-,Y,LA,NA,405,NA,NA,38.967,H,NA,L,N,4,0,1,2,A,-,07,21658,A,N,B,C,A,B,H,-,A,D,0,NA,NA,Y,NA,Y,NA,A,01,0,0,1,0,0,0,0,0,1,-,-,34.153499603271484,-118.46810150146484,LOS ANGELES,LOS ANGELES,-118.46813201904295,34.153499603271484
9483868,2022,2022-08-09,1972,2022-07-11,1202,18059,NA,1,5,6,1972,0,0,0,NA,0,NA,CRENSHAW,166TH,150,N,N,A,-,N,NA,NA,NA,NA,NA,NA,NA,NA,NA,N,4,0,1,2,A,-,11,21956,A,N,G,B,D,A,H,-,A,D,0,Y,NA,NA,NA,Y,NA,N,NA,0,0,1,0,1,0,0,0,0,-,-,NA,NA,LOS ANGELES,TORRANCE,-118.32649993896484,33.88050079345703
94838680,2025,2025-09-10,9530,2025-08-28,1115,024418,NA,4,1,9,1900,0,3,5,NA,2,001,COMPTON AVE.,76TH ST.,80,N,N,A,-,N,NA,NA,NA,NA,NA,NA,NA,NA,NA,N,4,0,1,2,A,-,07,21658,A,N,B,C,A,A,H,-,A,D,0,NA,NA,NA,NA,Y,NA,A,01,0,0,1,0,0,0,0,0,0,-,-,33.970951080322266,-118.24771881103516,LOS ANGELES,UNINCORPORATED,-118.24768829345705,33.97195816040039
9483869,2022,2022-08-09,1972,2022-07-25,1108,18059,NA,1,5,6,1972,0,0,0,NA,0,NA,TORRANCE,CRAVENS,0,NA,Y,A,-,N,NA,NA,NA,NA,NA,NA,NA,NA,NA,Y,4,0,2,1,A,-,08,22107,NA,N,E,I,A,A,H,-,A,D,0,NA,NA,NA,NA,Y,NA,A,NA,0,0,2,0,0,0,0,0,0,-,-,NA,NA,LOS ANGELES,TORRANCE,-118.31977081298828,33.83641052246094