CASE_ID,ACCIDENT_YEAR,PROC_DATE,JURIS,COLLISION_DATE,COLLISION_TIME,OFFICER_ID,REPORTING_DISTRICT,DAY_OF_WEEK,CHP_SHIFT,POPULATION,CNTY_CITY_LOC,SPECIAL_COND,BEAT_TYPE,CHP_BEAT_TYPE,CITY_DIVISION_LAPD,CHP_BEAT_CLASS,BEAT_NUMBER,PRIMARY_RD,SECONDARY_RD,DISTANCE,DIRECTION,INTERSECTION,WEATHER_1,WEATHER_2,STATE_HWY_IND,CALTRANS_COUNTY,CALTRANS_DISTRICT,STATE_ROUTE,ROUTE_SUFFIX,POSTMILE_PREFIX,POSTMILE,LOCATION_TYPE,RAMP_INTERSECTION,SIDE_OF_HWY,TOW_AWAY,COLLISION_SEVERITY,NUMBER_KILLED,NUMBER_INJURED,PARTY_COUNT,PRIMARY_COLL_FACTOR,PCF_CODE_OF_VIOL,PCF_VIOL_CATEGORY,PCF_VIOLATION,PCF_VIOL_SUBSECTION,HIT_AND_RUN,TYPE_OF_COLLISION,MVIW,PED_ACTION,ROAD_SURFACE,ROAD_COND_1,ROAD_COND_2,LIGHTING,CONTROL_DEVICE,CHP_ROAD_TYPE,PEDESTRIAN_ACCIDENT,BICYCLE_ACCIDENT,MOTORCYCLE_ACCIDENT,TRUCK_ACCIDENT,NOT_PRIVATE_PROPERTY,ALCOHOL_INVOLVED,STWD_VEHTYPE_AT_FAULT,CHP_VEHTYPE_AT_FAULT,COUNT_SEVERE_INJ,COUNT_VISIBLE_INJ,COUNT_COMPLAINT_PAIN,COUNT_PED_KILLED,COUNT_PED_INJURED,COUNT_BICYCLIST_KILLED,COUNT_BICYCLIST_INJURED,COUNT_MC_KILLED,COUNT_MC_INJURED,PRIMARY_RAMP,SECONDARY_RAMP,LATITUDE,LONGITUDE,COUNTY,CITY,POINT_X,POINT_Y
9483870,2022,2022-08-09,1972,2022-07-26,1110,21239,NA,2,5,6,1972,0,0,0,NA,0,NA,182ND ST,REGINA AV,0,NA,Y,A,-,N,NA,NA,NA,NA,NA,NA,NA,NA,NA,Y,4,0,1,2,A,-,09,21801,A,N,D,C,A,A,H,-,A,A,0,NA,NA,NA,NA,Y,NA,A,NA,0,0,1,0,0,0,0,0,0,-,-,NA,NA,LOS ANGELES,TORRANCE,-118.34929656982422,33.865577697753906
9483871,2022,2022-08-09,1972,2022-07-20,1139,21604,NA,3,5,6,1972,0,0,0,NA,0,NA,182ND ST,MANHATTAN PL,0,NA,Y,A,-,N,NA,NA,NA,NA,NA,NA,NA,NA,NA,Y,4,0,1,2,A,-,09,21804,A,N,D,C,A,A,H,-,A,D,0,NA,NA,NA,NA,Y,NA,A,NA,0,0,1,0,0,0,0,0,0,-,-,NA,NA,LOS ANGELES,TORRANCE,-118.31089782714844,33.865596771240234
9483872,2022,2022-08-15,1972,2022-07-21,1243,18059,NA,4,5,6,1972,0,0,0,NA,0,NA,CRENSHAW,RT 405,50,S,N,A,-,Y,LA,7,405,-,-,15.624,R,4,S,Y,4,0,1,2,A,-,07,21658,A,N,D,C,A,A,H,-,A,A,0,NA,NA,NA,NA,Y,NA,A,NA,0,0,1,0,0,0,0,0,0,-,SO,NA,NA,LOS ANGELES,TORRANCE,-118.32916259765624,33.86528396606445
9483873,2022,2022-08-09,1972,2022-07-23,1146,18059,NA,6,5,6,1972,0,0,0,NA,0,NA,ARLINGTON AV,235TH ST,20,N,N,A,-,N,NA,NA,NA,NA,NA,NA,NA,NA,NA,N,4,0,1,2,A,-,21,22106,NA,N,C,C,A,A,H,-,A,A,0,NA,NA,NA,NA,Y,NA,A,NA,0,0,1,0,0,0,0,0,0,-,-,NA,NA,LOS ANGELES,TORRANCE,-118.31992340087892,33.81279373168945
94838735,2025,2025-09-10,9580,2025-09-08,2010,023717,NA,1,2,7,1942,0,1,2,NA,2,101,US-101 S/B (VENTURA FREEWAY),LAUREL CANYON BLVD,500,N,N,A,-,Y,LA,NA,101,NA,NA,13.029,H,NA,L,Y,3,0,3,2,A,-,03,22350,NA,N,C,C,A,A,H,-,D,D,0,NA,NA,NA,NA,Y,NA,A,01,0,3,0,0,0,0,0,0,0,-,-,34.154701232910156,-118.39923095703124,LOS ANGELES,LOS ANGELES,-118.39923095703124,34.154701232910156
94838737,2025,2025-09-10,9565,2025-08-28,2200,024534,NA,4,3,7,1942,0,1,3,NA,2,070,SR-90 E/B,I-405 FREEWAY,150,W,N,A,-,Y,LA,NA,90,NA,NA,2.081,H,NA,R,N,4,0,1,2,A,-,03,22350,NA,N,C,C,A,A,H,-,C,D,0,NA,NA,NA,NA,Y,NA,A,07,0,0,1,0,0,0,0,0,0,-,-,33.98788833618164,-118.40879821777344,LOS ANGELES,LOS ANGELES,-118.40882110595705,33.98794937133789
9483874,2022,2022-08-09,1972,2022-07-20,0807,21602,NA,3,5,6,1972,0,0,0,NA,0,NA,DEL AMO,MARINER AV,0,NA,Y,A,-,N,NA,NA,NA,NA,NA,NA,NA,NA,NA,N,3,0,1,2,A,-,12,21453,NA,N,D,B,B,A,H,-,A,A,0,Y,Y,NA,NA,Y,NA,L,NA,0,1,0,0,1,0,0,0,0,-,-,NA,NA,LOS ANGELES,TORRANCE,-118.3496551513672,33.848575592041016
94838744,2025,2025-09-10,9580,2025-09-08,1655,023395,NA,1,2,3,1989,0,1,2,NA,2,107,US-101 S/B (VENTURA FREEWAY),PARKWAY CALABASAS,3168,N,N,A,-,Y,LA,NA,101,NA,NA,28.902,H,NA,L,N,4,0,1,2,A,-,07,21658,A,N,B,C,A,A,H,-,A,D,0,NA,NA,NA,NA,Y,NA,A,01,0,0,1,0,0,0,0,0,0,-,-,34.15024185180664,-118.66217803955078,LOS ANGELES,CALABASAS,-118.66216278076172,34.150203704833984
9483875,2022,2022-10-05,1972,2022-07-07,1938,22208,NA,4,5,6,1972,0,0,0,NA,0,NA,ARTESIA BL,PRAIRIE AV,0,NA,Y,A,-,N,NA,NA,NA,NA,NA,NA,NA,NA,NA,N,4,0,1,2,A,-,10,21950,A,N,A,C,A,A,H,-,A,A,0,NA,NA,NA,NA,Y,NA,A,NA,0,0,1,0,0,0,0,0,0,-,-,NA,NA,LOS ANGELES,TORRANCE,-118.34381866455078,33.872779846191406
9483876,2022,2022-08-09,1972,2022-07-28,1702,17616,NA,4,5,6,1972,0,0,0,NA,0,NA,182,PURCHE,100,W,N,A,-,N,NA,NA,NA,NA,NA,NA,NA,NA,NA,N,3,0,1,2,A,-,11,21954,A,N,G,B,D,A,H,-,A,D,0,Y,NA,NA,NA,Y,NA,N,NA,0,1,0,0,1,0,0,0,0,-,-,NA,NA,LOS ANGELES,TORRANCE,-118.320556640625,33.865596771240234
94838761,2025,2025-09-10,9575,2025-08-30,538,020536,NA,6,3,6,1925,0,1,3,NA,2,042,SR-134 W/B (VENTURA FREEWAY),SAN FERNANDO ROAD,573,W,N,A,-,Y,LA,NA,134,NA,R,5.827,H,NA,L,Y,2,0,3,2,A,-,03,22350,NA,N,C,2,A,A,H,-,B,D,0,NA,NA,NA,NA,Y,NA,A,01,1,1,1,0,0,0,0,0,0,-,-,34.153499603271484,-118.2773895263672,LOS ANGELES,GLENDALE,-118.27738189697266,34.15347671508789
94838764,2025,2025-09-10,9580,2025-09-08,600,024649,NA,1,1,7,1942,0,1,2,NA,2,103,US-101 S/B (VENTURA FREEWAY),BALBOA BLVD.,528,S,N,A,-,Y,LA,NA,101,NA,NA,18.844,H,NA,L,N,4,0,1,3,A,-,03,22350,NA,N,C,C,A,A,H,-,A,D,0,NA,NA,NA,NA,Y,NA,A,01,0,0,1,0,0,0,0,0,0,-,-,34.16706848144531,-118.49566650390624,LOS ANGELES,LOS ANGELES,-118.49571990966795,34.16701889038086
9483877,2022,2022-08-09,1942,2022-07-22,1615,41977,0334,5,5,7,1942,0,0,0,C,0,25MX81,CRENSHAW BL,36TH ST,0,NA,Y,A,-,N,NA,NA,NA,NA,NA,NA,NA,NA,NA,N,3,0,1,3,A,-,08,22107,NA,F,B,C,A,A,H,-,A,A,0,NA,NA,Y,NA,Y,NA,-,99,0,1,0,0,0,0,0,0,1,-,-,NA,NA,LOS ANGELES,LOS ANGELES,-118.33510589599608,34.02399444580078
9483878,2022,2022-08-09,1942,2022-07-23,2310,41800,1861,6,5,7,1942,0,0,0,R,0,18A97,FIGUEROA ST,117TH ST,100,N,N,A,-,N,NA,NA,NA,NA,NA,NA,NA,NA,NA,N,2,0,1,2,A,-,11,21456,A,N,H,B,C,-,H,-,C,A,0,Y,NA,Y,NA,Y,NA,N,60,1,0,0,0,1,0,0,0,0,-,-,NA,NA,LOS ANGELES,LOS ANGELES,-118.28260803222656,33.9276237487793
9483879,2022,2022-08-09,1942,2022-07-07,0733,44962,0564,4,5,7,1942,0,0,0,E,0,5A55,S PACIFIC AV,5TH ST,8,N,N,A,-,N,NA,NA,NA,NA,NA,NA,NA,NA,NA,N,2,0,1,2,A,-,10,21950,A,N,G,B,B,A,H,-,A,A,0,Y,NA,NA,NA,Y,NA,A,01,1,0,0,0,1,0,0,0,0,-,-,NA,NA,LOS ANGELES,LOS ANGELES,-118.28791046142578,33.73971176147461
9483880,2022,2022-08-22,1942,2022-07-16,0430,44598,0359,6,5,7,1942,0,0,0,C,0,3A41,38TH ST,FIGUEROA ST,0,NA,Y,A,-,N,NA,NA,NA,NA,NA,NA,NA,NA,NA,Y,3,0,2,2,A,-,03,22350,NA,N,D,C,A,A,H,-,C,A,0,NA,NA,NA,NA,Y,NA,A,01,0,2,0,0,0,0,0,0,0,-,-,NA,NA,LOS ANGELES,LOS ANGELES,-118.2827606201172,34.015750885009766
94838807,2025,2025-09-10,9565,2025-08-28,1554,021453,NA,4,2,7,1942,0,1,1,NA,2,062,I-405 S/B,VENICE BLVD.,5,N,N,A,-,Y,LA,NA,405,NA,NA,27.975,H,NA,L,N,3,0,1,2,A,-,08,22107,NA,N,B,C,A,A,H,-,A,D,0,NA,NA,Y,NA,Y,NA,A,01,0,1,0,0,0,0,0,0,1,-,-,34.01231002807617,-118.41864776611328,LOS ANGELES,LOS ANGELES,-118.41867065429688,34.01229476928711
94838827,2025,2025-09-10,9530,2025-08-28,1950,023938,NA,4,2,9,1900,0,1,3,NA,2,310,SR-91 E/B (ARTESIA FREEWAY),WILMINGTON AVE.,1690,W,N,A,-,Y,LA,NA,91,NA,R,8.833,H,NA,R,Y,4,0,1,1,A,-,03,22350,NA,N,E,I,A,A,H,-,C,D,0,NA,NA,NA,NA,Y,NA,A,01,0,0,1,0,0,0,0,0,0,-,-,33.87334060668945,-118.24176788330078,LOS ANGELES,UNINCORPORATED,-118.24177551269533,33.87345886230469
94838841,2025,2025-09-10,9535,2025-08-29,655,024085,NA,5,1,5,1915,0,1,1,NA,2,075,I-710 S/B (LONG BEACH FREEWAY),ALONDRA BLVD,740,N,N,A,-,Y,LA,NA,710,NA,NA,14.096,H,NA,L,N,4,0,1,2,A,-,07,21658,A,N,C,C,A,A,H,-,A,D,0,NA,NA,NA,NA,Y,NA,A,08,0,0,1,0,0,0,0,0,0,-,-,33.891178131103516,-118.18846893310548,LOS ANGELES,COMPTON,-118.18848419189452,33.89118194580078
94838860,2025,2025-09-10,9530,2025-08-28,555,024345,NA,4,3,9,1900,0,3,5,NA,2,006,SOUTH DR.,MEYLER ST,0,NA,Y,B,-,N,NA,NA,NA,NA,NA,NA,NA,NA,NA,N,4,0,1,2,A,-,10,21950,A,N,G,B,B,A,H,-,A,A,0,Y,NA,NA,NA,Y,NA,A,01,0,0,1,0,1,0,0,0,0,-,-,33.828590393066406,-118.29479217529295,LOS ANGELES,UNINCORPORATED,-118.29477691650392,33.828338623046875
9483887,2022,2022-08-10,1906,2022-07-03,1615,4442,NA,7,5,5,1906,0,0,0,NA,0,003,PUENTE AV,RAMONA BL,20,S,N,A,-,N,NA,NA,NA,NA,NA,NA,NA,NA,NA,Y,3,0,2,1,A,-,08,22107,NA,N,A,I,A,A,H,-,A,A,0,NA,NA,NA,NA,Y,NA,A,01,0,1,1,0,0,0,0,0,0,-,-,NA,NA,LOS ANGELES,BALDWIN PARK,-117.94937896728516,34.08915710449219
94838873,2025,2025-09-10,9565,2025-08-28,1450,024321,NA,4,2,9,1900,0,2,4,NA,2,042,LENNOX BLVD,BURL AVE,0,NA,Y,A,-,N,NA,NA,NA,NA,NA,NA,NA,NA,NA,N,3,0,3,3,A,-,09,21802,A,N,D,C,A,A,H,-,A,A,0,NA,NA,NA,NA,Y,NA,A,01,0,1,2,0,0,0,0,0,0,-,-,33.938228607177734,-118.36247253417967,LOS ANGELES,UNINCORPORATED,-118.36244964599608,33.93817138671875
9483888,2022,2022-10-07,1906,2022-07-11,1930,4452,NA,1,5,5,1906,0,0,0,NA,0,004,MAINE AV,LOS ANGELES ST,103,S,N,A,-,N,NA,NA,NA,NA,NA,NA,NA,NA,NA,N,3,0,1,2,A,-,03,22350,NA,N,C,C,A,A,H,-,A,A,0,NA,NA,NA,NA,Y,NA,A,01,0,1,0,0,0,0,0,0,0,-,-,NA,NA,LOS ANGELES,BALDWIN PARK,-117.96047973632813,34.092018127441406
94838884,2025,2025-09-10,9530,2025-08-29,1817,024609,NA,5,2,7,1941,0,1,1,NA,2,420,I-405 S/B (SAN DIEGO FREEWAY),CHERRY AVE.,230,N,N,A,-,Y,LA,NA,405,NA,NA,5.211,H,NA,L,N,4,0,1,2,A,-,07,21658,A,N,B,C,A,A,H,-,A,D,0,NA,NA,NA,NA,Y,NA,A,01,0,0,1,0,0,0,0,0,0,-,-,33.814300537109375,-118.17324829101564,LOS ANGELES,LONG BEACH,-118.17324829101564,33.8141975402832
9483889,2022,2022-08-10,1906,2022-07-10,1230,2896,NA,7,5,5,1906,0,0,0,NA,0,001,RAMONA BL,CORAK ST,9,E,N,A,-,N,NA,NA,NA,NA,NA,NA,NA,NA,NA,Y,4,0,2,2,D,-,00,NA,NA,N,B,C,A,A,H,-,A,D,0,NA,NA,NA,NA,Y,NA,-,-,0,0,2,0,0,0,0,0,0,-,-,NA,NA,LOS ANGELES,BALDWIN PARK,-117.98680877685548,34.080265045166016
9483890,2022,2022-09-15,1906,2022-07-24,2021,4451,ELMON,7,5,5,1906,0,0,0,NA,0,NA,FRANCISQUITO AV,ATHOL ST,0,NA,Y,A,-,N,NA,NA,NA,NA,NA,NA,NA,NA,NA,N,4,0,1,2,A,-,08,22107,A,N,B,C,A,A,H,-,A,A,0,NA,NA,NA,NA,Y,NA,A,07,0,0,1,0,0,0,0,0,0,-,-,NA,NA,LOS ANGELES,BALDWIN PARK,-117.98692321777344,34.07797622680664
94838913,2025,2025-09-10,9545,2025-08-25,30,024025,NA,1,3,9,1900,0,1,3,NA,1,046,SR-2,TABLE MOUNTAIN RD,800,S,N,A,-,N,NA,NA,NA,NA,NA,NA,NA,NA,NA,N,4,0,1,1,A,-,13,22515,A,N,E,I,A,A,H,-,D,D,0,NA,NA,NA,NA,Y,NA,A,01,0,0,1,0,0,0,0,0,0,-,-,34.37763977050781,-117.68840026855467,LOS ANGELES,UNINCORPORATED,-117.68838500976564,34.37785720825195
9483893,2022,2022-08-10,1972,2022-07-22,1326,22097,NA,5,5,6,1972,0,0,0,NA,0,NA,ARLINGTON AV,237TH PL,0,NA,Y,A,-,N,NA,NA,NA,NA,NA,NA,NA,NA,NA,Y,3,0,2,2,A,-,12,22450,A,N,D,C,A,A,H,-,A,A,0,NA,NA,NA,NA,Y,NA,A,NA,0,1,1,0,0,0,0,0,0,-,-,NA,NA,LOS ANGELES,TORRANCE,-118.31993865966795,33.80982208251953
9483895,2022,2022-08-10,1926,2022-07-24,1117,0087,2,7,5,5,1926,0,0,0,NA,0,002,S GRAND AV,ROUTE 66,128,S,N,A,-,N,NA,NA,NA,NA,NA,NA,NA,NA,NA,Y,3,0,1,2,A,-,03,22350,NA,N,C,C,A,A,H,-,A,A,0,NA,NA,NA,NA,Y,NA,A,07,0,1,0,0,0,0,0,0,0,-,-,34.078521728515625,-117.87193298339844,LOS ANGELES,GLENDORA,-117.87271881103516,34.12833023071289
94838953,2025,2025-09-10,9545,2025-08-23,2025,024025,NA,6,2,9,1900,0,3,5,NA,1,005,170TH ST E,AVENUE N-8,0,NA,Y,A,-,N,NA,NA,NA,NA,NA,NA,NA,NA,NA,N,2,0,1,2,A,-,12,22450,A,N,D,C,A,A,H,-,C,A,0,NA,NA,Y,NA,Y,NA,C,02,1,0,0,0,0,0,0,0,1,-,-,34.62379837036133,-117.82698822021484,LOS ANGELES,UNINCORPORATED,-117.82698822021484,34.623783111572266
9483896,2022,2022-08-10,1972,2022-07-21,1758,21239,NA,4,5,6,1972,0,0,0,NA,0,NA,CREST RD,MATFIELD DR,0,NA,Y,A,-,N,NA,NA,NA,NA,NA,NA,NA,NA,NA,Y,4,0,2,2,A,-,09,21802,A,N,D,C,A,A,H,-,A,A,0,NA,NA,NA,NA,Y,NA,A,NA,0,0,2,0,0,0,0,0,0,-,-,NA,NA,LOS ANGELES,TORRANCE,-118.33465576171876,33.78579330444336
9483898,2022,2022-08-10,1926,2022-07-24,1347,0150,2,7,5,5,1926,0,0,0,NA,0,002,ROUTE 66,VERMONT AV,0,NA,Y,A,-,N,NA,NA,NA,NA,NA,NA,NA,NA,NA,N,4,0,1,2,A,-,08,22107,NA,N,B,C,A,A,H,-,A,A,0,NA,NA,NA,NA,Y,Y,A,07,0,0,1,0,0,0,0,0,0,-,-,34.12866973876953,-117.86740112304688,LOS ANGELES,GLENDORA,-117.86740112304688,34.128692626953125
9483899,2022,2022-08-10,1942,2022-07-03,1642,41973,25MX8,7,5,7,1942,0,0,0,NA,0,1834,AVALON BL,107TH ST,0,NA,Y,A,-,N,NA,NA,NA,NA,NA,NA,NA,NA,NA,N,2,0,1,1,A,-,03,22350,NA,N,H,I,A,A,H,-,A,D,0,NA,NA,Y,NA,Y,Y,C,02,1,0,0,0,0,0,0,0,1,-,-,NA,NA,LOS ANGELES,LOS ANGELES,-118.26519012451172,33.93928909301758
9483900,2022,2022-08-10,1972,2022-07-13,1016,22097,NA,3,5,6,1972,0,0,0,NA,0,NA,TORRANCE BL,WESTERN AV,0,NA,Y,A,-,N,NA,NA,NA,NA,NA,NA,NA,NA,NA,Y,4,0,3,2,D,-,00,NA,NA,N,D,C,A,A,H,-,A,A,0,NA,NA,NA,NA,Y,NA,-,-,0,0,3,0,0,0,0,0,0,-,-,NA,NA,LOS ANGELES,TORRANCE,-118.30931854248048,33.838279724121094
94839057,2025,2025-09-10,9565,2025-08-28,535,024321,NA,4,3,9,1900,0,2,4,NA,2,021,VERMONT AVE.,EL SEGUNDO BLVD.,10,N,N,A,-,N,NA,NA,NA,NA,NA,NA,NA,NA,NA,N,4,0,1,2,A,-,03,22350,NA,N,C,C,A,A,H,-,B,A,0,NA,NA,NA,NA,Y,NA,A,01,0,0,1,0,0,0,0,0,0,-,-,33.916629791259766,-118.29183197021484,LOS ANGELES,UNINCORPORATED,-118.29183959960938,33.916446685791016
94839069,2025,2025-09-10,9590,2025-08-28,242,021122,NA,4,3,7,1942,0,1,2,NA,2,072,US-101 N/B (HOLLYWOOD FREEWAY) (HOF),LANKERSHIM BOULEVARD,285,S,N,A,-,Y,LA,NA,101,NA,NA,10.287,H,NA,R,Y,4,0,4,3,A,-,07,21658,A,N,C,C,A,A,H,-,C,D,0,NA,NA,NA,NA,Y,NA,A,07,0,0,4,0,0,0,0,0,0,-,-,34.1372184753418,-118.36205291748048,LOS ANGELES,LOS ANGELES,-118.36202239990234,34.137245178222656
9483909,2022,2022-08-10,1920,2022-07-31,0010,14262,1920,7,5,6,1920,0,0,0,NA,0,005,FLORENCE AV,BROOKSHIRE AV,0,NA,Y,A,-,N,NA,NA,NA,NA,NA,NA,NA,NA,NA,Y,3,0,3,3,A,-,03,22350,NA,N,D,C,A,A,H,-,C,A,0,NA,NA,NA,NA,Y,NA,A,01,0,3,0,0,0,0,0,0,0,-,-,NA,NA,LOS ANGELES,DOWNEY,-118.12184143066406,33.94983673095703
9483911,2022,2022-08-10,1920,2022-07-25,1055,13118,1920,1,5,6,1920,0,0,0,NA,0,001,FIRESTONE BL,STONEWOOD,193,E,N,A,-,N,NA,NA,NA,NA,NA,NA,NA,NA,NA,Y,4,0,4,3,A,-,03,22350,NA,N,C,C,A,A,D,E,A,D,0,NA,NA,NA,NA,Y,NA,A,01,0,0,4,0,0,0,0,0,0,-,-,NA,NA,LOS ANGELES,DOWNEY,-118.12010955810548,33.93355178833008
9483912,2022,2022-08-10,1920,2022-07-19,1820,13965,NA,2,5,6,1920,0,0,0,NA,0,002,OLD RIVER SCHOOL RD,QUILL DR,0,NA,Y,A,-,N,NA,NA,NA,NA,NA,NA,NA,NA,NA,N,3,0,2,3,A,-,10,21950,A,N,G,B,B,A,H,-,A,A,0,Y,NA,NA,NA,Y,NA,A,01,0,2,0,0,2,0,0,0,0,-,-,NA,NA,LOS ANGELES,DOWNEY,-118.16008758544922,33.93199920654297
94839128,2025,2025-09-10,9590,2025-08-28,244,022720,NA,4,3,7,1942,0,1,1,NA,2,064,I-10 E/B (SANTA MONICA FREEWAY),SANTA FE AVENUE,130,W,N,A,-,Y,LA,NA,10,NA,NA,17.674,H,NA,R,Y,2,0,2,2,A,-,01,23152,A,N,C,D,A,A,H,-,C,D,0,NA,NA,NA,Y,Y,Y,A,07,1,1,0,0,0,0,0,0,0,-,-,34.02804946899414,-118.23049926757813,LOS ANGELES,LOS ANGELES,-118.23052978515624,34.028114318847656
9483913,2022,2022-08-10,1920,2022-07-18,1336,13022,NA,1,5,6,1920,0,0,0,NA,0,001,IMPERIAL HWY,WOODRUFF AV,38,W,N,A,-,N,NA,NA,NA,NA,NA,NA,NA,NA,NA,N,4,0,1,2,D,-,00,NA,NA,N,C,C,A,A,H,-,A,A,0,NA,NA,NA,NA,Y,NA,-,-,0,0,1,0,0,0,0,0,0,-,-,NA,NA,LOS ANGELES,DOWNEY,-118.11699676513672,33.9168701171875
94839133,2025,2025-09-10,9545,2025-09-02,1418,024715,NA,2,2,9,1900,0,3,5,NA,1,006,60TH STREET WEST,AVENUE M,200,S,N,A,-,N,NA,NA,NA,NA,NA,NA,NA,NA,NA,N,4,0,1,2,A,-,03,22350,NA,N,C,C,A,A,H,-,A,D,0,NA,NA,NA,NA,Y,NA,A,01,0,0,1,0,0,0,0,0,0,-,-,34.64501190185547,-118.2361068725586,LOS ANGELES,UNINCORPORATED,-118.23606872558594,34.645050048828125
9483914,2022,2022-08-10,1920,2022-07-28,1245,11792,1920,4,5,6,1920,0,0,0,NA,0,004,LAKEWOOD BL,CECILIA ST,0,NA,Y,A,-,N,NA,NA,NA,NA,NA,NA,NA,NA,NA,N,4,0,1,2,A,-,09,21801,A,N,D,C,A,A,H,-,A,A,0,NA,NA,NA,NA,Y,NA,A,08,0,0,1,0,0,0,0,0,0,-,-,NA,NA,LOS ANGELES,DOWNEY,-118.12187957763672,33.93902587890625
94839141,2025,2025-09-10,9545,2025-09-03,955,024715,NA,3,1,9,1900,0,3,5,NA,2,002,15TH STREET WEST,AVENUE O-8,0,NA,Y,A,-,N,NA,NA,NA,NA,NA,NA,NA,NA,NA,N,3,0,2,2,A,-,09,21800,A,N,D,C,A,A,H,-,A,A,0,NA,NA,NA,NA,Y,NA,-,-,0,2,0,0,0,0,0,0,0,-,-,34.6091194152832,-118.15659332275392,LOS ANGELES,UNINCORPORATED,-118.15660095214844,34.60911178588867
94839144,2025,2025-09-10,9525,2025-09-02,1001,024526,NA,2,1,5,1906,0,1,1,NA,2,103,I-10 W/B (SAN BERNARDINO FWY),BALDWIN PARK BLVD,2112,W,N,A,-,Y,LA,NA,10,NA,NA,31.813,H,NA,L,N,4,0,2,2,A,-,03,22350,NA,N,C,C,A,A,H,-,A,D,0,NA,NA,NA,NA,Y,NA,A,01,0,0,2,0,0,0,0,0,0,-,-,34.066898345947266,-117.98847198486328,LOS ANGELES,BALDWIN PARK,-117.98843383789064,34.06672668457031
9483917,2022,2022-08-10,1900,2022-07-28,2000,623660,1625,4,5,5,1977,0,0,0,NA,0,168T,AVALON BL,BAYPORT ST,212,N,N,A,-,N,NA,NA,NA,NA,NA,NA,NA,NA,NA,N,4,0,3,2,A,-,04,21703,NA,N,C,C,A,A,H,-,A,D,0,NA,NA,NA,NA,Y,NA,A,01,0,0,3,0,0,0,0,0,0,-,-,NA,NA,LOS ANGELES,CARSON,-118.26387786865234,33.815773010253906
9483918,2022,2022-08-10,1900,2022-07-25,1038,621411,1629,1,5,5,1977,0,0,0,NA,0,168T,DEL AMO BL,MAIN ST,2415,E,N,A,-,N,NA,NA,NA,NA,NA,NA,NA,NA,NA,Y,3,0,1,1,A,-,03,22350,NA,N,E,I,A,A,H,-,A,D,0,NA,NA,NA,NA,Y,NA,A,01,0,1,0,0,0,0,0,0,0,-,-,33.84621047973633,-118.27195739746094,LOS ANGELES,CARSON,-118.28006744384766,33.846309661865234
94839188,2025,2025-09-10,9565,2025-03-22,1145,023177,NA,6,1,9,1900,0,1,1,NA,2,060,INTERSTATE 405 SOUTHBOUND (SAN DIEGO FWY),120TH STREET,1310,S,N,A,-,Y,LA,NA,405,NA,NA,20.487,H,NA,L,Y,1,1,0,4,A,-,03,22350,NA,N,B,C,A,A,H,-,A,D,0,NA,NA,Y,NA,Y,Y,C,02,0,0,0,0,0,0,0,1,0,-,-,33.92012023925781,-118.36945343017578,LOS ANGELES,UNINCORPORATED,-118.3695068359375,33.920127868652344
9483919,2022,2022-08-10,1976,2022-07-10,1946,556,NA,7,5,5,1976,0,0,0,NA,0,002,WASHINGTON BL,LAMBERT RD,0,NA,Y,A,-,N,NA,NA,NA,NA,NA,NA,NA,NA,NA,Y,4,0,1,2,A,-,12,21453,A,N,D,C,A,A,H,-,A,A,0,NA,NA,NA,NA,Y,NA,-,NA,0,0,1,0,0,0,0,0,0,-,-,NA,NA,LOS ANGELES,WHITTIER,-118.0480499267578,33.967376708984375
9483920,2022,2022-08-10,1976,2022-07-04,0318,496,1976,1,5,5,1976,0,0,0,NA,0,004,SCOTT AV,MULBERRY DR,9,S,N,A,-,N,NA,NA,NA,NA,NA,NA,NA,NA,NA,Y,4,0,1,1,A,-,01,23152,A,N,E,I,A,A,H,-,C,A,0,NA,NA,NA,NA,Y,Y,-,NA,0,0,1,0,0,0,0,0,0,-,-,NA,NA,LOS ANGELES,WHITTIER,-118.00086975097656,33.935176849365234
94839225,2025,2025-09-10,9525,2025-09-03,735,024618,NA,3,1,5,1990,0,1,3,NA,2,574,SR-57 N/B (ORANGE FWY),SR-60 E/B (POMONA FWY),200,S,N,A,-,Y,LA,NA,57,NA,R,4.364,H,NA,R,N,4,0,1,2,A,-,03,22350,NA,N,C,C,A,A,H,-,A,D,0,NA,NA,NA,NA,Y,NA,A,07,0,0,1,0,0,0,0,0,0,-,-,34.00001907348633,-117.83634185791016,LOS ANGELES,DIAMOND BAR,-117.83633422851564,34.00001525878906
94839236,2025,2025-09-10,9525,2025-09-03,1325,024526,NA,3,1,6,1955,0,1,1,NA,2,108,I-10 E/B (SAN BERNARDINO FWY),FAIRPLEX DR.,40,W,N,A,-,Y,LA,NA,10,NA,NA,43.65,H,NA,R,N,4,0,1,2,A,-,07,21658,A,N,C,C,A,A,H,-,A,D,0,NA,NA,NA,Y,Y,NA,A,07,0,0,1,0,0,0,0,0,0,-,-,34.07292938232422,-117.78775787353516,LOS ANGELES,POMONA,-117.78772735595705,34.07270050048828
94839240,2025,2025-09-10,9535,2025-08-31,1213,024280,NA,7,1,3,1914,0,1,1,NA,2,072,INTERSTATE 710 N/B,WASHINGTON BOULEVARD,1584,N,N,A,-,Y,LA,NA,710,NA,NA,22.865,H,NA,R,N,4,0,2,2,A,-,03,22350,NA,N,C,C,A,A,H,-,A,D,0,NA,NA,NA,NA,Y,NA,A,01,0,0,2,0,0,0,0,0,0,-,-,34.01057052612305,-118.17225646972656,LOS ANGELES,COMMERCE,-118.17225646972656,34.01057052612305