CASE_ID,ACCIDENT_YEAR,PROC_DATE,JURIS,COLLISION_DATE,COLLISION_TIME,OFFICER_ID,REPORTING_DISTRICT,DAY_OF_WEEK,CHP_SHIFT,POPULATION,CNTY_CITY_LOC,SPECIAL_COND,BEAT_TYPE,CHP_BEAT_TYPE,CITY_DIVISION_LAPD,CHP_BEAT_CLASS,BEAT_NUMBER,PRIMARY_RD,SECONDARY_RD,DISTANCE,DIRECTION,INTERSECTION,WEATHER_1,WEATHER_2,STATE_HWY_IND,CALTRANS_COUNTY,CALTRANS_DISTRICT,STATE_ROUTE,ROUTE_SUFFIX,POSTMILE_PREFIX,POSTMILE,LOCATION_TYPE,RAMP_INTERSECTION,SIDE_OF_HWY,TOW_AWAY,COLLISION_SEVERITY,NUMBER_KILLED,NUMBER_INJURED,PARTY_COUNT,PRIMARY_COLL_FACTOR,PCF_CODE_OF_VIOL,PCF_VIOL_CATEGORY,PCF_VIOLATION,PCF_VIOL_SUBSECTION,HIT_AND_RUN,TYPE_OF_COLLISION,MVIW,PED_ACTION,ROAD_SURFACE,ROAD_COND_1,ROAD_COND_2,LIGHTING,CONTROL_DEVICE,CHP_ROAD_TYPE,PEDESTRIAN_ACCIDENT,BICYCLE_ACCIDENT,MOTORCYCLE_ACCIDENT,TRUCK_ACCIDENT,NOT_PRIVATE_PROPERTY,ALCOHOL_INVOLVED,STWD_VEHTYPE_AT_FAULT,CHP_VEHTYPE_AT_FAULT,COUNT_SEVERE_INJ,COUNT_VISIBLE_INJ,COUNT_COMPLAINT_PAIN,COUNT_PED_KILLED,COUNT_PED_INJURED,COUNT_BICYCLIST_KILLED,COUNT_BICYCLIST_INJURED,COUNT_MC_KILLED,COUNT_MC_INJURED,PRIMARY_RAMP,SECONDARY_RAMP,LATITUDE,LONGITUDE,COUNTY,CITY,POINT_X,POINT_Y
9484752,2022,2022-08-26,1900,2022-07-16,0806,658292,1134,6,5,6,1992,0,0,0,NA,0,NA,4TH STREET EAST,AVENUE M,0,NA,Y,A,-,N,NA,NA,NA,NA,NA,NA,NA,NA,NA,N,3,0,2,2,C,-,18,NA,NA,N,D,C,A,A,H,-,A,A,0,NA,NA,NA,NA,Y,NA,-,-,0,2,0,0,0,0,0,0,0,-,-,NA,NA,LOS ANGELES,LANCASTER,-118.12320709228516,34.645877838134766
94847539,2025,2025-09-17,9580,2025-09-15,514,018718,NA,1,3,7,1942,0,1,2,NA,2,105,US-101 S/B (VENTURA FREEWAY),FALLBROOK AVE,1200,S,N,A,-,Y,LA,NA,101,NA,NA,26.22,H,NA,L,N,2,0,3,2,A,-,01,23152,A,N,C,2,A,A,H,-,D,D,0,NA,NA,NA,NA,Y,Y,A,01,2,1,0,0,0,0,0,0,0,-,-,34.16572189331055,-118.61937713623048,LOS ANGELES,LOS ANGELES,-118.61936950683594,34.16570281982422
94847546,2025,2025-09-17,9580,2025-09-13,2227,023655,NA,6,3,7,1942,0,1,2,NA,2,101,US-101 S/B (HOLLYWOOD FREEWAY),CAMPO DE CAHUENGA,581,N,N,A,-,Y,LA,NA,101,NA,NA,10.689,H,NA,L,N,4,0,1,1,A,-,08,22107,NA,N,F,J,A,A,H,-,C,D,0,NA,NA,NA,NA,Y,NA,A,07,0,0,1,0,0,0,0,0,0,-,-,34.14154052734375,-118.36685943603516,LOS ANGELES,LOS ANGELES,-118.36675262451172,34.14157485961914
94847549,2025,2025-09-17,9580,2025-09-12,1115,020849,NA,5,1,7,1942,0,1,1,NA,2,406,I-405 N/B (SAN DIEGO FWY),PLUMMER STREET,700,S,N,A,-,Y,LA,NA,405,NA,NA,45.11,H,NA,R,Y,3,0,1,2,A,-,03,22350,NA,F,C,C,A,A,H,-,A,D,0,NA,NA,NA,NA,Y,NA,A,01,0,1,0,0,0,0,0,0,0,-,-,34.240821838378906,-118.47283935546876,LOS ANGELES,LOS ANGELES,-118.472900390625,34.240821838378906
94847551,2025,2025-09-17,9580,2025-09-06,1220,024645,NA,6,1,9,1900,0,3,5,NA,1,010,MULHOLLAND HWY W/B,SIERRA CREEK RD,223.1,W,N,A,-,N,NA,NA,NA,NA,NA,NA,NA,NA,NA,Y,3,0,1,1,A,-,08,22107,NA,N,H,J,A,A,H,-,A,D,0,NA,NA,Y,NA,Y,NA,C,02,0,1,0,0,0,0,0,0,1,-,-,34.11381912231445,-118.7861099243164,LOS ANGELES,UNINCORPORATED,-118.78605651855467,34.11375427246094
94847553,2025,2025-09-17,9540,2025-09-16,510,019254,NA,2,3,6,1985,0,1,3,NA,2,149,SR-14 S/B (ANTELOPE VALLEY FREEWAY),VIA PRINCESSA WAY,1584,S,N,A,-,Y,LA,NA,14,NA,R,30.555,H,NA,L,Y,4,0,1,3,A,-,03,22350,NA,N,C,2,A,A,H,-,C,D,0,NA,NA,NA,NA,Y,NA,A,01,0,0,1,0,0,0,0,0,0,-,-,34.39979934692383,-118.46009063720705,LOS ANGELES,SANTA CLARITA,-118.46014404296876,34.399864196777344
94847561,2025,2025-09-17,9535,2025-09-08,2130,024568,NA,1,2,6,1922,0,1,1,NA,2,401,I-10 (SAN BERNARDINO FREEWAY) W/B,VALLEY BLVD,15,E,N,A,-,Y,NA,NA,NA,NA,NA,NA,NA,NA,NA,N,3,0,1,2,A,-,10,21950,A,N,G,B,B,A,H,-,C,D,0,Y,NA,NA,NA,Y,NA,A,01,0,1,0,0,1,0,0,0,0,-,-,34.06863021850586,-118.02745056152344,LOS ANGELES,EL MONTE,-118.02696990966795,34.06813049316406
94847578,2025,2025-09-17,9540,2025-09-15,1222,019254,NA,1,1,7,1942,0,1,1,NA,1,503,I-5 S/B (GOLDEN STATE FREEWAY),SAN FERNANDO ROAD (U/C),2640,S,N,A,-,Y,LA,NA,5,NA,R,44.436,H,NA,L,N,3,0,3,2,A,-,03,22350,NA,N,C,C,A,A,H,-,A,D,0,NA,NA,NA,NA,Y,NA,A,07,0,1,2,0,0,0,0,0,0,-,-,34.32093811035156,-118.49632263183594,LOS ANGELES,LOS ANGELES,-118.496337890625,34.32091522216797
94847588,2025,2025-09-17,9550,2025-09-03,445,024157,NA,3,3,3,1964,0,1,1,NA,2,500,INTERSTATE 5 NORTHBOUND (SANTA ANA FREEWAY),INTERSTATE 605 (SAN GABRIEL RIVER FREEWAY),30,N,N,A,-,Y,LA,NA,5,NA,NA,6.752,H,NA,R,Y,2,0,2,2,A,-,03,22350,NA,N,C,C,A,A,H,-,C,D,0,NA,NA,NA,Y,Y,NA,A,07,1,0,1,0,0,0,0,0,0,-,-,33.940040588378906,-118.09574127197266,LOS ANGELES,SANTA FE SPRINGS,-118.09577178955078,33.940025329589844
94847614,2025,2025-09-17,9580,2025-09-10,1250,023836,NA,3,1,7,1942,0,1,1,NA,2,404,I-405 N/B (SAN DIEGO FWY),SHERMAN WAY,1584,S,N,A,-,Y,LA,NA,405,NA,NA,42.058,H,NA,R,N,4,0,1,2,A,-,08,22107,NA,N,B,C,A,A,H,-,A,D,0,NA,NA,NA,NA,Y,NA,D,22,0,0,1,0,0,0,0,0,0,-,-,34.19655990600586,-118.47428894042967,LOS ANGELES,LOS ANGELES,-118.47420501708984,34.196556091308594
94847616,2025,2025-09-17,9575,2025-09-05,2154,024266,NA,5,2,7,1942,0,1,1,NA,2,061,I-210 E/B TO WHEATLAND AVE,WHEATLAND AVE,0,NA,Y,A,-,Y,NA,NA,NA,NA,NA,NA,NA,NA,NA,Y,3,0,1,1,A,-,01,23152,A,N,E,I,A,A,H,-,C,A,0,NA,NA,NA,NA,Y,Y,A,01,0,1,0,0,0,0,0,0,0,-,-,34.27164077758789,-118.35302734375,LOS ANGELES,LOS ANGELES,-118.3530044555664,34.272098541259766
94847636,2025,2025-09-17,9580,2025-09-05,1622,023707,NA,5,2,7,1942,0,1,3,NA,2,118,SR-118 E/B (RONALD REAGAN FWY.),PORTER RANCH DR,300,W,N,A,-,Y,LA,NA,118,NA,R,3.098,H,NA,R,N,4,0,1,2,A,-,03,22350,NA,N,C,C,A,A,H,-,A,D,0,NA,NA,NA,NA,Y,NA,D,22,0,0,1,0,0,0,0,0,0,-,-,34.27326965332031,-118.58322143554688,LOS ANGELES,LOS ANGELES,-118.58322143554688,34.27332305908203
94847655,2025,2025-09-17,9580,2025-09-09,342,023213,NA,2,3,7,1942,0,1,3,NA,2,171,SR-170 S/B (HOLLYWOOD FREEWAY),VICTORY BLVD,375,S,N,A,-,Y,LA,NA,170,NA,R,17.207,H,NA,L,Y,2,0,2,1,A,-,01,23152,G,N,E,8,A,A,H,-,C,D,0,NA,NA,NA,NA,Y,Y,A,01,2,0,0,0,0,0,0,0,0,-,-,34.185821533203125,-118.40131378173828,LOS ANGELES,LOS ANGELES,-118.40119171142578,34.18585968017578
94847657,2025,2025-09-17,9575,2025-09-06,1000,021970,NA,6,1,6,1953,0,1,1,NA,2,063,I-210 E/B (FOOTHILL FREEWAY),MOUNTAIN ST.,150,E,N,A,-,Y,LA,NA,210,NA,R,24.114,H,NA,R,N,4,0,1,3,A,-,03,22350,NA,N,C,A,A,A,H,-,A,D,0,NA,NA,NA,NA,Y,NA,A,01,0,0,1,0,0,0,0,0,0,-,-,34.161590576171875,-118.15869903564452,LOS ANGELES,PASADENA,-118.15861511230467,34.16158676147461
9484767,2022,2022-08-31,1906,2022-07-29,0916,4447,NA,5,5,5,1906,0,0,0,NA,0,003,BALDWIN PARK BL,STEWART AV,51,S,N,A,-,N,NA,NA,NA,NA,NA,NA,NA,NA,NA,N,3,0,1,2,A,-,03,22350,NA,N,B,G,A,A,H,-,A,D,0,NA,Y,NA,NA,Y,NA,L,04,0,1,0,0,0,0,1,0,0,-,-,NA,NA,LOS ANGELES,BALDWIN PARK,-117.96743011474608,34.08125686645508
94847700,2025,2025-09-19,9530,2025-09-06,1205,024418,NA,6,1,7,1942,0,1,1,NA,2,110,I-110 N/B (HARBOR FREEWAY),I-105 W/B (GLENN ANDERSON FWY),2500,S,N,A,-,Y,LA,NA,110,NA,NA,13.354,H,NA,R,N,4,0,1,2,A,-,03,22350,NA,N,C,C,A,A,H,-,A,D,0,NA,NA,NA,NA,Y,NA,A,01,0,0,1,0,0,0,0,0,0,-,-,33.92185974121094,-118.28147888183594,LOS ANGELES,LOS ANGELES,-118.28163909912108,33.921913146972656
9484776,2022,2022-09-01,1955,2022-07-11,1304,40649,30,1,5,6,1955,0,0,0,NA,0,002,GAREY AV,GROVE ST,477,N,N,A,-,N,NA,NA,NA,NA,NA,NA,NA,NA,NA,Y,4,0,1,2,A,-,09,21804,A,N,D,C,A,A,H,-,A,A,0,NA,NA,NA,NA,Y,NA,A,01,0,0,1,0,0,0,0,0,0,-,-,34.10322189331055,-117.74861907958984,LOS ANGELES,POMONA,-117.74852752685548,34.104496002197266
94847761,2025,2025-09-17,9530,2025-09-10,1930,023654,NA,3,2,9,1900,0,3,5,NA,2,001,CENTURY BOULEVARD,SUCCESS AVENUE,0,NA,Y,A,-,N,NA,NA,NA,NA,NA,NA,NA,NA,NA,Y,2,0,4,2,A,-,01,23152,NA,N,B,C,A,A,H,-,C,D,0,NA,NA,NA,NA,Y,Y,A,01,1,0,3,0,0,0,0,0,0,-,-,33.945621490478516,-118.25031280517578,LOS ANGELES,UNINCORPORATED,-118.24915313720705,33.94560623168945
9484777,2022,2022-09-01,1955,2022-07-13,0908,42805,049,3,5,6,1955,0,0,0,NA,0,001,HOLT AV,LEWIS ST,111,E,N,A,-,N,NA,NA,NA,NA,NA,NA,NA,NA,NA,NA,4,0,1,2,A,-,05,21650,NA,N,D,G,A,A,H,-,A,A,0,NA,Y,NA,NA,Y,NA,L,04,0,0,1,0,0,0,1,0,0,-,-,34.06190872192383,-117.76956939697266,LOS ANGELES,POMONA,-117.76917266845705,34.0619010925293
9484778,2022,2022-09-01,1955,2022-07-14,0829,41385,52,4,5,6,1955,0,0,0,NA,0,005,MISSION BL,HAMILTON BL,0,NA,Y,A,-,N,NA,NA,NA,NA,NA,NA,NA,NA,NA,Y,3,0,2,2,A,-,09,21801,A,N,D,C,A,A,H,-,A,A,0,NA,NA,NA,NA,Y,NA,A,01,0,1,1,0,0,0,0,0,0,-,-,34.0547981262207,-117.7631607055664,LOS ANGELES,POMONA,-117.7631378173828,34.05479431152344
9484779,2022,2022-09-01,1955,2022-07-15,1155,42314,05,5,5,6,1955,0,0,0,NA,0,004,PALOMARES ST,MISSION BL,122,S,N,A,-,N,NA,NA,NA,NA,NA,NA,NA,NA,NA,NA,4,0,1,2,A,-,09,21804,A,N,D,G,A,A,H,-,A,A,0,NA,Y,NA,NA,Y,NA,L,04,0,0,1,0,0,0,1,0,0,-,-,34.05522918701172,-117.74568176269533,LOS ANGELES,POMONA,-117.74568176269533,34.05488586425781
9484780,2022,2022-09-01,1955,2022-07-17,1037,42120,6,7,5,6,1955,0,0,0,NA,0,001,HOLT AV,PARK AV,0,NA,Y,A,-,N,NA,NA,NA,NA,NA,NA,NA,NA,NA,NA,3,0,1,2,A,-,11,21950,B,N,G,B,B,A,H,-,A,A,0,Y,NA,NA,NA,Y,NA,N,60,0,1,0,0,1,0,0,0,0,-,-,34.062259674072266,-117.75469207763672,LOS ANGELES,POMONA,-117.7546615600586,34.06228256225586
94847849,2025,2025-09-17,9540,2025-09-08,1400,024373,NA,1,2,9,1900,0,1,3,NA,1,144,SR-14 N/B TO NEWHALL AVE OFFRAMP,NEWHALL AVENUE,415,N,N,A,-,Y,NA,NA,NA,NA,NA,NA,NA,NA,NA,Y,4,0,1,1,A,-,03,22350,NA,N,E,I,A,A,H,-,A,D,0,NA,NA,NA,NA,Y,NA,A,01,0,0,1,0,0,0,0,0,0,-,-,34.3661003112793,-118.50218200683594,LOS ANGELES,UNINCORPORATED,-118.5028839111328,34.36611557006836
94847850,2025,2025-09-17,9540,2025-08-30,1248,023330,NA,6,1,7,1942,0,1,1,NA,2,210,I-210 WB,YARNELL ST,1360,E,N,A,-,Y,LA,NA,210,NA,R,1.122,H,NA,L,N,4,0,1,1,A,-,01,23152,A,N,E,I,A,A,H,-,A,D,0,NA,NA,NA,NA,Y,Y,A,07,0,0,1,0,0,0,0,0,0,-,-,34.323238372802734,-118.47454833984376,LOS ANGELES,LOS ANGELES,-118.47455596923828,34.323326110839844
94848084,2025,2025-09-17,9530,2025-09-08,1430,024460,NA,1,2,9,1900,0,3,5,NA,2,001,NAOMI AVE,81 ST ST,60,N,N,A,-,N,NA,NA,NA,NA,NA,NA,NA,NA,NA,N,4,0,1,2,A,-,08,22107,NA,N,B,C,A,A,H,-,A,D,0,NA,NA,NA,NA,Y,NA,A,07,0,0,1,0,0,0,0,0,0,-,-,33.96580123901367,-118.2542724609375,LOS ANGELES,UNINCORPORATED,-118.2542724609375,33.96580505371094
94848161,2025,2025-09-17,9535,2025-09-05,1320,024446,NA,5,1,5,1906,0,1,1,NA,2,650,I-605 N/B (SAN GABRIEL RIVER FREEWAY),GOLF COURSE P.U.C.,631,N,N,A,-,Y,LA,NA,605,NA,R,18.844,H,NA,R,N,3,0,1,2,A,-,03,22350,NA,N,C,C,A,A,H,-,A,D,0,NA,NA,NA,NA,Y,NA,D,22,0,1,0,0,0,0,0,0,0,-,-,34.04677963256836,-118.0083236694336,LOS ANGELES,BALDWIN PARK,-118.00833129882813,34.04678726196289
94848198,2025,2025-09-17,9530,2025-09-09,2135,022670,NA,2,2,7,1941,0,1,1,NA,2,072,I-710 N/B (LONG BEACH FREEWAY),WILLOW ST.,1742,S,N,A,-,Y,LA,NA,710,NA,NA,7.553,H,NA,R,Y,2,0,1,1,A,-,08,22107,NA,N,E,I,A,A,H,-,D,D,0,NA,NA,NA,NA,Y,NA,A,07,1,0,0,0,0,0,0,0,0,-,-,33.79957962036133,-118.20693206787108,LOS ANGELES,LONG BEACH,-118.20685577392578,33.79957962036133
94848274,2025,2025-09-17,9545,2025-09-06,2315,023856,NA,6,3,9,1900,0,3,5,NA,2,004,110TH ST  E,AVENUE S,142,N,N,A,-,N,NA,NA,NA,NA,NA,NA,NA,NA,NA,N,2,0,1,1,A,-,01,23152,A,N,F,A,A,A,H,-,D,D,0,NA,NA,Y,NA,Y,Y,C,06,1,0,0,0,0,0,0,0,1,-,-,34.558380126953125,-117.93417358398438,LOS ANGELES,UNINCORPORATED,-117.93411254882813,34.558349609375
94848291,2025,2025-09-17,9535,2025-08-26,1126,024545,NA,2,1,9,1900,0,1,3,NA,2,620,SR-60 EASTBOUND (POMONA FREEWAY) TO I-605 (SAN GAB,I-605 N/B (SAN GABRIEL RIVER FREEWAY),800,W,N,A,-,Y,LA,NA,60,NA,NA,11.552,H,NA,R,Y,2,0,1,1,A,-,03,22350,NA,N,E,I,A,A,H,-,C,D,0,NA,NA,Y,NA,Y,NA,C,02,1,0,0,0,0,0,0,0,1,-,-,34.034881591796875,-118.03003692626952,LOS ANGELES,UNINCORPORATED,-118.02989196777344,34.035118103027344
94848296,2025,2025-09-17,9545,2025-09-08,827,024677,NA,1,1,9,1900,0,3,5,NA,2,004,SIERRA HWY,PEARBLOSSOM HWY,15,S,N,A,-,Y,NA,NA,NA,NA,NA,NA,NA,NA,NA,Y,3,0,2,2,A,-,08,22107,NA,N,C,C,A,A,H,-,A,A,0,NA,NA,NA,NA,Y,NA,A,01,0,2,0,0,0,0,0,0,0,-,-,34.52180099487305,-118.09764099121094,LOS ANGELES,UNINCORPORATED,-118.09749603271484,34.52196502685547
94848370,2025,2025-09-17,9550,2025-09-07,1255,024284,NA,7,1,3,1964,0,1,1,NA,2,650,I-605,RIVERA ROAD,2275,S,N,A,-,Y,LA,NA,605,NA,R,10.999,H,NA,R,N,3,0,3,4,A,-,08,22107,NA,N,B,2,A,A,D,-,A,D,0,NA,NA,NA,NA,Y,NA,A,01,0,1,2,0,0,0,0,0,0,-,-,33.95956039428711,-118.08661651611328,LOS ANGELES,SANTA FE SPRINGS,-118.08644104003906,33.95950698852539
94848378,2025,2025-09-17,9535,2025-09-07,126,023704,NA,7,3,9,1900,0,1,3,NA,2,600,SR-60 (POMONA FREEWAY) E/B,ROWAN AVE,206,E,N,A,-,Y,LA,NA,60,NA,R,2.277,H,NA,R,Y,2,0,1,2,A,-,03,22350,NA,N,B,C,A,A,H,-,C,D,0,NA,NA,Y,NA,Y,NA,A,07,1,0,0,0,0,0,0,0,1,-,-,34.03168869018555,-118.1864776611328,LOS ANGELES,UNINCORPORATED,-118.1864776611328,34.03168487548828
94848397,2025,2025-09-17,9550,2025-08-24,500,024157,NA,7,3,5,1919,0,1,1,NA,2,652,I-605 N/B TO SR-91 E/B,SR-91,290,S,N,A,-,Y,NA,NA,NA,NA,NA,NA,NA,NA,NA,Y,3,0,1,1,A,-,08,22107,NA,N,E,8,A,A,H,-,D,D,0,NA,NA,NA,NA,Y,NA,D,22,0,1,0,0,0,0,0,0,0,-,-,33.875728607177734,-118.10083770751952,LOS ANGELES,CERRITOS,-118.10206604003906,33.875484466552734
94848451,2025,2025-09-17,9550,2025-09-08,720,024558,NA,1,1,9,1900,0,1,3,NA,2,602,SR-60 W/B,NOGALES ST,2640,E,N,A,-,Y,LA,NA,60,NA,NA,20.961,H,NA,L,N,4,0,1,3,A,-,03,22350,NA,N,C,C,A,A,H,-,A,D,0,NA,NA,NA,NA,Y,NA,A,08,0,0,1,0,0,0,0,0,0,-,-,33.99497985839844,-117.87943267822266,LOS ANGELES,UNINCORPORATED,-117.87943267822266,33.994998931884766
9484846,2022,2022-08-24,1900,2022-07-29,0822,478087,0524,5,5,4,1971,0,0,0,NA,0,52AM,KEY WEST ST,LA ROSA DR,15,E,N,A,-,N,NA,NA,NA,NA,NA,NA,NA,NA,NA,Y,4,0,1,2,B,-,22,NA,NA,N,D,E,A,A,H,-,A,D,0,NA,NA,NA,NA,Y,NA,A,01,0,0,1,0,0,0,0,0,0,-,-,NA,NA,LOS ANGELES,TEMPLE CITY,-118.04145050048828,34.095096588134766
94848471,2025,2025-09-17,9545,2025-08-09,1115,023263,NA,6,1,9,1900,0,3,5,NA,1,005,170TH STREET EAST,EAST AVENUE M -4,35,N,N,A,-,N,NA,NA,NA,NA,NA,NA,NA,NA,NA,Y,2,0,1,1,A,-,06,21751,NA,N,F,J,A,A,H,-,A,D,0,NA,NA,NA,NA,Y,NA,A,01,1,0,0,0,0,0,0,0,0,-,-,34.64255905151367,-117.82778930664064,LOS ANGELES,UNINCORPORATED,-117.82730865478516,34.64582443237305
94848484,2025,2025-09-17,9530,2025-09-07,1905,024495,NA,7,2,9,1900,0,3,5,NA,2,001,COMPTON AVE. (6200 BLOCK),62ND ST,90,N,N,A,-,N,NA,NA,NA,NA,NA,NA,NA,NA,NA,N,3,0,1,2,A,-,21,22106,NA,F,D,C,A,A,H,-,C,D,0,NA,NA,NA,NA,Y,NA,A,01,0,1,0,0,0,0,0,0,0,-,-,33.98366928100586,-118.2477798461914,LOS ANGELES,UNINCORPORATED,-118.24774169921876,33.983665466308594
94848518,2025,2025-09-17,9550,2025-09-08,549,024622,NA,1,3,9,1900,0,1,1,NA,2,652,I-605 S/B,DEL AMO BOULEVARD,1056,N,N,A,-,Y,LA,NA,605,NA,R,3.111,H,NA,L,N,3,0,1,2,A,-,03,22350,NA,N,C,C,A,A,H,-,B,D,0,NA,NA,NA,NA,Y,NA,A,01,0,1,0,0,0,0,0,0,0,-,-,33.84928894042969,-118.09403228759766,LOS ANGELES,UNINCORPORATED,-118.09414672851564,33.84926223754883
94848529,2025,2025-09-17,9530,2025-09-09,2215,021709,NA,2,3,7,1942,0,1,1,NA,2,400,I-405 S/B (SAN DIEGO FREEWAY),VERMONT AVENUE,1200,N,N,A,-,Y,LA,NA,405,NA,NA,13.573,H,NA,L,Y,3,0,2,2,A,-,03,22350,NA,N,C,C,A,A,H,-,C,D,0,NA,NA,NA,NA,Y,NA,A,07,0,2,0,0,0,0,0,0,0,-,-,33.85976028442383,-118.2944107055664,LOS ANGELES,LOS ANGELES,-118.2944107055664,33.8597297668457
94848545,2025,2025-09-17,9550,2025-09-08,900,018854,NA,1,1,6,1920,0,1,1,NA,2,150,I-105 E/B,BELLFLOWER BLVD.,600,E,N,A,-,Y,LA,NA,105,NA,R,16.762,H,NA,R,N,3,0,1,2,A,-,07,21658,A,N,B,C,A,A,H,-,A,D,0,NA,NA,Y,NA,Y,NA,A,01,0,1,0,0,0,0,0,0,1,-,-,33.91318130493164,-118.1232681274414,LOS ANGELES,DOWNEY,-118.1232681274414,33.91315460205078
94848589,2025,2025-09-17,9550,2025-09-07,1425,024514,NA,7,2,9,1900,0,1,3,NA,2,601,SR-60 EASTBOUND,AZUSA AVENUE,1230,W,N,A,-,Y,LA,NA,60,NA,NA,17.73,H,NA,R,N,4,0,2,3,A,-,03,22350,NA,N,C,2,A,A,H,-,A,D,0,NA,NA,NA,NA,Y,NA,A,01,0,0,2,0,0,0,0,0,0,-,-,33.99776840209961,-117.9352569580078,LOS ANGELES,UNINCORPORATED,-117.93523406982422,33.99783706665039
94848590,2025,2025-09-17,9535,2025-07-15,1800,024550,NA,2,2,3,1914,0,1,1,NA,2,501,I-5 (SANTA ANA FREEWAY) S/B,RIO HONDO RIVER,1,N,N,A,-,Y,LA,NA,5,NA,NA,9.503,H,NA,L,N,2,0,1,2,A,-,07,21658,A,N,B,C,A,A,H,-,A,D,0,NA,NA,Y,NA,Y,NA,A,01,1,0,0,0,0,0,0,0,1,-,-,33.97174835205078,-118.12303924560548,LOS ANGELES,COMMERCE,-118.12303924560548,33.97174835205078
94848592,2025,2025-09-17,9550,2025-09-05,1410,022167,NA,5,2,3,1964,0,1,1,NA,2,501,I-5 N/B,ALONDRA BOULEVARD,1000,N,N,A,-,Y,LA,NA,5,NA,NA,1.884,H,NA,R,Y,4,0,2,3,A,-,03,22350,NA,N,C,C,A,A,H,-,A,D,0,NA,NA,NA,NA,Y,NA,A,01,0,0,2,0,0,0,0,0,0,-,-,33.889488220214844,-118.03855895996094,LOS ANGELES,SANTA FE SPRINGS,-118.03853607177734,33.889522552490234
94848597,2025,2025-09-17,9535,2025-08-28,600,024680,NA,4,1,6,1922,0,1,1,NA,2,401,I-10 W/B (SAN BERNARDINO FREEWAY),DURFEE AVE,890,W,N,A,-,Y,LA,NA,10,NA,NA,30.369,H,NA,L,Y,2,0,1,3,A,-,08,22107,NA,F,C,C,A,A,H,-,B,D,0,NA,NA,Y,NA,Y,NA,J,48,1,0,0,0,0,0,0,0,1,-,-,34.064998626708984,-118.01357269287108,LOS ANGELES,EL MONTE,-118.01355743408205,34.06503677368164
94848600,2025,2025-09-17,9550,2025-09-07,1350,024254,NA,7,1,9,1900,0,1,1,NA,2,650,I-605 (S/B),OBREGON STREET,528,S,N,A,-,Y,LA,NA,605,NA,R,13.877,H,NA,R,N,4,0,3,2,A,-,03,22350,NA,N,C,C,A,A,H,-,A,D,0,NA,NA,NA,NA,Y,NA,A,01,0,0,3,0,0,0,0,0,0,-,-,33.99784851074219,-118.06836700439452,LOS ANGELES,UNINCORPORATED,-118.06807708740234,33.997802734375
94848669,2025,2025-09-17,9550,2025-09-05,1244,020025,NA,5,1,9,1900,0,2,4,NA,1,052,COLIMA RD,DESIRE AVENUE,0,NA,Y,A,-,N,NA,NA,NA,NA,NA,NA,NA,NA,NA,N,4,0,1,2,A,-,09,21804,A,N,H,G,A,A,H,-,A,A,0,NA,Y,NA,NA,Y,NA,L,04,0,0,1,0,0,0,1,0,0,-,-,33.98794174194336,-117.89666748046876,LOS ANGELES,UNINCORPORATED,-117.896484375,33.987850189208984
94848727,2025,2025-09-17,9535,2025-09-09,510,023704,NA,2,3,5,1947,0,1,3,NA,2,600,SR-60 (POMONA FREEWAY) E/B,MARKLAND DR,220,E,N,A,-,Y,LA,NA,60,NA,R,6.363,H,NA,R,Y,3,0,1,2,A,-,03,22350,NA,N,C,C,A,A,H,-,D,D,0,NA,NA,NA,NA,Y,NA,A,07,0,1,0,0,0,0,0,0,0,-,-,34.03321838378906,-118.11714935302734,LOS ANGELES,MONTEBELLO,-118.11714935302734,34.03318405151367
94848740,2025,2025-09-17,9530,2025-09-09,945,024399,NA,2,1,7,1942,0,1,1,NA,2,200,I-105 W/B (GLENN ANDERSON FWY),VERMONT AVENUE,1320,E,N,A,-,Y,LA,NA,105,NA,R,7.105,H,NA,L,N,3,0,1,2,A,-,07,21658,A,N,B,2,A,A,H,-,A,A,0,NA,NA,Y,NA,Y,NA,A,07,0,1,0,0,0,0,0,0,1,-,-,33.928871154785156,-118.2855987548828,LOS ANGELES,LOS ANGELES,-118.2855987548828,33.928863525390625
94848774,2025,2025-09-17,9535,2025-07-06,1955,024550,NA,7,2,5,1959,0,1,3,NA,2,620,SR-60 E/B (POMONA FREEWAY),SAN GABRIEL BLVD,200,W,N,A,-,Y,LA,NA,60,NA,R,8.176,H,NA,R,N,4,0,1,2,A,-,08,22107,NA,F,B,C,A,A,H,-,C,D,0,NA,NA,NA,NA,Y,NA,-,99,0,0,1,0,0,0,0,0,0,-,-,34.0377197265625,-118.08618927001952,LOS ANGELES,ROSEMEAD,-118.08615112304688,34.0376091003418