CASE_ID,ACCIDENT_YEAR,PROC_DATE,JURIS,COLLISION_DATE,COLLISION_TIME,OFFICER_ID,REPORTING_DISTRICT,DAY_OF_WEEK,CHP_SHIFT,POPULATION,CNTY_CITY_LOC,SPECIAL_COND,BEAT_TYPE,CHP_BEAT_TYPE,CITY_DIVISION_LAPD,CHP_BEAT_CLASS,BEAT_NUMBER,PRIMARY_RD,SECONDARY_RD,DISTANCE,DIRECTION,INTERSECTION,WEATHER_1,WEATHER_2,STATE_HWY_IND,CALTRANS_COUNTY,CALTRANS_DISTRICT,STATE_ROUTE,ROUTE_SUFFIX,POSTMILE_PREFIX,POSTMILE,LOCATION_TYPE,RAMP_INTERSECTION,SIDE_OF_HWY,TOW_AWAY,COLLISION_SEVERITY,NUMBER_KILLED,NUMBER_INJURED,PARTY_COUNT,PRIMARY_COLL_FACTOR,PCF_CODE_OF_VIOL,PCF_VIOL_CATEGORY,PCF_VIOLATION,PCF_VIOL_SUBSECTION,HIT_AND_RUN,TYPE_OF_COLLISION,MVIW,PED_ACTION,ROAD_SURFACE,ROAD_COND_1,ROAD_COND_2,LIGHTING,CONTROL_DEVICE,CHP_ROAD_TYPE,PEDESTRIAN_ACCIDENT,BICYCLE_ACCIDENT,MOTORCYCLE_ACCIDENT,TRUCK_ACCIDENT,NOT_PRIVATE_PROPERTY,ALCOHOL_INVOLVED,STWD_VEHTYPE_AT_FAULT,CHP_VEHTYPE_AT_FAULT,COUNT_SEVERE_INJ,COUNT_VISIBLE_INJ,COUNT_COMPLAINT_PAIN,COUNT_PED_KILLED,COUNT_PED_INJURED,COUNT_BICYCLIST_KILLED,COUNT_BICYCLIST_INJURED,COUNT_MC_KILLED,COUNT_MC_INJURED,PRIMARY_RAMP,SECONDARY_RAMP,LATITUDE,LONGITUDE,COUNTY,CITY,POINT_X,POINT_Y
94858886,2025,2025-09-25,9565,2025-09-14,2325,024496,NA,7,3,6,1933,0,1,1,NA,2,060,I-405 S/B TO I-105 E/B,IMPERIAL HWY,1320,N,N,A,-,Y,NA,NA,NA,NA,NA,NA,NA,NA,NA,N,3,0,2,2,A,-,07,21658,A,N,B,C,A,A,H,-,D,D,0,NA,NA,NA,NA,Y,NA,A,01,0,2,0,0,0,0,0,0,0,-,-,33.934688568115234,-118.3688507080078,LOS ANGELES,INGLEWOOD,-118.36849212646484,33.9344482421875
94858887,2025,2025-09-30,9565,2025-09-15,900,024279,NA,1,1,9,1900,0,2,4,NA,2,031,LA CIENEGA BOULEVARD S/B,SLAUSON AVENUE,280,S,N,B,-,N,NA,NA,NA,NA,NA,NA,NA,NA,NA,N,4,0,1,2,A,-,08,22107,NA,N,B,C,A,A,H,-,A,D,0,NA,NA,NA,NA,Y,NA,A,01,0,0,1,0,0,0,0,0,0,-,-,33.98722839355469,-118.3706512451172,LOS ANGELES,UNINCORPORATED,-118.37120819091795,33.98802947998047
94858889,2025,2025-09-25,9535,2025-09-19,1350,023450,NA,5,1,6,1933,0,1,1,NA,2,104,I-105 (CENTURY FREEWAY) E/B,ATLANTIC BLVD.,60,E,N,A,-,Y,LA,NA,105,NA,R,12.887,H,NA,R,Y,3,0,1,1,A,-,08,22107,NA,N,E,J,A,A,H,-,A,D,0,NA,NA,NA,NA,Y,NA,A,01,0,1,0,0,0,0,0,0,0,-,-,33.91587829589844,-118.18932342529295,LOS ANGELES,INGLEWOOD,-118.18935394287108,33.91581344604492
9485889,2022,2022-09-08,1920,2022-07-14,1805,13965,1920,4,5,6,1920,0,0,0,NA,0,006,ROSECRANS AV,LAKEWOOD BL,0,NA,Y,A,-,N,NA,NA,NA,NA,NA,NA,NA,NA,NA,N,4,0,1,2,D,-,00,NA,NA,N,C,C,A,A,H,-,A,A,0,NA,NA,NA,NA,Y,NA,-,-,0,0,1,0,0,0,0,0,0,-,-,NA,NA,LOS ANGELES,DOWNEY,-118.142822265625,33.90379333496094
94858896,2025,2025-09-25,9535,2025-09-14,1500,024446,NA,7,2,1,1932,0,1,1,NA,2,650,I-605 N/B (SAN GABRIEL RIVER FREEWAY),GOLF COURSE P.U.C.,2100,S,N,A,-,Y,LA,NA,605,NA,R,18.318,H,NA,R,N,4,0,6,4,A,-,03,22350,NA,N,C,C,A,A,H,-,A,D,0,NA,NA,NA,NA,Y,NA,A,01,0,0,6,0,0,0,0,0,0,-,-,34.04127883911133,-118.01402282714844,LOS ANGELES,INDUSTRY,-118.01398468017578,34.04121780395508
9485890,2022,2022-10-13,1900,2022-07-25,2128,650348,1262,1,5,3,1991,0,0,0,NA,0,121T1P,FOOTHILL BL,CIVIC CENTER DR,0,NA,N,A,-,N,NA,NA,NA,NA,NA,NA,NA,NA,NA,Y,4,0,1,2,A,-,09,21801,NA,N,A,C,A,A,H,-,C,A,0,NA,NA,NA,NA,Y,NA,A,01,0,0,1,0,0,0,0,0,0,-,-,NA,NA,LOS ANGELES,LA CANADA-FLINTRIDGE,-118.39609527587892,34.076393127441406
94859438,2025,2025-09-25,9540,2025-08-31,235,023260,NA,7,3,7,1942,0,1,1,NA,1,503,I-5 S/B,SAN FERNANDO RD,1742,N,N,A,-,Y,LA,NA,5,NA,R,45.275,H,NA,L,Y,4,0,3,3,A,-,01,23152,A,N,A,2,A,A,H,-,C,D,0,NA,NA,NA,NA,Y,Y,A,01,0,0,3,0,0,0,0,0,0,-,-,34.32958984375,-118.50607299804688,LOS ANGELES,LOS ANGELES,-118.50602722167967,34.32960510253906
94859439,2025,2025-09-25,9540,2025-08-01,2130,023580,NA,5,2,9,1900,0,2,4,NA,2,010,THE OLD RD,STEVENSON RANCH PKY,45,S,N,A,-,N,NA,NA,NA,NA,NA,NA,NA,NA,NA,Y,4,0,1,2,A,-,01,23152,A,N,C,C,A,A,H,-,B,A,0,NA,NA,NA,NA,Y,Y,A,07,0,0,1,0,0,0,0,0,0,-,-,34.39316177368164,-118.57438659667967,LOS ANGELES,UNINCORPORATED,-118.57453155517578,34.393348693847656
94859449,2025,2025-09-25,9530,2025-09-08,531,023673,NA,1,3,7,1941,0,1,1,NA,2,420,I-405 S/B (SAN DIEGO FREEWAY),CLARK AVE,235,N,N,A,-,Y,LA,NA,405,NA,NA,2.829,H,NA,L,Y,3,0,1,3,C,-,18,NA,NA,N,E,J,A,A,H,-,C,D,0,NA,NA,Y,NA,Y,NA,-,-,0,1,0,0,0,0,0,0,1,-,-,33.80276107788086,-118.13494110107422,LOS ANGELES,LONG BEACH,-118.13494110107422,33.80274200439453
94859458,2025,2025-09-25,9540,2025-09-08,2306,021190,NA,1,3,9,1900,0,1,1,NA,2,511,I-5 S/B JSO VISTA DEL LAGO,VISTA DEL LAGO,12672,S,N,A,-,Y,LA,NA,5,NA,R,71.574,H,NA,L,Y,3,0,1,1,A,-,01,23152,A,N,E,8,A,A,H,-,D,D,0,NA,NA,NA,NA,Y,Y,D,22,0,1,0,0,0,0,0,0,0,-,-,34.63467025756836,-118.73683166503906,LOS ANGELES,UNINCORPORATED,-118.73681640625,34.6347770690918
94859463,2025,2025-09-25,9545,2025-09-11,1300,024715,NA,4,1,9,1900,0,2,4,NA,1,024,ELIZABETH LAKE ROAD,SAN FRANCISQUITO CANYON RD,9504,E,N,A,-,N,NA,NA,NA,NA,NA,NA,NA,NA,NA,N,3,0,1,1,A,-,08,22107,NA,N,E,8,A,A,H,-,A,D,0,NA,NA,NA,NA,Y,NA,A,01,0,1,0,0,0,0,0,0,0,-,-,34.638580322265625,-118.34870147705078,LOS ANGELES,UNINCORPORATED,-118.3484344482422,34.638484954833984
94859465,2025,2025-09-25,9525,2025-09-15,938,024522,NA,1,1,9,1900,0,1,1,NA,2,201,I-210 W/B (FOOTHILL FWY),MYRTLE AVE,150,E,N,A,-,Y,LA,NA,210,NA,R,34.413,H,NA,L,Y,4,0,1,4,A,-,03,22350,NA,N,C,C,A,A,H,-,A,D,0,NA,NA,NA,NA,Y,NA,A,08,0,0,1,0,0,0,0,0,0,-,-,34.13554000854492,-117.9922332763672,LOS ANGELES,UNINCORPORATED,-117.9922332763672,34.135562896728516
94859519,2025,2025-09-25,9525,2025-09-05,2015,024154,NA,5,2,9,1900,0,2,4,NA,2,022,ARROW HIGHWAY,SUNFLOWER AVE,1689,E,N,A,-,N,NA,NA,NA,NA,NA,NA,NA,NA,NA,Y,3,0,2,2,A,-,01,23152,A,N,C,C,A,A,H,-,C,D,0,NA,NA,NA,NA,Y,Y,A,01,0,1,1,0,0,0,0,0,0,-,-,34.10673141479492,-117.84071350097656,LOS ANGELES,UNINCORPORATED,-117.84081268310548,34.106746673583984
94859528,2025,2025-09-25,9580,2025-09-16,1505,022080,NA,2,2,7,1942,0,1,1,NA,2,404,I-405 N/B (SAN DIEGO FWY) TO BURBANK BLVD,TO BURBANK BLVD,0,NA,Y,A,-,Y,LA,NA,405,NA,NA,40.158,H,NA,R,N,4,0,1,2,A,-,03,22350,NA,N,C,C,A,A,H,-,A,D,0,NA,NA,NA,NA,Y,NA,D,22,0,0,1,0,0,0,0,0,0,-,-,34.17026901245117,-118.4674835205078,LOS ANGELES,LOS ANGELES,-118.46760559082033,34.170284271240234
94859529,2025,2025-09-25,9525,2025-08-20,2210,024054,NA,3,3,5,1990,0,1,3,NA,2,601,SR-60 W/B (POMONA FWY),GRAND AVE,3274,W,N,A,-,Y,LA,NA,60,NA,R,23.816,H,NA,L,N,3,0,1,2,A,-,01,23152,A,N,C,C,A,A,H,-,C,D,0,NA,NA,NA,Y,Y,Y,D,22,0,1,0,0,0,0,0,0,0,-,-,34.003780364990234,-117.83109283447266,LOS ANGELES,DIAMOND BAR,-117.83099365234376,34.003692626953125
94859545,2025,2025-09-25,9550,2025-09-13,1440,024514,NA,6,2,9,1900,0,1,1,NA,2,650,I-605 SOUTHBOUND,WASHINGTON BOULVARD,1580,N,N,A,-,Y,LA,NA,605,NA,R,12.372,H,NA,L,N,3,0,1,1,A,-,03,22350,NA,N,F,A,A,A,H,-,A,D,0,NA,NA,Y,NA,Y,NA,C,02,0,1,0,0,0,0,0,0,1,-,-,33.97827911376953,-118.07850646972656,LOS ANGELES,UNINCORPORATED,-118.07837677001952,33.97821807861328
94859589,2025,2025-09-25,9530,2025-09-09,440,023673,NA,2,3,7,1941,0,1,1,NA,2,420,I-405 N/B (SAN DIEGO FREEWAY),SPRING ST.,120,S,N,A,-,Y,LA,NA,405,NA,NA,4.466,H,NA,R,N,4,0,1,2,A,-,03,22350,NA,N,C,C,A,A,H,-,A,D,0,NA,NA,NA,NA,Y,NA,A,01,0,0,1,0,0,0,0,0,0,-,-,33.8114013671875,-118.16079711914064,LOS ANGELES,LONG BEACH,-118.16085815429688,33.811317443847656
9485964,2022,2022-09-12,1920,2022-08-15,1922,13965,1920,1,5,6,1920,0,0,0,NA,0,006,BROOKSHIRE AV,FIRESTONE BL,0,NA,Y,A,-,N,NA,NA,NA,NA,NA,NA,NA,NA,NA,Y,3,0,3,2,A,-,09,21801,A,N,D,C,A,A,H,-,A,A,0,NA,NA,NA,NA,Y,NA,A,07,0,1,2,0,0,0,0,0,0,-,-,NA,NA,LOS ANGELES,DOWNEY,-118.1296615600586,33.93821716308594
9485965,2022,2022-09-12,1920,2022-08-05,1527,13118,1920,5,5,6,1920,0,0,0,NA,0,001,LAKEWOOD BL,STEWART AND GRAY RD,0,S,N,A,-,N,NA,NA,NA,NA,NA,NA,NA,NA,NA,N,4,0,2,2,A,-,03,22350,NA,N,C,C,A,A,H,-,A,A,0,NA,NA,NA,NA,Y,NA,A,07,0,0,2,0,0,0,0,0,0,-,-,NA,NA,LOS ANGELES,DOWNEY,-118.12936401367188,33.92808151245117
94859657,2025,2025-09-25,9580,2025-09-16,1528,022080,NA,2,2,7,1942,0,1,2,NA,2,105,US-101 S/B (VENTURA FREEWAY),FALLBROOK AVE,1320,N,N,A,-,Y,LA,NA,101,NA,NA,26.709,H,NA,L,N,4,0,1,2,A,-,03,22350,NA,N,C,C,A,A,H,-,A,D,0,NA,NA,NA,NA,Y,NA,A,07,0,0,1,0,0,0,0,0,0,-,-,34.16304016113281,-118.62734985351564,LOS ANGELES,LOS ANGELES,-118.62736511230467,34.163063049316406
9485966,2022,2022-09-12,1920,2022-08-25,0605,14271,1920,4,5,6,1920,0,0,0,NA,0,005,FLORENCE AV,PARAMOUNT BL,6,E,N,A,-,N,NA,NA,NA,NA,NA,NA,NA,NA,NA,N,4,0,1,2,A,-,10,21950,A,N,G,B,B,A,H,-,A,D,0,Y,NA,NA,NA,Y,NA,A,01,0,0,1,0,1,0,0,0,0,-,-,NA,NA,LOS ANGELES,DOWNEY,-118.13003540039064,33.95354080200195
9485967,2022,2022-09-12,1920,2022-08-13,1536,13500,1920,6,5,6,1920,0,0,0,NA,0,001,BELLFLOWER BL,BORSON ST,29,S,N,A,-,N,NA,NA,NA,NA,NA,NA,NA,NA,NA,N,4,0,3,2,A,-,03,22350,NA,N,C,C,A,A,H,-,A,D,0,NA,NA,NA,NA,Y,NA,A,01,0,0,3,0,0,0,0,0,0,-,-,NA,NA,LOS ANGELES,DOWNEY,-118.12538909912108,33.9144287109375
9485968,2022,2022-09-12,1920,2022-08-18,0715,11792,1920,4,5,6,1920,0,0,0,NA,0,006,LAKEWOOD BL,MEADOW RD,0,NA,Y,A,-,N,NA,NA,NA,NA,NA,NA,NA,NA,NA,N,3,0,1,2,A,-,09,21802,A,N,D,C,A,A,H,-,A,A,0,NA,NA,NA,NA,Y,NA,A,01,0,1,0,0,0,0,0,0,0,-,-,NA,NA,LOS ANGELES,DOWNEY,-118.13710021972656,33.91796875
94859682,2025,2025-09-25,9580,2025-09-20,730,022753,NA,6,1,7,1942,0,1,3,NA,2,116,SR-118 W/B (RONALD REAGAN FWY.),DE SOTO AVE,1504,W,N,A,-,Y,LA,NA,118,NA,R,2.383,H,NA,L,N,4,0,1,2,A,-,08,22107,NA,N,B,C,A,A,H,-,A,D,0,NA,NA,NA,NA,Y,NA,A,01,0,0,1,0,0,0,0,0,0,-,-,34.274478912353516,-118.59539794921876,LOS ANGELES,LOS ANGELES,-118.59540557861328,34.274471282958984
9485969,2022,2022-09-12,1920,2022-08-18,0835,11792,1920,4,5,6,1920,0,0,0,NA,0,005,FIRESTONE BL,DOLAN AV,0,NA,Y,A,-,N,NA,NA,NA,NA,NA,NA,NA,NA,NA,N,3,0,2,2,A,-,09,21801,A,N,D,C,A,A,H,-,A,A,0,NA,NA,NA,NA,Y,NA,A,01,0,1,1,0,0,0,0,0,0,-,-,NA,NA,LOS ANGELES,DOWNEY,-118.13140869140624,33.939125061035156
9485970,2022,2022-09-12,1920,2022-08-23,1243,11792,1920,2,5,6,1920,0,0,0,NA,0,001,LAKEWOOD BL,ALAMEDA ST,0,NA,Y,A,-,N,NA,NA,NA,NA,NA,NA,NA,NA,NA,N,4,0,2,2,A,-,03,22350,NA,N,C,C,A,A,H,-,A,D,0,NA,NA,NA,NA,Y,NA,A,01,0,0,2,0,0,0,0,0,0,-,-,NA,NA,LOS ANGELES,DOWNEY,-118.13275146484376,33.9235725402832
9485971,2022,2022-09-12,1920,2022-08-24,0800,11792,1920,3,5,6,1920,0,0,0,NA,0,001,LAKEWOOD BL,STEWART AND GRAY RD,0,NA,Y,A,-,N,NA,NA,NA,NA,NA,NA,NA,NA,NA,N,4,0,1,2,A,-,10,21950,A,M,G,B,B,A,H,-,A,A,0,Y,NA,NA,NA,Y,NA,A,01,0,0,1,0,1,0,0,0,0,-,-,NA,NA,LOS ANGELES,DOWNEY,-118.12936401367188,33.92808151245117
94859712,2025,2025-09-25,9540,2025-09-23,1745,023260,NA,2,2,7,1942,0,1,1,NA,1,405,I-405 S/B,SR-118,1109,N,N,A,-,Y,LA,NA,405,NA,NA,47.07,H,NA,L,N,4,0,2,2,A,-,03,22350,NA,N,C,C,A,A,H,-,A,D,0,NA,NA,NA,NA,Y,NA,A,07,0,0,2,0,0,0,0,0,0,-,-,34.26921081542969,-118.47235870361328,LOS ANGELES,LOS ANGELES,-118.47225952148438,34.26921081542969
94859717,2025,2025-09-25,9540,2025-09-19,1702,021657,NA,5,2,9,1900,0,1,1,NA,1,503,I-5 S/B (GOLDEN STATE FREEWAY),WELDON CANYON RD,400,S,N,A,-,Y,LA,NA,5,NA,R,46.547,H,NA,L,Y,4,0,3,4,A,-,04,21703,NA,N,C,C,A,A,H,-,A,D,0,NA,NA,NA,NA,Y,NA,A,07,0,0,3,0,0,0,0,0,0,-,-,34.340850830078125,-118.52237701416016,LOS ANGELES,UNINCORPORATED,-118.52238464355467,34.340843200683594
9485972,2022,2022-10-17,1920,2022-08-25,1128,14271,1920,4,5,6,1920,0,0,0,NA,0,006,DOWNEY AV,COLE ST,0,NA,Y,A,-,N,NA,NA,NA,NA,NA,NA,NA,NA,NA,Y,4,0,1,3,A,-,09,21801,A,N,D,C,A,A,H,-,A,D,0,NA,NA,NA,NA,Y,Y,B,07,0,0,1,0,0,0,0,0,0,-,-,NA,NA,LOS ANGELES,DOWNEY,-118.13948059082033,33.931053161621094
94859728,2025,2025-09-25,9530,2025-09-16,1540,022427,NA,2,2,9,1900,0,3,5,NA,2,002,ROSECRANS AVE.,BROADWAY,580,E,N,A,-,N,NA,NA,NA,NA,NA,NA,NA,NA,NA,N,4,0,1,2,A,-,17,21228,A,N,D,C,A,A,H,-,A,D,0,NA,NA,NA,NA,Y,NA,M,94,0,0,1,0,0,0,0,0,0,-,-,33.9020881652832,-118.27633666992188,LOS ANGELES,UNINCORPORATED,-118.2764892578125,33.901939392089844
9485973,2022,2022-09-12,1920,2022-08-16,1802,12093,1920,2,5,6,1920,0,0,0,NA,0,006,DOWNEY AV,GARDENDALE ST,0,NA,Y,A,-,N,NA,NA,NA,NA,NA,NA,NA,NA,NA,N,4,0,1,2,A,-,09,21801,A,N,D,C,A,A,H,-,A,A,0,NA,NA,NA,NA,Y,NA,A,01,0,0,1,0,0,0,0,0,0,-,-,NA,NA,LOS ANGELES,DOWNEY,-118.15174865722656,33.91489028930664
94859770,2025,2025-09-25,9580,2025-09-19,908,024014,NA,5,1,7,1942,0,1,1,NA,2,404,I-405 S/B (SAN DIEGO FWY),BURBANK BLVD,1500,N,N,A,-,Y,LA,NA,405,NA,NA,40.679,H,NA,L,N,4,0,1,2,A,-,03,22350,NA,N,C,C,A,A,H,-,A,D,0,NA,NA,NA,NA,Y,NA,A,07,0,0,1,0,0,0,0,0,0,-,-,34.17774963378906,-118.4687728881836,LOS ANGELES,LOS ANGELES,-118.46880340576172,34.177738189697266
94859782,2025,2025-09-25,9580,2025-09-19,1140,024014,NA,5,1,7,1942,0,1,1,NA,2,404,I-405 N/B (SAN DIEGO FWY) TO SEPULVEDA BLVD,VENTURA BLVD,1000,S,N,A,-,Y,NA,NA,NA,NA,NA,NA,NA,NA,NA,Y,4,0,1,1,C,-,18,NA,NA,N,E,I,A,A,H,-,A,D,0,NA,NA,NA,Y,Y,NA,-,-,0,0,1,0,0,0,0,0,0,-,-,34.1513786315918,-118.46758270263672,LOS ANGELES,LOS ANGELES,-118.46791839599608,34.1539192199707
94859803,2025,2025-09-25,9545,2025-09-18,1155,024715,NA,4,1,6,1950,0,1,3,NA,2,021,SR-14 S/B FROM AVENUE N W/B,AVENUE N,262,N,N,A,-,Y,LA,NA,14,NA,R,63.617,H,NA,R,Y,3,0,1,1,A,-,03,22350,NA,N,F,A,A,A,D,-,A,D,0,NA,NA,NA,Y,Y,NA,G,25,0,1,0,0,0,0,0,0,0,-,-,34.63032913208008,-118.1528091430664,LOS ANGELES,PALMDALE,-118.15302276611328,34.630332946777344
94859809,2025,2025-09-25,9580,2025-09-24,1635,022551,NA,3,2,7,1942,0,1,2,NA,2,105,US-101 S/B (VENTURA FREEWAY),VALLEY CIRCLE BLVD,350,S,N,A,-,Y,LA,NA,101,NA,NA,27.16,H,NA,L,Y,3,0,1,2,A,-,03,22350,NA,N,C,C,A,A,H,-,A,D,0,NA,NA,NA,NA,Y,NA,A,01,0,1,0,0,0,0,0,0,0,-,-,34.16044998168945,-118.63449096679688,LOS ANGELES,LOS ANGELES,-118.63448333740234,34.16044235229492
94859833,2025,2025-09-25,9565,2025-09-11,945,019031,NA,4,1,7,1942,0,1,1,NA,2,083,I-10 W/B (SANTA MONICA FWY.),CORNING ST.,200,W,N,B,-,Y,LA,NA,10,NA,R,8.565,H,NA,L,N,3,0,1,2,D,-,00,NA,NA,N,C,C,A,A,H,-,A,D,0,NA,NA,Y,NA,Y,NA,-,-,0,1,0,0,0,0,0,0,1,-,-,34.036109924316406,-118.3823471069336,LOS ANGELES,LOS ANGELES,-118.38231658935548,34.036067962646484
94859850,2025,2025-09-25,9590,2025-09-15,1940,023754,NA,1,2,7,1942,0,1,2,NA,2,071,US-101 S/B (HOLLYWOOD FREEWAY),VIRGIL AVE,435,N,N,A,-,Y,LA,NA,101,NA,NA,4.184,H,NA,L,N,4,0,1,2,A,-,07,21658,A,N,B,C,A,A,H,-,C,D,0,NA,NA,Y,NA,Y,NA,-,-,0,0,1,0,0,0,0,0,1,-,-,34.07828140258789,-118.28836059570313,LOS ANGELES,LOS ANGELES,-118.28836822509766,34.07825469970703
94859872,2025,2025-09-25,9590,2025-09-14,2030,023946,NA,7,2,7,1942,0,1,3,NA,2,095,SR-2 W/B (GLENDALE FREEWAY) TO I-5 S/B (GOLDEN STA,NEWELL STREET,68,S,N,A,-,Y,NA,NA,NA,NA,NA,NA,NA,NA,NA,N,4,0,1,2,A,-,03,22350,NA,N,C,C,A,A,H,-,C,D,0,NA,NA,NA,NA,Y,NA,A,01,0,0,1,0,0,0,0,0,0,-,-,34.09870910644531,-118.24748992919922,LOS ANGELES,LOS ANGELES,NA,NA
9485988,2022,2022-09-20,1900,2022-08-08,1845,532039,1262,1,5,3,1991,0,0,0,NA,0,0NA,GOULD AV,RT 210,39,E,N,A,-,Y,LA,7,210,-,R,20.444,R,4,E,Y,3,0,1,2,A,-,09,21801,A,N,C,C,A,A,H,-,A,D,0,NA,NA,NA,NA,Y,NA,A,08,0,1,0,0,0,0,0,0,0,-,EF,34.20109939575195,-118.18923950195313,LOS ANGELES,LA CANADA-FLINTRIDGE,-118.19142150878906,34.20280075073242
94859904,2025,2025-09-25,9565,2025-07-27,1835,024021,NA,7,2,7,1942,0,1,1,NA,2,082,I-10 (E/B) (SANTA MONICA FWY),GATEWAY BLVD,450,E,N,A,-,Y,LA,NA,10,NA,R,5.015,H,NA,R,Y,3,0,1,2,A,-,03,22350,NA,N,C,C,A,A,H,-,A,D,0,NA,NA,NA,NA,Y,NA,A,07,0,1,0,0,0,0,0,0,0,-,-,34.03010177612305,-118.4411163330078,LOS ANGELES,LOS ANGELES,-118.44112396240234,34.03013229370117
9485991,2022,2022-09-21,1900,2022-08-16,0900,550490,2607,2,5,6,1950,0,0,0,NA,0,262T1,60TH ST E,AVENUE S,475,N,N,A,-,N,NA,NA,NA,NA,NA,NA,NA,NA,NA,Y,4,0,1,3,A,-,08,22107,NA,N,B,C,A,A,H,-,A,A,0,NA,NA,NA,NA,Y,NA,-,-,0,0,1,0,0,0,0,0,0,-,-,34.559329986572266,-118.02281951904295,LOS ANGELES,PALMDALE,-118.02281951904295,34.55927276611328
94859912,2025,2025-09-25,9550,2025-09-16,810,022597,NA,2,1,9,1900,0,1,3,NA,2,601,STATE ROUTE 60 WESTBOUND,AZUSA AVENUE,3315,E,N,A,-,Y,LA,NA,60,NA,NA,18.615,H,NA,L,Y,4,0,2,2,A,-,03,22350,NA,N,C,C,A,A,H,-,A,D,0,NA,NA,NA,NA,Y,NA,D,22,0,0,2,0,0,0,0,0,0,-,-,33.995689392089844,-117.92009735107422,LOS ANGELES,UNINCORPORATED,-117.92010498046876,33.99565887451172
9485992,2022,2022-09-12,1900,2022-08-16,0845,550490,2610,2,5,6,1950,0,0,0,NA,0,262T1,20TH ST E,AVENUE R,163,S,N,A,-,N,NA,NA,NA,NA,NA,NA,NA,NA,NA,N,4,0,1,2,A,-,08,22107,NA,N,B,C,A,A,H,-,A,D,0,NA,NA,NA,NA,Y,NA,A,01,0,0,1,0,0,0,0,0,0,-,-,34.57215881347656,-118.09400939941406,LOS ANGELES,PALMDALE,-118.09396362304688,34.5722541809082
9485993,2022,2022-09-12,1900,2022-08-15,0740,467578,2608,1,5,6,1950,0,0,0,NA,0,263T1,AVENUE R,20TH ST E,260,E,N,A,-,N,NA,NA,NA,NA,NA,NA,NA,NA,NA,N,4,0,1,2,A,-,03,22350,NA,N,C,C,A,A,H,-,A,A,0,NA,NA,NA,NA,Y,NA,A,01,0,0,1,0,0,0,0,0,0,-,-,34.57273864746094,-118.09300994873048,LOS ANGELES,PALMDALE,-118.09310150146484,34.57270050048828
9485994,2022,2022-09-12,1900,2022-08-15,1450,639633,2607,1,5,6,1950,0,0,0,NA,0,264T1,AVENUE R,41ST ST E,324,E,N,A,-,N,NA,NA,NA,NA,NA,NA,NA,NA,NA,N,3,0,1,2,A,-,04,21703,NA,N,C,C,A,A,H,-,A,A,0,NA,NA,NA,NA,Y,NA,A,07,0,1,0,0,0,0,0,0,0,-,-,34.5731315612793,-118.05458068847656,LOS ANGELES,PALMDALE,-118.05474853515624,34.57307434082031
9485995,2022,2022-09-13,1900,2022-08-15,1330,514671,2619,1,5,6,1950,0,0,0,NA,0,261T1,TECHNOLOGY DR,3RD ST EAST,0,NA,Y,A,-,N,NA,NA,NA,NA,NA,NA,NA,NA,NA,N,4,0,1,2,A,-,09,21800,C,M,D,C,A,-,H,-,A,A,0,NA,NA,NA,NA,Y,NA,A,01,0,0,1,0,0,0,0,0,0,-,-,34.594520568847656,-118.12538146972656,LOS ANGELES,PALMDALE,-118.12543487548828,34.59443283081055
9485996,2022,2022-09-13,1900,2022-08-12,1104,510899,2619,5,5,6,1950,0,0,0,NA,0,NA,RANCHO VISTA BL,15TH ST WEST,0,NA,Y,A,-,N,NA,NA,NA,NA,NA,NA,NA,NA,NA,Y,2,0,2,3,A,-,12,21453,A,N,D,C,A,A,H,-,A,A,0,NA,NA,NA,NA,Y,NA,A,07,1,1,0,0,0,0,0,0,0,-,-,NA,NA,LOS ANGELES,PALMDALE,-118.15657043457033,34.60176086425781
9485997,2022,2022-09-12,1900,2022-08-11,1415,655308,2617,4,5,6,1950,0,0,0,NA,0,262T1,AVENEL DR,BOLZ RANCH RD,236,N,N,A,-,N,NA,NA,NA,NA,NA,NA,NA,NA,NA,N,4,0,1,2,A,-,21,22106,NA,M,D,G,A,A,H,-,A,D,0,NA,Y,NA,NA,Y,NA,A,07,0,0,1,0,0,0,1,0,0,-,-,34.620338439941406,-118.2060775756836,LOS ANGELES,PALMDALE,-118.20630645751952,34.62044143676758
9485998,2022,2022-09-12,1900,2022-08-18,1414,615106,2608,4,5,6,1950,0,0,0,NA,0,262T1,20TH ST E,AVENUE R,300,S,N,A,-,N,NA,NA,NA,NA,NA,NA,NA,NA,NA,Y,4,0,2,1,A,-,08,22107,NA,N,E,I,A,A,H,-,A,D,0,NA,NA,NA,NA,Y,NA,A,01,0,0,2,0,0,0,0,0,0,-,-,34.57175827026367,-118.09407806396484,LOS ANGELES,PALMDALE,-118.09396362304688,34.571876525878906