CASE_ID,ACCIDENT_YEAR,PROC_DATE,JURIS,COLLISION_DATE,COLLISION_TIME,OFFICER_ID,REPORTING_DISTRICT,DAY_OF_WEEK,CHP_SHIFT,POPULATION,CNTY_CITY_LOC,SPECIAL_COND,BEAT_TYPE,CHP_BEAT_TYPE,CITY_DIVISION_LAPD,CHP_BEAT_CLASS,BEAT_NUMBER,PRIMARY_RD,SECONDARY_RD,DISTANCE,DIRECTION,INTERSECTION,WEATHER_1,WEATHER_2,STATE_HWY_IND,CALTRANS_COUNTY,CALTRANS_DISTRICT,STATE_ROUTE,ROUTE_SUFFIX,POSTMILE_PREFIX,POSTMILE,LOCATION_TYPE,RAMP_INTERSECTION,SIDE_OF_HWY,TOW_AWAY,COLLISION_SEVERITY,NUMBER_KILLED,NUMBER_INJURED,PARTY_COUNT,PRIMARY_COLL_FACTOR,PCF_CODE_OF_VIOL,PCF_VIOL_CATEGORY,PCF_VIOLATION,PCF_VIOL_SUBSECTION,HIT_AND_RUN,TYPE_OF_COLLISION,MVIW,PED_ACTION,ROAD_SURFACE,ROAD_COND_1,ROAD_COND_2,LIGHTING,CONTROL_DEVICE,CHP_ROAD_TYPE,PEDESTRIAN_ACCIDENT,BICYCLE_ACCIDENT,MOTORCYCLE_ACCIDENT,TRUCK_ACCIDENT,NOT_PRIVATE_PROPERTY,ALCOHOL_INVOLVED,STWD_VEHTYPE_AT_FAULT,CHP_VEHTYPE_AT_FAULT,COUNT_SEVERE_INJ,COUNT_VISIBLE_INJ,COUNT_COMPLAINT_PAIN,COUNT_PED_KILLED,COUNT_PED_INJURED,COUNT_BICYCLIST_KILLED,COUNT_BICYCLIST_INJURED,COUNT_MC_KILLED,COUNT_MC_INJURED,PRIMARY_RAMP,SECONDARY_RAMP,LATITUDE,LONGITUDE,COUNTY,CITY,POINT_X,POINT_Y
9485999,2022,2022-09-12,1900,2022-08-01,1815,634995,2603,1,5,6,1950,0,0,0,NA,0,264T1,25TH ST,OLD HAROLD RD,0,NA,Y,A,-,N,NA,NA,NA,NA,NA,NA,NA,NA,NA,Y,3,0,7,2,A,-,09,21802,A,N,A,C,A,A,H,-,A,D,0,NA,NA,NA,NA,Y,NA,A,08,0,3,4,0,0,0,0,0,0,-,-,34.552520751953125,-118.08637237548828,LOS ANGELES,PALMDALE,-118.08637237548828,34.552547454833984
94859998,2025,2025-09-25,9540,2025-09-19,1650,021372,NA,5,2,9,1900,0,2,4,NA,2,010,THE OLD ROAD,CALGROVE BOULEVARD,100,N,N,A,-,N,NA,NA,NA,NA,NA,NA,NA,NA,NA,Y,2,0,1,1,A,-,08,22107,NA,N,E,I,A,A,H,-,A,D,0,NA,NA,NA,NA,Y,NA,A,01,1,0,0,0,0,0,0,0,0,-,-,34.36027908325195,-118.55644989013672,LOS ANGELES,UNINCORPORATED,-118.55577087402344,34.36212921142578
94860005,2025,2025-09-25,9540,2025-09-24,1610,021124,NA,3,2,6,1985,0,1,3,NA,1,144,SR-14 N/B (ANTELOPE VALLEY FREEWAY),PLACERITA CANYON ROAD,2112,S,N,A,-,Y,LA,NA,14,NA,R,27.605,H,NA,R,N,4,0,1,2,A,-,03,22350,NA,N,C,C,A,A,H,-,A,D,0,NA,NA,NA,NA,Y,NA,A,01,0,0,1,0,0,0,0,0,0,-,-,34.37223815917969,-118.4992218017578,LOS ANGELES,SANTA CLARITA,-118.49929809570313,34.372283935546875
94860049,2025,2025-09-25,9565,2025-09-14,2015,024559,NA,7,2,9,1900,0,3,5,NA,2,002,109TH ST,BUDLONG AVE,130,W,N,A,-,N,NA,NA,NA,NA,NA,NA,NA,NA,NA,N,4,0,3,2,A,-,21,22106,NA,F,D,C,A,A,H,-,C,D,0,NA,NA,NA,NA,Y,NA,A,01,0,0,3,0,0,0,0,0,0,-,-,33.93732833862305,-118.29673004150392,LOS ANGELES,UNINCORPORATED,-118.2966766357422,33.937278747558594
94860064,2025,2025-09-25,9580,2025-09-24,2140,022158,NA,3,2,7,1942,0,1,2,NA,2,100,US-101 N/B (HOLLYWOOD FREEWAY),MOORPARK ST,400,S,N,A,-,Y,LA,NA,101,NA,NA,11.363,H,NA,R,N,4,0,1,2,D,-,00,NA,NA,N,B,C,A,A,H,-,C,D,0,NA,NA,NA,NA,Y,NA,-,-,0,0,1,0,0,0,0,0,0,-,-,34.149349212646484,-118.37326049804688,LOS ANGELES,LOS ANGELES,-118.373291015625,34.14933395385742
94860068,2025,2025-09-25,9580,2025-09-20,225,022008,NA,6,3,7,1942,0,1,3,NA,2,170,SR-170 N/B (HOLLYWOOD FWY.),VICTORY BLVD,800,N,N,A,-,Y,LA,NA,170,NA,R,17.424,H,NA,R,Y,4,0,3,3,C,-,18,NA,NA,N,D,C,A,A,H,-,D,D,0,NA,NA,NA,NA,Y,Y,-,-,0,0,3,0,0,0,0,0,0,-,-,34.188961029052734,-118.40167236328124,LOS ANGELES,LOS ANGELES,-118.40168762207033,34.18895721435547
94860069,2025,2025-10-06,9525,2025-09-01,2145,023176,NA,1,2,4,1905,0,1,1,NA,2,204,I-210 E/B (FOOTHILL FWY),VERNON AVE,390,E,N,A,-,Y,LA,NA,210,NA,R,39.046,H,NA,R,Y,4,0,1,4,A,-,01,23152,A,N,B,C,A,A,H,-,D,D,0,NA,NA,NA,NA,Y,Y,A,01,0,0,1,0,0,0,0,0,0,-,-,34.125240325927734,-117.91513824462892,LOS ANGELES,AZUSA,-117.91509246826172,34.12527084350586
94860103,2025,2025-09-25,9530,2025-09-09,1350,024399,NA,2,1,9,1900,0,3,5,NA,2,006,VERMONT AVENUE,TORRANCE BLVD.,500,S,N,A,-,N,NA,NA,NA,NA,NA,NA,NA,NA,NA,Y,4,0,2,3,A,-,03,22350,NA,N,C,C,A,A,H,-,A,D,0,NA,NA,NA,NA,Y,NA,D,22,0,0,2,0,0,0,0,0,0,-,-,33.840511322021484,-118.29000091552734,LOS ANGELES,UNINCORPORATED,-118.29010009765624,33.840660095214844
94860105,2025,2025-09-25,9550,2025-09-13,1410,023782,NA,6,2,9,1900,0,1,1,NA,2,652,I-605 N/B,SOUTH ST,1056,N,N,A,-,Y,LA,NA,605,NA,R,3.981,H,NA,R,Y,4,0,1,2,A,-,03,22350,NA,N,C,C,A,A,H,-,A,D,0,NA,NA,NA,NA,Y,NA,A,01,0,0,1,0,0,0,0,0,0,-,-,33.86170959472656,-118.0969696044922,LOS ANGELES,UNINCORPORATED,-118.09698486328124,33.8617057800293
94860163,2025,2025-09-25,9530,2025-09-17,1630,023456,NA,3,2,7,1941,0,1,1,NA,2,420,I-405 S/B (SAN DIEGO FREEWAY),CALIFORNIA AVE.,1056,S,N,A,-,Y,LA,NA,405,NA,NA,5.537,H,NA,L,Y,3,0,1,2,A,-,08,22107,NA,N,B,C,A,A,H,-,A,D,0,NA,NA,NA,NA,Y,NA,A,07,0,1,0,0,0,0,0,0,0,-,-,33.81425094604492,-118.17894744873048,LOS ANGELES,LONG BEACH,-118.17894744873048,33.81420135498047
94860180,2025,2025-09-25,9590,2025-09-14,1350,023946,NA,7,1,7,1942,0,1,1,NA,2,085,I-5 S/B (GOLDEN STATE FREEWAY),SUNNYNOOK PEDESTRIAN BRIDGE,40,S,N,A,-,Y,LA,NA,5,NA,NA,23.959,H,NA,L,N,4,0,1,2,A,-,03,22350,NA,N,C,C,A,A,H,-,A,D,0,NA,NA,NA,NA,Y,NA,A,01,0,0,1,0,0,0,0,0,0,-,-,34.11552810668945,-118.2686004638672,LOS ANGELES,LOS ANGELES,-118.26865386962892,34.115509033203125
94860195,2025,2025-09-25,9530,2025-09-17,1630,024460,NA,3,2,9,1900,0,3,5,NA,2,001,CROCKETT BLVD.,83RD ST,0,NA,Y,A,-,N,NA,NA,NA,NA,NA,NA,NA,NA,NA,Y,4,0,1,2,A,-,09,21802,A,F,B,C,A,A,H,-,A,A,0,NA,NA,NA,NA,Y,NA,-,99,0,0,1,0,0,0,0,0,0,-,-,33.96305847167969,-118.23689270019533,LOS ANGELES,UNINCORPORATED,-118.23693084716795,33.9630012512207
94860205,2025,2025-09-25,9530,2025-09-17,825,024409,NA,3,1,7,1942,0,1,1,NA,2,120,I-110 S/B (HARBOR FREEWAY),ANAHEIM ST,2112,N,N,A,-,Y,LA,NA,110,NA,NA,3.668,H,NA,L,N,4,0,1,2,A,-,03,22350,NA,N,C,C,A,A,H,-,A,D,0,NA,NA,NA,NA,Y,NA,A,01,0,0,1,0,0,0,0,0,0,-,-,33.784690856933594,-118.28121948242188,LOS ANGELES,LOS ANGELES,-118.28109741210938,33.78470230102539
94860221,2025,2025-09-25,9590,2025-09-13,1915,023472,NA,6,2,7,1942,0,1,1,NA,2,060,I-10 E/B (SANTA MONICA FREEWAY),WESTERN AVENUE,36,W,N,A,-,Y,LA,NA,10,NA,R,12.803,H,NA,R,N,4,0,1,3,A,-,03,22350,NA,N,C,C,A,A,H,-,A,D,0,NA,NA,NA,NA,Y,NA,A,08,0,0,1,0,0,0,0,0,0,-,-,34.03712844848633,-118.30928802490234,LOS ANGELES,LOS ANGELES,-118.30929565429688,34.03703689575195
94860233,2025,2025-09-25,9530,2025-09-16,1339,024460,NA,2,1,7,1942,0,1,1,NA,2,110,I-110 S/B (HARBOR FREEWAY),I-405 FWY,1426,N,N,A,-,Y,LA,NA,110,NA,NA,9.064,H,NA,L,Y,4,0,2,2,A,-,03,22350,NA,N,C,C,A,A,H,-,A,D,0,NA,NA,NA,Y,Y,NA,A,07,0,0,2,0,0,0,0,0,0,-,-,33.861019134521484,-118.2851333618164,LOS ANGELES,LOS ANGELES,-118.28512573242188,33.861019134521484
94860259,2025,2025-09-25,9550,2025-09-13,1100,024254,NA,6,1,9,1900,0,2,4,NA,1,052,COLIMA ROAD,FAIRWAY DRIVE,792,W,N,A,-,N,NA,NA,NA,NA,NA,NA,NA,NA,NA,N,4,0,1,2,A,-,08,22107,NA,N,D,C,A,A,H,-,A,D,0,NA,NA,NA,NA,Y,NA,A,01,0,0,1,0,0,0,0,0,0,-,-,33.98625183105469,-117.8725128173828,LOS ANGELES,UNINCORPORATED,-117.8723602294922,33.98617935180664
94860265,2025,2025-09-25,9530,2025-09-17,1103,024460,NA,3,1,9,1900,0,3,5,NA,2,001,NADEAU ST,BELL AVE.,187,W,N,A,-,N,NA,NA,NA,NA,NA,NA,NA,NA,NA,Y,4,0,1,2,A,-,08,22107,NA,N,A,4,A,A,H,-,A,D,0,NA,NA,NA,NA,Y,NA,A,01,0,0,1,0,0,0,0,0,0,-,-,33.96736145019531,-118.23951721191406,LOS ANGELES,UNINCORPORATED,-118.23953247070313,33.96739959716797
94860271,2025,2025-09-25,9525,2025-09-23,1206,022627,NA,2,1,6,1955,0,1,1,NA,2,108,I-10 E/B TO FAIRPLEX DR,FAIRPLEX DR,40,W,N,A,-,Y,NA,NA,NA,NA,NA,NA,NA,NA,NA,N,4,0,1,2,A,-,03,22350,NA,N,C,C,A,A,H,-,A,A,0,NA,NA,NA,Y,Y,NA,F,26,0,0,1,0,0,0,0,0,0,-,-,34.07225036621094,-117.78816986083984,LOS ANGELES,POMONA,-117.7855224609375,34.07276153564453
94860278,2025,2025-09-25,9590,2025-09-13,1640,024451,NA,6,2,7,1942,0,1,1,NA,2,083,I-5 S/B (GOLDEN STATE FREEWAY),RIVERSIDE DRIVE,1770,S,N,A,-,Y,LA,NA,5,NA,NA,21.61,H,NA,L,N,4,0,1,2,A,-,07,21658,A,N,C,C,A,A,H,-,A,D,0,NA,NA,Y,NA,Y,NA,C,02,0,0,1,0,0,0,0,0,1,-,-,34.09170150756836,-118.24027252197266,LOS ANGELES,LOS ANGELES,-118.24029541015624,34.09168243408203
94860285,2025,2025-09-25,9530,2025-09-25,1110,024399,NA,4,1,5,1943,0,1,1,NA,2,210,I-105 W/B (GLENN ANDERSON FWY),LONG BEACH BLVD.,2640,E,N,A,-,Y,LA,NA,105,NA,R,11.971,H,NA,L,N,4,0,3,2,A,-,03,22350,NA,N,C,C,A,A,H,-,A,D,0,NA,NA,NA,NA,Y,NA,A,01,0,0,3,0,0,0,0,0,0,-,-,33.922298431396484,-118.20352935791016,LOS ANGELES,LYNWOOD,-118.20354461669922,33.92228317260742
94860287,2025,2025-09-25,9525,2025-08-27,1335,024526,NA,3,1,9,1900,0,3,5,NA,2,004,TEMPLE AVENUE,MILLBURY AVENUE,0,NA,Y,A,-,N,NA,NA,NA,NA,NA,NA,NA,NA,NA,Y,3,0,3,2,A,-,09,21801,A,F,D,2,A,A,H,-,A,D,0,NA,NA,NA,NA,Y,NA,-,99,0,2,1,0,0,0,0,0,0,-,-,34.051971435546875,-117.98397064208984,LOS ANGELES,UNINCORPORATED,-117.98391723632813,34.05198669433594
94860335,2025,2025-09-25,9525,2025-09-23,705,022627,NA,2,1,4,1913,0,1,1,NA,2,109,I-10 W/B (SAN BERNARDINO FWY),INDIAN HILL BLVD,528,E,N,A,-,Y,LA,NA,10,NA,NA,47.938,H,NA,L,N,4,0,1,2,A,-,07,21658,A,N,B,C,A,A,H,-,A,D,0,NA,NA,NA,NA,Y,NA,-,-,0,0,1,0,0,0,0,0,0,-,-,34.08190155029297,-117.71595764160156,LOS ANGELES,CLAREMONT,-117.71595764160156,34.081912994384766
94860366,2025,2025-09-25,9590,2025-09-14,1745,024461,NA,7,2,7,1942,0,1,1,NA,2,053,I-110 S/B (HARBOR FREEWAY),23RD STREET,199,N,N,A,-,Y,LA,NA,110,NA,NA,20.975,H,NA,L,Y,4,0,1,2,A,-,08,22107,NA,F,B,C,A,A,H,-,A,D,0,NA,NA,Y,NA,Y,NA,-,99,0,0,1,0,0,0,0,0,1,-,-,34.03150939941406,-118.27455902099608,LOS ANGELES,LOS ANGELES,-118.274658203125,34.03150177001953
94860382,2025,2025-09-25,9575,2025-09-15,922,023227,NA,1,1,9,1900,0,2,4,NA,2,016,LA CRESCENTA AVE,ALTURA AVE,80,N,N,A,-,N,NA,NA,NA,NA,NA,NA,NA,NA,NA,N,3,0,1,1,A,-,03,22350,NA,N,F,A,A,A,H,-,A,B,0,NA,Y,NA,NA,Y,NA,M,91,0,1,0,0,0,0,1,0,0,-,-,34.22013854980469,-118.23995208740234,LOS ANGELES,UNINCORPORATED,-118.2399444580078,34.21976089477539
94860400,2025,2025-09-25,9590,2025-09-12,1740,023946,NA,5,2,7,1942,0,1,1,NA,2,062,I-10 E/B (SANTA MONICA FREEWAY),HOOVER STREET,665,W,N,A,-,Y,LA,NA,10,NA,NA,14.122,H,NA,R,N,4,0,1,2,A,-,07,21658,A,N,C,C,A,A,H,-,A,D,0,NA,NA,NA,NA,Y,NA,A,07,0,0,1,0,0,0,0,0,0,-,-,34.036781311035156,-118.28630065917967,LOS ANGELES,LOS ANGELES,-118.28630065917967,34.036800384521484
94860415,2025,2026-01-27,9545,2025-09-14,1520,024654,NA,7,2,9,1900,0,3,5,NA,2,004,AVENUE S,100TH ST  E,0,NA,Y,A,-,N,NA,NA,NA,NA,NA,NA,NA,NA,NA,N,4,0,5,2,A,-,09,21801,A,N,D,C,A,A,H,-,A,D,0,NA,NA,NA,NA,Y,NA,D,22,0,0,5,0,0,0,0,0,0,-,-,34.557918548583984,-117.95198822021484,LOS ANGELES,UNINCORPORATED,-117.95200347900392,34.55793762207031
94860430,2025,2025-09-25,9545,2025-09-15,1420,024391,NA,1,2,9,1900,0,3,5,NA,1,006,AVENUE L,45TH ST  W,423,W,N,A,-,N,NA,NA,NA,NA,NA,NA,NA,NA,NA,N,4,0,1,2,A,-,03,22350,NA,N,C,C,A,A,H,-,A,A,0,NA,NA,NA,NA,Y,NA,A,07,0,0,1,0,0,0,0,0,0,-,-,34.660179138183594,-118.21163177490234,LOS ANGELES,UNINCORPORATED,-118.21152496337892,34.660213470458984
94860486,2025,2025-09-25,9590,2025-09-14,126,024196,NA,7,3,7,1942,0,1,1,NA,2,050,I-110 N/B (HARBOR FREEWAY),MARTIN LUTHER KING JR. BLVD.,310,S,N,A,-,Y,NA,NA,NA,NA,NA,NA,NA,NA,NA,Y,3,0,1,1,A,-,01,23152,A,N,E,I,A,A,H,-,C,D,0,NA,NA,NA,NA,Y,Y,A,07,0,1,0,0,0,0,0,0,0,-,-,34.01015090942383,-118.28050231933594,LOS ANGELES,LOS ANGELES,-118.28079223632813,34.010231018066406
94860488,2025,2025-09-25,9545,2025-09-16,525,024715,NA,2,3,9,1900,0,3,5,NA,2,003,ANGELES FOREST HWY,MOUNT EMMA ROAD,40,N,N,A,-,Y,NA,NA,NA,NA,NA,NA,NA,NA,NA,Y,3,0,1,2,A,-,03,22350,NA,N,C,C,A,A,H,-,B,D,0,NA,NA,NA,NA,Y,NA,A,01,0,1,0,0,0,0,0,0,0,-,-,34.44647979736328,-118.10237884521484,LOS ANGELES,UNINCORPORATED,-118.1023406982422,34.44645690917969
94860492,2025,2025-09-25,9525,2025-09-16,1217,022770,NA,2,1,5,1990,0,1,3,NA,2,614,SR-60 E/B (POMONA FWY),GOLDEN SPRINGS DR,121,W,N,A,-,Y,LA,NA,60,NA,R,26.508,H,NA,R,N,3,0,2,2,A,-,07,21658,A,N,B,C,A,A,H,-,A,D,0,NA,NA,NA,NA,Y,NA,D,22,0,1,1,0,0,0,0,0,0,-,-,34.02775955200195,-117.796630859375,LOS ANGELES,DIAMOND BAR,-117.796630859375,34.027679443359375
94860496,2025,2025-09-25,9525,2025-09-25,950,019291,NA,4,1,4,1913,0,1,1,NA,2,209,SR-210 W/B (FOOTHILL FWY),TOWNE AVE,1056,E,N,A,-,Y,LA,NA,210,NA,R,49.738,H,NA,L,N,3,0,2,2,A,-,04,21703,NA,N,C,C,A,A,H,-,A,D,0,NA,NA,NA,NA,Y,NA,A,01,0,1,1,0,0,0,0,0,0,-,-,34.12046813964844,-117.73287963867188,LOS ANGELES,CLAREMONT,-117.73287963867188,34.12044906616211
94860519,2025,2025-09-25,9590,2025-09-04,740,018510,NA,4,1,7,1942,0,1,1,NA,2,083,I-5 S/B (GSF),RIVERSIDE DRIVE,1200,S,N,A,-,Y,LA,NA,5,NA,NA,21.709,H,NA,L,N,3,0,1,3,A,-,03,22350,NA,N,C,C,A,A,H,-,A,D,0,NA,NA,NA,NA,Y,NA,A,01,0,1,0,0,0,0,0,0,0,-,-,34.092838287353516,-118.24134063720705,LOS ANGELES,LOS ANGELES,-118.24139404296876,34.092803955078125
94860528,2025,2025-09-25,9545,2025-09-15,800,023263,NA,1,1,9,1900,0,3,5,NA,2,004,165TH STREET EAST,AVENUE T,0,NA,Y,A,-,N,NA,NA,NA,NA,NA,NA,NA,NA,NA,Y,3,0,1,2,A,-,09,21802,A,N,D,2,A,A,H,-,A,A,0,NA,NA,NA,NA,Y,NA,A,01,0,1,0,0,0,0,0,0,0,-,-,34.542518615722656,-117.83561706542967,LOS ANGELES,UNINCORPORATED,-117.83559417724608,34.542449951171875
94860545,2025,2025-09-26,9565,2025-08-26,1640,023800,NA,2,2,7,1942,0,1,1,NA,2,012,I-105 W/B TO I-405 S/B,EL SEGUNDO BOULEVARD,1800,N,N,A,-,Y,NA,NA,NA,NA,NA,NA,NA,NA,NA,Y,4,0,1,1,C,-,18,NA,NA,N,F,0,A,A,A,-,A,A,0,NA,NA,Y,NA,Y,NA,-,-,0,0,1,0,0,0,0,0,1,-,-,33.92129135131836,-118.36975860595705,LOS ANGELES,LOS ANGELES,NA,NA
94860579,2025,2025-09-26,9565,2025-09-13,1535,024304,NA,6,2,7,1942,0,1,1,NA,2,061,I-405 S/B,HOWARD HUGHS PWKY OFF RAMP,53,N,N,A,-,Y,LA,NA,405,NA,NA,24.68,H,NA,L,N,4,0,1,3,A,-,03,22350,NA,M,C,C,A,A,H,-,A,D,0,NA,NA,NA,NA,Y,NA,-,99,0,0,1,0,0,0,0,0,0,-,-,33.97488021850586,-118.38394927978516,LOS ANGELES,LOS ANGELES,-118.3839111328125,33.97494125366211
94860584,2025,2025-09-26,9565,2025-09-14,1525,024279,NA,7,2,9,1900,0,2,4,NA,2,043,INGLEWOOD AVENUE,LENNOX BOULEVARD,550,N,N,A,-,N,NA,NA,NA,NA,NA,NA,NA,NA,NA,N,3,0,1,2,A,-,11,21954,A,N,G,B,D,A,H,-,A,D,0,Y,NA,NA,NA,Y,NA,N,60,0,1,0,0,1,0,0,0,0,-,-,33.9398193359375,-118.36141204833984,LOS ANGELES,UNINCORPORATED,-118.36134338378906,33.939666748046875
94860597,2025,2025-09-29,9565,2025-09-14,2005,024559,NA,7,2,9,1900,0,2,4,NA,2,022,NORMANDIE AVENUE,94TH STREET,63,S,N,A,-,N,NA,NA,NA,NA,NA,NA,NA,NA,NA,N,2,0,6,3,A,-,03,22350,NA,F,C,C,A,A,H,-,C,D,0,NA,NA,NA,NA,Y,NA,A,01,2,3,1,0,0,0,0,0,0,-,-,33.95069122314453,-118.30021667480467,LOS ANGELES,UNINCORPORATED,-118.30027770996094,33.95077896118164
94860602,2025,2025-09-26,9565,2025-08-04,1335,023800,NA,1,1,7,1942,0,1,1,NA,2,063,I-405 S/B,SUNSET BOULEVARD,898,S,N,A,-,Y,LA,NA,405,NA,NA,32.811,H,NA,L,Y,4,0,3,4,A,-,03,22350,NA,N,C,C,A,A,H,-,A,D,0,NA,NA,NA,NA,Y,NA,A,01,0,0,3,0,0,0,0,0,0,-,-,34.07054901123047,-118.46489715576172,LOS ANGELES,LOS ANGELES,-118.46490478515624,34.07054901123047
94860615,2025,2025-09-26,9535,2025-09-14,514,023704,NA,7,3,5,1948,0,1,3,NA,2,600,SR-60 (POMONA FREEWAY) E/B,ATLANTIC AVE,225,W,N,A,-,Y,LA,NA,60,NA,R,4.392,H,NA,R,Y,3,0,2,2,A,-,03,22350,NA,N,C,C,A,A,H,-,D,D,0,NA,NA,NA,NA,Y,NA,A,01,0,2,0,0,0,0,0,0,0,-,-,34.03554153442383,-118.15084838867188,LOS ANGELES,MONTEREY PARK,-118.15088653564452,34.035484313964844
94860619,2024,2025-09-26,9565,2024-04-28,1415,019031,NA,7,2,5,1965,0,1,1,NA,2,081,I-10 W/B,17TH ST,100,W,N,A,-,Y,LA,NA,10,NA,R,2.795,H,NA,L,N,4,0,2,2,A,-,03,22350,NA,N,C,C,A,A,H,-,A,D,0,NA,NA,NA,NA,Y,NA,A,01,0,0,2,0,0,0,0,0,0,-,-,34.02106857299805,-118.47767639160156,LOS ANGELES,SANTA MONICA,-118.47768402099608,34.02107620239258
94860621,2025,2025-09-26,9565,2025-09-14,1955,024559,NA,7,2,9,1900,0,1,1,NA,2,012,I- 105 W/B,WILTON PL,15,E,N,A,-,Y,LA,NA,105,NA,R,5.493,H,NA,L,Y,3,0,12,6,A,-,03,22350,NA,N,C,C,A,A,D,-,A,D,0,NA,NA,NA,NA,Y,NA,A,07,0,2,10,0,0,0,0,0,0,-,-,33.92565155029297,-118.31330108642578,LOS ANGELES,UNINCORPORATED,-118.31330108642578,33.92559814453125
94860625,2024,2025-09-26,9565,2024-11-30,1041,023620,NA,6,1,9,1900,0,3,5,NA,2,002,CENTURY BLVD,NORMANDIE AVE,0,NA,Y,A,-,N,NA,NA,NA,NA,NA,NA,NA,NA,NA,N,3,0,1,3,A,-,12,21453,A,F,B,C,B,A,H,-,A,D,0,Y,NA,NA,NA,Y,NA,-,99,0,1,0,0,1,0,0,0,0,-,-,33.94557189941406,-118.30036163330078,LOS ANGELES,UNINCORPORATED,-118.30027770996094,33.94548797607422
9486104,2022,2022-09-13,1976,2022-08-22,0815,589,NA,1,5,5,1976,0,0,0,NA,0,003,S MILLS AV,WHITTIER BL,45,N,N,A,-,N,NA,NA,NA,NA,NA,NA,NA,NA,NA,Y,4,0,1,2,A,-,03,22350,NA,N,B,E,A,A,H,-,A,D,0,NA,NA,NA,NA,Y,NA,A,01,0,0,1,0,0,0,0,0,0,-,-,NA,NA,LOS ANGELES,WHITTIER,-118.0102767944336,33.950862884521484
9486105,2022,2022-09-13,1976,2022-08-16,0914,416,NA,2,5,3,1964,0,0,0,NA,0,001,TELEGRAPH RD,ALBURTIS AV,0,NA,Y,A,-,N,NA,NA,NA,NA,NA,NA,NA,NA,NA,Y,3,0,2,2,A,-,09,21801,A,N,D,C,A,A,H,-,A,A,0,NA,NA,NA,NA,Y,NA,A,01,0,1,1,0,0,0,0,0,0,-,-,NA,NA,LOS ANGELES,SANTA FE SPRINGS,-118.08441925048828,33.946441650390625
94861317,2025,2025-09-26,9575,2025-09-16,836,020536,NA,2,1,6,1925,0,1,3,NA,2,042,SR-134 W/B (VENTURA FREEWAY),VERDUGO ROAD,239,W,N,A,-,Y,LA,NA,134,NA,R,8.187,H,NA,L,N,3,0,1,2,A,-,03,22350,NA,N,C,C,A,A,H,-,A,D,0,NA,NA,NA,NA,Y,NA,A,08,0,1,0,0,0,0,0,0,0,-,-,34.1533203125,-118.23760986328124,LOS ANGELES,GLENDALE,-118.23765563964844,34.153282165527344
94861366,2025,2025-09-26,9540,2025-09-23,2000,023260,NA,2,2,7,1942,0,1,1,NA,1,405,I-405 S/B TO SR-118 W/B,SR-118,400,N,N,A,-,Y,LA,NA,405,NA,NA,46.938,H,NA,L,N,4,0,1,2,A,-,03,22350,NA,N,C,2,A,A,H,-,D,D,0,NA,NA,NA,NA,Y,NA,A,01,0,0,1,0,0,0,0,0,0,-,-,34.26729965209961,-118.47252655029295,LOS ANGELES,LOS ANGELES,-118.47227478027344,34.26729965209961
94861380,2025,2025-09-26,9580,2025-09-25,1705,022080,NA,4,2,7,1942,0,1,2,NA,2,105,US-101 S/B (VENTURA FREEWAY),RESEDA BLVD,450,N,N,A,-,Y,LA,NA,101,NA,NA,21.352,H,NA,L,N,4,0,1,2,A,-,07,21658,A,N,C,D,A,A,H,-,A,D,0,NA,NA,NA,NA,Y,NA,A,01,0,0,1,0,0,0,0,0,0,-,-,34.1732292175293,-118.5375518798828,LOS ANGELES,LOS ANGELES,-118.5375518798828,34.173213958740234
94861381,2025,2025-09-26,9580,2025-09-19,555,024676,NA,5,3,7,1942,0,1,2,NA,2,102,US-101 (VENTURA FREEWAY) N/B,HAYVENHURST AVE,2266,S,N,A,-,Y,LA,NA,101,NA,NA,18.178,H,NA,R,N,4,0,1,2,A,-,08,22107,NA,N,C,C,A,A,H,-,B,D,0,NA,NA,NA,Y,Y,NA,G,25,0,0,1,0,0,0,0,0,0,-,-,34.165340423583984,-118.48475646972656,LOS ANGELES,LOS ANGELES,-118.48476409912108,34.16536331176758
94861383,2025,2026-01-21,9575,2025-09-17,1215,024621,NA,3,1,6,1953,0,1,1,NA,2,064,I-210 W/B (FOOTHILL FREEWAY),ALLEN AVE,5,W,N,A,-,Y,LA,NA,210,NA,R,27.441,H,NA,L,N,4,0,1,3,A,-,03,22350,NA,N,C,C,A,A,H,-,A,D,0,NA,NA,NA,NA,Y,NA,A,01,0,0,1,0,0,0,0,0,0,-,-,34.1526985168457,-118.11296081542967,LOS ANGELES,PASADENA,-118.11295318603516,34.1525993347168