CASE_ID,ACCIDENT_YEAR,PROC_DATE,JURIS,COLLISION_DATE,COLLISION_TIME,OFFICER_ID,REPORTING_DISTRICT,DAY_OF_WEEK,CHP_SHIFT,POPULATION,CNTY_CITY_LOC,SPECIAL_COND,BEAT_TYPE,CHP_BEAT_TYPE,CITY_DIVISION_LAPD,CHP_BEAT_CLASS,BEAT_NUMBER,PRIMARY_RD,SECONDARY_RD,DISTANCE,DIRECTION,INTERSECTION,WEATHER_1,WEATHER_2,STATE_HWY_IND,CALTRANS_COUNTY,CALTRANS_DISTRICT,STATE_ROUTE,ROUTE_SUFFIX,POSTMILE_PREFIX,POSTMILE,LOCATION_TYPE,RAMP_INTERSECTION,SIDE_OF_HWY,TOW_AWAY,COLLISION_SEVERITY,NUMBER_KILLED,NUMBER_INJURED,PARTY_COUNT,PRIMARY_COLL_FACTOR,PCF_CODE_OF_VIOL,PCF_VIOL_CATEGORY,PCF_VIOLATION,PCF_VIOL_SUBSECTION,HIT_AND_RUN,TYPE_OF_COLLISION,MVIW,PED_ACTION,ROAD_SURFACE,ROAD_COND_1,ROAD_COND_2,LIGHTING,CONTROL_DEVICE,CHP_ROAD_TYPE,PEDESTRIAN_ACCIDENT,BICYCLE_ACCIDENT,MOTORCYCLE_ACCIDENT,TRUCK_ACCIDENT,NOT_PRIVATE_PROPERTY,ALCOHOL_INVOLVED,STWD_VEHTYPE_AT_FAULT,CHP_VEHTYPE_AT_FAULT,COUNT_SEVERE_INJ,COUNT_VISIBLE_INJ,COUNT_COMPLAINT_PAIN,COUNT_PED_KILLED,COUNT_PED_INJURED,COUNT_BICYCLIST_KILLED,COUNT_BICYCLIST_INJURED,COUNT_MC_KILLED,COUNT_MC_INJURED,PRIMARY_RAMP,SECONDARY_RAMP,LATITUDE,LONGITUDE,COUNTY,CITY,POINT_X,POINT_Y
94865866,2025,2025-09-30,9565,2025-09-18,1957,024500,NA,4,2,7,1942,0,1,1,NA,2,083,I-10 E/B,ROBERTSON BLVD,1320,W,N,A,-,Y,LA,NA,10,NA,R,7.597,H,NA,R,N,4,0,1,2,A,-,03,22350,NA,N,C,C,A,A,H,-,C,D,0,NA,NA,NA,NA,Y,NA,D,22,0,0,1,0,0,0,0,0,0,-,-,34.029090881347656,-118.39669036865234,LOS ANGELES,LOS ANGELES,-118.39669799804688,34.02900695800781
94865883,2025,2025-09-30,9590,2025-09-18,340,024270,NA,4,3,7,1942,0,1,1,NA,2,083,I-5 S/B (GOLDEN STATE FREEWAY),N MISSION RD.,438,S,N,C,-,Y,LA,NA,5,NA,NA,18.7,H,NA,L,N,4,0,1,1,A,-,08,22107,NA,N,H,I,A,B,H,-,C,A,0,NA,NA,NA,NA,Y,Y,A,07,0,0,1,0,0,0,0,0,0,-,-,34.058780670166016,-118.21473693847656,LOS ANGELES,LOS ANGELES,-118.21459197998048,34.058807373046875
94865886,2025,2025-09-30,9545,2025-09-20,1810,023856,NA,6,2,9,1900,0,3,5,NA,2,004,AVENUE T,103RD ST  E,0,NA,Y,A,-,N,NA,NA,NA,NA,NA,NA,NA,NA,NA,N,4,0,2,2,A,-,03,22350,NA,N,C,C,A,A,H,-,A,D,0,NA,NA,NA,NA,Y,NA,A,07,0,0,2,0,0,0,0,0,0,-,-,34.542911529541016,-117.94496154785156,LOS ANGELES,UNINCORPORATED,-117.94493103027344,34.54290771484375
94865888,2025,2025-09-30,9530,2025-09-15,1100,024337,NA,1,1,5,1943,0,1,1,NA,2,210,I-105 W/B (GLENN ANDERSON FWY),LONG BEACH BLVD.,1700,W,N,A,-,Y,LA,NA,105,NA,R,11.241,H,NA,R,N,4,0,3,3,A,-,03,22350,NA,N,C,C,A,A,H,-,A,D,0,NA,NA,NA,NA,Y,NA,A,07,0,0,3,0,0,0,0,0,0,-,-,33.9268798828125,-118.21479034423828,LOS ANGELES,LYNWOOD,-118.21480560302734,33.92686080932617
94865889,2025,2025-09-30,9545,2025-09-22,1930,023770,NA,1,2,9,1900,0,3,5,NA,1,005,95TH ST  E,AVENUE R,0,NA,Y,A,-,N,NA,NA,NA,NA,NA,NA,NA,NA,NA,N,4,0,3,3,A,-,09,21802,A,N,D,2,A,A,H,-,C,A,0,NA,NA,NA,NA,Y,NA,A,01,0,0,3,0,0,0,0,0,0,-,-,34.572418212890625,-117.96099853515624,LOS ANGELES,UNINCORPORATED,-117.96092987060548,34.572391510009766
94865894,2025,2025-09-30,9550,2025-08-12,1800,024590,NA,2,2,9,1900,0,3,5,NA,2,001,HADLEY ST,KEITH DR,0,NA,Y,A,-,N,NA,NA,NA,NA,NA,NA,NA,NA,NA,Y,2,0,1,2,A,-,09,21802,A,N,D,C,A,A,H,-,A,A,0,NA,NA,Y,NA,Y,NA,D,22,1,0,0,0,0,0,0,0,1,-,-,33.982688903808594,-118.05919647216795,LOS ANGELES,UNINCORPORATED,-118.05926513671876,33.98273849487305
94865895,2025,2025-09-30,9590,2025-09-18,940,018510,NA,4,1,7,1942,0,1,2,NA,2,073,US-101 (HOF),BARHAM BLVD,500,N,N,A,-,Y,LA,NA,101,NA,NA,9.251,H,NA,R,N,4,0,1,2,A,-,03,22350,NA,M,C,C,A,A,H,-,A,D,0,NA,NA,NA,NA,Y,NA,-,99,0,0,1,0,0,0,0,0,0,-,-,34.1290397644043,-118.34747314453124,LOS ANGELES,LOS ANGELES,-118.34725189208984,34.12919235229492
94865904,2025,2025-09-30,9545,2025-09-16,747,024617,NA,2,1,9,1900,0,3,5,NA,2,004,PALMDALE BLVD,97TH ST  E,30,W,N,A,-,N,NA,NA,NA,NA,NA,NA,NA,NA,NA,N,4,0,2,2,A,-,03,22350,NA,N,C,C,A,A,H,-,A,D,0,NA,NA,NA,NA,Y,NA,A,01,0,0,2,0,0,0,0,0,0,-,-,34.57976150512695,-117.95657348632813,LOS ANGELES,UNINCORPORATED,-117.9563217163086,34.579769134521484
94865917,2025,2025-09-30,9580,2025-09-24,1215,024676,NA,3,1,7,1942,0,1,2,NA,2,103,US-101 (VENTURA FREEWAY) S/B,WOODMAN AVE,1718,N,N,A,-,Y,LA,NA,101,NA,NA,15.232,H,NA,L,N,4,0,2,2,A,-,03,22350,NA,N,C,C,A,A,H,-,A,D,0,NA,NA,NA,NA,Y,NA,A,01,0,0,2,0,0,0,0,0,0,-,-,34.15550994873047,-118.43711853027344,LOS ANGELES,LOS ANGELES,-118.43711853027344,34.155555725097656
94865928,2025,2025-09-30,9565,2025-09-18,1830,023177,NA,4,2,7,1942,0,1,3,NA,2,070,SR 90 E/B TO I-405 S/B,MESMER AVE.,465,E,N,A,-,Y,NA,NA,NA,NA,NA,NA,NA,NA,NA,N,3,0,1,2,A,-,03,22350,NA,N,C,C,A,A,H,-,A,D,0,NA,NA,Y,NA,Y,NA,C,02,0,1,0,0,0,0,0,0,1,-,-,33.9869384765625,-118.39958953857422,LOS ANGELES,LOS ANGELES,-118.40255737304688,33.987972259521484
94865936,2025,2025-09-30,9580,2025-09-25,905,024676,NA,4,1,7,1942,0,1,2,NA,2,104,US-101 (VENTURA FREEWAY) N/B,SR-27 (TOPANGA CANYON BLVD),1200,S,N,A,-,Y,LA,NA,101,NA,NA,25.108,H,NA,R,N,4,0,1,2,A,-,03,22350,NA,N,C,C,A,A,H,-,A,D,0,NA,NA,NA,NA,Y,NA,A,08,0,0,1,0,0,0,0,0,0,-,-,34.170230865478516,-118.60170745849608,LOS ANGELES,LOS ANGELES,-118.60171508789064,34.17020797729492
94865968,2024,2025-09-30,9590,2024-12-22,456,023638,NA,7,3,7,1942,0,1,1,NA,2,500,INTERSTATE 110 NORTHBOUND (HARBOR FREEWAY) EXPRESS,CENTURY BOULEVARD,685,N,N,A,-,Y,LA,NA,110,NA,NA,15.105,H,NA,R,N,1,1,0,3,A,-,11,21954,A,F,G,B,E,A,H,-,C,D,0,Y,NA,NA,NA,Y,Y,N,60,0,0,0,1,0,0,0,0,0,-,-,33.94733810424805,-118.27944183349608,LOS ANGELES,LOS ANGELES,-118.27936553955078,33.94733810424805
94866006,2025,2025-09-30,9540,2025-09-29,810,019254,NA,1,1,9,1900,0,1,1,NA,2,509,I-5 S/B (GOLDEN STATE FREEWAY),PARKER ROAD (O/C),950,S,N,A,-,Y,LA,NA,5,NA,R,58.82,H,NA,L,Y,4,0,1,2,A,-,08,22107,NA,N,B,2,A,A,H,-,A,D,0,NA,NA,NA,Y,Y,NA,A,07,0,0,1,0,0,0,0,0,0,-,-,34.487281799316406,-118.61766815185548,LOS ANGELES,UNINCORPORATED,-118.61762237548828,34.4873046875
94866008,2025,2025-10-14,9530,2025-09-18,2200,024138,NA,4,3,7,1941,0,1,1,NA,2,071,I-710 N/B (LONG BEACH FREEWAY),DEL AMO BLVD.,500,S,N,A,-,Y,LA,NA,710,NA,NA,10.447,H,NA,R,Y,4,0,1,2,A,-,03,22350,NA,M,C,C,A,A,H,-,D,D,0,NA,NA,NA,NA,Y,NA,-,99,0,0,1,0,0,0,0,0,0,-,-,33.84115982055664,-118.20677185058594,LOS ANGELES,LONG BEACH,-118.20679473876952,33.841163635253906
94866020,2025,2025-09-30,9540,2025-08-29,2000,023580,NA,5,2,9,1900,0,2,4,NA,2,081,SOUTHBOUND THE OLD RD,SILVER ASPEN WAY,0,NA,Y,A,-,N,NA,NA,NA,NA,NA,NA,NA,NA,NA,N,4,0,1,2,D,-,00,NA,NA,N,B,2,A,A,H,-,C,D,0,NA,NA,NA,NA,Y,NA,-,-,0,0,1,0,0,0,0,0,0,-,-,34.409908294677734,-118.57952117919922,LOS ANGELES,UNINCORPORATED,-118.57952880859376,34.40982437133789
94866090,2025,2025-09-30,9575,2025-09-16,805,021775,NA,2,1,6,1925,0,1,1,NA,2,062,I-210 E/B (FOOTHILL FREEWAY),PENNSYLVANIA AVE.,300,W,N,A,-,Y,LA,NA,210,NA,R,16.704,H,NA,R,Y,4,0,1,3,A,-,03,22350,NA,N,C,C,A,A,H,-,A,D,0,NA,NA,NA,Y,Y,NA,F,25,0,0,1,0,0,0,0,0,0,-,-,34.22372055053711,-118.24996948242188,LOS ANGELES,GLENDALE,-118.2499542236328,34.22373580932617
94866105,2025,2025-09-30,9540,2025-09-15,150,024271,NA,1,3,9,1900,0,1,1,NA,1,502,I-5 N/B (GOLDEN STATE FWY),BALBOA BLVD,1200,N,N,A,-,Y,LA,NA,5,NA,R,44.668,H,NA,R,Y,4,0,1,2,A,-,07,21658,A,N,B,C,A,A,H,-,C,D,0,NA,NA,NA,NA,Y,NA,A,01,0,0,1,0,0,0,0,0,0,-,-,34.32304000854492,-118.4995574951172,LOS ANGELES,UNINCORPORATED,-118.49956512451172,34.32303237915039
94866176,2025,2025-09-30,9580,2025-09-26,825,024676,NA,5,1,7,1942,0,1,2,NA,2,103,US-101 (VENTURA FREEWAY) S/B,WOODMAN AVE,1265,N,N,A,-,Y,LA,NA,101,NA,NA,15.145,H,NA,L,N,4,0,1,2,A,-,03,22350,NA,N,C,C,A,A,H,-,A,D,0,NA,NA,NA,NA,Y,NA,A,01,0,0,1,0,0,0,0,0,0,-,-,34.15557098388672,-118.43560791015624,LOS ANGELES,LOS ANGELES,-118.43560791015624,34.155548095703125
94866228,2025,2025-09-30,9535,2025-06-17,1740,020551,NA,2,2,5,1947,0,1,3,NA,2,620,SR-60 EASTBOUND (POMONA FREEWAY),PARAMOUNT BLVD.,1000,E,N,A,-,Y,LA,NA,60,NA,R,8.152,H,NA,R,Y,2,0,1,3,A,-,07,21658,A,F,B,C,A,A,H,-,A,D,0,NA,NA,Y,Y,Y,NA,-,-,1,0,0,0,0,0,0,0,1,-,-,34.03757095336914,-118.08657073974608,LOS ANGELES,MONTEBELLO,-118.0865478515625,34.037506103515625
94866244,2025,2025-09-30,9590,2025-09-13,1429,024452,NA,6,2,7,1942,0,1,1,NA,2,051,I-110 S/B (HARBOR FREEWAY),39TH STREET,75,S,N,A,-,Y,LA,NA,110,NA,NA,19.72,H,NA,L,N,3,0,1,2,A,-,03,22350,NA,N,C,C,A,A,H,-,A,D,0,NA,NA,NA,NA,Y,NA,A,01,0,1,0,0,0,0,0,0,0,-,-,34.0142707824707,-118.28115844726564,LOS ANGELES,LOS ANGELES,-118.28108978271484,34.01426696777344
94866303,2025,2025-09-30,9530,2025-09-15,705,023673,NA,1,1,7,1941,0,1,1,NA,2,420,I-405 N/B (SAN DIEGO FREEWAY),PACIFIC PL,155,S,N,B,-,Y,LA,NA,405,NA,NA,7.026,H,NA,R,N,3,0,1,1,A,-,08,22107,NA,N,E,I,A,A,H,-,A,D,0,NA,NA,NA,NA,Y,NA,A,01,0,1,0,0,0,0,0,0,0,-,-,33.82331085205078,-118.19841766357422,LOS ANGELES,LONG BEACH,-118.19850158691406,33.823204040527344
94866307,2025,2025-09-30,9575,2025-09-19,1252,021795,NA,5,1,5,1902,0,1,1,NA,2,065,I-210 E/B (FOOTHILL FREEWAY),FIFTH AVE.,160,W,N,A,-,Y,LA,NA,210,NA,R,32.579,H,NA,R,N,4,0,1,3,A,-,03,22350,NA,N,C,C,A,A,H,-,A,D,0,NA,NA,NA,NA,Y,NA,A,01,0,0,1,0,0,0,0,0,0,-,-,34.14305114746094,-118.02120971679688,LOS ANGELES,ARCADIA,-118.02125549316406,34.14298629760742
94866309,2025,2025-09-30,9530,2025-09-15,1130,023673,NA,1,1,5,1977,0,1,1,NA,2,410,I-405 S/B (SAN DIEGO FREEWAY),ALAMEDA ST.,180,N,N,A,-,Y,LA,NA,105,NA,R,10.54,H,NA,R,N,4,0,1,2,A,-,03,22350,NA,M,C,C,A,A,H,-,A,D,0,NA,NA,NA,NA,Y,NA,-,99,0,0,1,0,0,0,0,0,0,-,-,33.929290771484375,-118.226318359375,LOS ANGELES,CARSON,-118.2262954711914,33.929222106933594
94866314,2025,2025-09-30,9580,2025-09-27,30,023725,NA,6,3,7,1942,0,1,3,NA,2,116,SR-118 E/B (RONALD REAGAN FWY.),WOODLEY AVE,500,W,N,A,-,Y,LA,NA,118,NA,R,8.874,H,NA,R,Y,3,0,2,2,A,-,08,22107,NA,N,B,2,A,A,H,-,D,D,0,NA,NA,NA,NA,Y,NA,A,01,0,2,0,0,0,0,0,0,0,-,-,34.269371032714844,-118.48702239990234,LOS ANGELES,LOS ANGELES,-118.48699188232422,34.2693977355957
94866335,2024,2025-10-16,9545,2024-05-04,308,023340,NA,6,3,9,1900,0,3,5,NA,2,004,PALMDALE BOULEVARD,120TH STREET EAST,1388,E,N,A,-,N,NA,NA,NA,NA,NA,NA,NA,NA,NA,Y,1,1,4,1,A,-,08,22107,NA,F,F,A,A,A,H,-,D,D,0,NA,NA,NA,NA,Y,NA,A,01,0,0,4,0,0,0,0,0,0,-,-,34.57992935180664,-117.91178131103516,LOS ANGELES,UNINCORPORATED,NA,NA
94866341,2025,2025-09-30,9530,2025-09-19,945,024052,NA,5,1,9,1900,0,3,5,NA,2,002,ROSECRANS AVE.,SAN PEDRO ST.,0,NA,Y,A,-,N,NA,NA,NA,NA,NA,NA,NA,NA,NA,N,4,0,4,2,A,-,12,21453,A,N,D,C,A,A,H,-,A,A,0,NA,NA,NA,NA,Y,NA,D,22,0,0,4,0,0,0,0,0,0,-,-,33.901981353759766,-118.26896667480467,LOS ANGELES,UNINCORPORATED,-118.2689971923828,33.901954650878906
94866352,2025,2025-09-30,9580,2025-09-28,920,024648,NA,7,1,9,1900,0,3,5,NA,1,010,MULHOLLAND HWY,SIERRA CANYON RD,500,W,N,B,-,N,NA,NA,NA,NA,NA,NA,NA,NA,NA,Y,3,0,1,2,A,-,08,22107,NA,F,E,I,A,A,H,-,A,D,0,NA,Y,Y,NA,Y,NA,C,02,0,1,0,0,0,0,0,0,1,-,-,34.11378860473633,-118.7860870361328,LOS ANGELES,UNINCORPORATED,NA,NA
94866359,2025,2025-09-30,9575,2025-09-23,1320,021775,NA,2,1,7,1942,0,1,3,NA,2,041,SR-134 E/B (VENTURA FREEWAY),FIGUEROA STREET,250,W,N,A,-,Y,LA,NA,134,NA,R,11.407,H,NA,R,Y,3,0,2,2,A,-,08,22107,NA,N,B,2,A,A,H,-,A,D,0,NA,NA,NA,NA,Y,NA,-,-,0,1,1,0,0,0,0,0,0,-,-,34.143218994140625,-118.18643188476564,LOS ANGELES,LOS ANGELES,-118.18647003173828,34.143165588378906
94866367,2025,2025-09-30,9575,2025-09-19,1730,021772,NA,5,2,6,1953,0,1,3,NA,2,040,SR-134 W/B (VENTURA FREEWAY),SAN RAFAEL AVE.,95,E,N,A,-,Y,LA,NA,134,NA,R,12.382,H,NA,L,Y,4,0,1,2,A,-,03,22350,NA,N,C,C,A,A,H,-,A,D,0,NA,NA,NA,NA,Y,NA,A,01,0,0,1,0,0,0,0,0,0,-,-,34.14358139038086,-118.17041015625,LOS ANGELES,PASADENA,-118.17039489746094,34.14354705810547
94866377,2025,2025-09-30,9575,2025-09-18,2307,024607,NA,4,3,6,1912,0,1,3,NA,2,044,SR-134 W/B (VENTURA FREEWAY) TO HOLLYWOOD WAY,OLIVE AVENUE,172,W,N,A,-,Y,LA,NA,134,NA,NA,2.201,H,NA,L,N,4,0,2,2,A,-,03,22350,NA,M,C,2,A,A,H,-,C,D,0,NA,NA,NA,NA,Y,NA,-,99,0,0,2,0,0,0,0,0,0,-,-,34.15370178222656,-118.33834075927734,LOS ANGELES,BURBANK,-118.33839416503906,34.15347671508789
94866396,2025,2025-09-30,9550,2025-09-18,1954,022778,NA,4,2,5,1919,0,1,1,NA,2,652,INTERSTATE 605 NORTHBOUND,ARTESIA BOULEVARD,900,S,N,A,-,Y,LA,NA,605,NA,R,4.615,H,NA,R,Y,4,0,2,2,A,-,03,22350,NA,N,C,C,A,A,H,-,C,D,0,NA,NA,NA,NA,Y,NA,A,01,0,0,2,0,0,0,0,0,0,-,-,33.870418548583984,-118.10011291503906,LOS ANGELES,CERRITOS,-118.10021209716795,33.870391845703125
94866419,2024,2025-09-30,9535,2024-12-26,2106,020551,NA,4,2,9,1900,0,1,3,NA,2,066,ROSEMEAD BOULEVARD (3000 BLOCK),SAN GABRIEL BLVD.,2044,S,N,B,-,Y,NA,NA,NA,NA,NA,NA,NA,NA,NA,Y,4,0,1,1,A,-,08,22107,NA,N,E,I,A,A,H,-,C,D,0,NA,NA,NA,NA,Y,NA,D,22,0,0,1,0,0,0,0,0,0,-,-,34.02315139770508,-118.07111358642578,LOS ANGELES,UNINCORPORATED,-118.07103729248048,34.02347183227539
94866425,2025,2025-09-30,9590,2025-09-25,1820,022750,NA,4,2,7,1942,0,1,1,NA,2,060,I-10 E/B (SANTA MONICA FREEWAY),ARLINGTON AVENUE,900,E,N,A,-,Y,LA,NA,10,NA,R,12.497,H,NA,R,N,4,0,2,2,A,-,03,22350,NA,N,C,C,A,A,H,-,A,D,0,NA,NA,NA,NA,Y,NA,A,01,0,0,2,0,0,0,0,0,0,-,-,34.03696823120117,-118.31462097167967,LOS ANGELES,LOS ANGELES,-118.31461334228516,34.036930084228516
94866441,2025,2025-09-30,9545,2025-09-23,1555,024391,NA,2,2,9,1900,0,3,5,NA,2,002,GODDE HILL ROAD,OLD WINDMILL ROAD,1652,N,N,A,-,N,NA,NA,NA,NA,NA,NA,NA,NA,NA,N,3,0,1,1,A,-,03,22350,NA,N,E,8,A,A,H,-,A,D,0,NA,NA,NA,NA,Y,NA,A,01,0,1,0,0,0,0,0,0,0,-,-,34.60752868652344,-118.24981689453124,LOS ANGELES,UNINCORPORATED,-118.25478363037108,34.60866165161133
94866444,2025,2025-09-30,9590,2025-09-23,1140,016856,NA,2,1,7,1942,0,1,1,NA,2,061,I-10 W/B (8SANTA MONICA FREEWAY),CRENSHAW BOULEVARD OVER CROSSING,60,W,N,A,-,Y,LA,NA,10,NA,R,11.37,H,NA,L,N,4,0,1,2,A,-,03,22350,NA,N,C,C,A,A,H,-,A,D,0,NA,NA,NA,NA,Y,NA,A,01,0,0,1,0,0,0,0,0,0,-,-,34.03514099121094,-118.33409118652344,LOS ANGELES,LOS ANGELES,-118.33409118652344,34.03514099121094
94866453,2025,2025-09-30,9535,2025-09-11,1625,022142,NA,4,2,5,1959,0,1,3,NA,2,620,SR-60 E/B (POMONA FREEWAY),SAN GABRIEL BLVD.,1800,W,N,A,-,Y,LA,NA,60,NA,R,8.161,H,NA,R,N,4,0,1,3,A,-,03,22350,NA,N,C,C,A,A,H,-,A,D,0,NA,NA,NA,Y,Y,NA,G,25,0,0,1,0,0,0,0,0,0,-,-,34.03757858276367,-118.08641052246094,LOS ANGELES,ROSEMEAD,-118.08639526367188,34.03754425048828
94866487,2025,2025-09-30,9590,2025-09-18,1527,024688,NA,4,2,7,1942,0,1,1,NA,2,041,I-5 S/B (SAF),WHITTER BOULEVARD,100,N,N,A,-,Y,LA,NA,5,NA,NA,17.077,H,NA,L,N,4,0,1,2,D,-,00,NA,NA,N,C,C,A,A,H,-,A,D,0,NA,NA,NA,NA,Y,NA,-,-,0,0,1,0,0,0,0,0,0,-,-,34.03678894042969,-118.22042083740234,LOS ANGELES,LOS ANGELES,-118.22049713134766,34.03681182861328
94866489,2025,2025-09-30,9535,2025-09-19,415,023941,NA,5,3,4,1907,0,1,1,NA,2,073,I-710 (LONG BEACH FREEWAY) S/B,GAGE AVE,500,S,N,A,-,Y,LA,NA,710,NA,NA,20.167,H,NA,L,Y,4,0,1,2,A,-,01,23152,A,N,B,C,A,A,H,-,D,D,0,NA,NA,NA,Y,Y,Y,A,07,0,0,1,0,0,0,0,0,0,-,-,33.97452163696289,-118.16797637939452,LOS ANGELES,BELL,-118.16785430908205,33.974510192871094
94866503,2025,2025-09-30,9550,2025-09-19,820,018187,NA,5,1,9,1900,0,3,5,NA,2,002,MILLS AVE,MULBERRY DR,220,N,N,B,-,N,NA,NA,NA,NA,NA,NA,NA,NA,NA,N,4,0,1,4,A,-,09,21804,A,N,D,C,A,A,H,-,A,D,0,NA,NA,NA,NA,Y,NA,A,01,0,0,1,0,0,0,0,0,0,-,-,33.943260192871094,-118.02684020996094,LOS ANGELES,UNINCORPORATED,-118.02700042724608,33.943145751953125
94866524,2025,2025-09-30,9590,2025-09-18,1012,024693,NA,4,1,7,1942,0,1,1,NA,2,050,I-110 N/B (HARBOR FREEWAY),EXPOSITION BOULEVARD,1000,S,N,A,-,Y,LA,NA,110,NA,NA,19.827,H,NA,R,N,4,0,2,2,A,-,07,21658,A,N,B,C,A,A,H,-,A,D,0,NA,NA,NA,NA,Y,NA,A,07,0,0,2,0,0,0,0,0,0,-,-,34.01572036743164,-118.2805404663086,LOS ANGELES,LOS ANGELES,-118.28067779541016,34.01573944091797
9486658,2022,2022-09-15,1976,2022-08-26,2138,22-00505,NA,5,5,5,1976,0,0,0,NA,0,001,REDMAN AV,ORCHARD AV,146,S,N,A,-,N,NA,NA,NA,NA,NA,NA,NA,NA,NA,Y,3,0,1,3,A,-,01,23152,A,N,C,E,A,A,H,-,D,D,0,NA,NA,NA,NA,Y,Y,A,07,0,1,0,0,0,0,0,0,0,-,-,NA,NA,LOS ANGELES,WHITTIER,-118.06591796875,33.9930534362793
9486659,2022,2022-09-15,1976,2022-08-07,1111,482,NA,7,5,3,1964,0,0,0,NA,0,001,PIONEER BL,CHARLESWORTH AV,200,S,N,A,-,N,NA,NA,NA,NA,NA,NA,NA,NA,NA,Y,4,0,1,3,A,-,03,22350,NA,N,C,E,A,A,H,-,A,D,0,NA,NA,NA,NA,Y,NA,A,01,0,0,1,0,0,0,0,0,0,-,-,NA,NA,LOS ANGELES,SANTA FE SPRINGS,-118.08609008789064,33.95545959472656
9486663,2022,2022-09-15,1976,2022-08-11,0639,531,NA,4,5,3,1964,0,0,0,NA,0,001,LOS NIETOS RD,NORWALK BL,102,W,N,A,-,N,NA,NA,NA,NA,NA,NA,NA,NA,NA,Y,3,0,1,2,A,-,08,22107,NA,N,B,C,A,A,H,-,A,D,0,NA,NA,NA,NA,Y,NA,D,22,0,1,0,0,0,0,0,0,0,-,-,NA,NA,LOS ANGELES,SANTA FE SPRINGS,-118.07171630859376,33.95759963989258
9486666,2022,2022-09-15,1976,2022-08-16,0845,210,NA,2,5,3,1964,0,0,0,NA,0,003,IMPERIAL HWY,MARQUARDT AV,450,W,N,A,-,N,NA,NA,NA,NA,NA,NA,NA,NA,NA,N,4,0,1,2,A,-,03,22350,NA,N,C,C,A,A,H,-,A,D,0,NA,NA,NA,NA,Y,NA,-,NA,0,0,1,0,0,0,0,0,0,-,-,NA,NA,LOS ANGELES,SANTA FE SPRINGS,-118.03949737548828,33.9169807434082
94866701,2025,2025-09-30,9535,2025-07-13,130,023443,NA,7,3,5,1969,0,1,1,NA,2,075,I-710 (LONG BEACH FREEWAY) S/B,FILESTONE BLVD,1500,S,N,A,-,Y,LA,NA,710,NA,NA,18.153,H,NA,L,Y,4,0,2,3,A,-,08,22107,NA,F,B,2,A,A,H,-,C,D,0,NA,NA,NA,NA,Y,NA,-,99,0,0,2,0,0,0,0,0,0,-,-,33.945640563964844,-118.17076873779295,LOS ANGELES,SOUTH GATE,-118.17074584960938,33.94563674926758
94866702,2025,2025-09-30,9525,2025-09-14,1445,024192,NA,7,2,3,1921,0,1,1,NA,2,202,I-210 E/B (FOOTHILL FWY),HIGHLAND AVE,238,W,N,A,-,Y,LA,NA,210,NA,R,35.829,H,NA,R,Y,4,0,1,2,A,-,03,22350,NA,N,C,C,A,A,H,-,A,D,0,NA,NA,NA,NA,Y,NA,A,01,0,0,1,0,0,0,0,0,0,-,-,34.135501861572266,-117.96753692626952,LOS ANGELES,DUARTE,-117.96753692626952,34.135475158691406
94866735,2025,2025-09-30,9550,2025-09-19,1245,018408,NA,5,1,9,1900,0,1,3,NA,2,601,SR-60 E/B,HACIENDA BLVD.,1645,E,N,A,-,Y,LA,NA,60,NA,NA,16.272,H,NA,R,N,3,0,3,2,A,-,03,22350,NA,N,C,C,A,A,H,-,A,D,0,NA,NA,NA,Y,Y,NA,G,25,0,2,1,0,0,0,0,0,0,-,-,34.005149841308594,-117.95915222167967,LOS ANGELES,UNINCORPORATED,-117.95912933349608,34.00520324707031
9486674,2022,2022-09-15,1976,2022-08-13,1156,482,NA,6,5,3,1964,0,0,0,NA,0,001,SANTA FE SPRINGS RD,LOS NIETOS RD,0,NA,Y,A,-,N,NA,NA,NA,NA,NA,NA,NA,NA,NA,Y,3,0,2,3,A,-,09,21801,A,N,D,C,A,A,H,-,A,A,0,NA,NA,NA,NA,Y,NA,A,01,0,2,0,0,0,0,0,0,0,-,-,NA,NA,LOS ANGELES,SANTA FE SPRINGS,-118.06005859375,33.94965744018555