CASE_ID,ACCIDENT_YEAR,PROC_DATE,JURIS,COLLISION_DATE,COLLISION_TIME,OFFICER_ID,REPORTING_DISTRICT,DAY_OF_WEEK,CHP_SHIFT,POPULATION,CNTY_CITY_LOC,SPECIAL_COND,BEAT_TYPE,CHP_BEAT_TYPE,CITY_DIVISION_LAPD,CHP_BEAT_CLASS,BEAT_NUMBER,PRIMARY_RD,SECONDARY_RD,DISTANCE,DIRECTION,INTERSECTION,WEATHER_1,WEATHER_2,STATE_HWY_IND,CALTRANS_COUNTY,CALTRANS_DISTRICT,STATE_ROUTE,ROUTE_SUFFIX,POSTMILE_PREFIX,POSTMILE,LOCATION_TYPE,RAMP_INTERSECTION,SIDE_OF_HWY,TOW_AWAY,COLLISION_SEVERITY,NUMBER_KILLED,NUMBER_INJURED,PARTY_COUNT,PRIMARY_COLL_FACTOR,PCF_CODE_OF_VIOL,PCF_VIOL_CATEGORY,PCF_VIOLATION,PCF_VIOL_SUBSECTION,HIT_AND_RUN,TYPE_OF_COLLISION,MVIW,PED_ACTION,ROAD_SURFACE,ROAD_COND_1,ROAD_COND_2,LIGHTING,CONTROL_DEVICE,CHP_ROAD_TYPE,PEDESTRIAN_ACCIDENT,BICYCLE_ACCIDENT,MOTORCYCLE_ACCIDENT,TRUCK_ACCIDENT,NOT_PRIVATE_PROPERTY,ALCOHOL_INVOLVED,STWD_VEHTYPE_AT_FAULT,CHP_VEHTYPE_AT_FAULT,COUNT_SEVERE_INJ,COUNT_VISIBLE_INJ,COUNT_COMPLAINT_PAIN,COUNT_PED_KILLED,COUNT_PED_INJURED,COUNT_BICYCLIST_KILLED,COUNT_BICYCLIST_INJURED,COUNT_MC_KILLED,COUNT_MC_INJURED,PRIMARY_RAMP,SECONDARY_RAMP,LATITUDE,LONGITUDE,COUNTY,CITY,POINT_X,POINT_Y
94868014,2025,2025-10-01,9580,2025-09-26,1744,022966,NA,5,2,7,1941,0,1,1,NA,2,407,I-405 S/B (SAN DIEGO FREEWAY),CHATSWORTH STREET,400,S,N,B,-,Y,LA,NA,405,NA,NA,46.664,H,NA,L,N,4,0,1,2,A,-,03,22350,NA,N,C,C,A,A,H,-,A,D,0,NA,NA,NA,NA,Y,NA,A,01,0,0,1,0,0,0,0,0,0,-,-,34.26337814331055,-118.47225952148438,LOS ANGELES,LONG BEACH,-118.47231292724608,34.26338195800781
94868026,2025,2025-10-01,9580,2025-09-28,1450,023500,NA,7,2,9,1900,0,2,4,NA,1,128,KANAN DUME RD,MULHOLLAND HWY,200,S,N,B,-,N,NA,NA,NA,NA,NA,NA,NA,NA,NA,Y,3,0,2,2,A,-,03,22350,NA,N,C,C,A,A,H,-,A,D,0,NA,NA,Y,NA,Y,NA,C,02,0,1,1,0,0,0,0,0,2,-,-,34.09613037109375,-118.81336212158205,LOS ANGELES,UNINCORPORATED,-118.81313323974608,34.09616470336914
94868035,2025,2025-10-01,9530,2025-09-20,1125,023843,NA,6,1,9,1900,0,3,5,NA,2,001,COMPTON AVE.,62ND STREET,30,S,N,A,-,N,NA,NA,NA,NA,NA,NA,NA,NA,NA,N,3,0,1,2,A,-,08,22107,NA,F,B,C,A,A,H,-,A,D,0,NA,Y,NA,NA,Y,NA,-,99,0,1,0,0,0,0,1,0,0,-,-,33.98360824584961,-118.24781036376952,LOS ANGELES,UNINCORPORATED,-118.24774169921876,33.98333740234375
94868061,2025,2025-10-01,9575,2025-09-23,1415,022336,NA,2,2,6,1953,0,1,1,NA,2,063,I-210 E/B (FOOTHILL FREEWAY),ORANGE GROVE BLVD.,135,W,N,A,-,Y,LA,NA,210,NA,R,24.608,H,NA,R,N,4,0,2,5,A,-,04,21703,NA,N,C,C,A,A,H,-,A,D,0,NA,NA,NA,Y,Y,NA,D,22,0,0,2,0,0,0,0,0,0,-,-,34.15439987182617,-118.1575927734375,LOS ANGELES,PASADENA,-118.15740203857422,34.154457092285156
94868075,2025,2025-10-13,9535,2025-08-07,750,024567,NA,4,1,5,1943,0,1,1,NA,2,075,I-710 (LONG BEACH FREEWAY) S/B,IMPERIAL HIGHWAY,2000,S,N,A,-,Y,LA,NA,710,NA,NA,16.831,H,NA,L,Y,3,0,2,3,A,-,08,22107,NA,N,B,C,A,A,H,-,A,D,0,NA,NA,NA,NA,Y,NA,A,01,0,1,1,0,0,0,0,0,0,-,-,33.92863845825195,-118.17881011962892,LOS ANGELES,LYNWOOD,-118.17879486083984,33.92864227294922
94868108,2025,2025-10-01,9580,2025-09-29,1300,024428,NA,1,1,7,1942,0,1,2,NA,2,101,US-101 S/B (VENTURA FREEWAY),COLDWATER CANYON AVE,1584,N,N,A,-,Y,LA,NA,101,NA,NA,14.182,H,NA,L,N,4,0,3,2,D,-,00,NA,NA,N,B,C,A,A,H,-,A,D,0,NA,NA,Y,NA,Y,NA,-,-,0,0,3,0,0,0,0,0,1,-,-,34.15673828125,-118.4189682006836,LOS ANGELES,LOS ANGELES,-118.4189682006836,34.15666198730469
94868109,2025,2025-10-01,9575,2025-09-24,826,020536,NA,3,1,6,1925,0,1,3,NA,2,042,SR-134 E/B (VENTURA FREEWAY),SINCLAIR AVENUE,154,W,N,A,-,Y,LA,NA,134,NA,R,8.551,H,NA,R,Y,3,0,1,2,A,-,03,22350,NA,N,C,C,A,A,H,-,A,D,0,NA,NA,NA,NA,Y,NA,A,01,0,1,0,0,0,0,0,0,0,-,-,34.14963912963867,-118.23296356201172,LOS ANGELES,GLENDALE,-118.2329330444336,34.14967346191406
94868117,2025,2025-10-01,9590,2025-07-26,1520,023754,NA,6,2,7,1942,0,1,1,NA,2,053,I-110 S/B (HARBOR FREEWAY),JEFFERSON BOULEVARD,470,N,N,A,-,Y,LA,NA,110,NA,NA,20.316,H,NA,L,N,2,0,1,2,A,-,03,22350,NA,F,C,C,A,A,H,-,A,D,0,NA,NA,Y,NA,Y,NA,C,02,1,0,0,0,0,0,0,0,1,-,-,34.02251052856445,-118.2776336669922,LOS ANGELES,LOS ANGELES,-118.27743530273438,34.02244186401367
94868118,2025,2025-10-01,9545,2025-09-25,230,024617,NA,4,3,9,1900,0,3,5,NA,2,004,50TH ST  E,AVENUE M,1954,S,N,A,-,N,NA,NA,NA,NA,NA,NA,NA,NA,NA,N,4,0,1,1,A,-,08,22107,NA,N,E,I,A,A,H,-,D,D,0,NA,NA,NA,NA,Y,NA,A,01,0,0,1,0,0,0,0,0,0,-,-,34.64051818847656,-118.04094696044922,LOS ANGELES,UNINCORPORATED,-118.04090881347656,34.640663146972656
94868134,2025,2025-10-01,9545,2025-09-25,650,024584,NA,4,1,9,1900,0,1,3,NA,2,021,SR-14 N/B,AVENUE O,263,S,N,A,-,Y,LA,NA,14,NA,R,62.608,H,NA,R,Y,3,0,3,2,A,-,03,22350,NA,N,C,C,A,A,H,-,A,D,0,NA,NA,NA,NA,Y,NA,A,01,0,3,0,0,0,0,0,0,0,-,-,34.61574172973633,-118.15318298339844,LOS ANGELES,UNINCORPORATED,-118.15316772460938,34.61574172973633
94868140,2025,2025-10-01,9545,2025-09-25,1850,022949,NA,4,2,9,1900,0,3,5,NA,2,001,AVENUE J,90TH ST WEST,350,W,N,B,-,N,NA,NA,NA,NA,NA,NA,NA,NA,NA,Y,4,0,1,1,A,-,08,22107,NA,N,F,I,A,A,H,-,B,D,0,NA,NA,NA,NA,Y,NA,A,01,0,0,1,0,0,0,0,0,0,-,-,34.6893310546875,-118.29004669189452,LOS ANGELES,UNINCORPORATED,-118.29035186767578,34.68927001953125
94868147,2025,2025-10-01,9590,2025-09-15,15,024131,NA,1,3,7,1942,0,1,1,NA,2,053,I-110 S/B (HAF) TO I-10 E/B (SMF),VENICE BLVD,300,S,N,A,-,Y,LA,NA,110,NA,NA,21.45,H,NA,L,N,4,0,1,2,A,-,03,22350,NA,M,C,C,A,A,H,-,C,D,0,NA,NA,NA,NA,Y,NA,-,99,0,0,1,0,0,0,0,0,0,-,-,34.038368225097656,-118.27426147460938,LOS ANGELES,LOS ANGELES,-118.27408599853516,34.038352966308594
94868184,2025,2025-10-01,9580,2025-09-29,1325,022572,NA,1,1,7,1942,0,1,1,NA,2,404,I-405 N/B (SAN DIEGO FWY),SHERMAN WAY,1320,S,N,A,-,Y,LA,NA,405,NA,NA,42.027,H,NA,R,N,4,0,2,2,A,-,03,22350,NA,N,C,C,A,A,H,-,A,D,0,NA,NA,NA,NA,Y,NA,D,22,0,0,2,0,0,0,0,0,0,-,-,34.19612121582031,-118.47428131103516,LOS ANGELES,LOS ANGELES,-118.47422027587892,34.19612121582031
94868191,2025,2025-10-01,9565,2025-09-19,2155,024559,NA,5,2,4,1918,0,1,1,NA,2,061,I-405 S/B,CENTINELA AVE,280,S,N,A,-,Y,LA,NA,405,NA,NA,25.301,H,NA,L,Y,3,0,2,2,A,-,08,22107,NA,N,B,C,A,A,H,-,C,D,0,NA,NA,NA,NA,Y,NA,A,01,0,1,1,0,0,0,0,0,0,-,-,33.97972106933594,-118.39299011230467,LOS ANGELES,CULVER CITY,-118.39293670654295,33.97975540161133
94868197,2025,2025-10-01,9530,2025-09-20,2125,024495,NA,6,2,9,1900,0,3,5,NA,2,001,HOOPER AVE. (6700 S BLOCK),67TH ST,0,NA,Y,A,-,N,NA,NA,NA,NA,NA,NA,NA,NA,NA,N,3,0,1,2,A,-,09,21802,A,N,D,G,A,A,H,-,C,A,0,NA,Y,NA,NA,Y,NA,L,04,0,1,0,0,0,0,1,0,0,-,-,33.97924041748047,-118.25209045410156,LOS ANGELES,UNINCORPORATED,-118.25205993652344,33.97921371459961
9486821,2022,2022-09-21,1976,2022-08-26,1105,552,1976,5,5,3,1964,0,0,0,NA,0,003,ROSECRANS AV,VALLEYVIEW AV,0,NA,Y,A,-,N,NA,NA,NA,NA,NA,NA,NA,NA,NA,Y,4,0,2,2,A,-,12,21453,A,N,D,C,A,A,H,-,A,A,0,NA,NA,NA,NA,Y,NA,D,22,0,0,2,0,0,0,0,0,0,-,-,NA,NA,LOS ANGELES,SANTA FE SPRINGS,-118.0292510986328,33.90245056152344
94868242,2025,2025-10-01,9530,2025-09-23,600,024013,NA,2,1,9,1900,0,1,1,NA,2,120,I-110 S/B (HARBOR FREEWAY),DEL AMO BLVD.,1100,N,N,B,-,Y,LA,NA,110,NA,NA,8.254,H,NA,L,Y,4,0,2,3,A,-,07,21658,A,N,B,C,A,A,H,-,C,D,0,NA,NA,NA,NA,Y,NA,-,-,0,0,2,0,0,0,0,0,0,-,-,33.849388122558594,-118.28507232666016,LOS ANGELES,UNINCORPORATED,-118.28507232666016,33.849388122558594
9486825,2022,2022-09-21,1976,2022-08-28,0902,533,NA,7,5,3,1964,0,0,0,NA,0,002,FLORENCE AV,HATHAWAY DR,153,E,N,B,-,N,NA,NA,NA,NA,NA,NA,NA,NA,NA,Y,3,0,1,2,A,-,08,22107,NA,N,D,C,A,A,H,-,A,D,0,NA,NA,NA,Y,Y,NA,A,01,0,1,0,0,0,0,0,0,0,-,-,NA,NA,LOS ANGELES,SANTA FE SPRINGS,-118.07713317871094,33.935340881347656
94868250,2025,2025-10-01,9550,2025-09-18,2130,024558,NA,4,2,3,1964,0,1,1,NA,2,650,I-605 NORTHBOUND,TELEGRAPH RD,2400,N,N,A,-,Y,LA,NA,605,NA,R,10.727,H,NA,R,Y,4,0,1,2,A,-,08,22107,NA,N,B,C,A,A,H,-,D,D,0,NA,NA,NA,Y,Y,NA,-,-,0,0,1,0,0,0,0,0,0,-,-,33.95587158203125,-118.08817291259766,LOS ANGELES,SANTA FE SPRINGS,-118.08820343017578,33.95588302612305
94868262,2025,2025-10-01,9565,2025-09-19,1815,023564,NA,5,2,9,1900,0,2,4,NA,2,031,LA CIENEGA S/B,SLAUSON AVE,0,NA,Y,A,-,N,NA,NA,NA,NA,NA,NA,NA,NA,NA,N,4,0,1,2,A,-,08,22107,NA,F,B,C,A,A,H,-,C,A,0,NA,NA,NA,NA,Y,NA,A,01,0,0,1,0,0,0,0,0,0,-,-,33.98786926269531,-118.37074279785156,LOS ANGELES,UNINCORPORATED,-118.37120819091795,33.988033294677734
94868266,2025,2025-10-01,9550,2025-09-19,1110,024622,NA,5,1,6,1922,0,2,4,NA,1,041,GALE AVENUE,STIMSON AVENUE,0,NA,Y,A,-,N,NA,NA,NA,NA,NA,NA,NA,NA,NA,Y,3,0,2,2,A,-,12,21453,A,N,D,C,A,A,H,-,A,A,0,NA,NA,NA,NA,Y,NA,A,07,0,1,1,0,0,0,0,0,0,-,-,34.008731842041016,-117.95604705810548,LOS ANGELES,EL MONTE,-117.95606231689452,34.00868606567383
94868276,2025,2025-10-01,9530,2025-09-23,410,021709,NA,2,3,5,1915,0,1,3,NA,2,310,SR-91 E/B (ARTESIA FREEWAY),CENTRAL AVE.,50,E,N,A,-,Y,LA,NA,91,NA,R,8.449,H,NA,R,Y,4,0,1,1,A,-,07,21658,A,N,F,I,A,A,H,-,D,D,0,NA,NA,NA,NA,Y,NA,A,07,0,0,1,0,0,0,0,0,0,-,-,33.8731803894043,-118.24845123291016,LOS ANGELES,COMPTON,-118.24845123291016,33.8733024597168
94868285,2025,2025-10-01,9530,2025-09-23,1326,024013,NA,2,1,9,1900,0,1,1,NA,2,120,I-110 N/B (HARBOR FREEWAY),TORRANCE BLVD.,180,N,N,A,-,Y,LA,NA,110,NA,NA,7.786,H,NA,R,N,4,0,2,2,A,-,03,22350,NA,N,C,C,A,A,H,-,A,D,0,NA,NA,NA,NA,Y,NA,D,22,0,0,2,0,0,0,0,0,0,-,-,33.84267044067383,-118.28581237792967,LOS ANGELES,UNINCORPORATED,-118.28580474853516,33.84267044067383
94868286,2025,2025-10-01,9590,2025-09-07,1355,023946,NA,7,1,7,1942,0,1,1,NA,2,050,I-110 N/B (HARBOR FREEWAY),W. COLDEN AVE,317,N,N,A,-,Y,LA,NA,110,NA,NA,15.299,H,NA,R,Y,2,0,1,2,A,-,01,23152,A,N,C,C,A,A,H,-,A,D,0,NA,NA,NA,NA,Y,Y,A,01,1,0,0,0,0,0,0,0,0,-,-,33.95008850097656,-118.27974700927734,LOS ANGELES,LOS ANGELES,-118.27970123291016,33.950096130371094
94868322,2025,2025-10-01,9580,2025-09-29,1655,023500,NA,1,2,7,1942,0,1,1,NA,2,407,I-405 S/B (SAN DIEGO FREEWAY),NORDHOFF ST.,2112,S,N,A,-,Y,LA,NA,405,NA,NA,44.398,H,NA,L,N,4,0,1,2,A,-,03,22350,NA,M,C,C,A,A,H,-,A,D,0,NA,NA,NA,NA,Y,Y,-,99,0,0,1,0,0,0,0,0,0,-,-,34.2304801940918,-118.47325897216795,LOS ANGELES,LOS ANGELES,-118.47322845458984,34.2304801940918
9486837,2022,2022-10-03,1900,2022-08-22,0838,602995,2610,1,5,6,1950,0,0,0,NA,0,262T1,AVENUE Q,9TH ST EAST,0,NA,Y,A,-,N,NA,NA,NA,NA,NA,NA,NA,NA,NA,Y,3,0,1,2,A,-,09,21801,A,N,D,C,A,A,H,-,A,A,0,NA,NA,NA,NA,Y,NA,A,01,0,1,0,0,0,0,0,0,0,-,-,34.5872802734375,-118.11440277099608,LOS ANGELES,PALMDALE,-118.11444091796876,34.5872802734375
94868372,2025,2025-10-01,9590,2025-09-11,745,018510,NA,4,1,7,1942,0,1,2,NA,2,072,US-101 N/B (HOF),WESTERN AVENUE,1200,N,N,A,-,Y,LA,NA,101,NA,NA,6,H,NA,R,N,3,0,1,1,C,-,18,NA,NA,N,H,J,A,A,B,-,A,D,0,NA,NA,NA,NA,Y,NA,-,-,0,1,0,0,0,0,0,0,0,-,-,34.09545135498047,-118.31169128417967,LOS ANGELES,LOS ANGELES,-118.31172943115234,34.09540557861328
94868386,2025,2025-10-01,9550,2025-09-20,1430,024363,NA,6,2,5,1969,0,1,1,NA,2,151,I-105 E/B,PARAMOUNT BOULEVARD,50,W,N,A,-,Y,LA,NA,105,NA,R,14.607,H,NA,R,Y,3,0,1,2,A,-,08,22107,NA,N,F,C,A,A,H,-,A,D,0,NA,NA,NA,NA,Y,NA,A,07,0,1,0,0,0,0,0,0,0,-,-,33.91167068481445,-118.1606903076172,LOS ANGELES,SOUTH GATE,-118.16069793701172,33.91172409057617
94868428,2025,2025-10-01,9565,2025-09-19,1534,024474,NA,5,2,9,1900,0,2,4,NA,2,021,VERMONT AVENUE SOUTHBOUND,102ND STREET,47,N,N,A,-,N,NA,NA,NA,NA,NA,NA,NA,NA,NA,N,3,0,1,2,A,-,07,21658,A,F,B,C,A,A,H,-,A,A,0,NA,NA,NA,NA,Y,NA,-,99,0,1,0,0,0,0,0,0,0,-,-,33.944271087646484,-118.29189300537108,LOS ANGELES,UNINCORPORATED,-118.29190826416016,33.94422912597656
94868445,2025,2025-10-01,9530,2025-09-24,1600,024409,NA,3,2,9,1900,0,3,5,NA,2,005,MANHATTAN BEACH BLVD,LEMOLI AVE,0,NA,Y,A,-,N,NA,NA,NA,NA,NA,NA,NA,NA,NA,Y,4,0,2,2,A,-,09,21801,A,N,D,C,A,A,H,-,A,A,0,NA,NA,NA,NA,Y,NA,A,01,0,0,2,0,0,0,0,0,0,-,-,33.88737869262695,-118.33055114746094,LOS ANGELES,UNINCORPORATED,-118.33059692382813,33.88737487792969
94868468,2025,2025-10-01,9590,2025-09-19,2040,024451,NA,5,2,7,1942,0,1,1,NA,2,052,I-110 N/B (HARBOR FREEWAY),2ND STREET,60,S,N,A,-,Y,LA,NA,110,NA,NA,23.223,H,NA,R,N,4,0,1,3,A,-,07,21658,A,N,C,C,A,A,H,-,C,D,0,NA,NA,NA,NA,Y,NA,A,07,0,0,1,0,0,0,0,0,0,-,-,34.0572395324707,-118.25475311279295,LOS ANGELES,LOS ANGELES,-118.25477600097656,34.05725860595703
94868470,2025,2025-10-01,9575,2025-09-24,1230,021775,NA,3,1,7,1942,0,1,1,NA,2,053,I-5 N/B (GOLDEN STATE FREEWAY),VAN NUYS BLVD.,95,S,N,A,-,Y,LA,NA,5,NA,NA,38.485,H,NA,R,N,4,0,1,2,A,-,03,22350,NA,N,C,C,A,A,H,-,A,A,0,NA,NA,NA,NA,Y,NA,A,01,0,0,1,0,0,0,0,0,0,-,-,34.256439208984375,-118.43450927734376,LOS ANGELES,LOS ANGELES,-118.4345932006836,34.256378173828125
94868472,2025,2025-10-01,9565,2025-06-29,415,023841,NA,7,3,7,1942,0,1,1,NA,2,083,I-10 WESTBOUND (SANTA MONICA FREEWAY),CATTARAUGUS AVENUE,100,E,N,A,-,Y,LA,NA,10,NA,R,8.326,H,NA,L,N,4,0,1,2,A,-,03,22350,NA,N,C,C,A,A,H,-,C,D,0,NA,NA,NA,NA,Y,Y,D,22,0,0,1,0,0,0,0,0,0,-,-,34.034019470214844,-118.38564300537108,LOS ANGELES,LOS ANGELES,-118.38568878173828,34.03407669067383
94868489,2025,2025-10-01,9590,2025-09-19,1408,024451,NA,5,2,7,1942,0,1,1,NA,2,052,SR-110 N/B (ARROYO SECO PARKWAY),COLLEGE STREET,330,N,N,A,-,Y,LA,NA,110,NA,NA,24.226,H,NA,R,N,4,0,1,3,A,-,03,22350,NA,N,C,C,A,A,H,-,A,D,0,NA,NA,NA,NA,Y,NA,D,22,0,0,1,0,0,0,0,0,0,-,-,34.066219329833984,-118.24138641357422,LOS ANGELES,LOS ANGELES,-118.24137878417967,34.066200256347656
9486849,2022,2022-09-30,1900,2022-08-23,0625,639633,2600,2,5,6,1950,0,0,0,NA,0,263T1,PEARBLOSSOM HWY,FORT TEJON RD,257,E,N,A,-,N,NA,NA,NA,NA,NA,NA,NA,NA,NA,Y,4,0,1,2,A,-,08,22100,B,N,D,C,A,A,H,-,B,D,0,NA,NA,NA,Y,Y,NA,F,26,0,0,1,0,0,0,0,0,0,-,-,34.542781829833984,-118.03192901611328,LOS ANGELES,PALMDALE,-118.0297393798828,34.5422477722168
94868524,2025,2025-10-01,9590,2025-09-01,221,024196,NA,1,3,7,1942,0,1,1,NA,2,053,I-110 S/B (HARBOR FREEWAY),WILSHIRE BLVD.,195,S,N,A,-,Y,LA,NA,110,NA,NA,22.622,H,NA,L,N,3,0,1,1,A,-,08,22107,NA,N,F,A,A,A,H,-,C,D,0,NA,NA,Y,NA,Y,NA,C,02,0,1,0,0,0,0,0,0,1,-,-,34.050899505615234,-118.26180267333984,LOS ANGELES,LOS ANGELES,-118.26181793212892,34.05092239379883
94868548,2025,2025-10-01,9565,2025-09-19,1515,024304,NA,5,2,9,1900,0,1,3,NA,2,051,LINCOLN BOULEVARD,MINDANAO WAY,30,S,N,A,-,N,NA,NA,NA,NA,NA,NA,NA,NA,NA,N,4,0,1,2,A,-,08,22107,NA,F,B,C,A,A,H,-,A,D,0,NA,NA,Y,NA,Y,NA,-,99,0,0,1,0,0,0,0,0,1,-,-,33.98031997680664,-118.43895721435548,LOS ANGELES,UNINCORPORATED,-118.43906402587892,33.98041915893555
94868564,2025,2025-10-01,9530,2025-09-24,1505,024013,NA,3,2,9,1900,0,1,1,NA,2,210,I-105 E/B (GLENN ANDERSON FWY),WILLOWBROOK AVE.,925,E,N,A,-,Y,LA,NA,105,NA,R,10.076,H,NA,R,N,4,0,1,2,A,-,03,22350,NA,N,C,C,A,A,H,-,A,D,0,NA,NA,NA,NA,Y,NA,A,08,0,0,1,0,0,0,0,0,0,-,-,33.92781066894531,-118.23416900634766,LOS ANGELES,UNINCORPORATED,-118.23416900634766,33.927860260009766
94868570,2025,2025-10-01,9530,2025-09-17,2010,023654,NA,3,2,9,1900,0,3,5,NA,2,002,MAIN STREET,135TH STREET,0,NA,Y,B,-,N,NA,NA,NA,NA,NA,NA,NA,NA,NA,N,3,0,1,2,A,-,03,22350,NA,F,C,C,A,A,H,-,C,D,0,NA,NA,Y,NA,Y,NA,-,99,0,1,0,0,0,0,0,0,1,-,-,33.91006088256836,-118.27397918701172,LOS ANGELES,UNINCORPORATED,-118.27400207519533,33.909175872802734
94868585,2025,2025-10-01,9530,2025-09-25,640,022978,NA,4,1,5,1977,0,1,3,NA,2,310,SR-91 E/B TO CENTRAL AVENUE,CENTRAL AVENUE,105,W,N,B,-,Y,NA,NA,NA,NA,NA,NA,NA,NA,NA,Y,4,0,1,1,A,-,08,22107,NA,N,E,I,A,A,H,-,A,A,0,NA,NA,NA,NA,Y,NA,A,01,0,0,1,0,0,0,0,0,0,-,-,33.87287902832031,-118.24919128417967,LOS ANGELES,CARSON,-118.24896240234376,33.87334060668945
9486861,2022,2022-09-21,1900,2022-08-22,1615,634995,2506,1,5,6,1950,0,0,0,NA,0,264T1,70TH ST EAST,AVENUE R-14,0,NA,Y,A,-,N,NA,NA,NA,NA,NA,NA,NA,NA,NA,Y,3,0,4,2,A,-,00,21460,1,N,D,C,A,A,H,-,A,D,0,NA,NA,NA,NA,Y,NA,D,22,0,3,1,0,0,0,0,0,0,-,-,34.561100006103516,-118.0084991455078,LOS ANGELES,PALMDALE,-118.00493621826172,34.57222366333008
94868611,2025,2025-10-24,9525,2025-09-22,1250,014593,NA,1,1,5,1990,0,1,3,NA,2,574,SR-57 N/B (ORANGE FWY),PATHFINDER RD,1056,N,N,A,-,Y,LA,NA,57,NA,R,3.378,H,NA,R,Y,4,0,1,4,A,-,03,22350,NA,N,C,C,A,A,H,-,A,D,0,NA,NA,NA,NA,Y,NA,A,01,0,0,1,0,0,0,0,0,0,-,-,33.987430572509766,-117.84293365478516,LOS ANGELES,DIAMOND BAR,-117.84284973144533,33.9874267578125
94868629,2025,2025-10-01,9525,2025-09-23,2030,023661,NA,2,2,9,1900,0,3,5,NA,2,003,AMAR RD (16500 BLOCK),VALINDA AVE,20,W,N,A,-,N,NA,NA,NA,NA,NA,NA,NA,NA,NA,N,4,0,1,3,A,-,03,22350,NA,N,C,C,A,A,H,-,C,A,0,NA,NA,NA,NA,Y,NA,A,07,0,0,1,0,0,0,0,0,0,-,-,34.03573989868164,-117.92662811279295,LOS ANGELES,UNINCORPORATED,-117.92640686035156,34.03570556640625
94868635,2025,2025-10-01,9525,2025-09-23,1320,014593,NA,2,1,9,1900,0,1,3,NA,2,574,SR-57 N/B (ORANGE FWY),TONNER CANYON RD,5280,N,N,A,-,Y,LA,NA,57,NA,R,0.386,H,NA,R,N,4,0,2,2,A,-,03,22350,NA,N,C,C,A,A,H,-,A,D,0,NA,NA,NA,NA,Y,NA,A,07,0,0,2,0,0,0,0,0,0,-,-,33.95077896118164,-117.8645477294922,LOS ANGELES,UNINCORPORATED,-117.86455535888672,33.95077896118164
94868652,2025,2025-10-01,9525,2025-09-23,1610,024507,NA,2,2,6,1955,0,1,3,NA,2,604,SR-60 E/B (POMONA FWY),PHILLIPS RANCH RD,1438,W,N,A,-,Y,LA,NA,60,NA,R,27.761,H,NA,R,Y,4,0,1,3,A,-,07,21658,A,N,D,C,A,A,H,-,A,D,0,NA,NA,NA,NA,Y,NA,A,01,0,0,1,0,0,0,0,0,0,-,-,34.025230407714844,-117.77552032470705,LOS ANGELES,POMONA,-117.77550506591795,34.02526092529297
94868687,2025,2025-10-01,9525,2025-09-24,1045,022627,NA,3,1,5,1990,0,1,3,NA,2,614,SR-60 E/B (POMONA FWY),GRAND AVE,350,E,N,A,-,Y,LA,NA,60,NA,R,24.531,H,NA,R,Y,3,0,2,1,A,-,08,22107,NA,N,F,A,A,A,H,-,A,D,0,NA,NA,NA,NA,Y,NA,D,22,0,1,1,0,0,0,0,0,0,-,-,34.010929107666016,-117.82244873046876,LOS ANGELES,DIAMOND BAR,-117.82241058349608,34.01089859008789
94868696,2025,2025-10-01,9550,2025-09-18,1430,023289,NA,4,2,3,1964,0,1,1,NA,2,650,I-605 SOUTHBOUND,TELEGRAPH ROAD,3000,N,N,A,-,Y,LA,NA,605,NA,R,10.821,H,NA,L,N,3,0,1,2,A,-,07,21658,A,N,B,C,A,A,H,-,A,D,0,NA,NA,Y,NA,Y,NA,A,01,0,1,0,0,0,0,0,0,1,-,-,33.95716857910156,-118.08767700195313,LOS ANGELES,SANTA FE SPRINGS,-118.08771514892578,33.957183837890625
94868781,2025,2025-10-01,9525,2025-09-24,1750,023815,NA,3,2,4,1960,0,1,1,NA,2,208,SR-210 E/B (FOOTHILL FWY),SAN DIMAS AVE,2270,W,N,A,-,Y,LA,NA,210,NA,R,45.022,H,NA,R,Y,4,0,1,3,A,-,01,23152,A,N,C,C,A,A,H,-,A,D,0,NA,NA,NA,NA,Y,Y,A,01,0,0,1,0,0,0,0,0,0,-,-,34.11960983276367,-117.81500244140624,LOS ANGELES,SAN DIMAS,-117.81499481201172,34.1197395324707