CASE_ID,ACCIDENT_YEAR,PROC_DATE,JURIS,COLLISION_DATE,COLLISION_TIME,OFFICER_ID,REPORTING_DISTRICT,DAY_OF_WEEK,CHP_SHIFT,POPULATION,CNTY_CITY_LOC,SPECIAL_COND,BEAT_TYPE,CHP_BEAT_TYPE,CITY_DIVISION_LAPD,CHP_BEAT_CLASS,BEAT_NUMBER,PRIMARY_RD,SECONDARY_RD,DISTANCE,DIRECTION,INTERSECTION,WEATHER_1,WEATHER_2,STATE_HWY_IND,CALTRANS_COUNTY,CALTRANS_DISTRICT,STATE_ROUTE,ROUTE_SUFFIX,POSTMILE_PREFIX,POSTMILE,LOCATION_TYPE,RAMP_INTERSECTION,SIDE_OF_HWY,TOW_AWAY,COLLISION_SEVERITY,NUMBER_KILLED,NUMBER_INJURED,PARTY_COUNT,PRIMARY_COLL_FACTOR,PCF_CODE_OF_VIOL,PCF_VIOL_CATEGORY,PCF_VIOLATION,PCF_VIOL_SUBSECTION,HIT_AND_RUN,TYPE_OF_COLLISION,MVIW,PED_ACTION,ROAD_SURFACE,ROAD_COND_1,ROAD_COND_2,LIGHTING,CONTROL_DEVICE,CHP_ROAD_TYPE,PEDESTRIAN_ACCIDENT,BICYCLE_ACCIDENT,MOTORCYCLE_ACCIDENT,TRUCK_ACCIDENT,NOT_PRIVATE_PROPERTY,ALCOHOL_INVOLVED,STWD_VEHTYPE_AT_FAULT,CHP_VEHTYPE_AT_FAULT,COUNT_SEVERE_INJ,COUNT_VISIBLE_INJ,COUNT_COMPLAINT_PAIN,COUNT_PED_KILLED,COUNT_PED_INJURED,COUNT_BICYCLIST_KILLED,COUNT_BICYCLIST_INJURED,COUNT_MC_KILLED,COUNT_MC_INJURED,PRIMARY_RAMP,SECONDARY_RAMP,LATITUDE,LONGITUDE,COUNTY,CITY,POINT_X,POINT_Y
94869675,2025,2025-10-02,9590,2025-08-06,1345,023394,NA,3,1,7,1942,0,1,2,NA,2,070,US-101 N/B (HOLLYWOOD FREEWAY),VERMONT AVE,20,S,N,A,-,Y,NA,NA,NA,NA,NA,NA,NA,NA,NA,N,4,0,1,2,A,-,08,22107,NA,M,G,B,B,A,H,-,A,D,0,Y,NA,NA,NA,Y,NA,-,99,0,0,1,0,1,0,0,0,0,-,-,34.080570220947266,-118.2915267944336,LOS ANGELES,LOS ANGELES,-118.29164123535156,34.08019256591797
94869678,2025,2025-10-02,9590,2025-08-25,855,024445,NA,1,1,7,1942,0,1,1,NA,2,082,I-5 (GOLDEN STATE FREEWAY),MAIN STREET,160,S,N,A,-,Y,LA,NA,5,NA,NA,19.167,H,NA,R,N,4,0,1,2,A,-,03,22350,NA,N,C,C,A,A,H,-,A,D,0,NA,NA,NA,NA,Y,NA,D,22,0,0,1,0,0,0,0,0,0,-,-,34.065460205078125,-118.21623992919922,LOS ANGELES,LOS ANGELES,-118.21614074707033,34.06546401977539
94869682,2025,2025-10-02,9590,2025-09-03,1330,024688,NA,3,1,7,1942,0,1,1,NA,2,060,I-10 E/B SANTA MONICA FREEWAY,WESTERN AVENUE,150,E,N,A,-,Y,LA,NA,10,NA,R,12.856,H,NA,R,N,3,0,1,3,A,-,08,22107,NA,N,C,D,A,A,H,-,A,D,0,NA,NA,Y,NA,Y,NA,C,02,0,1,0,0,0,0,0,0,1,-,-,34.037109375,-118.30838012695313,LOS ANGELES,LOS ANGELES,-118.30838012695313,34.037017822265625
94869692,2025,2025-10-02,9530,2025-09-16,2230,022716,NA,2,3,9,1900,0,3,5,NA,2,001,FLORENCE AVE,WILSON AVE,102,W,N,A,-,N,NA,NA,NA,NA,NA,NA,NA,NA,NA,Y,3,0,1,1,A,-,01,23152,A,N,E,I,A,A,H,-,C,A,0,NA,NA,NA,NA,Y,Y,A,01,0,1,0,0,0,0,0,0,0,-,-,33.97489929199219,-118.23809814453124,LOS ANGELES,UNINCORPORATED,-118.23804473876952,33.9747200012207
94869699,2025,2025-10-02,9575,2025-09-27,255,024158,NA,6,3,3,1991,0,1,1,NA,2,063,I-210 E/B (FOOTHILL FREEWAY),ANGELES CREST HIGHWAY,898,E,N,C,-,Y,LA,NA,210,NA,R,20.054,H,NA,R,Y,4,0,1,1,A,-,03,22350,NA,N,E,I,A,B,H,-,C,D,0,NA,NA,NA,NA,Y,NA,A,07,0,0,1,0,0,0,0,0,0,-,-,34.205589294433594,-118.19734954833984,LOS ANGELES,LA CANADA-FLINTRIDGE,-118.19739532470705,34.20552062988281
94869718,2025,2025-10-02,9530,2025-09-20,1430,023843,NA,6,2,9,1900,0,3,5,NA,2,001,SANTA FE AVENUE,COLE PLACE,0,NA,Y,A,-,N,NA,NA,NA,NA,NA,NA,NA,NA,NA,N,3,0,1,2,A,-,10,21950,A,F,D,B,E,A,H,-,A,D,0,Y,NA,NA,NA,Y,NA,-,99,0,1,0,0,1,0,0,0,0,-,-,33.963890075683594,-118.23014068603516,LOS ANGELES,UNINCORPORATED,-118.2302474975586,33.96385955810547
94869720,2025,2025-10-02,9530,2025-09-21,1645,024092,NA,7,2,7,1941,0,1,1,NA,2,071,I-710 N/B (LONG BEACH FREEWAY),WILLOW ST.,400,S,N,A,-,Y,LA,NA,710,NA,NA,7.476,H,NA,R,Y,3,0,4,2,A,-,07,21658,A,N,D,C,A,A,H,-,A,D,0,NA,NA,NA,NA,Y,NA,A,01,0,4,0,0,0,0,0,0,0,-,-,33.79846954345703,-118.20681762695313,LOS ANGELES,LONG BEACH,-118.20685577392578,33.79846954345703
94869728,2025,2025-10-02,9530,2025-09-22,710,023673,NA,1,1,7,1941,0,1,1,NA,2,072,I-710 N/B (LONG BEACH FREEWAY),I-405 N/B (SAN DIEGO FREEWAY),14440,N,N,A,-,Y,LA,NA,710,NA,NA,9.697,H,NA,R,N,4,0,1,3,A,-,08,22107,NA,N,B,C,A,A,H,-,A,D,0,NA,NA,NA,NA,Y,NA,A,07,0,0,1,0,0,0,0,0,0,-,-,33.83060073852539,-118.20851135253906,LOS ANGELES,LONG BEACH,-118.20855712890624,33.83059310913086
94869737,2025,2025-10-02,9550,2025-09-21,1330,022789,NA,7,1,9,1900,0,2,4,NA,1,022,LEFFINGWELL RD.,SANTA GERTRUDES AVE.,350,W,N,A,-,N,NA,NA,NA,NA,NA,NA,NA,NA,NA,N,3,0,1,2,A,-,21,22106,NA,N,C,C,A,A,H,-,A,A,0,NA,NA,NA,NA,Y,NA,D,22,0,1,0,0,0,0,0,0,0,-,-,33.930809020996094,-117.99452209472656,LOS ANGELES,UNINCORPORATED,-117.99433135986328,33.9309196472168
94869768,2025,2025-10-02,9590,2025-09-20,930,024031,NA,6,1,7,1942,0,1,2,NA,2,071,US-101 S/B (HOLLYWOOD FREEWAY),GLENDALE BOULEVARD,300,S,N,A,-,Y,LA,NA,101,NA,NA,2.455,H,NA,L,N,4,0,1,2,A,-,03,22350,NA,N,C,C,A,A,H,-,A,D,0,NA,NA,NA,NA,Y,NA,A,01,0,0,1,0,0,0,0,0,0,-,-,34.06932067871094,-118.26042175292967,LOS ANGELES,LOS ANGELES,-118.26041412353516,34.0693359375
94869796,2025,2025-10-02,9590,2025-09-22,1940,024097,NA,1,2,7,1942,0,1,S,NA,2,904,US-101 SOUTHBOUND (VENTURA FREEWAY),LAUREL CANYON BLVD,250,N,N,A,-,Y,LA,NA,101,NA,NA,13.152,H,NA,L,N,4,0,2,2,A,-,03,22350,NA,N,C,C,A,A,H,-,C,D,0,NA,NA,NA,NA,Y,NA,A,08,0,0,2,0,0,0,0,0,0,-,-,34.15555953979492,-118.40096282958984,LOS ANGELES,LOS ANGELES,-118.40100860595705,34.15549087524414
94869834,2025,2026-02-09,9575,2025-09-27,1510,024356,NA,6,2,7,1942,0,1,1,NA,2,053,I-5 N/B (GOLDEN STATE FREEWAY),VAN NUYS BLVD.,1000,N,N,A,-,Y,LA,NA,5,NA,NA,38.649,H,NA,R,Y,3,0,4,5,A,-,07,21658,A,N,B,C,A,A,H,-,A,D,0,NA,NA,NA,NA,Y,NA,A,01,0,1,3,0,0,0,0,0,0,-,-,34.258209228515625,-118.43643188476564,LOS ANGELES,LOS ANGELES,-118.43648529052734,34.2581672668457
94869836,2025,2025-10-02,9590,2025-09-21,2215,024196,NA,7,3,7,1942,0,1,1,NA,2,052,I-110 N/B (HARBOR FREEWAY),WILSHIRE BLVD.,160,N,N,A,-,Y,LA,NA,110,NA,NA,22.71,H,NA,R,Y,4,0,1,2,A,-,03,22350,NA,N,C,C,A,A,H,-,C,D,0,NA,NA,NA,NA,Y,NA,A,01,0,0,1,0,0,0,0,0,0,-,-,34.05152893066406,-118.26043701171876,LOS ANGELES,LOS ANGELES,-118.26046752929688,34.05155944824219
94869883,2025,2025-10-02,9535,2025-01-10,628,018633,NA,5,1,5,1959,0,1,1,NA,2,401,I-10 WESTBOUND (SAN BERNARDINO FREEWAY) FROM STATE,SR-164 (ROSEMEAD BOULEVARD),130,E,N,A,-,Y,NA,NA,NA,NA,NA,NA,NA,NA,NA,N,1,1,0,2,A,-,11,21954,A,N,G,B,E,A,H,-,D,D,0,Y,NA,NA,Y,Y,NA,N,60,0,0,0,1,0,0,0,0,0,-,-,34.073158264160156,-118.07247924804688,LOS ANGELES,ROSEMEAD,-118.09288787841795,34.07228469848633
94869889,2025,2025-10-02,9590,2025-09-22,1545,023946,NA,1,2,7,1942,0,1,S,NA,2,904,US-101 E/B (VENTURA FREEWAY),VAN NUYS BLVD,891,E,N,A,-,Y,LA,NA,101,NA,NA,15.746,H,NA,R,N,4,0,1,2,A,-,03,22350,NA,N,C,C,A,A,H,-,A,D,0,NA,NA,NA,NA,Y,NA,A,07,0,0,1,0,0,0,0,0,0,-,-,34.1556510925293,-118.44605255126952,LOS ANGELES,LOS ANGELES,-118.44589996337892,34.155879974365234
94869899,2025,2025-10-02,9540,2025-09-22,1407,018024,NA,1,2,9,1900,0,1,3,NA,2,147,SR-14 S/B,AGUA DULCE CYN RD,9504,S,N,A,-,Y,LA,NA,14,NA,NA,38.095,H,NA,L,Y,3,0,1,2,A,-,01,23152,A,N,C,C,A,A,H,-,A,D,0,NA,NA,NA,NA,Y,Y,A,01,0,1,0,0,0,0,0,0,0,-,-,34.451969146728516,-118.35199737548828,LOS ANGELES,UNINCORPORATED,-118.35197448730467,34.45195770263672
94869906,2025,2025-10-02,9590,2025-09-07,1300,024031,NA,7,1,7,1942,0,1,1,NA,2,052,I-110 N/B (HARBOR FREEWAY),FLOWER STREET,200,N,N,A,-,Y,LA,NA,110,NA,NA,20.878,H,NA,R,N,4,0,2,2,A,-,03,22350,NA,N,C,C,A,A,H,-,A,D,0,NA,NA,NA,NA,Y,NA,-,99,0,0,2,0,0,0,0,0,0,-,-,34.03001022338867,-118.27432250976564,LOS ANGELES,LOS ANGELES,-118.27433013916016,34.03001022338867
94869919,2025,2025-10-02,9540,2025-09-19,2015,023767,NA,5,2,9,1900,0,2,4,NA,1,201,SIERRA HWY S/B,WARD RD,0,NA,Y,A,-,Y,NA,NA,NA,NA,NA,NA,NA,NA,NA,Y,2,0,2,2,A,-,09,21802,A,N,D,2,A,A,H,-,C,A,0,NA,NA,NA,NA,Y,NA,D,22,1,1,0,0,0,0,0,0,0,-,-,34.50141906738281,-118.22840881347656,LOS ANGELES,UNINCORPORATED,-118.22834014892578,34.50138473510742
94869945,2025,2025-11-13,9590,2025-08-24,944,024681,NA,7,1,7,1942,0,1,2,NA,2,071,US-101 S/B (HOF) TO I-110 SB (HAF),NORTH BEAUDRY AVENUE,20,N,N,A,-,Y,LA,NA,101,NA,NA,1.764,H,NA,L,N,3,0,1,2,A,-,03,22350,NA,F,C,C,A,A,H,-,A,D,0,NA,NA,NA,NA,Y,NA,-,99,0,1,0,0,0,0,0,0,0,-,-,34.06401824951172,-118.25052642822266,LOS ANGELES,LOS ANGELES,-118.25041961669922,34.06412887573242
94869974,2025,2025-10-02,9565,2025-09-22,2004,024695,NA,1,2,7,1942,0,1,1,NA,2,010,I-105 W/B,NASH STREET,100,E,N,A,-,Y,LA,NA,105,NA,R,1.197,H,NA,L,N,3,0,2,3,A,-,03,22350,NA,N,C,C,A,A,H,-,C,D,0,NA,NA,NA,NA,Y,NA,A,08,0,1,1,0,0,0,0,0,0,-,-,33.93125915527344,-118.38410186767578,LOS ANGELES,LOS ANGELES,-118.38410186767578,33.9312858581543
94870002,2025,2025-10-02,9590,2025-09-21,1330,023946,NA,7,1,7,1942,0,1,1,NA,2,051,I-110 S/B (HARBOR FREEWAY),W. 59TH PLACE,208,S,N,A,-,Y,LA,NA,110,NA,NA,17.727,H,NA,L,N,4,0,1,2,A,-,03,22350,NA,N,C,C,A,A,H,-,A,D,0,NA,NA,NA,NA,Y,NA,A,07,0,0,1,0,0,0,0,0,0,-,-,33.98537826538086,-118.28079986572266,LOS ANGELES,LOS ANGELES,-118.28062438964844,33.98537826538086
94870016,2025,2025-10-02,9590,2025-09-22,1918,023162,NA,1,2,7,1942,0,1,1,NA,2,062,I-10 E/B (SANTA MONICA FREEWAY),I-110 (HARBOR FREEWAY),100,W,N,A,-,Y,LA,NA,10,NA,NA,14.826,H,NA,R,N,4,0,1,2,A,-,07,21658,A,N,B,C,A,A,H,-,C,D,0,NA,NA,NA,NA,Y,NA,A,07,0,0,1,0,0,0,0,0,0,-,-,34.03813934326172,-118.27442169189452,LOS ANGELES,LOS ANGELES,-118.27442169189452,34.03810501098633
94870019,2025,2025-10-02,9590,2025-09-21,1622,024303,NA,7,2,7,1942,0,1,2,NA,2,072,US-101 N/B (HOLLYWOOD FREEWAY),LANKERSHIM BOULEVARD,75,S,N,A,-,Y,NA,NA,NA,NA,NA,NA,NA,NA,NA,N,3,0,1,3,A,-,03,22350,NA,F,C,C,A,A,H,-,A,A,0,NA,NA,NA,NA,Y,NA,A,07,0,1,0,0,0,0,0,0,0,-,-,34.13792037963867,-118.36247253417967,LOS ANGELES,LOS ANGELES,-118.36265563964844,34.13770294189453
94870032,2025,2025-10-02,9590,2025-09-22,1410,024097,NA,1,2,7,1942,0,1,S,NA,2,904,US-101 EASTBOUND (VENTURA FREEWAY),LAUREL CANYON BLVD,300,W,N,A,-,Y,LA,NA,101,NA,NA,13.24,H,NA,R,N,4,0,2,2,A,-,07,21658,A,N,B,C,A,A,H,-,A,D,0,NA,NA,Y,NA,Y,NA,A,01,0,0,2,0,0,0,0,0,1,-,-,34.1563606262207,-118.40277099609376,LOS ANGELES,LOS ANGELES,-118.40273284912108,34.15645217895508
94870055,2025,2025-10-02,9550,2025-09-21,1530,023782,NA,7,2,9,1900,0,1,1,NA,2,500,I-5 N/B,I-605,2640,N,N,A,-,Y,LA,NA,5,NA,NA,7.333,H,NA,R,N,3,0,5,5,A,-,03,22350,NA,N,C,C,A,A,H,-,A,D,0,NA,NA,NA,NA,Y,NA,E,22,0,1,4,0,0,0,0,0,0,-,-,33.947479248046875,-118.1006317138672,LOS ANGELES,UNINCORPORATED,-118.10070037841795,33.94744873046875
94870059,2025,2025-10-02,9565,2025-09-22,830,024279,NA,1,1,7,1942,0,1,S,NA,2,904,SR-118 W/B,WILBUR AVENUE,400,E,N,A,-,Y,LA,NA,118,NA,R,5.27,H,NA,L,Y,4,0,1,2,A,-,07,21658,A,N,C,C,A,A,H,-,A,D,0,NA,NA,NA,Y,Y,NA,A,07,0,0,1,0,0,0,0,0,0,-,-,34.27439880371094,-118.5456085205078,LOS ANGELES,LOS ANGELES,-118.5456085205078,34.2744026184082
94870089,2025,2025-10-14,9530,2025-09-26,618,022852,NA,5,1,5,1977,0,2,S,NA,2,901,223RD STREET,SB I-405 TO ALAMEDA STREET,78,W,N,B,-,N,NA,NA,NA,NA,NA,NA,NA,NA,NA,N,3,0,1,4,A,-,03,22350,NA,N,B,E,E,A,H,-,B,A,0,Y,NA,NA,NA,Y,NA,A,01,0,1,0,0,1,0,0,0,0,-,-,33.82447814941406,-118.22576141357422,LOS ANGELES,CARSON,-118.22881317138672,33.82456970214844
94870093,2025,2025-10-02,9550,2025-09-21,1614,023879,NA,7,2,6,1949,0,1,1,NA,2,501,I-5 N/B,NORWALK BLVD,370,S,N,A,-,Y,LA,NA,5,NA,NA,4.345,H,NA,R,Y,4,0,2,2,A,-,03,22350,NA,N,C,C,A,A,H,-,A,D,0,NA,NA,NA,NA,Y,NA,A,01,0,0,2,0,0,0,0,0,0,-,-,33.91162109375,-118.07234191894533,LOS ANGELES,NORWALK,-118.07232666015624,33.91163635253906
94870106,2025,2025-10-02,9550,2025-09-21,1620,024514,NA,7,2,9,1900,0,1,1,NA,2,650,I-605 SOUTHBOUND,SAGAROSA ST,10,S,N,A,-,Y,LA,NA,605,NA,R,12.415,H,NA,L,N,3,0,1,2,A,-,08,22107,NA,N,B,C,A,A,H,-,A,D,0,NA,NA,NA,NA,Y,NA,A,07,0,1,0,0,0,0,0,0,0,-,-,33.97874069213867,-118.07795715332033,LOS ANGELES,UNINCORPORATED,-118.07795715332033,33.97874069213867
94870107,2025,2025-10-02,9550,2025-09-21,1844,024389,NA,7,2,6,1920,0,1,1,NA,2,651,I-605 NB,FLORENCE AVENUE,250,S,N,A,-,Y,LA,NA,605,NA,R,9.287,H,NA,R,N,4,0,1,2,A,-,03,22350,NA,N,C,C,A,A,H,-,B,D,0,NA,NA,NA,NA,Y,NA,A,01,0,0,1,0,0,0,0,0,0,-,-,33.9368782043457,-118.09873962402344,LOS ANGELES,DOWNEY,-118.09874725341795,33.93688201904297
94870116,2025,2025-10-02,9550,2025-09-13,1500,023879,NA,6,2,9,1900,0,3,5,NA,2,002,CARMENITA RD N/B,BEATY AVE,260,S,N,A,-,N,NA,NA,NA,NA,NA,NA,NA,NA,NA,Y,3,0,2,3,A,-,03,22350,NA,N,C,C,A,A,H,-,A,D,0,NA,NA,NA,NA,Y,NA,D,22,0,1,1,0,0,0,0,0,0,-,-,33.92375183105469,-118.0464096069336,LOS ANGELES,UNINCORPORATED,-118.04659271240234,33.923805236816406
94870125,2025,2025-10-02,9590,2025-09-22,1531,023162,NA,1,2,7,1942,0,1,1,NA,2,065,I-10 W/B (SANTA MONICA FREEWAY),LONG BEACH AVENUE,500,W,N,A,-,Y,LA,NA,10,NA,NA,16.903,H,NA,L,N,4,0,2,3,A,-,03,22350,NA,N,C,C,A,A,H,-,A,D,0,NA,NA,NA,NA,Y,NA,A,07,0,0,2,0,0,0,0,0,0,-,-,34.02375030517578,-118.24273681640624,LOS ANGELES,LOS ANGELES,-118.24274444580078,34.02379608154297
94870130,2025,2025-10-02,9575,2025-09-14,1120,024642,NA,7,1,7,1942,0,1,1,NA,2,052,I-5 S/B (GOLDEN STATE FREEWAY),SUNLAND BLVD,1788,S,N,A,-,Y,LA,NA,5,NA,NA,33.331,H,NA,L,N,4,0,1,4,A,-,07,21658,A,M,B,2,A,A,H,-,A,D,0,NA,NA,NA,NA,Y,NA,-,99,0,0,1,0,0,0,0,0,0,-,-,34.221588134765625,-118.3606414794922,LOS ANGELES,LOS ANGELES,-118.36064910888672,34.2215576171875
94870137,2025,2025-10-02,9550,2025-09-21,1758,024389,NA,7,2,9,1900,0,1,1,NA,2,651,I-605 NB,CECILIA STREET,5280,N,N,A,-,Y,LA,NA,605,NA,R,9.029,H,NA,R,N,4,0,1,2,A,-,03,22350,NA,N,C,C,A,A,H,-,A,D,0,NA,NA,NA,NA,Y,NA,A,01,0,0,1,0,0,0,0,0,0,-,-,33.933448791503906,-118.10047149658205,LOS ANGELES,UNINCORPORATED,-118.10049438476564,33.9334602355957
94870147,2025,2025-10-02,9550,2025-09-21,2215,024048,NA,7,3,9,1900,0,1,1,NA,2,651,INTERSTATE 605 (SAN GABRIEL RIVER FREEWAY),CECILIA STREET,140,S,N,A,-,Y,LA,NA,605,NA,R,8.892,H,NA,R,Y,4,0,2,3,A,-,03,22350,NA,N,C,C,A,A,H,-,C,D,0,NA,NA,NA,NA,Y,NA,A,01,0,0,2,0,0,0,0,0,0,-,-,33.931610107421875,-118.10140228271484,LOS ANGELES,UNINCORPORATED,-118.10142517089844,33.931617736816406
94870148,2025,2025-10-02,9590,2025-08-31,2238,024196,NA,7,3,7,1942,0,1,1,NA,2,010,SR-110 N/B (ARROYO SECO PARKWAY),AMADOR ST.,110,N,N,A,-,Y,LA,NA,110,NA,NA,25.061,H,NA,R,Y,3,0,1,2,A,-,07,21658,A,N,B,C,A,A,H,-,C,D,0,NA,NA,NA,NA,Y,NA,A,01,0,1,0,0,0,0,0,0,0,-,-,34.0748291015625,-118.23223114013672,LOS ANGELES,LOS ANGELES,-118.23227691650392,34.074859619140625
94870202,2025,2025-10-02,9575,2025-09-21,510,024163,NA,7,3,6,1953,0,1,3,NA,2,040,SR-134 W/B (VENTURA FREEWAY),PATRICIAN WAY,864,E,N,A,-,Y,LA,NA,134,NA,R,11.868,H,NA,L,Y,4,0,1,2,A,-,03,22350,NA,N,C,C,A,A,H,-,B,D,0,NA,NA,NA,Y,Y,NA,A,01,0,0,1,0,0,0,0,0,0,-,-,34.141319274902344,-118.17891693115234,LOS ANGELES,PASADENA,-118.17892456054688,34.141265869140625
94870203,2025,2025-10-02,9575,2025-09-25,1520,024642,NA,4,2,6,1925,0,1,1,NA,2,062,I-210 E/B (FOOTHILL FREEWAY),PENNSYLVANIA AVE,1256,W,N,A,-,Y,LA,NA,210,NA,R,16.541,H,NA,R,Y,3,0,1,2,A,-,03,22350,NA,N,C,C,A,A,H,-,A,D,0,NA,NA,NA,NA,Y,NA,A,07,0,1,0,0,0,0,0,0,0,-,-,34.225120544433594,-118.25225830078124,LOS ANGELES,GLENDALE,-118.2522430419922,34.22514343261719
94870206,2025,2025-10-02,9590,2025-09-21,1700,023946,NA,7,2,7,1942,0,1,1,NA,2,050,I-110 N/B (HARBOR FREEWAY),W. 49TH STREET,120,S,N,A,-,Y,LA,NA,110,NA,NA,18.609,H,NA,R,N,4,0,1,3,A,-,03,22350,NA,N,C,C,A,A,H,-,A,D,0,NA,NA,NA,NA,Y,NA,A,01,0,0,1,0,0,0,0,0,0,-,-,33.997920989990234,-118.28057098388672,LOS ANGELES,LOS ANGELES,-118.28065490722656,33.9979133605957
94870223,2025,2025-10-02,9545,2025-01-23,1500,024025,NA,4,2,9,1900,0,3,5,NA,2,004,CHESEBORO ROAD,BARREL SPRINGS ROAD,620,N,N,A,-,N,NA,NA,NA,NA,NA,NA,NA,NA,NA,Y,1,1,0,1,A,-,03,22350,NA,N,F,0,A,A,H,-,A,D,0,NA,NA,NA,NA,Y,NA,D,22,0,0,0,0,0,0,0,0,0,-,-,34.51641845703125,-118.0302734375,LOS ANGELES,UNINCORPORATED,-118.0302505493164,34.51639938354492
94870245,2025,2025-10-02,9530,2025-09-25,1615,023399,NA,4,2,7,1942,0,1,1,NA,2,400,I-405 S/B (SAN DIEGO FREEWAY),NORMANDIE AVE.,100,S,N,A,-,Y,LA,NA,405,NA,NA,13.809,H,NA,L,N,3,0,1,2,A,-,07,21658,A,N,B,C,A,A,H,-,A,D,0,NA,NA,Y,NA,Y,NA,A,07,0,1,0,0,0,0,0,0,1,-,-,33.859798431396484,-118.2985382080078,LOS ANGELES,LOS ANGELES,-118.2985382080078,33.85972595214844
94870272,2025,2025-10-02,9545,2025-10-02,654,023263,NA,4,1,6,1992,0,3,5,NA,2,001,AVENUE D,SR-14 NORTHBOUND,311,E,N,A,-,N,NA,NA,NA,NA,NA,NA,NA,NA,NA,Y,4,0,1,2,A,-,09,21802,B,N,C,C,A,A,H,-,A,D,0,NA,NA,NA,Y,Y,NA,A,01,0,0,1,0,0,0,0,0,0,-,-,34.77695083618164,-118.16929626464844,LOS ANGELES,LANCASTER,-118.16942596435548,34.776947021484375
94870317,2025,2025-10-02,9590,2025-09-21,1645,023472,NA,7,2,7,1942,0,1,1,NA,2,061,I-10 WB,WEST BOULEVARD,280,E,N,A,-,Y,LA,NA,10,NA,R,11.092,H,NA,L,N,4,0,1,2,A,-,03,22350,NA,N,C,C,A,A,H,-,A,D,0,NA,NA,NA,NA,Y,NA,-,99,0,0,1,0,0,0,0,0,0,-,-,34.03493118286133,-118.3389129638672,LOS ANGELES,LOS ANGELES,-118.33890533447266,34.034915924072266
94870331,2025,2025-10-02,9565,2025-09-21,2030,023778,NA,7,2,7,1942,0,1,1,NA,2,064,I-405 N/B,MORAGA DR,50,N,N,A,-,Y,LA,NA,405,NA,NA,33.613,H,NA,R,Y,4,0,2,3,A,-,03,22350,NA,N,C,C,A,A,D,-,C,D,0,NA,NA,NA,NA,Y,NA,A,08,0,0,2,0,0,0,0,0,0,-,-,34.08026885986328,-118.47258758544922,LOS ANGELES,LOS ANGELES,-118.47266387939452,34.08022689819336
94870347,2025,2025-10-02,9545,2025-09-28,1315,020547,NA,7,1,9,1900,0,3,5,NA,1,005,AVENUE O,170TH STREET EAST,36,E,N,A,-,N,NA,NA,NA,NA,NA,NA,NA,NA,NA,N,4,0,1,2,A,-,21,22106,NA,N,C,C,A,A,H,-,A,A,0,NA,NA,NA,NA,Y,NA,D,22,0,0,1,0,0,0,0,0,0,-,-,34.616539001464844,-117.82666778564452,LOS ANGELES,UNINCORPORATED,-117.8267822265625,34.616539001464844
94870361,2025,2025-10-02,9545,2025-09-26,710,024715,NA,5,1,6,1992,0,3,5,NA,1,006,AVENUE L-8,45 TH STREET WEST,0,NA,Y,A,-,N,NA,NA,NA,NA,NA,NA,NA,NA,NA,N,3,0,4,2,D,-,00,NA,NA,F,D,C,A,A,H,-,A,A,0,NA,NA,NA,NA,Y,NA,-,-,0,4,0,0,0,0,0,0,0,-,-,34.65290069580078,-118.21003723144533,LOS ANGELES,LANCASTER,-118.21003723144533,34.63827133178711
94870367,2025,2025-10-02,9545,2025-08-15,1253,021814,NA,5,1,6,1950,0,1,3,NA,2,021,SR-14 N/B,AVENUE O,2190,N,N,A,-,Y,LA,NA,14,NA,R,63.082,H,NA,R,Y,3,0,1,2,A,-,03,22350,NA,F,C,C,A,A,D,-,A,D,0,NA,NA,NA,Y,Y,NA,F,26,0,1,0,0,0,0,0,0,0,-,-,34.62260055541992,-118.1530990600586,LOS ANGELES,PALMDALE,-118.15309143066406,34.62260055541992
94870370,2025,2025-10-02,9535,2025-09-04,1155,024519,NA,4,1,9,1900,0,2,4,NA,2,014,MCDONNELL AVENUE,CESAR CHAVEZ AVENUE,0,NA,Y,A,-,N,NA,NA,NA,NA,NA,NA,NA,NA,NA,N,4,0,1,2,A,-,10,21950,A,N,G,B,B,A,H,-,A,A,0,Y,NA,NA,NA,Y,NA,D,22,0,0,1,0,1,0,0,0,0,-,-,34.04058837890625,-118.1669464111328,LOS ANGELES,UNINCORPORATED,-118.1670379638672,34.04059982299805