CASE_ID,ACCIDENT_YEAR,PROC_DATE,JURIS,COLLISION_DATE,COLLISION_TIME,OFFICER_ID,REPORTING_DISTRICT,DAY_OF_WEEK,CHP_SHIFT,POPULATION,CNTY_CITY_LOC,SPECIAL_COND,BEAT_TYPE,CHP_BEAT_TYPE,CITY_DIVISION_LAPD,CHP_BEAT_CLASS,BEAT_NUMBER,PRIMARY_RD,SECONDARY_RD,DISTANCE,DIRECTION,INTERSECTION,WEATHER_1,WEATHER_2,STATE_HWY_IND,CALTRANS_COUNTY,CALTRANS_DISTRICT,STATE_ROUTE,ROUTE_SUFFIX,POSTMILE_PREFIX,POSTMILE,LOCATION_TYPE,RAMP_INTERSECTION,SIDE_OF_HWY,TOW_AWAY,COLLISION_SEVERITY,NUMBER_KILLED,NUMBER_INJURED,PARTY_COUNT,PRIMARY_COLL_FACTOR,PCF_CODE_OF_VIOL,PCF_VIOL_CATEGORY,PCF_VIOLATION,PCF_VIOL_SUBSECTION,HIT_AND_RUN,TYPE_OF_COLLISION,MVIW,PED_ACTION,ROAD_SURFACE,ROAD_COND_1,ROAD_COND_2,LIGHTING,CONTROL_DEVICE,CHP_ROAD_TYPE,PEDESTRIAN_ACCIDENT,BICYCLE_ACCIDENT,MOTORCYCLE_ACCIDENT,TRUCK_ACCIDENT,NOT_PRIVATE_PROPERTY,ALCOHOL_INVOLVED,STWD_VEHTYPE_AT_FAULT,CHP_VEHTYPE_AT_FAULT,COUNT_SEVERE_INJ,COUNT_VISIBLE_INJ,COUNT_COMPLAINT_PAIN,COUNT_PED_KILLED,COUNT_PED_INJURED,COUNT_BICYCLIST_KILLED,COUNT_BICYCLIST_INJURED,COUNT_MC_KILLED,COUNT_MC_INJURED,PRIMARY_RAMP,SECONDARY_RAMP,LATITUDE,LONGITUDE,COUNTY,CITY,POINT_X,POINT_Y
94881028,2025,2025-11-13,9545,2025-10-02,1058,023263,NA,4,1,9,1900,0,1,3,NA,1,012,SR-138 (WEST),90TH STREET WEST,0,NA,Y,A,-,N,NA,NA,NA,NA,NA,NA,NA,NA,NA,Y,3,0,1,2,A,-,12,22450,A,N,D,C,A,A,H,-,A,D,0,NA,NA,NA,NA,Y,NA,A,01,0,1,0,0,0,0,0,0,0,-,-,34.77642822265625,-118.29022216796876,LOS ANGELES,UNINCORPORATED,-118.29022216796876,34.77643966674805
9488105,2022,2022-09-06,1942,2022-08-02,1136,39192,1764,2,5,7,1942,0,0,0,Q,0,26TL43,PLUMMER ST,CORBIN AV,50,E,N,A,-,N,NA,NA,NA,NA,NA,NA,NA,NA,NA,N,3,0,1,2,A,-,08,22107,NA,N,B,C,A,A,H,-,A,D,0,NA,NA,NA,NA,Y,NA,-,-,0,1,0,0,0,0,0,0,0,-,-,NA,NA,LOS ANGELES,LOS ANGELES,-118.5621337890625,34.24272155761719
94881063,2025,2025-10-22,9590,2025-09-27,1324,023892,NA,6,1,7,1942,0,1,1,NA,2,080,I-5 N/B (GOLDEN STATE FREEWAY),STATE STREET,285,S,N,A,-,Y,LA,NA,5,NA,NA,18.196,H,NA,R,Y,2,0,4,3,A,-,07,21658,A,N,C,C,A,A,H,-,A,D,0,NA,NA,NA,Y,Y,NA,A,07,1,0,3,0,0,0,0,0,0,-,-,34.05155944824219,-118.2138900756836,LOS ANGELES,LOS ANGELES,-118.21394348144533,34.05155944824219
94881078,2025,2025-10-10,9530,2025-09-27,215,024495,NA,6,3,5,1977,0,1,1,NA,2,410,I-405 N/B (SAN DIEGO FREEWAY),WILMINGTON AVE.,1495,N,N,A,-,Y,LA,NA,405,NA,NA,9.847,H,NA,R,Y,3,0,1,3,A,-,03,22350,NA,M,C,C,A,A,H,-,C,D,0,NA,NA,NA,NA,Y,NA,-,99,0,1,0,0,0,0,0,0,0,-,-,33.825958251953125,-118.24652099609376,LOS ANGELES,CARSON,-118.24652099609376,33.82594299316406
94881086,2025,2025-10-10,9590,2025-10-09,1050,016230,NA,4,1,7,1942,0,1,1,NA,2,081,I-5 SB (GSF),BOYLE AVENUE,246,N,N,A,-,Y,NA,NA,NA,NA,NA,NA,NA,NA,NA,N,4,0,1,2,A,-,03,22350,NA,N,C,C,A,A,H,-,A,D,0,NA,NA,NA,NA,Y,NA,A,07,0,0,1,0,0,0,0,0,0,-,-,34.032501220703125,-118.22061157226564,LOS ANGELES,LOS ANGELES,-118.21955108642578,34.039371490478516
94881114,2025,2025-11-13,9540,2025-10-09,735,022397,NA,4,1,9,1900,0,2,4,NA,2,012,PICO CANYON RD,CHIQUELLA LN,0,NA,Y,A,-,N,NA,NA,NA,NA,NA,NA,NA,NA,NA,N,4,0,1,2,A,-,12,21453,A,N,D,C,A,A,H,-,A,A,0,NA,NA,NA,NA,Y,NA,A,07,0,0,1,0,0,0,0,0,0,-,-,34.379188537597656,-118.56703948974608,LOS ANGELES,UNINCORPORATED,-118.5669174194336,34.379173278808594
94881127,2025,2025-10-10,9530,2025-09-27,1930,024609,NA,6,2,5,1943,0,1,1,NA,2,210,I-105 W/B (GLENN ANDERSON FWY),LONG BEACH BLVD.,1162,W,N,A,-,Y,LA,NA,105,NA,R,11.658,H,NA,L,N,4,0,1,2,A,-,07,21658,A,M,B,C,A,A,H,-,C,D,0,NA,NA,Y,NA,Y,NA,-,99,0,0,1,0,0,0,0,0,1,-,-,33.924381256103516,-118.20848846435548,LOS ANGELES,LYNWOOD,-118.2084503173828,33.924442291259766
94881152,2025,2025-12-11,9540,2025-09-27,130,023847,NA,6,3,7,1942,0,1,1,NA,1,501,I-5 S/B (GOLDEN STATE FREEWAY),RINALDI ST,0.7,N,N,A,-,Y,LA,NA,5,NA,NA,41.243,H,NA,L,Y,3,0,2,4,D,-,00,NA,NA,M,C,C,A,A,H,-,B,D,0,NA,NA,NA,Y,Y,NA,-,-,0,1,1,0,0,0,0,0,0,-,-,34.28749084472656,-118.46392059326172,LOS ANGELES,LOS ANGELES,-118.4638671875,34.28754425048828
9488116,2022,2022-08-29,1972,2022-08-03,1730,21239,NA,3,5,6,1972,0,0,0,NA,0,NA,WESTERN AV,DEL AMO BL,0,NA,Y,A,-,Y,LA,7,213,-,-,9.055,I,5,S,Y,3,0,3,3,A,-,09,21801,A,N,D,C,A,A,H,-,A,A,0,NA,NA,NA,NA,Y,NA,A,NA,0,3,0,0,0,0,0,0,0,-,-,NA,NA,LOS ANGELES,TORRANCE,-118.30940246582033,33.846824645996094
9488117,2022,2022-08-26,1942,2022-07-29,2245,33504,1063,5,5,7,1942,0,0,0,J,0,26T55W,RESEDA B;,BURBANK BL,0,NA,Y,A,-,N,NA,NA,NA,NA,NA,NA,NA,NA,NA,Y,3,0,1,3,A,-,01,23152,A,N,D,C,A,A,H,-,C,A,0,NA,NA,NA,Y,Y,Y,A,01,0,1,0,0,0,0,0,0,0,-,-,NA,NA,LOS ANGELES,LOS ANGELES,-118.53599548339844,34.17234420776367
94881174,2025,2025-10-10,9545,2025-10-03,1530,024657,NA,5,2,9,1900,0,3,5,NA,2,004,AVE R-4,105TH ST  E,0,NA,Y,A,-,N,NA,NA,NA,NA,NA,NA,NA,NA,NA,N,4,0,2,2,A,-,09,21802,A,N,D,C,A,A,H,-,A,A,0,NA,NA,NA,NA,Y,NA,A,08,0,0,2,0,0,0,0,0,0,-,-,34.56890106201172,-117.9431381225586,LOS ANGELES,UNINCORPORATED,-117.9431610107422,34.56888198852539
94881179,2025,2025-10-10,9590,2025-10-09,730,016230,NA,4,1,7,1942,0,1,1,NA,2,081,I-5 S/B (GSF),BOYLE AVE,355,N,N,A,-,Y,NA,NA,NA,NA,NA,NA,NA,NA,NA,N,4,0,2,2,A,-,03,22350,NA,N,C,C,A,A,H,-,A,D,0,NA,NA,NA,NA,Y,NA,D,22,0,0,2,0,0,0,0,0,0,-,-,34.03266906738281,-118.22081756591795,LOS ANGELES,LOS ANGELES,-118.2194366455078,34.03965377807617
9488121,2022,2022-08-16,1942,2022-07-30,1725,39192,1024,6,5,7,1942,0,0,0,J,0,26TL43,AMIGO AV,LEMAY ST,30,S,N,A,-,N,NA,NA,NA,NA,NA,NA,NA,NA,NA,N,4,0,1,3,A,-,01,23152,F,N,A,E,A,A,H,-,A,D,0,NA,NA,NA,NA,Y,NA,A,07,0,0,1,0,0,0,0,0,0,-,-,NA,NA,LOS ANGELES,LOS ANGELES,-118.5386199951172,34.190887451171875
94881242,2025,2025-10-10,9580,2025-10-02,1625,022987,NA,4,2,7,1942,0,1,1,NA,2,407,I-405 S/B (SAN DIEGO FWY),PARTHENIA ST,660,S,N,A,-,Y,LA,NA,405,NA,NA,44.128,H,NA,L,N,4,0,1,4,A,-,03,22350,NA,N,C,C,A,A,H,-,A,D,0,NA,NA,NA,NA,Y,NA,D,22,0,0,1,0,0,0,0,0,0,-,-,34.226539611816406,-118.4733428955078,LOS ANGELES,LOS ANGELES,-118.4732666015625,34.226539611816406
9488125,2022,2022-08-16,1942,2022-07-12,2120,40065,2129,2,5,7,1942,0,0,0,NA,0,26T56,ROSCOE BL,OAKDALE AV,59,E,N,A,-,N,NA,NA,NA,NA,NA,NA,NA,NA,NA,Y,3,0,1,3,A,-,01,23152,A,N,C,E,A,A,H,-,C,A,0,NA,NA,NA,NA,Y,Y,A,01,0,1,0,0,0,0,0,0,0,-,-,NA,NA,LOS ANGELES,LOS ANGELES,-118.56649780273438,34.22029495239258
94881255,2025,2025-10-10,9535,2025-10-01,245,023437,NA,3,3,9,1900,0,1,3,NA,2,621,SR-60 W/B (POMONA FREEWAY),I-605 (SAN GABRIEL RIVER FREEWAY),1556,W,N,A,-,Y,LA,NA,60,NA,NA,11.406,H,NA,L,Y,4,0,1,2,A,-,07,21658,A,N,C,C,A,A,H,-,D,D,0,NA,NA,NA,Y,Y,NA,A,01,0,0,1,0,0,0,0,0,0,-,-,34.036048889160156,-118.03182220458984,LOS ANGELES,UNINCORPORATED,-118.03180694580078,34.03607177734375
94881256,2025,2025-10-10,9580,2025-10-10,730,022753,NA,5,1,7,1942,0,1,1,NA,2,405,I-405 S/B (SAN DIEGO FWY),BURBANK BLVD,2617,N,N,A,-,Y,LA,NA,405,NA,NA,40.772,H,NA,L,N,4,0,1,2,A,-,03,22350,NA,N,C,C,A,A,H,-,A,D,0,NA,NA,NA,NA,Y,NA,A,08,0,0,1,0,0,0,0,0,0,-,-,34.17893981933594,-118.46954345703124,LOS ANGELES,LOS ANGELES,-118.46957397460938,34.178924560546875
94881273,2025,2025-10-10,9580,2025-10-03,925,022762,NA,5,1,7,1942,0,1,2,NA,2,102,US-101 N/B (VENTURA FREEWAY),WHITE OAK AVE,1584,S,N,A,-,Y,LA,NA,101,NA,NA,19.915,H,NA,R,N,4,0,1,3,A,-,03,22350,NA,N,C,C,A,A,H,-,A,D,0,NA,NA,NA,NA,Y,NA,A,01,0,0,1,0,0,0,0,0,0,-,-,34.17121124267578,-118.51296997070313,LOS ANGELES,LOS ANGELES,-118.51296997070313,34.17127990722656
9488129,2022,2022-08-24,1942,2022-06-22,2010,38273,1651,3,5,7,1942,0,0,0,P,0,26T54,REMICK AV,BRACKEN ST,0,NA,Y,A,-,N,NA,NA,NA,NA,NA,NA,NA,NA,NA,Y,4,0,1,2,A,-,09,21802,A,N,D,C,A,A,H,-,C,A,0,NA,NA,NA,NA,Y,Y,D,22,0,0,1,0,0,0,0,0,0,-,-,NA,NA,LOS ANGELES,LOS ANGELES,-118.41558074951172,34.24034881591797
9488133,2022,2022-08-24,1942,2022-06-29,1350,38326,1622,3,5,7,1942,0,0,0,P,0,26TL47,PAXTON ST,SAN FERNANDO RD,0,NA,Y,A,-,N,NA,NA,NA,NA,NA,NA,NA,NA,NA,Y,2,0,2,2,A,-,09,21801,A,N,D,C,A,A,H,-,A,A,0,NA,NA,NA,NA,Y,NA,D,22,1,1,0,0,0,0,0,0,0,-,-,NA,NA,LOS ANGELES,LOS ANGELES,-118.42845153808594,34.27202606201172
9488139,2022,2022-08-29,1972,2022-05-13,1025,19767,NA,5,5,6,1972,0,0,0,NA,0,NA,WESTERN AV,CARSON ST,40,N,N,A,-,Y,LA,7,213,-,-,8.01,H,-,S,N,4,0,1,2,A,-,03,22350,NA,N,C,C,A,A,H,-,A,A,0,NA,NA,NA,Y,Y,NA,F,NA,0,0,1,0,0,0,0,0,0,-,-,NA,NA,LOS ANGELES,TORRANCE,-118.30914306640624,33.831790924072266
9488141,2022,2022-08-16,1900,2022-07-31,1615,618405,2116,7,5,5,1943,0,0,0,NA,0,212T3,JOSEPHINE ST,LONG BEACH BL,130,W,N,A,-,N,NA,NA,NA,NA,NA,NA,NA,NA,NA,Y,3,0,3,2,A,-,01,23152,NA,F,C,C,A,A,H,-,A,A,0,NA,NA,NA,NA,Y,Y,D,22,0,1,2,0,0,0,0,0,0,-,-,NA,NA,LOS ANGELES,LYNWOOD,-118.21013641357422,33.921241760253906
9488149,2022,2022-08-16,1900,2022-07-25,1844,618405,2115,1,5,5,1943,0,0,0,NA,0,212T3,MARTIN LUTHER KING JR BL,DUNCAN AV,0,NA,Y,A,-,N,NA,NA,NA,NA,NA,NA,NA,NA,NA,Y,2,0,4,2,A,-,12,22450,A,N,D,C,A,A,H,-,A,A,0,NA,NA,NA,NA,Y,NA,D,22,1,3,0,0,0,0,0,0,0,-,-,NA,NA,LOS ANGELES,LYNWOOD,-118.18476104736328,33.92036819458008
94881537,2025,2025-10-10,9545,2025-09-24,1255,024553,NA,3,1,9,1900,0,1,3,NA,1,042,SR-138,96TH STREET EAST,0,NA,Y,A,-,Y,LA,NA,138,NA,NA,56.166,H,NA,R,Y,4,0,1,1,A,-,08,22107,NA,N,E,8,A,A,H,-,A,D,0,NA,NA,NA,NA,Y,NA,A,01,0,0,1,0,0,0,0,0,0,-,-,34.52138900756836,-117.95818328857422,LOS ANGELES,UNINCORPORATED,-117.95818328857422,34.52113342285156
94881670,2025,2025-10-10,9535,2025-09-14,512,023704,NA,7,3,5,1948,0,1,3,NA,2,600,SR-60 (POMONA FREEWAY) E/B,ATLANTIC BLVD,612,W,N,A,-,Y,LA,NA,60,NA,R,4.325,H,NA,R,Y,2,0,2,2,A,-,03,22350,NA,N,C,C,A,A,H,-,D,D,0,NA,NA,NA,NA,Y,NA,A,01,1,1,0,0,0,0,0,0,0,-,-,34.03583908081055,-118.15193939208984,LOS ANGELES,MONTEREY PARK,-118.15193939208984,34.03584671020508
94881676,2025,2025-10-10,9535,2025-09-18,1435,024446,NA,4,2,9,1900,0,2,4,NA,2,014,CESAR E. CHAVEZ AVE.,MCDONNELL AVE.,0,NA,Y,A,-,N,NA,NA,NA,NA,NA,NA,NA,NA,NA,Y,4,0,2,3,A,-,09,21801,A,N,D,C,A,A,H,-,A,A,0,NA,NA,NA,NA,Y,NA,A,01,0,0,2,0,0,0,0,0,0,-,-,34.04059982299805,-118.16706085205078,LOS ANGELES,UNINCORPORATED,-118.1670379638672,34.04059982299805
94881681,2025,2025-10-10,9535,2025-04-23,23,024287,NA,3,3,9,1900,0,1,1,NA,2,501,I-5  SOUTHBOUND (SANTA ANA FREEWAY),OLYMPIC BLVD.,0,NA,Y,B,-,Y,LA,NA,5,NA,NA,14.165,H,NA,L,Y,3,0,1,5,A,-,03,22350,NA,N,C,C,A,A,H,-,C,D,0,NA,NA,NA,NA,Y,NA,A,01,0,1,0,0,0,0,0,0,0,-,-,34.01900863647461,-118.17857360839844,LOS ANGELES,UNINCORPORATED,-118.17861175537108,34.01894760131836
94881706,2025,2025-11-13,9525,2025-10-08,1744,023661,NA,3,2,6,1955,0,1,1,NA,2,107,I-10 W/B (SAN BERNARDINO FWY),DUDLEY STREET,1214,E,N,A,-,Y,LA,NA,10,NA,NA,44.427,H,NA,L,N,4,0,1,4,A,-,03,22350,NA,F,C,C,A,A,H,-,A,D,0,NA,NA,NA,NA,Y,NA,-,99,0,0,1,0,0,0,0,0,0,-,-,34.07265853881836,-117.77417755126952,LOS ANGELES,POMONA,-117.77418518066406,34.0726203918457
94881712,2025,2025-10-10,9575,2025-09-30,1750,024621,NA,2,2,6,1912,0,1,1,NA,2,051,I-5 S/B (GOLDEN STATE FREEWAY),BURBANK BLVD.,640,N,N,A,-,Y,LA,NA,5,NA,NA,29.93,H,NA,L,Y,4,0,1,2,A,-,03,22350,NA,N,C,C,A,A,H,-,A,D,0,NA,NA,NA,NA,Y,NA,A,08,0,0,1,0,0,0,0,0,0,-,-,34.1863899230957,-118.32035064697266,LOS ANGELES,BURBANK,-118.32023620605467,34.18657684326172
94881737,2025,2025-10-10,9535,2025-09-30,433,024620,NA,2,3,6,1922,0,1,1,NA,2,400,INTERSTATE 10 E/B (SAN BERNARDINO FREEWAY),DURFEE AVENUE,150,W,N,A,-,Y,LA,NA,10,NA,NA,30.495,H,NA,R,N,3,0,1,2,A,-,08,22107,NA,N,C,C,A,A,H,-,C,D,0,NA,NA,NA,NA,Y,NA,-,-,0,1,0,0,0,0,0,0,0,-,-,34.064361572265625,-118.01155090332033,LOS ANGELES,EL MONTE,-118.01152801513672,34.064430236816406
94881740,2025,2025-10-10,9575,2025-09-30,1440,024621,NA,2,2,7,1942,0,1,3,NA,2,043,SR-134 W/B (VENTURA FREEWAY),FOREST LAWN DR.,1100,E,N,A,-,Y,LA,NA,134,NA,NA,4.028,H,NA,L,N,4,0,2,3,A,-,03,22350,NA,N,C,C,A,A,H,-,A,D,0,NA,NA,NA,NA,Y,NA,A,01,0,0,2,0,0,0,0,0,0,-,-,34.15584182739258,-118.30734252929688,LOS ANGELES,LOS ANGELES,-118.30736541748048,34.15590286254883
94881746,2025,2025-10-10,9525,2025-10-09,1835,020632,NA,4,2,5,1926,0,1,1,NA,2,205,I-210 W/B (FOOTHILL FWY),SUNFLOWER AVE.,220,W,N,A,-,Y,LA,NA,210,NA,R,43.122,H,NA,L,N,4,0,1,3,A,-,03,22350,NA,N,C,C,A,A,H,-,A,D,0,NA,NA,NA,NA,Y,NA,A,01,0,0,1,0,0,0,0,0,0,-,-,34.117759704589844,-117.8472137451172,LOS ANGELES,GLENDORA,-117.8472137451172,34.1176872253418
94881756,2025,2025-10-10,9535,2025-08-20,1645,022812,NA,3,2,9,1900,0,1,S,NA,2,506,I-605 N/B,VALLEY BLVD,0,NA,Y,A,-,Y,LA,NA,605,NA,R,19.073,H,NA,R,N,4,0,1,3,A,-,07,21658,A,F,C,C,A,A,H,-,A,A,0,NA,NA,NA,NA,Y,NA,-,-,0,0,1,0,0,0,0,0,0,-,-,34.049869537353516,-118.00669860839844,LOS ANGELES,UNINCORPORATED,-118.00662994384766,34.049842834472656
94881798,2025,2025-10-10,9545,2025-09-21,235,024553,NA,7,3,6,1950,0,1,3,NA,2,021,SR-14 N/B,TECHNOLOGY DRIVE,1370,N,N,A,-,Y,LA,NA,14,NA,R,60.967,H,NA,R,Y,2,0,3,3,A,-,01,23153,A,F,A,C,A,A,D,-,C,D,0,NA,NA,NA,NA,Y,Y,A,07,1,1,1,0,0,0,0,0,0,-,-,34.59756088256836,-118.13693237304688,LOS ANGELES,PALMDALE,-118.13690948486328,34.59757614135742
94881831,2025,2025-10-10,9525,2025-09-04,445,024192,NA,4,3,5,1926,0,1,3,NA,2,572,SR-57 N/B TO I-210 E/B,AUTO CENTRE DRIVE,180,N,N,A,-,Y,LA,NA,57,NA,R,11.618,H,NA,R,Y,2,0,1,1,A,-,08,22107,NA,N,E,I,A,A,H,-,C,D,0,NA,NA,NA,Y,Y,NA,F,55,1,0,0,0,0,0,0,0,0,-,-,34.11811828613281,-117.8239974975586,LOS ANGELES,GLENDORA,-117.82414245605467,34.11808776855469
94881833,2025,2025-10-10,9525,2025-09-20,1230,024135,NA,6,1,5,1990,0,1,3,NA,2,604,SR-60 E/B (POMONA FWY),GRAND AVE,1214,E,N,A,-,Y,LA,NA,60,NA,R,24.624,H,NA,R,Y,4,0,1,2,A,-,01,23152,A,N,C,C,A,A,H,-,A,D,0,NA,NA,NA,NA,Y,Y,A,01,0,0,1,0,0,0,0,0,0,-,-,34.01190948486328,-117.82128143310548,LOS ANGELES,DIAMOND BAR,-117.8213348388672,34.0119514465332
94881873,2025,2025-10-10,9525,2025-10-09,2057,023176,NA,4,2,6,1975,0,1,1,NA,2,105,I-10 W/B (SAN BERNARDINO FWY),VINCENT AVE,2640,E,N,A,-,Y,LA,NA,10,NA,NA,35.935,H,NA,L,Y,4,0,3,1,A,-,08,22107,NA,F,E,8,A,A,H,-,D,D,0,NA,NA,NA,NA,Y,NA,A,01,0,0,3,0,0,0,0,0,0,-,-,34.0725212097168,-117.91741180419922,LOS ANGELES,WEST COVINA,-117.91741180419922,34.07231521606445
94881880,2025,2025-10-10,9525,2025-10-04,315,022605,NA,6,3,9,1900,0,3,5,NA,2,002,E EDNA PL,N VINCENT AVE,400,W,N,A,-,N,NA,NA,NA,NA,NA,NA,NA,NA,NA,Y,3,0,1,3,A,-,01,23152,A,N,B,4,A,A,H,-,A,D,0,NA,NA,NA,NA,Y,Y,A,01,0,1,0,0,0,0,0,0,0,-,-,34.09275817871094,-117.92697143554688,LOS ANGELES,UNINCORPORATED,-117.9269561767578,34.09270477294922
94881884,2025,2025-10-13,9565,2025-04-26,1455,024200,NA,6,2,9,1900,0,1,1,NA,2,012,INTERSTATE 105 WB (CENTURY FWY.),WILTON PLACE,60,E,N,A,-,Y,LA,NA,105,NA,R,5.503,H,NA,L,N,4,0,1,2,A,-,03,22350,NA,N,C,C,A,A,H,-,A,D,0,NA,NA,NA,NA,Y,NA,A,01,0,0,1,0,0,0,0,0,0,-,-,33.92565155029297,-118.31313323974608,LOS ANGELES,UNINCORPORATED,-118.31313323974608,33.925594329833984
9488193,2022,2022-08-18,1910,2022-07-11,2013,05309,NA,1,5,4,1910,0,0,0,NA,0,009,W WILSHIRE BL,PALM DR,0,NA,-,A,-,N,NA,NA,NA,NA,NA,NA,NA,NA,NA,N,4,0,3,2,A,-,08,22107,NA,N,B,C,A,A,H,-,C,A,0,NA,NA,NA,NA,Y,NA,A,01,0,0,3,0,0,0,0,0,0,-,-,34.06711959838867,-118.39205932617188,LOS ANGELES,BEVERLY HILLS,-118.39177703857422,34.06706237792969
9488194,2022,2022-08-12,1910,2022-07-07,0919,04712,NA,4,5,4,1910,0,0,0,NA,0,005,WILSHIRE BL,BEDFORD DR,0,NA,Y,A,-,N,NA,NA,NA,NA,NA,NA,NA,NA,NA,Y,3,0,1,1,A,-,03,22350,NA,N,E,I,A,A,H,-,A,D,0,NA,NA,Y,NA,Y,NA,C,02,0,1,0,0,0,0,0,0,1,-,-,NA,NA,LOS ANGELES,BEVERLY HILLS,-118.40452575683594,34.06707763671875
94881948,2025,2025-10-13,9550,2025-09-26,2222,024141,NA,5,3,9,1900,0,1,1,NA,2,650,I-605 NB,BEXLEY DR,100,S,N,A,-,Y,LA,NA,605,NA,R,13.168,H,NA,R,N,4,0,2,2,A,-,07,21658,A,N,C,C,A,A,H,-,C,D,0,NA,NA,NA,NA,Y,NA,A,01,0,0,2,0,0,0,0,0,0,-,-,33.98768997192383,-118.0706787109375,LOS ANGELES,UNINCORPORATED,-118.07073211669922,33.98770523071289
9488195,2022,2022-08-18,1910,2022-07-20,0914,352,NA,3,5,4,1910,0,0,0,NA,0,005,SMITHWOOD DR,BEVERWILL AND SMITHWOOD ALLEY,0,NA,Y,A,-,N,NA,NA,NA,NA,NA,NA,NA,NA,NA,N,4,0,1,2,A,-,13,22500,A,N,C,C,A,A,H,-,A,D,0,NA,NA,NA,NA,Y,NA,-,NA,0,0,1,0,0,0,0,0,0,-,-,NA,NA,LOS ANGELES,BEVERLY HILLS,-118.3991241455078,34.05824279785156
94881951,2025,2025-10-13,9550,2025-09-26,910,023825,NA,5,1,6,1920,0,1,1,NA,2,651,I-605 N/B,CECILIA ST,190,N,N,A,-,Y,LA,NA,605,NA,R,8.961,H,NA,R,Y,3,0,1,2,A,-,08,22107,NA,N,B,C,A,A,H,-,A,D,0,NA,NA,NA,NA,Y,NA,-,-,0,1,0,0,0,0,0,0,0,-,-,33.93259048461914,-118.1010513305664,LOS ANGELES,DOWNEY,-118.10093688964844,33.93254852294922
94881953,2025,2025-10-13,9550,2025-09-26,2150,024048,NA,5,2,6,1920,0,1,1,NA,2,500,INTERSTATE 5 (SANTA ANA FREEWAY) SOUTHBOUND,PARAMOUNT BOULEVARD,150,N,N,A,-,Y,LA,NA,5,NA,NA,8.992,H,NA,L,N,4,0,2,2,A,-,03,22350,NA,N,C,C,A,A,H,-,C,D,0,NA,NA,NA,NA,Y,NA,A,01,0,0,2,0,0,0,0,0,0,-,-,33.96466064453125,-118.12045288085938,LOS ANGELES,DOWNEY,-118.12047576904295,33.96464920043945
94881954,2025,2025-10-13,9550,2025-09-26,1940,024082,NA,5,2,9,1900,0,3,5,NA,2,004,SIERRA CREST WAY,SIERRA PASS WAY,5,S,N,A,-,N,NA,NA,NA,NA,NA,NA,NA,NA,NA,N,4,0,2,3,A,-,10,21950,A,N,G,B,B,A,H,-,C,A,0,Y,NA,NA,NA,Y,NA,A,07,0,0,2,0,2,0,0,0,0,-,-,33.98175048828125,-117.95937347412108,LOS ANGELES,UNINCORPORATED,-117.96161651611328,33.9794807434082
94881960,2025,2025-10-13,9565,2025-09-30,2155,022646,NA,2,2,7,1942,0,1,1,NA,2,082,I-10 W/B TO BUNDY DRIVE S/B,BUNDY DRIVE,80,W,N,A,-,Y,NA,NA,NA,NA,NA,NA,NA,NA,NA,N,4,0,2,2,A,-,06,21750,A,F,B,C,A,A,H,-,C,D,0,NA,NA,NA,NA,Y,NA,-,99,0,0,2,0,0,0,0,0,0,-,-,34.02901077270508,-118.45033264160156,LOS ANGELES,LOS ANGELES,-118.44959259033205,34.028263092041016
94881962,2025,2025-10-13,9565,2025-09-30,1805,023171,NA,2,2,9,1900,0,3,5,NA,2,003,LA BREA AVENUE,SLAUSON AVENUE,400,S,N,A,-,N,NA,NA,NA,NA,NA,NA,NA,NA,NA,N,4,0,2,3,A,-,03,22350,NA,N,C,C,A,A,H,-,A,D,0,NA,NA,NA,NA,Y,NA,D,22,0,0,2,0,0,0,0,0,0,-,-,33.98712158203125,-118.35816192626952,LOS ANGELES,UNINCORPORATED,-118.35834503173828,33.987483978271484
94881964,2025,2025-10-13,9565,2025-09-30,15,024021,NA,2,3,9,1900,0,3,5,NA,2,004,EL SEGUNDO BOULEVARD E/B,OCEAN GATE AVENUE,5,W,N,A,-,N,NA,NA,NA,NA,NA,NA,NA,NA,NA,Y,3,0,3,2,A,-,03,22350,NA,N,C,C,A,A,H,-,C,A,0,NA,NA,NA,NA,Y,NA,A,01,0,1,2,0,0,0,0,0,0,-,-,33.916351318359375,-118.36728668212892,LOS ANGELES,UNINCORPORATED,-118.36717987060548,33.91640090942383
94881965,2025,2025-10-13,9565,2025-09-30,1545,024279,NA,2,2,9,1900,0,2,4,NA,2,021,VERMONT AVENUE,94TH STREET,0,NA,Y,A,-,N,NA,NA,NA,NA,NA,NA,NA,NA,NA,N,4,0,2,2,A,-,09,21802,A,N,D,C,A,A,H,-,A,A,0,NA,NA,NA,NA,Y,NA,A,07,0,0,2,0,0,0,0,0,0,-,-,33.951011657714844,-118.29183959960938,LOS ANGELES,UNINCORPORATED,-118.29189300537108,33.950950622558594