CASE_ID,ACCIDENT_YEAR,PROC_DATE,JURIS,COLLISION_DATE,COLLISION_TIME,OFFICER_ID,REPORTING_DISTRICT,DAY_OF_WEEK,CHP_SHIFT,POPULATION,CNTY_CITY_LOC,SPECIAL_COND,BEAT_TYPE,CHP_BEAT_TYPE,CITY_DIVISION_LAPD,CHP_BEAT_CLASS,BEAT_NUMBER,PRIMARY_RD,SECONDARY_RD,DISTANCE,DIRECTION,INTERSECTION,WEATHER_1,WEATHER_2,STATE_HWY_IND,CALTRANS_COUNTY,CALTRANS_DISTRICT,STATE_ROUTE,ROUTE_SUFFIX,POSTMILE_PREFIX,POSTMILE,LOCATION_TYPE,RAMP_INTERSECTION,SIDE_OF_HWY,TOW_AWAY,COLLISION_SEVERITY,NUMBER_KILLED,NUMBER_INJURED,PARTY_COUNT,PRIMARY_COLL_FACTOR,PCF_CODE_OF_VIOL,PCF_VIOL_CATEGORY,PCF_VIOLATION,PCF_VIOL_SUBSECTION,HIT_AND_RUN,TYPE_OF_COLLISION,MVIW,PED_ACTION,ROAD_SURFACE,ROAD_COND_1,ROAD_COND_2,LIGHTING,CONTROL_DEVICE,CHP_ROAD_TYPE,PEDESTRIAN_ACCIDENT,BICYCLE_ACCIDENT,MOTORCYCLE_ACCIDENT,TRUCK_ACCIDENT,NOT_PRIVATE_PROPERTY,ALCOHOL_INVOLVED,STWD_VEHTYPE_AT_FAULT,CHP_VEHTYPE_AT_FAULT,COUNT_SEVERE_INJ,COUNT_VISIBLE_INJ,COUNT_COMPLAINT_PAIN,COUNT_PED_KILLED,COUNT_PED_INJURED,COUNT_BICYCLIST_KILLED,COUNT_BICYCLIST_INJURED,COUNT_MC_KILLED,COUNT_MC_INJURED,PRIMARY_RAMP,SECONDARY_RAMP,LATITUDE,LONGITUDE,COUNTY,CITY,POINT_X,POINT_Y
94881971,2025,2025-10-13,9565,2025-09-30,1530,024279,NA,2,2,9,1900,0,3,5,NA,2,002,87TH STREET,BUDLONG AVENUE,0,NA,Y,A,-,N,NA,NA,NA,NA,NA,NA,NA,NA,NA,N,4,0,1,6,A,-,12,22450,A,F,D,2,A,A,H,-,A,A,0,NA,NA,NA,NA,Y,NA,-,99,0,0,1,0,0,0,0,0,0,-,-,33.95896911621094,-118.29586791992188,LOS ANGELES,UNINCORPORATED,-118.2959213256836,33.95896911621094
9488198,2022,2022-08-18,1910,2022-07-21,0720,05410,NA,4,5,4,1910,0,0,0,NA,0,005,S CRESENT DR,CHARLEVILLE BL,0,NA,Y,A,-,N,NA,NA,NA,NA,NA,NA,NA,NA,NA,N,4,0,1,2,A,-,09,21801,A,N,D,G,A,A,H,-,A,D,0,NA,Y,NA,NA,Y,NA,A,01,0,0,1,0,0,0,1,0,0,-,-,NA,NA,LOS ANGELES,BEVERLY HILLS,-118.39594268798828,34.064998626708984
9488203,2022,2022-08-17,1910,2022-06-07,1131,352,NA,2,5,4,1910,0,0,0,NA,0,005,BEVERLY DR,WILSHIRE BL,60,S,N,A,-,N,NA,NA,NA,NA,NA,NA,NA,NA,NA,N,3,0,1,2,A,-,09,21804,A,N,D,G,A,A,H,-,A,D,0,NA,Y,NA,NA,Y,NA,-,NA,0,1,0,0,0,0,1,0,0,-,-,NA,NA,LOS ANGELES,BEVERLY HILLS,-118.39916229248048,34.0669059753418
9488204,2022,2022-08-17,1910,2022-06-12,0055,05294,NA,7,5,4,1910,0,0,0,NA,0,006,N DOHENY DR,CYNTHIA ST,0,NA,Y,A,-,N,NA,NA,NA,NA,NA,NA,NA,NA,NA,Y,4,0,2,2,A,-,12,22450,A,N,D,C,A,A,H,-,C,A,0,NA,NA,NA,NA,Y,NA,A,07,0,0,2,0,0,0,0,0,0,-,-,NA,NA,LOS ANGELES,BEVERLY HILLS,-118.38978576660156,34.087284088134766
9488205,2022,2022-08-17,1955,2022-06-12,1104,42822,13,7,5,6,1955,0,0,0,NA,0,003,TOWNE AV,MCKINLEY AV,21,S,N,A,-,N,NA,NA,NA,NA,NA,NA,NA,NA,NA,Y,3,0,2,2,A,-,09,21802,A,N,D,C,A,A,H,-,A,A,0,NA,NA,NA,NA,Y,NA,A,07,0,1,1,0,0,0,0,0,0,-,-,34.072330474853516,-117.7418975830078,LOS ANGELES,POMONA,-117.74192810058594,34.072261810302734
9488206,2022,2022-08-17,1955,2022-06-16,0745,42805,089,4,5,6,1955,0,0,0,NA,0,004,COUNTY RD,TITUS AV,21,W,N,A,-,N,NA,NA,NA,NA,NA,NA,NA,NA,NA,Y,4,0,4,2,A,-,09,21802,A,N,D,C,A,A,H,-,A,A,0,NA,NA,NA,NA,Y,NA,A,01,0,0,4,0,0,0,0,0,0,-,-,34.02632141113281,-117.73764801025392,LOS ANGELES,POMONA,-117.73776245117188,34.02629852294922
9488207,2022,2022-09-07,1955,2022-06-12,0724,42822,49,7,5,6,1955,0,0,0,NA,0,001,HOLT AV,WEBER ST,37,E,N,A,-,N,NA,NA,NA,NA,NA,NA,NA,NA,NA,Y,4,0,1,2,A,-,09,21802,A,N,D,C,A,A,H,-,A,A,0,NA,NA,NA,NA,Y,NA,A,07,0,0,1,0,0,0,0,0,0,-,-,34.06182861328125,-117.77266693115234,LOS ANGELES,POMONA,-117.77252197265624,34.06180953979492
9488208,2022,2022-09-12,1955,2022-06-11,0436,41881,49,6,5,6,1955,0,0,0,NA,0,001,ORANGE GROVE AV,HUNTINGTON BL,280,E,N,A,-,N,NA,NA,NA,NA,NA,NA,NA,NA,NA,Y,3,0,1,2,A,-,01,23152,A,N,B,E,A,A,H,-,C,A,0,NA,NA,NA,NA,Y,Y,A,01,0,1,0,0,0,0,0,0,0,-,-,34.068729400634766,-117.76158905029295,LOS ANGELES,POMONA,-117.76081848144533,34.068946838378906
9488211,2022,2022-08-17,1941,2022-06-24,1135,10045,NA,5,5,7,1941,0,0,0,NA,0,NA,LOS COYOTES DIAGONAL,WILLOW ST,0,NA,Y,A,-,N,NA,NA,NA,NA,NA,NA,NA,NA,NA,Y,2,0,1,2,A,-,03,22350,NA,N,C,C,A,A,H,-,A,A,0,NA,NA,NA,NA,Y,NA,A,NA,1,0,0,0,0,0,0,0,0,-,-,NA,NA,LOS ANGELES,LONG BEACH,-118.12368774414064,33.80318832397461
9488212,2022,2022-10-03,1941,2022-06-24,0919,10147,NA,5,5,7,1941,0,0,0,NA,0,NA,ATLANTIC AV,WARDLOW RD,100,S,N,A,-,N,NA,NA,NA,NA,NA,NA,NA,NA,NA,Y,4,0,1,2,A,-,03,22350,NA,N,C,C,A,A,H,-,A,A,0,NA,NA,NA,NA,Y,NA,A,NA,0,0,1,0,0,0,0,0,0,-,-,NA,NA,LOS ANGELES,LONG BEACH,-118.18502044677734,33.818634033203125
9488213,2022,2022-08-17,1941,2022-06-24,1320,10549,NA,5,5,7,1941,0,0,0,NA,0,NA,DEL AMO BL,DAISY AV,0,NA,Y,A,-,N,NA,NA,NA,NA,NA,NA,NA,NA,NA,Y,4,0,1,2,A,-,08,22107,NA,N,D,C,A,A,H,-,A,A,0,NA,NA,NA,NA,Y,NA,A,NA,0,0,1,0,0,0,0,0,0,-,-,NA,NA,LOS ANGELES,LONG BEACH,-118.19918823242188,33.846588134765625
9488223,2022,2022-08-17,1972,2022-08-01,0010,15885,NA,1,5,6,1972,0,0,0,NA,0,NA,182ND,VAN NESS,130,W,N,A,-,N,NA,NA,NA,NA,NA,NA,NA,NA,NA,Y,3,0,1,4,A,-,08,22107,NA,N,C,C,A,A,H,-,C,D,0,NA,NA,NA,NA,Y,NA,A,NA,0,1,0,0,0,0,0,0,0,-,-,NA,NA,LOS ANGELES,TORRANCE,-118.31824493408205,33.86557388305664
9488225,2022,2022-08-19,1900,2022-07-17,0038,647475,0631,7,5,6,1985,0,0,0,NA,0,61T1,SOLEDAD CANYON RD,CANYON COUNTRY PARK,71,E,N,A,-,N,NA,NA,NA,NA,NA,NA,NA,NA,NA,Y,3,0,1,1,A,-,01,23152,A,N,E,I,A,A,H,-,C,D,0,NA,NA,NA,NA,Y,Y,A,01,0,1,0,0,0,0,0,0,0,-,-,34.41809844970703,-118.44042205810548,LOS ANGELES,SANTA CLARITA,-118.44050598144533,34.4181022644043
9488226,2022,2022-08-19,1900,2022-07-13,0852,629107,0621,3,5,6,1985,0,0,0,NA,0,62T1/D,VALENCIA BL,RT 5,0,NA,Y,A,-,N,NA,NA,NA,NA,NA,NA,NA,NA,NA,N,4,0,1,2,A,-,03,22350,NA,N,C,C,A,A,H,-,A,A,0,NA,NA,NA,NA,Y,NA,A,01,0,0,1,0,0,0,0,0,0,-,TO,34.408931732177734,-118.5747528076172,LOS ANGELES,SANTA CLARITA,-118.57643127441406,34.40819549560547
9488227,2022,2022-08-19,1900,2022-07-18,1419,632900,0617,1,5,6,1985,0,0,0,NA,0,91T1,SOLEDAD CANYON RD,RAINBOW GLEN DR,0,NA,Y,A,-,N,NA,NA,NA,NA,NA,NA,NA,NA,NA,N,3,0,1,2,A,-,05,21650,NA,N,D,G,A,A,H,-,A,A,0,NA,Y,NA,NA,Y,NA,L,04,0,1,0,0,0,0,1,0,0,-,-,34.42155838012695,-118.49018096923828,LOS ANGELES,SANTA CLARITA,-118.4902572631836,34.421607971191406
9488228,2022,2022-08-19,1900,2022-07-19,0540,652772,0642,2,5,6,1985,0,0,0,NA,0,62T1,NORTHPARK DR,TAMARINO WY,46,W,N,A,-,N,NA,NA,NA,NA,NA,NA,NA,NA,NA,Y,3,0,1,1,A,-,08,22107,NA,N,E,I,A,A,H,-,A,D,0,NA,NA,NA,NA,Y,NA,A,01,0,1,0,0,0,0,0,0,0,-,-,NA,NA,LOS ANGELES,SANTA CLARITA,-118.54598236083984,34.45149612426758
9488235,2022,2022-08-24,1942,2022-07-29,2140,33452,1313,5,5,7,1942,0,0,0,M,0,24T31,CENTRAL AV,WASHINGTON BL,98,N,N,A,-,N,NA,NA,NA,NA,NA,NA,NA,NA,NA,Y,4,0,1,3,A,-,01,23152,A,N,C,C,A,A,H,-,C,D,0,NA,NA,NA,NA,Y,Y,A,01,0,0,1,0,0,0,0,0,0,-,-,NA,NA,LOS ANGELES,LOS ANGELES,-118.2503662109375,34.024635314941406
9488236,2022,2022-09-12,1942,2022-07-28,0800,44626,0159,4,5,7,1942,0,0,0,A,0,1A29,MESQUIT ST,JESSE ST,500,S,N,A,-,N,NA,NA,NA,NA,NA,NA,NA,NA,NA,Y,2,0,1,1,A,-,03,22350,NA,N,A,E,A,A,H,-,C,D,0,NA,NA,NA,NA,Y,NA,A,01,1,0,0,0,0,0,0,0,0,-,-,NA,NA,LOS ANGELES,LOS ANGELES,-118.22908020019533,34.03508377075195
9488237,2022,2022-08-19,1942,2022-07-15,1725,43418,1204,5,5,7,1942,0,0,0,L,0,12X52,VERMONT AV,47TH ST,0,NA,Y,A,-,N,NA,NA,NA,NA,NA,NA,NA,NA,NA,N,2,0,1,2,A,-,03,22350,NA,N,A,C,A,A,H,-,A,D,0,NA,NA,Y,NA,Y,Y,-,-,1,0,0,0,0,0,0,0,1,-,-,NA,NA,LOS ANGELES,LOS ANGELES,-118.29154205322266,34.00053405761719
9488239,2022,2022-08-19,1942,2022-07-31,2115,44819,0246,7,5,7,1942,0,0,0,B,0,2A39,BONNIE BRAE ST,5TH ST,90,N,N,A,-,N,NA,NA,NA,NA,NA,NA,NA,NA,NA,N,3,0,1,2,A,-,04,21703,NA,F,C,G,A,A,H,-,C,D,0,NA,Y,NA,NA,Y,NA,A,01,0,1,0,0,0,0,1,0,0,-,-,NA,NA,LOS ANGELES,LOS ANGELES,-118.27174377441406,34.059566497802734
94882391,2025,2025-10-13,9565,2025-10-08,1830,023823,NA,3,2,9,1900,0,1,1,NA,2,061,I-405 SOUTHBOUND,CULVER BOULEVARD,100,S,N,A,-,Y,LA,NA,405,NA,NA,27.171,H,NA,L,N,4,0,1,2,A,-,03,22350,NA,N,C,C,A,A,H,-,D,D,0,NA,NA,NA,Y,Y,NA,F,27,0,0,1,0,0,0,0,0,0,-,-,34.002479553222656,-118.41098022460938,LOS ANGELES,UNINCORPORATED,-118.41091918945313,34.00251007080078
94882393,2025,2025-10-13,9565,2025-10-01,835,022057,NA,3,1,5,1965,0,1,1,NA,2,081,I-10 W/B,11TH STREET,600,E,N,A,-,Y,LA,NA,10,NA,R,2.549,H,NA,L,N,4,0,1,2,A,-,03,22350,NA,N,C,C,A,A,H,-,A,D,0,NA,NA,NA,NA,Y,NA,D,22,0,0,1,0,0,0,0,0,0,-,-,34.01860046386719,-118.48076629638672,LOS ANGELES,SANTA MONICA,-118.4807357788086,34.01857376098633
94882395,2025,2025-10-13,9565,2025-10-01,825,022057,NA,3,1,7,1942,0,1,1,NA,2,082,I-1- E/B (SANTA MONICA FREEWAY),CENTINELA AVE,800,W,N,A,-,Y,LA,NA,10,NA,R,4.299,H,NA,R,N,4,0,3,2,A,-,03,22350,NA,N,C,C,A,A,H,-,A,D,0,NA,NA,NA,NA,Y,NA,A,07,0,0,3,0,0,0,0,0,0,-,-,34.027610778808594,-118.45323944091795,LOS ANGELES,LOS ANGELES,-118.45323944091795,34.027618408203125
94882396,2025,2025-10-13,9565,2025-10-01,1000,022057,NA,3,1,7,1942,0,1,1,NA,2,081,I-10 W/B (SANTA MONICA FREEWAY),CLOVERFIELD BLVD,1500,E,N,A,-,Y,LA,NA,10,NA,R,3.686,H,NA,L,N,4,0,1,3,A,-,03,22350,NA,N,C,C,A,A,H,-,A,D,0,NA,NA,NA,NA,Y,NA,D,22,0,0,1,0,0,0,0,0,0,-,-,34.02616882324219,-118.46360778808594,LOS ANGELES,LOS ANGELES,-118.46359252929688,34.0261344909668
9488240,2022,2022-08-19,1942,2022-07-31,0930,40275,0269,7,5,7,1942,0,0,0,B,0,24TL25,UNION AV,8TH ST,85,N,N,D,-,N,NA,NA,NA,NA,NA,NA,NA,NA,NA,N,4,0,1,2,A,-,03,22350,NA,F,C,C,A,C,A,-,C,D,0,NA,NA,NA,NA,Y,NA,-,99,0,0,1,0,0,0,0,0,0,-,-,NA,NA,LOS ANGELES,LOS ANGELES,-118.27206420898438,34.05255126953125
94882419,2025,2025-10-13,9525,2025-10-11,1000,024135,NA,6,1,4,1946,0,1,1,NA,2,201,I-210 W/B (FOOTHILL FWY),MYRTLE AVE,422,E,N,A,-,Y,LA,NA,210,NA,R,34.363,H,NA,L,N,4,0,1,3,A,-,03,22350,NA,N,C,C,A,A,H,-,A,D,0,NA,NA,NA,NA,Y,NA,A,01,0,0,1,0,0,0,0,0,0,-,-,34.13566970825195,-117.99308776855467,LOS ANGELES,MONROVIA,-117.99308776855467,34.13556671142578
94882420,2025,2025-10-13,9575,2025-09-07,2020,024136,NA,7,2,7,1942,0,1,1,NA,2,061,I-210 W/B (FOOTHILL FREEWAY),LA TUNA CANYON ROAD,1500,E,N,A,-,Y,LA,NA,210,NA,R,14.569,H,NA,L,Y,3,0,1,2,A,-,03,22350,NA,F,C,C,A,A,H,-,C,D,0,NA,NA,NA,NA,Y,NA,A,01,0,1,0,0,0,0,0,0,0,-,-,34.234439849853516,-118.2842025756836,LOS ANGELES,LOS ANGELES,-118.28419494628906,34.23440933227539
94882424,2025,2025-10-13,9525,2025-10-10,915,024135,NA,5,1,4,1946,0,1,1,NA,2,201,I-210 W/B (FOOTHILL FWY),MYRTLE AVE,1320,E,N,A,-,Y,LA,NA,210,NA,R,34.316,H,NA,L,Y,4,0,1,3,A,-,03,22350,NA,N,C,C,A,A,H,-,A,D,0,NA,NA,NA,NA,Y,NA,A,01,0,0,1,0,0,0,0,0,0,-,-,34.13555145263672,-117.9939193725586,LOS ANGELES,MONROVIA,-117.9939193725586,34.13556671142578
94882426,2025,2025-10-13,9525,2025-10-02,950,024164,NA,4,1,9,1900,0,3,5,NA,2,004,AMAR RD,SUNSET AVE,0,NA,Y,A,-,N,NA,NA,NA,NA,NA,NA,NA,NA,NA,N,4,0,1,2,A,-,09,21801,A,N,A,C,A,A,H,-,A,A,0,NA,NA,NA,NA,Y,NA,A,01,0,0,1,0,0,0,0,0,0,-,-,34.04534149169922,-117.9631805419922,LOS ANGELES,UNINCORPORATED,-117.96314239501952,34.045345306396484
94882428,2025,2025-10-13,9525,2025-09-27,615,024439,NA,6,1,6,1955,0,1,1,NA,2,108,I-10 E/B TO SR-71 S/B,SR-57 S/B (ORANGE FWY),150,W,N,B,C,Y,LA,NA,10,NA,NA,42.406,H,NA,R,Y,4,0,1,1,A,-,01,23152,A,N,E,I,A,B,H,-,B,D,0,NA,NA,NA,NA,Y,Y,A,01,0,0,1,0,0,0,0,0,0,-,-,34.06475830078125,-117.80711364746094,LOS ANGELES,POMONA,-117.80716705322266,34.06486892700195
94882432,2025,2025-10-13,9525,2025-10-07,419,023416,NA,2,3,5,1990,0,1,3,NA,2,616,SR-60 E/B (POMONA FWY),SR-71 N/B (CHINO VALLEY FWY),1320,W,N,A,-,Y,LA,NA,60,NA,R,28.795,H,NA,R,N,3,0,1,1,A,-,03,22350,NA,N,E,J,A,A,C,-,C,D,0,NA,NA,Y,NA,Y,NA,C,02,0,1,0,0,0,0,0,0,1,-,-,34.02484130859375,-117.75788116455078,LOS ANGELES,DIAMOND BAR,-117.75788879394533,34.02478790283203
94882441,2025,2025-10-13,9525,2025-09-25,842,024526,NA,4,1,5,1926,0,1,1,NA,2,206,I-210 E/B (FOOTHILL FWY),SR-57 S/B (ORANGE FWY),3168,W,N,A,-,Y,LA,NA,210,NA,R,43.669,H,NA,R,N,4,0,1,2,A,-,07,21658,A,F,C,C,A,A,H,-,A,D,0,NA,NA,Y,NA,Y,NA,-,99,0,0,1,0,0,0,0,0,1,-,-,34.11967849731445,-117.83818817138672,LOS ANGELES,GLENDORA,-117.83824157714844,34.11977005004883
94882469,2025,2025-10-13,9535,2025-10-01,330,022335,NA,3,3,5,1947,0,1,3,NA,2,620,SR-60 (POMONA FREEWAY) E/B,SAN GABRIEL BLVD,1630,W,N,A,-,Y,LA,NA,60,NA,R,8.195,H,NA,R,N,4,0,1,2,A,-,03,22350,NA,F,C,C,A,A,H,-,D,D,0,NA,NA,NA,NA,Y,NA,-,99,0,0,1,0,0,0,0,0,0,-,-,34.0377082824707,-118.08583068847656,LOS ANGELES,MONTEBELLO,-118.08582305908205,34.03769302368164
94882476,2025,2025-10-13,9535,2025-10-01,530,023244,NA,3,3,9,1900,0,1,1,NA,2,070,I-710 N/B (LONG BEACH FREEWAY),3RD ST.,200,S,N,A,-,Y,LA,NA,710,NA,NA,24.409,H,NA,R,N,3,0,1,1,A,-,03,22350,NA,N,F,A,A,B,H,-,D,D,0,NA,NA,Y,NA,Y,NA,C,02,0,1,0,0,0,0,0,0,1,-,-,34.03245162963867,-118.17021942138672,LOS ANGELES,UNINCORPORATED,-118.17021942138672,34.03245162963867
94882477,2025,2025-10-13,9535,2025-10-01,613,023375,NA,3,1,9,1900,0,3,5,NA,2,002,HAY AVENUE (700 BLOCK),WHITTIER BLVD.,250,N,N,A,-,N,NA,NA,NA,NA,NA,NA,NA,NA,NA,N,4,0,1,3,A,-,08,22107,NA,N,A,E,A,A,H,-,A,D,0,NA,NA,NA,NA,Y,NA,A,07,0,0,1,0,0,0,0,0,0,-,-,34.01639175415039,-118.13439178466795,LOS ANGELES,UNINCORPORATED,-118.13436126708984,34.01627731323242
94882485,2025,2025-10-13,9545,2025-10-02,2150,023505,NA,4,2,9,1900,0,3,5,NA,2,004,PALMDALE BLVD,90TH ST E,25,W,N,A,-,N,NA,NA,NA,NA,NA,NA,NA,NA,NA,N,4,0,2,2,A,-,03,22350,NA,N,C,C,A,A,H,-,C,A,0,NA,NA,NA,NA,Y,NA,A,07,0,0,2,0,0,0,0,0,0,-,-,34.579681396484375,-117.9697036743164,LOS ANGELES,UNINCORPORATED,-117.96955108642578,34.57971954345703
9488264,2022,2022-08-16,1942,2022-07-30,1010,39048,NA,6,5,7,1942,0,0,0,NA,0,26TL18,DESMOND ST,TELFAIR AV,45,E,N,A,-,N,NA,NA,NA,NA,NA,NA,NA,NA,NA,Y,3,0,1,1,A,-,03,22350,NA,M,E,I,A,A,H,-,A,A,0,NA,NA,NA,NA,Y,NA,A,01,0,1,0,0,0,0,0,0,0,-,-,NA,NA,LOS ANGELES,LOS ANGELES,-118.4342803955078,34.27202224731445
94882860,2025,2025-10-13,9575,2025-09-26,1420,022336,NA,5,2,6,1925,0,1,3,NA,2,042,SR-134 E/B (VENTURA FREEWAY),WEST ROAD EDGE OF GENEVA ST.,30,E,N,A,-,Y,LA,NA,134,NA,R,7.6,H,NA,R,Y,3,0,1,2,A,-,01,23152,A,N,C,C,A,A,H,-,A,D,0,NA,NA,NA,NA,Y,Y,A,01,0,1,0,0,0,0,0,0,0,-,-,34.1562385559082,-118.24681854248048,LOS ANGELES,GLENDALE,-118.24681854248048,34.15629196166992
94882879,2025,2025-10-13,9575,2025-10-04,1545,024356,NA,6,2,7,1942,0,1,1,NA,2,053,I-5 N/B (GOLDEN STATE FREEWAY),VAN NUYS BLVD.,1500,S,N,A,-,Y,LA,NA,5,NA,NA,38.25,H,NA,R,N,4,0,1,3,A,-,03,22350,NA,M,C,C,A,A,H,-,A,D,0,NA,NA,NA,NA,Y,NA,A,01,0,0,1,0,0,0,0,0,0,-,-,34.253910064697266,-118.43177032470705,LOS ANGELES,LOS ANGELES,-118.431884765625,34.253822326660156
9488288,2022,2022-08-16,1920,2022-07-25,1625,13965,1920,1,5,6,1920,0,0,0,NA,0,005,LAKEWOOD BL,FLORENCE AV,22,S,N,A,-,N,NA,NA,NA,NA,NA,NA,NA,NA,NA,N,3,0,1,2,A,-,07,21658,A,N,E,I,A,A,H,-,A,A,0,NA,NA,NA,NA,Y,NA,A,01,0,1,0,0,0,0,0,0,0,-,-,NA,NA,LOS ANGELES,DOWNEY,-118.11717224121094,33.94739532470703
94882895,2025,2025-10-13,9430,2025-10-04,1227,022087,NA,6,1,9,1900,0,1,1,NA,2,051,I-5 N/B (GSF) TO GORMAN SCHOOL RD,GORMAN SCHOOL RD,590,S,N,A,-,Y,NA,NA,NA,NA,NA,NA,NA,NA,NA,Y,4,0,1,2,A,-,08,22107,NA,N,B,C,A,A,H,-,A,D,0,NA,NA,NA,Y,Y,NA,D,22,0,0,1,0,0,0,0,0,0,-,-,34.79526901245117,-118.85073852539064,LOS ANGELES,UNINCORPORATED,-118.85399627685548,34.795406341552734
94882896,2025,2025-10-13,9565,2025-10-01,1900,022646,NA,3,2,7,1942,0,1,1,NA,2,082,I-10 E/B,GATEWAY BOULEVARD,60,W,N,A,-,Y,LA,NA,10,NA,R,4.89,H,NA,R,N,4,0,2,2,A,-,03,22350,NA,N,C,C,A,A,H,-,D,D,0,NA,NA,NA,NA,Y,NA,A,08,0,0,2,0,0,0,0,0,0,-,-,34.02967834472656,-118.4432373046875,LOS ANGELES,LOS ANGELES,-118.4432373046875,34.02968215942383
94882902,2025,2025-10-13,9565,2025-10-01,1505,023735,NA,3,2,5,1928,0,1,1,NA,2,012,I-105 WESTBOUND,CRENSHAW BOULEVARD,300,E,N,A,-,Y,LA,NA,105,NA,R,5.077,H,NA,L,N,3,0,1,3,A,-,03,22350,NA,N,C,C,A,A,H,-,A,D,0,NA,NA,NA,NA,Y,NA,D,22,0,1,0,0,0,0,0,0,0,-,-,33.92572021484375,-118.32054138183594,LOS ANGELES,HAWTHORNE,-118.32054138183594,33.9256591796875
94882906,2025,2025-10-13,9565,2025-10-02,1900,023925,NA,4,2,9,1900,0,3,5,NA,2,004,LENNOX BLVD,FELTON AVE,0,NA,Y,A,-,N,NA,NA,NA,NA,NA,NA,NA,NA,NA,N,4,0,1,2,A,-,09,21802,A,N,D,C,A,A,H,-,C,A,0,NA,NA,NA,NA,Y,NA,A,01,0,0,1,0,0,0,0,0,0,-,-,33.93817138671875,-118.3656997680664,LOS ANGELES,UNINCORPORATED,-118.36571502685548,33.93817138671875
94882962,2025,2025-10-13,9550,2025-10-10,223,024389,NA,5,3,9,1900,0,1,1,NA,2,650,NORTHBOUND INTERSTATE 605,WASHINGTON BOULEVARD,792,S,N,A,-,Y,LA,NA,605,NA,R,11.876,H,NA,R,Y,3,0,3,3,A,-,01,23153,A,N,B,C,A,A,H,-,C,D,0,NA,NA,NA,NA,Y,Y,A,01,0,1,2,0,0,0,0,0,0,-,-,33.971370697021484,-118.08101654052734,LOS ANGELES,UNINCORPORATED,-118.08102416992188,33.971370697021484
9488297,2022,2022-08-16,1900,2022-07-26,1810,627368,292K5,2,5,5,1990,0,0,0,NA,0,292K5P,GRAND AV,LAVENDER DR,69,N,N,A,-,N,NA,NA,NA,NA,NA,NA,NA,NA,NA,Y,3,0,1,3,A,-,03,22350,NA,N,C,C,A,A,H,-,A,A,0,NA,NA,NA,NA,Y,NA,-,NA,0,1,0,0,0,0,0,0,0,-,-,34.00457000732422,-117.8194580078125,LOS ANGELES,DIAMOND BAR,-117.81981658935548,34.004638671875
9488298,2022,2022-08-16,1900,2022-07-20,0904,520671,2917,3,5,4,1974,0,0,0,NA,0,291T1,SHADOW OAK DR,VALLEY SPRINGS DR,0,NA,Y,A,-,N,NA,NA,NA,NA,NA,NA,NA,NA,NA,N,2,0,1,2,A,-,09,21801,A,N,D,G,A,A,H,-,A,D,0,NA,Y,NA,NA,Y,NA,A,01,1,0,0,0,0,0,1,0,0,-,-,34.021080017089844,-117.8888931274414,LOS ANGELES,WALNUT,-117.8888931274414,34.02098083496094
9488299,2022,2022-10-20,1941,2022-07-17,1612,11533,NA,7,5,7,1941,0,0,0,NA,0,NA,EAST PACIFIC COAST HWY,OUTER TRAFFIC CIR,0,NA,Y,A,-,N,NA,NA,NA,NA,NA,NA,NA,NA,NA,Y,4,0,2,2,A,-,04,21703,NA,N,A,C,A,A,H,-,A,D,0,NA,NA,Y,NA,Y,NA,C,NA,0,0,2,0,0,0,0,0,2,-,-,NA,NA,LOS ANGELES,LONG BEACH,-118.14431762695313,33.789852142333984
9488300,2022,2022-08-16,1941,2022-07-28,1212,10930,NA,4,5,7,1941,0,0,0,NA,0,NA,CHERRY AV,14TH ST,0,NA,Y,A,-,N,NA,NA,NA,NA,NA,NA,NA,NA,NA,Y,4,0,3,5,A,-,03,22350,NA,N,C,C,A,A,H,-,C,D,0,NA,NA,NA,NA,Y,NA,-,-,0,0,3,0,0,0,0,0,0,-,-,NA,NA,LOS ANGELES,LONG BEACH,-118.16767120361328,33.78440856933594
9488301,2022,2022-08-16,1942,2022-07-25,1610,38033,1651,1,5,7,1942,0,0,0,P,0,26TL77,OSBORNE ST,REMICK AV,10,E,N,A,-,N,NA,NA,NA,NA,NA,NA,NA,NA,NA,Y,3,0,1,2,A,-,01,23152,A,N,D,C,A,A,H,-,A,A,0,NA,NA,NA,NA,Y,NA,A,01,0,1,0,0,0,0,0,0,0,-,-,NA,NA,LOS ANGELES,LOS ANGELES,-118.4209442138672,34.245826721191406
9488303,2022,2022-08-16,1942,2022-07-24,1000,39154,07242,7,5,7,1942,0,0,0,G,0,26TL27,WENTWORTH ST,MOUNT GLEASON AV,622,E,N,A,-,N,NA,NA,NA,NA,NA,NA,NA,NA,NA,N,2,0,1,2,A,-,09,21801,A,N,D,G,A,A,H,-,A,D,0,NA,Y,NA,NA,Y,NA,A,01,1,0,0,0,0,0,1,0,0,-,-,NA,NA,LOS ANGELES,LOS ANGELES,-118.30063629150392,34.26689529418945