CASE_ID,ACCIDENT_YEAR,PROC_DATE,JURIS,COLLISION_DATE,COLLISION_TIME,OFFICER_ID,REPORTING_DISTRICT,DAY_OF_WEEK,CHP_SHIFT,POPULATION,CNTY_CITY_LOC,SPECIAL_COND,BEAT_TYPE,CHP_BEAT_TYPE,CITY_DIVISION_LAPD,CHP_BEAT_CLASS,BEAT_NUMBER,PRIMARY_RD,SECONDARY_RD,DISTANCE,DIRECTION,INTERSECTION,WEATHER_1,WEATHER_2,STATE_HWY_IND,CALTRANS_COUNTY,CALTRANS_DISTRICT,STATE_ROUTE,ROUTE_SUFFIX,POSTMILE_PREFIX,POSTMILE,LOCATION_TYPE,RAMP_INTERSECTION,SIDE_OF_HWY,TOW_AWAY,COLLISION_SEVERITY,NUMBER_KILLED,NUMBER_INJURED,PARTY_COUNT,PRIMARY_COLL_FACTOR,PCF_CODE_OF_VIOL,PCF_VIOL_CATEGORY,PCF_VIOLATION,PCF_VIOL_SUBSECTION,HIT_AND_RUN,TYPE_OF_COLLISION,MVIW,PED_ACTION,ROAD_SURFACE,ROAD_COND_1,ROAD_COND_2,LIGHTING,CONTROL_DEVICE,CHP_ROAD_TYPE,PEDESTRIAN_ACCIDENT,BICYCLE_ACCIDENT,MOTORCYCLE_ACCIDENT,TRUCK_ACCIDENT,NOT_PRIVATE_PROPERTY,ALCOHOL_INVOLVED,STWD_VEHTYPE_AT_FAULT,CHP_VEHTYPE_AT_FAULT,COUNT_SEVERE_INJ,COUNT_VISIBLE_INJ,COUNT_COMPLAINT_PAIN,COUNT_PED_KILLED,COUNT_PED_INJURED,COUNT_BICYCLIST_KILLED,COUNT_BICYCLIST_INJURED,COUNT_MC_KILLED,COUNT_MC_INJURED,PRIMARY_RAMP,SECONDARY_RAMP,LATITUDE,LONGITUDE,COUNTY,CITY,POINT_X,POINT_Y
9488709,2022,2022-09-01,1973,2022-06-11,0211,669,1973,6,5,1,1973,0,0,0,NA,0,002,S BOYLE AV,E 61ST ST,93,N,N,A,-,N,NA,NA,NA,NA,NA,NA,NA,NA,NA,Y,4,0,1,2,A,-,05,21651,A,F,B,C,A,A,H,-,C,D,0,NA,NA,NA,NA,Y,Y,D,22,0,0,1,0,0,0,0,0,0,-,-,NA,NA,LOS ANGELES,VERNON,-118.2126693725586,33.98554611206055
94887118,2025,2025-10-15,9530,2025-10-05,320,024409,NA,7,3,7,1942,0,1,1,NA,2,200,I-105 E/B (GLENN ANDERSON FWY),I-110,1162,E,N,A,-,Y,LA,NA,105,NA,R,7.659,H,NA,R,Y,4,0,1,1,A,-,08,22107,NA,N,E,I,A,A,H,-,D,D,0,NA,NA,NA,NA,Y,NA,A,01,0,0,1,0,0,0,0,0,0,-,-,33.928428649902344,-118.27603149414064,LOS ANGELES,LOS ANGELES,-118.27605438232422,33.928321838378906
94887155,2025,2025-10-15,9590,2025-10-14,17,021535,NA,2,3,7,1942,0,1,1,NA,2,013,SR-110 S/B (ARROYO SECO PARKWAY),MARMION WAY,400,N,N,B,C,Y,NA,NA,NA,NA,NA,NA,NA,NA,NA,N,3,0,1,1,A,-,08,22107,NA,N,E,I,A,B,H,-,C,D,0,NA,NA,NA,NA,Y,NA,A,01,0,1,0,0,0,0,0,0,0,-,-,38.59683990478515,-121.49004364013672,LOS ANGELES,LOS ANGELES,-118.17928314208984,34.11164855957031
94887161,2025,2025-10-15,9545,2025-10-07,1920,024677,NA,2,2,9,1900,0,3,5,NA,1,006,AVENUE M,55TH ST W,0,NA,Y,A,-,N,NA,NA,NA,NA,NA,NA,NA,NA,NA,N,4,0,1,2,A,-,09,21800,A,N,D,C,A,A,H,-,C,A,0,NA,NA,NA,NA,Y,NA,-,-,0,0,1,0,0,0,0,0,0,-,-,38.59683990478515,-121.49004364013672,LOS ANGELES,UNINCORPORATED,-118.2272720336914,34.645626068115234
9488717,2022,2022-09-01,1973,2022-06-09,0722,634,1973,4,5,1,1973,0,0,0,NA,0,003,LOS ANGELES RIVER ACCESS RD,SOUTH ATLANTIC BL,1742,W,N,A,-,N,NA,NA,NA,NA,NA,NA,NA,NA,NA,N,4,0,1,2,A,-,03,22350,NA,N,C,C,A,A,H,-,A,D,0,NA,Y,NA,Y,Y,Y,F,26,0,0,1,0,0,0,1,0,0,-,-,NA,NA,LOS ANGELES,VERNON,NA,NA
94887175,2025,2025-10-15,9590,2025-10-13,140,018529,NA,1,3,7,1942,0,1,1,NA,2,010,SR-110 N/B TO I-5 N/B,TUNNEL #4,350,N,N,A,-,Y,NA,NA,NA,NA,NA,NA,NA,NA,NA,N,3,0,1,1,A,-,08,22107,NA,N,E,I,A,A,H,-,C,D,0,NA,NA,NA,NA,Y,NA,A,01,0,1,0,0,0,0,0,0,0,-,-,34.08005905151367,-118.2272720336914,LOS ANGELES,LOS ANGELES,NA,NA
94887215,2025,2026-01-23,9545,2025-10-09,910,024623,NA,4,1,9,1900,0,1,3,NA,2,021,SR-14 S/B AEROSPACE HIGHWAY,RANCHO VISTA BLVD,1320,S,N,A,-,Y,LA,NA,14,NA,R,61.16,H,NA,L,Y,4,0,4,4,A,-,03,22350,NA,N,C,C,A,A,D,-,A,D,0,NA,NA,NA,NA,Y,NA,A,07,0,0,4,0,0,0,0,0,0,-,-,34.59931945800781,-118.13971710205078,LOS ANGELES,UNINCORPORATED,-118.13967895507813,34.599361419677734
94887310,2025,2025-10-15,9545,2025-10-11,2100,024391,NA,6,2,6,1992,0,1,3,NA,2,011,SR-14 N/B,AVENUE H,472,N,N,G,-,Y,LA,NA,14,NA,R,70.088,H,NA,R,Y,3,0,2,2,A,-,08,22107,NA,N,D,2,A,A,H,-,D,D,0,NA,NA,NA,NA,Y,NA,A,01,0,2,0,0,0,0,0,0,0,-,-,34.720149993896484,-118.17006683349608,LOS ANGELES,LANCASTER,-118.17000579833984,34.720149993896484
94887313,2025,2025-10-15,9580,2025-10-14,1002,022663,NA,2,1,7,1942,0,1,3,NA,2,171,SR-170 S/B (HOLLYWOOD FWY.),SHERMAN WAY,1056,N,N,C,-,Y,LA,NA,170,NA,R,18.56,H,NA,L,Y,3,0,1,1,A,-,03,22350,NA,N,E,I,A,B,H,-,A,D,0,NA,NA,NA,NA,Y,NA,A,07,0,1,0,0,0,0,0,0,0,-,-,34.204978942871094,-118.4055633544922,LOS ANGELES,LOS ANGELES,-118.40557861328124,34.20497512817383
9488732,2022,2022-09-12,1942,2022-07-06,1922,44884,1152,3,5,7,1942,0,0,0,K,0,11A71,FOUNTAIN AV,SUNSET AV,25,N,N,A,-,N,NA,NA,NA,NA,NA,NA,NA,NA,NA,N,3,0,1,2,A,-,-,NA,NA,N,A,G,A,A,H,-,A,D,0,NA,NA,Y,NA,Y,NA,C,03,0,1,0,0,0,0,0,0,1,-,-,NA,NA,LOS ANGELES,LOS ANGELES,-118.28411865234376,34.095821380615234
94887349,2025,2025-10-15,9530,2025-10-06,205,024130,NA,1,3,5,1977,0,1,1,NA,2,410,I-405 N/B (SAN DIEGO FREEWAY),MAIN ST.,505,S,N,A,-,Y,NA,NA,NA,NA,NA,NA,NA,NA,NA,Y,4,0,1,2,A,-,08,22107,NA,N,B,C,A,A,H,-,C,D,0,NA,NA,NA,NA,Y,NA,A,01,0,0,1,0,0,0,0,0,0,-,-,33.85343933105469,-118.2786865234375,LOS ANGELES,CARSON,-118.27904510498048,33.85242462158203
94887354,2025,2025-10-15,9535,2025-10-03,1010,024568,NA,5,1,9,1900,0,2,4,NA,2,024,WHITTIER BLVD. (4000 BLOCK),HERBERT AVENUE,10,W,N,A,-,N,NA,NA,NA,NA,NA,NA,NA,NA,NA,N,3,0,1,2,A,-,03,22350,NA,N,C,C,A,A,H,-,A,A,0,NA,NA,NA,NA,Y,NA,D,22,0,1,0,0,0,0,0,0,0,-,-,34.02391052246094,-118.18395233154295,LOS ANGELES,UNINCORPORATED,-118.18378448486328,34.023929595947266
94887359,2025,2025-10-15,9525,2025-06-14,2152,022689,NA,6,2,9,1900,0,2,4,NA,2,022,ARROW HIGHWAY (21200 BLOCK),STRAWBERRY LANE,121,E,N,A,-,N,NA,NA,NA,NA,NA,NA,NA,NA,NA,N,1,1,0,1,A,-,01,23152,A,N,E,I,A,A,H,-,C,D,0,NA,NA,Y,NA,Y,Y,C,02,0,0,0,0,0,0,0,1,0,-,-,34.1067008972168,-117.8411102294922,LOS ANGELES,UNINCORPORATED,-117.84116363525392,34.10675048828125
94887371,2025,2025-11-25,9545,2025-10-13,625,018058,NA,1,1,9,1900,0,3,5,NA,2,004,SMALL ROAD,PEARBLOSSOM HWY,0,NA,Y,A,-,N,NA,NA,NA,NA,NA,NA,NA,NA,NA,Y,3,0,3,2,A,-,09,21802,A,N,D,C,A,A,H,-,A,A,0,NA,NA,NA,NA,Y,NA,A,01,0,1,2,0,0,0,0,0,0,-,-,34.52885055541992,-118.09153747558594,LOS ANGELES,UNINCORPORATED,-118.09159088134766,34.52885055541992
9488739,2022,2022-08-26,1928,2022-07-22,1642,50384,506,5,5,5,1928,0,0,0,NA,0,503,PRAIRIE AV,142ND ST,12,N,N,A,-,N,NA,NA,NA,NA,NA,NA,NA,NA,NA,Y,4,0,2,2,A,-,09,21801,A,N,D,C,A,A,H,-,A,A,0,NA,NA,Y,NA,Y,NA,A,07,0,0,2,0,0,0,0,0,2,-,-,33.90304183959961,-118.34396362304688,LOS ANGELES,HAWTHORNE,-118.34385681152344,33.90302276611328
94887414,2025,2025-10-15,9565,2025-10-05,1800,024615,NA,7,2,6,1933,0,1,1,NA,2,060,I-405 N/B,MANCHESTER BLVD,700,S,N,A,-,Y,LA,NA,405,NA,NA,23.215,H,NA,R,N,4,0,3,2,A,-,03,22350,NA,N,C,C,A,A,H,-,A,D,0,NA,NA,NA,NA,Y,NA,A,01,0,0,3,0,0,0,0,0,0,-,-,33.95957946777344,-118.36920166015624,LOS ANGELES,INGLEWOOD,-118.36920928955078,33.95957946777344
94887446,2025,2025-10-15,9565,2025-10-02,1630,021512,NA,4,2,7,1942,0,1,1,NA,2,061,I-405 S/B,HOWARD HUGHES PKWY,150,N,N,A,-,Y,LA,NA,405,NA,NA,25.023,H,NA,L,N,4,0,1,2,A,-,03,22350,NA,N,C,C,A,A,H,-,A,D,0,NA,NA,NA,NA,Y,NA,A,07,0,0,1,0,0,0,0,0,0,-,-,33.977291107177734,-118.38916015625,LOS ANGELES,LOS ANGELES,-118.3891143798828,33.97735595703125
94887448,2024,2025-10-15,9590,2024-11-25,2130,018529,NA,1,2,7,1942,0,1,3,NA,2,095,STATE ROUTE 2 WESTBOUND (GLENDALE FREEWAY),WAWONA STREET PEDESTRIAN OVERCROSSING,18,W,N,A,-,Y,LA,NA,2,NA,R,17.522,H,NA,L,Y,1,1,1,3,A,-,01,23152,A,F,C,C,A,A,H,-,E,D,0,NA,NA,NA,NA,Y,Y,A,01,0,1,0,0,0,0,0,0,0,-,-,34.12831115722656,-118.22882843017578,LOS ANGELES,LOS ANGELES,-118.22877502441406,34.128318786621094
94887524,2025,2025-10-15,9550,2025-09-27,439,024558,NA,6,3,5,1919,0,1,3,NA,2,091,SR-91 WB TO I-605 NB,I-605,40,E,N,B,-,Y,LA,NA,605,NA,R,5.242,H,NA,R,N,4,0,1,1,A,-,08,22107,NA,N,H,I,A,A,H,-,D,D,0,NA,NA,NA,NA,Y,NA,A,07,0,0,1,0,0,0,0,0,0,-,-,33.8791618347168,-118.10305786132813,LOS ANGELES,CERRITOS,-118.1032485961914,33.879119873046875
94887552,2025,2025-10-15,9550,2025-07-27,2005,023732,NA,7,2,9,1900,0,3,5,NA,2,004,KWIS AVENUE,KENNARD STREET,0,NA,Y,A,-,N,NA,NA,NA,NA,NA,NA,NA,NA,NA,N,4,0,1,2,A,-,12,22450,A,N,D,G,A,A,H,-,A,D,0,NA,Y,NA,NA,Y,NA,L,04,0,0,1,0,0,0,1,0,0,-,-,34.001808166503906,-117.97313690185548,LOS ANGELES,UNINCORPORATED,-117.97321319580078,34.001792907714844
94887577,2025,2025-10-15,9535,2025-02-04,210,023635,NA,2,3,6,1922,0,1,1,NA,2,400,INTERSTATE 10 EASTBOUND (SAN BERNARDINO FREEWAY),DURFEE AVENUE,85,W,N,A,-,Y,LA,NA,10,NA,NA,30.504,H,NA,R,Y,1,1,1,2,A,-,11,21954,A,N,G,B,E,A,H,-,D,D,0,Y,NA,NA,NA,Y,NA,N,60,0,1,0,1,0,0,0,0,0,-,-,34.06438064575195,-118.01136779785156,LOS ANGELES,EL MONTE,-118.01136779785156,34.064395904541016
94887578,2025,2025-10-15,9530,2025-10-09,1015,023843,NA,4,1,9,1900,0,3,5,NA,2,001,COMPTON AVE.,90TH ST.,0,NA,Y,A,-,N,NA,NA,NA,NA,NA,NA,NA,NA,NA,N,3,0,1,2,A,-,12,22450,A,F,D,C,A,A,H,-,A,A,0,NA,NA,NA,NA,Y,NA,-,99,0,1,0,0,0,0,0,0,0,-,-,33.95521926879883,-118.24754333496094,LOS ANGELES,UNINCORPORATED,-118.24740600585938,33.95520782470703
94887593,2025,2025-10-15,9530,2025-09-16,113,024223,NA,2,3,9,1900,0,3,5,NA,2,001,HOOPER AVE.,77TH ST.,26,S,N,A,-,N,NA,NA,NA,NA,NA,NA,NA,NA,NA,Y,4,0,1,3,A,-,01,23152,A,N,C,E,A,A,H,-,C,D,0,NA,NA,NA,NA,Y,Y,A,01,0,0,1,0,0,0,0,0,0,-,-,33.969688415527344,-118.25209045410156,LOS ANGELES,UNINCORPORATED,-118.25202178955078,33.96970748901367
94887634,2025,2025-10-15,9590,2025-09-18,2355,023945,NA,4,3,7,1942,0,2,S,NA,2,901,20TH STREET WESTBOUND (1300 W. BLOCK),ARAPAHOE STREET (1900 S. BLOCK),210,W,N,B,-,N,NA,NA,NA,NA,NA,NA,NA,NA,NA,N,4,0,1,2,A,-,01,23152,A,N,A,C,A,A,H,-,C,D,0,NA,NA,NA,Y,Y,Y,A,01,0,0,1,0,0,0,0,0,0,-,-,34.03818130493164,-118.28562927246094,LOS ANGELES,LOS ANGELES,-118.2855224609375,34.03818130493164
94887640,2025,2025-10-15,9580,2025-10-11,1251,023395,NA,6,1,7,1942,0,1,1,NA,2,405,I-405 S/B (SAN DIEGO FWY),BURBANK BLVD,2640,S,N,A,-,Y,LA,NA,405,NA,NA,39.772,H,NA,L,N,4,0,1,2,A,-,03,22350,NA,N,C,C,A,A,H,-,A,D,0,NA,NA,NA,NA,Y,NA,A,01,0,0,1,0,0,0,0,0,0,-,-,34.165008544921875,-118.4697723388672,LOS ANGELES,LOS ANGELES,-118.46971130371094,34.16501235961914
94887645,2025,2025-10-15,9580,2025-10-11,1115,023395,NA,6,1,7,1942,0,1,1,NA,2,404,I-405 N/B (SAN DIEGO FWY),SHERMAN WAY,3168,S,N,A,-,Y,LA,NA,405,NA,NA,41.716,H,NA,R,N,4,0,2,2,A,-,03,22350,NA,N,C,C,A,A,H,-,A,D,0,NA,NA,NA,NA,Y,NA,A,07,0,0,2,0,0,0,0,0,0,-,-,34.19158935546875,-118.4740982055664,LOS ANGELES,LOS ANGELES,-118.4741439819336,34.19158935546875
94887647,2025,2025-10-15,9550,2025-10-03,1240,018187,NA,5,1,9,1900,0,3,5,NA,2,002,LAMBERT RD,COLIMA RD,500,E,N,B,-,N,NA,NA,NA,NA,NA,NA,NA,NA,NA,N,4,0,1,3,A,-,03,22350,NA,N,C,C,A,A,H,-,A,D,0,NA,NA,NA,NA,Y,NA,A,01,0,0,1,0,0,0,0,0,0,-,-,33.94139862060547,-118.01009368896484,LOS ANGELES,UNINCORPORATED,-118.01026916503906,33.941429138183594
94887660,2025,2025-10-15,9530,2025-10-06,1110,024491,NA,1,1,9,1900,0,3,5,NA,2,006,VERMONT AVENUE (24500 BLOCK),245TH STREET,260,S,N,A,-,N,NA,NA,NA,NA,NA,NA,NA,NA,NA,Y,3,0,3,3,A,-,00,23153,F,N,C,C,A,A,H,-,A,D,0,NA,NA,NA,NA,Y,NA,A,01,0,3,0,0,0,0,0,0,0,-,-,33.80168914794922,-118.29055786132813,LOS ANGELES,UNINCORPORATED,-118.29049682617188,33.80180740356445
94887696,2025,2025-10-15,9525,2025-10-09,1315,022770,NA,4,1,5,1906,0,1,1,NA,2,103,I-10 W/B (SAN BERNARDINO FWY),PUENTE AVE,1584,E,N,A,-,Y,LA,NA,10,NA,NA,33.656,H,NA,L,Y,4,0,2,4,A,-,03,22350,NA,N,C,C,A,A,H,-,A,D,0,NA,NA,NA,NA,Y,NA,A,07,0,0,2,0,0,0,0,0,0,-,-,34.0707893371582,-117.95693206787108,LOS ANGELES,BALDWIN PARK,-117.95693206787108,34.0708122253418
94887697,2025,2025-10-15,9590,2025-10-05,1218,024353,NA,7,1,7,1942,0,1,1,NA,2,064,I-10 E/B (SANTA MONICA FREEWAY),LAWRENCE STREET,200,W,N,A,-,Y,LA,NA,10,NA,NA,17.216,H,NA,R,N,4,0,3,2,A,-,07,21658,A,N,B,C,A,A,H,-,A,D,0,NA,NA,NA,NA,Y,NA,A,07,0,0,3,0,0,0,0,0,0,-,-,34.02519989013672,-118.23770141601564,LOS ANGELES,LOS ANGELES,-118.23770141601564,34.025203704833984
94887708,2025,2025-10-15,9590,2025-10-09,1559,019048,NA,4,2,7,1942,0,1,1,NA,2,085,I-5 SB,LOS FELIZ,1584,S,N,A,-,Y,LA,NA,5,NA,NA,24.736,H,NA,L,N,4,0,1,2,A,-,03,22350,NA,N,C,C,A,A,H,-,A,D,0,NA,NA,Y,NA,Y,NA,C,02,0,0,1,0,0,0,0,0,1,-,-,34.12620162963867,-118.2731475830078,LOS ANGELES,LOS ANGELES,-118.27330780029295,34.12616729736328
94887714,2025,2025-10-15,9565,2025-10-04,2055,024458,NA,6,2,9,1900,0,2,4,NA,2,031,LA CIENEGA BOULEVARD N/B,STOCKER STREET,5,S,N,A,-,N,NA,NA,NA,NA,NA,NA,NA,NA,NA,N,3,0,1,2,A,-,03,22350,NA,N,C,C,A,A,H,-,C,A,0,NA,NA,NA,NA,Y,NA,A,01,0,1,0,0,0,0,0,0,0,-,-,33.99797821044922,-118.3694076538086,LOS ANGELES,UNINCORPORATED,-118.3695831298828,33.9980354309082
94887735,2025,2025-10-15,9565,2025-10-04,1915,023564,NA,6,2,7,1942,0,1,1,NA,2,082,I-10 E/B,GATEWAY BOULEVARD,100,E,N,A,-,Y,LA,NA,10,NA,R,4.925,H,NA,R,Y,4,0,1,2,A,-,07,21658,A,N,B,C,A,A,H,-,C,D,0,NA,NA,NA,NA,Y,NA,A,08,0,0,1,0,0,0,0,0,0,-,-,34.02981185913086,-118.4426498413086,LOS ANGELES,LOS ANGELES,-118.4426498413086,34.02981185913086
94887758,2025,2025-10-15,9525,2025-09-30,1115,014593,NA,2,1,5,1990,0,1,3,NA,2,602,SR-60 E/B (POMONA FWY),GRAND AVE,4224,W,N,A,-,Y,LA,NA,60,NA,R,23.669,H,NA,R,Y,4,0,1,2,A,-,03,22350,NA,F,C,C,A,A,H,-,A,D,0,NA,NA,Y,NA,Y,NA,C,02,0,0,1,0,0,0,0,0,1,-,-,34.00218963623047,-117.8334503173828,LOS ANGELES,DIAMOND BAR,-117.83345794677734,34.00220489501953
94887759,2025,2025-10-15,9540,2025-09-29,218,023817,NA,1,3,6,1985,0,1,3,NA,1,143,SR-14 S/B,THE OLD RD,32,S,N,A,-,Y,LA,NA,14,NA,R,24.876,H,NA,L,Y,3,0,1,1,A,-,01,23152,A,N,E,8,A,A,H,-,C,D,0,NA,NA,NA,NA,Y,Y,A,01,0,1,0,0,0,0,0,0,0,-,-,34.33489990234375,-118.50852966308594,LOS ANGELES,SANTA CLARITA,-118.50843048095705,34.334896087646484
94887761,2025,2025-10-15,9550,2025-10-03,2255,024129,NA,5,3,1,1932,0,1,3,NA,2,602,SR-60 WB,FULLERTON RD.,30,E,N,A,-,Y,LA,NA,60,NA,NA,19.475,H,NA,L,Y,3,0,1,1,A,-,08,22107,NA,N,E,I,A,A,H,-,C,D,0,NA,NA,NA,NA,Y,NA,A,01,0,1,0,0,0,0,0,0,0,-,-,33.994388580322266,-117.9052276611328,LOS ANGELES,INDUSTRY,-117.9052276611328,33.994300842285156
94887774,2025,2025-10-15,9530,2025-09-17,1914,022978,NA,3,2,9,1900,0,3,5,NA,2,003,ATLANTIC AVENUE,SAN LUIS STREET,0,NA,Y,A,-,N,NA,NA,NA,NA,NA,NA,NA,NA,NA,Y,4,0,3,2,A,-,01,23152,A,M,D,4,A,A,H,-,C,A,0,NA,NA,NA,NA,Y,Y,A,07,0,0,3,0,0,0,0,0,0,-,-,33.89707946777344,-118.19345092773438,LOS ANGELES,UNINCORPORATED,-118.19348907470705,33.896995544433594
94887778,2025,2025-10-15,9550,2025-10-03,1920,024565,NA,5,2,9,1900,0,1,1,NA,2,650,I-605 NORTHBOUND,WASHINGTON BOULEVARD,855,S,N,A,-,Y,LA,NA,605,NA,R,11.902,H,NA,R,Y,4,0,1,4,A,-,03,22350,NA,N,C,C,A,A,H,-,D,D,0,NA,NA,NA,NA,Y,NA,A,01,0,0,1,0,0,0,0,0,0,-,-,33.97174072265625,-118.08094787597656,LOS ANGELES,UNINCORPORATED,-118.08086395263672,33.971710205078125
94887793,2025,2025-10-15,9530,2025-10-05,235,023654,NA,7,3,7,1941,0,1,1,NA,2,430,I-405 N/B TO LAKEWOOD BLVD.,LAKEWOOD BOULEVARD,700,S,N,A,-,Y,NA,NA,NA,NA,NA,NA,NA,NA,NA,Y,4,0,1,1,A,-,01,23152,A,N,E,I,A,A,H,-,C,D,0,NA,NA,NA,NA,Y,Y,A,01,0,0,1,0,0,0,0,0,0,-,-,33.80524826049805,-118.1401596069336,LOS ANGELES,LONG BEACH,-118.14060974121094,33.8050651550293
94887802,2025,2025-11-13,9535,2025-10-05,1305,024446,NA,7,1,9,1900,0,2,4,NA,2,021,FORD BOULEVARD (600 BLOCK),HUMPHREYS AVENUE,25,N,N,A,-,N,NA,NA,NA,NA,NA,NA,NA,NA,NA,N,4,0,2,2,A,-,06,21750,A,N,B,C,A,A,H,-,A,D,0,NA,NA,NA,NA,Y,NA,A,07,0,0,2,0,0,0,0,0,0,-,-,34.02634811401367,-118.17015075683594,LOS ANGELES,UNINCORPORATED,-118.17018127441406,34.026214599609375
94887835,2025,2025-10-15,9565,2025-10-06,1906,023171,NA,1,2,7,1942,0,1,1,NA,2,082,I-10 W/B,BUNDY DRIVE,1500,E,N,A,-,Y,LA,NA,10,NA,R,4.798,H,NA,L,N,4,0,1,2,A,-,03,22350,NA,N,C,C,A,A,H,-,C,D,0,NA,NA,NA,NA,Y,NA,A,07,0,0,1,0,0,0,0,0,0,-,-,34.02960968017578,-118.44486236572266,LOS ANGELES,LOS ANGELES,-118.44483947753906,34.029544830322266
94887892,2025,2025-10-15,9550,2025-08-08,2115,024058,NA,5,2,9,1900,0,1,3,NA,2,091,SR-91 EASTBOUND,BELLFLOWER BLVD,180,W,N,A,-,Y,LA,NA,91,NA,R,15.585,H,NA,R,Y,4,0,1,3,A,-,08,22107,NA,F,B,C,A,A,H,-,D,D,0,NA,NA,NA,NA,Y,NA,-,99,0,0,1,0,0,0,0,0,0,-,-,33.876129150390625,-118.12592315673828,LOS ANGELES,UNINCORPORATED,-118.12591552734376,33.87611389160156
94887897,2025,2025-10-15,9550,2025-10-04,1055,016761,NA,6,1,5,1919,0,1,3,NA,2,092,STATE ROUTE 91 E/B (ARTESIA FREEWAY),NORWALK BOULEVARD,1205,W,N,A,-,Y,LA,NA,91,NA,R,18.415,H,NA,R,Y,4,0,1,2,A,-,07,21658,A,N,B,C,A,A,H,-,A,D,0,NA,NA,NA,Y,Y,NA,F,25,0,0,1,0,0,0,0,0,0,-,-,33.87636947631836,-118.07684326171876,LOS ANGELES,CERRITOS,-118.07684326171876,33.87638854980469
94887898,2025,2025-10-15,9550,2025-10-02,1952,024058,NA,4,2,9,1900,0,3,5,NA,2,002,MULBERRY AVE,PAINTER AVE,248,W,N,A,-,N,NA,NA,NA,NA,NA,NA,NA,NA,NA,N,4,0,1,2,A,-,03,22350,NA,N,C,C,A,A,H,-,C,D,0,NA,NA,NA,NA,Y,NA,A,01,0,0,1,0,0,0,0,0,0,-,-,33.953941345214844,-118.04353332519533,LOS ANGELES,UNINCORPORATED,-118.04344940185548,33.95383071899414
94887901,2025,2025-11-13,9530,2025-10-06,630,023590,NA,1,1,4,1939,0,1,1,NA,2,400,I-405 S/B (SAN DIEGO FREEWAY),ARTESIA BLVD.,2400,N,N,A,-,Y,LA,NA,405,NA,NA,17.045,H,NA,L,N,4,0,1,2,C,-,18,NA,NA,M,E,J,A,A,H,-,A,D,0,NA,NA,NA,NA,Y,NA,-,-,0,0,1,0,0,0,0,0,0,-,-,33.878700256347656,-118.34654235839844,LOS ANGELES,LAWNDALE,-118.3464813232422,33.878726959228516
94887907,2025,2025-10-15,9550,2025-10-13,1745,022778,NA,1,2,7,1941,0,1,1,NA,2,653,INTERSTATE 605 NORTHBOUND,WARDLOW ROAD,1800,N,N,A,-,Y,LA,NA,605,NA,R,1.135,H,NA,R,Y,4,0,1,3,A,-,03,22350,NA,N,C,C,A,A,H,-,A,D,0,NA,NA,NA,NA,Y,NA,D,22,0,0,1,0,0,0,0,0,0,-,-,33.82271957397461,-118.08141326904295,LOS ANGELES,LONG BEACH,-118.08137512207033,33.822723388671875
94887930,2025,2025-10-15,9530,2025-10-06,915,024486,NA,1,1,7,1942,0,1,1,NA,2,110,I-110 S/B (HARBOR FREEWAY),111TH PL.,1003,N,N,A,-,Y,LA,NA,110,NA,NA,14.37,H,NA,L,Y,4,0,1,2,A,-,07,21658,A,N,C,C,A,A,H,-,A,D,0,NA,NA,NA,NA,Y,NA,A,01,0,0,1,0,0,0,0,0,0,-,-,33.93669128417969,-118.28034973144533,LOS ANGELES,LOS ANGELES,-118.28019714355467,33.93668746948242
94887939,2025,2025-10-15,9590,2025-10-03,2120,023894,NA,5,2,7,1942,0,1,1,NA,2,064,I-10 E/B (SANTA MONICA FREEWAY) TO SR-60 E/B (POMO,LOS ANGELES RIVER,65,W,N,A,-,Y,LA,NA,10,NA,NA,17.922,H,NA,R,Y,4,0,1,1,A,-,08,22107,NA,N,E,I,A,A,H,-,C,D,0,NA,NA,NA,NA,Y,NA,A,01,0,0,1,0,0,0,0,0,0,-,-,34.02901840209961,-118.22637939453124,LOS ANGELES,LOS ANGELES,-118.22639465332033,34.02906036376953
94887941,2025,2025-10-15,9565,2025-10-07,1840,024200,NA,2,2,6,1933,0,1,1,NA,2,060,INTERSTATE 405 N/B,CENTURY BOULEVARD,1118,N,N,A,-,Y,LA,NA,405,NA,NA,22.463,H,NA,R,N,3,0,1,2,A,-,07,21658,A,N,C,C,A,A,H,-,D,D,0,NA,NA,NA,NA,Y,NA,A,01,0,1,0,0,0,0,0,0,0,-,-,33.94873809814453,-118.36830902099608,LOS ANGELES,INGLEWOOD,-118.36837005615234,33.948734283447266