CASE_ID,ACCIDENT_YEAR,PROC_DATE,JURIS,COLLISION_DATE,COLLISION_TIME,OFFICER_ID,REPORTING_DISTRICT,DAY_OF_WEEK,CHP_SHIFT,POPULATION,CNTY_CITY_LOC,SPECIAL_COND,BEAT_TYPE,CHP_BEAT_TYPE,CITY_DIVISION_LAPD,CHP_BEAT_CLASS,BEAT_NUMBER,PRIMARY_RD,SECONDARY_RD,DISTANCE,DIRECTION,INTERSECTION,WEATHER_1,WEATHER_2,STATE_HWY_IND,CALTRANS_COUNTY,CALTRANS_DISTRICT,STATE_ROUTE,ROUTE_SUFFIX,POSTMILE_PREFIX,POSTMILE,LOCATION_TYPE,RAMP_INTERSECTION,SIDE_OF_HWY,TOW_AWAY,COLLISION_SEVERITY,NUMBER_KILLED,NUMBER_INJURED,PARTY_COUNT,PRIMARY_COLL_FACTOR,PCF_CODE_OF_VIOL,PCF_VIOL_CATEGORY,PCF_VIOLATION,PCF_VIOL_SUBSECTION,HIT_AND_RUN,TYPE_OF_COLLISION,MVIW,PED_ACTION,ROAD_SURFACE,ROAD_COND_1,ROAD_COND_2,LIGHTING,CONTROL_DEVICE,CHP_ROAD_TYPE,PEDESTRIAN_ACCIDENT,BICYCLE_ACCIDENT,MOTORCYCLE_ACCIDENT,TRUCK_ACCIDENT,NOT_PRIVATE_PROPERTY,ALCOHOL_INVOLVED,STWD_VEHTYPE_AT_FAULT,CHP_VEHTYPE_AT_FAULT,COUNT_SEVERE_INJ,COUNT_VISIBLE_INJ,COUNT_COMPLAINT_PAIN,COUNT_PED_KILLED,COUNT_PED_INJURED,COUNT_BICYCLIST_KILLED,COUNT_BICYCLIST_INJURED,COUNT_MC_KILLED,COUNT_MC_INJURED,PRIMARY_RAMP,SECONDARY_RAMP,LATITUDE,LONGITUDE,COUNTY,CITY,POINT_X,POINT_Y
94887990,2025,2025-10-15,9565,2025-10-07,1840,024161,NA,2,2,9,1900,0,3,5,NA,2,004,AVIATION BOULEVARD,120TH STREET,0,NA,Y,A,-,N,NA,NA,NA,NA,NA,NA,NA,NA,NA,N,3,0,1,2,A,-,09,21801,A,N,D,C,A,A,H,-,C,A,0,NA,NA,NA,NA,Y,NA,A,01,0,1,0,0,0,0,0,0,0,-,-,33.92362976074219,-118.37831115722656,LOS ANGELES,UNINCORPORATED,-118.37843322753906,33.92361831665039
94887996,2025,2025-10-15,9550,2025-10-05,1308,016761,NA,7,1,6,1949,0,1,1,NA,2,651,I-605 N/B (SAN GABRIEL RIVER FREEWAY),ROSECRANS AVENUE,1725,S,N,A,-,Y,LA,NA,605,NA,R,6.494,H,NA,R,Y,4,0,3,6,A,-,03,22350,NA,N,C,C,A,A,H,-,A,D,0,NA,NA,NA,NA,Y,Y,A,07,0,0,3,0,0,0,0,0,0,-,-,33.89714813232422,-118.104736328125,LOS ANGELES,NORWALK,-118.1046905517578,33.897151947021484
94888001,2024,2025-10-15,9535,2024-05-19,1535,023450,NA,7,2,3,1914,0,1,1,NA,2,072,INTERSTATE 710 (LONG BEACH FREEWAY) NORTHBOUND TO,INTERSTATE 5,15,N,N,A,-,Y,LA,NA,5,NA,NA,13.768,H,NA,L,Y,1,1,1,2,A,-,01,23152,A,N,C,2,A,A,H,-,A,D,0,NA,NA,NA,NA,Y,Y,D,22,1,0,0,0,0,0,0,0,0,-,-,34.01601028442383,-118.17285919189452,LOS ANGELES,COMMERCE,-118.17292785644533,34.01591873168945
94888006,2025,2025-10-15,9550,2025-10-05,945,022597,NA,7,1,9,1900,0,2,4,NA,1,022,LEFFINGWELL ROAD,MEYER ROAD,0,NA,Y,A,-,N,NA,NA,NA,NA,NA,NA,NA,NA,NA,Y,4,0,1,2,A,-,09,21801,A,N,A,2,A,A,H,-,A,A,0,NA,NA,NA,NA,Y,NA,A,01,0,0,1,0,0,0,0,0,0,-,-,33.920841217041016,-118.03780364990234,LOS ANGELES,UNINCORPORATED,-118.03800964355467,33.920875549316406
94888007,2025,2025-10-15,9590,2025-10-14,233,023892,NA,2,3,7,1942,0,1,2,NA,2,072,US-101 N/B (HOLLYWOOD FREEWAY),BARHAM BOULEVARD,1214,S,N,C,-,Y,LA,NA,101,NA,NA,8.983,H,NA,R,Y,4,0,2,3,A,-,03,22350,NA,N,C,C,A,B,H,-,C,D,0,NA,NA,NA,NA,Y,NA,A,07,0,0,2,0,0,0,0,0,0,-,-,34.12604904174805,-118.34445190429688,LOS ANGELES,LOS ANGELES,-118.34439086914064,34.126075744628906
94888021,2025,2025-10-15,9525,2025-10-07,1940,022609,NA,2,2,5,1990,0,1,3,NA,2,602,SR-60 E/B (POMONA FWY),LEMON AVE,2112,E,N,A,-,Y,LA,NA,60,NA,R,22.77,H,NA,R,Y,3,0,1,2,A,-,08,22107,NA,N,B,C,A,A,H,-,A,D,0,NA,NA,Y,NA,Y,NA,C,02,0,1,0,0,0,0,0,0,1,-,-,33.99980163574219,-117.84847259521484,LOS ANGELES,DIAMOND BAR,-117.84845733642578,33.99974822998047
94888044,2025,2025-10-15,9525,2025-10-08,828,024618,NA,3,1,3,1921,0,1,1,NA,2,212,I-210 E/B (FOOTHILL FWY),I-605 S/B (SAN GABRIEL RIVER FWY),50,W,N,B,-,Y,LA,NA,210,NA,R,36.369,H,NA,R,Y,4,0,3,2,A,-,07,21658,A,N,B,C,A,A,H,-,A,D,0,NA,NA,NA,NA,Y,NA,A,07,0,0,3,0,0,0,0,0,0,-,-,34.134498596191406,-117.95831298828124,LOS ANGELES,DUARTE,-117.95834350585938,34.13441848754883
94888053,2025,2025-10-15,9575,2025-09-04,1652,024359,NA,4,2,9,1900,0,1,3,NA,2,300,SR-2 (ANGELES CREST HIGHWAY),MPM 31.76,19,W,N,A,-,Y,LA,NA,2,NA,NA,31.754,H,NA,R,N,2,0,1,2,A,-,05,21460,A,N,A,2,A,A,H,-,A,D,0,NA,NA,Y,NA,Y,NA,A,07,1,0,0,0,0,0,0,0,1,-,-,34.264949798583984,-118.1815185546875,LOS ANGELES,UNINCORPORATED,-118.18152618408205,34.26493453979492
94888063,2025,2025-10-15,9565,2025-10-07,1048,022576,NA,2,1,7,1942,0,1,1,NA,2,064,I-405 S/B,GETTY CENTER DR,300,N,N,B,-,Y,LA,NA,405,NA,NA,34.283,H,NA,L,Y,3,0,2,4,A,-,03,22350,NA,N,C,C,A,A,H,-,A,D,0,NA,NA,NA,NA,Y,NA,A,01,0,1,1,0,0,0,0,0,0,-,-,34.08951950073242,-118.4755630493164,LOS ANGELES,LOS ANGELES,-118.47561645507813,34.089515686035156
94888078,2025,2025-10-15,9565,2025-10-07,925,022857,NA,2,1,7,1942,0,1,1,NA,2,012,I-105 W/B,NASH ST,400,W,N,B,-,Y,LA,NA,105,NA,R,0.872,H,NA,L,Y,4,0,1,2,A,-,03,22350,NA,N,C,C,A,A,H,-,A,D,0,NA,NA,NA,NA,Y,NA,A,01,0,0,1,0,0,0,0,0,0,-,-,33.931419372558594,-118.38968658447266,LOS ANGELES,LOS ANGELES,-118.3896942138672,33.93140411376953
94888110,2025,2025-10-15,9550,2025-10-05,1825,023609,NA,7,2,5,1935,0,1,1,NA,2,652,I-605 NORTHBOUND,CARSON STREET,275,N,N,A,-,Y,LA,NA,605,NA,R,1.862,H,NA,R,Y,4,0,1,2,A,-,08,22107,NA,N,E,8,A,A,H,-,A,D,0,NA,NA,NA,NA,Y,NA,A,01,0,0,1,0,0,0,0,0,0,-,-,33.83277130126953,-118.08477020263672,LOS ANGELES,LAKEWOOD,-118.08470153808594,33.83279800415039
94888127,2025,2025-10-15,9530,2025-10-04,1310,024052,NA,6,1,9,1900,0,3,5,NA,2,001,ALAMEDA ST.,NADEAU ST.,1000,N,N,A,-,N,NA,NA,NA,NA,NA,NA,NA,NA,NA,N,4,0,1,2,A,-,09,21804,A,N,D,C,A,A,H,-,A,D,0,NA,NA,NA,NA,Y,NA,D,22,0,0,1,0,0,0,0,0,0,-,-,33.9704704284668,-118.23391723632813,LOS ANGELES,UNINCORPORATED,-118.23383331298828,33.97014236450195
94888162,2025,2025-11-13,9580,2025-10-09,800,020800,NA,4,1,3,1994,0,1,2,NA,2,108,US-101 S/B (VENTURA FREEWAY),KANAN RD,3168,W,N,A,-,Y,LA,NA,101,NA,NA,34.418,H,NA,R,Y,4,0,1,3,A,-,03,22350,NA,N,C,C,A,A,H,-,A,D,0,NA,NA,NA,NA,Y,NA,A,07,0,0,1,0,0,0,0,0,0,-,-,34.144569396972656,-118.75057983398438,LOS ANGELES,AGOURA HILLS,-118.75059509277344,34.144508361816406
9488825,2022,2022-08-22,1900,2022-05-26,1510,635387,2112,4,5,5,1943,0,0,0,NA,0,212T3,IMPERIAL HWY,MALLISON AV,0,NA,Y,A,-,N,NA,NA,NA,NA,NA,NA,NA,NA,NA,Y,2,0,3,2,A,-,09,21802,B,N,D,C,A,A,H,-,A,A,0,NA,NA,NA,NA,Y,NA,A,01,1,1,1,0,0,0,0,0,0,-,-,NA,NA,LOS ANGELES,LYNWOOD,-118.19995880126952,33.932106018066406
94888255,2025,2025-10-15,9580,2025-06-14,925,016413,NA,6,1,9,1900,0,3,5,NA,1,020,STUNT ROAD,MULHOLLAND HIGHWAY,7498,S,N,A,-,N,NA,NA,NA,NA,NA,NA,NA,NA,NA,N,1,1,0,2,A,-,05,21460,A,N,H,G,A,A,H,-,A,D,0,NA,Y,NA,NA,Y,NA,-,-,0,0,0,0,0,1,0,0,0,-,-,34.09300994873047,-118.6499481201172,LOS ANGELES,UNINCORPORATED,-118.65049743652344,34.09320068359375
94888280,2025,2025-10-15,9535,2025-09-19,2138,023941,NA,5,2,5,1952,0,1,1,NA,2,105,I-105 W/B (CENTURY FREEWAY),I-710 (LONG BEACH FREEWAY),250,E,N,A,-,Y,LA,NA,105,NA,R,13.524,H,NA,L,N,4,0,1,2,A,-,03,22350,NA,N,C,C,A,A,H,-,D,D,0,NA,NA,NA,NA,Y,NA,D,22,0,0,1,0,0,0,0,0,0,-,-,33.91278076171875,-118.17902374267578,LOS ANGELES,PARAMOUNT,-118.17905426025392,33.9127197265625
94888287,2025,2025-10-15,9550,2025-10-03,1345,020014,NA,5,1,6,1920,0,1,1,NA,2,150,INTERSTATE 105 WB,LAKEWOOD BOULEVARD,1584,E,N,A,-,Y,LA,NA,105,NA,R,16.045,H,NA,L,Y,4,0,1,3,A,-,03,22350,NA,N,C,C,A,A,H,-,A,D,0,NA,NA,NA,NA,Y,NA,A,08,0,0,1,0,0,0,0,0,0,-,-,33.913230895996094,-118.1357192993164,LOS ANGELES,DOWNEY,-118.1357192993164,33.91324234008789
94888293,2025,2025-11-13,9575,2025-10-06,515,021795,NA,1,3,9,1900,0,1,3,NA,2,300,SR-2 W/B (ANGELES CREST HIGHWAY),MILE POST MARKER 30.34,100,E,N,A,-,Y,LA,NA,2,NA,NA,30.327,H,NA,L,N,4,0,1,2,A,-,03,22350,NA,N,C,C,A,A,H,-,D,D,0,NA,NA,NA,NA,Y,NA,A,07,0,0,1,0,0,0,0,0,0,-,-,34.258419036865234,-118.19432830810548,LOS ANGELES,UNINCORPORATED,-118.19430541992188,34.2584342956543
94888317,2025,2025-10-16,9550,2025-07-18,1900,024296,NA,5,2,9,1900,0,3,5,NA,2,002,13141 SUNSHINE AVENUE,SUNSHINE AVENUE,65,N,N,A,-,N,NA,NA,NA,NA,NA,NA,NA,NA,NA,N,1,1,0,2,B,-,22,NA,NA,N,G,B,F,A,H,-,A,D,0,Y,NA,NA,NA,Y,NA,A,07,0,0,0,1,0,0,0,0,0,-,-,33.92115020751953,-118.0515365600586,LOS ANGELES,UNINCORPORATED,NA,NA
94888319,2025,2025-10-16,9575,2025-09-26,2035,024359,NA,5,2,6,1912,0,1,1,NA,2,051,I-5 S/B (GOLDEN STATE FREEWAY),ALLEN AVENUE,216,N,N,A,-,Y,LA,NA,5,NA,NA,28.195,H,NA,L,Y,4,0,1,2,A,-,08,22107,NA,N,D,2,A,A,H,-,C,D,0,NA,NA,NA,NA,Y,NA,A,01,0,0,1,0,0,0,0,0,0,-,-,34.16788101196289,-118.3010711669922,LOS ANGELES,BURBANK,-118.30112457275392,34.16782760620117
94888334,2025,2025-10-16,9550,2025-09-30,1055,020025,NA,2,1,9,1900,0,1,3,NA,2,601,SR-60 WB,AZUSA AVE,820,E,N,A,-,Y,LA,NA,60,NA,NA,18.141,H,NA,L,Y,3,0,2,4,A,-,03,22350,NA,N,C,C,A,A,H,-,A,D,0,NA,NA,NA,NA,Y,NA,D,22,0,1,1,0,0,0,0,0,0,-,-,33.99663162231445,-117.92828369140624,LOS ANGELES,UNINCORPORATED,-117.9282684326172,33.99668884277344
94888335,2025,2025-10-16,9550,2025-10-03,2005,024062,NA,5,2,9,1900,0,1,1,NA,2,650,INTERSTATE 605 SB TO INTERSTATE 5 SB,INTERSTATE 5,581,N,N,A,-,Y,NA,NA,NA,NA,NA,NA,NA,NA,NA,N,4,0,1,2,A,-,07,21658,A,N,C,C,A,A,H,-,D,D,0,NA,NA,NA,NA,Y,NA,A,01,0,0,1,0,0,0,0,0,0,-,-,33.943790435791016,-118.09615325927734,LOS ANGELES,UNINCORPORATED,-118.09597778320313,33.942657470703125
94888349,2025,2025-10-16,9550,2025-10-03,1715,024565,NA,5,2,9,1900,0,1,1,NA,2,651,I-605 NORTHBOUND,FLORENCE AVENUE,375,N,N,A,-,Y,LA,NA,605,NA,R,9.452,H,NA,R,Y,3,0,1,2,A,-,08,22107,NA,N,B,C,A,A,H,-,A,D,0,NA,NA,Y,NA,Y,NA,A,07,0,1,0,0,0,0,0,0,1,-,-,33.939090728759766,-118.09767150878906,LOS ANGELES,UNINCORPORATED,-118.09762573242188,33.9390754699707
9488835,2022,2022-08-22,1942,2022-07-21,0140,37509,0218,4,5,7,1942,0,0,0,B,0,2A45W3,ECHO PARK AV,BELLEVUE,0,NA,Y,A,-,N,NA,NA,NA,NA,NA,NA,NA,NA,NA,Y,3,0,1,1,A,-,08,22107,NA,N,A,I,A,A,H,-,C,A,0,NA,NA,NA,NA,Y,NA,A,07,0,1,0,0,0,0,0,0,0,-,-,NA,NA,LOS ANGELES,LOS ANGELES,-118.25955200195313,34.06983184814453
94888353,2025,2025-10-16,9550,2025-08-18,1810,024296,NA,1,2,9,1900,0,1,3,NA,2,601,SR-60 EASTBOUND,HACIENDA BOULEVARD,2600,E,N,A,-,Y,LA,NA,60,NA,NA,16.463,H,NA,R,N,4,0,1,2,A,-,01,23152,A,N,C,C,A,A,H,-,A,D,0,NA,NA,NA,NA,Y,Y,A,07,0,0,1,0,0,0,0,0,0,-,-,34.00419998168945,-117.95597076416016,LOS ANGELES,UNINCORPORATED,-117.95595550537108,34.00422668457031
94888355,2025,2025-10-16,9525,2025-10-11,950,024154,NA,6,1,4,1946,0,1,1,NA,2,201,I-210 W/B (FOOTHILL FWY),MOUNTAIN AVE,323,W,N,A,-,Y,LA,NA,210,NA,R,34.685,H,NA,L,Y,4,0,1,1,A,-,03,22350,NA,N,E,I,A,A,H,-,A,D,0,NA,NA,NA,NA,Y,NA,D,22,0,0,1,0,0,0,0,0,0,-,-,34.13566970825195,-117.98748779296876,LOS ANGELES,MONROVIA,-117.98748779296876,34.13554000854492
9488839,2022,2022-08-22,1955,2022-06-15,1455,40624,73,3,5,6,1955,0,0,0,NA,0,003,HOLT AV,TOWNE AV,40,W,N,A,-,N,NA,NA,NA,NA,NA,NA,NA,NA,NA,N,4,0,1,2,A,-,03,22350,NA,F,C,C,A,A,H,-,A,A,0,NA,NA,NA,NA,Y,NA,A,01,0,0,1,0,0,0,0,0,0,-,-,34.06258010864258,-117.7415771484375,LOS ANGELES,POMONA,-117.74171447753906,34.06257629394531
94888398,2025,2025-10-16,9535,2025-10-06,1640,024194,NA,1,2,9,1900,0,1,1,NA,2,650,I-605 N/B (SAN GABRIEL RIVER FREEWAY),VALLEY BLVD,2350,S,N,A,-,Y,LA,NA,605,NA,R,18.96,H,NA,R,N,4,0,1,2,A,-,08,22107,NA,N,B,C,A,A,H,-,A,D,0,NA,NA,Y,NA,Y,NA,A,01,0,0,1,0,0,0,0,0,1,-,-,34.048370361328125,-118.00756072998048,LOS ANGELES,UNINCORPORATED,-118.00748443603516,34.04833984375
9488841,2022,2022-08-22,1973,2022-06-29,1654,660,1973,3,5,1,1973,0,0,0,NA,0,003,SOUTH ATLANTIC BL,BANDINI BL,557,N,N,A,-,N,NA,NA,NA,NA,NA,NA,NA,NA,NA,Y,4,0,1,2,A,-,03,22350,NA,F,C,C,A,A,H,-,A,A,0,NA,NA,NA,NA,Y,NA,A,01,0,0,1,0,0,0,0,0,0,-,-,NA,NA,LOS ANGELES,VERNON,-118.17388916015624,33.99913787841797
9488842,2022,2022-08-22,1955,2022-06-17,1645,42686,0097,5,5,6,1955,0,0,0,NA,0,004,MISSION BL,LA MESA ST,84,E,N,A,-,N,NA,NA,NA,NA,NA,NA,NA,NA,NA,N,4,0,1,2,A,-,08,22107,NA,F,B,E,A,A,H,-,A,A,0,NA,NA,NA,NA,Y,NA,A,01,0,0,1,0,0,0,0,0,0,-,-,34.05561828613281,-117.73475646972656,LOS ANGELES,POMONA,-117.73451995849608,34.055503845214844
9488843,2022,2022-08-22,1973,2022-06-13,1241,656,1973,1,5,1,1973,0,0,0,NA,0,001,S ALAMEDA ST,E 38TH ST,28,S,N,A,-,N,NA,NA,NA,NA,NA,NA,NA,NA,NA,Y,3,0,2,2,A,-,03,22350,NA,N,C,C,A,A,H,-,A,D,0,NA,NA,NA,NA,Y,NA,A,01,0,1,1,0,0,0,0,0,0,-,-,NA,NA,LOS ANGELES,VERNON,-118.2393035888672,34.0079345703125
9488844,2022,2022-08-22,1973,2022-06-23,1014,667,1973,4,5,1,1973,0,0,0,NA,0,002,EAST WASHINGTON BL,S DOWNEY RD,64,E,N,A,-,N,NA,NA,NA,NA,NA,NA,NA,NA,NA,N,4,0,2,2,A,-,05,21651,A,N,D,C,A,A,H,-,A,A,0,NA,NA,NA,NA,Y,NA,A,01,0,0,2,0,0,0,0,0,0,-,-,NA,NA,LOS ANGELES,VERNON,-118.20741271972656,34.01387023925781
9488845,2022,2022-09-02,1973,2022-06-04,0639,646,1973,6,5,1,1973,0,0,0,NA,0,003,SOUTH ATLANTIC BL,BANDINI BL,34,S,N,B,-,N,NA,NA,NA,NA,NA,NA,NA,NA,NA,N,3,0,2,2,A,-,03,22350,NA,N,C,C,A,A,H,-,A,A,0,NA,NA,NA,NA,Y,NA,-,NA,0,2,0,0,0,0,0,0,0,-,-,NA,NA,LOS ANGELES,VERNON,-118.1755599975586,33.9983024597168
9488859,2022,2022-08-22,1973,2022-04-01,1223,646,1973,5,5,1,1973,0,0,0,NA,0,002,DISTRICT BL,S DOWNEY RD,173,E,N,A,-,N,NA,NA,NA,NA,NA,NA,NA,NA,NA,Y,4,0,1,2,A,-,03,22350,NA,N,C,C,A,A,H,-,A,A,0,NA,NA,NA,NA,Y,NA,-,NA,0,0,1,0,0,0,0,0,0,-,-,NA,NA,LOS ANGELES,VERNON,-118.20418548583984,34.00046157836914
9488860,2022,2022-08-22,1973,2022-04-11,1723,655,1973,1,5,1,1973,0,0,0,NA,0,002,E SLAUSON AV,ALCOA AV,458,E,N,A,-,N,NA,NA,NA,NA,NA,NA,NA,NA,NA,N,4,0,1,2,A,-,03,22350,NA,N,C,C,A,A,H,-,A,D,0,NA,NA,NA,NA,Y,NA,A,07,0,0,1,0,0,0,0,0,0,-,-,NA,NA,LOS ANGELES,VERNON,-118.20693206787108,33.98918151855469
9488861,2022,2022-08-22,1973,2022-04-23,1234,669,1973,6,5,1,1973,0,0,0,NA,0,002,LEONIS BL,S BOYLE AV,0,NA,Y,A,-,N,NA,NA,NA,NA,NA,NA,NA,NA,NA,Y,4,0,5,2,A,-,09,21801,NA,N,D,C,A,A,H,-,A,A,0,NA,NA,NA,NA,Y,NA,A,07,0,0,5,0,0,0,0,0,0,-,-,NA,NA,LOS ANGELES,VERNON,-118.2130889892578,34.000144958496094
9488862,2022,2022-08-22,1973,2022-04-25,0144,654,1973,1,5,1,1973,0,0,0,NA,0,002,BANDINI BL,S SOTO ST,0,NA,Y,A,-,N,NA,NA,NA,NA,NA,NA,NA,NA,NA,Y,4,0,1,2,A,-,12,21453,A,F,D,C,A,A,H,-,C,A,0,NA,NA,NA,NA,Y,NA,-,NA,0,0,1,0,0,0,0,0,0,-,-,NA,NA,LOS ANGELES,VERNON,NA,NA
9488863,2022,2022-08-22,1973,2022-04-25,1343,660,1973,1,5,1,1973,0,0,0,NA,0,003,S DOWNEY RD,E VERNON AV,302,N,N,A,-,N,NA,NA,NA,NA,NA,NA,NA,NA,NA,Y,4,0,1,2,A,-,08,22107,NA,N,B,C,A,A,H,-,A,D,0,NA,NA,NA,NA,Y,NA,A,01,0,0,1,0,0,0,0,0,0,-,-,NA,NA,LOS ANGELES,VERNON,-118.20491027832033,34.006526947021484
9488864,2022,2022-08-22,1973,2022-04-24,0603,667,1973,7,5,1,1973,0,0,0,NA,0,002,E 26TH ST,S SOTO ST,0,NA,Y,A,-,N,NA,NA,NA,NA,NA,NA,NA,NA,NA,Y,4,0,3,2,A,-,12,21453,NA,N,D,C,A,A,H,-,A,A,0,NA,NA,NA,NA,Y,NA,A,01,0,0,3,0,0,0,0,0,0,-,-,NA,NA,LOS ANGELES,VERNON,-118.21990966796876,34.01441192626953
9488865,2022,2022-08-22,1973,2022-04-29,1628,646,NA,5,5,1,1973,0,0,0,NA,0,NA,SOUTH ATLANTIC BL,BANDINI BL,72,S,N,A,-,N,NA,NA,NA,NA,NA,NA,NA,NA,NA,Y,4,0,1,3,A,-,07,21658,A,N,B,C,A,A,H,-,A,A,0,NA,NA,Y,NA,Y,NA,-,NA,0,0,1,0,0,0,0,0,1,-,-,NA,NA,LOS ANGELES,VERNON,-118.17566680908205,33.998252868652344
9488866,2022,2022-08-22,1973,2022-04-25,1434,660,1973,1,5,1,1973,0,0,0,NA,0,001,E VERNON AV,SAINT CHARLES ST,84,W,N,A,-,N,NA,NA,NA,NA,NA,NA,NA,NA,NA,N,4,0,1,2,A,-,09,21804,A,N,D,C,A,A,H,-,A,D,0,NA,NA,NA,NA,Y,NA,A,01,0,0,1,0,0,0,0,0,0,-,-,NA,NA,LOS ANGELES,VERNON,-118.23472595214844,34.00394058227539
9488867,2022,2022-08-22,1972,2022-04-11,0608,18263,NA,1,5,6,1972,0,0,0,NA,0,NA,PALOS VERDES,VIA VALENCIA,0,NA,Y,B,-,N,NA,NA,NA,NA,NA,NA,NA,NA,NA,N,4,0,1,2,A,-,10,21950,A,N,G,B,B,A,H,-,B,D,0,Y,NA,NA,NA,Y,NA,A,NA,0,0,1,0,1,0,0,0,0,-,-,NA,NA,LOS ANGELES,TORRANCE,-118.38488006591795,33.81675338745117
9488868,2022,2022-08-22,1973,2022-04-30,2133,659,1973,6,5,1,1973,0,0,0,NA,0,003,DISTRICT BL,GIFFORD AV,307,N,N,A,-,N,NA,NA,NA,NA,NA,NA,NA,NA,NA,Y,4,0,1,2,A,-,01,23153,A,F,E,I,A,A,H,-,C,A,0,NA,NA,NA,NA,Y,Y,A,01,0,0,1,0,0,0,0,0,0,-,-,NA,NA,LOS ANGELES,VERNON,-118.19152069091795,33.99871826171875
9488869,2022,2022-08-22,1972,2022-04-24,1947,22315,NA,7,5,6,1972,0,0,0,NA,0,NA,CALLE DE ARBOLES,VIA EL SERANO,145,S,N,A,-,N,NA,NA,NA,NA,NA,NA,NA,NA,NA,Y,4,0,1,2,A,-,03,22350,NA,F,E,I,A,A,H,-,C,D,0,NA,NA,NA,NA,Y,NA,D,22,0,0,1,0,0,0,0,0,0,-,-,NA,NA,LOS ANGELES,TORRANCE,-118.36847686767578,33.805023193359375
9488873,2022,2022-08-26,1931,2022-08-07,1934,5331,1931,7,5,5,1931,0,0,0,NA,0,004,STATE ST,CALIFORNIA ST,25,S,N,A,-,N,NA,NA,NA,NA,NA,NA,NA,NA,NA,Y,4,0,1,3,A,-,07,21658,A,N,C,C,A,A,H,-,A,A,0,NA,NA,NA,NA,Y,NA,-,NA,0,0,1,0,0,0,0,0,0,-,-,NA,NA,LOS ANGELES,HUNTINGTON PARK,-118.20980072021484,33.9708137512207
9488874,2022,2022-08-30,1931,2022-08-14,1720,5344,1931,7,5,5,1931,0,0,0,NA,0,001,GAGE AV,SEVILLE AV,0,NA,Y,A,-,N,NA,NA,NA,NA,NA,NA,NA,NA,NA,N,2,0,1,2,A,-,12,21453,A,F,H,G,A,A,H,-,A,A,0,NA,Y,NA,NA,Y,NA,L,04,1,0,0,0,0,0,1,0,0,-,-,NA,NA,LOS ANGELES,HUNTINGTON PARK,-118.2226104736328,33.98164367675781
9488875,2022,2022-08-30,1931,2022-08-10,1246,5332,1931,3,5,5,1931,0,0,0,NA,0,002,STATE ST,BELGRAVE AV,74,N,N,A,-,N,NA,NA,NA,NA,NA,NA,NA,NA,NA,N,4,0,1,2,A,-,09,21804,A,N,D,C,A,A,H,-,A,D,0,NA,NA,NA,NA,Y,NA,A,01,0,0,1,0,0,0,0,0,0,-,-,NA,NA,LOS ANGELES,HUNTINGTON PARK,-118.21274566650392,33.98739242553711
9488876,2022,2022-08-30,1931,2022-08-09,1237,5315,1931,2,5,5,1931,0,0,0,NA,0,001,GAGE AV,SANTA FE AV,0,NA,Y,A,-,N,NA,NA,NA,NA,NA,NA,NA,NA,NA,N,4,0,1,2,A,-,09,21801,A,N,D,C,A,A,H,-,A,A,0,NA,NA,NA,NA,Y,NA,A,01,0,0,1,0,0,0,0,0,0,-,-,NA,NA,LOS ANGELES,HUNTINGTON PARK,-118.23030090332033,33.98164367675781
9488883,2022,2022-08-26,1942,2022-07-11,1500,41493,0849,1,5,7,1942,0,0,0,H,0,27T123,HOLT AV,PICO BL,93,S,N,A,-,N,NA,NA,NA,NA,NA,NA,NA,NA,NA,N,4,0,2,3,A,-,03,22350,NA,F,A,C,A,A,H,-,A,A,0,NA,NA,NA,NA,Y,NA,-,99,0,0,2,0,0,0,0,0,0,-,-,NA,NA,LOS ANGELES,LOS ANGELES,-118.37853240966795,34.05353546142578
9488884,2022,2022-08-26,1942,2022-07-11,1410,34882,0842,1,5,7,1942,0,0,0,H,0,27M116,GRANVILLE AV,WILSHIRE BL,5,N,N,A,-,N,NA,NA,NA,NA,NA,NA,NA,NA,NA,N,4,0,1,2,A,-,09,21804,A,F,D,C,A,A,H,-,A,A,0,NA,NA,NA,NA,Y,NA,M,94,0,0,1,0,0,0,0,0,0,-,-,NA,NA,LOS ANGELES,LOS ANGELES,-118.46270751953124,34.04806137084961
9488885,2022,2022-08-25,1942,2022-07-30,1355,42834,0829,6,5,7,1942,0,0,0,H,0,27TL46,THAYER AV,EASTBORNE AV,148,S,N,A,-,N,NA,NA,NA,NA,NA,NA,NA,NA,NA,N,2,0,1,1,A,-,21,22106,NA,N,E,I,A,A,G,-,A,D,0,NA,NA,Y,NA,Y,NA,C,02,1,0,0,0,0,0,0,0,1,-,-,NA,NA,LOS ANGELES,LOS ANGELES,-118.42731475830078,34.056129455566406
9488886,2022,2022-08-25,1942,2022-07-28,1356,42397,0839,4,5,7,1942,0,0,0,H,0,27TL44,SANTA MONICA BL,CENTURY PARK EAST,266,E,N,A,-,N,NA,NA,NA,NA,NA,NA,NA,NA,NA,N,2,0,1,2,A,-,11,21966,NA,N,G,B,E,A,H,-,A,D,0,Y,NA,NA,NA,Y,NA,N,60,1,0,0,0,1,0,0,0,0,-,-,NA,NA,LOS ANGELES,LOS ANGELES,-118.4153289794922,34.06364059448242