CASE_ID,ACCIDENT_YEAR,PROC_DATE,JURIS,COLLISION_DATE,COLLISION_TIME,OFFICER_ID,REPORTING_DISTRICT,DAY_OF_WEEK,CHP_SHIFT,POPULATION,CNTY_CITY_LOC,SPECIAL_COND,BEAT_TYPE,CHP_BEAT_TYPE,CITY_DIVISION_LAPD,CHP_BEAT_CLASS,BEAT_NUMBER,PRIMARY_RD,SECONDARY_RD,DISTANCE,DIRECTION,INTERSECTION,WEATHER_1,WEATHER_2,STATE_HWY_IND,CALTRANS_COUNTY,CALTRANS_DISTRICT,STATE_ROUTE,ROUTE_SUFFIX,POSTMILE_PREFIX,POSTMILE,LOCATION_TYPE,RAMP_INTERSECTION,SIDE_OF_HWY,TOW_AWAY,COLLISION_SEVERITY,NUMBER_KILLED,NUMBER_INJURED,PARTY_COUNT,PRIMARY_COLL_FACTOR,PCF_CODE_OF_VIOL,PCF_VIOL_CATEGORY,PCF_VIOLATION,PCF_VIOL_SUBSECTION,HIT_AND_RUN,TYPE_OF_COLLISION,MVIW,PED_ACTION,ROAD_SURFACE,ROAD_COND_1,ROAD_COND_2,LIGHTING,CONTROL_DEVICE,CHP_ROAD_TYPE,PEDESTRIAN_ACCIDENT,BICYCLE_ACCIDENT,MOTORCYCLE_ACCIDENT,TRUCK_ACCIDENT,NOT_PRIVATE_PROPERTY,ALCOHOL_INVOLVED,STWD_VEHTYPE_AT_FAULT,CHP_VEHTYPE_AT_FAULT,COUNT_SEVERE_INJ,COUNT_VISIBLE_INJ,COUNT_COMPLAINT_PAIN,COUNT_PED_KILLED,COUNT_PED_INJURED,COUNT_BICYCLIST_KILLED,COUNT_BICYCLIST_INJURED,COUNT_MC_KILLED,COUNT_MC_INJURED,PRIMARY_RAMP,SECONDARY_RAMP,LATITUDE,LONGITUDE,COUNTY,CITY,POINT_X,POINT_Y
94890927,2025,2025-10-17,9575,2025-08-16,1950,022342,NA,6,2,9,1900,0,2,4,NA,2,011,OCEAN VIEW BOULEVARD (3900 BLOCK),MIRA VISTA AVENUE,32,S,N,A,-,N,NA,NA,NA,NA,NA,NA,NA,NA,NA,N,1,1,0,2,A,-,11,21954,A,N,G,B,D,A,H,-,C,D,0,Y,NA,NA,NA,Y,Y,N,60,0,0,0,1,0,0,0,0,0,-,-,34.207828521728516,-118.22801971435548,LOS ANGELES,UNINCORPORATED,-118.2279815673828,34.20784378051758
9489093,2022,2022-08-24,1942,2022-04-23,0040,43448,0646,6,5,7,1942,0,0,0,F,0,6A63,CAHUENGA BL W,SELMA AV,0,N,N,A,-,N,NA,NA,NA,NA,NA,NA,NA,NA,NA,N,4,0,1,2,A,-,11,21955,NA,F,G,B,D,A,H,-,C,D,0,Y,NA,NA,NA,Y,NA,N,60,0,0,1,0,1,0,0,0,0,-,-,NA,NA,LOS ANGELES,LOS ANGELES,-118.32952880859376,34.09976577758789
94890932,2025,2025-10-17,9540,2025-10-16,1845,024413,NA,4,2,9,1900,0,1,1,NA,1,503,I-5 S/B,SR-14,1500,N,N,A,-,Y,LA,NA,5,NA,R,46.069,H,NA,L,N,4,0,1,3,A,-,03,22350,NA,N,C,C,A,A,H,-,C,D,0,NA,NA,NA,NA,Y,NA,A,07,0,0,1,0,0,0,0,0,0,-,-,34.33795166015625,-118.51495361328124,LOS ANGELES,UNINCORPORATED,-118.51495361328124,34.337947845458984
9489094,2022,2022-08-24,1942,2022-04-26,0905,44639,0625,2,5,7,1942,0,0,0,F,0,6A15W2,FRANKLIN AV,HIGHLAND AV,10,W,N,A,-,N,NA,NA,NA,NA,NA,NA,NA,NA,NA,N,4,0,1,2,A,-,08,22100,A,N,B,C,A,A,H,-,A,A,0,NA,NA,NA,NA,Y,NA,A,01,0,0,1,0,0,0,0,0,0,-,-,NA,NA,LOS ANGELES,LOS ANGELES,-118.33837127685548,34.104156494140625
94890947,2025,2025-10-17,9530,2025-10-08,1740,022978,NA,3,2,7,1941,0,1,1,NA,2,430,I-405 N/B FROM LAKEWOOD BLVD.,LAKEWOOD BLVD,65,S,N,A,-,Y,NA,NA,NA,NA,NA,NA,NA,NA,NA,Y,4,0,1,2,A,-,03,22350,NA,N,C,C,A,A,H,-,A,D,0,NA,NA,NA,NA,Y,NA,A,01,0,0,1,0,0,0,0,0,0,-,-,33.806419372558594,-118.14208221435548,LOS ANGELES,LONG BEACH,-118.14247894287108,33.805824279785156
9489095,2022,2022-08-24,1942,2022-04-14,0145,43011,0625,4,5,7,1942,0,0,0,F,0,6X43,FRANKLIN AV,HIGHLAND AV,50,E,N,A,-,N,NA,NA,NA,NA,NA,NA,NA,NA,NA,N,4,0,1,3,A,-,03,22350,NA,F,B,C,A,A,H,-,C,D,0,NA,NA,NA,NA,Y,Y,-,99,0,0,1,0,0,0,0,0,0,-,-,NA,NA,LOS ANGELES,LOS ANGELES,-118.33834075927734,34.10416030883789
94890959,2025,2025-10-17,9575,2025-10-07,2140,022651,NA,2,2,6,1925,0,1,3,NA,2,042,SR-134 E/B (VENTURA FREEWAY),GENEVA ST.,426,W,N,A,-,Y,LA,NA,134,NA,R,7.514,H,NA,R,Y,4,0,4,3,A,-,07,21658,A,N,B,C,A,A,H,-,C,D,0,NA,NA,NA,NA,Y,NA,A,01,0,0,4,0,0,0,0,0,0,-,-,34.156288146972656,-118.24832153320313,LOS ANGELES,GLENDALE,-118.24832153320313,34.15628433227539
9489096,2022,2022-08-24,1942,2022-04-15,1155,43466,0669,5,5,7,1942,0,0,0,F,0,NA,SANTA MONICA BL,HOBART AV,0,NA,Y,A,-,N,NA,NA,NA,NA,NA,NA,NA,NA,NA,Y,3,0,1,3,A,-,09,21801,B,N,D,B,F,A,H,-,A,A,0,Y,NA,NA,NA,Y,NA,A,01,0,1,0,0,1,0,0,0,0,-,-,NA,NA,LOS ANGELES,LOS ANGELES,-118.30519104003906,34.09079360961914
9489097,2022,2022-08-24,1942,2022-04-10,2235,39655,0657,7,5,7,1942,0,0,0,F,0,27014,SANTA MONICA BL,WILTON PL,264,E,N,A,-,N,NA,NA,NA,NA,NA,NA,NA,NA,NA,N,3,0,1,2,A,-,11,21954,A,F,G,B,D,A,H,-,C,A,0,Y,NA,NA,NA,Y,Y,N,60,0,1,0,0,1,0,0,0,0,-,-,NA,NA,LOS ANGELES,LOS ANGELES,-118.3126983642578,34.090755462646484
9489098,2022,2022-08-24,1942,2022-04-14,2130,41516,0667,4,5,7,1942,0,0,0,F,0,27T35,BRONSON AV,SANTA MONICA BL,4,N,N,A,-,N,NA,NA,NA,NA,NA,NA,NA,NA,NA,N,4,0,1,2,A,-,10,21950,A,F,G,B,B,A,H,-,C,A,0,Y,NA,NA,NA,Y,NA,-,99,0,0,1,0,1,0,0,0,0,-,-,NA,NA,LOS ANGELES,LOS ANGELES,-118.31794738769533,34.09075927734375
94890986,2025,2025-10-17,9580,2025-09-16,930,024584,NA,2,1,7,1942,0,1,S,NA,2,904,I-405 S/B,DEVONSHIRE ST,3379,S,N,A,-,Y,LA,NA,405,NA,NA,45.596,H,NA,L,N,3,0,3,2,A,-,07,21658,A,M,B,C,A,A,H,-,A,D,0,NA,NA,NA,NA,Y,NA,A,01,0,3,0,0,0,0,0,0,0,-,-,34.247798919677734,-118.47255706787108,LOS ANGELES,LOS ANGELES,-118.4726333618164,34.24781036376953
9489099,2022,2022-08-24,1942,2022-04-12,0555,33419,1494,2,5,7,1942,0,0,0,N,0,14FBW2,WORLD WY,WORLD WY N,250,S,N,A,-,N,NA,NA,NA,NA,NA,NA,NA,NA,NA,N,3,0,1,2,A,-,10,21950,A,M,G,B,C,A,H,-,C,A,0,Y,NA,NA,NA,Y,NA,-,99,0,1,0,0,1,0,0,0,0,-,-,NA,NA,LOS ANGELES,LOS ANGELES,-118.40806579589844,33.94307327270508
94890993,2025,2025-10-17,9580,2025-10-05,1610,022551,NA,7,2,3,1989,0,1,2,NA,2,107,US-101 S/B (VENTURA FREEWAY),LAS VIRGENES RD,500,N,N,A,-,Y,NA,NA,NA,NA,NA,NA,NA,NA,NA,Y,3,0,1,1,A,-,03,22350,NA,N,E,I,A,A,H,-,A,D,0,NA,NA,Y,NA,Y,NA,C,02,0,1,0,0,0,0,0,0,1,-,-,34.147621154785156,-118.69731903076172,LOS ANGELES,CALABASAS,-118.69685363769533,34.149391174316406
94890997,2025,2025-10-17,9540,2025-10-14,1020,019444,NA,2,1,6,1985,0,1,3,NA,1,142,SR-14 N/B,LOS PINETOS ROAD,415,N,N,B,C,Y,LA,NA,14,NA,R,26.178,H,NA,R,Y,3,0,1,1,A,-,08,22107,NA,N,E,I,A,B,H,-,A,D,0,NA,NA,NA,NA,Y,NA,A,01,0,1,0,0,0,0,0,0,0,-,-,34.35319137573242,-118.50491333007813,LOS ANGELES,SANTA CLARITA,-118.50511932373048,34.35313415527344
94890999,2025,2025-11-13,9580,2025-10-03,1725,021966,NA,5,2,7,1942,0,1,2,NA,2,105,US-101 S/B (VENTURA FREEWAY),WINNETKA AVE,2365,N,N,A,-,Y,LA,NA,101,NA,NA,23.732,H,NA,L,Y,4,0,1,4,D,-,00,NA,NA,N,B,C,A,A,H,-,A,D,0,NA,NA,Y,NA,Y,NA,-,-,0,0,1,0,0,0,0,0,1,-,-,34.16946029663086,-118.57826232910156,LOS ANGELES,LOS ANGELES,-118.57821655273438,34.16938018798828
9489103,2022,2022-08-24,1942,2022-05-29,1330,34374,1494,7,5,7,1942,0,0,0,N,0,14FBL8,MANCHESTER AV,WILEY POST AV,20,W,N,A,-,N,NA,NA,NA,NA,NA,NA,NA,NA,NA,Y,4,0,1,2,A,-,04,21703,NA,N,C,C,A,A,H,-,A,A,0,NA,NA,NA,NA,Y,NA,A,01,0,0,1,0,0,0,0,0,0,-,-,NA,NA,LOS ANGELES,LOS ANGELES,-118.38726806640624,33.959808349609375
94891038,2025,2025-11-13,9580,2025-10-07,140,024649,NA,2,3,7,1942,0,1,2,NA,2,102,US-101 N/B (VENTURA FREEWAY),VAN NUYS BLVD,2640,S,N,A,-,Y,LA,NA,101,NA,NA,15.293,H,NA,R,N,3,0,1,3,A,-,01,23152,A,N,C,2,A,A,H,-,C,D,0,NA,NA,NA,NA,Y,Y,A,01,0,1,0,0,0,0,0,0,0,-,-,34.155731201171875,-118.43816375732422,LOS ANGELES,LOS ANGELES,-118.43815612792967,34.15575408935547
9489104,2022,2022-08-24,1942,2022-06-12,2230,43319,1494,7,5,7,1942,0,0,0,N,0,14A73,W IMPERIAL HWY,MAIN ST,100,W,N,A,-,N,NA,NA,NA,NA,NA,NA,NA,NA,NA,Y,4,0,1,2,A,-,01,23152,A,N,C,C,A,A,H,-,C,D,0,NA,NA,NA,NA,Y,Y,A,01,0,0,1,0,0,0,0,0,0,-,-,NA,NA,LOS ANGELES,LOS ANGELES,-118.41629791259766,33.93128967285156
94891042,2025,2025-10-17,9580,2025-10-13,1730,022572,NA,1,2,9,1900,0,3,5,NA,1,020,PIUMA RD,25351 PIUMA RD,1000,E,N,A,-,N,NA,NA,NA,NA,NA,NA,NA,NA,NA,N,4,0,2,1,A,-,03,22350,NA,N,H,J,A,A,H,-,A,D,0,NA,NA,NA,NA,Y,NA,A,01,0,0,2,0,0,0,0,0,0,-,-,34.07334899902344,-118.683349609375,LOS ANGELES,UNINCORPORATED,NA,NA
94891048,2025,2025-10-17,9580,2025-10-08,2220,018718,NA,3,3,7,1942,0,1,2,NA,2,104,US-101 N/B (VENTURA FREEWAY) FROM RESEDA BLVD,RESEDA BLVD,0,NA,Y,A,-,Y,NA,NA,NA,NA,NA,NA,NA,NA,NA,N,3,0,1,2,A,-,10,21950,A,F,G,B,B,A,H,-,C,A,0,Y,NA,NA,NA,Y,NA,-,99,0,1,0,0,1,0,0,0,0,-,-,34.17369842529297,-118.53620910644533,LOS ANGELES,LOS ANGELES,-118.53599548339844,34.173343658447266
9489105,2022,2022-08-24,1955,2022-06-24,1407,42838,NA,5,5,6,1955,0,0,0,NA,0,NA,KINGSLEY AV,SAN ANTONIO AV,0,NA,Y,A,-,N,NA,NA,NA,NA,NA,NA,NA,NA,NA,Y,4,0,2,2,A,-,12,21453,A,N,D,C,A,A,H,-,A,A,0,NA,NA,NA,NA,Y,NA,A,08,0,0,2,0,0,0,0,0,0,-,-,34.066471099853516,-117.73667907714844,LOS ANGELES,POMONA,-117.73664855957033,34.06644058227539
94891059,2025,2025-10-17,9580,2025-10-12,1945,022746,NA,7,2,7,1942,0,1,3,NA,2,117,SR-118 W/B (RONALD REAGAN FWY.),RESEDA BLVD.,7920,E,N,A,-,Y,LA,NA,118,NA,R,7.234,H,NA,L,N,4,0,1,2,A,-,08,22107,NA,M,B,C,A,A,H,-,D,D,0,NA,NA,NA,NA,Y,Y,-,99,0,0,1,0,0,0,0,0,0,-,-,34.27790832519531,-118.51207733154295,LOS ANGELES,LOS ANGELES,-118.51207733154295,34.277923583984375
9489106,2022,2022-08-24,1955,2022-06-27,0119,42783,97,1,5,6,1955,0,0,0,NA,0,004,MISSION BL,EAST END AV,1124,E,N,A,-,N,NA,NA,NA,NA,NA,NA,NA,NA,NA,Y,3,0,2,1,A,-,08,22107,NA,N,E,I,A,A,H,-,C,A,0,NA,NA,NA,NA,Y,Y,A,01,0,1,1,0,0,0,0,0,0,-,-,34.05575942993164,-117.72384643554688,LOS ANGELES,POMONA,-117.72012329101564,34.055789947509766
94891067,2025,2025-10-17,9545,2025-10-11,758,024553,NA,6,1,9,1900,0,2,4,NA,1,027,BOUQUET CANYON RD,SPUNKY CANYON RD,4000,E,N,A,-,N,NA,NA,NA,NA,NA,NA,NA,NA,NA,Y,4,0,1,1,A,-,08,22107,NA,N,F,I,A,A,H,-,A,D,0,NA,NA,NA,NA,Y,NA,A,01,0,0,1,0,0,0,0,0,0,-,-,34.5836296081543,-118.35257720947266,LOS ANGELES,UNINCORPORATED,-118.34573364257813,34.583011627197266
94891069,2025,2025-11-13,9530,2025-10-09,930,024491,NA,4,1,9,1900,0,1,1,NA,2,120,I-110 S/B (HARBOR FREEWAY),I-405,4130,S,N,A,-,Y,LA,NA,110,NA,NA,7.965,H,NA,L,N,3,0,2,2,A,-,03,22350,NA,N,C,C,A,A,H,-,A,D,0,NA,NA,Y,NA,Y,NA,C,06,0,2,0,0,0,0,0,0,0,-,-,33.845149993896484,-118.2852020263672,LOS ANGELES,UNINCORPORATED,-118.2854461669922,33.845191955566406
9489109,2022,2022-08-24,1955,2022-06-24,1235,41456,4,5,5,6,1955,0,0,0,NA,0,004,TOWNE AV,PHILADELPHIA ST,0,NA,Y,A,-,N,NA,NA,NA,NA,NA,NA,NA,NA,NA,Y,4,0,2,2,A,-,12,21453,A,N,H,C,A,A,H,-,A,A,0,NA,NA,NA,NA,Y,NA,A,07,0,0,2,0,0,0,0,0,0,-,-,34.03350830078125,-117.74053955078124,LOS ANGELES,POMONA,-117.74053955078124,34.03351974487305
94891117,2025,2025-10-17,9530,2025-10-09,1715,024272,NA,4,2,9,1900,0,1,1,NA,2,430,I-405 S/B (SAN DIEGO FREEWAY),PALO VERDE AVE.,100,S,N,A,-,Y,LA,NA,405,NA,NA,1.091,H,NA,L,N,4,0,1,2,A,-,03,22350,NA,N,C,C,A,A,H,-,A,D,0,NA,NA,NA,NA,Y,NA,A,01,0,0,1,0,0,0,0,0,0,-,-,33.796409606933594,-118.10748291015624,LOS ANGELES,UNINCORPORATED,-118.10743713378906,33.796443939208984
94891131,2025,2025-10-17,9530,2025-10-09,1730,024399,NA,4,2,9,1900,0,3,5,NA,2,002,WILMINGTON AVE.,I-105 (GLENN ANDERSON FWY),225,S,N,A,-,N,NA,NA,NA,NA,NA,NA,NA,NA,NA,N,4,0,1,2,A,-,03,22350,NA,M,C,C,A,A,H,-,C,D,0,NA,NA,NA,NA,Y,NA,-,99,0,0,1,0,0,0,0,0,0,-,-,33.92729187011719,-118.23912811279295,LOS ANGELES,UNINCORPORATED,-118.23905181884766,33.92788314819336
94891135,2025,2025-10-17,9525,2025-10-10,1810,022509,NA,5,2,9,1900,0,1,1,NA,2,108,I-10 E/B (SAN BERNARDINO FWY),VIA VERDE,528,E,N,A,-,Y,LA,NA,10,NA,NA,41.043,H,NA,R,N,4,0,1,2,A,-,03,22350,NA,N,C,C,A,A,H,-,A,D,0,NA,NA,NA,NA,Y,NA,A,01,0,0,1,0,0,0,0,0,0,-,-,34.0654296875,-117.83036041259766,LOS ANGELES,UNINCORPORATED,-117.83028411865234,34.06550979614258
94891136,2025,2025-10-17,9530,2025-10-09,1430,024052,NA,4,2,9,1900,0,3,5,NA,2,001,NADEAU ST.,MAIE AVE.,0,NA,Y,A,-,N,NA,NA,NA,NA,NA,NA,NA,NA,NA,N,4,0,1,2,D,-,00,NA,NA,N,D,C,A,A,H,-,A,A,0,NA,NA,NA,NA,Y,NA,-,-,0,0,1,0,0,0,0,0,0,-,-,33.967411041259766,-118.2443618774414,LOS ANGELES,UNINCORPORATED,-118.24446105957033,33.96742248535156
94891137,2025,2025-10-17,9545,2025-10-01,1518,024553,NA,3,2,9,1900,0,3,5,NA,2,001,30TH STREET EAST,AVENUE G,0,NA,Y,A,-,N,NA,NA,NA,NA,NA,NA,NA,NA,NA,Y,4,0,2,2,A,-,12,22450,A,N,D,C,A,A,H,-,A,A,0,NA,NA,NA,NA,Y,NA,E,22,0,0,2,0,0,0,0,0,0,-,-,34.73358154296875,-118.0768814086914,LOS ANGELES,UNINCORPORATED,-118.07689666748048,34.733646392822266
94891152,2025,2025-10-17,9525,2025-10-12,1815,022509,NA,7,2,9,1900,0,3,5,NA,2,002,CIENEGA AVE,VALLEY CENTER DR,0,NA,Y,A,-,N,NA,NA,NA,NA,NA,NA,NA,NA,NA,N,4,0,1,2,A,-,12,22450,A,N,D,C,A,A,H,-,A,A,0,NA,NA,NA,NA,Y,NA,A,01,0,0,1,0,0,0,0,0,0,-,-,34.10308837890625,-117.83769989013672,LOS ANGELES,UNINCORPORATED,-117.83763885498048,34.10306167602539
94891159,2025,2025-10-17,9525,2025-10-12,2139,024526,NA,7,2,5,1906,0,1,S,NA,2,113,I-10 W/B (SAN BERNARDINO FWY),I-605 N/B (SAN GABRIEL RIVER FWY),634,E,N,A,-,Y,LA,NA,10,NA,NA,31.433,H,NA,L,N,4,0,1,1,A,-,08,22107,NA,N,E,J,A,A,H,-,D,D,0,NA,NA,NA,NA,Y,NA,A,07,0,0,1,0,0,0,0,0,0,-,-,34.06576156616211,-117.99535369873048,LOS ANGELES,BALDWIN PARK,-117.99535369873048,34.065773010253906
94891173,2025,2025-10-17,9530,2025-10-10,920,022852,NA,5,1,5,1956,0,1,1,NA,2,400,I-405 N/B (SAN DIEGO FREEWAY),INGLEWOOD AVE.,528,N,N,A,-,Y,LA,NA,405,NA,NA,18.403,H,NA,R,N,4,0,1,4,A,-,03,22350,NA,N,C,C,A,A,H,-,A,B,0,NA,NA,NA,NA,Y,NA,D,22,0,0,1,0,0,0,0,0,0,-,-,33.892391204833984,-118.36327362060548,LOS ANGELES,REDONDO BEACH,-118.36324310302734,33.89241409301758
94891188,2025,2025-10-17,9545,2025-09-28,1315,024536,NA,7,1,9,1900,0,3,5,NA,2,003,ANGELES FOREST HWY,MILE POST MARKER 12.08,40,S,N,A,-,N,NA,NA,NA,NA,NA,NA,NA,NA,NA,Y,2,0,1,1,A,-,03,22350,NA,N,F,A,A,A,H,-,A,D,0,NA,NA,Y,NA,Y,NA,C,02,1,0,0,0,0,0,0,0,1,-,-,34.37919998168945,-118.09633636474608,LOS ANGELES,UNINCORPORATED,-118.25841522216795,34.036842346191406
94891206,2025,2025-10-17,9530,2025-10-11,1800,024272,NA,6,2,9,1900,0,3,5,NA,2,001,NADEAU ST,HOLMES AVE.,7,E,N,A,-,N,NA,NA,NA,NA,NA,NA,NA,NA,NA,N,4,0,2,2,A,-,03,22350,NA,N,C,C,A,A,H,-,A,D,0,NA,NA,NA,NA,Y,NA,D,22,0,0,2,0,0,0,0,0,0,-,-,33.96746826171875,-118.240966796875,LOS ANGELES,UNINCORPORATED,-118.24105072021484,33.967411041259766
94891232,2025,2025-10-17,9525,2025-10-05,1150,024439,NA,7,1,6,1955,0,1,1,NA,2,110,I-10 E/B (SAN BERNARDINO FWY),TOWNE AVE.,1320,E,N,A,-,Y,LA,NA,10,NA,NA,46.679,H,NA,R,Y,4,0,2,4,A,-,03,22350,NA,N,C,C,A,A,H,-,A,D,0,NA,NA,NA,NA,Y,NA,A,07,0,0,2,0,0,0,0,0,0,-,-,34.079830169677734,-117.73748016357422,LOS ANGELES,POMONA,-117.73748779296876,34.07984161376953
94891259,2025,2025-10-17,9530,2025-10-11,1048,024533,NA,6,1,7,1941,0,1,1,NA,2,430,I-405 N/B (SAN DIEGO FREEWAY),WOODRUFF AVE.,1340,S,N,A,-,Y,LA,NA,405,NA,NA,1.397,H,NA,R,Y,4,0,1,2,A,-,03,22350,NA,N,C,C,A,A,H,-,A,D,0,NA,NA,NA,NA,Y,NA,A,07,0,0,1,0,0,0,0,0,0,-,-,33.799461364746094,-118.1112823486328,LOS ANGELES,LONG BEACH,-118.11122894287108,33.79951095581055
94891261,2025,2025-10-17,9575,2025-10-09,645,017722,NA,4,1,9,1900,0,1,3,NA,2,081,ROSEMEAD BLVD. (N. 7000 BLOCK),GREENWOOD AVE.,200,N,N,B,-,N,NA,NA,NA,NA,NA,NA,NA,NA,NA,N,3,0,1,3,A,-,08,22107,NA,N,C,E,A,A,H,-,B,D,0,NA,NA,NA,NA,Y,NA,A,01,0,1,0,0,0,0,0,0,0,-,-,34.12508010864258,-118.07302856445313,LOS ANGELES,UNINCORPORATED,-118.07305908203124,34.12510681152344
94891265,2025,2025-10-17,9540,2025-09-27,525,024413,NA,6,3,7,1942,0,1,1,NA,2,213,I-210 E/B,ROXFORD ST,1550,W,N,A,-,Y,LA,NA,210,NA,R,1.633,H,NA,R,N,4,0,1,2,A,-,03,22350,NA,N,C,C,A,B,H,-,C,D,0,NA,NA,NA,NA,Y,NA,A,01,0,0,1,0,0,0,0,0,0,-,-,34.3236083984375,-118.46563720703124,LOS ANGELES,LOS ANGELES,-118.46563720703124,34.3236083984375
94891279,2025,2025-10-17,9575,2025-10-09,740,022503,NA,4,1,7,1942,0,1,1,NA,2,053,I-5 N/B (GOLDEN STATE FREEWAY),VAN NUYS BLVD.,1652,S,N,B,-,Y,LA,NA,5,NA,NA,38.197,H,NA,R,N,4,0,1,2,A,-,07,21658,A,N,B,C,A,A,H,-,A,D,0,NA,NA,NA,Y,Y,NA,G,25,0,0,1,0,0,0,0,0,0,-,-,34.25333023071289,-118.43115234375,LOS ANGELES,LOS ANGELES,-118.4312744140625,34.25324249267578
94891367,2025,2025-11-13,9580,2025-10-14,1010,022008,NA,2,1,7,1942,0,1,3,NA,2,171,SR-170 S/B (HOLLYWOOD FWY.),WHITSETT AVE,0,NA,Y,C,-,Y,LA,NA,170,NA,R,18.659,H,NA,L,Y,4,0,4,4,A,-,03,22350,NA,N,C,C,A,B,H,-,A,D,0,NA,NA,NA,NA,Y,NA,A,01,0,0,4,0,0,0,0,0,0,-,-,34.20627975463867,-118.4060516357422,LOS ANGELES,LOS ANGELES,-118.40607452392578,34.20627212524414
94891380,2025,2025-10-17,9550,2025-09-26,330,024514,NA,5,3,6,1949,0,1,1,NA,2,651,I-605 NORTHBOUND,IMPERIAL HIGHWAY,2995,S,N,C,-,Y,LA,NA,605,NA,R,7.29,H,NA,R,Y,2,0,1,1,A,-,01,23152,A,N,E,I,A,B,H,-,C,D,0,NA,NA,NA,NA,Y,Y,A,07,1,0,0,0,0,0,0,0,0,-,-,33.90877151489258,-118.10504150390624,LOS ANGELES,NORWALK,-118.10489654541016,33.90876770019531
94891386,2025,2025-10-17,9590,2025-10-09,1743,019048,NA,4,2,7,1942,0,1,1,NA,2,084,I-5 NB,LOS FELIZ,1056,S,N,A,-,Y,LA,NA,5,NA,NA,23.998,H,NA,R,N,3,0,1,1,A,-,03,22350,NA,N,F,A,A,A,H,-,A,D,0,NA,NA,Y,NA,Y,NA,C,02,0,1,0,0,0,0,0,0,1,-,-,34.11613082885742,-118.26870727539064,LOS ANGELES,LOS ANGELES,-118.26873016357422,34.11612319946289
94891416,2025,2025-10-17,9590,2025-10-03,1440,023970,NA,5,2,7,1942,0,1,3,NA,2,031,SR-60 W/B (POMONA FREEWAY),WHITTIER BLVD,350,W,N,A,-,Y,LA,NA,60,NA,R,1.193,H,NA,L,N,4,0,2,3,A,-,03,22350,NA,N,C,C,A,A,H,-,A,D,0,NA,NA,NA,NA,Y,NA,A,07,0,0,2,0,0,0,0,0,0,-,-,34.02870178222656,-118.20484161376952,LOS ANGELES,LOS ANGELES,-118.2048568725586,34.02876663208008
94891453,2025,2025-10-17,9530,2025-10-13,1805,022531,NA,1,2,6,1972,0,1,1,NA,2,400,I-405 N/B (SAN DIEGO FREEWAY),CRENSHAW BLVD.,500,S,N,B,-,Y,LA,NA,405,NA,NA,15.188,H,NA,R,Y,3,0,2,2,A,-,03,22350,NA,N,C,C,A,A,H,-,C,D,0,NA,NA,NA,NA,Y,NA,A,07,0,1,1,0,0,0,0,0,0,-,-,33.86328887939453,-118.32200622558594,LOS ANGELES,TORRANCE,-118.32198333740234,33.863346099853516
94891537,2025,2025-11-13,9530,2025-10-13,1830,023672,NA,1,2,9,1900,0,3,5,NA,2,003,ROSECRANS AVENUE,COOKACRE AVENUE,0,NA,Y,B,-,N,NA,NA,NA,NA,NA,NA,NA,NA,NA,Y,4,0,1,2,A,-,09,21802,A,N,D,C,A,A,H,-,B,A,0,NA,NA,NA,NA,Y,NA,A,07,0,0,1,0,0,0,0,0,0,-,-,33.903648376464844,-118.19499969482422,LOS ANGELES,UNINCORPORATED,-118.19499206542967,33.90355682373047
94891540,2025,2025-10-17,9550,2025-10-07,1820,022639,NA,2,2,6,1949,0,1,1,NA,2,651,I-605 SB FROM IMPERIAL HWY,IMPERIAL HIGHWAY,500,N,N,A,-,Y,NA,NA,NA,NA,NA,NA,NA,NA,NA,N,4,0,1,2,A,-,03,22350,NA,N,C,C,A,A,H,-,C,D,0,NA,NA,NA,NA,Y,NA,D,22,0,0,1,0,0,0,0,0,0,-,-,33.91682815551758,-118.10517120361328,LOS ANGELES,NORWALK,-118.10481262207033,33.917701721191406
94891555,2025,2025-10-17,9530,2025-10-14,1110,023673,NA,2,1,9,1900,0,1,3,NA,2,310,SR-91 W/B (ARTESIA FREEWAY),SUSANA RD.,200,W,N,C,-,Y,LA,NA,91,NA,R,10.771,H,NA,L,N,4,0,1,1,A,-,03,22350,NA,N,E,I,A,B,H,-,A,D,0,NA,NA,NA,NA,Y,NA,A,07,0,0,1,0,0,0,0,0,0,-,-,33.87358093261719,-118.20806121826172,LOS ANGELES,UNINCORPORATED,-118.20804595947266,33.87368392944336