CASE_ID,ACCIDENT_YEAR,PROC_DATE,JURIS,COLLISION_DATE,COLLISION_TIME,OFFICER_ID,REPORTING_DISTRICT,DAY_OF_WEEK,CHP_SHIFT,POPULATION,CNTY_CITY_LOC,SPECIAL_COND,BEAT_TYPE,CHP_BEAT_TYPE,CITY_DIVISION_LAPD,CHP_BEAT_CLASS,BEAT_NUMBER,PRIMARY_RD,SECONDARY_RD,DISTANCE,DIRECTION,INTERSECTION,WEATHER_1,WEATHER_2,STATE_HWY_IND,CALTRANS_COUNTY,CALTRANS_DISTRICT,STATE_ROUTE,ROUTE_SUFFIX,POSTMILE_PREFIX,POSTMILE,LOCATION_TYPE,RAMP_INTERSECTION,SIDE_OF_HWY,TOW_AWAY,COLLISION_SEVERITY,NUMBER_KILLED,NUMBER_INJURED,PARTY_COUNT,PRIMARY_COLL_FACTOR,PCF_CODE_OF_VIOL,PCF_VIOL_CATEGORY,PCF_VIOLATION,PCF_VIOL_SUBSECTION,HIT_AND_RUN,TYPE_OF_COLLISION,MVIW,PED_ACTION,ROAD_SURFACE,ROAD_COND_1,ROAD_COND_2,LIGHTING,CONTROL_DEVICE,CHP_ROAD_TYPE,PEDESTRIAN_ACCIDENT,BICYCLE_ACCIDENT,MOTORCYCLE_ACCIDENT,TRUCK_ACCIDENT,NOT_PRIVATE_PROPERTY,ALCOHOL_INVOLVED,STWD_VEHTYPE_AT_FAULT,CHP_VEHTYPE_AT_FAULT,COUNT_SEVERE_INJ,COUNT_VISIBLE_INJ,COUNT_COMPLAINT_PAIN,COUNT_PED_KILLED,COUNT_PED_INJURED,COUNT_BICYCLIST_KILLED,COUNT_BICYCLIST_INJURED,COUNT_MC_KILLED,COUNT_MC_INJURED,PRIMARY_RAMP,SECONDARY_RAMP,LATITUDE,LONGITUDE,COUNTY,CITY,POINT_X,POINT_Y
94892419,2025,2025-11-13,9525,2025-10-17,1500,024155,NA,5,2,9,1900,0,3,5,NA,2,002,GRAND AVE,CIENEGA AVE,160,S,N,A,-,N,NA,NA,NA,NA,NA,NA,NA,NA,NA,N,4,0,1,2,A,-,03,22350,NA,M,C,C,A,A,H,-,A,A,0,NA,NA,NA,NA,Y,NA,A,01,0,0,1,0,0,0,0,0,0,-,-,34.10251998901367,-117.87254333496094,LOS ANGELES,UNINCORPORATED,-117.8726806640625,34.102622985839844
94892422,2025,2025-10-20,9525,2025-10-16,1910,024522,NA,4,2,4,1905,0,1,1,NA,2,205,I-210 W/B (FOOTHILL FWY),AZUSA AVE,3960,E,N,A,-,Y,LA,NA,210,NA,R,40.652,H,NA,L,Y,4,0,1,3,A,-,03,22350,NA,N,C,C,A,A,H,-,D,D,0,NA,NA,NA,NA,Y,NA,A,01,0,0,1,0,0,0,0,0,0,-,-,34.12092971801758,-117.88932800292967,LOS ANGELES,AZUSA,-117.88932800292967,34.12096405029297
94892431,2025,2025-10-20,9525,2025-10-18,1413,023933,NA,6,2,9,1900,0,1,3,NA,1,024,SR-39 (SAN GABRIEL CANYON RD.),OLD SAN GABRIEL CANYON ROAD MILE POST MARKER 17.75,3590,N,N,A,-,Y,LA,NA,39,NA,NA,18.404,H,NA,R,Y,2,0,1,1,A,-,08,22107,NA,N,E,I,A,A,H,-,A,D,0,NA,NA,Y,NA,Y,NA,C,02,1,0,0,0,0,0,0,0,1,-,-,34.17012023925781,-117.89240264892578,LOS ANGELES,UNINCORPORATED,-117.8923797607422,34.17012023925781
9489256,2022,2022-08-26,1900,2022-06-28,1015,643822,1365,2,5,5,1952,0,0,0,NA,0,136A,DOWNEY AV,ROSECRANS AV,108,N,N,A,-,N,NA,NA,NA,NA,NA,NA,NA,NA,NA,N,4,0,1,2,A,-,09,21804,A,N,C,C,A,A,H,-,A,A,0,NA,NA,NA,NA,Y,NA,A,01,0,0,1,0,0,0,0,0,0,-,-,NA,NA,LOS ANGELES,PARAMOUNT,-118.15142822265624,33.90363693237305
9489257,2022,2022-08-26,1900,2022-06-27,1850,655208,1332,1,5,5,1908,0,0,0,NA,0,133T1,SOMERSET BL,RYON AV,34,E,N,A,-,N,NA,NA,NA,NA,NA,NA,NA,NA,NA,N,4,0,1,2,A,-,07,21658,A,M,B,G,A,A,H,-,B,A,0,NA,Y,NA,NA,Y,NA,L,04,0,0,1,0,0,0,1,0,0,-,-,NA,NA,LOS ANGELES,BELLFLOWER,-118.12850189208984,33.896568298339844
9489258,2022,2022-08-26,1900,2022-06-12,2100,654688,1351,7,5,3,1927,0,0,0,NA,0,135B,CIVIC CENTER DR,PIONEER BL,30,E,N,A,-,N,NA,NA,NA,NA,NA,NA,NA,NA,NA,N,4,0,2,2,A,-,03,22350,NA,N,C,C,A,A,H,-,C,A,0,NA,NA,NA,NA,Y,NA,A,01,0,0,2,0,0,0,0,0,0,-,-,NA,NA,LOS ANGELES,HAWAIIAN GARDENS,-118.08173370361328,33.82943344116211
9489260,2022,2022-08-26,1900,2022-06-13,1725,654688,1323,1,5,5,1935,0,0,0,NA,0,132T2,COVER ST,PARAMOUNT BL,30,W,N,A,-,N,NA,NA,NA,NA,NA,NA,NA,NA,NA,Y,3,0,2,2,A,-,08,22107,NA,N,A,C,A,A,H,-,A,A,0,NA,NA,NA,NA,Y,NA,A,01,0,2,0,0,0,0,0,0,0,-,-,NA,NA,LOS ANGELES,LAKEWOOD,-118.16005706787108,33.827640533447266
9489279,2022,2022-08-31,1942,2022-07-01,2022,44007,1283,5,5,7,1942,0,0,0,L,0,12A69,WESTERN AV,CENTURY BL,0,NA,Y,A,-,N,NA,NA,NA,NA,NA,NA,NA,NA,NA,Y,4,0,4,3,A,-,09,21801,A,F,A,C,A,A,H,-,C,A,0,NA,NA,NA,NA,Y,NA,-,99,0,0,4,0,0,0,0,0,0,-,-,NA,NA,LOS ANGELES,LOS ANGELES,-118.30902862548828,33.94545364379883
9489280,2022,2022-09-06,1942,2022-07-24,0105,43787,1283,7,5,7,1942,0,0,0,L,0,12A53,WESTERN,CENTURY,50,N,N,A,-,N,NA,NA,NA,NA,NA,NA,NA,NA,NA,Y,3,0,3,3,A,-,00,23103,NA,N,D,C,A,A,-,-,C,D,0,NA,NA,NA,NA,Y,NA,A,01,0,3,0,0,0,0,0,0,0,NO,-,NA,NA,LOS ANGELES,LOS ANGELES,-118.30902862548828,33.945587158203125
9489281,2022,2022-08-26,1900,2022-08-09,1845,516545,1320,2,5,5,1935,0,0,0,NA,0,132T1,CANDLEWOOD ST,PARAMOUNT BL,0,NA,Y,A,-,N,NA,NA,NA,NA,NA,NA,NA,NA,NA,Y,4,0,2,3,A,-,09,21801,A,N,D,C,A,A,H,-,A,A,0,NA,NA,NA,NA,Y,NA,A,01,0,0,2,0,0,0,0,0,0,-,-,NA,NA,LOS ANGELES,LAKEWOOD,-118.15985870361328,33.853824615478516
9489282,2022,2022-08-26,1900,2022-08-07,1200,655208,1321,7,5,5,1935,0,0,0,NA,0,132,CANDLEWOOD ST,GRAYWOOD AV,0,NA,Y,A,-,N,NA,NA,NA,NA,NA,NA,NA,NA,NA,N,3,0,1,2,A,-,03,22350,NA,N,A,J,A,A,H,-,A,A,0,NA,NA,Y,NA,Y,NA,C,02,0,1,0,0,0,0,0,0,1,-,-,33.85382843017578,-118.13810729980467,LOS ANGELES,LAKEWOOD,-118.13814544677734,33.853843688964844
9489283,2022,2022-08-26,1900,2022-08-06,2321,516545,1328,6,5,5,1935,0,0,0,NA,0,132T1,BLOOMFIELD AV,DEL AMO BL,0,NA,Y,A,-,N,NA,NA,NA,NA,NA,NA,NA,NA,NA,Y,3,0,1,2,A,-,09,21801,A,N,A,C,A,A,H,-,C,A,0,NA,NA,NA,NA,Y,NA,A,07,0,1,0,0,0,0,0,0,0,-,-,NA,NA,LOS ANGELES,LAKEWOOD,-118.06351470947266,33.84611129760742
9489284,2022,2022-08-26,1900,2022-08-04,1932,487219,1366,4,5,5,1952,0,0,0,NA,0,136D,SOMERSET BL,ORANGE AV,150,W,N,A,-,N,NA,NA,NA,NA,NA,NA,NA,NA,NA,N,2,0,1,2,A,-,05,21650,1,N,B,G,A,A,H,-,A,D,0,NA,Y,NA,NA,Y,NA,L,04,1,0,0,0,0,0,1,0,0,-,-,NA,NA,LOS ANGELES,PARAMOUNT,-118.17801666259766,33.896270751953125
9489286,2022,2022-08-26,1900,2022-08-03,0245,647144,1333,3,5,5,1908,0,0,0,NA,0,133T1,ROSECRANS AV,WOODRUFF AV,600,W,N,A,-,N,NA,NA,NA,NA,NA,NA,NA,NA,NA,Y,3,0,2,2,A,-,07,21658,A,N,B,C,A,A,H,-,C,D,0,NA,NA,NA,NA,Y,NA,A,01,0,2,0,0,0,0,0,0,0,-,-,NA,NA,LOS ANGELES,BELLFLOWER,-118.11865234375,33.902015686035156
94892959,2025,2025-10-20,9575,2025-10-14,302,021712,NA,2,3,6,1912,0,1,1,NA,2,051,I-5 S/B (GOLDEN STATE FREEWAY),BURBANK BLVD,1122,N,N,B,C,Y,LA,NA,5,NA,NA,30.067,H,NA,L,N,3,0,1,1,A,-,03,22350,NA,N,E,I,A,B,H,-,C,D,0,NA,NA,NA,NA,Y,NA,A,07,0,1,0,0,0,0,0,0,0,-,-,34.18756866455078,-118.3223876953125,LOS ANGELES,BURBANK,-118.32227325439452,34.187686920166016
94892962,2025,2025-10-20,9575,2025-10-14,1522,021538,NA,2,2,7,1942,0,1,3,NA,2,044,SR-134 W/B (VENTURA FREEWAY),LANKERSHIM BLVD.,385,E,N,B,-,Y,LA,NA,134,NA,NA,0.59,H,NA,L,N,3,0,1,2,A,-,03,22350,NA,N,C,C,A,A,H,-,A,D,0,NA,NA,NA,NA,Y,NA,A,07,0,1,0,0,0,0,0,0,0,-,-,34.15333938598633,-118.36615753173828,LOS ANGELES,LOS ANGELES,-118.36615753173828,34.15330123901367
94892963,2025,2025-10-20,9575,2025-10-14,315,018862,NA,2,3,7,1942,0,1,3,NA,2,041,SR-134 W/B (VENTURA FWY) TO SR-2 (GLENDALE FWY),ARBOR DELL RD,8184,W,N,B,C,Y,LA,NA,134,NA,R,9.435,H,NA,L,Y,4,0,1,1,A,-,03,22350,NA,N,E,J,A,B,H,-,C,D,0,NA,NA,NA,NA,Y,NA,A,01,0,0,1,0,0,0,0,0,0,-,-,34.14535903930664,-118.21839141845705,LOS ANGELES,LOS ANGELES,-118.21841430664064,34.1451530456543
94892966,2025,2025-10-20,9575,2025-10-01,845,022918,NA,3,1,9,1900,0,3,5,NA,2,002,SONOMA DR (BLOCK #1200),MAR VISTA AVE.,508,E,N,A,-,N,NA,NA,NA,NA,NA,NA,NA,NA,NA,N,4,0,1,2,A,-,09,21804,A,N,H,C,A,A,A,-,A,D,0,NA,NA,NA,NA,Y,NA,A,07,0,0,1,0,0,0,0,0,0,-,-,34.18082046508789,-118.1256103515625,LOS ANGELES,UNINCORPORATED,-118.12565612792967,34.18083190917969
94892979,2025,2025-10-20,9575,2025-10-18,605,022918,NA,6,1,6,1953,0,1,1,NA,2,064,I-210 W/B (FOOTHILL FREEWAY),MARENGO AVE.,60,W,N,A,-,Y,LA,NA,210,NA,R,25.524,H,NA,L,Y,4,0,1,2,A,-,03,22350,NA,N,C,2,A,A,H,-,C,D,0,NA,NA,NA,NA,Y,NA,D,22,0,0,1,0,0,0,0,0,0,-,-,34.15224838256836,-118.14639282226564,LOS ANGELES,PASADENA,-118.14638519287108,34.152015686035156
94892989,2025,2025-10-20,9550,2025-10-14,1110,024540,NA,2,1,5,1919,0,1,1,NA,2,652,I-605 S/B (SAN GABRIEL RIVER FREEWAY),STATE ROUTE 91 (ARTESIA FREEWAY),800,N,N,C,-,Y,LA,NA,605,NA,R,5.428,H,NA,L,Y,3,0,1,1,A,-,08,22107,NA,N,E,I,A,B,H,-,A,D,0,NA,NA,NA,NA,Y,NA,A,07,0,1,0,0,0,0,0,0,0,-,-,33.88175964355469,-118.104248046875,LOS ANGELES,CERRITOS,-118.10414123535156,33.88177490234375
9489329,2022,2022-08-31,1920,2022-08-11,1046,13321,1920,4,5,6,1920,0,0,0,NA,0,002,OLD RIVER SCHOOL RD,QUILL DR,33,S,N,A,-,N,NA,NA,NA,NA,NA,NA,NA,NA,NA,N,4,0,1,3,D,-,00,NA,NA,M,B,E,A,A,H,-,A,A,0,NA,NA,NA,NA,Y,NA,-,-,0,0,1,0,0,0,0,0,0,-,-,NA,NA,LOS ANGELES,DOWNEY,-118.16012573242188,33.931915283203125
9489330,2022,2022-08-31,1920,2022-08-18,0800,11792,1920,4,5,6,1920,0,0,0,NA,0,003,FLORENCE AV,PARAMOUNT BL,100,W,N,A,-,N,NA,NA,NA,NA,NA,NA,NA,NA,NA,N,3,0,1,2,A,-,08,22107,NA,M,D,G,A,A,H,-,A,D,0,NA,Y,NA,NA,Y,NA,A,01,0,1,0,0,0,0,1,0,0,-,-,NA,NA,LOS ANGELES,DOWNEY,-118.13033294677734,33.95368957519531
9489331,2022,2022-08-31,1920,2022-08-16,0610,11792,1920,2,5,6,1920,0,0,0,NA,0,006,GARDENDALE ST,BARLIN AV,0,NA,Y,A,-,N,NA,NA,NA,NA,NA,NA,NA,NA,NA,N,4,0,2,2,A,-,03,22350,NA,N,C,C,A,A,H,-,A,A,0,NA,NA,NA,NA,Y,NA,A,01,0,0,2,0,0,0,0,0,0,-,-,NA,NA,LOS ANGELES,DOWNEY,-118.14544677734376,33.91191864013672
9489332,2022,2022-08-31,1920,2022-08-11,0747,13321,1920,4,5,6,1920,0,0,0,NA,0,006,DOWNEY AV,PHLOX ST,30,S,N,A,-,N,NA,NA,NA,NA,NA,NA,NA,NA,NA,N,4,0,2,2,A,-,08,22107,NA,N,D,C,A,A,H,-,A,A,0,NA,NA,NA,NA,Y,NA,A,01,0,0,2,0,0,0,0,0,0,-,-,NA,NA,LOS ANGELES,DOWNEY,-118.13433074951172,33.93824768066406
9489334,2022,2022-08-31,1920,2022-08-13,1748,13833,NA,6,5,6,1920,0,0,0,NA,0,003,FLORENCE AV,SUSAN AV,120,W,N,A,-,N,NA,NA,NA,NA,NA,NA,NA,NA,NA,Y,4,0,2,2,A,-,03,22350,NA,N,C,C,A,A,H,-,A,A,0,NA,NA,NA,NA,Y,NA,A,01,0,0,2,0,0,0,0,0,0,-,-,NA,NA,LOS ANGELES,DOWNEY,-118.141845703125,33.959503173828125
9489337,2022,2022-08-31,1900,2022-08-03,0820,622029,0453,3,5,6,1949,0,0,0,NA,0,43T1,ROSECRANS AV,FLALLON AV,0,NA,Y,A,-,N,NA,NA,NA,NA,NA,NA,NA,NA,NA,N,4,0,1,2,A,-,10,21950,A,N,G,B,B,-,H,-,A,D,0,Y,NA,NA,NA,Y,NA,A,08,0,0,1,0,1,0,0,0,0,-,-,NA,NA,LOS ANGELES,NORWALK,-118.08541870117188,33.90211868286133
9489339,2022,2022-08-31,1900,2022-08-06,1815,489533,0454,6,5,6,1949,0,0,0,NA,0,43T1,IMPERIAL HWY,PIONEER BL,0,NA,Y,A,-,N,NA,NA,NA,NA,NA,NA,NA,NA,NA,Y,4,0,2,2,A,-,12,21453,A,N,D,C,A,A,H,-,A,A,0,NA,NA,NA,NA,Y,NA,-,NA,0,0,2,0,0,0,0,0,0,-,-,NA,NA,LOS ANGELES,NORWALK,-118.08190155029295,33.91709518432617
9489340,2022,2022-08-31,1900,2022-08-06,1010,489533,0454,6,5,6,1949,0,0,0,NA,0,43T1,SAN ANTONIO DR,FRONTAGE RD,0,NA,Y,A,-,N,NA,NA,NA,NA,NA,NA,NA,NA,NA,Y,3,0,2,2,A,-,12,21453,A,N,D,C,A,A,H,-,A,A,0,NA,NA,NA,NA,Y,NA,-,NA,0,1,1,0,0,0,0,0,0,-,-,NA,NA,LOS ANGELES,NORWALK,-118.07404327392578,33.91191864013672
94893403,2025,2025-10-20,9535,2025-09-25,2340,023941,NA,4,3,9,1900,0,1,1,NA,2,501,I-5 (SANTA ANA FREEWAY) S/B,EASTMAN AVENUE POC,100,N,N,A,-,Y,LA,NA,5,NA,NA,14.598,H,NA,L,N,4,0,1,2,A,-,08,22107,NA,F,B,C,A,A,H,-,D,D,0,NA,NA,Y,NA,Y,NA,-,99,0,0,1,0,0,0,0,0,1,-,-,34.0200309753418,-118.18602752685548,LOS ANGELES,UNINCORPORATED,-118.18602752685548,34.02009963989258
94893406,2025,2025-10-20,9540,2025-10-09,205,023126,NA,4,3,7,1942,0,1,1,NA,2,504,I-5 N/B,ROXFORD ST.,898,N,N,A,-,Y,LA,NA,5,NA,NA,42.84,H,NA,R,Y,4,0,1,2,A,-,03,22350,NA,N,C,C,A,A,H,-,C,D,0,NA,NA,NA,NA,Y,NA,A,07,0,0,1,0,0,0,0,0,0,-,-,34.30535888671875,-118.48161315917967,LOS ANGELES,LOS ANGELES,-118.48152160644533,34.305416107177734
94893409,2025,2025-11-13,9550,2025-10-03,915,024540,NA,5,1,5,1976,0,1,1,NA,2,650,INTERSTATE 605 (SAN GABRIEL RIVER FREEWAY) S/B,DUNLAP CROSSING ROAD,170,S,N,A,-,Y,LA,NA,605,NA,R,12.821,H,NA,L,Y,3,0,1,2,A,-,08,22107,NA,N,B,C,A,B,H,-,A,D,0,NA,NA,Y,NA,Y,NA,C,02,0,1,0,0,0,0,0,0,1,-,-,33.98331832885742,-118.0735092163086,LOS ANGELES,WHITTIER,-118.07354736328124,33.983341217041016
94893419,2025,2025-10-20,9580,2025-10-06,2346,024648,NA,1,3,7,1942,0,1,2,NA,2,109,US-101 S/B (VENTURA FREEWAY),KANAN RD,200,N,N,A,-,Y,LA,NA,101,NA,NA,35.354,H,NA,L,Y,2,0,3,3,C,-,18,NA,NA,N,C,C,E,A,H,-,D,D,0,Y,NA,NA,NA,Y,Y,-,-,1,2,0,0,1,0,0,0,0,-,-,34.14664840698242,-118.7667236328125,LOS ANGELES,LOS ANGELES,-118.7667236328125,34.146636962890625
94893429,2025,2025-10-20,9550,2025-09-26,608,020014,NA,5,1,6,1949,0,1,1,NA,2,501,INTERSTATE 5 (SANTA ANA FREEWAY),BLOOMFIELD AVE,634,N,N,B,-,Y,LA,NA,5,NA,NA,3.791,H,NA,L,N,2,0,1,2,A,-,11,21954,A,N,G,B,E,A,H,-,B,D,0,Y,NA,NA,NA,Y,NA,N,60,1,0,0,0,1,0,0,0,0,-,-,33.905521392822266,-118.06606292724608,LOS ANGELES,NORWALK,-118.06584167480467,33.905670166015625
94893448,2025,2025-10-20,9535,2025-10-08,850,023070,NA,3,1,4,1907,0,1,1,NA,2,073,I-710 S/B (LONG BEACH FREEWAY),GAGE AVENUE,100,S,N,A,-,Y,LA,NA,710,NA,NA,20.242,H,NA,L,N,3,0,1,2,A,-,03,22350,NA,N,C,C,A,A,H,-,A,D,0,NA,NA,NA,NA,Y,NA,A,01,0,1,0,0,0,0,0,0,0,-,-,33.975589752197266,-118.16773986816406,LOS ANGELES,BELL,-118.16770935058594,33.9755859375
94893453,2025,2025-10-20,9545,2025-10-10,1655,024391,NA,5,2,9,1900,0,2,4,NA,1,024,ELIZABETH LAKE RD,SAN FRANCISQUITO RD,4688,E,N,A,-,N,NA,NA,NA,NA,NA,NA,NA,NA,NA,N,3,0,1,2,A,-,03,22350,NA,M,C,2,A,A,H,-,A,D,0,NA,NA,NA,NA,Y,NA,-,99,0,1,0,0,0,0,0,0,0,-,-,34.643409729003906,-118.36292266845705,LOS ANGELES,UNINCORPORATED,-118.36313629150392,34.643558502197266
94893460,2025,2025-10-20,9525,2025-10-12,1243,023939,NA,7,1,9,1900,0,1,3,NA,1,024,SR-39 (SAN GABRIEL CANYON RD.),MM 17.75 (OLD SAN GABRIEL CANYON RD),2112,N,N,A,-,Y,LA,NA,39,NA,NA,18.287,H,NA,R,N,3,0,1,1,A,-,08,22107,NA,N,F,A,A,A,H,-,A,D,0,NA,Y,NA,NA,Y,NA,L,04,0,1,0,0,0,0,1,0,0,-,-,34.168479919433594,-117.8922882080078,LOS ANGELES,UNINCORPORATED,-117.8922882080078,34.168479919433594
94893465,2025,2025-10-20,9525,2025-10-16,2116,024526,NA,4,2,6,1955,0,1,3,NA,2,071,SR-71 S/B (CHINO VALLEY FWY),VALLEY BLVD,1109,N,N,A,-,Y,LA,NA,71,NA,R,1.112,H,NA,L,N,4,0,1,2,A,-,03,22350,NA,N,C,C,A,A,H,-,D,D,0,NA,NA,NA,NA,Y,NA,A,08,0,0,1,0,0,0,0,0,0,-,-,34.06399917602539,-117.7951431274414,LOS ANGELES,POMONA,-117.79508209228516,34.06412124633789
94893468,2025,2025-10-20,9565,2025-10-07,235,024200,NA,2,3,9,1900,0,1,1,NA,2,060,INTERSTATE 405 S/B,LENNOX BOULEVARD,242,S,N,A,-,Y,LA,NA,405,NA,NA,21.689,H,NA,L,Y,4,0,1,2,A,-,03,22350,NA,N,D,C,A,A,H,-,D,D,0,NA,NA,NA,NA,Y,NA,A,01,0,0,1,0,0,0,0,0,0,-,-,33.9375,-118.36846160888672,LOS ANGELES,UNINCORPORATED,-118.36849975585938,33.9375
94893480,2025,2025-10-20,9550,2025-08-16,220,024020,NA,6,3,9,1900,0,1,1,NA,2,650,I-605 SOUTHBOUND,WEST WASHINGTON BOULEVARD,750,N,N,A,-,Y,LA,NA,605,NA,R,12.212,H,NA,L,N,2,0,3,2,A,-,08,22107,NA,N,C,E,A,A,D,-,C,D,0,NA,NA,NA,NA,Y,NA,A,07,1,0,2,0,0,0,0,0,0,-,-,33.97611999511719,-118.07965850830078,LOS ANGELES,UNINCORPORATED,-118.07946014404295,33.97607421875
94893486,2025,2025-10-20,9525,2025-10-18,1310,024155,NA,6,1,6,1955,0,1,1,NA,2,108,I-10 E/B TO SR-71 S/B,SR-57 N/B (ORANGE FWY),745,E,N,A,-,Y,NA,NA,NA,NA,NA,NA,NA,NA,NA,Y,4,0,2,2,A,-,03,22350,NA,N,C,C,A,A,H,-,A,D,0,NA,NA,NA,NA,Y,NA,A,01,0,0,2,0,0,0,0,0,0,-,-,34.065460205078125,-117.80386352539064,LOS ANGELES,POMONA,-117.80445098876952,34.06602478027344
94893491,2025,2025-10-20,9550,2025-06-12,20,024058,NA,4,3,9,1900,0,2,4,NA,1,011,WORKMAN MILL RD,PIONEER BOULEVARD,957,S,N,A,-,N,NA,NA,NA,NA,NA,NA,NA,NA,NA,Y,4,0,1,1,A,-,01,23152,A,N,E,8,A,A,H,-,D,D,0,NA,NA,NA,NA,Y,Y,A,01,0,0,1,0,0,0,0,0,0,-,-,34.006080627441406,-118.05609130859376,LOS ANGELES,UNINCORPORATED,-118.05596923828124,34.00621795654297
94893502,2025,2025-11-13,9580,2025-10-07,1557,023449,NA,2,2,7,1942,0,1,1,NA,2,407,I-405 S/B (SAN DIEGO FWY),ROSCOE BLVD,500,S,N,A,-,Y,LA,NA,405,NA,NA,43.127,H,NA,L,Y,4,0,3,3,A,-,03,22350,NA,N,C,C,A,A,H,-,A,D,0,NA,NA,NA,NA,Y,NA,A,01,0,0,3,0,0,0,0,0,0,-,-,34.21200942993164,-118.4735107421875,LOS ANGELES,LOS ANGELES,-118.4734115600586,34.21200942993164
94893504,2025,2025-10-20,9580,2025-10-14,2335,023532,NA,2,3,7,1942,0,1,3,NA,2,117,SR-118 W/B (RONALD REAGAN FWY.),TAMPA AVE,500,E,N,C,-,Y,LA,NA,118,NA,R,4.735,H,NA,L,N,4,0,1,1,A,-,03,22350,NA,N,A,I,A,B,F,-,D,D,0,NA,NA,NA,NA,Y,NA,D,22,0,0,1,0,0,0,0,0,0,-,-,34.272499084472656,-118.55458831787108,LOS ANGELES,LOS ANGELES,-118.55458831787108,34.27237319946289
94893508,2025,2026-01-19,9580,2025-10-08,1940,022717,NA,3,2,7,1942,0,3,5,NA,1,010,SADDLE PEAK RD FROM SCHUEREN RD,STUNT RD,250,E,N,A,-,N,NA,NA,NA,NA,NA,NA,NA,NA,NA,N,3,0,2,1,A,-,08,22107,NA,N,E,J,A,A,H,-,C,D,0,NA,NA,NA,NA,Y,NA,A,01,0,2,0,0,0,0,0,0,0,-,-,34.08124923706055,-118.6449966430664,LOS ANGELES,LOS ANGELES,-118.64498138427734,34.08122634887695
94893510,2025,2025-10-20,9580,2025-10-09,1329,022080,NA,4,1,7,1942,0,1,2,NA,2,104,US-101 N/B (VENTURA FREEWAY),CANOGA AVE,65,S,N,A,-,Y,LA,NA,101,NA,NA,24.84,H,NA,R,N,3,0,2,2,A,-,03,22350,NA,N,C,C,A,A,H,-,A,D,0,NA,NA,NA,NA,Y,NA,A,01,0,2,0,0,0,0,0,0,0,-,-,34.16950988769531,-118.59710693359376,LOS ANGELES,LOS ANGELES,-118.59711456298828,34.169498443603516
94893516,2025,2025-11-13,9580,2025-10-10,2035,023272,NA,5,2,7,1942,0,1,1,NA,2,406,I-405 N/B (SAN DIEGO FWY),CHATSWORTH ST,1584,S,N,A,-,Y,LA,NA,405,NA,NA,46.696,H,NA,R,N,4,0,2,3,A,-,03,22350,NA,N,C,C,A,A,H,-,D,D,0,NA,NA,NA,NA,Y,NA,A,07,0,0,2,0,0,0,0,0,0,-,-,34.26387023925781,-118.47216796875,LOS ANGELES,LOS ANGELES,-118.47207641601564,34.26387023925781
94893518,2025,2025-10-20,9580,2025-10-11,2000,023272,NA,6,2,7,1942,0,1,3,NA,2,116,SR-118 E/B TO I-405,I-405 S/B (SAN DIEGO FWY),2640,W,N,A,-,Y,LA,NA,118,NA,R,9.424,H,NA,R,N,4,0,1,2,A,-,07,21658,A,N,B,C,A,A,H,-,D,D,0,NA,NA,NA,NA,Y,NA,A,07,0,0,1,0,0,0,0,0,0,-,-,34.26580810546875,-118.4787826538086,LOS ANGELES,LOS ANGELES,-118.4787826538086,34.26592254638672
94893529,2025,2025-10-20,9580,2025-10-12,1750,023272,NA,7,2,7,1942,0,1,3,NA,2,117,SR-118 W/B  TO TAMPA AVENUE,TAMPA AVE,2640,E,N,A,-,Y,LA,NA,118,NA,R,4.782,H,NA,L,N,4,0,1,1,A,-,08,22107,NA,N,E,8,A,A,H,-,A,D,0,NA,NA,NA,NA,Y,NA,A,07,0,0,1,0,0,0,0,0,0,-,-,34.272579193115234,-118.55378723144533,LOS ANGELES,LOS ANGELES,-118.55376434326172,34.272430419921875
94893536,2025,2025-10-20,9580,2025-10-12,2350,023705,NA,7,3,7,1942,0,1,3,NA,2,171,SR-170 S/B (HOLLYWOOD FWY.),BURBANK BLVD,500,N,N,A,-,Y,LA,NA,170,NA,R,16.233,H,NA,L,N,4,0,1,2,A,-,08,22107,NA,F,B,C,A,A,H,-,C,D,0,NA,NA,NA,NA,Y,NA,-,99,0,0,1,0,0,0,0,0,0,-,-,34.17417907714844,-118.39202117919922,LOS ANGELES,LOS ANGELES,-118.39202117919922,34.17417907714844
94893549,2025,2025-10-20,9565,2025-10-08,835,023935,NA,3,1,5,1928,0,1,1,NA,2,060,I-405 S/B,135TH STREET,500,N,N,A,-,Y,LA,NA,405,NA,NA,19.801,H,NA,L,N,4,0,1,2,A,-,08,22107,NA,N,B,C,A,A,H,-,A,D,0,NA,NA,Y,NA,Y,NA,A,07,0,0,1,0,0,0,0,0,1,-,-,33.91025161743164,-118.3704833984375,LOS ANGELES,HAWTHORNE,-118.3705825805664,33.910247802734375
94893550,2025,2025-10-20,9590,2025-10-13,715,024492,NA,1,1,7,1942,0,1,2,NA,2,070,US-101 N/B (SAF) TO GRAND AVENUE,GRAND AVENUE,40,N,N,A,-,Y,NA,NA,NA,NA,NA,NA,NA,NA,NA,N,3,0,1,2,A,-,07,21658,A,N,B,C,A,A,H,-,A,D,0,NA,NA,NA,Y,Y,NA,-,-,0,1,0,0,0,0,0,0,0,-,-,34.06003189086914,-118.24488830566406,LOS ANGELES,LOS ANGELES,-118.2451629638672,34.058956146240234