CASE_ID,ACCIDENT_YEAR,PROC_DATE,JURIS,COLLISION_DATE,COLLISION_TIME,OFFICER_ID,REPORTING_DISTRICT,DAY_OF_WEEK,CHP_SHIFT,POPULATION,CNTY_CITY_LOC,SPECIAL_COND,BEAT_TYPE,CHP_BEAT_TYPE,CITY_DIVISION_LAPD,CHP_BEAT_CLASS,BEAT_NUMBER,PRIMARY_RD,SECONDARY_RD,DISTANCE,DIRECTION,INTERSECTION,WEATHER_1,WEATHER_2,STATE_HWY_IND,CALTRANS_COUNTY,CALTRANS_DISTRICT,STATE_ROUTE,ROUTE_SUFFIX,POSTMILE_PREFIX,POSTMILE,LOCATION_TYPE,RAMP_INTERSECTION,SIDE_OF_HWY,TOW_AWAY,COLLISION_SEVERITY,NUMBER_KILLED,NUMBER_INJURED,PARTY_COUNT,PRIMARY_COLL_FACTOR,PCF_CODE_OF_VIOL,PCF_VIOL_CATEGORY,PCF_VIOLATION,PCF_VIOL_SUBSECTION,HIT_AND_RUN,TYPE_OF_COLLISION,MVIW,PED_ACTION,ROAD_SURFACE,ROAD_COND_1,ROAD_COND_2,LIGHTING,CONTROL_DEVICE,CHP_ROAD_TYPE,PEDESTRIAN_ACCIDENT,BICYCLE_ACCIDENT,MOTORCYCLE_ACCIDENT,TRUCK_ACCIDENT,NOT_PRIVATE_PROPERTY,ALCOHOL_INVOLVED,STWD_VEHTYPE_AT_FAULT,CHP_VEHTYPE_AT_FAULT,COUNT_SEVERE_INJ,COUNT_VISIBLE_INJ,COUNT_COMPLAINT_PAIN,COUNT_PED_KILLED,COUNT_PED_INJURED,COUNT_BICYCLIST_KILLED,COUNT_BICYCLIST_INJURED,COUNT_MC_KILLED,COUNT_MC_INJURED,PRIMARY_RAMP,SECONDARY_RAMP,LATITUDE,LONGITUDE,COUNTY,CITY,POINT_X,POINT_Y
9489571,2022,2022-09-08,1900,2022-08-17,1355,618055,1132,3,5,6,1992,0,0,0,NA,0,111T4,AVENUE J,TREVOR AV,0,NA,Y,A,-,N,NA,NA,NA,NA,NA,NA,NA,NA,NA,N,4,0,2,2,A,-,09,21801,A,N,D,C,A,A,H,-,A,D,0,NA,NA,NA,NA,Y,NA,A,01,0,0,2,0,0,0,0,0,0,-,-,NA,NA,LOS ANGELES,LANCASTER,-118.1325225830078,34.68944549560547
9489572,2022,2022-09-13,1900,2022-08-19,0734,656370,1192,5,5,6,1992,0,0,0,NA,0,112T2,32ND ST WEST,STILL MEADOW LN,0,NA,Y,A,-,N,NA,NA,NA,NA,NA,NA,NA,NA,NA,N,4,0,3,2,A,-,08,22107,NA,N,B,C,A,A,H,-,A,D,0,NA,NA,NA,NA,Y,NA,A,01,0,0,3,0,0,0,0,0,0,-,-,NA,NA,LOS ANGELES,LANCASTER,-118.18807220458984,34.67366027832031
94895722,2025,2025-10-21,9540,2025-10-14,1050,019254,NA,2,1,9,1900,0,1,1,NA,2,513,I-5 S/B (GOLDEN STATE FREEWAY),SMOKEY BEAR ROAD (U/C),1584,N,N,B,C,Y,LA,NA,5,NA,R,78.354,H,NA,L,Y,3,0,1,1,A,-,03,22350,NA,N,E,I,A,B,H,-,A,D,0,NA,NA,NA,NA,Y,NA,A,01,0,1,0,0,0,0,0,0,0,-,-,34.71315002441406,-118.79827117919922,LOS ANGELES,UNINCORPORATED,-118.79842376708984,34.7131233215332
94895727,2025,2025-10-21,9580,2025-10-12,2125,023532,NA,7,2,7,1942,0,1,3,NA,2,118,SR-118 E/B (RONALD REAGAN FWY.),SR-27 (TOPANGA CANYON BLVD),1200,E,N,A,-,Y,LA,NA,118,NA,R,2.119,H,NA,R,N,3,0,1,1,A,-,03,22350,NA,N,A,I,A,A,H,-,D,D,0,NA,NA,NA,NA,Y,NA,A,01,0,1,0,0,0,0,0,0,0,-,-,34.275718688964844,-118.59976959228516,LOS ANGELES,LOS ANGELES,-118.59970855712892,34.27582931518555
94895753,2025,2025-10-21,9575,2025-10-09,1150,022503,NA,4,1,6,1925,0,1,1,NA,2,050,I-5 N/B (GOLDEN STATE FREEWAY),SONORA AVE,227,N,N,A,-,Y,LA,NA,5,NA,NA,27.598,H,NA,R,Y,4,0,3,3,A,-,08,22107,NA,N,B,2,A,A,H,-,A,D,0,NA,NA,NA,NA,Y,NA,A,01,0,0,3,0,0,0,0,0,0,-,-,34.16204833984375,-118.29357147216795,LOS ANGELES,GLENDALE,-118.29362487792967,34.162025451660156
94895824,2025,2025-10-21,9580,2025-10-13,1340,022966,NA,1,1,7,1942,0,1,3,NA,2,116,SR-118 E/B (RONALD REAGEN FREEWAY) TO WOODLEY AVEN,WOODLEY AVENUE,20,W,N,B,-,Y,NA,NA,NA,NA,NA,NA,NA,NA,NA,N,4,0,1,2,A,-,03,22350,NA,M,C,C,A,A,H,-,A,A,0,NA,NA,NA,NA,Y,NA,A,07,0,0,1,0,0,0,0,0,0,-,-,34.267391204833984,-118.48500823974608,LOS ANGELES,LOS ANGELES,-118.48477172851564,34.26768112182617
94895866,2025,2025-10-21,9530,2025-10-03,140,022022,NA,5,3,7,1942,0,1,1,NA,2,400,I-405 S/B (SAN DIEGO FREEWAY),NORMANDIE AVE.,200,S,N,A,-,Y,LA,NA,405,NA,NA,13.639,H,NA,L,Y,4,0,1,2,A,-,01,23152,A,M,C,C,A,A,H,-,C,D,0,NA,NA,NA,NA,Y,Y,A,01,0,0,1,0,0,0,0,0,0,-,-,33.85969924926758,-118.29556274414064,LOS ANGELES,LOS ANGELES,-118.29556274414064,33.8597297668457
94895909,2025,2025-10-21,9580,2025-10-14,1040,021212,NA,2,1,7,1942,0,1,3,NA,2,171,SR-170 S/B (HOLLYWOOD FWY.),BURBANK BLVD,200,N,N,C,-,Y,LA,NA,170,NA,R,16.251,H,NA,L,Y,4,0,1,2,A,-,07,21658,A,N,B,C,A,B,H,-,A,D,0,NA,NA,NA,Y,Y,NA,A,01,0,0,1,0,0,0,0,0,0,-,-,34.17433166503906,-118.39230346679688,LOS ANGELES,LOS ANGELES,-118.39223480224608,34.17437744140625
94895910,2025,2025-10-21,9535,2025-09-04,1548,024308,NA,4,2,9,1900,0,3,5,NA,2,002,DOWNEY ROAD,HUBBARD STREET,0,NA,Y,A,-,Y,NA,NA,NA,NA,NA,NA,NA,NA,NA,Y,4,0,2,2,A,-,09,21801,A,N,D,C,A,A,H,-,A,A,0,NA,NA,NA,NA,Y,NA,A,07,0,0,2,0,0,0,0,0,0,-,-,34.02634811401367,-118.18012237548828,LOS ANGELES,UNINCORPORATED,-118.18009185791016,34.02631759643555
94895943,2025,2025-10-21,9565,2025-10-09,440,023564,NA,4,3,9,1900,0,1,3,NA,2,051,LINCOLN BOULEVARD,BALI WAY,0,NA,Y,A,-,N,NA,NA,NA,NA,NA,NA,NA,NA,NA,Y,3,0,3,3,A,-,01,23152,A,N,D,2,A,A,H,-,C,A,0,NA,NA,NA,NA,Y,Y,A,01,0,1,2,0,0,0,0,0,0,-,-,33.98242950439453,-118.4410400390625,LOS ANGELES,UNINCORPORATED,-118.44103240966795,33.982444763183594
94895958,2025,2025-10-21,9575,2025-10-12,20,023126,NA,7,3,7,1942,0,1,1,NA,2,050,I-5 N/B (GOLDEN STATE FREEWAY),ZOO DR.,1901,S,N,A,-,Y,LA,NA,5,NA,NA,26.536,H,NA,R,N,4,0,1,2,A,-,08,22107,NA,N,B,E,A,A,H,-,E,D,0,NA,NA,NA,NA,Y,NA,D,22,0,0,1,0,0,0,0,0,0,-,-,34.15134811401367,-118.28118133544922,LOS ANGELES,LOS ANGELES,-118.2812957763672,34.15127182006836
94895960,2025,2025-10-21,9565,2025-10-09,1800,023951,NA,4,2,9,1900,0,3,5,NA,2,005,VIA MARINA,TAHITI WAY,380,N,N,A,-,N,NA,NA,NA,NA,NA,NA,NA,NA,NA,N,2,0,1,1,C,-,18,NA,NA,N,E,I,A,A,H,-,A,D,0,NA,NA,NA,NA,Y,NA,-,-,1,0,0,0,0,0,0,0,0,-,-,33.974639892578125,-118.45813751220705,LOS ANGELES,UNINCORPORATED,-118.45821380615234,33.97462844848633
94895972,2025,2025-10-21,9535,2025-09-18,1012,024519,NA,4,1,9,1900,0,3,5,NA,2,001,ATLANTIC BOULEVARD (300 BLOCK),BEVERLY BOULEVARD,100,N,N,A,-,N,NA,NA,NA,NA,NA,NA,NA,NA,NA,N,3,0,1,2,A,-,08,22107,NA,N,D,G,A,A,H,-,A,A,0,NA,Y,NA,NA,Y,NA,A,01,0,1,0,0,0,0,1,0,0,-,-,34.03242874145508,-118.15332794189452,LOS ANGELES,UNINCORPORATED,-118.153564453125,34.03237533569336
94895976,2025,2025-10-21,9565,2025-10-13,1729,024401,NA,1,2,5,1928,0,1,1,NA,2,060,I-405 NORTHBOUND,MARINE AVENUE,100,N,N,A,-,Y,LA,NA,405,NA,NA,18.713,H,NA,R,N,4,0,1,3,A,-,03,22350,NA,N,C,C,A,A,H,-,A,D,0,NA,NA,NA,NA,Y,NA,A,07,0,0,1,0,0,0,0,0,0,-,-,33.89522171020508,-118.3672332763672,LOS ANGELES,HAWTHORNE,-118.36715698242188,33.89529037475586
94896000,2025,2025-10-21,9565,2025-10-13,1345,022857,NA,1,1,4,1918,0,1,1,NA,2,061,I-405 S/B,VENICE BLVD,15,S,N,B,-,Y,LA,NA,405,NA,NA,27.952,H,NA,L,Y,3,0,2,4,A,-,03,22350,NA,N,C,C,A,A,H,-,A,D,0,NA,NA,NA,NA,Y,NA,A,01,0,2,0,0,0,0,0,0,0,-,-,34.01203918457031,-118.41840362548828,LOS ANGELES,CULVER CITY,-118.41842651367188,34.01202392578125
94896011,2025,2025-11-13,9580,2025-10-18,55,023532,NA,6,3,7,1942,0,1,2,NA,2,105,US-101 N/B (VENTURA FREEWAY),SR-27 (TOPANGA CANYON BLVD),300,N,N,A,-,Y,NA,NA,NA,NA,NA,NA,NA,NA,NA,N,4,0,3,2,A,-,03,22350,NA,N,C,C,A,A,H,-,D,D,0,NA,NA,NA,NA,Y,NA,A,07,0,0,3,0,0,0,0,0,0,-,-,38.59683990478515,-121.49004364013672,LOS ANGELES,LOS ANGELES,-118.60636901855467,34.17087173461914
94896012,2025,2025-10-21,9575,2025-10-12,1805,024136,NA,7,2,9,1900,0,1,3,NA,2,301,SR-2 (ANGELES CREST HIGHWAY),MILE POST MARKER 36.92,20,W,N,A,-,Y,LA,NA,2,NA,NA,36.946,H,NA,R,Y,4,0,2,2,A,-,08,22107,NA,N,D,2,A,A,H,-,A,D,0,NA,NA,NA,NA,Y,NA,A,07,0,0,2,0,0,0,0,0,0,-,-,34.26810073852539,-118.1172103881836,LOS ANGELES,UNINCORPORATED,-118.11724853515624,34.26806640625
94896026,2025,2025-10-21,9540,2025-10-05,520,022404,NA,7,3,6,1985,0,1,3,NA,1,142,SR-14 N/B (ANTELOPE VALLEY FREEWAY),NEWHALL AVE,80,S,N,A,-,Y,LA,NA,14,NA,R,27.022,H,NA,R,Y,2,0,1,1,A,-,08,22107,NA,N,E,I,A,A,H,-,C,D,0,NA,NA,NA,NA,Y,NA,E,22,1,0,0,0,0,0,0,0,0,-,-,34.36471939086914,-118.50348663330078,LOS ANGELES,SANTA CLARITA,-118.5036392211914,34.36478042602539
94896042,2025,2025-11-06,9540,2025-09-23,735,018162,NA,2,1,9,1900,0,3,5,NA,2,400,CEMENT PLANT ROAD,SR-138,7920,N,N,A,-,N,NA,NA,NA,NA,NA,NA,NA,NA,NA,Y,3,0,1,1,A,-,08,22107,NA,N,E,8,A,A,H,-,A,D,0,NA,NA,NA,Y,Y,NA,G,25,0,1,0,0,0,0,0,0,0,-,-,34.80302047729492,-118.73065948486328,LOS ANGELES,UNINCORPORATED,NA,NA
94896052,2025,2025-10-21,9535,2025-09-17,1605,024620,NA,3,2,9,1900,0,3,5,NA,2,002,ATLANTIC BLVD. (600 BLOCK),HUBBARD ST,75,N,N,A,-,N,NA,NA,NA,NA,NA,NA,NA,NA,NA,N,3,0,2,2,A,-,08,22107,NA,N,C,E,A,A,H,-,A,A,0,NA,NA,NA,Y,Y,NA,A,01,0,2,0,0,0,0,0,0,0,-,-,34.02294158935547,-118.15663909912108,LOS ANGELES,UNINCORPORATED,-118.15655517578124,34.02280807495117
9489606,2022,2022-09-07,1955,2022-07-04,1214,40764,100,1,5,6,1955,0,0,0,NA,0,003,SAN ANTONIO AV,HOLT AV,30,N,N,A,-,N,NA,NA,NA,NA,NA,NA,NA,NA,NA,Y,4,0,1,1,A,-,01,23152,NA,M,B,I,A,A,H,-,A,A,0,NA,NA,NA,NA,Y,NA,D,22,0,0,1,0,0,0,0,0,0,-,-,34.062721252441406,-117.73664093017578,LOS ANGELES,POMONA,-117.73664093017578,34.06279373168945
94896061,2025,2025-10-21,9565,2025-10-13,855,022057,NA,1,1,7,1942,0,1,1,NA,2,083,I-10 W/B,ROBERTSON BLVD,800,E,N,A,-,Y,LA,NA,10,NA,R,8.319,H,NA,L,N,4,0,1,2,A,-,03,22350,NA,N,C,C,A,A,H,-,A,D,0,NA,NA,NA,NA,Y,NA,A,07,0,0,1,0,0,0,0,0,0,-,-,34.03404998779297,-118.38581085205078,LOS ANGELES,LOS ANGELES,-118.3857879638672,34.034019470214844
94896072,2025,2025-10-21,9575,2025-10-12,1945,023072,NA,7,2,7,1942,0,1,1,NA,2,061,I-210 E/B (FOOTHILL FREEWAY),CHRISTY AVENUE,1000,W,N,A,-,Y,LA,NA,210,NA,R,8.902,H,NA,R,N,4,0,1,2,A,-,07,21658,A,N,B,C,A,A,H,-,D,D,0,NA,NA,NA,NA,Y,NA,A,07,0,0,1,0,0,0,0,0,0,-,-,34.27330017089844,-118.36237335205078,LOS ANGELES,LOS ANGELES,-118.36237335205078,34.27328109741211
94896077,2025,2025-11-13,9565,2025-10-13,615,023935,NA,1,1,4,1918,0,1,1,NA,2,061,I-405 N/B,BRADDOCK DRIVE,200,S,N,A,-,Y,LA,NA,405,NA,NA,26.875,H,NA,R,N,3,0,2,2,A,-,08,22107,NA,N,B,C,A,A,H,-,A,D,0,NA,NA,Y,NA,Y,NA,A,07,0,1,1,0,0,0,0,0,1,-,-,33.999080657958984,-118.4079818725586,LOS ANGELES,CULVER CITY,-118.407958984375,33.99909210205078
9489610,2022,2022-09-07,1955,2022-07-03,1650,42554,024,7,5,6,1955,0,0,0,NA,0,002,LA VERNE AV,ORANGE GROVE AV,10,E,N,A,-,N,NA,NA,NA,NA,NA,NA,NA,NA,NA,Y,4,0,1,2,A,-,01,23152,A,N,C,C,A,A,H,-,A,A,0,NA,NA,NA,NA,Y,Y,D,22,0,0,1,0,0,0,0,0,0,-,-,34.082210540771484,-117.74633026123048,LOS ANGELES,POMONA,-117.74623870849608,34.082096099853516
94896104,2025,2025-11-13,9575,2025-10-13,1514,023071,NA,1,2,9,1900,0,3,5,NA,2,001,DYER ST. (4600 BLOCK),FAIRMOUNT AVE.,328,N,N,B,-,N,NA,NA,NA,NA,NA,NA,NA,NA,NA,Y,4,0,1,3,A,-,09,21804,A,N,D,C,A,A,H,-,A,D,0,NA,NA,NA,NA,Y,NA,A,01,0,0,1,0,0,0,0,0,0,-,-,34.227630615234375,-118.24102020263672,LOS ANGELES,UNINCORPORATED,-118.24099731445313,34.2275505065918
94896108,2025,2025-10-21,9530,2025-10-08,1410,023418,NA,3,2,9,1900,0,3,5,NA,2,001,SLAUSON AVE.,LONG BEACH AVE.,10,W,N,A,-,N,NA,NA,NA,NA,NA,NA,NA,NA,NA,Y,4,0,1,2,A,-,09,21802,A,N,D,C,A,A,H,-,A,D,0,NA,NA,NA,NA,Y,NA,A,01,0,0,1,0,0,0,0,0,0,-,-,33.98931884765625,-118.24388122558594,LOS ANGELES,UNINCORPORATED,-118.24393463134766,33.9892692565918
94896139,2025,2025-10-21,9540,2025-09-27,1618,024271,NA,6,2,6,1985,0,1,3,NA,2,146,SR-14 N/B (ANTELOPE VALLEY FWY),SOLEDAD CANYON RD,2640,S,N,A,-,Y,LA,NA,14,NA,NA,35.026,H,NA,R,Y,4,0,1,2,A,-,03,22350,NA,N,C,2,A,A,H,-,A,D,0,NA,NA,NA,NA,Y,NA,A,01,0,0,1,0,0,0,0,0,0,-,-,34.431278228759766,-118.39729309082033,LOS ANGELES,SANTA CLARITA,-118.39729309082033,34.4312858581543
94896173,2025,2025-10-21,9575,2025-09-27,157,024266,NA,6,3,9,1900,0,2,4,NA,2,014,MONTROSE AVE (2300 BLOCK),OCEAN VIEW BLVD,533,W,N,C,-,N,NA,NA,NA,NA,NA,NA,NA,NA,NA,N,4,0,1,2,A,-,01,23152,A,N,D,E,A,B,H,-,C,D,0,NA,NA,NA,NA,Y,Y,D,22,0,0,1,0,0,0,0,0,0,-,-,34.209861755371094,-118.2297134399414,LOS ANGELES,UNINCORPORATED,-118.22957611083984,34.209903717041016
94896182,2025,2025-11-13,9565,2025-10-12,1040,023777,NA,7,1,4,1918,0,1,1,NA,2,061,I-405 S/B,CULVER BLVD,180,N,N,A,-,Y,LA,NA,405,NA,NA,27.146,H,NA,L,N,3,0,2,2,A,-,07,21658,A,N,B,C,A,A,H,-,A,D,0,NA,NA,NA,NA,Y,NA,A,07,0,2,0,0,0,0,0,0,0,-,-,34.00223159790039,-118.41063690185548,LOS ANGELES,CULVER CITY,-118.41068267822266,34.0022087097168
94896185,2025,2025-10-21,9540,2025-08-23,1700,023873,NA,6,2,9,1900,0,2,4,NA,2,081,THE OLD RD S/B,HENRY MAYO DR,250,N,N,A,-,N,NA,NA,NA,NA,NA,NA,NA,NA,NA,Y,4,0,1,1,A,-,08,22107,NA,N,E,8,A,A,H,-,A,A,0,NA,NA,NA,NA,Y,NA,A,07,0,0,1,0,0,0,0,0,0,-,-,34.44129180908203,-118.606689453125,LOS ANGELES,UNINCORPORATED,-118.60678863525392,34.44117736816406
94896209,2025,2025-10-21,9590,2025-10-17,950,016230,NA,5,1,7,1942,0,1,1,NA,2,021,I-10 WB (SBF) STATE ST COLLECTOR ROAD,MARENGO STREET,822,W,N,A,-,Y,LA,NA,10,NA,NA,18.877,H,NA,L,N,4,0,1,2,A,-,07,21658,A,N,B,C,A,A,H,-,A,D,0,NA,NA,NA,Y,Y,NA,-,-,0,0,1,0,0,0,0,0,0,-,-,34.05393981933594,-118.2060089111328,LOS ANGELES,LOS ANGELES,-118.20599365234376,34.05375671386719
94896217,2025,2025-10-21,9590,2025-10-17,640,016230,NA,5,1,7,1942,0,1,1,NA,2,040,I-5 N/B (SAF),LORENA STREET,121,S,N,A,-,Y,LA,NA,5,NA,NA,15.615,H,NA,R,N,4,0,1,2,A,-,07,21658,A,N,B,C,A,A,H,-,C,D,0,NA,NA,NA,Y,Y,NA,F,26,0,0,1,0,0,0,0,0,0,-,-,34.02429962158203,-118.20260620117188,LOS ANGELES,LOS ANGELES,-118.20263671875,34.024253845214844
94896236,2025,2025-10-21,9565,2025-10-11,2215,024379,NA,6,3,7,1942,0,1,1,NA,2,062,I-405 N/B TO NATIONAL BLVD,NATIONAL BLVD,350,S,N,A,-,Y,LA,NA,405,NA,NA,29.03,H,NA,R,N,4,0,1,3,A,-,03,22350,NA,N,C,C,A,A,H,-,C,D,0,NA,NA,NA,NA,Y,NA,A,07,0,0,1,0,0,0,0,0,0,-,-,34.02519989013672,-118.4285125732422,LOS ANGELES,LOS ANGELES,-118.42858123779295,34.02516174316406
94896321,2025,2025-10-21,9590,2025-10-13,1743,022750,NA,1,2,7,1942,0,1,1,NA,2,064,I-10 E/B (SANTA MONICA FREEWAY),MAIN STREET,100,W,N,A,-,Y,LA,NA,10,NA,NA,15.534,H,NA,R,N,4,0,1,2,A,-,03,22350,NA,N,C,C,A,A,H,-,A,D,0,NA,NA,NA,NA,Y,NA,A,01,0,0,1,0,0,0,0,0,0,-,-,34.03269958496094,-118.26383209228516,LOS ANGELES,LOS ANGELES,-118.26387786865234,34.03264236450195
94896325,2025,2025-10-21,9530,2025-10-06,1355,024486,NA,1,1,7,1942,0,1,1,NA,2,110,I-110 S/B TO I-105 W/B,108TH ST,350,S,N,A,-,Y,LA,NA,110,NA,NA,14.416,H,NA,L,Y,4,0,1,1,A,-,07,21658,A,N,E,8,A,A,H,-,A,D,0,NA,NA,NA,NA,Y,NA,A,08,0,0,1,0,0,0,0,0,0,-,-,33.937339782714844,-118.28006744384766,LOS ANGELES,LOS ANGELES,-118.28018951416016,33.937339782714844
94896351,2025,2025-10-21,9590,2025-10-15,920,016230,NA,3,1,7,1942,0,1,1,NA,2,021,10 W/B (SBF),STATE STREET,395,E,N,A,-,Y,LA,NA,10,NA,NA,18.6,H,NA,L,N,4,0,1,2,A,-,03,22350,NA,N,C,C,A,A,H,-,A,D,0,NA,NA,NA,NA,Y,NA,A,01,0,0,1,0,0,0,0,0,0,-,-,34.05461883544922,-118.2106704711914,LOS ANGELES,LOS ANGELES,-118.21063995361328,34.0546875
94896361,2025,2025-10-21,9530,2025-10-02,730,023673,NA,4,1,7,1941,0,1,3,NA,2,310,SR-91 E/B (ARTESIA FREEWAY),I-710,90,E,N,A,-,Y,LA,NA,91,NA,R,11.722,H,NA,R,Y,3,0,3,4,A,-,03,22350,NA,N,C,C,A,A,H,-,A,D,0,NA,NA,NA,NA,Y,NA,A,07,0,1,2,0,0,0,0,0,0,-,-,33.87574005126953,-118.19245910644533,LOS ANGELES,LONG BEACH,-118.19241333007813,33.87565994262695
94896366,2025,2025-10-21,9565,2025-10-11,1946,024458,NA,6,2,9,1900,0,1,1,NA,2,010,I-105 W/B,HAWTHORNE BOULEVARD,54,W,N,A,-,Y,LA,NA,105,NA,R,3.028,H,NA,L,N,3,0,7,3,A,-,08,22107,NA,F,B,C,A,A,H,-,D,D,0,NA,NA,NA,NA,Y,NA,A,07,0,7,0,0,0,0,0,0,0,-,-,33.93389892578125,-118.35301971435548,LOS ANGELES,UNINCORPORATED,-118.35302734375,33.933837890625
9489638,2022,2022-12-06,1900,2022-08-16,1330,623660,1625,2,5,5,1977,0,0,0,NA,0,168T,AVALON BL,SCOTTSDALE DR,0,NA,Y,A,-,N,NA,NA,NA,NA,NA,NA,NA,NA,NA,Y,3,0,1,3,A,-,09,21801,NA,N,D,C,A,A,H,-,A,A,0,NA,NA,NA,NA,Y,NA,D,22,0,1,0,0,0,0,0,0,0,-,-,33.81264114379883,-118.26400756835938,LOS ANGELES,CARSON,-118.26399993896484,33.81272888183594
94896382,2025,2025-10-21,9565,2025-10-11,1738,022780,NA,6,2,7,1942,0,1,1,NA,2,082,I-10 E/B (SANTA MONICA FREEWAY),I-405 (SAN DIEGO FREEWAY),2090,W,N,B,-,Y,LA,NA,10,NA,R,5.049,H,NA,R,Y,4,0,1,3,A,-,03,22350,NA,F,C,2,A,A,H,-,A,D,0,NA,NA,NA,NA,Y,NA,A,01,0,0,1,0,0,0,0,0,0,-,-,34.03015899658203,-118.44052886962892,LOS ANGELES,LOS ANGELES,-118.44054412841795,34.030216217041016
94896399,2025,2025-10-21,9530,2025-10-05,1505,024337,NA,7,2,7,1941,0,1,1,NA,2,071,I-710 N/B (LONG BEACH FREEWAY),ARTESIA BLVD.,2500,S,N,A,-,Y,LA,NA,710,NA,NA,12.46,H,NA,R,N,4,0,1,2,A,-,07,21658,A,N,B,C,A,A,H,-,A,D,0,NA,NA,Y,NA,Y,NA,A,01,0,0,1,0,0,0,0,0,1,-,-,33.868350982666016,-118.19571685791016,LOS ANGELES,LONG BEACH,-118.19564056396484,33.868316650390625
94896400,2025,2025-10-21,9535,2025-09-18,1207,024550,NA,4,1,9,1900,0,1,3,NA,2,621,SR-60 W/B (POMONA FREEWAY),SANTA ANITA AVE,10,E,N,A,-,Y,LA,NA,60,NA,NA,10.311,H,NA,L,Y,4,0,1,3,A,-,03,22350,NA,N,C,C,A,A,H,-,A,D,0,NA,NA,NA,NA,Y,NA,A,07,0,0,1,0,0,0,0,0,0,-,-,34.039669036865234,-118.05046081542967,LOS ANGELES,UNINCORPORATED,-118.05046844482422,34.03962326049805
9489642,2022,2022-09-26,1900,2022-08-18,1716,636448,1622,4,5,5,1977,0,0,0,NA,0,164T1,SANTA FE AV,DEL AMO BL,380,S,N,A,-,N,NA,NA,NA,NA,NA,NA,NA,NA,NA,Y,4,0,1,2,A,-,08,22107,NA,M,C,E,A,A,H,-,A,D,0,NA,NA,NA,Y,Y,NA,A,08,0,0,1,0,0,0,0,0,0,-,-,33.845489501953125,-118.21177673339844,LOS ANGELES,CARSON,-118.2118911743164,33.84553909301758
94896423,2025,2025-10-21,9535,2025-10-13,1043,023375,NA,1,1,5,1952,0,1,1,NA,2,075,I-710 S/B (LONG BEACH FREEWAY),COMPTON BLVD,115,S,N,A,-,Y,LA,NA,710,NA,NA,14.42,H,NA,L,Y,4,0,1,3,A,-,03,22350,NA,N,C,C,A,A,H,-,A,D,0,NA,NA,NA,NA,Y,NA,A,01,0,0,1,0,0,0,0,0,0,-,-,33.89585876464844,-118.18782806396484,LOS ANGELES,PARAMOUNT,-118.18777465820313,33.89585494995117
94896429,2025,2025-10-21,9535,2025-09-16,1311,024519,NA,2,1,3,1914,0,1,1,NA,2,501,I-5 SOUTHBOUND (SANTA ANA FREEWAY),TRIGGS STREET,2300,N,N,A,-,Y,LA,NA,5,NA,NA,13.345,H,NA,L,Y,3,0,1,2,A,-,07,21658,A,F,C,C,A,A,H,-,A,D,0,NA,NA,Y,NA,Y,Y,-,99,0,1,0,0,0,0,0,0,1,-,-,34.0135498046875,-118.1661376953125,LOS ANGELES,COMMERCE,-118.16617584228516,34.013492584228516
94896432,2025,2025-10-21,9565,2025-10-11,1233,024500,NA,6,1,9,1900,0,2,4,NA,2,022,EL SEGUNDO BLVD,NORMANDIE AVENUE,0,NA,Y,A,-,N,NA,NA,NA,NA,NA,NA,NA,NA,NA,N,4,0,1,2,A,-,09,21801,A,F,D,C,A,A,H,-,A,A,0,NA,NA,NA,NA,Y,NA,A,07,0,0,1,0,0,0,0,0,0,-,-,33.91651153564453,-118.30043029785156,LOS ANGELES,UNINCORPORATED,-118.30039215087892,33.91642761230469
94896444,2025,2025-10-21,9530,2025-10-10,1130,023576,NA,5,1,7,1941,0,1,1,NA,2,072,I-710 S/B FROM I-405 N/B,I-405,364,N,N,A,-,Y,NA,NA,NA,NA,NA,NA,NA,NA,NA,N,4,0,1,1,A,-,03,22350,NA,N,F,A,A,A,H,-,A,D,0,NA,NA,NA,Y,Y,NA,G,24,0,0,1,0,0,0,0,0,0,-,-,33.827579498291016,-118.20712280273438,LOS ANGELES,LONG BEACH,-118.20762634277344,33.826690673828125
94896455,2025,2025-10-21,9580,2025-10-19,2020,023500,NA,7,2,9,1900,0,1,2,NA,2,105,US-101 S/B (VENTURA FREEWAY),WINNETKA AVE,1320,N,N,A,-,Y,LA,NA,101,NA,NA,23.808,H,NA,L,N,4,0,2,2,A,-,03,22350,NA,M,C,C,A,A,H,-,D,D,0,NA,NA,NA,NA,Y,NA,-,99,0,0,2,0,0,0,0,0,0,-,-,34.16899108886719,-118.57946014404295,LOS ANGELES,UNINCORPORATED,-118.57942962646484,34.16893005371094