CASE_ID,ACCIDENT_YEAR,PROC_DATE,JURIS,COLLISION_DATE,COLLISION_TIME,OFFICER_ID,REPORTING_DISTRICT,DAY_OF_WEEK,CHP_SHIFT,POPULATION,CNTY_CITY_LOC,SPECIAL_COND,BEAT_TYPE,CHP_BEAT_TYPE,CITY_DIVISION_LAPD,CHP_BEAT_CLASS,BEAT_NUMBER,PRIMARY_RD,SECONDARY_RD,DISTANCE,DIRECTION,INTERSECTION,WEATHER_1,WEATHER_2,STATE_HWY_IND,CALTRANS_COUNTY,CALTRANS_DISTRICT,STATE_ROUTE,ROUTE_SUFFIX,POSTMILE_PREFIX,POSTMILE,LOCATION_TYPE,RAMP_INTERSECTION,SIDE_OF_HWY,TOW_AWAY,COLLISION_SEVERITY,NUMBER_KILLED,NUMBER_INJURED,PARTY_COUNT,PRIMARY_COLL_FACTOR,PCF_CODE_OF_VIOL,PCF_VIOL_CATEGORY,PCF_VIOLATION,PCF_VIOL_SUBSECTION,HIT_AND_RUN,TYPE_OF_COLLISION,MVIW,PED_ACTION,ROAD_SURFACE,ROAD_COND_1,ROAD_COND_2,LIGHTING,CONTROL_DEVICE,CHP_ROAD_TYPE,PEDESTRIAN_ACCIDENT,BICYCLE_ACCIDENT,MOTORCYCLE_ACCIDENT,TRUCK_ACCIDENT,NOT_PRIVATE_PROPERTY,ALCOHOL_INVOLVED,STWD_VEHTYPE_AT_FAULT,CHP_VEHTYPE_AT_FAULT,COUNT_SEVERE_INJ,COUNT_VISIBLE_INJ,COUNT_COMPLAINT_PAIN,COUNT_PED_KILLED,COUNT_PED_INJURED,COUNT_BICYCLIST_KILLED,COUNT_BICYCLIST_INJURED,COUNT_MC_KILLED,COUNT_MC_INJURED,PRIMARY_RAMP,SECONDARY_RAMP,LATITUDE,LONGITUDE,COUNTY,CITY,POINT_X,POINT_Y
94896460,2025,2025-10-21,9565,2025-10-11,1159,024500,NA,6,1,9,1900,0,2,4,NA,2,021,112TH ST,VERMONT AVENUE,5,W,N,A,-,N,NA,NA,NA,NA,NA,NA,NA,NA,NA,N,3,0,1,2,D,-,00,NA,NA,N,H,G,A,A,H,-,A,A,0,NA,Y,NA,NA,Y,NA,-,-,0,1,0,0,0,0,1,0,0,-,-,33.93280029296875,-118.29206848144533,LOS ANGELES,UNINCORPORATED,-118.29195404052734,33.932830810546875
94896479,2025,2025-10-21,9525,2025-10-10,855,023939,NA,5,1,9,1900,0,1,3,NA,1,024,CRYSTAL LAKE RD,SR-39 (SAN GABRIEL CANYON RD.),2640,N,N,A,-,Y,NA,NA,NA,NA,NA,NA,NA,NA,NA,N,2,0,1,1,C,-,18,NA,NA,N,E,7,A,A,C,-,A,D,0,NA,NA,NA,NA,Y,NA,-,-,1,0,0,0,0,0,0,0,0,-,-,34.31986999511719,-117.84352111816406,LOS ANGELES,UNINCORPORATED,NA,NA
9489649,2022,2022-09-07,1955,2022-07-28,2050,42685,6,4,5,6,1955,0,0,0,NA,0,002,CENTER ST,GAREY AV,148,W,N,A,-,N,NA,NA,NA,NA,NA,NA,NA,NA,NA,N,3,0,2,2,A,-,06,21750,A,N,D,C,A,A,H,-,C,A,0,NA,NA,Y,NA,Y,NA,C,02,0,2,0,0,0,0,0,0,2,-,-,34.06145095825195,-117.75029754638672,LOS ANGELES,POMONA,-117.75077056884766,34.061405181884766
94896492,2025,2025-11-13,9530,2025-10-10,730,024337,NA,5,1,5,1943,0,1,1,NA,2,210,I-105 W/B (GLENN ANDERSON FWY),ATLANTIC AVENUE,2000,W,N,A,-,Y,LA,NA,105,NA,R,12.48,H,NA,L,N,4,0,1,2,A,-,03,22350,NA,M,C,C,A,A,H,-,A,D,0,NA,NA,NA,NA,Y,NA,-,99,0,0,1,0,0,0,0,0,0,-,-,33.91884994506836,-118.19573974609376,LOS ANGELES,LYNWOOD,-118.19574737548828,33.91883850097656
94896498,2025,2025-10-21,9565,2025-10-11,1114,024500,NA,6,1,5,1928,0,1,1,NA,2,012,I-105 E/B FROM CRENSHAW BLVD,CRENSHAW BLVD,1320,E,N,A,-,Y,LA,NA,105,NA,R,5.006,H,NA,R,N,4,0,1,2,A,-,05,21651,A,N,B,C,A,A,H,-,A,D,0,NA,NA,NA,NA,Y,NA,A,01,0,0,1,0,0,0,0,0,0,-,-,33.92517852783203,-118.32180786132813,LOS ANGELES,HAWTHORNE,-118.32181549072266,33.925262451171875
94896511,2025,2025-10-21,9530,2025-10-10,1810,022978,NA,5,2,9,1900,0,3,5,NA,2,002,COMPTON AVE.,EL SEGUNDO BLVD,325,N,N,A,-,N,NA,NA,NA,NA,NA,NA,NA,NA,NA,N,4,0,1,2,A,-,21,22106,NA,N,C,C,A,A,H,-,C,A,0,NA,NA,NA,NA,Y,NA,A,07,0,0,1,0,0,0,0,0,0,-,-,33.917388916015625,-118.25450897216795,LOS ANGELES,UNINCORPORATED,-118.24624633789064,33.917110443115234
94896517,2025,2025-10-21,9535,2025-09-19,1711,024545,NA,5,2,9,1900,0,1,3,NA,2,600,SR-60 E/B (POMONA FREEWAY),ROWAN AVE,325,W,N,A,-,Y,LA,NA,60,NA,R,2.157,H,NA,R,Y,4,0,1,1,A,-,08,22107,NA,N,E,I,A,A,H,-,A,D,0,NA,NA,NA,NA,Y,NA,A,07,0,0,1,0,0,0,0,0,0,-,-,34.03150939941406,-118.18858337402344,LOS ANGELES,UNINCORPORATED,-118.18859100341795,34.03165817260742
94896518,2025,2025-10-21,9530,2025-10-10,1820,024272,NA,5,2,5,1977,0,1,1,NA,2,410,I-405 N/B (SAN DIEGO FREEWAY),MAIN ST.,300,S,N,A,-,Y,LA,NA,405,NA,NA,12.559,H,NA,R,N,4,0,1,4,A,-,03,22350,NA,N,C,C,A,A,H,-,A,D,0,NA,NA,NA,NA,Y,NA,A,07,0,0,1,0,0,0,0,0,0,-,-,33.852779388427734,-118.27964019775392,LOS ANGELES,CARSON,-118.2795867919922,33.85283279418945
9489653,2022,2022-09-07,1900,2022-06-20,1237,643896,2117,1,5,5,1943,0,0,0,NA,0,212K,ATLANTIC AV,AGNES AV,15,N,N,A,-,N,NA,NA,NA,NA,NA,NA,NA,NA,NA,N,4,0,1,2,A,-,04,21703,NA,N,C,C,A,A,G,-,A,-,0,NA,NA,NA,NA,Y,NA,D,22,0,0,1,0,0,0,0,0,0,-,-,NA,NA,LOS ANGELES,LYNWOOD,-118.19048309326172,33.91401672363281
94896555,2025,2025-10-21,9525,2025-10-01,1719,024655,NA,3,2,9,1900,0,1,1,NA,2,105,I-10 W/B (SAN BERNARDINO FWY),HOLT AVENUE,3168,E,N,A,-,Y,LA,NA,10,NA,NA,39.318,H,NA,L,Y,2,0,1,2,A,-,03,22350,NA,N,C,C,A,A,H,-,A,D,0,NA,NA,Y,NA,Y,NA,C,02,1,0,0,0,0,0,0,0,1,-,-,34.06827163696289,-117.85932159423828,LOS ANGELES,UNINCORPORATED,-117.8593292236328,34.0682373046875
9489657,2022,2022-09-07,1900,2022-08-15,1435,618405,2113,1,5,5,1943,0,0,0,NA,0,212T3,ATLANTIC AV,ELMWOOD AV,0,NA,Y,A,-,N,NA,NA,NA,NA,NA,NA,NA,NA,NA,N,3,0,1,2,A,-,08,22107,NA,F,D,G,A,A,H,-,A,A,0,NA,Y,NA,NA,Y,NA,D,22,0,1,0,0,0,0,1,0,0,-,-,NA,NA,LOS ANGELES,LYNWOOD,-118.18482971191406,33.92768859863281
94896572,2025,2025-10-21,9530,2025-10-10,1720,024409,NA,5,2,9,1900,0,3,5,NA,2,001,SLAUSON AVE,HOOPER AVE,130,W,N,A,-,N,NA,NA,NA,NA,NA,NA,NA,NA,NA,N,4,0,1,2,A,-,03,22350,NA,N,C,C,A,A,H,-,A,D,0,NA,NA,NA,NA,Y,NA,A,01,0,0,1,0,0,0,0,0,0,-,-,33.989280700683594,-118.2526626586914,LOS ANGELES,UNINCORPORATED,-118.25254821777344,33.98931884765625
94896601,2025,2025-10-21,9525,2025-10-17,1500,024135,NA,5,2,5,1926,0,1,1,NA,2,205,I-210 W/B (FOOTHILL FWY),GRAND AVE,1320,E,N,A,-,Y,LA,NA,210,NA,R,42.067,H,NA,L,Y,4,0,1,2,A,-,03,22350,NA,N,C,C,A,A,H,-,A,D,0,NA,NA,NA,NA,Y,NA,A,07,0,0,1,0,0,0,0,0,0,-,-,34.118431091308594,-117.86527252197266,LOS ANGELES,GLENDORA,-117.86524963378906,34.11845397949219
94896606,2025,2025-10-21,9525,2025-10-17,1645,024153,NA,5,2,4,1960,0,1,3,NA,2,571,SR-57 S/B (ORANGE FWY),I-10 W/B (SAN BERNARDINO FWY),200,N,N,A,-,Y,LA,NA,57,NA,R,8.108,H,NA,L,N,4,0,1,2,A,-,03,22350,NA,N,C,C,A,A,H,-,D,D,0,NA,NA,NA,NA,Y,NA,A,07,0,0,1,0,0,0,0,0,0,-,-,34.070640563964844,-117.80853271484376,LOS ANGELES,SAN DIMAS,-117.80841827392578,34.0706672668457
94896608,2025,2025-10-21,9525,2025-10-18,545,024439,NA,6,3,4,1913,0,1,1,NA,2,110,I-10 E/B (SAN BERNARDINO FWY),MILLS AVE.,50,W,N,A,-,Y,LA,NA,10,NA,NA,48.254,H,NA,R,Y,3,0,2,2,A,-,07,21658,A,N,C,C,A,A,H,-,D,D,0,NA,NA,NA,NA,Y,NA,A,01,0,1,1,0,0,0,0,0,0,-,-,34.081790924072266,-117.71054077148438,LOS ANGELES,CLAREMONT,-117.71054077148438,34.081817626953125
94896627,2025,2025-10-21,9525,2025-10-14,624,022770,NA,2,1,4,1946,0,1,1,NA,2,201,I-210 W/B TO HUNTINGTON DRIVE,HUNTINGTON DRIVE,108,N,N,C,-,Y,NA,NA,NA,NA,NA,NA,NA,NA,NA,N,4,0,1,2,A,-,21,22106,NA,N,C,C,A,B,H,-,A,A,0,NA,NA,NA,NA,Y,NA,A,01,0,0,1,0,0,0,0,0,0,-,-,34.14067840576172,-118.01612091064452,LOS ANGELES,MONROVIA,-118.01654815673828,34.1403694152832
94896634,2025,2025-10-21,9525,2025-10-07,2330,024655,NA,2,3,6,1975,0,1,1,NA,2,104,I-10 E/B (SAN BERNARDINO FWY),WEST COVINA PARKWAY,528,W,N,A,-,Y,LA,NA,10,NA,NA,34.182,H,NA,R,Y,4,0,1,1,A,-,01,23152,A,N,E,I,A,A,H,-,C,D,0,NA,NA,NA,NA,Y,Y,A,01,0,0,1,0,0,0,0,0,0,-,-,34.071468353271484,-117.94780731201172,LOS ANGELES,WEST COVINA,-117.94782257080078,34.071563720703125
94896639,2025,2025-10-21,9550,2025-10-10,1345,020014,NA,5,1,9,1900,0,1,1,NA,2,650,INTERSTATE 605 SB,OBREGON ST,220,N,N,A,-,Y,LA,NA,605,NA,R,14.025,H,NA,L,N,4,0,1,2,A,-,03,22350,NA,N,C,C,A,A,H,-,A,D,0,NA,NA,NA,NA,Y,NA,D,22,0,0,1,0,0,0,0,0,0,-,-,33.999961853027344,-118.067626953125,LOS ANGELES,UNINCORPORATED,-118.06771850585938,33.999977111816406
94896644,2025,2025-10-21,9590,2025-09-30,745,021823,NA,2,1,7,1942,0,1,1,NA,2,010,SR-110 (ARROYO SECO PARKWAY),TUNNEL 2,150,N,N,A,-,Y,LA,NA,110,NA,NA,25.256,H,NA,R,Y,4,0,4,4,A,-,03,22350,NA,N,C,C,A,A,H,-,A,D,0,NA,NA,NA,NA,Y,NA,A,08,0,0,4,0,0,0,0,0,0,-,-,34.07691955566406,-118.2299575805664,LOS ANGELES,LOS ANGELES,-118.2299575805664,34.0769157409668
94896645,2025,2025-10-21,9525,2025-10-14,840,023814,NA,2,1,6,1955,0,1,3,NA,2,571,SR-57 S/B (ORANGE FWY),I-10 (SAN BERNARDINO FWY),1690,S,N,B,C,Y,LA,NA,57,NA,R,7.382,H,NA,L,Y,3,0,1,1,A,-,03,22350,NA,N,E,I,A,B,H,-,A,D,0,NA,NA,NA,NA,Y,NA,A,01,0,1,0,0,0,0,0,0,0,-,-,34.06050109863281,-117.80509185791016,LOS ANGELES,POMONA,-117.80517578125,34.060482025146484
94896662,2025,2025-11-13,9575,2025-10-12,1350,024356,NA,7,1,7,1942,0,1,1,NA,2,053,I-5 N/B (GOLDEN STATE FREEWAY),VAN NUYS BLVD.,35,N,N,A,-,Y,LA,NA,5,NA,NA,38.535,H,NA,R,N,4,0,2,3,A,-,03,22350,NA,N,C,C,A,A,H,-,A,D,0,NA,NA,NA,NA,Y,NA,A,07,0,0,2,0,0,0,0,0,0,-,-,34.256980895996094,-118.43508911132813,LOS ANGELES,LOS ANGELES,-118.43517303466795,34.256919860839844
94896708,2025,2025-10-21,9545,2025-10-14,1030,021497,NA,2,1,9,1900,0,1,3,NA,2,031,SR-14 N/B,MOUNTAIN SPRINGS RD,2798,N,N,B,C,Y,LA,NA,14,NA,R,54.31,H,NA,R,Y,4,0,1,1,A,-,03,22350,NA,N,E,I,A,B,H,-,A,D,0,NA,NA,NA,NA,Y,NA,A,01,0,0,1,0,0,0,0,0,0,-,-,34.50782012939453,-118.11286926269533,LOS ANGELES,UNINCORPORATED,-118.11290740966795,34.507835388183594
9489674,2022,2022-09-09,1900,2022-08-24,0900,606632,2922,3,5,5,1990,0,0,0,NA,0,292T1,GOLDEN SPRINGS,PROSPECTORS RD,0,NA,Y,A,-,N,NA,NA,NA,NA,NA,NA,NA,NA,NA,Y,4,0,1,2,A,-,12,21453,A,N,A,C,A,A,H,-,A,A,0,NA,NA,NA,NA,Y,NA,A,01,0,0,1,0,0,0,0,0,0,-,-,34.01691818237305,-117.81111907958984,LOS ANGELES,DIAMOND BAR,-117.81124114990234,34.01694107055664
94896742,2025,2025-10-21,9525,2025-10-14,1045,014593,NA,2,1,5,1990,0,1,3,NA,2,604,SR-60 E/B (POMONA FWY),DIAMOND BAR BLVD,450,E,N,B,C,Y,LA,NA,60,NA,R,25.672,H,NA,R,Y,4,0,1,1,A,-,03,22350,NA,N,E,8,A,B,D,E,A,D,0,NA,NA,NA,NA,Y,NA,A,01,0,0,1,0,0,0,0,0,0,-,-,34.024070739746094,-117.81033325195313,LOS ANGELES,DIAMOND BAR,-117.8102569580078,34.02396774291992
94896744,2025,2025-11-13,9525,2025-10-19,1050,024439,NA,7,1,9,1900,0,3,5,NA,2,003,ECHELON AVE.,MEADOWSIDE ST.,0,NA,Y,A,-,N,NA,NA,NA,NA,NA,NA,NA,NA,NA,Y,3,0,2,2,A,-,09,21802,A,N,D,C,A,A,H,-,A,A,0,NA,NA,NA,NA,Y,NA,A,01,0,1,1,0,0,0,0,0,0,-,-,34.04241943359375,-117.9340362548828,LOS ANGELES,UNINCORPORATED,-117.9340591430664,34.04241943359375
94896781,2025,2025-10-22,9535,2025-09-22,1510,022812,NA,1,2,5,1959,0,1,1,NA,2,400,I-10 (SAN BERNARDINO FREEWAY) E/B,SAN GABRIEL AVENUE,200,E,N,A,-,Y,LA,NA,10,NA,NA,25.999,H,NA,R,N,4,0,1,2,A,-,04,21703,NA,N,C,C,A,A,H,-,A,A,0,NA,NA,NA,Y,Y,NA,G,25,0,0,1,0,0,0,0,0,0,-,-,34.07202911376953,-118.08798980712892,LOS ANGELES,ROSEMEAD,-118.08798980712892,34.07187271118164
94896788,2025,2025-10-22,9565,2025-09-30,1510,021512,NA,2,2,6,1933,0,2,4,NA,2,042,LENNOX BOULEVARD,FREEMAN AVENUE,0,NA,Y,A,-,N,NA,NA,NA,NA,NA,NA,NA,NA,NA,N,4,0,1,2,A,-,10,21950,A,N,G,B,B,A,H,-,A,A,0,Y,NA,NA,NA,Y,NA,A,07,0,0,1,0,1,0,0,0,0,-,-,33.93819046020508,-118.3481903076172,LOS ANGELES,INGLEWOOD,-118.34828186035156,33.93819046020508
94896796,2025,2025-10-22,9550,2025-10-09,2216,024590,NA,4,3,5,1919,0,1,3,NA,2,092,EB 91,NORWALK BLVD,1056,E,N,A,-,Y,LA,NA,91,NA,R,18.864,H,NA,R,Y,3,0,1,1,A,-,08,22107,NA,N,F,A,A,A,H,-,C,D,0,NA,NA,Y,NA,Y,NA,C,02,0,1,0,0,0,0,0,0,1,-,-,33.87635040283203,-118.06900787353516,LOS ANGELES,CERRITOS,-118.06900787353516,33.87643051147461
94896798,2025,2025-10-22,9550,2025-10-07,1340,020923,NA,2,1,6,1949,0,1,1,NA,2,652,I-605 SOUTHBOUND,ALONDRA BLVD,400,S,N,A,-,Y,LA,NA,605,NA,R,5.73,H,NA,L,N,3,0,1,1,A,-,08,22107,NA,N,F,A,A,A,H,-,A,D,0,NA,NA,Y,NA,Y,NA,C,02,0,1,0,0,0,0,0,0,1,-,-,33.88615036010742,-118.10455322265624,LOS ANGELES,NORWALK,-118.10452270507813,33.88615036010742
94896806,2025,2025-10-22,9575,2025-10-06,418,022946,NA,1,3,9,1900,0,1,3,NA,2,300,SR-2 (ANGELES CREST HIGHWAY),MPM 29.59,50,N,N,A,-,Y,LA,NA,2,NA,NA,29.563,H,NA,R,Y,2,0,3,2,A,-,01,23152,A,N,A,C,A,A,H,-,D,A,0,NA,NA,NA,NA,Y,Y,A,07,2,0,1,0,0,0,0,0,0,-,-,34.252349853515625,-118.19757080078124,LOS ANGELES,UNINCORPORATED,-118.1975326538086,34.252357482910156
94896809,2025,2025-10-22,9575,2025-10-09,1315,022503,NA,4,1,7,1942,0,1,1,NA,2,052,I-5 S/B (GOLDEN STATE FREEWAY),LANKERSHIM BLVD.,30,S,N,A,-,Y,LA,NA,5,NA,NA,34.979,H,NA,L,N,4,0,3,2,A,-,03,22350,NA,N,C,2,A,A,H,-,A,D,0,NA,NA,NA,NA,Y,NA,A,01,0,0,3,0,0,0,0,0,0,-,-,34.226600646972656,-118.38755035400392,LOS ANGELES,LOS ANGELES,-118.3875732421875,34.226505279541016
94896811,2025,2025-10-22,9535,2025-09-24,355,023443,NA,3,3,5,1901,0,1,1,NA,2,420,I-10 (SAN BERNARDINO FREEWAY) E/B,ATLANTIC BLVD,1850,W,N,A,-,Y,LA,NA,10,NA,NA,22.972,H,NA,R,Y,3,0,1,1,A,-,08,22107,NA,N,E,I,A,A,H,-,C,D,0,NA,NA,NA,NA,Y,NA,A,01,0,1,0,0,0,0,0,0,0,-,-,34.071170806884766,-118.14070129394533,LOS ANGELES,ALHAMBRA,-118.14070129394533,34.071258544921875
94896814,2024,2025-10-22,9565,2024-08-17,2030,023745,NA,6,2,9,1900,0,3,5,NA,2,004,LARCH AVENUE,111TH STREET,0,NA,Y,A,-,N,NA,NA,NA,NA,NA,NA,NA,NA,NA,N,4,0,1,2,A,-,12,22450,A,F,H,G,A,A,H,-,A,A,0,NA,Y,NA,NA,Y,NA,-,99,0,0,1,0,0,0,1,0,0,-,-,33.93458938598633,-118.3503875732422,LOS ANGELES,UNINCORPORATED,-118.35037231445313,33.9345703125
94896820,2025,2025-10-22,9535,2025-09-26,1659,024497,NA,5,2,9,1900,0,1,3,NA,2,600,SR-60 (POMONA FREEWAY) E/B,I-710 (LONG BEACH FREEWAY),300,E,N,A,-,Y,LA,NA,60,NA,R,3.563,H,NA,R,N,3,0,1,3,A,-,08,22107,NA,N,C,C,A,A,H,-,A,D,0,NA,NA,Y,NA,Y,NA,C,02,0,1,0,0,0,0,0,0,1,-,-,34.036338806152344,-118.16500854492188,LOS ANGELES,UNINCORPORATED,-118.16500854492188,34.036312103271484
94896821,2025,2025-10-22,9535,2025-09-26,1835,024446,NA,5,2,5,1959,0,1,1,NA,2,401,I-10 W/B (SAN BERNARDINO FREEWAY),ROSEMEAD BLVD.,1400,E,N,A,-,Y,LA,NA,10,NA,NA,27.136,H,NA,L,N,4,0,1,2,A,-,04,21703,NA,N,C,C,A,A,H,-,A,D,0,NA,NA,Y,NA,Y,NA,C,02,0,0,1,0,0,0,0,0,1,-,-,34.07242965698242,-118.06819152832033,LOS ANGELES,ROSEMEAD,-118.06819152832033,34.07244873046875
94896852,2025,2025-10-22,9525,2025-10-16,2040,023660,NA,4,2,5,1990,0,1,3,NA,2,574,SR-57 N/B (ORANGE FWY),DIAMOND BAR BL,350,S,N,A,-,Y,LA,NA,57,NA,R,1.865,H,NA,R,N,4,0,2,2,A,-,03,22350,NA,N,C,C,A,A,H,-,C,D,0,NA,NA,NA,NA,Y,NA,A,01,0,0,2,0,0,0,0,0,0,-,-,33.9674186706543,-117.8494873046875,LOS ANGELES,DIAMOND BAR,-117.84950256347656,33.96742630004883
94896855,2025,2025-10-22,9535,2025-09-27,1820,022812,NA,6,2,5,1959,0,1,1,NA,2,401,I-10 (SAN BERNARDINO FREEWAY) W/B,TEMPLE CITY BLVD,600,E,N,A,-,Y,LA,NA,10,NA,NA,28.115,H,NA,L,N,4,0,1,3,A,-,03,22350,NA,N,C,C,A,A,H,-,A,A,0,NA,NA,NA,NA,Y,NA,D,22,0,0,1,0,0,0,0,0,0,-,-,34.07204055786133,-118.05106353759766,LOS ANGELES,ROSEMEAD,-118.05104064941406,34.07207107543945
94896856,2025,2025-10-22,9565,2025-10-17,450,021786,NA,5,3,9,1900,0,3,5,NA,2,006,SEPULVEDA BLVD,WILSHIRE BLVD,40,N,N,A,-,N,NA,NA,NA,NA,NA,NA,NA,NA,NA,Y,4,0,3,2,A,-,01,23152,A,N,D,C,A,A,H,-,C,D,0,NA,NA,NA,NA,Y,Y,D,22,0,0,3,0,0,0,0,0,0,-,-,34.05632019042969,-118.45176696777344,LOS ANGELES,UNINCORPORATED,-118.45166778564452,34.05618667602539
94896862,2025,2026-01-22,9575,2025-10-10,1940,024621,NA,5,2,6,1953,0,1,1,NA,2,063,I-210 E/B (FOOTHILL FREEWAY),THE EAST ROAD EDGE OF LINCOLN AVE.,15,W,N,A,-,Y,LA,NA,210,NA,R,24.187,H,NA,R,Y,3,0,1,2,A,-,07,21658,A,N,C,2,A,A,H,-,C,D,0,NA,NA,Y,NA,Y,NA,A,01,0,1,0,0,0,0,0,0,1,-,-,34.16062927246094,-118.1588134765625,LOS ANGELES,PASADENA,-118.15869903564452,34.160621643066406
94896863,2025,2025-10-22,9525,2025-10-20,1815,023091,NA,1,2,9,1900,0,1,3,NA,1,024,SR-39 (SAN GABRIEL CANYON RD.),THE NARROWS,3009,S,N,A,-,Y,LA,NA,39,NA,NA,33.924,H,NA,R,Y,4,0,1,1,A,-,08,22107,NA,N,F,A,A,A,H,-,D,D,0,NA,NA,Y,NA,Y,NA,C,02,0,0,1,0,0,0,0,0,1,-,-,34.29328155517578,-117.83596801757813,LOS ANGELES,UNINCORPORATED,-117.8359603881836,34.29328536987305
94896865,2025,2025-10-22,9535,2025-09-30,615,023448,NA,2,1,5,1959,0,1,1,NA,2,401,I-10 (SAN BERNARDINO FREEWAY) W/B,WALNUT GROVE AVE,739,E,N,A,-,Y,LA,NA,10,NA,NA,26.493,H,NA,L,N,4,0,1,3,A,-,03,22350,NA,M,C,C,A,A,H,-,A,A,0,NA,NA,NA,NA,Y,NA,A,01,0,0,1,0,0,0,0,0,0,-,-,34.072288513183594,-118.07952880859376,LOS ANGELES,ROSEMEAD,-118.07952880859376,34.07231903076172
94896873,2025,2025-10-22,9530,2025-10-03,2113,024609,NA,5,2,5,1943,0,1,1,NA,2,210,I-105 E/B (GLENN ANDERSON FWY),LONG BEACH BLVD.,2165,W,N,A,-,Y,LA,NA,105,NA,R,11.142,H,NA,R,N,4,0,3,2,A,-,03,22350,NA,M,C,C,A,A,H,-,D,D,0,NA,NA,NA,NA,Y,NA,-,99,0,0,3,0,0,0,0,0,0,-,-,33.92755889892578,-118.21643829345705,LOS ANGELES,LYNWOOD,-118.2164306640625,33.927574157714844
94896888,2025,2025-10-22,9530,2025-10-12,1130,024345,NA,7,1,9,1900,0,1,1,NA,2,120,I-110 S/B (HARBOR FREEWAY),CARSON ST,2059,N,N,A,-,Y,LA,NA,110,NA,NA,7.42,H,NA,L,N,4,0,2,2,A,-,03,22350,NA,N,C,C,A,A,H,-,A,D,0,NA,NA,NA,NA,Y,NA,A,01,0,0,2,0,0,0,0,0,0,-,-,33.83747100830078,-118.28740692138672,LOS ANGELES,UNINCORPORATED,-118.28736114501952,33.83746337890625
94896894,2025,2025-10-22,9530,2025-10-14,1740,023672,NA,2,2,7,1941,0,1,1,NA,2,430,I-405 N/B (SAN DIEGO FREEWAY),WOODRUFF AVE,200,S,N,B,-,Y,LA,NA,405,NA,NA,1.631,H,NA,R,N,4,0,1,2,A,-,03,22350,NA,N,C,C,A,A,H,-,A,D,0,NA,NA,NA,NA,Y,NA,A,01,0,0,1,0,0,0,0,0,0,-,-,33.801788330078125,-118.11431884765624,LOS ANGELES,LONG BEACH,-118.11434173583984,33.801761627197266
94896895,2025,2025-10-22,9530,2025-10-14,1540,023797,NA,2,2,5,1943,0,1,1,NA,2,210,I-105 W/B (GLENN ANDERSON FWY),LONG BEACH BLVD.,5100,E,N,B,C,Y,LA,NA,105,NA,R,12.537,H,NA,L,N,4,0,1,2,A,-,03,22350,NA,N,C,C,A,B,H,-,A,D,0,NA,NA,NA,Y,Y,NA,F,26,0,0,1,0,0,0,0,0,0,-,-,33.91851043701172,-118.19486236572266,LOS ANGELES,LYNWOOD,-118.19488525390624,33.91846466064453
9489705,2022,2022-09-02,1942,2022-08-13,1930,35752,1612,6,5,7,1942,0,0,0,P,0,16X12,FILMORE ST,SUTTER AV,0,NA,Y,A,-,N,NA,NA,NA,NA,NA,NA,NA,NA,NA,N,2,0,1,2,A,-,12,22450,A,N,D,C,A,A,H,-,A,-,0,NA,NA,Y,NA,Y,NA,C,03,1,0,0,0,0,0,0,0,1,-,-,NA,NA,LOS ANGELES,LOS ANGELES,-118.42449951171876,34.26960754394531
9489723,2022,2022-09-06,1900,2022-06-24,2043,529571,1518,5,5,5,1954,0,0,0,NA,0,151K2,BURKE ST,SERAPIS AV,476,E,N,A,-,N,NA,NA,NA,NA,NA,NA,NA,NA,NA,N,2,0,2,3,A,-,00,21954,NA,N,G,B,D,A,H,-,D,D,0,Y,NA,NA,NA,Y,NA,N,60,1,1,0,0,2,0,0,0,0,-,-,33.968318939208984,-118.09980010986328,LOS ANGELES,PICO RIVERA,-118.09988403320313,33.968360900878906
94897239,2025,2025-10-22,9575,2025-10-13,2355,022084,NA,1,3,9,1900,0,1,1,NA,2,062,I-210 E/B (FOOTHILL FREEWAY),OCEAN VIEW BLVD.,125,W,N,B,C,Y,LA,NA,210,NA,R,18.185,H,NA,R,Y,4,0,1,1,A,-,03,22350,NA,N,E,I,A,B,H,-,C,D,0,NA,NA,NA,NA,Y,NA,A,01,0,0,1,0,0,0,0,0,0,-,-,34.211971282958984,-118.22846221923828,LOS ANGELES,UNINCORPORATED,-118.22848510742188,34.21192932128906