CASE_ID,ACCIDENT_YEAR,PROC_DATE,JURIS,COLLISION_DATE,COLLISION_TIME,OFFICER_ID,REPORTING_DISTRICT,DAY_OF_WEEK,CHP_SHIFT,POPULATION,CNTY_CITY_LOC,SPECIAL_COND,BEAT_TYPE,CHP_BEAT_TYPE,CITY_DIVISION_LAPD,CHP_BEAT_CLASS,BEAT_NUMBER,PRIMARY_RD,SECONDARY_RD,DISTANCE,DIRECTION,INTERSECTION,WEATHER_1,WEATHER_2,STATE_HWY_IND,CALTRANS_COUNTY,CALTRANS_DISTRICT,STATE_ROUTE,ROUTE_SUFFIX,POSTMILE_PREFIX,POSTMILE,LOCATION_TYPE,RAMP_INTERSECTION,SIDE_OF_HWY,TOW_AWAY,COLLISION_SEVERITY,NUMBER_KILLED,NUMBER_INJURED,PARTY_COUNT,PRIMARY_COLL_FACTOR,PCF_CODE_OF_VIOL,PCF_VIOL_CATEGORY,PCF_VIOLATION,PCF_VIOL_SUBSECTION,HIT_AND_RUN,TYPE_OF_COLLISION,MVIW,PED_ACTION,ROAD_SURFACE,ROAD_COND_1,ROAD_COND_2,LIGHTING,CONTROL_DEVICE,CHP_ROAD_TYPE,PEDESTRIAN_ACCIDENT,BICYCLE_ACCIDENT,MOTORCYCLE_ACCIDENT,TRUCK_ACCIDENT,NOT_PRIVATE_PROPERTY,ALCOHOL_INVOLVED,STWD_VEHTYPE_AT_FAULT,CHP_VEHTYPE_AT_FAULT,COUNT_SEVERE_INJ,COUNT_VISIBLE_INJ,COUNT_COMPLAINT_PAIN,COUNT_PED_KILLED,COUNT_PED_INJURED,COUNT_BICYCLIST_KILLED,COUNT_BICYCLIST_INJURED,COUNT_MC_KILLED,COUNT_MC_INJURED,PRIMARY_RAMP,SECONDARY_RAMP,LATITUDE,LONGITUDE,COUNTY,CITY,POINT_X,POINT_Y
94897244,2025,2025-10-22,9540,2025-10-14,405,021190,NA,2,3,9,1900,0,1,1,NA,1,503,I-5 S/B,CALGROVE BLVD,2000,S,N,C,-,Y,LA,NA,5,NA,R,48.652,H,NA,L,Y,2,0,1,1,A,-,03,22350,NA,N,E,I,A,B,H,-,C,D,0,NA,NA,NA,NA,Y,NA,A,01,1,0,0,0,0,0,0,0,0,-,-,34.357051849365234,-118.55267333984376,LOS ANGELES,UNINCORPORATED,-118.55274963378906,34.35700225830078
94897255,2025,2025-10-22,9575,2025-10-14,830,023016,NA,2,1,9,1900,0,1,1,NA,2,062,I-210 E/B (FOOTHILL FREEWAY),OCEAN VIEW BLVD,300,W,N,C,-,Y,LA,NA,210,NA,R,18.149,H,NA,R,N,4,0,1,1,A,-,03,22350,NA,N,E,I,A,B,H,-,A,D,0,NA,NA,NA,NA,Y,NA,A,07,0,0,1,0,0,0,0,0,0,-,-,34.21223831176758,-118.22901153564452,LOS ANGELES,UNINCORPORATED,-118.2290496826172,34.212181091308594
9489726,2022,2022-09-07,1900,2022-06-26,1838,645885,2825,7,5,5,1915,0,0,0,NA,0,283T1P,BULLIS RD,ORCHARD ST,0,NA,Y,A,-,N,NA,NA,NA,NA,NA,NA,NA,NA,NA,NA,4,0,2,2,A,-,09,21802,A,N,D,C,A,A,H,-,A,A,0,NA,NA,NA,NA,Y,NA,A,07,0,0,2,0,0,0,0,0,0,-,-,33.91107940673828,-118.206298828125,LOS ANGELES,COMPTON,-118.20616912841795,33.910865783691406
94897266,2025,2025-10-22,9530,2025-09-26,1130,024512,NA,5,1,4,1939,0,1,1,NA,2,400,INTERSTATE 405 N/B TO INGLEWOOD AVENUE,INGLEDOOD AVENUE,150,E,N,B,-,Y,NA,NA,NA,NA,NA,NA,NA,NA,NA,Y,2,0,1,1,A,-,08,22107,NA,N,E,8,A,A,H,-,A,D,0,NA,NA,NA,NA,Y,NA,A,01,1,0,0,0,0,0,0,0,0,-,-,33.89133071899414,-118.36080932617188,LOS ANGELES,LAWNDALE,-118.36093139648438,33.89075469970703
94897275,2025,2025-10-22,9565,2025-08-07,1355,018193,NA,4,1,7,1942,0,1,1,NA,2,062,I-405 S/B,NATIONAL BLVD,340,N,N,A,-,Y,LA,NA,405,NA,NA,29.242,H,NA,L,N,4,0,1,2,A,-,08,22107,NA,N,B,C,A,A,H,-,A,D,0,NA,NA,NA,NA,Y,NA,A,07,0,0,1,0,0,0,0,0,0,-,-,34.0276985168457,-118.43081665039064,LOS ANGELES,LOS ANGELES,-118.43085479736328,34.02768325805664
94897277,2025,2025-10-22,9565,2025-07-27,1917,024500,NA,7,2,9,1900,0,1,1,NA,2,060,I-405 N/B,EL SEGUNDO BLVD,400,N,N,A,-,Y,LA,NA,405,NA,NA,20.4,H,NA,R,N,2,0,1,2,A,-,03,22350,NA,N,C,C,A,A,H,-,A,D,0,NA,NA,Y,NA,Y,NA,C,02,1,0,0,0,0,0,0,0,1,-,-,33.91893005371094,-118.36961364746094,LOS ANGELES,UNINCORPORATED,-118.36956024169922,33.918922424316406
94897279,2025,2025-10-22,9565,2025-06-16,314,024458,NA,1,3,9,1900,0,1,1,NA,2,012,I-105 WB,CRENSHAW BOULEVARD,1900,W,N,A,-,Y,LA,NA,105,NA,R,5.094,H,NA,L,N,3,0,1,2,A,-,21,22106,NA,N,C,C,A,A,H,-,D,A,0,NA,NA,NA,NA,Y,NA,A,07,0,1,0,0,0,0,0,0,0,-,-,33.92572021484375,-118.32023620605467,LOS ANGELES,UNINCORPORATED,-118.32024383544922,33.925655364990234
94897287,2025,2025-10-22,9575,2025-10-14,555,021795,NA,2,3,7,1942,0,1,1,NA,2,052,I-5 S/B (GOLDEN STATE FREEWAY),WICKS ST. PEDESTRIAN OVERCROSSING,100,N,N,B,C,Y,LA,NA,5,NA,NA,35.655,H,NA,L,N,4,0,1,2,A,-,07,21658,A,M,B,2,A,B,H,-,C,D,0,NA,NA,NA,NA,Y,NA,-,99,0,0,1,0,0,0,0,0,0,-,-,34.23078155517578,-118.39823150634766,LOS ANGELES,LOS ANGELES,-118.39827728271484,34.23057556152344
94897307,2025,2025-10-22,9530,2025-10-09,140,022716,NA,4,3,7,1941,0,1,1,NA,2,430,I-405 S/B (SAN DIEGO FREEWAY),STUDEBAKER RD.,2640,N,N,A,-,Y,LA,NA,405,NA,NA,0.971,H,NA,L,Y,3,0,3,2,A,-,08,22107,NA,N,C,C,A,A,H,-,C,D,0,NA,NA,NA,NA,Y,NA,D,22,0,1,2,0,0,0,0,0,0,-,-,33.795291900634766,-118.10591888427734,LOS ANGELES,LONG BEACH,-118.10590362548828,33.79530334472656
9489732,2022,2022-09-07,1900,2022-06-17,1040,652805,2813,5,5,5,1915,0,0,0,NA,0,282T1,WILLOW BROOK AV W,DOUGLAS ST,0,NA,Y,A,-,N,NA,NA,NA,NA,NA,NA,NA,NA,NA,Y,4,0,1,2,A,-,09,21802,A,N,E,C,A,A,H,-,A,A,0,NA,NA,NA,NA,Y,NA,A,01,0,0,1,0,0,0,0,0,0,-,-,33.90544891357422,-118.22608947753906,LOS ANGELES,COMPTON,-118.2260284423828,33.90546417236328
94897350,2024,2025-10-22,9550,2024-06-26,1640,023609,NA,3,2,6,1920,0,1,1,NA,2,651,I-605 NORTHBOUND,FIRESTONE BOULEVARD,560,N,N,A,-,Y,LA,NA,605,NA,R,8.516,H,NA,R,N,4,0,1,2,A,-,03,22350,NA,F,C,C,A,A,H,-,A,D,0,NA,NA,NA,NA,Y,NA,A,01,0,0,1,0,0,0,0,0,0,-,-,33.92639923095703,-118.10355377197266,LOS ANGELES,DOWNEY,-118.103515625,33.926395416259766
94897364,2025,2025-11-12,9530,2025-10-13,1350,024076,NA,1,1,9,1900,0,3,5,NA,2,001,CENTURY BLVD.,SUCCESS AVENUE,0,NA,Y,A,-,N,NA,NA,NA,NA,NA,NA,NA,NA,NA,N,3,0,1,2,A,-,09,21802,A,N,D,D,A,A,H,-,A,A,0,NA,NA,NA,NA,Y,NA,-,-,0,1,0,0,0,0,0,0,0,-,-,33.94565963745117,-118.24913787841795,LOS ANGELES,UNINCORPORATED,-118.24915313720705,33.94560623168945
94897374,2025,2025-10-22,9535,2025-10-10,1712,024519,NA,5,2,6,1922,0,1,1,NA,2,400,I-10 EAST BOUND (SAN BERNARDINO FREEWAY),PECK ROAD,830,W,N,A,-,Y,LA,NA,10,NA,NA,29.258,H,NA,R,Y,3,0,2,5,A,-,03,22350,NA,N,C,C,A,A,H,-,A,D,0,NA,NA,NA,NA,Y,NA,D,22,0,2,0,0,0,0,0,0,0,-,-,34.0678596496582,-118.0322036743164,LOS ANGELES,EL MONTE,-118.0322036743164,34.067867279052734
94897530,2025,2025-10-22,9430,2025-10-14,915,019845,NA,2,1,9,1900,0,1,1,NA,2,051,I-5 (NORTHBOUND),SR-138,2112,N,N,B,C,Y,LA,NA,5,NA,R,83.028,H,NA,R,Y,4,0,2,1,A,-,03,22350,NA,N,E,I,A,B,H,-,A,D,0,NA,NA,NA,NA,Y,NA,A,07,0,0,2,0,0,0,0,0,0,-,-,34.77650833129883,-118.81053161621094,LOS ANGELES,UNINCORPORATED,-118.81040191650392,34.77666091918945
94897548,2025,2025-10-22,9530,2025-10-12,1531,024345,NA,7,2,9,1900,0,1,1,NA,2,120,I-110 N/B (HARBOR FREEWAY),190TH STREET,300,S,N,A,-,Y,LA,NA,110,NA,NA,9.021,H,NA,R,N,4,0,2,2,A,-,03,22350,NA,N,C,C,A,A,H,-,A,D,0,NA,NA,Y,NA,Y,NA,C,02,0,0,2,0,0,0,0,0,1,-,-,33.86054992675781,-118.2846908569336,LOS ANGELES,UNINCORPORATED,-118.2846450805664,33.86055374145508
94897563,2025,2025-10-22,9545,2025-10-15,1735,024677,NA,3,2,6,1950,0,1,3,NA,2,021,SR-14 N/B,PALMDALE BOULEVARD,2640,N,N,A,-,Y,LA,NA,14,NA,R,59.97,H,NA,R,Y,3,0,1,2,A,-,03,22350,NA,N,C,C,A,A,H,-,A,D,0,NA,NA,NA,NA,Y,NA,A,01,0,1,0,0,0,0,0,0,0,-,-,34.5837516784668,-118.1337890625,LOS ANGELES,PALMDALE,-118.13373565673828,34.5837516784668
94897603,2025,2025-10-22,9530,2025-10-15,530,024076,NA,3,3,9,1900,0,3,5,NA,2,004,VICTORIA (3000 BLOCK),SUSANA RD,25,W,N,A,-,N,NA,NA,NA,NA,NA,NA,NA,NA,NA,Y,3,0,1,2,A,-,08,22107,NA,N,D,C,A,A,H,-,A,D,0,NA,NA,NA,Y,Y,NA,A,07,0,1,0,0,0,0,0,0,0,-,-,33.864898681640625,-118.2080535888672,LOS ANGELES,UNINCORPORATED,-118.20471954345705,33.86484146118164
94897607,2025,2025-10-22,9590,2025-09-21,1445,024452,NA,7,2,7,1942,0,1,1,NA,2,012,SR-110 N/B (ARROYO SECO PARKWAY),AVENUE 60,800,N,N,A,-,Y,LA,NA,110,NA,NA,28.933,H,NA,R,N,3,0,1,1,A,-,08,22107,NA,M,E,8,A,A,H,-,A,D,0,NA,NA,Y,NA,Y,NA,C,02,0,1,0,0,0,0,0,0,1,-,-,34.10969924926758,-118.18488311767578,LOS ANGELES,LOS ANGELES,-118.18480682373048,34.10969161987305
94897610,2025,2025-10-22,9545,2025-10-20,630,016124,NA,1,1,9,1900,0,3,5,NA,2,004,PALMDALE BLVD.,70TH STREET EAST,100,W,N,A,-,N,NA,NA,NA,NA,NA,NA,NA,NA,NA,Y,4,0,2,2,A,-,08,22107,NA,N,D,C,A,A,H,-,A,D,0,NA,NA,NA,NA,Y,NA,A,01,0,0,2,0,0,0,0,0,0,-,-,34.57957077026367,-118.00630950927734,LOS ANGELES,UNINCORPORATED,-118.00531768798828,34.57954025268555
94897611,2025,2025-10-22,9530,2025-10-11,2050,022978,NA,6,2,7,1942,0,1,1,NA,2,110,I-110 S/B (HARBOR FREEWAY),CENTURY BLVD.,50,S,N,A,-,Y,LA,NA,110,NA,NA,14.961,H,NA,L,Y,4,0,3,2,A,-,03,22350,NA,N,C,C,A,A,H,-,A,D,0,NA,NA,NA,NA,Y,NA,D,22,0,0,3,0,0,0,0,0,0,-,-,33.9453010559082,-118.2798309326172,LOS ANGELES,LOS ANGELES,-118.27992248535156,33.945308685302734
94897622,2025,2025-11-13,9590,2025-09-20,1447,024547,NA,6,2,7,1942,0,1,1,NA,2,051,I-110 HARBOR FREEWAY (HAF) S/B,W 84TH STREET,0.17,S,N,A,-,Y,LA,NA,110,NA,NA,16.166,H,NA,L,N,3,0,1,2,A,-,03,22350,NA,F,C,C,A,A,H,-,A,D,0,NA,NA,NA,NA,Y,NA,-,99,0,1,0,0,0,0,0,0,0,-,-,33.96268081665039,-118.28121948242188,LOS ANGELES,LOS ANGELES,-118.28093719482422,33.96268081665039
94897627,2025,2025-10-22,9550,2025-10-10,1340,020025,NA,5,1,9,1900,0,1,3,NA,2,601,SR-60 WB,AZUSA AVE,180,E,N,A,-,Y,LA,NA,60,NA,NA,18.018,H,NA,L,Y,3,0,2,3,A,-,03,22350,NA,F,C,C,A,A,H,-,A,D,0,NA,NA,NA,NA,Y,NA,A,01,0,2,0,0,0,0,0,0,0,-,-,33.99689865112305,-117.93038177490234,LOS ANGELES,UNINCORPORATED,-117.93036651611328,33.99694061279297
94897631,2025,2025-10-22,9530,2025-10-11,1232,024495,NA,6,1,7,1942,0,1,1,NA,2,110,I-110 N/B (HARBOR FREEWAY),I-105 E/B (GLENN ANDERSON FWY),50,S,N,A,-,Y,LA,NA,110,NA,NA,13.785,H,NA,R,Y,3,0,1,2,A,-,03,22350,NA,N,C,C,A,A,H,-,A,D,0,NA,NA,Y,NA,Y,NA,C,02,0,1,0,0,0,0,0,0,1,-,-,33.92824172973633,-118.28070068359376,LOS ANGELES,LOS ANGELES,-118.28063201904295,33.92823028564453
94897707,2025,2025-10-22,9530,2025-10-11,1035,024337,NA,6,1,7,1942,0,1,1,NA,2,200,I-105 E/B (GLENN ANDERSON FWY),MAIN ST.,625,E,N,A,-,Y,LA,NA,105,NA,R,7.907,H,NA,R,N,4,0,1,2,A,-,07,21658,A,N,B,C,A,A,H,-,A,D,0,NA,NA,NA,NA,Y,NA,A,07,0,0,1,0,0,0,0,0,0,-,-,33.92744827270508,-118.27171325683594,LOS ANGELES,LOS ANGELES,-118.2717056274414,33.9274787902832
9489773,2022,2022-09-15,1900,2022-08-13,2100,627290,2117,6,5,5,1943,0,0,0,NA,0,212D1,LONG BEACH BL,MINNESOIA AV,25,N,N,A,-,N,NA,NA,NA,NA,NA,NA,NA,NA,NA,N,3,0,1,2,A,-,03,22350,NA,N,C,C,A,A,H,-,A,A,0,NA,NA,NA,NA,Y,NA,A,01,0,1,0,0,0,0,0,0,0,-,-,NA,NA,LOS ANGELES,LYNWOOD,-118.21585845947266,33.94453811645508
94897752,2025,2025-10-22,9565,2025-10-10,1402,023903,NA,5,2,9,1900,0,2,4,NA,2,022,NORMANDIE AVE,103RD ST,0,NA,Y,A,-,N,NA,NA,NA,NA,NA,NA,NA,NA,NA,N,3,0,2,4,A,-,09,21802,A,N,D,C,A,A,H,-,A,A,0,NA,NA,NA,NA,Y,NA,A,01,0,1,1,0,0,0,0,0,0,-,-,33.943180084228516,-118.30027770996094,LOS ANGELES,UNINCORPORATED,-118.30030059814452,33.94320297241211
9489776,2022,2022-09-15,1900,2022-08-15,1920,618405,2112,1,5,5,1943,0,0,0,NA,0,212T3,TWEEDY BL,STATE ST,0,NA,Y,A,-,N,NA,NA,NA,NA,NA,NA,NA,NA,NA,Y,3,0,2,3,A,-,12,21453,A,N,D,C,A,A,H,-,B,A,0,NA,NA,NA,NA,Y,Y,A,01,0,2,0,0,0,0,0,0,0,-,-,NA,NA,LOS ANGELES,LYNWOOD,-118.21361541748048,33.945064544677734
94897767,2025,2025-10-22,9530,2025-10-11,655,024495,NA,6,1,7,1942,0,1,1,NA,2,110,I-110 S/B (HARBOR FREEWAY),ROSECRANS AVE.,1400,N,N,A,-,Y,LA,NA,110,NA,NA,12.153,H,NA,L,N,3,0,1,2,A,-,07,21658,A,M,B,C,A,A,H,-,A,D,0,NA,NA,NA,NA,Y,NA,-,99,0,1,0,0,0,0,0,0,0,-,-,33.90599822998047,-118.28678894042967,LOS ANGELES,LOS ANGELES,-118.28672790527344,33.90599822998047
94897830,2025,2025-10-22,9535,2025-08-21,813,024484,NA,4,1,5,1901,0,1,1,NA,2,420,I-10 E/B (SAN BERNARDINO FREEWAY),GARFIELD AVE.,100,E,N,A,-,Y,LA,NA,10,NA,NA,24.056,H,NA,R,Y,4,0,2,3,A,-,08,22107,NA,M,B,C,A,A,H,-,A,D,0,NA,NA,NA,NA,Y,NA,A,01,0,0,2,0,0,0,0,0,0,-,-,34.07154083251953,-118.12184143066406,LOS ANGELES,ALHAMBRA,-118.12184143066406,34.071468353271484
94897831,2025,2025-10-22,9540,2025-10-10,922,021744,NA,5,1,9,1900,0,2,4,NA,2,012,PICO CANYON RD,MARRIOTT WAY,0,NA,Y,A,-,N,NA,NA,NA,NA,NA,NA,NA,NA,NA,Y,3,0,1,2,A,-,12,21453,A,N,D,C,A,A,H,-,A,A,0,NA,NA,NA,NA,Y,NA,A,01,0,1,0,0,0,0,0,0,0,-,-,34.380279541015625,-118.56884765625,LOS ANGELES,UNINCORPORATED,-118.5688247680664,34.38017272949219
94897859,2025,2025-10-22,9565,2025-10-10,1744,024304,NA,5,2,9,1900,0,2,4,NA,2,042,LENNOX BLVD,GREVILLEA AVE,0,NA,Y,A,-,N,NA,NA,NA,NA,NA,NA,NA,NA,NA,N,3,0,1,2,A,-,11,21954,A,N,G,B,D,A,H,-,B,D,0,Y,NA,NA,NA,Y,Y,N,60,0,1,0,0,1,0,0,0,0,-,-,33.9382209777832,-118.35488128662108,LOS ANGELES,UNINCORPORATED,-118.3548583984375,33.93818283081055
94897865,2025,2025-10-22,9545,2025-10-16,852,024623,NA,4,1,9,1900,0,3,5,NA,2,002,SR-14 S/B FROM SIERRA HWY ON-RAMP,SIERRA HWY,0,NA,Y,A,-,Y,NA,NA,NA,NA,NA,NA,NA,NA,NA,Y,4,0,3,2,A,-,09,21801,A,N,D,C,A,A,H,-,A,A,0,NA,NA,NA,NA,Y,NA,A,01,0,0,3,0,0,0,0,0,0,-,-,34.51131820678711,-118.109619140625,LOS ANGELES,UNINCORPORATED,-118.50720977783205,34.33883285522461
94897990,2025,2025-10-22,9530,2025-10-10,2020,024409,NA,5,2,9,1900,0,3,5,NA,2,001,ALAMEDA ST,NADEAU ST,70,S,N,A,-,N,NA,NA,NA,NA,NA,NA,NA,NA,NA,Y,4,0,1,4,A,-,01,23152,A,M,C,C,A,A,H,-,C,A,0,NA,NA,NA,NA,Y,Y,A,01,0,0,1,0,0,0,0,0,0,-,-,33.96718978881836,-118.23312377929688,LOS ANGELES,UNINCORPORATED,-118.2331771850586,33.967262268066406
94898034,2025,2025-10-22,9540,2025-10-17,820,021744,NA,5,1,9,1900,0,1,1,NA,2,508,I-5 N/B,TEMPLIN HIGHWAY,4000,S,N,A,-,Y,LA,NA,5,NA,R,65.206,H,NA,R,Y,3,0,1,1,A,-,08,22107,NA,N,E,I,A,A,H,-,A,D,0,NA,NA,NA,NA,Y,NA,A,01,0,1,0,0,0,0,0,0,0,-,-,34.561370849609375,-118.68080902099608,LOS ANGELES,UNINCORPORATED,-118.68074035644533,34.56144332885742
94898036,2025,2025-10-22,9575,2025-10-14,1230,019788,NA,2,1,7,1942,0,1,1,NA,2,051,I-5 N/B (GOLDEN STATE FREEWAY),SUNLAND BLVD,500,S,N,B,C,Y,LA,NA,5,NA,NA,33.399,H,NA,R,Y,4,0,2,5,A,-,03,22350,NA,N,C,C,A,B,H,-,A,D,0,NA,NA,NA,Y,Y,NA,G,25,0,0,2,0,0,0,0,0,0,-,-,34.221858978271484,-118.36173248291016,LOS ANGELES,LOS ANGELES,-118.36173248291016,34.22183609008789
94898069,2025,2025-10-22,9540,2025-10-14,1130,021132,NA,2,1,7,1942,0,1,1,NA,1,501,I-5 SOUTHBOUND TRUCK LANES,I-405,50,S,N,B,C,Y,LA,NA,405,NA,NA,48.498,H,NA,R,Y,4,0,1,2,A,-,03,22350,NA,N,C,C,A,B,H,-,A,D,0,NA,NA,NA,Y,Y,NA,F,27,0,0,1,0,0,0,0,0,0,-,-,34.28936004638672,-118.4670867919922,LOS ANGELES,LOS ANGELES,-118.4674072265625,34.28934860229492
94898070,2025,2025-10-22,9545,2025-10-17,1730,024391,NA,5,2,9,1900,0,3,5,NA,2,004,AVENUE P,30TH ST E,3664,E,N,A,-,N,NA,NA,NA,NA,NA,NA,NA,NA,NA,Y,3,0,4,3,A,-,08,22107,NA,N,B,C,A,A,H,-,A,A,0,NA,NA,NA,NA,Y,NA,A,01,0,4,0,0,0,0,0,0,0,-,-,34.60211181640625,-118.0640869140625,LOS ANGELES,UNINCORPORATED,-118.06427001953124,34.60211944580078
94898073,2025,2025-10-22,9545,2025-10-19,1512,024623,NA,7,2,9,1900,0,2,4,NA,1,026,SAN FRANCISQUITO CANYON RD,SPUNKY CANYON RD,25,N,N,A,-,N,NA,NA,NA,NA,NA,NA,NA,NA,NA,N,4,0,3,2,A,-,03,22350,NA,M,C,C,A,A,H,-,A,D,0,NA,NA,NA,NA,Y,Y,-,99,0,0,3,0,0,0,0,0,0,-,-,34.62220001220703,-118.413818359375,LOS ANGELES,UNINCORPORATED,-118.41394805908205,34.622047424316406
94898074,2025,2025-10-22,9540,2025-10-01,1400,021078,NA,3,2,9,1900,0,2,4,NA,2,072,LAKE HUGHES RD. (31700 BLOCK),CASTAIC RD.,300,W,N,A,-,N,NA,NA,NA,NA,NA,NA,NA,NA,NA,N,4,0,1,2,A,-,09,21802,A,N,D,C,A,A,H,-,A,D,0,NA,NA,NA,NA,Y,NA,A,01,0,0,1,0,0,0,0,0,0,-,-,34.496028900146484,-118.62361907958984,LOS ANGELES,UNINCORPORATED,-118.62336730957033,34.49610900878906
94898095,2025,2025-10-22,9535,2025-09-11,850,024519,NA,4,1,6,1922,0,1,1,NA,2,421,I-10 W/B (SAN BERNARDINO FREEWAY),PECK ROAD,350,E,N,A,-,Y,LA,NA,10,NA,NA,29.536,H,NA,L,Y,3,0,1,3,A,-,07,21658,A,N,B,C,A,A,H,-,A,D,0,NA,NA,NA,NA,Y,NA,D,22,0,1,0,0,0,0,0,0,0,-,-,34.06816864013672,-118.02742004394533,LOS ANGELES,EL MONTE,-118.02742004394533,34.06813049316406
94898120,2025,2025-10-22,9525,2025-10-14,848,022770,NA,2,1,4,1946,0,1,1,NA,2,212,I-210 E/B (FOOTHILL FWY),HUNTINGTON DRIVE,1690,E,N,C,-,Y,LA,NA,210,NA,R,33.614,H,NA,R,Y,4,0,1,2,A,-,03,22350,NA,N,E,8,A,B,H,-,A,D,0,NA,NA,NA,NA,Y,NA,A,07,0,0,1,0,0,0,0,0,0,-,-,34.13549041748047,-118.00617218017578,LOS ANGELES,MONROVIA,-118.00617218017578,34.13543701171875
94898139,2025,2025-10-22,9590,2025-10-03,930,024492,NA,5,1,7,1942,0,1,1,NA,2,015,SR-110 S/B (ARROYO SECO PARKWAY),STONEY DRIVE,580,S,N,B,-,Y,LA,NA,110,NA,NA,30.034,H,NA,L,Y,4,0,1,2,A,-,07,21658,A,N,B,C,A,B,H,-,A,D,0,NA,NA,NA,NA,Y,NA,-,-,0,0,1,0,0,0,0,0,0,-,-,34.11737060546875,-118.16970825195313,LOS ANGELES,LOS ANGELES,-118.16971588134766,34.11737823486328
94898147,2025,2025-10-22,9525,2025-10-21,1100,014593,NA,2,1,5,1990,0,1,3,NA,2,603,SR-60 W/B (POMONA FWY),PHILLIPS RANCH RD,3696,W,N,A,-,Y,LA,NA,60,NA,R,27.342,H,NA,L,N,4,0,1,2,A,-,03,22350,NA,N,C,C,A,A,H,-,A,D,0,NA,NA,NA,NA,Y,NA,A,01,0,0,1,0,0,0,0,0,0,-,-,34.02574157714844,-117.78260803222656,LOS ANGELES,DIAMOND BAR,-117.78261566162108,34.025760650634766
94898173,2025,2025-10-22,9590,2025-10-10,2040,023701,NA,5,2,7,1942,0,1,1,NA,2,062,I-10 E/B (SANTA MONICA FREEWAY),FIGUEROA STREET,1503,W,N,A,-,Y,LA,NA,10,NA,NA,14.761,H,NA,R,N,4,0,3,2,A,-,03,22350,NA,F,C,C,A,A,H,-,C,D,0,NA,NA,NA,NA,Y,NA,-,99,0,0,3,0,0,0,0,0,0,-,-,34.03786849975586,-118.27559661865234,LOS ANGELES,LOS ANGELES,-118.2756118774414,34.03807067871094
94898194,2025,2025-10-23,9530,2025-10-11,145,023862,NA,6,3,9,1900,0,3,5,NA,2,002,BROADWAY (BLOCK 240),135TH ST.,290,N,N,A,-,N,NA,NA,NA,NA,NA,NA,NA,NA,NA,N,4,0,1,2,A,-,11,21954,A,M,G,B,E,A,H,-,D,D,0,Y,NA,NA,NA,Y,NA,N,60,0,0,1,0,1,0,0,0,0,-,-,33.90998840332031,-118.2782974243164,LOS ANGELES,UNINCORPORATED,-118.27840423583984,33.90995407104492
94898243,2025,2025-10-23,9550,2025-10-11,228,024558,NA,6,3,9,1900,0,1,1,NA,2,651,I-605 SOUTHBOUND TO SR-91 WESTBOUND,SR-91 WESTBOUND,120,N,N,A,-,Y,NA,NA,NA,NA,NA,NA,NA,NA,NA,Y,2,0,1,1,A,-,03,22350,NA,N,F,I,A,A,H,-,D,D,0,NA,NA,NA,NA,Y,NA,D,22,1,0,0,0,0,0,0,0,0,-,-,33.876949310302734,-118.10426330566406,LOS ANGELES,UNINCORPORATED,-118.10252380371094,33.876102447509766
94898263,2025,2025-10-23,9575,2025-10-14,1900,023072,NA,2,2,9,1900,0,1,3,NA,2,304,SR-2 (ANGELES CREST HIGHWAY),MILE POST MARKER 64.00,427,W,N,B,-,Y,LA,NA,2,NA,NA,63.982,H,NA,R,N,4,0,1,1,C,-,18,NA,NA,N,E,J,A,B,H,-,D,D,0,NA,NA,NA,NA,Y,NA,-,-,0,0,1,0,0,0,0,0,0,-,-,34.35673904418945,-117.85279846191406,LOS ANGELES,UNINCORPORATED,-117.85279846191406,34.35675811767578
94898319,2025,2025-10-23,9550,2025-10-11,1800,023732,NA,6,2,1,1932,0,1,3,NA,2,600,STATE ROUTE 60 (POMONA FREEWAY),CROSSROADS PARKWAY,1426,W,N,A,-,Y,LA,NA,60,NA,NA,12.353,H,NA,R,N,4,0,1,3,A,-,03,22350,NA,N,C,C,A,A,H,-,A,D,0,NA,NA,NA,NA,Y,NA,A,01,0,0,1,0,0,0,0,0,0,-,-,34.02968978881836,-118.01743316650392,LOS ANGELES,INDUSTRY,-118.0175323486328,34.02946853637695
94898340,2025,2025-10-23,9525,2025-10-21,743,019291,NA,2,1,1,1934,0,1,1,NA,2,204,I-210 E/B (FOOTHILL FWY),I-605 N/B (SAN GABRIEL RIVER FWY),1742,E,N,A,-,Y,LA,NA,210,NA,R,36.775,H,NA,R,Y,3,0,1,2,A,-,04,21703,NA,N,C,C,A,A,H,-,A,D,0,NA,NA,NA,NA,Y,NA,A,01,0,1,0,0,0,0,0,0,0,-,-,34.13256072998047,-117.95157623291016,LOS ANGELES,IRWINDALE,-117.95154571533205,34.13264465332031