CASE_ID,ACCIDENT_YEAR,PROC_DATE,JURIS,COLLISION_DATE,COLLISION_TIME,OFFICER_ID,REPORTING_DISTRICT,DAY_OF_WEEK,CHP_SHIFT,POPULATION,CNTY_CITY_LOC,SPECIAL_COND,BEAT_TYPE,CHP_BEAT_TYPE,CITY_DIVISION_LAPD,CHP_BEAT_CLASS,BEAT_NUMBER,PRIMARY_RD,SECONDARY_RD,DISTANCE,DIRECTION,INTERSECTION,WEATHER_1,WEATHER_2,STATE_HWY_IND,CALTRANS_COUNTY,CALTRANS_DISTRICT,STATE_ROUTE,ROUTE_SUFFIX,POSTMILE_PREFIX,POSTMILE,LOCATION_TYPE,RAMP_INTERSECTION,SIDE_OF_HWY,TOW_AWAY,COLLISION_SEVERITY,NUMBER_KILLED,NUMBER_INJURED,PARTY_COUNT,PRIMARY_COLL_FACTOR,PCF_CODE_OF_VIOL,PCF_VIOL_CATEGORY,PCF_VIOLATION,PCF_VIOL_SUBSECTION,HIT_AND_RUN,TYPE_OF_COLLISION,MVIW,PED_ACTION,ROAD_SURFACE,ROAD_COND_1,ROAD_COND_2,LIGHTING,CONTROL_DEVICE,CHP_ROAD_TYPE,PEDESTRIAN_ACCIDENT,BICYCLE_ACCIDENT,MOTORCYCLE_ACCIDENT,TRUCK_ACCIDENT,NOT_PRIVATE_PROPERTY,ALCOHOL_INVOLVED,STWD_VEHTYPE_AT_FAULT,CHP_VEHTYPE_AT_FAULT,COUNT_SEVERE_INJ,COUNT_VISIBLE_INJ,COUNT_COMPLAINT_PAIN,COUNT_PED_KILLED,COUNT_PED_INJURED,COUNT_BICYCLIST_KILLED,COUNT_BICYCLIST_INJURED,COUNT_MC_KILLED,COUNT_MC_INJURED,PRIMARY_RAMP,SECONDARY_RAMP,LATITUDE,LONGITUDE,COUNTY,CITY,POINT_X,POINT_Y
94898349,2025,2025-10-23,9575,2025-10-14,1140,015985,NA,2,1,9,1900,0,1,1,NA,2,063,I-210 W/B (FOOTHILL FREEWAY),OAKWOOD AVENUE,300,E,N,B,C,Y,LA,NA,210,NA,R,20.329,H,NA,L,N,2,0,1,1,A,-,03,22350,NA,N,E,8,A,B,H,-,A,D,0,NA,NA,NA,NA,Y,NA,A,01,1,0,0,0,0,0,0,0,0,-,-,34.20383071899414,-118.19317626953124,LOS ANGELES,UNINCORPORATED,-118.19317626953124,34.203834533691406
94898362,2025,2025-10-23,9590,2025-10-10,1235,024492,NA,5,1,7,1942,0,1,1,NA,2,052,I-110 S/B (HARBOR FREEWAY),OLYMPIC BOULEVARD,425,N,N,A,-,Y,LA,NA,110,NA,NA,22.225,H,NA,L,N,4,0,1,2,A,-,07,21658,A,M,B,C,A,A,H,-,A,D,0,NA,NA,NA,NA,Y,NA,-,99,0,0,1,0,0,0,0,0,0,-,-,34.047481536865234,-118.26746368408205,LOS ANGELES,LOS ANGELES,-118.26747894287108,34.04750061035156
94898370,2025,2025-10-23,9525,2025-10-14,1745,024575,NA,2,2,9,1900,0,1,1,NA,2,105,I-10 W/B (SAN BERNARDINO FWY),HOLT AVENUE,1584,E,N,B,C,Y,LA,NA,10,NA,NA,39.466,H,NA,L,Y,4,0,2,2,A,-,03,22350,NA,N,C,C,A,B,H,-,A,D,0,NA,NA,NA,NA,Y,NA,A,01,0,0,2,0,0,0,0,0,0,-,-,34.068241119384766,-117.85678863525392,LOS ANGELES,UNINCORPORATED,-117.85678100585938,34.06816482543945
94898376,2025,2025-10-23,9525,2025-10-21,957,019291,NA,2,1,3,1921,0,1,1,NA,2,201,I-210 W/B (FOOTHILL FWY),BUENA VISTA ST,50,E,N,A,-,Y,LA,NA,210,NA,R,35.272,H,NA,L,N,4,0,1,2,A,-,04,21703,NA,N,C,C,A,A,H,-,A,D,0,NA,NA,NA,NA,Y,NA,A,08,0,0,1,0,0,0,0,0,0,-,-,34.135501861572266,-117.97725677490234,LOS ANGELES,DUARTE,-117.97725677490234,34.13542556762695
94898389,2025,2025-11-13,9525,2025-10-22,220,023815,NA,3,3,4,1905,0,1,1,NA,2,204,I-210 E/B FROM AZUSA AVE.,AZUSA AVE,45,E,N,A,-,Y,NA,NA,NA,NA,NA,NA,NA,NA,NA,Y,4,0,1,1,A,-,08,22107,NA,N,E,I,A,A,H,-,C,D,0,NA,NA,NA,NA,Y,NA,A,07,0,0,1,0,0,0,0,0,0,-,-,34.1202507019043,-117.9079818725586,LOS ANGELES,AZUSA,-117.90730285644533,34.12051010131836
9489841,2022,2022-10-07,1900,2022-08-16,1442,609636,0542,2,5,3,1921,0,0,0,NA,0,58T1PM,EVERGREEN ST,SANTO DOMINGO AV,0,NA,Y,A,-,N,NA,NA,NA,NA,NA,NA,NA,NA,NA,Y,3,0,1,2,A,-,03,22350,NA,N,D,C,A,A,H,-,A,D,0,NA,NA,NA,Y,Y,NA,A,01,0,1,0,0,0,0,0,0,0,-,-,34.1350212097168,-117.96443939208984,LOS ANGELES,DUARTE,-117.96445,34.135052
94898428,2025,2025-10-23,9575,2025-10-15,1830,022336,NA,3,2,6,1953,0,1,3,NA,2,040,SR-134 W/B (VENTURA FREEWAY),LINDA VISTA AVE.,80,E,N,A,-,Y,LA,NA,134,NA,R,12.599,H,NA,L,N,4,0,1,2,A,-,03,22350,NA,M,C,C,A,A,H,-,B,D,0,NA,NA,NA,NA,Y,NA,-,99,0,0,1,0,0,0,0,0,0,-,-,34.14535140991211,-118.16710662841795,LOS ANGELES,PASADENA,-118.16706848144533,34.14527893066406
94898448,2025,2025-10-23,9550,2025-10-11,1035,023825,NA,6,1,9,1900,0,3,5,NA,2,002,COLIMA RD,DUNTON RD,160,S,N,A,-,N,NA,NA,NA,NA,NA,NA,NA,NA,NA,N,4,0,2,2,A,-,03,22350,NA,N,C,C,A,A,H,-,A,D,0,NA,NA,NA,NA,Y,NA,D,22,0,0,2,0,0,0,0,0,0,-,-,33.93758010864258,-118.01516723632813,LOS ANGELES,UNINCORPORATED,-118.01502227783205,33.93760299682617
94898457,2025,2025-10-23,9565,2025-07-08,1655,023365,NA,2,2,9,1900,0,2,4,NA,2,042,LENNOX BOULEVARD,GREVILLEA AVENUE,0,NA,Y,A,-,N,NA,NA,NA,NA,NA,NA,NA,NA,NA,Y,4,0,1,3,A,-,09,21802,A,N,D,C,A,A,H,-,A,A,0,NA,NA,NA,NA,Y,NA,A,01,0,0,1,0,0,0,0,0,0,-,-,33.93815994262695,-118.35485076904295,LOS ANGELES,UNINCORPORATED,-118.3548583984375,33.93818283081055
94898469,2025,2025-10-23,9565,2025-10-10,1935,024379,NA,5,2,7,1942,0,1,1,NA,2,063,I-405 S/B,SANTA MONICA BOULEVARD,500,N,N,A,-,Y,LA,NA,405,NA,NA,31.444,H,NA,L,N,4,0,1,3,A,-,03,22350,NA,N,C,C,A,A,H,-,C,D,0,NA,NA,NA,NA,Y,NA,A,01,0,0,1,0,0,0,0,0,0,-,-,34.054378509521484,-118.45111846923828,LOS ANGELES,LOS ANGELES,-118.45111083984376,34.054386138916016
9489847,2022,2022-09-09,1942,2022-08-22,0935,42932,0185,1,5,7,1942,0,0,0,A,0,24TL24,12TH ST,BROADWAY,0,NA,Y,A,-,N,NA,NA,NA,NA,NA,NA,NA,NA,NA,N,3,0,2,5,A,-,03,22350,NA,N,B,C,A,A,H,-,A,D,0,NA,NA,NA,NA,Y,NA,A,01,0,1,1,0,0,0,0,0,0,-,-,NA,NA,LOS ANGELES,LOS ANGELES,-118.2602767944336,34.03815460205078
94898475,2025,2025-10-23,9575,2025-10-14,2329,022946,NA,2,3,7,1942,0,1,1,NA,2,050,I-5 N/B (GOLDEN STATE FREEWAY),SR-134 E/B (VENTURA FREEWAY),275,N,N,C,-,Y,LA,NA,5,NA,NA,26.726,H,NA,R,Y,3,0,1,1,A,-,03,22350,NA,N,E,8,A,B,H,-,D,D,0,NA,NA,NA,Y,Y,NA,G,25,0,1,0,0,0,0,0,0,0,-,-,34.15264892578125,-118.28378295898438,LOS ANGELES,LOS ANGELES,-118.2837371826172,34.152732849121094
94898484,2025,2025-10-23,9575,2025-10-16,800,023016,NA,4,1,6,1925,0,1,1,NA,2,050,I-5 S/B (GOLDEN STATE FREEWAY),WESTERN AVE,145,S,N,A,-,Y,LA,NA,5,NA,NA,27.812,H,NA,L,N,4,0,1,3,A,-,03,22350,NA,N,C,2,A,A,H,-,A,D,0,NA,NA,NA,NA,Y,NA,D,22,0,0,1,0,0,0,0,0,0,-,-,34.16410827636719,-118.29627227783205,LOS ANGELES,GLENDALE,-118.2961654663086,34.164207458496094
94898487,2025,2025-10-23,9525,2025-10-14,1758,024575,NA,2,2,9,1900,0,1,1,NA,2,105,I-10 W/B (SAN BERNARDINO FWY),HOLT AVE,4224,E,N,B,C,Y,LA,NA,10,NA,NA,39.939,H,NA,L,Y,4,0,1,3,A,-,03,22350,NA,N,C,C,A,B,H,-,A,D,0,NA,NA,NA,NA,Y,NA,A,01,0,0,1,0,0,0,0,0,0,-,-,34.06837844848633,-117.8485870361328,LOS ANGELES,UNINCORPORATED,-117.8485870361328,34.06837463378906
9489849,2022,2022-09-09,1900,2022-08-15,1612,519502,0562,1,5,3,1968,0,0,0,NA,0,55T1PM,DURFEE AV,THIENES AV,0,NA,Y,A,-,N,NA,NA,NA,NA,NA,NA,NA,NA,NA,Y,2,0,1,2,A,-,12,21453,A,F,D,C,A,A,H,-,A,A,0,NA,NA,NA,NA,Y,NA,D,22,1,0,0,0,0,0,0,0,0,-,-,34.04317855834961,-118.03307342529295,LOS ANGELES,SOUTH EL MONTE,-118.03298950195313,34.04319381713867
9489850,2022,2022-09-15,1900,2022-06-10,2340,644775,2823,5,5,5,1915,0,0,0,NA,0,281T1,ROSECRANS AV,WILMINGTON AV,40,E,N,A,-,N,NA,NA,NA,NA,NA,NA,NA,NA,NA,N,4,0,3,3,A,-,03,22350,NA,N,C,C,A,A,H,-,C,D,0,NA,NA,NA,NA,Y,NA,A,08,0,0,3,0,0,0,0,0,0,-,-,33.903411865234375,-118.23780059814452,LOS ANGELES,COMPTON,-118.23800659179688,33.90325164794922
94898513,2025,2025-10-23,9565,2025-10-01,1948,023171,NA,3,2,9,1900,0,1,1,NA,2,083,I-10 E/B,LA CIENEGA BLVD.,250,W,N,A,-,Y,LA,NA,10,NA,R,8.404,H,NA,R,N,4,0,1,4,A,-,03,22350,NA,N,C,C,A,A,H,-,C,D,0,NA,NA,NA,NA,Y,NA,A,01,0,0,1,0,0,0,0,0,0,-,-,34.03453826904297,-118.38448333740234,LOS ANGELES,UNINCORPORATED,-118.38449096679688,34.034549713134766
94898514,2025,2025-11-13,9525,2025-10-18,1755,024522,NA,6,2,5,1926,0,1,3,NA,2,572,SR-57 N/B TO I-210 W/B,AUTO CENTRE DRIVE,2640,N,N,A,-,Y,LA,NA,57,NA,R,12.187,H,NA,R,N,4,0,1,2,A,-,03,22350,NA,N,C,C,A,A,H,-,A,D,0,NA,NA,NA,NA,Y,NA,A,01,0,0,1,0,0,0,0,0,0,-,-,34.12165069580078,-117.83203125,LOS ANGELES,GLENDORA,-117.83203125,34.12165069580078
9489853,2022,2022-09-15,1900,2022-08-05,2036,624140,0560,5,5,3,1968,0,0,0,NA,0,55K1PM,ROSEMEAD BL,GARVEY AV,101,N,N,A,-,Y,LA,7,164,-,-,4.83,H,-,S,Y,3,0,1,3,A,-,08,22107,NA,N,C,C,A,A,H,-,C,A,0,NA,NA,NA,NA,Y,NA,A,07,0,1,0,0,0,0,0,0,0,-,-,34.062889099121094,-118.0656280517578,LOS ANGELES,SOUTH EL MONTE,-118.06562042236328,34.06293487548828
9489856,2022,2022-09-12,1942,2022-04-16,1545,40315,0706,6,5,7,1942,0,0,0,G,0,27TL46,HIGHLAND AV,WARING AV,125,S,N,A,-,N,NA,NA,NA,NA,NA,NA,NA,NA,NA,Y,4,0,4,4,A,-,03,22350,NA,F,C,C,A,A,H,-,A,A,0,NA,NA,NA,NA,Y,NA,A,07,0,0,4,0,0,0,0,0,0,-,-,NA,NA,LOS ANGELES,LOS ANGELES,-118.33859252929688,34.08491897583008
94898561,2025,2025-11-13,9565,2025-10-10,2046,024304,NA,5,2,9,1900,0,2,4,NA,1,041,LENNOX BLVD,HAWTHORNE BLVD,0,NA,Y,A,-,N,NA,NA,NA,NA,NA,NA,NA,NA,NA,N,4,0,1,2,A,-,10,21950,A,F,G,B,B,A,H,-,C,A,0,Y,NA,NA,NA,Y,NA,-,99,0,0,1,0,1,0,0,0,0,-,-,33.93815994262695,-118.35238647460938,LOS ANGELES,UNINCORPORATED,-118.35271453857422,33.93818283081055
94898567,2025,2025-11-13,9525,2025-10-16,1418,024349,NA,4,2,6,1955,0,1,3,NA,2,072,SR-71 N/B (CHINO VALLEY FWY),RIO RANCHO RD,3696,S,N,A,-,Y,LA,NA,71,NA,R,4.389,H,NA,R,Y,3,0,3,4,A,-,03,22350,NA,N,C,C,A,A,H,-,A,D,0,NA,NA,NA,NA,Y,NA,A,08,0,1,2,0,0,0,0,0,0,-,-,34.0235710144043,-117.74938201904295,LOS ANGELES,POMONA,-117.74961090087892,34.02339553833008
9489859,2022,2022-09-13,1942,2022-07-21,1215,37505,0152,4,5,7,1942,0,0,0,A,0,24TL23,WILSHIRE BL,HOPE ST,0,NA,Y,A,-,N,NA,NA,NA,NA,NA,NA,NA,NA,NA,N,2,0,1,2,A,-,12,21453,A,N,D,C,A,A,H,-,A,A,0,NA,NA,NA,NA,Y,NA,M,94,1,0,0,0,0,0,0,0,0,-,-,NA,NA,LOS ANGELES,LOS ANGELES,-118.257080078125,34.04863739013672
9489864,2022,2022-09-12,1942,2022-05-20,1425,42686,2056,5,5,7,1942,0,0,0,NA,0,20A16,OLYMPIC BL,BERENDO ST,0,NA,Y,B,-,N,NA,NA,NA,NA,NA,NA,NA,NA,NA,N,4,0,2,2,A,-,08,22100,A,N,D,C,A,A,H,-,A,A,0,NA,NA,NA,NA,Y,NA,A,01,0,0,2,0,0,0,0,0,0,-,-,NA,NA,LOS ANGELES,LOS ANGELES,-118.29369354248048,34.052669525146484
9489877,2022,2022-09-09,1900,2022-08-02,1746,618357,0531,2,5,5,1959,0,0,0,NA,0,531PM,VALLEY BL,STRANG AV,27,N,N,A,-,N,NA,NA,NA,NA,NA,NA,NA,NA,NA,N,4,0,1,3,A,-,04,21703,NA,N,C,C,A,A,H,-,A,A,0,NA,NA,NA,NA,Y,NA,D,22,0,0,1,0,0,0,0,0,0,-,-,34.080421447753906,-118.0560302734375,LOS ANGELES,ROSEMEAD,-118.05609130859376,34.08043670654297
9489885,2022,2022-09-09,1900,2022-08-07,2235,627716,0530,7,5,5,1959,0,0,0,NA,0,53T1EM,WALNUT GROVE AV,BLUE CIR,71,N,N,A,-,N,NA,NA,NA,NA,NA,NA,NA,NA,NA,Y,3,0,2,3,A,-,01,23152,A,N,C,E,A,A,H,-,C,D,0,NA,NA,NA,NA,Y,Y,A,01,0,1,1,0,0,0,0,0,0,-,-,34.08654022216797,-118.08203125,LOS ANGELES,ROSEMEAD,-118.08210754394533,34.0864143371582
9489894,2022,2022-09-08,1967,2022-07-29,0904,153,NA,5,5,2,1967,0,0,0,NA,0,SOUTH,CHERRY AV,SKYLINE DR,0,NA,Y,A,-,N,NA,NA,NA,NA,NA,NA,NA,NA,NA,N,4,0,6,8,C,-,18,NA,NA,N,C,C,A,A,H,-,A,A,0,NA,NA,NA,NA,Y,NA,-,-,0,0,6,0,0,0,0,0,0,-,-,NA,NA,LOS ANGELES,SIGNAL HILL,-118.16754913330078,33.800750732421875
9489895,2022,2022-10-13,1942,2022-08-05,0600,42901,1443,5,5,7,1942,0,0,0,N,0,27TL25,VENICE BL,NAPLES AV,158,E,N,A,-,N,NA,NA,NA,NA,NA,NA,NA,NA,NA,N,1,1,0,2,A,-,11,21954,A,N,G,B,E,A,H,-,C,D,0,Y,NA,NA,Y,Y,NA,N,60,0,0,0,1,0,0,0,0,0,-,-,NA,NA,LOS ANGELES,LOS ANGELES,-118.4533920288086,33.9936408996582
9489897,2022,2022-09-08,1900,2022-07-30,1435,430275,1510,6,5,5,1954,0,0,0,NA,0,151T1,WHITTIER BL,ACACIA ST,0,NA,Y,A,-,N,NA,NA,NA,NA,NA,NA,NA,NA,NA,N,4,0,1,3,A,-,03,22350,NA,N,C,C,A,A,H,-,A,A,0,NA,NA,NA,NA,Y,NA,D,22,0,0,1,0,0,0,0,0,0,-,-,34.00199890136719,-118.0854034423828,LOS ANGELES,PICO RIVERA,-118.0855712890625,34.00199890136719
94898985,2025,2025-10-23,9540,2025-10-13,2110,022225,NA,1,2,9,1900,0,2,4,NA,2,031,THE OLD ROAD,HASLEY CANYON ROAD,0,NA,Y,A,-,N,NA,NA,NA,NA,NA,NA,NA,NA,NA,N,4,0,3,2,A,-,09,21803,A,N,D,C,A,A,H,-,C,D,0,NA,NA,NA,NA,Y,NA,A,01,0,0,3,0,0,0,0,0,0,-,-,38.59683990478515,-121.49004364013672,LOS ANGELES,UNINCORPORATED,-118.61707305908205,34.456050872802734
9489899,2022,2022-10-06,1942,2022-08-02,1225,41671,0663,2,5,7,1942,0,0,0,F,0,27TL48,SANTA MONICA BL,SEWARD ST,310,W,N,A,-,Y,LA,7,2,-,-,11.14,H,-,E,Y,3,0,2,3,A,-,17,23115,A,F,H,J,A,A,H,-,A,D,0,NA,NA,NA,Y,Y,NA,-,99,0,1,1,0,0,0,0,0,0,-,-,NA,NA,LOS ANGELES,LOS ANGELES,-118.3342514038086,34.09073257446289
9489903,2022,2022-09-09,1942,2022-08-06,2310,32297,2076,6,5,7,1942,0,0,0,NA,0,20XL3,PICO BL,BERENDO ST,25,W,N,A,-,N,NA,NA,NA,NA,NA,NA,NA,NA,NA,N,4,0,2,2,A,-,04,21703,NA,F,C,C,A,A,H,-,C,D,0,NA,NA,NA,NA,Y,NA,D,22,0,0,2,0,0,0,0,0,0,-,-,NA,NA,LOS ANGELES,LOS ANGELES,-118.29376983642578,34.047279357910156
94899030,2025,2025-10-27,9540,2025-09-25,250,023751,NA,4,3,9,1900,0,1,3,NA,2,147,SR-14 S/B,ESCONDIDO CANYON ROAD,5227,N,N,A,-,Y,LA,NA,14,NA,NA,44.277,H,NA,L,Y,3,0,3,2,A,-,03,22350,NA,N,C,C,A,A,H,-,D,D,0,NA,NA,NA,NA,Y,NA,A,01,0,3,0,0,0,0,0,0,0,-,-,34.497711181640625,-118.2677993774414,LOS ANGELES,UNINCORPORATED,-118.26779174804688,34.497650146484375
94899033,2025,2025-10-23,9540,2025-10-05,720,024413,NA,7,1,9,1900,0,2,4,NA,1,201,DAVENPORT RD,SUMMIT KNOLL RD,3600,S,N,A,-,Y,NA,NA,NA,NA,NA,NA,NA,NA,NA,N,4,0,2,2,A,-,03,22350,NA,N,C,C,A,A,H,-,A,D,0,NA,NA,NA,NA,Y,NA,A,01,0,0,2,0,0,0,0,0,0,-,-,34.47957992553711,-118.36914825439452,LOS ANGELES,UNINCORPORATED,-118.34744262695313,34.47954559326172
9489905,2022,2022-09-09,1900,2022-08-06,1140,430275,1513,6,5,5,1954,0,0,0,NA,0,151T1,PARAMOUNT BL,ROSEHEDGE DR,68,S,N,A,-,N,NA,NA,NA,NA,NA,NA,NA,NA,NA,Y,3,0,1,1,A,-,08,22107,NA,N,E,I,A,A,H,-,A,D,0,NA,NA,NA,NA,Y,NA,D,22,0,1,0,0,0,0,0,0,0,-,-,33.99720001220703,-118.09223175048828,LOS ANGELES,PICO RIVERA,-118.0919189453125,33.997982025146484
94899055,2025,2025-11-13,9540,2025-10-16,1315,021118,NA,4,1,9,1900,0,2,4,NA,1,102,HASLEY CANYON RD,CAMBRIDGE AVE,0,NA,Y,A,-,N,NA,NA,NA,NA,NA,NA,NA,NA,NA,Y,4,0,1,2,A,-,09,21801,A,N,D,C,A,A,H,-,A,D,0,NA,NA,NA,NA,Y,NA,A,07,0,0,1,0,0,0,0,0,0,-,-,34.45486068725586,-118.62133026123048,LOS ANGELES,UNINCORPORATED,-118.62142944335938,34.4549446105957
94899082,2025,2025-10-23,9525,2025-10-10,1615,024154,NA,5,2,9,1900,0,3,5,NA,2,002,GHENT STREET (BLOCK #18400 E),EDENFIELD AVENUE (BLOCK #5600 N),50,E,N,A,-,N,NA,NA,NA,NA,NA,NA,NA,NA,NA,Y,3,0,2,3,A,-,08,22107,NA,N,C,2,A,A,H,-,A,D,0,NA,NA,NA,NA,Y,NA,A,01,0,1,1,0,0,0,0,0,0,-,-,34.11500930786133,-117.89147186279295,LOS ANGELES,UNINCORPORATED,-117.89144897460938,34.11500930786133
9489909,2022,2022-09-09,1900,2022-08-04,1440,430275,1517,4,5,5,1954,0,0,0,NA,0,151T1,SLAUSON AV,SERAPIS AV,203,W,N,-,-,N,NA,NA,NA,NA,NA,NA,NA,NA,NA,Y,3,0,1,3,A,-,03,22350,NA,N,-,-,A,-,-,-,-,-,0,NA,NA,NA,NA,Y,NA,A,01,0,1,0,0,0,0,0,0,0,-,-,33.969600677490234,-118.10079956054688,LOS ANGELES,PICO RIVERA,-118.10160064697266,33.969879150390625
94899095,2025,2025-10-23,9525,2025-10-15,1358,019291,NA,3,1,4,1905,0,1,1,NA,2,213,I-210 W/B (FOOTHILL FWY),CITRUS AVE,1584,W,N,A,-,Y,LA,NA,210,NA,R,40.262,H,NA,L,N,3,0,2,2,A,-,07,21658,A,N,B,C,A,A,H,-,A,D,0,NA,NA,NA,NA,Y,NA,A,07,0,2,0,0,0,0,0,0,0,-,-,34.12104034423828,-117.8961181640625,LOS ANGELES,AZUSA,-117.8961181640625,34.12109375
94899101,2025,2025-10-23,9525,2025-10-15,1446,019291,NA,3,2,9,1900,0,3,5,NA,2,002,BARRANCA AVE,ARROW HIGHWAY,275,N,N,A,-,Y,NA,NA,NA,NA,NA,NA,NA,NA,NA,N,4,0,3,2,A,-,09,21804,A,N,B,C,A,A,H,-,A,D,0,NA,NA,NA,NA,Y,NA,-,-,0,0,3,0,0,0,0,0,0,-,-,34.10757827758789,-117.88155364990234,LOS ANGELES,UNINCORPORATED,-117.88147735595705,34.107421875
94899129,2025,2025-10-23,9545,2025-10-18,1515,021695,NA,6,2,9,1900,0,3,5,NA,2,002,20TH STREET WEST,AVENUE 0-8,0,NA,Y,A,-,N,NA,NA,NA,NA,NA,NA,NA,NA,NA,Y,3,0,2,3,A,-,09,21802,A,N,D,C,A,A,H,-,A,A,0,NA,NA,NA,NA,Y,NA,A,01,0,1,1,0,0,0,0,0,0,-,-,34.60905075073242,-118.16544342041016,LOS ANGELES,UNINCORPORATED,-118.16564178466795,34.660404205322266
9489914,2022,2022-09-08,1942,2022-08-18,1035,35327,1353,4,5,7,1942,0,0,0,M,0,24MQ45,E VERNON AVE,S CENTRAL AVE,0,NA,Y,A,-,N,NA,NA,NA,NA,NA,NA,NA,NA,NA,N,3,0,3,2,A,-,03,22350,NA,N,C,C,A,A,D,-,A,D,0,NA,NA,NA,NA,Y,NA,D,22,0,3,0,0,0,0,0,0,0,-,-,NA,NA,LOS ANGELES,LOS ANGELES,-118.25649261474608,34.00392532348633
94899140,2025,2025-10-23,9545,2025-10-15,1320,024654,NA,3,1,9,1900,0,3,5,NA,2,001,SIERRA HWY,AVENUE E,0,NA,Y,A,-,N,NA,NA,NA,NA,NA,NA,NA,NA,NA,Y,3,0,1,3,A,-,09,21802,A,N,D,2,A,A,H,-,A,A,0,NA,NA,NA,Y,Y,NA,D,22,0,1,0,0,0,0,0,0,0,-,-,34.76240921020508,-118.14676666259766,LOS ANGELES,UNINCORPORATED,-118.14682006835938,34.762428283691406
94899144,2025,2025-10-23,9550,2025-07-17,249,023920,NA,4,3,9,1900,0,2,4,NA,1,051,FULLERTON ROAD,PATHFINDER ROAD,1000,N,N,A,-,N,NA,NA,NA,NA,NA,NA,NA,NA,NA,Y,2,0,1,1,A,-,01,23152,A,N,E,8,A,A,H,-,C,D,0,NA,NA,NA,NA,Y,Y,A,01,1,0,0,0,0,0,0,0,0,-,-,33.97013854980469,-117.9131088256836,LOS ANGELES,UNINCORPORATED,-117.9134521484375,33.97002410888672
9489916,2022,2022-09-13,1900,2022-07-01,1829,642536,0246,5,5,3,1914,0,0,0,NA,0,27T,SLAUSON AV,ZAMBRANO ST,600,W,N,A,-,N,NA,NA,NA,NA,NA,NA,NA,NA,NA,Y,4,0,1,2,A,-,03,22350,NA,N,C,C,A,A,H,-,A,A,0,NA,NA,NA,NA,Y,NA,A,01,0,0,1,0,0,0,0,0,0,-,-,NA,NA,LOS ANGELES,COMMERCE,-118.1559829711914,33.98514938354492
94899161,2025,2025-10-23,9530,2025-10-03,249,024609,NA,5,3,7,1941,0,1,1,NA,2,071,I-710 N/B TO SR-91 W/B,ATLANTIC AVENUE,2798,S,N,A,-,Y,LA,NA,710,NA,NA,13.091,H,NA,R,Y,4,0,1,1,A,-,03,22350,NA,N,E,8,A,A,H,-,C,D,0,NA,NA,NA,Y,Y,NA,G,25,0,0,1,0,0,0,0,0,0,-,-,33.8772087097168,-118.19239044189452,LOS ANGELES,LONG BEACH,-118.19261169433594,33.87724685668945
94899166,2025,2025-10-23,9530,2025-10-08,134,024609,NA,3,3,9,1900,0,3,5,NA,2,002,EL SEGUNDO BLVD. (161 BLOCK),SPRING ST.,38.2,E,N,A,-,N,NA,NA,NA,NA,NA,NA,NA,NA,NA,N,4,0,1,2,A,-,08,22107,NA,N,C,E,A,A,H,-,C,D,0,NA,NA,NA,NA,Y,NA,A,01,0,0,1,0,0,0,0,0,0,-,-,33.91651916503906,-118.27609252929688,LOS ANGELES,UNINCORPORATED,-118.27604675292967,33.916419982910156
94899181,2025,2025-10-23,9550,2025-07-14,335,024062,NA,1,3,9,1900,0,1,3,NA,2,602,STATE ROUTE 60 (POMONA FREEWAY) WESTBOUND,NOGALES STREET,100,E,N,A,-,Y,LA,NA,60,NA,NA,20.494,H,NA,L,Y,4,0,1,1,A,-,01,23152,A,N,E,I,A,A,H,-,C,D,0,NA,NA,NA,NA,Y,Y,A,07,0,0,1,0,0,0,0,0,0,-,-,33.994319915771484,-117.88748931884766,LOS ANGELES,UNINCORPORATED,-117.88748931884766,33.99424362182617
94899231,2025,2025-10-23,9530,2025-10-12,2345,024512,NA,7,3,7,1941,0,1,1,NA,2,420,I-710 NORTHBOUND TO I-405 NORTHBOUND,I-710 N/B (LONG BEACH FREEWAY),0,NA,Y,A,-,Y,LA,NA,405,NA,NA,7.844,H,NA,R,Y,2,0,1,2,A,-,07,21658,A,F,B,C,A,A,H,-,D,D,0,NA,NA,Y,NA,Y,NA,-,99,1,0,0,0,0,0,0,0,1,-,-,33.82646942138672,-118.21180725097656,LOS ANGELES,LONG BEACH,-118.21178436279295,33.826351165771484
94899243,2025,2025-10-23,9530,2025-09-22,1740,023824,NA,1,2,9,1900,0,3,5,NA,2,001,GAGE AVE.,HOOPER AVE.,0,NA,Y,A,-,N,NA,NA,NA,NA,NA,NA,NA,NA,NA,Y,4,0,1,2,A,-,01,23152,A,F,D,C,A,A,H,-,A,A,0,NA,NA,NA,NA,Y,Y,D,22,0,0,1,0,0,0,0,0,0,-,-,33.98210906982422,-118.25212097167967,LOS ANGELES,UNINCORPORATED,-118.25208282470705,33.98210144042969