CASE_ID,ACCIDENT_YEAR,PROC_DATE,JURIS,COLLISION_DATE,COLLISION_TIME,OFFICER_ID,REPORTING_DISTRICT,DAY_OF_WEEK,CHP_SHIFT,POPULATION,CNTY_CITY_LOC,SPECIAL_COND,BEAT_TYPE,CHP_BEAT_TYPE,CITY_DIVISION_LAPD,CHP_BEAT_CLASS,BEAT_NUMBER,PRIMARY_RD,SECONDARY_RD,DISTANCE,DIRECTION,INTERSECTION,WEATHER_1,WEATHER_2,STATE_HWY_IND,CALTRANS_COUNTY,CALTRANS_DISTRICT,STATE_ROUTE,ROUTE_SUFFIX,POSTMILE_PREFIX,POSTMILE,LOCATION_TYPE,RAMP_INTERSECTION,SIDE_OF_HWY,TOW_AWAY,COLLISION_SEVERITY,NUMBER_KILLED,NUMBER_INJURED,PARTY_COUNT,PRIMARY_COLL_FACTOR,PCF_CODE_OF_VIOL,PCF_VIOL_CATEGORY,PCF_VIOLATION,PCF_VIOL_SUBSECTION,HIT_AND_RUN,TYPE_OF_COLLISION,MVIW,PED_ACTION,ROAD_SURFACE,ROAD_COND_1,ROAD_COND_2,LIGHTING,CONTROL_DEVICE,CHP_ROAD_TYPE,PEDESTRIAN_ACCIDENT,BICYCLE_ACCIDENT,MOTORCYCLE_ACCIDENT,TRUCK_ACCIDENT,NOT_PRIVATE_PROPERTY,ALCOHOL_INVOLVED,STWD_VEHTYPE_AT_FAULT,CHP_VEHTYPE_AT_FAULT,COUNT_SEVERE_INJ,COUNT_VISIBLE_INJ,COUNT_COMPLAINT_PAIN,COUNT_PED_KILLED,COUNT_PED_INJURED,COUNT_BICYCLIST_KILLED,COUNT_BICYCLIST_INJURED,COUNT_MC_KILLED,COUNT_MC_INJURED,PRIMARY_RAMP,SECONDARY_RAMP,LATITUDE,LONGITUDE,COUNTY,CITY,POINT_X,POINT_Y
94901546,2025,2025-11-13,9565,2025-10-15,800,023745,NA,3,1,9,1900,0,2,4,NA,2,021,119TH ST,VERMONT AVE,0,NA,Y,A,-,N,NA,NA,NA,NA,NA,NA,NA,NA,NA,N,3,0,1,2,A,-,10,21950,A,N,D,C,A,A,H,-,A,A,0,NA,NA,NA,Y,Y,NA,F,21,0,1,0,0,0,0,0,0,0,-,-,33.925079345703125,-118.29196166992188,LOS ANGELES,UNINCORPORATED,-118.2918701171875,33.9250602722168
9490155,2022,2022-09-06,1900,2022-04-17,0300,652887,1363,7,5,5,1952,0,0,0,NA,0,136D,EL CAMINO AV,SAN RAFAEL ST,5,S,N,A,-,N,NA,NA,NA,NA,NA,NA,NA,NA,NA,Y,2,0,1,4,A,-,03,22350,NA,N,B,I,-,A,H,-,C,D,0,Y,NA,NA,NA,Y,NA,A,01,1,0,0,0,1,0,0,0,0,-,-,33.903011322021484,-118.1796875,LOS ANGELES,PARAMOUNT,-118.1797332763672,33.902835845947266
94901566,2025,2025-10-24,9565,2025-10-15,2000,024695,NA,3,2,9,1900,0,2,4,NA,2,023,WESTERN AVENUE,IMPERIAL HWY,0,NA,Y,A,-,N,NA,NA,NA,NA,NA,NA,NA,NA,NA,N,4,0,2,3,A,-,08,22107,NA,N,A,C,A,A,H,-,C,A,0,NA,NA,NA,NA,Y,NA,A,01,0,0,2,0,0,0,0,0,0,-,-,33.9311408996582,-118.30911254882813,LOS ANGELES,UNINCORPORATED,-118.30914306640624,33.9310188293457
9490157,2022,2022-08-29,1900,2022-08-03,1530,646171,2830,3,5,5,1915,0,0,0,NA,0,283T2,COMPTON BL,CENTRAL AV,0,NA,Y,A,-,N,NA,NA,NA,NA,NA,NA,NA,NA,NA,Y,3,0,3,2,D,-,00,NA,NA,N,D,C,A,A,H,-,A,A,0,NA,NA,NA,NA,Y,NA,-,-,0,2,1,0,0,0,0,0,0,-,-,33.89582824707031,-118.2518310546875,LOS ANGELES,COMPTON,-118.25196075439452,33.89580154418945
94901576,2025,2025-10-27,9590,2025-09-28,1815,024492,NA,7,2,7,1942,0,1,1,NA,2,053,I-110 S/B (HARBOR FREEWAY),PICO BOULEVARD,460,N,N,A,-,Y,LA,NA,110,NA,NA,21.867,H,NA,L,Y,3,0,2,2,A,-,08,22107,NA,N,B,C,A,A,H,-,B,D,0,NA,NA,NA,NA,Y,NA,A,01,0,1,1,0,0,0,0,0,0,-,-,34.0440788269043,-118.27214813232422,LOS ANGELES,LOS ANGELES,-118.27212524414064,34.0440673828125
94901592,2025,2025-10-27,9565,2025-10-22,1735,021808,NA,3,2,7,1942,0,1,1,NA,2,064,I-405 N/B (SAN DIEGO FWY.),SEPULVEDA BLVD.,900,N,N,A,-,Y,LA,NA,405,NA,NA,34.961,H,NA,R,Y,2,0,1,5,A,-,08,22107,NA,N,B,C,A,A,H,-,A,D,0,NA,NA,Y,NA,Y,NA,A,01,1,0,0,0,0,0,0,0,1,-,-,34.09897994995117,-118.47798919677734,LOS ANGELES,LOS ANGELES,-118.47792053222656,34.0989875793457
94901603,2025,2025-10-27,9550,2025-10-15,1720,023289,NA,3,2,9,1900,0,2,4,NA,1,031,HACIENDA BOULEVARD,HALIBURTON ROAD,30,N,N,A,-,N,NA,NA,NA,NA,NA,NA,NA,NA,NA,N,4,0,1,2,A,-,03,22350,NA,N,C,C,A,A,H,-,A,D,0,NA,NA,NA,NA,Y,NA,A,01,0,0,1,0,0,0,0,0,0,-,-,33.997581481933594,-117.96756744384766,LOS ANGELES,UNINCORPORATED,-117.96776580810548,33.997467041015625
94901609,2025,2025-10-27,9565,2025-10-16,2050,024161,NA,4,2,7,1942,0,1,S,NA,2,904,I-405 S/B,NORMANDIE AVENUE,350,S,N,A,-,Y,LA,NA,405,NA,NA,13.648,H,NA,L,N,3,0,2,3,A,-,03,22350,NA,N,C,C,A,A,H,-,D,D,0,NA,NA,NA,NA,Y,NA,A,01,0,2,0,0,0,0,0,0,0,-,-,33.859718322753906,-118.29573059082033,LOS ANGELES,LOS ANGELES,-118.29573059082033,33.8597297668457
94901621,2025,2025-10-27,9565,2025-10-16,1850,023171,NA,4,2,7,1942,0,1,1,NA,2,062,I-405 S/B,NATIONAL BOULEVARD,500,S,N,A,-,Y,LA,NA,405,NA,NA,29.086,H,NA,L,N,4,0,1,2,A,-,08,22107,NA,N,C,C,A,A,H,-,C,D,0,NA,NA,NA,NA,Y,NA,A,07,0,0,1,0,0,0,0,0,0,-,-,34.02579116821289,-118.42928314208984,LOS ANGELES,LOS ANGELES,-118.42932891845705,34.025760650634766
94901635,2025,2025-10-27,9565,2025-10-16,1805,023171,NA,4,2,7,1942,0,1,1,NA,2,062,I-405 N/B,PALMS BOULVEARD,50,N,N,A,-,Y,LA,NA,405,NA,NA,28.529,H,NA,R,Y,3,0,1,2,A,-,08,22107,NA,N,C,C,A,A,H,-,A,D,0,NA,NA,Y,NA,Y,NA,A,07,0,1,0,0,0,0,0,0,1,-,-,34.01908874511719,-118.42381286621094,LOS ANGELES,LOS ANGELES,-118.4237823486328,34.01910400390625
94901652,2025,2025-12-30,9525,2025-08-11,224,024091,NA,1,3,6,1955,0,1,3,NA,2,605,SR-60 W/B (POMONA FWY),GAREY AVE.,921,W,N,A,-,Y,LA,NA,60,NA,R,29.192,H,NA,L,Y,1,1,0,2,A,-,16,24002,A,N,E,9,A,A,H,-,C,D,0,NA,NA,NA,NA,Y,NA,D,22,0,0,0,0,0,0,0,0,0,-,-,34.02354049682617,-117.75135803222656,LOS ANGELES,POMONA,-117.75136566162108,34.02351379394531
94901672,2025,2025-10-27,9565,2025-10-16,539,024379,NA,4,3,9,1900,0,2,4,NA,2,022,NORMANDIE AVE,124TH ST,300,S,N,A,-,N,NA,NA,NA,NA,NA,NA,NA,NA,NA,N,3,0,1,2,A,-,08,22107,NA,F,B,C,A,A,H,-,B,D,0,NA,NA,NA,NA,Y,NA,-,99,0,1,0,0,0,0,0,0,0,-,-,33.91978073120117,-118.3003387451172,LOS ANGELES,UNINCORPORATED,-118.30039978027344,33.91938781738281
94901679,2025,2025-10-27,9550,2025-10-16,800,022037,NA,4,1,9,1900,0,3,5,NA,2,004,GALE AVE,OLYMPUS AVE,0,NA,Y,A,-,N,NA,NA,NA,NA,NA,NA,NA,NA,NA,N,4,0,1,2,A,-,05,21651,A,N,D,C,A,A,D,-,A,A,0,NA,NA,NA,NA,Y,NA,A,01,0,0,1,0,0,0,0,0,0,-,-,34.010311126708984,-117.96121978759766,LOS ANGELES,UNINCORPORATED,-117.96121215820313,34.01031494140625
94901714,2025,2025-10-27,9565,2025-10-14,658,023800,NA,2,1,7,1942,0,1,1,NA,2,063,I-405 S/B,SANTA MONICA BOULEVARD,1214,N,N,C,-,Y,LA,NA,405,NA,NA,31.114,H,NA,L,Y,4,0,1,5,A,-,03,22350,NA,N,B,2,A,B,H,-,A,D,0,NA,NA,NA,NA,Y,NA,A,01,0,0,1,0,0,0,0,0,0,-,-,34.049991607666016,-118.4489517211914,LOS ANGELES,LOS ANGELES,-118.44896697998048,34.049983978271484
94901750,2025,2025-10-27,9590,2025-10-01,838,018510,NA,3,1,7,1942,0,1,1,NA,2,084,NB I-5 (GOLDEN STATE FREEWAY),LOS FELIZ BLVD,1000,N,N,A,-,Y,LA,NA,5,NA,NA,25.15,H,NA,R,N,3,0,1,2,A,-,03,22350,NA,N,C,C,A,A,H,-,A,D,0,NA,NA,NA,NA,Y,NA,A,08,0,1,0,0,0,0,0,0,0,-,-,34.131919860839844,-118.27478790283205,LOS ANGELES,LOS ANGELES,-118.27471923828124,34.131935119628906
94901754,2025,2025-11-13,9525,2025-10-08,1500,024509,NA,3,2,5,1990,0,1,3,NA,2,614,SR-60 E/B (POMONA FWY),GRAND AVE,1320,E,N,A,-,Y,LA,NA,60,NA,R,24.939,H,NA,R,N,4,0,1,2,A,-,03,22350,NA,F,C,C,A,A,H,-,A,D,0,NA,NA,NA,NA,Y,NA,D,22,0,0,1,0,0,0,0,0,0,-,-,34.015769958496094,-117.81825256347656,LOS ANGELES,DIAMOND BAR,-117.81809997558594,34.01569747924805
94901755,2025,2025-10-27,9590,2025-10-09,2339,024627,NA,4,3,7,1942,0,1,2,NA,2,073,US-101 S/B (HOLLYWOOD FREEWAY),VERMONT AVENUE,950,S,N,A,-,Y,LA,NA,101,NA,NA,4.178,H,NA,L,N,3,0,1,1,A,-,08,22107,NA,N,F,I,A,A,H,-,C,D,0,NA,NA,NA,Y,Y,NA,F,26,0,1,0,0,0,0,0,0,0,-,-,34.07815933227539,-118.28826141357422,LOS ANGELES,LOS ANGELES,-118.28824615478516,34.078243255615234
94901758,2025,2025-11-13,9550,2025-10-12,1645,024082,NA,7,2,6,1949,0,1,1,NA,2,651,INTERSTATE 605 NORTHBOUND (SAN GABRIEL RIVER FREEW,ROSECRANS AVENUE,300,S,N,A,-,Y,LA,NA,605,NA,R,6.669,H,NA,R,N,3,0,3,4,A,-,03,22350,NA,N,C,C,A,A,H,-,B,D,0,NA,NA,NA,NA,Y,NA,A,01,0,1,2,0,0,0,0,0,0,-,-,33.89971923828125,-118.1048583984375,LOS ANGELES,NORWALK,-118.10489654541016,33.89971923828125
94901762,2025,2025-10-27,9550,2025-10-16,824,018408,NA,4,1,9,1900,0,1,3,NA,2,600,SR-60 E/B,HACIENDA BLVD.,1555,W,N,A,-,Y,LA,NA,60,NA,NA,15.644,H,NA,R,N,3,0,1,2,A,-,03,22350,NA,N,C,C,A,A,H,-,A,D,0,NA,NA,NA,Y,Y,NA,F,55,0,1,0,0,0,0,0,0,0,-,-,34.0082893371582,-117.96939086914064,LOS ANGELES,UNINCORPORATED,-117.96936798095705,34.00834655761719
94901797,2025,2025-10-27,9525,2025-10-14,1146,024525,NA,2,1,6,1955,0,1,1,NA,2,109,I-10 W/B (SAN BERNARDINO FWY),TOWNE AVENUE,1056,W,N,B,C,Y,LA,NA,10,NA,NA,46.179,H,NA,L,Y,4,0,2,3,A,-,03,22350,NA,N,B,2,A,B,H,-,A,D,0,NA,NA,NA,NA,Y,NA,A,01,0,0,2,0,0,0,0,0,0,-,-,34.076881408691406,-117.74533081054688,LOS ANGELES,POMONA,-117.74529266357422,34.07681655883789
94901829,2025,2025-10-27,9545,2025-10-11,2022,024617,NA,6,2,9,1900,0,1,3,NA,2,031,SR-14 S/B,SOLEDAD CANYON RD,5016,N,N,A,-,Y,LA,NA,14,NA,R,53.096,H,NA,L,N,4,0,2,1,A,-,08,22107,NA,N,E,I,A,A,H,-,D,D,0,NA,NA,NA,NA,Y,NA,A,01,0,0,2,0,0,0,0,0,0,-,-,34.49407958984375,-118.1262664794922,LOS ANGELES,UNINCORPORATED,-118.1261749267578,34.49402618408203
94901834,2025,2025-10-27,9525,2025-10-19,530,023939,NA,7,3,9,1900,0,1,3,NA,1,024,SR-39 (SAN GABRIEL CANYON RD.),MILEMARKER 24.10 (ROBB'S GULCH),4752,S,N,A,-,Y,LA,NA,39,NA,NA,23.181,H,NA,R,Y,4,0,1,1,A,-,08,22107,NA,N,E,8,A,A,H,-,B,D,0,NA,NA,NA,NA,Y,NA,A,01,0,0,1,0,0,0,0,0,0,-,-,34.21546936035156,-117.86382293701172,LOS ANGELES,UNINCORPORATED,-117.8638153076172,34.21540451049805
94901836,2025,2025-10-27,9525,2025-09-26,635,024439,NA,5,1,6,1955,0,1,1,NA,2,107,I-10 W/B TO SR-57 S/B,SR-57 S/B (ORANGE FWY),2376,E,N,B,-,Y,NA,NA,NA,NA,NA,NA,NA,NA,NA,Y,3,0,2,2,A,-,08,22107,NA,M,C,C,A,A,H,-,A,D,0,NA,NA,NA,NA,Y,NA,A,01,0,1,1,0,0,0,0,0,0,-,-,34.068939208984375,-117.79927825927734,LOS ANGELES,POMONA,-117.79985809326172,34.06848907470703
94901837,2025,2025-10-27,9525,2025-10-04,1707,024525,NA,6,2,9,1900,0,2,4,NA,2,045,VALLEY BLVD,LE SEDA RD,0,NA,Y,A,-,N,NA,NA,NA,NA,NA,NA,NA,NA,NA,Y,2,0,2,2,A,-,12,21453,A,N,A,C,A,A,H,-,A,A,0,NA,NA,NA,NA,Y,NA,A,08,1,0,1,0,0,0,0,0,0,-,-,34.004798889160156,-117.89833831787108,LOS ANGELES,UNINCORPORATED,NA,NA
94901839,2025,2025-10-27,9525,2025-10-07,1358,024480,NA,2,1,9,1900,0,3,5,NA,2,002,GRAND AVE.,CYPRESS ST.,200,S,N,A,-,N,NA,NA,NA,NA,NA,NA,NA,NA,NA,Y,2,0,1,3,A,-,03,22350,NA,N,B,2,A,A,H,-,A,A,0,NA,NA,Y,NA,Y,NA,C,02,1,0,0,0,0,0,0,0,1,-,-,34.09502029418945,-117.87246704101564,LOS ANGELES,UNINCORPORATED,-117.87265014648438,34.095149993896484
94901843,2025,2025-11-13,9525,2025-10-24,1456,024088,NA,5,2,6,1955,0,1,1,NA,2,108,I-10 E/B (SAN BERNARDINO FWY),VIA VERDE,1000,E,N,A,-,Y,LA,NA,10,NA,NA,40.814,H,NA,R,N,4,0,2,2,A,-,03,22350,NA,N,C,C,A,A,H,-,A,D,0,NA,NA,NA,NA,Y,NA,A,07,0,0,2,0,0,0,0,0,0,-,-,34.066978454589844,-117.83384704589844,LOS ANGELES,POMONA,-117.83381652832033,34.06706237792969
94901846,2025,2025-11-17,9525,2025-10-19,1700,022509,NA,7,2,4,1938,0,1,1,NA,2,207,SR-210 W/B (FOOTHILL FWY),FRUIT ST,150,E,N,A,-,Y,LA,NA,210,NA,R,48.138,H,NA,L,N,4,0,2,2,A,-,03,22350,NA,N,C,C,A,A,H,-,A,D,0,NA,NA,NA,NA,Y,NA,A,07,0,0,2,0,0,0,0,0,0,-,-,34.11980056762695,-117.76065826416016,LOS ANGELES,LA VERNE,-117.76066589355467,34.11974334716797
94901847,2025,2025-10-27,9535,2025-09-15,1817,024212,NA,1,2,9,1900,0,2,4,NA,2,021,EASTERN AVE,OLYMPIC BLVD,0,NA,Y,A,-,N,NA,NA,NA,NA,NA,NA,NA,NA,NA,N,4,0,2,2,A,-,01,23152,A,N,A,C,A,A,H,-,A,A,0,NA,NA,NA,NA,Y,Y,D,22,0,0,2,0,0,0,0,0,0,-,-,34.0189094543457,-118.17385864257813,LOS ANGELES,UNINCORPORATED,-118.17390441894533,34.0189094543457
94901850,2025,2025-10-27,9525,2025-10-20,902,024618,NA,1,1,5,1990,0,1,3,NA,2,603,SR-60 W/B (POMONA FWY),DIAMOND BAR BLVD,200,E,N,A,-,Y,LA,NA,60,NA,R,25.868,H,NA,L,Y,4,0,1,3,A,-,01,23152,A,N,C,C,A,A,H,-,A,D,0,NA,NA,NA,NA,Y,Y,D,22,0,0,1,0,0,0,0,0,0,-,-,34.02539825439453,-117.8072509765625,LOS ANGELES,DIAMOND BAR,-117.80722808837892,34.02535629272461
94901851,2025,2025-10-27,9525,2025-10-17,711,024088,NA,5,1,9,1900,0,1,1,NA,2,105,I-10 W/B (SAN BERNARDINO FWY),VIA VERDE,1000,W,N,A,-,Y,LA,NA,10,NA,NA,40.18,H,NA,L,Y,4,0,2,4,A,-,03,22350,NA,N,C,C,A,A,H,-,A,D,0,NA,NA,NA,NA,Y,NA,A,01,0,0,2,0,0,0,0,0,0,-,-,34.06861877441406,-117.84445190429688,LOS ANGELES,UNINCORPORATED,-117.84444427490234,34.06859588623047
94901896,2025,2025-10-27,9525,2025-10-03,2115,023899,NA,5,2,9,1900,0,3,5,NA,2,002,COVINA BLVD,BONNIE COVE,0,NA,Y,A,-,N,NA,NA,NA,NA,NA,NA,NA,NA,NA,Y,4,0,3,2,A,-,09,21801,A,N,D,C,A,A,H,-,C,A,0,NA,NA,NA,NA,Y,NA,D,22,0,0,3,0,0,0,0,0,0,-,-,34.09946060180664,-117.85507965087892,LOS ANGELES,UNINCORPORATED,-117.85507965087892,34.09945297241211
94901903,2025,2026-01-23,9535,2025-10-17,1601,023604,NA,5,2,6,1922,0,1,1,NA,2,401,I-10 W/B (SAN BERNARDINO FREEWAY),BALDWIN AVENUE,482,E,N,A,-,Y,LA,NA,10,NA,NA,28.057,H,NA,L,N,4,0,1,2,A,-,03,22350,NA,N,C,C,A,A,H,-,A,D,0,NA,NA,NA,NA,Y,NA,A,01,0,0,1,0,0,0,0,0,0,-,-,34.072418212890625,-118.0520477294922,LOS ANGELES,EL MONTE,-118.05203247070313,34.07245635986328
94901909,2025,2025-10-27,9550,2025-10-16,1425,023289,NA,4,2,9,1900,0,2,4,NA,1,032,GATLIN AVENUE,GALE AVENUE,0,NA,Y,A,-,N,NA,NA,NA,NA,NA,NA,NA,NA,NA,N,4,0,1,2,A,-,09,21801,A,N,D,C,A,A,H,-,A,A,0,NA,NA,NA,NA,Y,NA,A,01,0,0,1,0,0,0,0,0,0,-,-,34.01403045654297,-117.9734115600586,LOS ANGELES,UNINCORPORATED,-117.97335815429688,34.014007568359375
94901927,2025,2025-10-27,9535,2025-10-08,331,023704,NA,3,3,9,1900,0,2,4,NA,2,022,OLYMPIC BLVD (4700 BLOCK),KERN AVE,26,W,N,A,-,N,NA,NA,NA,NA,NA,NA,NA,NA,NA,Y,3,0,2,3,A,-,08,22107,NA,N,C,E,A,A,H,-,C,D,0,NA,NA,NA,NA,Y,NA,A,01,0,2,0,0,0,0,0,0,0,-,-,34.0181884765625,-118.16712188720705,LOS ANGELES,UNINCORPORATED,-118.16709136962892,34.01810836791992
9490212,2022,2022-08-23,1929,2022-07-28,1336,207,1929,4,5,3,1929,0,0,0,NA,0,NA,PROSPECT AV,ARTESIA BL,120,S,N,A,-,N,NA,NA,NA,NA,NA,NA,NA,NA,NA,Y,4,0,1,2,A,-,03,22350,NA,N,B,C,A,A,H,-,A,A,0,NA,NA,NA,NA,Y,NA,A,01,0,0,1,0,0,0,0,0,0,-,-,33.872840881347656,-118.39293670654295,LOS ANGELES,HERMOSA BEACH,-118.3927993774414,33.87240982055664
94902411,2025,2025-11-13,9575,2025-10-14,410,022084,NA,2,3,6,1953,0,1,1,NA,2,064,I-210 W/B (FOOTHILL FREEWAY),SIERRA MADRE VILLA AVE,720,W,N,B,C,Y,LA,NA,210,NA,R,29.149,H,NA,L,Y,4,0,1,1,A,-,03,22350,NA,N,F,A,A,B,H,-,C,D,0,NA,NA,NA,Y,Y,NA,F,26,0,0,1,0,0,0,0,0,0,-,-,34.14815902709961,-118.08468627929688,LOS ANGELES,PASADENA,-118.0846710205078,34.14820861816406
94902413,2025,2025-10-27,9575,2025-10-15,1850,022629,NA,3,2,7,1942,0,1,1,NA,2,052,I-5 N/B (GOLDEN STATE FREEWAY),SHELDON STREET,2112,S,N,A,-,Y,LA,NA,5,NA,NA,35.557,H,NA,R,N,4,0,1,2,A,-,03,22350,NA,N,C,C,A,A,H,-,C,D,0,NA,NA,NA,NA,Y,NA,D,22,0,0,1,0,0,0,0,0,0,-,-,34.23041915893555,-118.39658355712892,LOS ANGELES,LOS ANGELES,-118.39656829833984,34.23044204711914
94902415,2025,2025-10-27,9575,2025-10-24,1640,021538,NA,5,2,6,1925,0,1,3,NA,2,090,SR-2 E/B (GLENDALE FREEWAY),FERN LANE,1800,S,N,A,-,Y,LA,NA,2,NA,R,21.267,H,NA,R,Y,3,0,1,1,A,-,03,22350,NA,N,E,I,A,A,H,-,A,D,0,NA,NA,NA,NA,Y,NA,A,01,0,1,0,0,0,0,0,0,0,-,-,34.18115997314453,-118.2189483642578,LOS ANGELES,GLENDALE,-118.21907043457033,34.18120574951172
94902420,2025,2025-10-27,9535,2025-10-01,737,024550,NA,3,1,9,1900,0,3,5,NA,2,002,CITY TERRACE DRIVE,HAZARD AVE,0,NA,Y,B,-,N,NA,NA,NA,NA,NA,NA,NA,NA,NA,N,2,0,1,2,A,-,10,21950,A,F,G,B,B,A,H,-,A,A,0,Y,NA,NA,NA,Y,NA,-,99,1,0,0,0,1,0,0,0,0,-,-,34.05569839477539,-118.17857360839844,LOS ANGELES,UNINCORPORATED,-118.17893981933594,34.055641174316406
94902421,2025,2025-10-27,9535,2025-10-06,1800,024212,NA,1,2,9,1900,0,3,5,NA,2,002,FRAZER AVE (1300 BLOCK),TELEGRAPH RD,100,N,N,A,-,N,NA,NA,NA,NA,NA,NA,NA,NA,NA,N,4,0,1,3,A,-,09,21804,A,M,D,C,A,A,H,-,A,D,0,NA,NA,NA,NA,Y,NA,-,99,0,0,1,0,0,0,0,0,0,-,-,34.01350021362305,-118.16407012939452,LOS ANGELES,UNINCORPORATED,-118.16416168212892,34.01331329345703
94902422,2025,2025-10-27,9535,2025-10-16,800,020823,NA,4,1,9,1900,0,3,5,NA,2,006,SAN GABRIEL BLVD,DELTA AVE,0,NA,Y,A,-,N,NA,NA,NA,NA,NA,NA,NA,NA,NA,Y,3,0,4,2,A,-,09,21801,A,N,D,C,A,A,H,-,A,A,0,NA,NA,NA,NA,Y,NA,D,22,0,4,0,0,0,0,0,0,0,-,-,34.04277038574219,-118.08621215820313,LOS ANGELES,UNINCORPORATED,-118.08616638183594,34.04264450073242
94902423,2025,2025-10-27,9535,2025-10-12,306,024302,NA,7,3,9,1900,0,2,4,NA,2,022,OLYMPIC BLVD. (BLOCK 5019),NORTHSIDE DR,226,W,N,A,-,N,NA,NA,NA,NA,NA,NA,NA,NA,NA,Y,2,0,3,3,A,-,01,23152,A,N,D,C,A,A,H,-,C,D,0,NA,NA,NA,NA,Y,Y,A,07,1,0,2,0,0,0,0,0,0,-,-,34.01361846923828,-118.14510345458984,LOS ANGELES,UNINCORPORATED,-118.1251220703125,34.01065444946289
94902425,2025,2025-10-27,9535,2025-10-16,1110,021643,NA,4,1,9,1900,0,1,1,NA,2,070,I-710 N/B (LONG BEACH FREEWAY),THIRD STREET,730,S,N,A,-,Y,LA,NA,710,NA,NA,24.825,H,NA,R,Y,4,0,1,2,A,-,03,22350,NA,N,C,C,A,A,H,-,A,D,0,NA,NA,NA,Y,Y,NA,F,26,0,0,1,0,0,0,0,0,0,-,-,34.03852081298828,-118.16990661621094,LOS ANGELES,UNINCORPORATED,-118.169921875,34.03852081298828
94902426,2025,2025-10-27,9575,2025-10-04,938,024270,NA,6,1,9,1900,0,3,5,NA,2,003,LOPEZ CANYON RD.,KAGEL CANYON RD.,2038,N,N,A,-,N,NA,NA,NA,NA,NA,NA,NA,NA,NA,N,2,0,1,1,A,-,03,22350,NA,N,F,A,A,A,H,-,A,D,0,NA,Y,NA,NA,Y,NA,L,04,1,0,0,0,0,0,1,0,0,-,-,34.31095886230469,-118.37954711914064,LOS ANGELES,UNINCORPORATED,-118.379638671875,34.31056213378906
94902428,2025,2025-10-27,9535,2025-10-16,1249,020902,NA,4,1,9,1900,0,1,1,NA,2,654,I-605 N/B (SAN GABRIEL RIVER FWY),VALLEY BLVD.,1400,S,N,A,-,Y,LA,NA,605,NA,R,19.126,H,NA,R,N,4,0,1,2,A,-,03,22350,NA,M,C,C,A,A,H,-,A,D,0,NA,NA,NA,NA,Y,NA,-,99,0,0,1,0,0,0,0,0,0,-,-,34.05059051513672,-118.00634765625,LOS ANGELES,UNINCORPORATED,-118.0062255859375,34.050540924072266
94902434,2025,2025-10-27,9545,2025-10-19,5,023153,NA,7,3,9,1900,0,3,5,NA,2,001,SIERRA HWY,AVENUE E,2582,S,N,A,-,N,NA,NA,NA,NA,NA,NA,NA,NA,NA,Y,1,1,1,2,A,-,01,23152,A,N,A,C,A,A,H,-,D,D,0,NA,NA,NA,NA,Y,Y,A,08,1,0,0,0,0,0,0,0,0,-,-,34.755401611328125,-118.14571380615234,LOS ANGELES,UNINCORPORATED,-118.14571380615234,34.755409240722656
94902436,2025,2025-10-27,9535,2025-10-03,2325,023567,NA,5,3,9,1900,0,1,1,NA,2,650,I-605 N/B (SAN GABRIEL RIVER FREEWAY),VALLEY BLVD.,3795,S,N,A,-,Y,LA,NA,605,NA,R,18.691,H,NA,R,Y,4,0,2,3,A,-,08,22107,NA,M,B,2,A,A,H,-,D,D,0,NA,NA,NA,NA,Y,NA,-,99,0,0,2,0,0,0,0,0,0,-,-,34.04475021362305,-118.00949096679688,LOS ANGELES,UNINCORPORATED,-118.00949096679688,34.04475021362305
9490244,2022,2022-08-19,1900,2022-06-26,1820,LK7709,1320,7,5,5,1935,0,0,0,NA,0,132Z4,DOWNEY AV,ECKLESON ST,87,S,N,A,-,N,NA,NA,NA,NA,NA,NA,NA,NA,NA,Y,4,0,1,1,A,-,07,21658,A,N,E,I,A,A,H,-,A,D,0,NA,NA,NA,NA,Y,NA,A,01,0,0,1,0,0,0,0,0,0,-,-,33.84804916381836,-118.1513214111328,LOS ANGELES,LAKEWOOD,-118.1513900756836,33.84842300415039
9490245,2022,2022-08-31,1900,2022-06-24,2330,621336,1510,5,5,5,1954,0,0,0,NA,0,151T3,WHITTIER BL,ORANGE ST,9,E,N,A,-,N,NA,NA,NA,NA,NA,NA,NA,NA,NA,Y,3,0,2,1,-,-,-,NA,NA,N,A,I,A,A,H,-,C,D,0,NA,NA,NA,NA,Y,NA,A,01,0,2,0,0,0,0,0,0,0,-,-,34.005699157714844,-118.09371948242188,LOS ANGELES,PICO RIVERA,-118.09375,34.005767822265625