CASE_ID,ACCIDENT_YEAR,PROC_DATE,JURIS,COLLISION_DATE,COLLISION_TIME,OFFICER_ID,REPORTING_DISTRICT,DAY_OF_WEEK,CHP_SHIFT,POPULATION,CNTY_CITY_LOC,SPECIAL_COND,BEAT_TYPE,CHP_BEAT_TYPE,CITY_DIVISION_LAPD,CHP_BEAT_CLASS,BEAT_NUMBER,PRIMARY_RD,SECONDARY_RD,DISTANCE,DIRECTION,INTERSECTION,WEATHER_1,WEATHER_2,STATE_HWY_IND,CALTRANS_COUNTY,CALTRANS_DISTRICT,STATE_ROUTE,ROUTE_SUFFIX,POSTMILE_PREFIX,POSTMILE,LOCATION_TYPE,RAMP_INTERSECTION,SIDE_OF_HWY,TOW_AWAY,COLLISION_SEVERITY,NUMBER_KILLED,NUMBER_INJURED,PARTY_COUNT,PRIMARY_COLL_FACTOR,PCF_CODE_OF_VIOL,PCF_VIOL_CATEGORY,PCF_VIOLATION,PCF_VIOL_SUBSECTION,HIT_AND_RUN,TYPE_OF_COLLISION,MVIW,PED_ACTION,ROAD_SURFACE,ROAD_COND_1,ROAD_COND_2,LIGHTING,CONTROL_DEVICE,CHP_ROAD_TYPE,PEDESTRIAN_ACCIDENT,BICYCLE_ACCIDENT,MOTORCYCLE_ACCIDENT,TRUCK_ACCIDENT,NOT_PRIVATE_PROPERTY,ALCOHOL_INVOLVED,STWD_VEHTYPE_AT_FAULT,CHP_VEHTYPE_AT_FAULT,COUNT_SEVERE_INJ,COUNT_VISIBLE_INJ,COUNT_COMPLAINT_PAIN,COUNT_PED_KILLED,COUNT_PED_INJURED,COUNT_BICYCLIST_KILLED,COUNT_BICYCLIST_INJURED,COUNT_MC_KILLED,COUNT_MC_INJURED,PRIMARY_RAMP,SECONDARY_RAMP,LATITUDE,LONGITUDE,COUNTY,CITY,POINT_X,POINT_Y
9490552,2022,2022-08-26,1942,2022-07-20,1100,44367,1762,3,5,7,1942,0,0,0,Q,0,17A23,MASON AV,S PLUMMER ST,36,N,N,A,-,N,NA,NA,NA,NA,NA,NA,NA,NA,NA,Y,2,0,2,2,A,-,09,21801,A,N,A,C,A,A,H,-,A,A,0,NA,NA,NA,NA,Y,NA,A,01,2,0,0,0,0,0,0,0,0,-,-,NA,NA,LOS ANGELES,LOS ANGELES,-118.57978057861328,34.24281692504883
94905524,2025,2025-10-28,9550,2025-10-26,59,023881,NA,7,3,6,1955,0,1,S,NA,2,904,STATE ROUTE 57 NB TO INTERSTATE 10 EB,INTERSTATE 10 (SAN BERNARDINO FREEWAY),1400,S,N,A,-,Y,NA,NA,NA,NA,NA,NA,NA,NA,NA,Y,3,0,1,3,A,-,01,23152,A,M,B,C,A,A,H,-,C,D,0,NA,NA,NA,Y,Y,Y,A,01,0,1,0,0,0,0,0,0,0,-,-,34.06153869628906,-117.80480194091795,LOS ANGELES,POMONA,-117.80523681640624,34.061439514160156
94905529,2025,2025-10-28,9590,2025-10-22,1840,023266,NA,3,2,7,1942,0,1,2,NA,2,073,US-101 SB (HOLLYWOOD FREEWAY),NORMANDIE AVENUE,158,S,N,A,-,Y,LA,NA,101,NA,NA,4.967,H,NA,L,N,4,0,2,2,A,-,03,22350,NA,N,C,C,A,A,H,-,A,D,0,NA,NA,NA,NA,Y,NA,A,01,0,0,2,0,0,0,0,0,0,-,-,34.08430099487305,-118.3000030517578,LOS ANGELES,LOS ANGELES,-118.29995727539064,34.0843391418457
94905538,2025,2025-12-02,9575,2025-10-12,2302,022946,NA,7,3,5,1902,0,1,1,NA,2,065,I-210 E/B (FOOTHILL FREEWAY),SANTA ANITA AVE,80,E,N,A,-,Y,LA,NA,210,NA,R,31.928,H,NA,R,Y,2,0,3,2,A,-,01,23152,A,N,E,8,A,A,H,-,C,D,0,NA,NA,NA,Y,Y,Y,A,01,1,1,1,0,0,0,0,0,0,-,-,34.14752960205078,-118.03118896484376,LOS ANGELES,ARCADIA,-118.03115081787108,34.147613525390625
94905574,2025,2025-10-28,9530,2025-09-24,1440,024399,NA,3,2,7,1941,0,1,1,NA,2,071,I-710 N/B (LONG BEACH FREEWAY),DEL AMO BLVD.,2640,N,N,A,-,Y,LA,NA,710,NA,NA,11.469,H,NA,R,Y,4,0,1,2,A,-,07,21658,A,F,B,2,A,A,H,-,A,D,0,NA,NA,Y,NA,Y,NA,-,99,0,0,1,0,0,0,0,0,1,-,-,33.85559844970703,-118.20371246337892,LOS ANGELES,LONG BEACH,-118.20368957519533,33.855594635009766
94905592,2025,2025-10-28,9530,2025-10-17,900,024495,NA,5,1,9,1900,0,3,5,NA,2,001,LIVE OAK ST. (2600 E BLOCK),SEVILLE AVENUE,422,W,N,A,-,N,NA,NA,NA,NA,NA,NA,NA,NA,NA,Y,3,0,1,2,A,-,09,21801,A,N,D,C,A,A,H,-,A,D,0,NA,NA,NA,NA,Y,NA,A,01,0,1,0,0,0,0,0,0,0,-,-,33.97159957885742,-118.22390747070313,LOS ANGELES,UNINCORPORATED,-118.2238311767578,33.971527099609375
94905620,2025,2025-10-28,9590,2025-10-21,1945,022673,NA,2,2,7,1942,0,1,1,NA,2,012,SR-110 N/B (ARROYO SECO PARKWAY) FROM AVENUE 43,AVENUE 43,185,S,N,B,-,Y,LA,NA,110,NA,NA,27.076,H,NA,R,N,3,0,1,2,A,-,03,22350,NA,N,C,C,A,A,H,-,C,A,0,NA,NA,NA,NA,Y,NA,A,01,0,1,0,0,0,0,0,0,0,-,-,34.092620849609375,-118.20613861083984,LOS ANGELES,LOS ANGELES,-118.20623779296876,34.09262466430664
94905642,2025,2025-11-13,9525,2025-10-20,345,024153,NA,1,3,4,1905,0,1,1,NA,2,205,I-210 W/B (FOOTHILL FWY),CITRUS AVE,5280,E,N,A,-,Y,LA,NA,210,NA,R,40.752,H,NA,L,Y,4,0,1,3,C,-,18,NA,NA,N,E,J,A,A,H,-,D,B,0,NA,NA,NA,NA,Y,NA,-,-,0,0,1,0,0,0,0,0,0,-,-,34.1209602355957,-117.88758087158205,LOS ANGELES,AZUSA,-117.88758087158205,34.1209716796875
94905682,2025,2025-12-31,9590,2025-10-14,620,023252,NA,2,1,7,1942,0,1,2,NA,2,070,US-101 N/B (SANTA ANA FREEWAY),1ST STREET,705,S,N,C,-,Y,LA,NA,101,NA,S,0.774,H,NA,R,N,4,0,1,2,A,-,07,21658,A,N,B,C,A,B,H,-,A,D,0,NA,NA,NA,NA,Y,NA,-,-,0,0,1,0,0,0,0,0,0,-,-,34.045310974121094,-118.2210693359375,LOS ANGELES,LOS ANGELES,-118.22105407714844,34.045310974121094
94905711,2025,2025-10-28,9580,2025-10-27,1530,022572,NA,1,2,7,1942,0,1,2,NA,2,105,US-101 S/B (VENTURA FREEWAY),SR-27 (TOPANGA CYN. BLVD.),750,S,N,A,-,Y,LA,NA,101,NA,NA,25.183,H,NA,L,N,4,0,2,2,A,-,03,22350,NA,N,C,C,A,A,H,-,A,D,0,NA,NA,NA,NA,Y,NA,A,07,0,0,2,0,0,0,0,0,0,-,-,34.17018127441406,-118.60299682617188,LOS ANGELES,LOS ANGELES,-118.60299682617188,34.17021179199219
94905717,2025,2025-10-28,9550,2025-09-08,915,024640,NA,1,1,9,1900,0,1,3,NA,2,601,SR-60 WESTBOUND,HACIENDA BOULEVARD,1450,E,N,A,-,Y,LA,NA,60,NA,NA,16.23,H,NA,L,N,4,0,1,2,A,-,03,22350,NA,N,C,C,A,A,H,-,A,D,0,NA,NA,NA,NA,Y,NA,A,07,0,0,1,0,0,0,0,0,0,-,-,34.005531311035156,-117.95970916748048,LOS ANGELES,UNINCORPORATED,-117.95970153808594,34.00554275512695
94905728,2025,2025-10-28,9580,2025-10-27,1730,022572,NA,1,2,7,1942,0,1,2,NA,2,104,US-101 N/B (VENTURA FREEWAY),TAMPA AVE,1000,S,N,A,-,Y,LA,NA,101,NA,NA,22.031,H,NA,R,N,4,0,1,2,A,-,03,22350,NA,N,C,C,A,A,H,-,A,D,0,NA,NA,NA,NA,Y,NA,A,01,0,0,1,0,0,0,0,0,0,-,-,34.173648834228516,-118.54937744140624,LOS ANGELES,LOS ANGELES,-118.54938507080078,34.173587799072266
94905756,2025,2025-10-28,9530,2025-10-17,850,023799,NA,5,1,6,1972,0,1,1,NA,2,400,I-405 N/B (SAN DIEGO FREEWAY),CRENSHAW BLVD.,2130,S,N,A,-,Y,LA,NA,405,NA,NA,15.042,H,NA,R,N,3,0,1,2,A,-,03,22350,NA,N,C,C,A,A,H,-,A,D,0,NA,NA,Y,NA,Y,NA,C,02,0,1,0,0,0,0,0,0,1,-,-,33.862571716308594,-118.31961059570313,LOS ANGELES,TORRANCE,-118.31958770751952,33.86262130737305
94905765,2025,2025-11-13,9530,2025-10-17,2130,024609,NA,5,2,9,1900,0,3,5,NA,2,006,NORTHWOOD AVE. (1200 BLOCK),245TH STREET,0,NA,Y,A,-,N,NA,NA,NA,NA,NA,NA,NA,NA,NA,Y,3,0,2,2,A,-,12,21453,A,N,D,C,A,A,H,-,C,A,0,NA,NA,NA,NA,Y,NA,A,01,0,2,0,0,0,0,0,0,0,-,-,33.80255126953125,-118.29871368408205,LOS ANGELES,UNINCORPORATED,NA,NA
94905782,2025,2025-10-28,9530,2025-10-17,2000,022978,NA,5,2,6,1972,0,1,1,NA,2,400,I-405 N/B (SAN DIEGO FREEWAY),CRENSHAW BLVD,220,N,N,A,-,Y,LA,NA,405,NA,NA,15.514,H,NA,R,Y,4,0,2,1,A,-,08,22107,NA,N,E,I,A,A,H,-,C,D,0,NA,NA,NA,NA,Y,NA,A,01,0,0,2,0,0,0,0,0,0,-,-,33.86486053466797,-118.32733154296876,LOS ANGELES,TORRANCE,-118.32728576660156,33.86495590209961
94905803,2025,2025-10-28,9530,2025-10-17,1640,024409,NA,5,2,9,1900,0,3,5,NA,2,002,EL SEGUNDO BLVD,TOWNE AVE,0,NA,Y,A,-,N,NA,NA,NA,NA,NA,NA,NA,NA,NA,N,4,0,1,2,A,-,09,21801,A,N,D,C,A,A,H,-,A,D,0,NA,NA,NA,NA,Y,NA,A,01,0,0,1,0,0,0,0,0,0,-,-,33.91632843017578,-118.26748657226564,LOS ANGELES,UNINCORPORATED,-118.26744079589844,33.916419982910156
94905806,2025,2025-10-28,9540,2025-10-21,140,021447,NA,2,3,9,1900,0,1,3,NA,2,146,SR-14 N/B,AGUA DULCE CYN RD,2640,S,N,A,-,Y,LA,NA,14,NA,NA,38.965,H,NA,R,Y,2,0,1,1,A,-,08,22107,NA,N,E,I,A,A,H,-,D,D,0,NA,NA,NA,NA,Y,NA,A,01,1,0,0,0,0,0,0,0,0,-,-,34.46154022216797,-118.3427276611328,LOS ANGELES,UNINCORPORATED,-118.34287261962892,34.461585998535156
94905851,2025,2025-10-28,9590,2025-10-15,2113,022750,NA,3,2,7,1942,0,1,1,NA,2,052,I-110 N/B (HARBOR FREEWAY),7TH STREET,350,S,N,A,-,Y,LA,NA,110,NA,NA,22.482,H,NA,R,N,4,0,1,3,A,-,03,22350,NA,N,C,C,A,A,H,-,C,D,0,NA,NA,NA,NA,Y,NA,A,01,0,0,1,0,0,0,0,0,0,-,-,34.049598693847656,-118.26361846923828,LOS ANGELES,LOS ANGELES,-118.26364135742188,34.04962921142578
94905856,2025,2025-11-13,9550,2025-10-16,1815,024622,NA,4,2,9,1900,0,3,5,NA,2,001,EASTBOUND WASHINGTON BOULEVARD,PIONEER BOULEVARD,150,E,N,A,-,N,NA,NA,NA,NA,NA,NA,NA,NA,NA,N,3,0,1,2,D,-,00,NA,NA,N,B,C,A,A,H,-,B,D,0,NA,NA,Y,NA,Y,NA,-,-,0,1,0,0,0,0,0,0,1,-,-,33.9734992980957,-118.07843780517578,LOS ANGELES,UNINCORPORATED,-118.07855987548828,33.97355270385742
94905858,2025,2025-10-28,9535,2025-10-02,1615,024497,NA,4,2,9,1900,0,2,4,NA,2,014,CESAR E. CHAVEZ AVE. (450 BLOCK),MEDNIK AVE.,100,E,N,A,-,N,NA,NA,NA,NA,NA,NA,NA,NA,NA,N,4,0,1,2,A,-,11,21954,A,N,D,B,D,A,H,-,A,A,0,Y,NA,NA,NA,Y,NA,N,60,0,0,1,0,1,0,0,0,0,-,-,34.0406494140625,-118.15830993652344,LOS ANGELES,UNINCORPORATED,-118.16155242919922,34.040611267089844
94905867,2025,2025-10-29,9535,2025-10-02,1942,024497,NA,4,2,9,1900,0,2,4,NA,2,014,CESAR E. CHAVEZ AVE.,MCDONNEL AVE,0,NA,Y,A,-,N,NA,NA,NA,NA,NA,NA,NA,NA,NA,N,4,0,1,2,A,-,08,22107,NA,M,A,C,A,A,H,-,C,A,0,NA,NA,NA,NA,Y,NA,-,99,0,0,1,0,0,0,0,0,0,-,-,34.04056930541992,-118.16190338134766,LOS ANGELES,UNINCORPORATED,-118.1670379638672,34.04059982299805
94905910,2025,2025-10-29,9535,2025-10-07,1400,023333,NA,2,2,5,1943,0,1,1,NA,2,104,I-105 E/B (CENTURY FWY) TO I-710 N/B (LONG BEACH F,I-710 (LONG BEACH FWY),420,W,N,A,-,Y,LA,NA,105,NA,R,13.374,H,NA,R,Y,3,0,2,2,A,-,03,22350,NA,N,C,C,A,A,H,-,A,D,0,NA,NA,NA,Y,Y,NA,F,26,0,1,1,0,0,0,0,0,0,-,-,33.9133415222168,-118.18161010742188,LOS ANGELES,LYNWOOD,-118.18169403076172,33.91317367553711
94905928,2025,2025-10-29,9590,2025-10-22,1030,016856,NA,3,1,7,1942,0,1,1,NA,2,063,I-10 W/B (SANTA MONICA FREEWAY) COLLECTOR,NORMANDIE AVENUE,143,W,N,A,-,Y,LA,NA,10,NA,R,13.286,H,NA,L,N,4,0,3,2,A,-,03,22350,NA,M,B,C,A,A,H,-,A,D,0,NA,NA,NA,NA,Y,NA,A,01,0,0,3,0,0,0,0,0,0,-,-,34.03733825683594,-118.30088806152344,LOS ANGELES,LOS ANGELES,-118.30089569091795,34.03717041015625
94905936,2025,2025-10-29,9575,2025-10-16,2010,021772,NA,4,2,6,1953,0,1,1,NA,2,064,I-210 E/B (FOOTHILL FREEWAY),CRAIG AVE.,130,E,N,A,-,Y,LA,NA,210,NA,R,27.86,H,NA,R,Y,3,0,2,2,A,-,03,22350,NA,N,C,C,A,A,H,-,C,D,0,NA,NA,NA,NA,Y,NA,A,01,0,1,1,0,0,0,0,0,0,-,-,34.152400970458984,-118.10565948486328,LOS ANGELES,PASADENA,-118.10565948486328,34.152366638183594
94905961,2025,2025-10-29,9590,2025-10-19,1815,023970,NA,7,2,7,1942,0,1,2,NA,2,070,US-101 N/B (HOLLYWOOD FREEWAY),VIRGIL AVE.,200,N,N,A,-,Y,LA,NA,101,NA,NA,4.136,H,NA,R,N,4,0,1,2,A,-,03,22350,NA,F,C,C,A,A,H,-,A,D,0,NA,NA,NA,NA,Y,NA,-,99,0,0,1,0,0,0,0,0,0,-,-,34.0784797668457,-118.28758239746094,LOS ANGELES,LOS ANGELES,-118.28755950927734,34.07853698730469
94905998,2025,2025-10-29,9535,2025-08-03,1606,023371,NA,7,2,4,1909,0,1,1,NA,2,072,I-710 N/B (LONG BEACH FREEWAY) TO FLORENCE AVENUE,FLORENCE AVENUE,20,S,N,A,-,Y,NA,NA,NA,NA,NA,NA,NA,NA,NA,N,4,0,1,2,A,-,03,22350,NA,N,C,C,A,A,H,-,A,D,0,NA,NA,NA,NA,Y,NA,D,22,0,0,1,0,0,0,0,0,0,-,-,33.967830657958984,-118.16615295410156,LOS ANGELES,BELL GARDENS,-118.16764068603516,33.96845626831055
94906029,2025,2025-10-29,9550,2025-09-26,740,024254,NA,5,1,9,1900,0,1,1,NA,2,650,I-605 (S/B),BEVERLY BOULEVARD,2112,N,N,A,-,Y,LA,NA,605,NA,R,14.738,H,NA,R,N,3,0,1,3,A,-,03,22350,NA,N,F,A,A,A,H,-,A,D,0,NA,NA,Y,NA,Y,NA,C,02,0,1,0,0,0,0,0,0,1,-,-,34.00920104980469,-118.05812072753906,LOS ANGELES,UNINCORPORATED,-118.05796813964844,34.00910949707031
94906043,2025,2025-10-29,9550,2025-07-19,5,024389,NA,6,3,7,1941,0,1,1,NA,2,653,INTERSTATE 605 N/B,CARSON STREET,1584,S,N,A,-,Y,LA,NA,605,NA,R,1.453,H,NA,R,N,4,0,1,2,A,-,03,22350,NA,F,C,C,A,A,H,-,D,D,0,NA,NA,NA,NA,Y,NA,A,07,0,0,1,0,0,0,0,0,0,-,-,33.8272590637207,-118.08219909667967,LOS ANGELES,LONG BEACH,-118.08222198486328,33.82725524902344
94906060,2025,2025-10-29,9530,2025-10-17,1910,023905,NA,5,2,5,1977,0,1,3,NA,2,310,SR-91 W/B (ARTESIA FREEWAY),MAIN STREET,1600,E,N,A,-,Y,LA,NA,91,NA,R,7.201,H,NA,L,Y,4,0,1,2,D,-,00,NA,NA,N,C,C,A,A,H,-,D,D,0,NA,NA,NA,NA,Y,NA,-,-,0,0,1,0,0,0,0,0,0,-,-,33.87273025512695,-118.27005004882813,LOS ANGELES,CARSON,-118.27005767822266,33.87276077270508
94906070,2025,2025-10-29,9530,2025-10-17,1840,024409,NA,5,2,5,1943,0,1,1,NA,2,210,I-105 E/B (GLENN ANDERSON FWY),LONG BEACH BLVD,5280,W,N,A,-,Y,LA,NA,105,NA,R,10.476,H,NA,R,Y,4,0,1,2,A,-,07,21658,A,M,C,C,A,A,H,-,D,D,0,NA,NA,Y,NA,Y,NA,-,99,0,0,1,0,0,0,0,0,1,-,-,33.92905044555664,-118.22740936279295,LOS ANGELES,LYNWOOD,-118.22737884521484,33.9289665222168
94906099,2025,2025-10-29,9530,2025-10-17,1745,024460,NA,5,2,9,1900,0,3,5,NA,2,001,FLORENCE AVE.,CROCKETT BLVD.,0,NA,Y,A,-,N,NA,NA,NA,NA,NA,NA,NA,NA,NA,N,4,0,1,2,A,-,09,21801,A,F,A,2,A,A,H,-,A,A,0,NA,NA,NA,NA,Y,NA,-,99,0,0,1,0,0,0,0,0,0,-,-,33.97465133666992,-118.2368392944336,LOS ANGELES,UNINCORPORATED,-118.23685455322266,33.9747200012207
94906152,2025,2025-10-29,9525,2025-10-17,436,024439,NA,5,3,6,1975,0,1,1,NA,2,104,I-10 E/B FROM WEST COVINA PKWY.,WEST COVINA PKWY.,20,W,N,A,-,Y,LA,NA,10,NA,NA,34.473,H,NA,R,Y,3,0,2,2,A,-,03,22350,NA,M,E,8,A,A,H,-,C,D,0,NA,NA,NA,NA,Y,NA,A,01,0,1,1,0,0,0,0,0,0,-,-,34.071929931640625,-117.94274139404295,LOS ANGELES,WEST COVINA,-117.94276428222656,34.072105407714844
94906166,2025,2025-10-29,9525,2025-10-28,835,018364,NA,2,1,6,1975,0,1,S,NA,2,113,I-10 W/B (SAN BERNARDINO FWY),SUNSET AVENUE U/C,100,W,N,A,-,Y,LA,NA,10,NA,NA,34.835,H,NA,L,Y,3,0,1,2,A,-,03,22350,NA,N,C,C,A,A,H,-,A,D,0,NA,NA,NA,NA,Y,NA,A,07,0,1,0,0,0,0,0,0,0,-,-,34.072471618652344,-117.9365692138672,LOS ANGELES,WEST COVINA,-117.9365692138672,34.07251739501953
94906189,2025,2025-10-29,9590,2025-10-23,1914,019048,NA,4,2,7,1942,0,1,1,NA,2,084,I-5 N/B,GLENDALE,1056,S,N,A,-,Y,NA,NA,NA,NA,NA,NA,NA,NA,NA,N,4,0,1,2,A,-,07,21658,A,N,B,C,A,A,H,-,D,D,0,NA,NA,NA,NA,Y,NA,-,-,0,0,1,0,0,0,0,0,0,-,-,34.11008834838867,-118.26358795166016,LOS ANGELES,LOS ANGELES,-118.26295471191406,34.11051940917969
94906205,2025,2025-10-29,9535,2025-03-05,850,024308,NA,3,1,9,1900,0,1,1,NA,2,655,I-605 S/B (SAN GABRIEL RIVER FWY),SR-60 (POMONA FREEWAY),2000,N,N,B,-,Y,LA,NA,605,NA,R,17.805,H,NA,L,Y,3,0,1,3,A,-,03,22350,NA,N,B,C,A,A,H,-,A,D,0,NA,NA,Y,NA,Y,NA,C,02,0,1,0,0,0,0,0,0,1,-,-,34.03812026977539,-118.02185821533205,LOS ANGELES,UNINCORPORATED,-118.02188873291016,34.03815460205078
9490625,2022,2022-08-30,1942,2022-08-10,0955,38357,0479,3,5,7,1942,0,0,0,D,0,24TL29,7TH ST,CALZONA ST,0,NA,Y,A,-,N,NA,NA,NA,NA,NA,NA,NA,NA,NA,Y,2,0,1,2,A,-,09,21802,A,N,D,C,A,A,H,-,A,D,0,NA,NA,NA,NA,Y,NA,A,07,1,0,0,0,0,0,0,0,0,-,-,NA,NA,LOS ANGELES,LOS ANGELES,-118.19470977783205,34.02192687988281
9490628,2022,2022-08-30,1942,2022-08-04,1651,41370,1999,4,5,7,1942,0,0,0,NA,0,26M66,RANCHITO AV,WOODMAN AV,626,W,N,A,-,N,NA,NA,NA,NA,NA,NA,NA,NA,NA,Y,3,0,1,3,A,-,01,23152,F,N,B,C,A,A,H,-,A,D,0,NA,NA,NA,NA,Y,NA,A,01,0,1,0,0,0,0,0,0,0,-,-,NA,NA,LOS ANGELES,LOS ANGELES,-118.43314361572266,34.212589263916016
94906324,2025,2025-10-29,9525,2025-10-11,1845,024153,NA,6,2,5,1990,0,1,3,NA,2,574,SR-57 N/B (ORANGE FWY),SR-60 E/B (POMONA FWY),3168,S,N,A,-,Y,LA,NA,57,NA,R,3.841,H,NA,R,Y,2,0,1,2,A,-,08,22107,NA,N,C,2,A,A,H,-,C,D,0,NA,NA,Y,NA,Y,NA,C,02,1,0,0,0,0,0,0,0,1,-,-,33.9941291809082,-117.84165191650392,LOS ANGELES,DIAMOND BAR,-117.84151458740234,33.99408721923828
94906363,2025,2025-10-29,9525,2025-10-17,2145,024054,NA,5,2,5,1906,0,1,1,NA,2,652,I-605 N/B TO RAMONA BLVD.,RAMONA BLVD,88,S,N,A,-,Y,NA,NA,NA,NA,NA,NA,NA,NA,NA,N,4,0,1,2,A,-,03,22350,NA,N,C,C,A,A,H,-,C,A,0,NA,NA,NA,NA,Y,NA,A,01,0,0,1,0,0,0,0,0,0,-,-,34.077518463134766,-117.99752807617188,LOS ANGELES,BALDWIN PARK,-117.99797058105467,34.07748031616211
94906365,2025,2025-10-29,9590,2025-10-17,1603,023970,NA,5,2,7,1942,0,1,3,NA,2,031,SR-60 W/B (POMONA FREEWAY),INDIANA ST.,250,W,N,A,-,Y,LA,NA,60,NA,R,1.879,H,NA,L,N,4,0,1,2,A,-,03,22350,NA,N,C,C,A,A,H,-,A,D,0,NA,NA,NA,NA,Y,NA,D,22,0,0,1,0,0,0,0,0,0,-,-,34.03105926513672,-118.19329833984376,LOS ANGELES,LOS ANGELES,-118.19332885742188,34.031131744384766
94906397,2025,2025-10-29,9545,2025-10-21,1540,019816,NA,2,2,9,1900,0,3,5,NA,2,002,SIERRA HWY,SIERRA HWY TO SR-14 S/B,0,NA,Y,A,-,Y,NA,NA,NA,NA,NA,NA,NA,NA,NA,N,3,0,2,3,A,-,09,21801,A,N,D,C,A,A,H,-,A,D,0,NA,NA,NA,NA,Y,NA,-,-,0,1,1,0,0,0,0,0,0,-,-,34.511329650878906,-118.10962677001952,LOS ANGELES,UNINCORPORATED,NA,NA
94906435,2025,2025-10-29,9575,2025-10-20,1645,023071,NA,1,2,7,1942,0,1,1,NA,2,053,I-5 N/B (GOLDEN STATE FREEWAY) FROM OSBORNE ST.,FROM OSBORNE ST,13,N,N,A,-,Y,NA,NA,NA,NA,NA,NA,NA,NA,NA,Y,3,0,1,2,A,-,08,22107,NA,N,D,G,A,A,H,-,A,D,0,NA,Y,NA,NA,Y,NA,A,07,0,1,0,0,0,0,1,0,0,-,-,34.24517822265625,-118.422119140625,LOS ANGELES,LOS ANGELES,-118.42230987548828,34.24486541748047
94906442,2025,2025-10-29,9535,2025-10-03,1425,022142,NA,5,2,4,1962,0,1,1,NA,2,401,I-10 W/B FROM DEL MAR AVE. S/B,DEL MAR AVE.,305,W,N,A,-,Y,LA,NA,10,NA,NA,25.264,H,NA,L,N,4,0,1,2,A,-,03,22350,NA,N,C,C,A,A,H,-,A,A,0,NA,NA,NA,NA,Y,NA,A,07,0,0,1,0,0,0,0,0,0,-,-,34.072418212890625,-118.10079193115234,LOS ANGELES,SAN GABRIEL,-118.10079956054688,34.072166442871094
94906445,2025,2025-10-29,9535,2025-10-05,545,022812,NA,7,3,9,1900,0,1,1,NA,2,421,I-10 W/B (SAN BERNARDINO FREEWAY),EASTERN AVENUE,100,E,N,A,-,Y,LA,NA,10,S,NA,20.838,H,NA,L,N,4,0,1,1,A,-,03,22350,NA,N,E,I,A,A,H,-,B,A,0,NA,NA,NA,NA,Y,NA,A,01,0,0,1,0,0,0,0,0,0,-,-,34.06053924560547,-118.17440032958984,LOS ANGELES,UNINCORPORATED,-118.1744384765625,34.06059265136719
94906461,2025,2025-10-29,9535,2025-10-14,1240,022812,NA,2,1,5,1959,0,1,1,NA,2,111,I-10 W/B (SAN BERNARDINO FREEWAY),TEMPLE CITY BLVD,300,E,N,B,C,Y,LA,NA,10,NA,NA,27.987,H,NA,L,N,3,0,1,1,A,-,03,22350,NA,N,E,I,A,B,H,-,A,A,0,NA,NA,NA,NA,Y,NA,A,01,0,1,0,0,0,0,0,0,0,-,-,34.07276153564453,-118.05329132080078,LOS ANGELES,ROSEMEAD,-118.05329895019533,34.07270431518555
94906466,2025,2025-10-29,9535,2025-10-06,220,023567,NA,1,3,5,1959,0,1,1,NA,2,401,I-10 W/B (SAN BERNARDINO FREEWAY),WALNUT GROVE AVENUE,812,W,N,A,-,Y,LA,NA,10,NA,NA,26.153,H,NA,L,Y,4,0,1,1,A,-,08,22107,NA,N,E,I,A,A,H,-,C,D,0,NA,NA,NA,NA,Y,NA,A,01,0,0,1,0,0,0,0,0,0,-,-,34.072139739990234,-118.08537292480467,LOS ANGELES,ROSEMEAD,-118.08537292480467,34.07225799560547
94906478,2025,2025-10-29,9535,2025-10-06,2256,022335,NA,1,3,3,1914,0,1,1,NA,2,500,I-5 (SANTA ANA FREEWAY) N/B,ATLANTIC BOULEVARD,35,W,N,A,-,Y,LA,NA,5,NA,NA,12.819,H,NA,R,Y,3,0,2,2,A,-,08,22107,NA,N,E,I,A,A,H,-,D,D,0,NA,NA,NA,NA,Y,Y,A,01,0,2,0,0,0,0,0,0,0,-,-,34.009159088134766,-118.15876007080078,LOS ANGELES,COMMERCE,-118.15882873535156,34.009117126464844
94906481,2025,2025-10-29,9575,2025-10-19,1830,021772,NA,7,2,9,1900,0,3,5,NA,2,008,DUARTE RD. (2900 BLOCK),SAN GABRIEL BLVD.,40,W,N,A,-,N,NA,NA,NA,NA,NA,NA,NA,NA,NA,N,4,0,1,2,A,-,03,22350,NA,F,C,C,A,A,H,-,C,A,0,NA,NA,NA,NA,Y,NA,-,99,0,0,1,0,0,0,0,0,0,-,-,34.11981964111328,-118.09159088134766,LOS ANGELES,UNINCORPORATED,-118.09140777587892,34.119842529296875