CASE_ID,ACCIDENT_YEAR,PROC_DATE,JURIS,COLLISION_DATE,COLLISION_TIME,OFFICER_ID,REPORTING_DISTRICT,DAY_OF_WEEK,CHP_SHIFT,POPULATION,CNTY_CITY_LOC,SPECIAL_COND,BEAT_TYPE,CHP_BEAT_TYPE,CITY_DIVISION_LAPD,CHP_BEAT_CLASS,BEAT_NUMBER,PRIMARY_RD,SECONDARY_RD,DISTANCE,DIRECTION,INTERSECTION,WEATHER_1,WEATHER_2,STATE_HWY_IND,CALTRANS_COUNTY,CALTRANS_DISTRICT,STATE_ROUTE,ROUTE_SUFFIX,POSTMILE_PREFIX,POSTMILE,LOCATION_TYPE,RAMP_INTERSECTION,SIDE_OF_HWY,TOW_AWAY,COLLISION_SEVERITY,NUMBER_KILLED,NUMBER_INJURED,PARTY_COUNT,PRIMARY_COLL_FACTOR,PCF_CODE_OF_VIOL,PCF_VIOL_CATEGORY,PCF_VIOLATION,PCF_VIOL_SUBSECTION,HIT_AND_RUN,TYPE_OF_COLLISION,MVIW,PED_ACTION,ROAD_SURFACE,ROAD_COND_1,ROAD_COND_2,LIGHTING,CONTROL_DEVICE,CHP_ROAD_TYPE,PEDESTRIAN_ACCIDENT,BICYCLE_ACCIDENT,MOTORCYCLE_ACCIDENT,TRUCK_ACCIDENT,NOT_PRIVATE_PROPERTY,ALCOHOL_INVOLVED,STWD_VEHTYPE_AT_FAULT,CHP_VEHTYPE_AT_FAULT,COUNT_SEVERE_INJ,COUNT_VISIBLE_INJ,COUNT_COMPLAINT_PAIN,COUNT_PED_KILLED,COUNT_PED_INJURED,COUNT_BICYCLIST_KILLED,COUNT_BICYCLIST_INJURED,COUNT_MC_KILLED,COUNT_MC_INJURED,PRIMARY_RAMP,SECONDARY_RAMP,LATITUDE,LONGITUDE,COUNTY,CITY,POINT_X,POINT_Y
94906509,2025,2025-10-29,9525,2025-10-25,1340,024155,NA,6,1,9,1900,0,3,5,NA,2,004,FRANCISQUITO AVE,CALIFORNIA AVE,0,NA,Y,A,-,N,NA,NA,NA,NA,NA,NA,NA,NA,NA,N,4,0,1,2,A,-,09,21801,A,N,A,C,A,A,H,-,A,A,0,NA,NA,NA,NA,Y,NA,A,07,0,0,1,0,0,0,0,0,0,-,-,34.050331115722656,-117.94943237304688,LOS ANGELES,UNINCORPORATED,-117.94939422607422,34.050357818603516
94906516,2025,2025-10-29,9525,2025-10-27,2230,021986,NA,1,3,5,1990,0,1,3,NA,2,601,SR-60 W/B TO SR/57 S/B,GRAND AVENUE,3000,E,N,A,-,Y,NA,NA,NA,NA,NA,NA,NA,NA,NA,Y,4,0,2,2,A,-,08,22107,NA,N,C,C,A,A,H,-,C,D,0,NA,NA,NA,NA,Y,NA,A,07,0,0,2,0,0,0,0,0,0,-,-,34.00436019897461,-117.83059692382813,LOS ANGELES,DIAMOND BAR,-117.81748199462892,34.016998291015625
94906541,2025,2025-10-29,9550,2025-10-18,1420,023609,NA,6,2,9,1900,0,1,3,NA,2,600,SR-60 W/B,HACIENDA BOULEVARD,50,W,N,A,-,Y,LA,NA,60,NA,NA,15.898,H,NA,L,N,4,0,1,2,A,-,03,22350,NA,N,C,C,A,A,H,-,A,D,0,NA,NA,NA,NA,Y,NA,A,07,0,0,1,0,0,0,0,0,0,-,-,34.007301330566406,-117.9651107788086,LOS ANGELES,UNINCORPORATED,-117.9651336669922,34.007240295410156
94906564,2025,2025-10-29,9550,2025-10-20,720,018745,NA,1,1,5,1908,0,1,3,NA,2,091,SR-91 E/B (ARTESIA FREEWAY),DOWNEY AVE.,1056,E,N,A,-,Y,LA,NA,91,NA,R,14.33,H,NA,R,N,3,0,1,2,A,-,03,22350,NA,N,C,C,A,A,H,-,A,D,0,NA,NA,NA,NA,Y,NA,A,01,0,1,0,0,0,0,0,0,0,-,-,33.87699890136719,-118.14762115478516,LOS ANGELES,BELLFLOWER,-118.14762115478516,33.87699508666992
9490661,2022,2022-09-02,1942,2022-08-02,1515,36755,1099,2,5,7,1942,0,0,0,J,0,26TL46,MULHOLLAND,WALT DISNEY DR,135,W,N,A,-,N,NA,NA,NA,NA,NA,NA,NA,NA,NA,Y,3,0,1,2,A,-,08,22107,NA,N,D,C,A,A,H,-,A,D,0,NA,NA,NA,NA,Y,NA,A,01,0,1,0,0,0,0,0,0,0,-,-,NA,NA,LOS ANGELES,LOS ANGELES,-118.4797134399414,34.12944793701172
9490662,2022,2022-08-31,1942,2022-08-09,2145,34499,1029,2,5,7,1942,0,0,0,J,0,10A39,HASKELL AV,SHERMAN WY,0,NA,Y,A,-,N,NA,NA,NA,NA,NA,NA,NA,NA,NA,Y,3,0,1,2,A,-,07,21658,A,N,B,C,A,A,H,-,C,A,0,NA,NA,NA,NA,Y,NA,A,01,0,1,0,0,0,0,0,0,0,-,-,NA,NA,LOS ANGELES,LOS ANGELES,-118.47489166259766,34.201133728027344
9490663,2022,2022-08-31,1942,2022-08-12,0920,31931,1037,5,5,7,1942,0,0,0,J,0,26M28,VICTORY BL,LOUISE AV,0,NA,Y,A,-,N,NA,NA,NA,NA,NA,NA,NA,NA,NA,Y,4,0,2,2,A,-,12,21453,A,N,D,-,A,-,H,-,A,A,0,NA,NA,NA,NA,Y,NA,A,01,0,0,2,0,0,0,0,0,0,-,-,NA,NA,LOS ANGELES,LOS ANGELES,-118.51006317138672,34.186824798583984
9490664,2022,2022-08-31,1942,2022-08-12,2340,32774,1001,5,5,7,1942,0,0,0,J,0,26T56,ROSCOE BL,WILBUR AV,15,W,N,A,-,N,NA,NA,NA,NA,NA,NA,NA,NA,NA,N,2,0,1,2,A,-,11,21950,B,N,G,B,B,A,H,-,C,D,0,Y,NA,NA,NA,Y,NA,N,60,1,0,0,0,1,0,0,0,0,-,-,NA,NA,LOS ANGELES,LOS ANGELES,-118.54486083984376,34.22060775756836
9490665,2022,2022-08-31,1942,2022-08-04,2300,33504,1037,4,5,7,1942,0,0,0,J,0,26TL55,VANOWEN ST,JELLICO AV,0,E,N,A,-,N,NA,NA,NA,NA,NA,NA,NA,NA,NA,Y,2,0,2,6,A,-,03,22350,NA,N,C,C,A,A,-,-,C,A,0,NA,NA,Y,NA,Y,NA,A,07,1,1,0,0,0,0,0,0,0,-,-,NA,NA,LOS ANGELES,LOS ANGELES,-118.51741027832033,34.193870544433594
9490666,2022,2022-08-31,1942,2022-08-08,1300,32263,1028,1,5,7,1942,0,0,0,J,0,26M26,SHERMAN WY,FORBES AV,245,W,N,A,-,N,NA,NA,NA,NA,NA,NA,NA,NA,NA,Y,2,0,1,3,A,-,08,22107,NA,N,F,E,A,A,H,-,A,D,0,NA,NA,NA,NA,Y,NA,A,07,1,0,0,0,0,0,0,0,0,-,-,NA,NA,LOS ANGELES,LOS ANGELES,-118.499755859375,34.20111083984375
9490667,2022,2022-08-31,1942,2022-08-03,1110,31931,1548,3,5,7,1942,0,0,0,O,0,26M28,MAGNOLIA BL,VINELAND AV,142,E,N,A,-,N,NA,NA,NA,NA,NA,NA,NA,NA,NA,N,2,0,1,1,A,-,-,NA,NA,N,E,I,A,A,H,-,A,D,0,NA,NA,NA,NA,Y,Y,A,01,1,0,0,0,0,0,0,0,0,-,-,NA,NA,LOS ANGELES,LOS ANGELES,-118.3699951171875,34.164878845214844
9490668,2022,2022-08-31,1942,2022-08-13,1130,39192,1547,6,5,7,1942,0,0,0,O,0,26TL43,TUJUNGA BL,MAGNOLIA AV,2,S,N,A,-,N,NA,NA,NA,NA,NA,NA,NA,NA,NA,N,2,0,1,1,A,-,03,22350,NA,N,E,I,A,A,H,-,A,D,0,NA,NA,NA,NA,Y,NA,A,01,1,0,0,0,0,0,0,0,0,-,-,NA,NA,LOS ANGELES,LOS ANGELES,-118.37899017333984,34.16494369506836
9490669,2022,2022-08-31,1942,2022-08-08,1720,41316,1538,1,5,7,1942,0,0,0,O,0,26TL75,BURBANK BL,BONNER AV,30,E,N,A,-,N,NA,NA,NA,NA,NA,NA,NA,NA,NA,Y,3,0,2,2,A,-,01,21200,5,N,A,G,A,A,H,-,A,D,0,NA,Y,NA,NA,Y,Y,L,04,0,2,0,0,0,0,1,0,0,-,-,NA,NA,LOS ANGELES,LOS ANGELES,-118.3740234375,34.172149658203125
9490670,2022,2022-08-31,1942,2022-08-17,1005,36678,1015,3,5,7,1942,0,0,0,J,0,26M51,RESEDA BL,SHERMAN WY,84,N,N,A,-,N,NA,NA,NA,NA,NA,NA,NA,NA,NA,N,4,0,2,2,A,-,03,22350,NA,F,C,C,A,A,D,-,A,D,0,NA,NA,NA,NA,Y,NA,-,99,0,0,2,0,0,0,0,0,0,-,-,NA,NA,LOS ANGELES,LOS ANGELES,-118.53604125976564,34.20130920410156
94906908,2025,2025-10-29,9550,2025-10-17,2115,024514,NA,5,2,9,1900,0,3,5,NA,2,005,FULLERTON ROAD,COLIMA ROAD,330,S,N,A,-,N,NA,NA,NA,NA,NA,NA,NA,NA,NA,N,4,0,1,2,A,-,09,21804,A,N,D,C,A,A,H,-,C,D,0,NA,NA,NA,NA,Y,NA,A,08,0,0,1,0,0,0,0,0,0,-,-,33.98741149902344,-117.90595245361328,LOS ANGELES,UNINCORPORATED,-117.90586853027344,33.98746871948242
9490691,2022,2022-08-31,1900,2022-08-11,0655,606632,2928,4,5,5,1990,0,0,0,NA,0,292T1,LYCOMING ST,GLENWICK AV,6,W,N,A,-,N,NA,NA,NA,NA,NA,NA,NA,NA,NA,N,4,0,1,2,A,-,03,22350,NA,N,-,B,B,A,H,-,A,-,0,Y,NA,NA,NA,Y,NA,-,-,0,0,1,0,1,0,0,0,0,-,-,34.0029296875,-117.85328674316406,LOS ANGELES,DIAMOND BAR,-117.85311126708984,34.00288009643555
9490692,2022,2022-09-01,1900,2022-08-09,1300,523038,2917,2,5,4,1974,0,0,0,NA,0,291K1,BULL FROG CIR,GREY FOX RD,285,N,N,A,-,N,NA,NA,NA,NA,NA,NA,NA,NA,NA,N,2,0,1,1,B,-,22,NA,NA,N,G,B,A,A,H,-,A,D,0,NA,NA,NA,NA,Y,NA,A,01,1,0,0,0,0,0,0,0,0,-,-,NA,NA,LOS ANGELES,WALNUT,-117.8751220703125,34.02328872680664
9490695,2022,2022-09-01,1926,2022-08-09,1214,0126,NA,2,5,5,1926,0,0,0,NA,0,003,RT 66,HUNTERS TRL,0,NA,Y,A,-,N,NA,NA,NA,NA,NA,NA,NA,NA,NA,Y,2,0,3,2,D,-,00,NA,NA,N,D,C,A,A,H,-,A,A,0,NA,NA,NA,NA,Y,NA,-,-,2,0,1,0,0,0,0,0,0,-,-,34.12879180908203,-117.83968353271484,LOS ANGELES,GLENDORA,-117.83970642089844,34.12879180908203
9490696,2022,2022-08-31,1926,2022-08-06,1251,0136,4,6,5,5,1926,0,0,0,NA,0,004,RT 66 AV,HUNTERS TRL,471,E,N,A,-,N,NA,NA,NA,NA,NA,NA,NA,NA,NA,Y,2,0,4,2,A,-,08,22107,NA,N,D,C,A,A,H,-,A,D,0,NA,NA,NA,NA,Y,NA,A,01,2,2,0,0,0,0,0,0,0,-,-,34.12879180908203,-117.83968353271484,LOS ANGELES,GLENDORA,-117.8381576538086,34.128875732421875
9490697,2022,2022-08-31,1926,2022-08-18,1045,0082,NA,4,5,5,1926,0,0,0,NA,0,NA,S LONE AV,AUTO CENTRE DR,450,N,N,A,-,N,NA,NA,NA,NA,NA,NA,NA,NA,NA,Y,3,0,1,2,A,-,03,22350,NA,N,C,C,A,A,H,-,A,A,0,NA,NA,NA,NA,Y,NA,A,01,0,1,0,0,0,0,0,0,0,-,-,34.117618560791016,-117.82901000976564,LOS ANGELES,GLENDORA,-117.82901763916016,34.11885452270508
94907006,2025,2025-10-29,9575,2025-10-22,1033,021775,NA,3,1,6,1925,0,1,3,NA,2,042,SR-134 E/B (VENTURA FREEWAY),CENTRAL AVE.,966,W,N,A,-,Y,LA,NA,134,NA,R,6.765,H,NA,R,N,3,0,3,2,A,-,07,21658,A,N,C,C,A,A,H,-,A,D,0,NA,NA,NA,NA,Y,NA,A,01,0,1,2,0,0,0,0,0,0,-,-,34.15610122680664,-118.26139831542967,LOS ANGELES,GLENDALE,-118.26140594482422,34.15625762939453
94907010,2025,2025-10-29,9540,2025-10-27,745,018162,NA,1,1,9,1900,0,1,1,NA,2,510,I-5 NORTHBOUND,THE ISLANDS,550,N,N,A,-,Y,LA,NA,5,NA,R,69.584,H,NA,R,Y,3,0,3,2,A,-,08,22107,NA,N,B,2,A,A,H,-,A,D,0,NA,NA,NA,NA,Y,NA,D,22,0,3,0,0,0,0,0,0,0,-,-,34.612640380859375,-118.71263122558594,LOS ANGELES,UNINCORPORATED,-118.71251678466795,34.6126823425293
9490702,2022,2022-09-08,1976,2022-08-01,1338,210,NA,1,5,3,1964,0,0,0,NA,0,002,TELEGRAPH RD,CARMENITA RD,175,W,N,A,-,N,NA,NA,NA,NA,NA,NA,NA,NA,NA,N,4,0,1,2,A,-,05,21650,1,N,H,G,A,A,H,-,A,D,0,NA,Y,NA,NA,Y,Y,L,04,0,0,1,0,0,0,1,0,0,-,-,NA,NA,LOS ANGELES,SANTA FE SPRINGS,-118.04702758789064,33.94074249267578
94907021,2025,2025-10-29,9535,2025-08-26,1525,024308,NA,2,2,9,1900,0,2,4,NA,2,022,OLYMPIC BOULEVARD (6500 BLOCK),GARFIELD AVENUE,205,W,N,A,-,Y,NA,NA,NA,NA,NA,NA,NA,NA,NA,N,4,0,1,6,A,-,01,23152,A,M,B,E,A,A,H,-,A,A,0,NA,NA,NA,NA,Y,Y,A,01,0,0,1,0,0,0,0,0,0,-,-,34.01171875,-118.13182830810548,LOS ANGELES,UNINCORPORATED,-118.13151550292967,34.01158905029297
94907026,2025,2025-10-29,9525,2025-10-22,2120,023815,NA,3,2,9,1900,0,2,4,NA,2,022,ARROW HIGHWAY (17000 BLOCK),ENID AVENUE,170,W,N,A,-,N,NA,NA,NA,NA,NA,NA,NA,NA,NA,N,4,0,1,2,A,-,11,21954,A,N,B,B,E,A,H,-,B,D,0,Y,NA,NA,NA,Y,NA,N,60,0,0,1,0,1,0,0,0,0,-,-,34.106990814208984,-117.91493225097656,LOS ANGELES,UNINCORPORATED,-117.91481018066406,34.10688018798828
94907066,2025,2025-10-29,9545,2025-10-21,1440,024654,NA,2,2,9,1900,0,1,3,NA,2,021,SR-14 S/B,PALMDALE BLVD,200,N,N,A,-,Y,LA,NA,14,NA,R,60.064,H,NA,L,N,3,0,1,2,A,-,03,22350,NA,N,C,C,A,A,D,-,A,D,0,NA,NA,NA,NA,Y,NA,A,07,0,1,0,0,0,0,0,0,0,-,-,34.58512878417969,-118.13400268554688,LOS ANGELES,UNINCORPORATED,-118.13397216796876,34.58512878417969
94907068,2025,2025-10-29,9565,2025-10-17,754,024562,NA,5,1,9,1900,0,3,5,NA,2,004,111TH STREET,OSAGE AVENUE,9,E,N,A,-,N,NA,NA,NA,NA,NA,NA,NA,NA,NA,N,4,0,1,2,A,-,03,22350,NA,F,G,B,D,A,H,-,A,A,0,Y,NA,NA,NA,Y,NA,-,99,0,0,1,0,1,0,0,0,0,-,-,33.9345588684082,-118.34603881835938,LOS ANGELES,UNINCORPORATED,-118.34609985351564,33.9345703125
9490709,2022,2022-09-06,1942,2022-08-13,1650,39714,0521,6,5,7,1942,0,0,0,E,0,25MX16,WESTMONT DR,N GAFFEY ST,2500,E,N,A,-,N,NA,NA,NA,NA,NA,NA,NA,NA,NA,Y,3,0,2,4,A,-,03,22350,NA,F,A,E,E,A,H,-,A,D,0,Y,NA,NA,NA,Y,NA,A,01,0,2,0,0,1,0,0,0,0,-,-,NA,NA,LOS ANGELES,LOS ANGELES,-118.28530120849608,33.76359176635742
94907098,2025,2025-10-29,9590,2025-10-08,1315,018510,NA,3,1,7,1942,0,1,1,NA,2,084,I-5 (GSF),GLENDALE BLVD,1200,S,N,A,-,Y,LA,NA,5,NA,NA,23.385,H,NA,R,N,3,0,2,3,A,-,03,22350,NA,N,C,C,A,A,H,-,A,D,0,NA,NA,NA,NA,Y,NA,A,07,0,2,0,0,0,0,0,0,0,-,-,34.109798431396484,-118.2617416381836,LOS ANGELES,LOS ANGELES,-118.26173400878906,34.10980987548828
9490710,2022,2022-09-06,1942,2022-08-11,1555,38037,0377,4,5,7,1942,0,0,0,C,0,25MQ59,WESTERN AV,EXPOSITION BL,84,S,N,A,-,N,NA,NA,NA,NA,NA,NA,NA,NA,NA,N,3,0,1,2,A,-,09,21804,A,F,D,G,A,A,H,-,A,D,0,NA,Y,NA,NA,Y,NA,-,99,0,1,0,0,0,0,1,0,0,-,-,NA,NA,LOS ANGELES,LOS ANGELES,-118.30892181396484,34.018028259277344
9490711,2022,2022-09-06,1942,2022-08-16,2015,41844,0358,2,5,7,1942,0,0,0,C,0,25T33,JEFFERSON BL,MCCLINTOCK AV,93,E,N,A,-,N,NA,NA,NA,NA,NA,NA,NA,NA,NA,N,4,0,1,2,A,-,03,22350,NA,F,C,C,A,A,H,-,C,D,0,NA,NA,NA,NA,Y,NA,-,99,0,0,1,0,0,0,0,0,0,-,-,NA,NA,LOS ANGELES,LOS ANGELES,-118.2868423461914,34.02492904663086
9490712,2022,2022-09-06,1942,2022-08-14,1615,41973,25MX8,7,5,7,1942,0,0,0,NA,0,1801,HOOVER,MANCHESTER,0,NA,Y,A,-,N,NA,NA,NA,NA,NA,NA,NA,NA,NA,N,4,0,1,2,A,-,03,22350,A,F,A,C,A,A,H,-,A,A,0,NA,NA,NA,NA,Y,Y,-,99,0,0,1,0,0,0,0,0,0,-,-,NA,NA,LOS ANGELES,LOS ANGELES,-118.28705596923828,33.960052490234375
9490713,2022,2022-09-06,1942,2022-08-11,1100,44702,0521,4,5,7,1942,0,0,0,E,0,5A26W4,W ANAHEIM ST,WEST I ST,900,W,N,A,-,N,NA,NA,NA,NA,NA,NA,NA,NA,NA,N,4,0,1,2,A,-,08,22103,NA,N,D,G,A,A,H,-,A,A,0,NA,Y,NA,NA,Y,NA,L,04,0,0,1,0,0,0,1,0,0,-,-,NA,NA,LOS ANGELES,LOS ANGELES,-118.28498077392578,33.778751373291016
9490714,2022,2022-09-06,1942,2022-08-14,0810,38111,0551,7,5,7,1942,0,0,0,E,0,25TL25,N WESTERN AV,W 1ST ST,0,NA,Y,A,-,N,NA,NA,NA,NA,NA,NA,NA,NA,NA,Y,4,0,1,2,A,-,12,21453,NA,N,D,C,A,A,H,-,A,A,0,NA,NA,NA,NA,Y,NA,A,07,0,0,1,0,0,0,0,0,0,-,-,NA,NA,LOS ANGELES,LOS ANGELES,-118.3097686767578,33.743412017822266
94907141,2025,2025-10-29,9530,2025-10-17,1415,024052,NA,5,2,7,1942,0,1,1,NA,2,200,I-105 E/B (GLENN ANDERSON FWY),CENTRAL AVE.,2960,W,N,A,-,Y,LA,NA,105,NA,R,8.439,H,NA,R,N,4,0,1,2,A,-,03,22350,NA,N,C,C,A,A,H,-,A,D,0,NA,NA,NA,NA,Y,NA,A,08,0,0,1,0,0,0,0,0,0,-,-,33.927330017089844,-118.26260375976564,LOS ANGELES,LOS ANGELES,-118.26260375976564,33.92730712890625
94907149,2025,2025-10-29,9565,2025-10-17,755,024534,NA,5,1,4,1918,0,1,1,NA,2,061,I-405 N/B,CULVER BLVD,400,S,N,A,-,Y,LA,NA,405,NA,NA,26.729,H,NA,R,Y,3,0,1,2,A,-,03,22350,NA,N,C,C,A,A,H,-,A,D,0,NA,NA,Y,NA,Y,NA,C,02,0,1,0,0,0,0,0,0,1,-,-,33.99736022949219,-118.40646362304688,LOS ANGELES,CULVER CITY,-118.40654754638672,33.997310638427734
9490715,2022,2022-09-15,1942,2022-08-06,1815,38233,1803,6,5,7,1942,0,0,0,R,0,25MX85,E MANCHESTER,S SAN PEDRO ST,0,NA,Y,A,-,N,NA,NA,NA,NA,NA,NA,NA,NA,NA,N,3,0,1,2,A,-,03,22350,NA,F,G,B,B,A,H,-,A,A,0,Y,NA,NA,NA,Y,Y,-,99,0,1,0,0,1,0,0,0,0,-,-,NA,NA,LOS ANGELES,LOS ANGELES,-118.26949310302734,33.960113525390625
94907150,2025,2025-10-29,9535,2025-10-20,1910,023450,NA,1,2,9,1900,0,1,1,NA,2,420,I-10 (SAN BERNARDINO FREEWAY) E/B,HERBERT AVE,930,E,N,A,-,Y,LA,NA,10,NA,NA,20.4,H,NA,R,Y,3,0,2,3,A,-,03,22350,NA,N,C,C,A,A,H,-,D,D,0,NA,NA,NA,NA,Y,NA,A,01,0,1,1,0,0,0,0,0,0,-,-,34.05727005004883,-118.18031311035156,LOS ANGELES,UNINCORPORATED,-118.18035888671876,34.057350158691406
94907159,2025,2025-10-29,9565,2025-10-16,620,023935,NA,4,1,9,1900,0,2,S,NA,2,904,FILESTONE BLVD,HOOPER AVE,0,NA,Y,A,-,N,NA,NA,NA,NA,NA,NA,NA,NA,NA,N,4,0,1,2,A,-,10,21950,A,F,H,G,A,A,H,-,A,A,0,NA,Y,NA,NA,Y,NA,-,99,0,0,1,0,0,0,1,0,0,-,-,33.960140228271484,-118.25380706787108,LOS ANGELES,UNINCORPORATED,-118.2540283203125,33.96015167236328
9490716,2022,2022-09-06,1942,2022-08-15,1540,38503,1251,1,5,7,1942,0,0,0,L,0,25TL25,CRENSHAW BL,76TH ST,0,NA,Y,A,-,N,NA,NA,NA,NA,NA,NA,NA,NA,NA,Y,3,0,3,3,A,-,09,21801,A,N,A,C,A,A,H,-,A,A,0,NA,NA,NA,NA,Y,NA,A,01,0,1,2,0,0,0,0,0,0,-,-,NA,NA,LOS ANGELES,LOS ANGELES,-118.33087158203124,33.97088623046875
94907160,2025,2025-10-29,9575,2025-10-24,1840,024356,NA,5,2,6,1912,0,1,1,NA,2,051,I-5 S/B (GOLDEN STATE FREEWAY),VERDUGO AVE.,540,N,N,A,-,Y,LA,NA,5,NA,NA,29.042,H,NA,L,N,4,0,1,3,A,-,03,22350,NA,N,C,C,A,A,H,-,A,D,0,NA,NA,NA,NA,Y,NA,A,01,0,0,1,0,0,0,0,0,0,-,-,34.177711486816406,-118.3093490600586,LOS ANGELES,BURBANK,-118.3093719482422,34.17768478393555
9490717,2022,2022-09-06,1942,2022-08-06,1450,41923,1268,6,5,7,1942,0,0,0,L,0,25TL27,MAIN ST,MANCHESTER AV,0,NA,Y,A,-,N,NA,NA,NA,NA,NA,NA,NA,NA,NA,Y,3,0,4,5,A,-,12,21453,A,N,D,C,A,A,H,-,A,A,0,NA,NA,NA,NA,Y,NA,A,01,0,2,2,0,0,0,0,0,0,-,-,NA,NA,LOS ANGELES,LOS ANGELES,-118.2738800048828,33.960086822509766
9490718,2022,2022-09-06,1942,2022-08-07,2015,43432,1842,7,5,7,1942,0,0,0,R,0,25T33W,MAIN ST,113TH ST,0,NA,Y,A,-,N,NA,NA,NA,NA,NA,NA,NA,NA,NA,Y,4,0,2,5,A,-,01,23152,A,N,B,C,A,A,H,-,C,A,0,NA,NA,NA,NA,Y,Y,A,01,0,0,2,0,0,0,0,0,0,-,-,NA,NA,LOS ANGELES,LOS ANGELES,-118.2738800048828,33.93205261230469
9490719,2022,2022-09-06,1942,2022-08-08,1750,38577,0336,1,5,7,1942,0,0,0,C,0,25MX83,WESTERN AV,31ST ST,0,NA,Y,A,-,N,NA,NA,NA,NA,NA,NA,NA,NA,NA,N,3,0,2,2,A,-,09,21801,A,N,D,C,A,A,H,-,A,A,0,NA,NA,NA,NA,Y,NA,A,01,0,2,0,0,0,0,0,0,0,-,-,NA,NA,LOS ANGELES,LOS ANGELES,-118.30892181396484,34.02648162841797
94907198,2025,2025-10-29,9535,2025-10-20,1845,024680,NA,1,2,4,1907,0,1,1,NA,2,072,I-710 N/B (LONG BEACH FREEWAY),GAGE AVE,740,S,N,A,-,Y,LA,NA,710,NA,NA,20.124,H,NA,R,Y,4,0,3,3,A,-,03,22350,NA,N,C,C,A,A,H,-,B,D,0,NA,NA,NA,NA,Y,NA,A,01,0,0,3,0,0,0,0,0,0,-,-,33.973880767822266,-118.16782379150392,LOS ANGELES,BELL,-118.16776275634766,33.973873138427734
9490720,2022,2022-09-06,1942,2022-08-03,2330,417529,1821,3,5,7,1942,0,0,0,R,0,25T39,FIGUEROA ST,103RD ST,30,S,N,A,-,N,NA,NA,NA,NA,NA,NA,NA,NA,NA,N,4,0,1,2,A,-,08,22107,NA,N,D,C,A,A,H,-,C,A,0,NA,NA,NA,NA,Y,NA,A,01,0,0,1,0,0,0,0,0,0,-,-,NA,NA,LOS ANGELES,LOS ANGELES,-118.28263092041016,33.942718505859375
94907214,2025,2025-10-29,9590,2025-09-29,1634,024097,NA,1,2,7,1942,0,1,1,NA,2,083,I-5 SOUTHBOUND (GOLDEN STATE FREEWAY),SR-2 (GLENDALE FREEWAY),100,S,N,A,-,Y,LA,NA,5,NA,NA,22.52,H,NA,L,Y,4,0,1,2,A,-,03,22350,NA,N,C,C,A,A,H,-,A,D,0,NA,NA,NA,Y,Y,NA,A,07,0,0,1,0,0,0,0,0,0,-,-,34.10211181640625,-118.24964141845705,LOS ANGELES,LOS ANGELES,-118.24965667724608,34.10210037231445
94907218,2025,2025-11-13,9590,2025-09-28,1405,024537,NA,7,2,7,1942,0,1,2,NA,2,042,US-101 N/B (SANTA ANA FREEWAY),BOYLE ST,438,S,N,A,-,Y,LA,NA,5,NA,NA,16.67,H,NA,R,N,3,0,1,2,A,-,07,21658,A,F,B,C,A,A,H,-,A,D,0,NA,NA,Y,NA,Y,NA,-,99,0,1,0,0,0,0,0,0,1,-,-,34.03150177001953,-118.21880340576172,LOS ANGELES,LOS ANGELES,-118.21878051757813,34.031517028808594
94907225,2025,2025-10-29,9545,2025-07-22,2316,023608,NA,2,3,9,1900,0,3,5,NA,1,005,150TH STREET EAST,AVENUE M 8,817,N,N,A,-,N,NA,NA,NA,NA,NA,NA,NA,NA,NA,Y,1,1,1,1,A,-,08,22107,NA,N,E,I,A,A,H,-,D,D,0,NA,NA,NA,NA,Y,NA,A,01,1,0,0,0,0,0,0,0,0,-,-,34.640708923339844,-117.86286926269533,LOS ANGELES,UNINCORPORATED,-117.86292266845705,34.64200973510742
94907253,2025,2025-10-29,9590,2025-09-20,239,024222,NA,6,3,7,1942,0,1,2,NA,2,072,US-101 NORTHBOUND (HOLLYWOOD FREEWAY),UNIVERSAL STUDIOS BOULEVARD,400,N,N,A,-,Y,LA,NA,101,NA,NA,9.728,H,NA,R,N,3,0,1,3,A,-,01,23152,A,N,B,C,A,A,H,-,C,D,0,NA,NA,NA,NA,Y,Y,A,01,0,1,0,0,0,0,0,0,0,-,-,34.13365173339844,-118.35352325439452,LOS ANGELES,LOS ANGELES,-118.35352325439452,34.13364028930664
94907255,2025,2025-10-29,9565,2025-10-20,1825,024865,NA,1,2,9,1900,0,2,4,NA,2,023,WESTERN AVE,EL SEGUNDO BLVD,0,NA,Y,A,-,N,NA,NA,NA,NA,NA,NA,NA,NA,NA,N,4,0,1,2,A,-,12,21453,A,F,D,C,A,A,H,-,C,A,0,NA,NA,NA,NA,Y,NA,-,99,0,0,1,0,0,0,0,0,0,-,-,33.91648864746094,-118.3091278076172,LOS ANGELES,UNINCORPORATED,-118.30908203125,33.91643524169922
94907256,2025,2025-10-29,9590,2025-09-07,640,024445,NA,7,1,7,1942,0,1,1,NA,2,012,SR-110 (ARROYO SECO PARKWAY) N/B,AVENUE 43,172,S,N,A,-,Y,LA,NA,110,NA,NA,27.075,H,NA,R,N,3,0,1,1,A,-,08,22107,NA,N,E,I,A,A,H,-,A,D,0,NA,NA,NA,NA,Y,NA,A,01,0,1,0,0,0,0,0,0,0,-,-,34.09259033203125,-118.20606231689452,LOS ANGELES,LOS ANGELES,-118.20623779296876,34.09260559082031