CASE_ID,ACCIDENT_YEAR,PROC_DATE,JURIS,COLLISION_DATE,COLLISION_TIME,OFFICER_ID,REPORTING_DISTRICT,DAY_OF_WEEK,CHP_SHIFT,POPULATION,CNTY_CITY_LOC,SPECIAL_COND,BEAT_TYPE,CHP_BEAT_TYPE,CITY_DIVISION_LAPD,CHP_BEAT_CLASS,BEAT_NUMBER,PRIMARY_RD,SECONDARY_RD,DISTANCE,DIRECTION,INTERSECTION,WEATHER_1,WEATHER_2,STATE_HWY_IND,CALTRANS_COUNTY,CALTRANS_DISTRICT,STATE_ROUTE,ROUTE_SUFFIX,POSTMILE_PREFIX,POSTMILE,LOCATION_TYPE,RAMP_INTERSECTION,SIDE_OF_HWY,TOW_AWAY,COLLISION_SEVERITY,NUMBER_KILLED,NUMBER_INJURED,PARTY_COUNT,PRIMARY_COLL_FACTOR,PCF_CODE_OF_VIOL,PCF_VIOL_CATEGORY,PCF_VIOLATION,PCF_VIOL_SUBSECTION,HIT_AND_RUN,TYPE_OF_COLLISION,MVIW,PED_ACTION,ROAD_SURFACE,ROAD_COND_1,ROAD_COND_2,LIGHTING,CONTROL_DEVICE,CHP_ROAD_TYPE,PEDESTRIAN_ACCIDENT,BICYCLE_ACCIDENT,MOTORCYCLE_ACCIDENT,TRUCK_ACCIDENT,NOT_PRIVATE_PROPERTY,ALCOHOL_INVOLVED,STWD_VEHTYPE_AT_FAULT,CHP_VEHTYPE_AT_FAULT,COUNT_SEVERE_INJ,COUNT_VISIBLE_INJ,COUNT_COMPLAINT_PAIN,COUNT_PED_KILLED,COUNT_PED_INJURED,COUNT_BICYCLIST_KILLED,COUNT_BICYCLIST_INJURED,COUNT_MC_KILLED,COUNT_MC_INJURED,PRIMARY_RAMP,SECONDARY_RAMP,LATITUDE,LONGITUDE,COUNTY,CITY,POINT_X,POINT_Y
94912491,2025,2025-11-05,9575,2025-10-27,525,021795,NA,1,3,7,1942,0,1,1,NA,2,053,I-5 S/B (GOLDEN STATE FREEWAY),VAN NUYS BLVD.,330,N,N,A,-,Y,LA,NA,5,NA,NA,38.594,H,NA,L,N,4,0,1,2,A,-,07,21658,A,N,B,2,A,A,H,-,C,D,0,NA,NA,NA,Y,Y,NA,G,25,0,0,1,0,0,0,0,0,0,-,-,34.257381439208984,-118.43607330322266,LOS ANGELES,LOS ANGELES,-118.4360122680664,34.257423400878906
94912493,2025,2025-11-05,9540,2025-10-27,555,023260,NA,1,3,9,1900,0,2,4,NA,2,010,THE OLD RD,CALGROVE BLVD,10,S,N,A,-,N,NA,NA,NA,NA,NA,NA,NA,NA,NA,N,4,0,1,2,A,-,03,22350,NA,N,C,C,A,A,H,-,C,A,0,NA,NA,NA,NA,Y,NA,A,01,0,0,1,0,0,0,0,0,0,-,-,34.36014175415039,-118.55594635009766,LOS ANGELES,UNINCORPORATED,-118.55565643310548,34.36186218261719
94912518,2025,2025-11-05,9535,2025-09-15,1415,024302,NA,1,2,9,1900,0,3,5,NA,2,002,SADLER AVE,EAGLE ST,0,NA,Y,A,-,N,NA,NA,NA,NA,NA,NA,NA,NA,NA,N,4,0,1,2,A,-,12,22450,A,N,D,C,A,A,H,-,A,A,0,NA,NA,NA,NA,Y,NA,A,01,0,0,1,0,0,0,0,0,0,-,-,34.0255012512207,-118.14730834960938,LOS ANGELES,UNINCORPORATED,-118.14730834960938,34.02547073364258
94912527,2025,2025-11-05,9535,2025-10-17,910,024446,NA,5,1,9,1900,0,2,4,NA,2,025,BEVERLY BLVD. (5200 BLOCK),ATLANTIC BLVD.,85,E,N,A,-,N,NA,NA,NA,NA,NA,NA,NA,NA,NA,N,4,0,1,2,A,-,21,22106,NA,N,C,C,A,A,H,-,A,A,0,NA,NA,NA,NA,Y,NA,A,07,0,0,1,0,0,0,0,0,0,-,-,34.0319709777832,-118.15323638916016,LOS ANGELES,UNINCORPORATED,-118.15348052978516,34.03200149536133
9491254,2022,2022-09-13,1925,2022-08-08,0030,28525,229,1,5,6,1925,0,0,0,NA,0,004,GLENDALE AV,MONTEREY RD,0,NA,Y,A,-,N,NA,NA,NA,NA,NA,NA,NA,NA,NA,Y,4,0,2,2,A,-,12,21453,A,N,D,C,A,A,H,-,C,A,0,NA,NA,NA,NA,Y,Y,A,01,0,0,2,0,0,0,0,0,0,-,-,NA,NA,LOS ANGELES,GLENDALE,-118.2419204711914,34.15618896484375
9491258,2022,2022-10-21,1925,2022-08-09,1924,28122,277,2,5,6,1925,0,0,0,NA,0,002,SAN FERNANDO RD,MIRA LOMA AV,0,NA,Y,A,-,N,NA,NA,NA,NA,NA,NA,NA,NA,NA,Y,3,0,2,2,A,-,09,21802,A,N,D,C,A,A,H,-,A,A,0,NA,NA,NA,NA,Y,NA,D,22,0,1,1,0,0,0,0,0,0,-,-,34.12482833862305,-118.25579833984376,LOS ANGELES,GLENDALE,-118.25579071044922,34.1246337890625
9491259,2022,2022-09-09,1906,2022-08-14,1348,4425,NA,7,5,5,1906,0,0,0,NA,0,001,BARNES AV,BLENHEIM ST,58,S,N,A,-,N,NA,NA,NA,NA,NA,NA,NA,NA,NA,Y,4,0,2,4,A,-,09,21804,NA,N,D,C,A,A,H,-,A,A,0,NA,NA,NA,NA,Y,NA,A,07,0,0,2,0,0,0,0,0,0,-,-,NA,NA,LOS ANGELES,BALDWIN PARK,-117.99374389648438,34.07688522338867
9491260,2022,2022-10-21,1942,2022-08-23,0815,39154,1535,2,5,7,1942,0,0,0,O,0,26TL27,BURBANK BL,LANKERSHIM BL,63,W,N,A,-,N,NA,NA,NA,NA,NA,NA,NA,NA,NA,N,4,0,2,2,A,-,09,21804,A,N,D,C,A,A,H,-,A,D,0,NA,NA,NA,NA,Y,NA,J,48,0,0,2,0,0,0,0,0,0,-,-,NA,NA,LOS ANGELES,LOS ANGELES,-118.37924957275392,34.172149658203125
9491271,2022,2022-09-09,1928,2022-08-25,1641,50324,525,4,5,5,1928,0,0,0,NA,0,502,118TH ST,OXFORD AV,0,NA,Y,A,-,N,NA,NA,NA,NA,NA,NA,NA,NA,NA,Y,4,0,1,3,A,-,09,21802,A,N,D,C,A,A,H,-,A,A,0,NA,NA,NA,NA,Y,NA,A,07,0,0,1,0,0,0,0,0,0,-,-,33.92734146118164,-118.3461685180664,LOS ANGELES,HAWTHORNE,-118.34611511230467,33.92730712890625
9491272,2022,2022-09-09,1942,2022-08-05,2050,40811,2136,5,5,7,1942,0,0,0,NA,0,21A51,TOPANGA CANYON BL,VALERIO,10,N,N,A,-,N,NA,NA,NA,NA,NA,NA,NA,NA,NA,NA,4,0,1,2,A,-,21,22106,NA,N,C,C,A,A,H,-,C,A,0,NA,NA,NA,NA,Y,NA,D,22,0,0,1,0,0,0,0,0,0,-,-,NA,NA,LOS ANGELES,LOS ANGELES,-118.60595703125,34.20467758178711
9491276,2022,2022-09-27,1942,2022-08-18,1110,41514,2183,4,5,7,1942,0,0,0,NA,0,26TL72,SAN FELICIANO DR,MULHOLLAND DR,0,NA,Y,A,-,N,NA,NA,NA,NA,NA,NA,NA,NA,NA,Y,4,0,1,2,A,-,01,23152,A,N,D,C,A,A,H,-,A,D,0,NA,NA,NA,NA,Y,Y,A,01,0,0,1,0,0,0,0,0,0,-,-,NA,NA,LOS ANGELES,LOS ANGELES,-118.61441040039064,34.14958190917969
94912958,2025,2025-11-05,9590,2025-10-28,1948,023266,NA,2,2,7,1942,0,1,2,NA,2,072,US-101 NB (HOLLYWOOD FREEWAY),NORMANDIE AVENUE,174,S,N,A,-,Y,LA,NA,101,NA,NA,4.967,H,NA,R,N,4,0,3,2,A,-,03,22350,NA,N,C,I,A,A,H,-,D,D,0,NA,NA,NA,NA,Y,NA,A,07,0,0,3,0,0,0,0,0,0,-,-,34.0844612121582,-118.2999267578125,LOS ANGELES,LOS ANGELES,-118.29988861083984,34.08449935913086
94912962,2025,2025-11-05,9540,2025-10-25,105,024145,NA,6,3,9,1900,0,2,4,NA,1,201,SIERRA HWY,DAVENPORT RD,0,NA,Y,A,-,N,NA,NA,NA,NA,NA,NA,NA,NA,NA,Y,3,0,1,1,A,-,08,22107,NA,N,F,I,A,A,H,-,D,D,0,NA,NA,Y,NA,Y,NA,C,02,0,1,0,0,0,0,0,0,1,-,-,34.48194885253906,-118.3882293701172,LOS ANGELES,UNINCORPORATED,-118.38825988769533,34.48186111450195
94912964,2025,2025-11-05,9590,2025-10-30,1212,024492,NA,4,1,7,1942,0,1,1,NA,2,082,I-5 N/B (GOLDEN STATE FREEWAY),PASADENA AVE,475,N,N,A,-,Y,LA,NA,5,NA,NA,19.958,H,NA,R,N,4,0,1,2,A,-,03,22350,NA,N,C,C,A,A,H,-,A,D,0,NA,NA,NA,NA,Y,NA,A,01,0,0,1,0,0,0,0,0,0,-,-,34.076438903808594,-118.21923065185548,LOS ANGELES,LOS ANGELES,-118.21915435791016,34.07644271850586
94912993,2025,2025-11-05,9580,2025-10-19,1020,022603,NA,7,1,7,1942,0,3,5,NA,1,030,CORNELL RD S/B,LYNN LN,100,S,N,A,-,N,NA,NA,NA,NA,NA,NA,NA,NA,NA,N,2,0,1,1,A,-,03,22350,NA,N,E,I,A,A,H,-,A,D,0,NA,NA,NA,NA,Y,NA,A,01,1,0,0,0,0,0,0,0,0,-,-,34.11907958984375,-118.75070190429688,LOS ANGELES,LOS ANGELES,NA,NA
94913001,2025,2025-11-05,9535,2025-10-22,1350,023365,NA,3,1,5,1969,0,1,1,NA,2,075,I-710 S/B (LONG BEACH FREEWAY),FIRESTONE BLVD.,3274,N,N,A,-,Y,LA,NA,710,NA,NA,19.07,H,NA,L,Y,3,0,1,2,A,-,07,21658,A,N,C,C,A,A,H,-,A,D,0,NA,NA,Y,NA,Y,NA,A,01,0,1,0,0,0,0,0,0,1,-,-,33.958919525146484,-118.1703872680664,LOS ANGELES,SOUTH GATE,-118.1703872680664,33.958919525146484
94913008,2025,2025-11-05,9580,2025-10-24,748,024780,NA,5,1,7,1942,0,1,3,NA,2,171,SR-170 S/B (HOLLYWOOD FWY.),MAGNOLIA BLVD,975,S,N,A,-,Y,LA,NA,170,NA,R,15.169,H,NA,L,N,4,0,2,3,A,-,03,22350,NA,N,C,C,A,A,H,-,A,D,0,NA,NA,NA,NA,Y,NA,A,01,0,0,2,0,0,0,0,0,0,-,-,34.16230010986328,-118.38162994384766,LOS ANGELES,LOS ANGELES,-118.38169097900392,34.16228103637695
94913009,2025,2025-11-05,9525,2025-10-22,2020,023622,NA,3,2,5,1990,0,1,3,NA,2,604,SR-60 E/B (POMONA FWY),DIAMOND BAR BL,0,NA,Y,A,-,Y,LA,NA,60,NA,R,25.579,H,NA,R,N,4,0,1,2,A,-,07,21658,A,N,B,C,A,A,H,-,A,D,0,NA,NA,NA,Y,Y,NA,G,25,0,0,1,0,0,0,0,0,0,-,-,34.023189544677734,-117.81159210205078,LOS ANGELES,DIAMOND BAR,-117.81161499023438,34.02321243286133
94913013,2025,2025-11-05,9530,2025-11-01,150,024460,NA,6,3,5,1943,0,1,1,NA,2,210,I-105 W/B (GLENN ANDERSON FWY),LONG BEACH BLVD.,3221,W,N,A,-,Y,LA,NA,105,NA,R,10.909,H,NA,L,Y,4,0,1,2,A,-,01,23152,A,N,C,C,A,A,H,-,C,D,0,NA,NA,NA,NA,Y,Y,A,07,0,0,1,0,0,0,0,0,0,-,-,33.92940139770508,-118.22003173828124,LOS ANGELES,LYNWOOD,-118.22003936767578,33.92936706542969
94913044,2025,2025-11-05,9530,2025-10-19,145,023237,NA,7,3,7,1941,0,1,1,NA,2,430,I-405 N/B (SAN DIEGO FREEWAY),WOODRUFF AVE,100,N,N,A,-,Y,LA,NA,405,NA,NA,1.678,H,NA,R,Y,3,0,1,2,A,-,03,22350,NA,N,C,C,A,D,H,-,C,D,0,NA,NA,NA,NA,Y,NA,A,01,0,1,0,0,0,0,0,0,0,-,-,33.80215835571289,-118.1150131225586,LOS ANGELES,LONG BEACH,-118.11504364013672,33.8021125793457
94913068,2025,2025-11-25,9580,2025-10-23,2010,024781,NA,4,2,7,1942,0,1,1,NA,2,406,I-405 N/B (SAN DIEGO FWY),DEVONSHIRE ST,1320,S,N,A,-,Y,LA,NA,405,NA,NA,45.979,H,NA,R,N,4,0,1,2,A,-,08,22107,NA,F,B,C,A,A,H,-,D,D,0,NA,NA,NA,NA,Y,Y,A,01,0,0,1,0,0,0,0,0,0,-,-,34.25341033935547,-118.47200012207033,LOS ANGELES,LOS ANGELES,-118.47216796875,34.25341033935547
94913070,2025,2025-11-05,9580,2025-10-24,1805,023272,NA,5,2,7,1942,0,1,1,NA,2,407,I-405 S/B (SAN DIEGO FWY),NORDHOFF ST,2640,N,N,A,-,Y,LA,NA,405,NA,NA,45.028,H,NA,L,N,4,0,2,3,A,-,03,22350,NA,N,C,C,A,A,H,-,A,D,0,NA,NA,NA,NA,Y,NA,A,01,0,0,2,0,0,0,0,0,0,-,-,34.23963928222656,-118.47322082519533,LOS ANGELES,LOS ANGELES,-118.47313690185548,34.23963928222656
94913124,2025,2025-11-05,9530,2025-09-28,2308,024609,NA,7,3,7,1941,0,1,1,NA,2,071,I-710 S/B (LONG BEACH FREEWAY),LONG BEACH BLVD.,1637,N,N,A,-,Y,LA,NA,710,NA,NA,12.34,H,NA,L,N,4,0,1,2,A,-,03,22350,NA,M,C,C,A,A,H,-,C,D,0,NA,NA,NA,NA,Y,NA,D,22,0,0,1,0,0,0,0,0,0,-,-,33.86690902709961,-118.19677734375,LOS ANGELES,LONG BEACH,-118.19678497314452,33.86690902709961
94913126,2025,2025-11-05,9530,2025-10-22,140,024512,NA,3,3,5,1943,0,1,1,NA,2,210,I-105 E/B (GLENN ANDERSON FWY),BULLIS RD,100,W,N,A,-,Y,LA,NA,105,NA,R,12.03,H,NA,R,Y,4,0,1,1,A,-,03,22350,NA,N,F,A,A,A,H,-,D,D,0,NA,NA,NA,NA,Y,NA,E,22,0,0,1,0,0,0,0,0,0,-,-,33.921539306640625,-118.202880859375,LOS ANGELES,LYNWOOD,-118.20284271240234,33.921592712402344
94913132,2025,2025-11-05,9550,2025-10-21,1355,023732,NA,2,1,9,1900,0,1,3,NA,2,602,STATE ROUTE 60 (POMONA FREEWAY),FULLERTON ROAD,950,E,N,A,-,Y,LA,NA,60,NA,NA,19.674,H,NA,R,N,4,0,2,2,A,-,03,22350,NA,N,C,2,A,A,H,-,A,D,0,NA,NA,NA,NA,Y,NA,A,08,0,0,2,0,0,0,0,0,0,-,-,33.99414825439453,-117.90177917480467,LOS ANGELES,UNINCORPORATED,-117.90177917480467,33.99406814575195
94913157,2025,2025-11-05,9530,2025-10-22,1915,023720,NA,3,2,9,1900,0,3,5,NA,2,005,MARINE AVE.,LEMOLI AVE.,686,W,N,A,-,N,NA,NA,NA,NA,NA,NA,NA,NA,NA,N,4,0,1,3,A,-,03,22350,NA,N,C,C,A,A,H,-,C,D,0,NA,NA,NA,NA,Y,NA,A,01,0,0,1,0,0,0,0,0,0,-,-,33.89459991455078,-118.3332290649414,LOS ANGELES,UNINCORPORATED,-118.3331298828125,33.89468002319336
94913194,2025,2025-11-05,9530,2025-10-22,1305,017860,NA,3,1,5,1977,0,1,1,NA,2,410,I-405 S/B (SAN DIEGO FREEWAY),AVALON BLVD.,740,S,N,A,-,Y,LA,NA,405,NA,NA,11.084,H,NA,L,N,4,0,2,2,A,-,03,22350,NA,N,C,C,A,A,H,-,A,D,0,NA,NA,NA,NA,Y,NA,A,01,0,0,2,0,0,0,0,0,0,-,-,33.83757019042969,-118.26183319091795,LOS ANGELES,CARSON,-118.26182556152344,33.83757019042969
94913198,2025,2025-11-05,9575,2025-10-03,1740,024359,NA,5,2,7,1942,0,1,3,NA,2,070,SR-118 W/B (RONALD REAGAN FREEWAY),LAUREL CANYON BOULEVARD,57,E,N,A,-,Y,LA,NA,118,NA,R,11.609,H,NA,L,Y,4,0,1,5,A,-,03,22350,NA,N,C,C,A,A,H,-,A,D,0,NA,NA,NA,NA,Y,NA,A,07,0,0,1,0,0,0,0,0,0,-,-,34.267391204833984,-118.44084167480467,LOS ANGELES,LOS ANGELES,-118.44084167480467,34.26739501953125
94913207,2025,2025-11-05,9575,2025-10-21,902,023016,NA,2,1,7,1942,0,1,3,NA,2,043,SR-134 E/B (VENTURA FREEWAY),FOREST LAWN DR,905,E,N,A,-,Y,LA,NA,134,NA,NA,3.997,H,NA,R,N,4,0,1,2,A,-,07,21658,A,N,B,2,A,A,H,-,A,D,0,NA,NA,NA,NA,Y,NA,D,22,0,0,1,0,0,0,0,0,0,-,-,34.1556396484375,-118.30795288085938,LOS ANGELES,LOS ANGELES,-118.30792236328124,34.15556335449219
94913231,2025,2025-11-05,9580,2025-10-26,550,022603,NA,7,3,3,1989,0,1,2,NA,2,106,US-101 N/B (VENTURA FREEWAY),PARKWAY CALABASAS,1000,N,N,E,-,Y,LA,NA,101,NA,NA,28.745,H,NA,R,N,2,0,1,1,A,-,08,22107,NA,N,E,I,A,A,H,-,C,D,0,NA,NA,NA,NA,Y,NA,D,22,1,0,0,0,0,0,0,0,0,-,-,34.15119934082031,-118.65968322753906,LOS ANGELES,CALABASAS,-118.65963745117188,34.15110397338867
94913254,2025,2025-11-05,9530,2025-10-22,722,024076,NA,3,1,7,1941,0,1,1,NA,2,071,I-710 S/B (LONG BEACH FREEWAY),ATLANTIC AVE,75,S,N,A,-,Y,LA,NA,710,NA,NA,13.598,H,NA,L,Y,3,0,1,2,A,-,03,22350,NA,N,C,D,A,A,H,-,A,D,0,NA,NA,Y,NA,Y,NA,C,02,0,1,0,0,0,0,0,0,1,-,-,33.88444900512695,-118.1909408569336,LOS ANGELES,LONG BEACH,-118.19100952148438,33.88446807861328
94913269,2025,2025-11-05,9540,2025-10-30,745,019254,NA,4,1,6,1985,0,1,3,NA,1,145,SR-14 S/B (ANTELOPE VALLEY FREEWAY),VIA PRINCESSA WAY (U/C),1584,S,N,A,-,Y,LA,NA,14,NA,R,30.583,H,NA,L,Y,3,0,2,3,A,-,03,22350,NA,N,C,C,A,A,H,-,A,D,0,NA,NA,NA,NA,Y,NA,A,01,0,1,1,0,0,0,0,0,0,-,-,34.400089263916016,-118.4597396850586,LOS ANGELES,SANTA CLARITA,-118.4597396850586,34.400089263916016
94913287,2025,2025-11-05,9590,2025-10-29,1100,024846,NA,3,1,7,1942,0,1,1,NA,2,063,I-10 W/B (SMF),WESTERN AVE,513,W,N,A,-,Y,NA,NA,NA,NA,NA,NA,NA,NA,NA,N,4,0,1,3,A,-,03,22350,NA,M,C,C,A,A,H,-,A,D,0,NA,NA,NA,NA,Y,NA,A,01,0,0,1,0,0,0,0,0,0,-,-,34.0376091003418,-118.30709838867188,LOS ANGELES,LOS ANGELES,-118.31060791015624,34.03725051879883
94913289,2025,2025-11-13,9525,2025-10-29,900,017046,NA,3,1,6,1975,0,1,1,NA,2,103,I-10 W/B (SAN BERNARDINO FWY),PACIFIC AVENUE,528,E,N,A,-,Y,LA,NA,10,NA,NA,34.572,H,NA,L,N,4,0,1,2,A,-,03,22350,NA,N,C,C,A,A,H,-,A,D,0,NA,NA,NA,NA,Y,NA,D,22,0,0,1,0,0,0,0,0,0,-,-,34.072418212890625,-117.94126129150392,LOS ANGELES,WEST COVINA,-117.94126129150392,34.072452545166016
94913292,2025,2025-11-13,9575,2025-10-22,1335,022629,NA,3,1,7,1942,0,1,1,NA,2,052,I-5 S/B (GOLDEN STATE FREEWAY),ROSCOE BOULEVARD,1056,S,N,A,-,Y,LA,NA,5,NA,NA,33.065,H,NA,L,N,4,0,1,2,A,-,07,21658,A,M,B,2,A,A,H,-,A,D,0,NA,NA,NA,NA,Y,NA,-,99,0,0,1,0,0,0,0,0,0,-,-,34.21963882446289,-118.35675811767578,LOS ANGELES,LOS ANGELES,-118.35676574707033,34.219635009765625
94913303,2025,2025-11-05,9575,2025-10-12,327,024163,NA,7,3,9,1900,0,2,4,NA,2,024,WOODBURY ROAD (100 BLOCK),GLENROSE AVENUE (2100 BLOCK),19.6,E,N,A,-,N,NA,NA,NA,NA,NA,NA,NA,NA,NA,Y,4,0,1,2,A,-,01,23152,A,N,C,E,A,A,H,-,C,D,0,NA,NA,NA,NA,Y,Y,A,01,0,0,1,0,0,0,0,0,0,-,-,34.182830810546875,-118.15511322021484,LOS ANGELES,UNINCORPORATED,-118.15516662597656,34.18283462524414
94913334,2025,2025-11-05,9590,2025-10-27,1130,021823,NA,1,1,7,1942,0,1,1,NA,2,050,I-110 N/B (HARBOR FREEWAY),79TH STREET,500,S,N,A,-,Y,LA,NA,110,NA,NA,16.429,H,NA,R,Y,4,0,1,2,A,-,03,22350,NA,N,C,C,A,A,H,-,A,D,0,NA,NA,NA,NA,Y,NA,A,01,0,0,1,0,0,0,0,0,0,-,-,33.9664306640625,-118.28069305419922,LOS ANGELES,LOS ANGELES,-118.28073120117188,33.9664306640625
94913336,2025,2025-11-05,9565,2025-10-22,1255,023935,NA,3,1,7,1942,0,1,1,NA,2,060,I-405 N/B TO LA TIJERA BLVD,LA TIJERA BOULEVARD,200,S,N,A,-,Y,NA,NA,NA,NA,NA,NA,NA,NA,NA,N,4,0,1,2,A,-,03,22350,NA,N,C,C,A,A,H,-,A,A,0,NA,NA,NA,NA,Y,NA,D,22,0,0,1,0,0,0,0,0,0,-,-,33.971771240234375,-118.3769989013672,LOS ANGELES,LOS ANGELES,-118.3788604736328,33.97241973876953
94913342,2025,2025-11-05,9565,2025-10-22,1320,024802,NA,3,1,7,1942,0,1,1,NA,2,062,I-405 S/B,I-10,60,N,N,A,-,Y,LA,NA,405,NA,NA,29.734,H,NA,L,N,3,0,1,2,A,-,03,22350,NA,N,C,C,A,A,H,-,A,D,0,NA,NA,NA,NA,Y,NA,D,22,0,1,0,0,0,0,0,0,0,-,-,34.03316879272461,-118.43596649169922,LOS ANGELES,LOS ANGELES,-118.43601989746094,34.033119201660156
94913349,2025,2025-11-13,9580,2025-10-31,1405,023284,NA,5,2,7,1942,0,1,1,NA,2,404,I-405 N/B (SAN DIEGO FWY),SEPULVEDA BLVD,740,S,N,A,-,Y,LA,NA,405,NA,NA,38.451,H,NA,R,Y,4,0,1,2,A,-,03,22350,NA,N,C,C,A,A,H,-,A,D,0,NA,NA,NA,NA,Y,NA,A,01,0,0,1,0,0,0,0,0,0,-,-,34.14641189575195,-118.47039031982422,LOS ANGELES,LOS ANGELES,-118.47032928466795,34.14638900756836
94913355,2025,2025-11-05,9530,2025-09-26,840,022636,NA,5,1,7,1941,0,1,3,NA,2,320,SR-91 E/B (ARTESIA FREEWAY),ATLANTIC AVENUE,780,W,N,A,-,Y,LA,NA,91,NA,R,11.948,H,NA,R,N,4,0,1,2,A,-,07,21658,A,M,C,C,A,A,H,-,A,D,0,NA,NA,Y,NA,Y,NA,-,99,0,0,1,0,0,0,0,0,1,-,-,33.87675094604492,-118.1888427734375,LOS ANGELES,LONG BEACH,-118.18883514404295,33.87669372558594
94913383,2025,2025-11-05,9530,2025-10-22,210,021709,NA,3,3,9,1900,0,3,5,NA,2,003,ATLANTIC AVENUE,ROSECRANS AVENUE,0,NA,Y,B,-,N,NA,NA,NA,NA,NA,NA,NA,NA,NA,Y,4,0,1,2,A,-,12,21453,A,N,D,C,A,A,H,-,C,A,0,NA,NA,NA,NA,Y,NA,A,01,0,0,1,0,0,0,0,0,0,-,-,33.90361022949219,-118.1940689086914,LOS ANGELES,UNINCORPORATED,-118.19393920898438,33.903568267822266
94913408,2025,2025-11-05,9580,2025-11-01,130,024428,NA,6,3,7,1942,0,1,3,NA,2,170,SR-170 N/B (HOLLYWOOD FWY.),SHELDON ST,190,S,N,A,-,Y,LA,NA,170,NA,R,20.146,H,NA,R,Y,4,0,1,1,A,-,01,23152,A,N,E,I,A,A,H,-,D,D,0,NA,NA,NA,NA,Y,Y,A,01,0,0,1,0,0,0,0,0,0,-,-,34.2275505065918,-118.41049194335938,LOS ANGELES,LOS ANGELES,-118.41056060791016,34.22756576538086
9491341,2022,2022-09-08,1900,2022-07-10,1218,649520,2872,7,5,5,1915,0,0,0,NA,0,282T1,CENTRAL AV,144TH ST,0,NA,Y,A,-,N,NA,NA,NA,NA,NA,NA,NA,NA,NA,Y,2,0,2,2,A,-,03,22350,NA,N,C,C,A,A,H,-,A,D,0,NA,NA,Y,NA,Y,NA,C,02,1,0,1,0,0,0,0,0,1,-,-,33.90169906616211,-118.25322723388672,LOS ANGELES,COMPTON,-118.25331878662108,33.90165710449219
94913414,2025,2025-11-05,9550,2025-07-09,1125,020014,NA,3,1,5,1954,0,1,1,NA,2,650,INTERSTATE 605 NB,BEVERLY BLVD,1056,S,N,A,-,Y,LA,NA,605,NA,R,14.233,H,NA,R,N,4,0,2,2,A,-,08,22107,NA,F,B,C,A,A,H,-,A,D,0,NA,NA,NA,NA,Y,NA,-,99,0,0,2,0,0,0,0,0,0,-,-,34.00252151489258,-118.06590270996094,LOS ANGELES,PICO RIVERA,-118.06585693359376,34.00249481201172
9491342,2022,2022-09-08,1900,2022-07-22,0507,656310,2837,5,5,5,1915,0,0,0,NA,0,281T1,WILMINGTON AV,ARTESIA BL,0,NA,Y,A,-,N,NA,NA,NA,NA,NA,NA,NA,NA,NA,Y,3,0,1,2,D,-,00,NA,NA,N,D,C,A,A,H,-,B,A,0,NA,NA,NA,NA,Y,NA,-,-,0,1,0,0,0,0,0,0,0,-,-,33.87294006347656,-118.23593902587892,LOS ANGELES,COMPTON,-118.23612213134766,33.8743782043457
94913421,2025,2025-11-05,9530,2025-10-22,505,023797,NA,3,3,9,1900,0,1,1,NA,2,120,I-110 N/B (HARBOR FREEWAY),CARSON ST.,1050,S,N,A,-,Y,LA,NA,110,NA,NA,6.802,H,NA,R,Y,4,0,1,2,A,-,08,22107,NA,M,B,C,A,A,H,-,C,D,0,NA,NA,NA,NA,Y,Y,-,99,0,0,1,0,0,0,0,0,0,-,-,33.82851028442383,-118.28730010986328,LOS ANGELES,UNINCORPORATED,-118.28724670410156,33.82851028442383
9491343,2022,2022-09-08,1900,2022-07-12,1329,649520,2826,2,5,5,1915,0,0,0,NA,0,282T1,BULLIS RD,PALMER ST,0,NA,Y,A,-,N,NA,NA,NA,NA,NA,NA,NA,NA,NA,Y,4,0,2,2,A,-,12,22450,A,N,D,C,A,A,H,-,A,A,0,NA,NA,NA,NA,Y,NA,A,07,0,0,2,0,0,0,0,0,0,-,-,33.89833068847656,-118.2067413330078,LOS ANGELES,COMPTON,-118.2067642211914,33.89833068847656
94913431,2025,2025-11-05,9550,2025-09-17,1530,024626,NA,3,2,3,1964,0,1,1,NA,2,650,I-605 N/B,TELEGRAPH ROAD,1000,N,N,A,-,Y,LA,NA,605,NA,R,10.473,H,NA,R,Y,3,0,1,4,A,-,01,23152,A,N,C,C,A,A,H,-,A,D,0,NA,NA,NA,NA,Y,Y,D,22,0,1,0,0,0,0,0,0,0,-,-,33.95262908935547,-118.09023284912108,LOS ANGELES,SANTA FE SPRINGS,-118.09012603759766,33.95258712768555