CASE_ID,ACCIDENT_YEAR,PROC_DATE,JURIS,COLLISION_DATE,COLLISION_TIME,OFFICER_ID,REPORTING_DISTRICT,DAY_OF_WEEK,CHP_SHIFT,POPULATION,CNTY_CITY_LOC,SPECIAL_COND,BEAT_TYPE,CHP_BEAT_TYPE,CITY_DIVISION_LAPD,CHP_BEAT_CLASS,BEAT_NUMBER,PRIMARY_RD,SECONDARY_RD,DISTANCE,DIRECTION,INTERSECTION,WEATHER_1,WEATHER_2,STATE_HWY_IND,CALTRANS_COUNTY,CALTRANS_DISTRICT,STATE_ROUTE,ROUTE_SUFFIX,POSTMILE_PREFIX,POSTMILE,LOCATION_TYPE,RAMP_INTERSECTION,SIDE_OF_HWY,TOW_AWAY,COLLISION_SEVERITY,NUMBER_KILLED,NUMBER_INJURED,PARTY_COUNT,PRIMARY_COLL_FACTOR,PCF_CODE_OF_VIOL,PCF_VIOL_CATEGORY,PCF_VIOLATION,PCF_VIOL_SUBSECTION,HIT_AND_RUN,TYPE_OF_COLLISION,MVIW,PED_ACTION,ROAD_SURFACE,ROAD_COND_1,ROAD_COND_2,LIGHTING,CONTROL_DEVICE,CHP_ROAD_TYPE,PEDESTRIAN_ACCIDENT,BICYCLE_ACCIDENT,MOTORCYCLE_ACCIDENT,TRUCK_ACCIDENT,NOT_PRIVATE_PROPERTY,ALCOHOL_INVOLVED,STWD_VEHTYPE_AT_FAULT,CHP_VEHTYPE_AT_FAULT,COUNT_SEVERE_INJ,COUNT_VISIBLE_INJ,COUNT_COMPLAINT_PAIN,COUNT_PED_KILLED,COUNT_PED_INJURED,COUNT_BICYCLIST_KILLED,COUNT_BICYCLIST_INJURED,COUNT_MC_KILLED,COUNT_MC_INJURED,PRIMARY_RAMP,SECONDARY_RAMP,LATITUDE,LONGITUDE,COUNTY,CITY,POINT_X,POINT_Y
94919921,2025,2025-11-11,9535,2025-10-25,1420,023448,NA,6,2,6,1922,0,1,1,NA,2,400,I-10 E/B (SAN BERNARDINO FREEWAY),PECK RD,445,W,N,A,-,Y,LA,NA,10,NA,NA,29.346,H,NA,R,Y,4,0,2,3,A,-,03,22350,NA,N,C,C,A,A,H,-,A,D,0,NA,NA,NA,NA,Y,NA,A,07,0,0,2,0,0,0,0,0,0,-,-,34.06787872314453,-118.03066253662108,LOS ANGELES,EL MONTE,-118.03066253662108,34.067874908447266
9491993,2022,2022-09-08,1942,2022-08-20,1510,31713,0111,6,5,7,1942,0,0,0,A,0,24TL52,ALAMEDA ST,COLLEGE ST,0,NA,Y,A,-,N,NA,NA,NA,NA,NA,NA,NA,NA,NA,N,3,0,1,2,A,-,05,21650,1,F,D,G,A,A,H,-,A,D,0,NA,Y,NA,NA,Y,Y,L,04,0,1,0,0,0,0,1,0,0,-,-,NA,NA,LOS ANGELES,LOS ANGELES,-118.23565673828124,34.063507080078125
94919931,2025,2025-11-11,9525,2025-11-03,416,024045,NA,1,3,9,1900,0,1,S,NA,2,116,I-10 E/B (SAN BERNARDINO FWY),VIA VERDE,150,W,N,A,-,Y,LA,NA,10,NA,NA,40.37,H,NA,R,Y,4,0,1,1,A,-,08,22107,NA,N,E,I,A,A,H,-,C,D,0,NA,NA,NA,NA,Y,NA,A,01,0,0,1,0,0,0,0,0,0,-,-,34.068931579589844,-117.8412628173828,LOS ANGELES,UNINCORPORATED,-117.84125518798828,34.068851470947266
94919936,2025,2025-11-11,9590,2025-10-19,2340,024222,NA,7,3,7,1942,0,1,1,NA,2,085,I-5 SOUTHBOUND (GOLDEN STATE FREEWAY),FLETCHER DRIVE,1000,S,N,A,-,Y,LA,NA,5,NA,NA,22.713,H,NA,L,N,4,0,1,2,A,-,03,22350,NA,N,C,C,A,A,H,-,C,D,0,NA,NA,NA,NA,Y,NA,A,01,0,0,1,0,0,0,0,0,0,-,-,34.10403060913086,-118.25218963623048,LOS ANGELES,LOS ANGELES,-118.2521743774414,34.10404586791992
94919937,2025,2025-11-13,9525,2025-10-25,1615,024099,NA,6,2,5,1990,0,1,3,NA,2,613,SR-60 W/B (POMONA FWY),DIAMOND BAR BLVD,2240,E,N,A,-,Y,LA,NA,60,NA,R,26.012,H,NA,L,Y,4,0,1,2,A,-,03,22350,NA,N,C,2,A,A,H,-,A,D,0,NA,NA,NA,NA,Y,NA,A,01,0,0,1,0,0,0,0,0,0,-,-,34.0260009765625,-117.80486297607422,LOS ANGELES,DIAMOND BAR,-117.8048858642578,34.02606201171875
9491994,2022,2022-09-19,1942,2022-08-14,1445,41631,1373,7,5,7,1942,0,0,0,M,0,13X17,55TH ST,MCKINLEY,300,E,N,A,-,N,NA,NA,NA,NA,NA,NA,NA,NA,NA,N,4,0,1,2,A,-,21,22106,NA,F,H,E,A,A,H,-,A,D,0,NA,NA,NA,NA,Y,NA,A,01,0,0,1,0,0,0,0,0,0,-,-,NA,NA,LOS ANGELES,LOS ANGELES,-118.25987243652344,33.99250030517578
9491995,2022,2022-09-19,1942,2022-08-20,1735,44519,0248,6,5,7,1942,0,0,0,B,0,2A66,BIXEL ST,5TH ST,1,S,N,A,-,N,NA,NA,NA,NA,NA,NA,NA,NA,NA,N,3,0,1,1,A,-,13,22515,A,N,C,I,A,A,H,-,A,A,0,NA,NA,NA,NA,Y,NA,A,01,0,1,0,0,0,0,0,0,0,-,-,NA,NA,LOS ANGELES,LOS ANGELES,-118.26144409179688,34.054927825927734
9491996,2022,2022-09-08,1942,2022-08-22,1210,42932,0221,1,5,7,1942,0,0,0,B,0,24TL24,ROSEWOOD AV,NEW HAMPSHIRE AV,0,NA,Y,A,-,N,NA,NA,NA,NA,NA,NA,NA,NA,NA,N,4,0,1,2,A,-,09,21801,A,F,B,C,A,A,H,-,A,A,0,NA,NA,NA,NA,Y,NA,-,99,0,0,1,0,0,0,0,0,0,-,-,NA,NA,LOS ANGELES,LOS ANGELES,-118.29325103759766,34.07903289794922
9491997,2022,2022-10-05,1942,2022-08-21,2000,44289,NORTH,7,5,7,1942,0,0,0,NA,0,1135,EAGLE ROCK BL,VERDUGO RD,0,NA,Y,A,-,N,NA,NA,NA,NA,NA,NA,NA,NA,NA,Y,3,0,2,2,A,-,09,21801,NA,F,A,C,A,A,H,-,C,A,0,NA,NA,NA,NA,Y,NA,A,01,0,2,0,0,0,0,0,0,0,-,-,NA,NA,LOS ANGELES,LOS ANGELES,-118.2379150390625,34.10466384887695
9491998,2022,2022-09-19,1942,2022-08-20,1615,44896,1195,6,5,7,1942,0,0,0,K,0,11A95,STADIUM WY,SCOTT AV,500,S,N,A,-,N,NA,NA,NA,NA,NA,NA,NA,NA,NA,N,3,0,1,4,A,-,01,23152,A,N,B,E,A,A,H,-,A,D,0,NA,NA,NA,NA,Y,Y,A,07,0,1,0,0,0,0,0,0,0,-,-,NA,NA,LOS ANGELES,LOS ANGELES,-118.24864959716795,34.075965881347656
9491999,2022,2022-09-19,1942,2022-08-22,2300,40325,0112,1,5,7,1942,0,0,0,A,0,24T31,LOS ANGELES ST,ALISO ST,0,NA,Y,A,-,N,NA,NA,NA,NA,NA,NA,NA,NA,NA,N,4,0,1,2,A,-,12,21453,A,F,D,C,A,A,H,-,C,A,0,NA,NA,NA,NA,Y,NA,-,99,0,0,1,0,0,0,0,0,0,-,-,NA,NA,LOS ANGELES,LOS ANGELES,-118.23956298828124,34.054847717285156
9492000,2022,2022-09-19,1942,2022-08-19,0120,39940,0162,5,5,7,1942,0,0,0,A,0,1A29,GRAND AV,8TH ST,0,NA,Y,A,-,N,NA,NA,NA,NA,NA,NA,NA,NA,NA,N,4,0,1,2,A,-,01,23152,A,F,C,C,A,A,H,-,C,D,0,NA,NA,NA,NA,Y,Y,A,01,0,0,1,0,0,0,0,0,0,-,-,NA,NA,LOS ANGELES,LOS ANGELES,-118.2901611328125,33.736968994140625
94920009,2025,2025-11-11,9550,2025-10-27,839,020025,NA,1,1,9,1900,0,3,5,NA,2,005,BOLANOS AVE,HONORE ST,318,N,N,A,-,N,NA,NA,NA,NA,NA,NA,NA,NA,NA,N,3,0,1,2,A,-,17,21235,G,N,A,C,A,A,H,-,A,D,0,NA,NA,NA,NA,Y,NA,M,94,0,1,0,0,0,0,0,0,0,-,-,33.983028411865234,-117.89125823974608,LOS ANGELES,UNINCORPORATED,-117.89119720458984,33.982975006103516
94920019,2025,2025-11-11,9550,2025-10-25,1405,024048,NA,6,2,5,1919,0,1,1,NA,2,652,INTERSTATE 605 S/B (SAN GABRIEL RIVER FREEWAY),SOUTH STREET,2045,N,N,A,-,Y,LA,NA,605,NA,R,4.137,H,NA,L,N,4,0,1,2,A,-,03,22350,NA,F,C,C,A,A,H,-,A,D,0,NA,NA,NA,NA,Y,NA,-,99,0,0,1,0,0,0,0,0,0,-,-,33.863948822021484,-118.09806060791016,LOS ANGELES,CERRITOS,-118.09815216064452,33.86392593383789
94920024,2025,2025-11-11,9535,2025-10-27,845,024446,NA,1,1,5,1969,0,1,1,NA,2,074,I-710 N/B (LONG BEACH FREEWAY),IMPERIAL HIGHWAY,3440,N,N,A,-,Y,LA,NA,710,NA,NA,17.664,H,NA,R,Y,4,0,2,3,A,-,03,22350,NA,N,C,2,A,A,H,-,A,D,0,NA,NA,NA,NA,Y,NA,A,01,0,0,2,0,0,0,0,0,0,-,-,33.938621520996094,-118.1719970703125,LOS ANGELES,SOUTH GATE,-118.17201232910156,33.93862533569336
94920027,2025,2025-11-11,9525,2025-10-17,2342,023899,NA,5,3,5,1990,0,1,3,NA,2,602,SR-60 E/B TO GRAND AVE.,GRAND AVE,995,W,N,A,-,Y,NA,NA,NA,NA,NA,NA,NA,NA,NA,N,4,0,2,2,A,-,03,22350,NA,F,C,C,A,A,H,-,D,D,0,NA,NA,NA,NA,Y,NA,-,99,0,0,2,0,0,0,0,0,0,-,-,34.007450103759766,-117.82550811767578,LOS ANGELES,DIAMOND BAR,-117.82508850097656,34.00817108154297
9492032,2022,2022-09-09,1942,2022-08-22,2102,40008,0182,1,5,7,1942,0,0,0,A,0,24TL33,OLYMPIC,HOPE,10,W,N,A,-,N,NA,NA,NA,NA,NA,NA,NA,NA,NA,N,3,0,1,2,A,-,10,21950,A,F,G,B,B,A,H,-,C,A,0,Y,NA,NA,NA,Y,NA,-,99,0,1,0,0,1,0,0,0,0,-,-,NA,NA,LOS ANGELES,LOS ANGELES,-118.26171875,34.04374694824219
9492033,2022,2022-09-20,1942,2022-08-05,2325,44743,0816,5,5,7,1942,0,0,0,H,0,8ZX99,GAYLEY AV,LANDFAIR AV,25,N,N,A,-,N,NA,NA,NA,NA,NA,NA,NA,NA,NA,N,3,0,1,2,A,-,03,22350,NA,N,C,E,A,A,H,-,C,D,0,NA,NA,Y,NA,Y,Y,C,02,0,1,0,0,0,0,0,0,1,-,-,NA,NA,LOS ANGELES,LOS ANGELES,-118.45317840576172,34.07059097290039
9492034,2022,2022-09-09,1942,2022-08-05,1815,44858,0834,5,5,7,1942,0,0,0,H,0,8A29W3,WILSHIRE BL,WESTHOLME AV,200,W,N,A,-,N,NA,NA,NA,NA,NA,NA,NA,NA,NA,Y,3,0,1,2,A,-,03,22350,NA,F,C,E,A,A,H,-,A,D,0,NA,NA,NA,NA,Y,NA,A,01,0,1,0,0,0,0,0,0,0,-,-,NA,NA,LOS ANGELES,LOS ANGELES,-118.43425750732422,34.06123733520508
9492035,2022,2022-09-09,1942,2022-08-05,2240,38090,0646,5,5,7,1942,0,0,0,F,0,27T35,CAHUENGA BL,SELMA AV,100,N,N,A,-,N,NA,NA,NA,NA,NA,NA,NA,NA,NA,Y,4,0,1,3,A,-,03,22350,NA,F,C,C,A,A,H,-,C,D,0,NA,NA,NA,NA,Y,NA,A,01,0,0,1,0,0,0,0,0,0,-,-,NA,NA,LOS ANGELES,LOS ANGELES,-118.32952880859376,34.10004425048828
9492036,2022,2022-09-09,1942,2022-08-02,2249,42664,0667,2,5,7,1942,0,0,0,F,0,27T33,SUNSET BL,VAN NESS AV,0,NA,Y,A,-,N,NA,NA,NA,NA,NA,NA,NA,NA,NA,Y,3,0,4,2,A,-,12,21453,A,F,D,C,A,A,H,-,C,A,0,NA,NA,NA,NA,Y,NA,A,01,0,1,3,0,0,0,0,0,0,-,-,NA,NA,LOS ANGELES,LOS ANGELES,-118.31578063964844,34.09804916381836
9492037,2022,2022-09-09,1942,2022-08-08,2105,42664,0656,1,5,7,1942,0,0,0,F,0,27T33,VINE ST,WILLOUGHBY AV,0,NA,Y,A,-,N,NA,NA,NA,NA,NA,NA,NA,NA,NA,N,2,0,2,2,A,-,12,21453,NA,N,G,B,B,A,H,-,C,A,0,Y,NA,NA,NA,Y,NA,A,01,1,1,0,0,1,0,0,0,0,-,-,NA,NA,LOS ANGELES,LOS ANGELES,-118.3266143798828,34.08710479736328
9492038,2022,2022-09-09,1942,2022-08-06,2352,44150,2076,6,5,7,1942,0,0,0,NA,0,20A45,WASHINGTON BL,BUDLONG AV,20,W,N,A,-,N,NA,NA,NA,NA,NA,NA,NA,NA,NA,Y,3,0,5,2,A,-,01,23152,A,N,C,C,A,A,H,-,C,A,0,NA,NA,NA,NA,Y,Y,A,01,0,1,4,0,0,0,0,0,0,-,-,NA,NA,LOS ANGELES,LOS ANGELES,-118.29629516601564,34.040000915527344
9492039,2022,2022-09-09,1942,2022-08-04,0238,44833,0805,4,5,7,1942,0,0,0,H,0,8A13,N SEPULVEDA BL,GETTY CENTER DR,2750,N,N,A,-,N,NA,NA,NA,NA,NA,NA,NA,NA,NA,Y,3,0,1,1,A,-,03,22350,NA,N,E,I,A,A,H,-,C,D,0,NA,NA,NA,NA,Y,NA,A,01,0,1,0,0,0,0,0,0,0,-,-,NA,NA,LOS ANGELES,LOS ANGELES,-118.4753189086914,34.09602355957031
9492040,2022,2022-09-09,1942,2022-08-04,1130,41493,0831,4,5,7,1942,0,0,0,H,0,27TL23,WILSHIRE BL,BUNDY DR,0,NA,Y,A,-,N,NA,NA,NA,NA,NA,NA,NA,NA,NA,Y,2,0,1,2,A,-,09,21801,A,N,D,C,A,A,H,-,A,A,0,NA,NA,Y,NA,Y,NA,A,07,1,0,0,0,0,0,0,0,1,-,-,NA,NA,LOS ANGELES,LOS ANGELES,-118.46749877929688,34.0440673828125
9492041,2022,2022-09-09,1953,2022-08-20,0708,3553,NA,6,5,6,1953,0,0,0,NA,0,002,EAST FOOTHILL BL,SUNNYSLOPE AV,0,NA,Y,A,-,N,NA,NA,NA,NA,NA,NA,NA,NA,NA,Y,3,0,1,1,A,-,03,22350,NA,N,E,I,A,A,H,-,A,A,0,NA,NA,Y,NA,Y,NA,C,03,0,1,0,0,0,0,0,0,1,-,-,NA,NA,LOS ANGELES,PASADENA,-118.09042358398438,34.149967193603516
9492042,2022,2022-09-09,1953,2022-08-19,1616,4888,1953,5,5,6,1953,0,0,0,NA,0,004,MERIDITH AV,COLORADO BL,150,N,N,A,-,N,NA,NA,NA,NA,NA,NA,NA,NA,NA,N,4,0,1,2,A,-,09,21804,A,N,D,C,A,A,H,-,A,D,0,NA,NA,NA,NA,Y,NA,A,07,0,0,1,0,0,0,0,0,0,-,-,NA,NA,LOS ANGELES,PASADENA,-118.11444091796876,34.146419525146484
9492043,2022,2022-09-09,1953,2022-08-16,1537,3775,1953,2,5,6,1953,0,0,0,NA,0,001,MARENGO AV,FILLMORE ST,0,NA,Y,A,-,N,NA,NA,NA,NA,NA,NA,NA,NA,NA,Y,3,0,1,2,A,-,09,21802,A,N,D,C,A,A,H,-,A,A,0,NA,NA,NA,NA,Y,NA,A,01,0,1,0,0,0,0,0,0,0,-,-,NA,NA,LOS ANGELES,PASADENA,-118.14583587646484,34.1324462890625
9492044,2022,2022-09-09,1953,2022-08-17,1454,8505,1953,3,5,6,1953,0,0,0,NA,0,001,WASHINGTON BL,SUMMIT AV,0,NA,Y,A,-,N,NA,NA,NA,NA,NA,NA,NA,NA,NA,N,4,0,1,2,A,-,04,21703,NA,N,C,C,A,A,H,-,A,D,0,NA,NA,NA,NA,Y,NA,A,01,0,0,1,0,0,0,0,0,0,-,-,NA,NA,LOS ANGELES,PASADENA,-118.14768981933594,34.16884994506836
9492045,2022,2022-09-09,1953,2022-08-05,1435,2037,1953,5,5,6,1953,0,0,0,NA,0,004,E UNION ST,NORTH LOS ROBLES AV,50,W,N,A,-,N,NA,NA,NA,NA,NA,NA,NA,NA,NA,Y,3,0,2,2,A,-,08,22107,NA,N,E,I,A,A,H,-,A,A,0,NA,NA,NA,NA,Y,NA,A,01,0,1,1,0,0,0,0,0,0,-,-,NA,NA,LOS ANGELES,PASADENA,-118.14161682128906,34.147212982177734
9492046,2022,2022-09-09,1953,2022-08-12,1853,7040,1953,5,5,6,1953,0,0,0,NA,0,003,COLORADO BL,HOLLISTON AV,0,NA,Y,A,-,N,NA,NA,NA,NA,NA,NA,NA,NA,NA,Y,3,0,1,2,A,-,09,21802,A,N,D,E,A,A,H,-,A,D,0,NA,NA,NA,NA,Y,NA,A,07,0,1,0,0,0,0,0,0,0,-,-,NA,NA,LOS ANGELES,PASADENA,-118.12287139892578,34.145965576171875
94920663,2025,2025-11-11,9540,2025-11-01,126,023873,NA,6,3,9,1900,0,1,3,NA,2,146,SR-14 N/B,SOLEDAD CANYON RD,15048,N,N,A,-,Y,LA,NA,14,NA,NA,38.74,H,NA,R,Y,3,0,1,1,A,-,08,22107,NA,N,F,A,A,A,C,-,D,D,0,NA,NA,NA,NA,Y,NA,A,07,0,1,0,0,0,0,0,0,0,-,-,34.459041595458984,-118.34528350830078,LOS ANGELES,UNINCORPORATED,-118.3453369140625,34.4591064453125
9492067,2022,2022-09-13,1934,2022-08-11,1814,798,IRWPD,4,5,1,1934,0,0,0,NA,0,001,IRWINDALE AV,ARROW HWY,0,NA,Y,A,-,N,NA,NA,NA,NA,NA,NA,NA,NA,NA,Y,2,0,4,2,A,-,12,21453,A,N,D,C,A,A,H,-,A,A,0,NA,NA,NA,NA,Y,NA,A,08,2,2,0,0,0,0,0,0,0,-,-,NA,NA,LOS ANGELES,IRWINDALE,-117.93429565429688,34.106929779052734
94920677,2025,2025-11-11,9540,2025-10-17,1805,024413,NA,5,2,6,1985,0,1,3,NA,1,142,SR-14 N/B,NEWHALL AVE,3850,S,N,A,-,Y,LA,NA,14,NA,R,26.299,H,NA,R,N,4,0,1,2,A,-,03,22350,NA,N,C,C,A,A,H,-,C,D,0,NA,NA,NA,NA,Y,NA,A,01,0,0,1,0,0,0,0,0,0,-,-,34.35483932495117,-118.50556182861328,LOS ANGELES,SANTA CLARITA,-118.50571441650392,34.35480499267578
9492075,2022,2022-09-13,1900,2022-08-05,0820,605584,0817,5,5,4,1960,0,0,0,NA,0,81K3,AVENIDA LOMA VISTA,SAN DIMAS AV,0,NA,Y,A,-,N,NA,NA,NA,NA,NA,NA,NA,NA,NA,Y,3,0,1,2,A,-,08,22103,NA,N,D,C,A,A,H,-,A,A,0,NA,NA,NA,NA,Y,NA,A,01,0,1,0,0,0,0,0,0,0,-,-,34.087799072265625,-117.82029724121094,LOS ANGELES,SAN DIMAS,-117.82008361816406,34.087860107421875
94920755,2025,2026-01-13,9590,2025-10-04,2305,023892,NA,6,3,7,1942,0,1,2,NA,2,072,US-101 N/B (HOLLYWOOD FREEWAY),PAT MOORE WAY,185,N,N,A,-,Y,LA,NA,101,NA,NA,7.855,H,NA,L,Y,3,0,1,2,A,-,08,22107,NA,N,B,C,A,A,H,-,C,D,0,NA,NA,Y,NA,Y,NA,C,02,0,1,0,0,0,0,0,0,1,-,-,34.11183166503906,-118.3357162475586,LOS ANGELES,LOS ANGELES,-118.3356475830078,34.11185836791992
9492076,2022,2022-09-13,1900,2022-08-12,1729,605584,0812,5,5,4,1960,0,0,0,NA,0,B1T2,EUCLA AV,ARROW HWY,481,N,N,A,-,N,NA,NA,NA,NA,NA,NA,NA,NA,NA,Y,3,0,1,2,A,-,09,21804,A,N,D,D,A,A,H,-,A,D,0,NA,NA,NA,NA,Y,NA,A,07,0,1,0,0,0,0,0,0,0,-,-,34.10390090942383,-117.81601715087892,LOS ANGELES,SAN DIMAS,-117.81584930419922,34.10466003417969
9492077,2022,2022-10-10,1976,2022-08-14,2300,490,BELLF,7,5,5,1976,0,0,0,NA,0,001,BEVERLY BL,FLORAL DR,63,W,N,A,-,N,NA,NA,NA,NA,NA,NA,NA,NA,NA,Y,3,0,1,2,A,-,01,23152,A,N,C,C,A,A,H,-,C,A,0,NA,NA,NA,NA,Y,Y,A,01,0,1,0,0,0,0,0,0,0,-,-,NA,NA,LOS ANGELES,WHITTIER,-118.05078887939452,33.991912841796875
94920774,2025,2025-11-12,9590,2025-09-19,845,024693,NA,5,1,7,1942,0,1,1,NA,2,010,SR-110 NB (ARROYO PARKWAY),SOLANO AVE,200,S,N,A,-,Y,LA,NA,110,NA,NA,25.046,H,NA,R,N,4,0,2,3,A,-,03,22350,NA,N,C,C,A,A,H,-,A,D,0,NA,NA,NA,NA,Y,NA,A,07,0,0,2,0,0,0,0,0,0,-,-,34.07469940185547,-118.23245239257813,LOS ANGELES,LOS ANGELES,-118.23243713378906,34.07469177246094
94920779,2025,2025-11-12,9545,2025-10-28,1510,020140,NA,2,2,6,1992,0,1,3,NA,2,011,SR-14 N/B,AVENUE I,1056,N,N,A,-,Y,LA,NA,14,NA,R,69.209,H,NA,R,N,4,0,1,3,A,-,03,22350,NA,N,C,C,A,A,C,-,A,D,0,NA,NA,NA,NA,Y,NA,A,01,0,0,1,0,0,0,0,0,0,-,-,34.70743942260742,-118.16990661621094,LOS ANGELES,LANCASTER,-118.16990661621094,34.70743942260742
94920788,2025,2025-11-12,9530,2025-10-19,2008,023824,NA,7,2,7,1941,0,1,1,NA,2,073,I-710 N/B (LONG BEACH FREEWAY),PCH,115,S,N,A,-,Y,LA,NA,710,NA,NA,6.844,H,NA,R,Y,4,0,1,4,A,-,07,21658,A,N,B,2,A,A,H,-,D,D,0,NA,NA,NA,NA,Y,NA,A,01,0,0,1,0,0,0,0,0,0,-,-,33.789398193359375,-118.20777130126952,LOS ANGELES,LONG BEACH,-118.20777130126952,33.789398193359375
9492080,2022,2022-09-14,1942,2022-07-09,1928,42397,0747,6,5,7,1942,0,0,0,G,0,27TL44,W OLYMPIC BL,S RIMPAU BL,67,W,N,A,-,N,NA,NA,NA,NA,NA,NA,NA,NA,NA,Y,2,0,1,2,A,-,03,22350,NA,F,H,G,A,A,H,-,A,D,0,NA,Y,NA,NA,Y,NA,-,99,1,0,0,0,0,0,1,0,0,-,-,NA,NA,LOS ANGELES,LOS ANGELES,-118.3339385986328,34.05695343017578
94920898,2025,2025-11-12,9535,2025-10-17,1754,024212,NA,5,2,9,1900,0,3,5,NA,2,001,MEDNIK AVE (200 BLOCK),CESAR E. CHAVEZ AVE.,700,S,N,A,-,N,NA,NA,NA,NA,NA,NA,NA,NA,NA,N,4,0,1,2,A,-,06,21750,A,M,B,C,A,A,H,-,A,D,0,NA,NA,NA,NA,Y,NA,-,99,0,0,1,0,0,0,0,0,0,-,-,34.038368225097656,-118.16185760498048,LOS ANGELES,UNINCORPORATED,-118.16187286376952,34.03868865966797
94920899,2025,2025-11-12,9590,2025-10-28,2240,021673,NA,2,3,7,1942,0,1,2,NA,2,073,US-101 S/B HOLLYWOOD FREEWAY (HOF),UNIVERSAL STUDIOS BOULEVARD,285,S,N,A,-,Y,LA,NA,101,NA,NA,9.596,H,NA,L,N,4,0,1,2,A,-,07,21658,A,M,B,C,A,A,H,-,D,D,0,NA,NA,NA,NA,Y,NA,A,01,0,0,1,0,0,0,0,0,0,-,-,34.13275146484375,-118.3515167236328,LOS ANGELES,LOS ANGELES,-118.35157012939452,34.132686614990234
94920913,2025,2025-11-12,9580,2025-10-30,1825,024781,NA,4,2,7,1942,0,1,2,NA,2,103,US-101 S/B (VENTURA FREEWAY),VAN NUYS BLVD,1320,N,N,A,-,Y,LA,NA,101,NA,NA,17.004,H,NA,L,N,4,0,2,3,A,-,03,22350,NA,N,C,C,A,A,H,-,D,D,0,NA,NA,NA,NA,Y,NA,A,01,0,0,2,0,0,0,0,0,0,-,-,34.15937042236328,-118.46710205078124,LOS ANGELES,LOS ANGELES,-118.46710205078124,34.159324645996094
94920934,2025,2025-11-12,9575,2025-10-17,2330,024607,NA,5,3,7,1942,0,1,1,NA,2,050,I-5 S/B (GOLDEN STATE FREEWAY),ZOO DRIVE,1740,S,N,A,-,Y,LA,NA,5,NA,NA,26.123,H,NA,L,N,4,0,2,2,A,-,08,22107,NA,F,B,C,A,A,H,-,C,D,0,NA,NA,NA,NA,Y,NA,-,99,0,0,2,0,0,0,0,0,0,-,-,34.145790100097656,-118.27902221679688,LOS ANGELES,LOS ANGELES,-118.27896118164064,34.14580154418945
94920975,2025,2025-11-12,9580,2025-11-01,305,017427,NA,6,3,7,1942,0,1,1,NA,2,404,I-405 N/B (SAN DIEGO FWY),US-101 S/B (HOLLYWOOD FREEWAY),1320,S,N,B,-,Y,LA,NA,405,NA,NA,39.144,H,NA,R,Y,3,0,1,2,A,-,03,22350,NA,N,C,2,A,A,H,-,C,D,0,NA,NA,Y,NA,Y,NA,C,02,0,1,0,0,0,0,0,0,1,-,-,34.15605163574219,-118.46829986572266,LOS ANGELES,LOS ANGELES,-118.46854400634766,34.15599060058594
94920979,2025,2025-11-12,9580,2025-11-04,15,024648,NA,2,3,7,1942,0,1,2,NA,2,103,US-101 S/B (VENTURA FREEWAY),RESEDA BLVD,300,N,N,A,-,Y,LA,NA,101,NA,NA,21.668,H,NA,L,N,4,0,1,1,C,-,18,NA,NA,N,B,I,A,A,H,-,D,D,0,NA,NA,NA,NA,Y,NA,-,-,0,0,1,0,0,0,0,0,0,-,-,34.17340087890625,-118.5431900024414,LOS ANGELES,LOS ANGELES,-118.5431900024414,34.17329788208008
94920986,2025,2025-11-12,9545,2025-07-17,925,021361,NA,4,1,9,1900,0,1,3,NA,2,021,SR-14 NORTHBOUND FROM SIERRA HIGHWAY,SIERRA HIGHWAY,770,N,N,A,-,Y,LA,NA,14,NA,R,54.802,H,NA,R,Y,1,1,1,1,A,-,03,22350,NA,M,F,I,A,A,H,-,A,D,0,NA,NA,Y,NA,Y,NA,C,02,1,0,0,0,0,0,0,1,1,-,-,34.514549255371094,-118.11012268066406,LOS ANGELES,UNINCORPORATED,-118.11035919189452,34.5145378112793
94921000,2025,2025-11-12,9590,2025-10-29,122,024688,NA,3,3,7,1942,0,1,1,NA,2,083,I-5 S/B (GOLDEN STATE FREEWAY),MISSION ROAD,1000,N,N,A,-,Y,LA,NA,5,NA,NA,18.979,H,NA,L,N,4,0,1,2,A,-,03,22350,NA,N,C,C,A,A,H,-,C,D,0,NA,NA,NA,NA,Y,NA,A,01,0,0,1,0,0,0,0,0,0,-,-,34.06264114379883,-118.2159423828125,LOS ANGELES,LOS ANGELES,-118.21589660644533,34.06264877319336
94921049,2025,2025-11-12,9590,2025-10-11,1415,024461,NA,6,2,7,1942,0,1,2,NA,2,072,US-101 S/B (HOLLYWOOD FREEWAY),CAHUENGA BLVD,629,N,N,A,-,Y,LA,NA,101,NA,NA,7.318,H,NA,L,N,4,0,1,2,A,-,03,22350,NA,N,C,C,A,A,H,-,A,D,0,NA,NA,NA,NA,Y,NA,A,08,0,0,1,0,0,0,0,0,0,-,-,34.106651306152344,-118.32855224609376,LOS ANGELES,LOS ANGELES,-118.32862854003906,34.1065559387207