CASE_ID,ACCIDENT_YEAR,PROC_DATE,JURIS,COLLISION_DATE,COLLISION_TIME,OFFICER_ID,REPORTING_DISTRICT,DAY_OF_WEEK,CHP_SHIFT,POPULATION,CNTY_CITY_LOC,SPECIAL_COND,BEAT_TYPE,CHP_BEAT_TYPE,CITY_DIVISION_LAPD,CHP_BEAT_CLASS,BEAT_NUMBER,PRIMARY_RD,SECONDARY_RD,DISTANCE,DIRECTION,INTERSECTION,WEATHER_1,WEATHER_2,STATE_HWY_IND,CALTRANS_COUNTY,CALTRANS_DISTRICT,STATE_ROUTE,ROUTE_SUFFIX,POSTMILE_PREFIX,POSTMILE,LOCATION_TYPE,RAMP_INTERSECTION,SIDE_OF_HWY,TOW_AWAY,COLLISION_SEVERITY,NUMBER_KILLED,NUMBER_INJURED,PARTY_COUNT,PRIMARY_COLL_FACTOR,PCF_CODE_OF_VIOL,PCF_VIOL_CATEGORY,PCF_VIOLATION,PCF_VIOL_SUBSECTION,HIT_AND_RUN,TYPE_OF_COLLISION,MVIW,PED_ACTION,ROAD_SURFACE,ROAD_COND_1,ROAD_COND_2,LIGHTING,CONTROL_DEVICE,CHP_ROAD_TYPE,PEDESTRIAN_ACCIDENT,BICYCLE_ACCIDENT,MOTORCYCLE_ACCIDENT,TRUCK_ACCIDENT,NOT_PRIVATE_PROPERTY,ALCOHOL_INVOLVED,STWD_VEHTYPE_AT_FAULT,CHP_VEHTYPE_AT_FAULT,COUNT_SEVERE_INJ,COUNT_VISIBLE_INJ,COUNT_COMPLAINT_PAIN,COUNT_PED_KILLED,COUNT_PED_INJURED,COUNT_BICYCLIST_KILLED,COUNT_BICYCLIST_INJURED,COUNT_MC_KILLED,COUNT_MC_INJURED,PRIMARY_RAMP,SECONDARY_RAMP,LATITUDE,LONGITUDE,COUNTY,CITY,POINT_X,POINT_Y
94921052,2025,2025-11-12,9590,2025-10-29,1952,024097,NA,3,2,7,1942,0,1,1,NA,2,052,I-110 NORTHBOUND (HARBOR FREEWAY),23RD ST,300,S,N,A,-,Y,LA,NA,110,NA,NA,20.866,H,NA,R,N,4,0,2,2,A,-,03,22350,NA,M,C,C,A,A,H,-,C,D,0,NA,NA,NA,NA,Y,NA,-,99,0,0,2,0,0,0,0,0,0,-,-,34.02983856201172,-118.27427673339844,LOS ANGELES,LOS ANGELES,-118.27432250976564,34.02983856201172
94921145,2025,2025-11-12,9540,2025-10-14,1240,023750,NA,2,1,7,1942,0,1,1,NA,2,551,SOUTHBOUND I-5,BALBOA BLVD,154,N,N,C,-,Y,LA,NA,5,NA,R,44.457,H,NA,R,Y,4,0,2,3,A,-,03,22350,NA,N,C,C,A,B,H,-,A,D,0,NA,NA,NA,NA,Y,NA,A,08,0,0,2,0,0,0,0,0,0,-,-,34.321170806884766,-118.49665069580078,LOS ANGELES,LOS ANGELES,-118.49654388427734,34.3213005065918
94921181,2025,2025-11-12,9590,2025-11-05,1830,023269,NA,3,2,7,1942,0,1,2,NA,2,070,US-101 NORTHBOUND (HOF),VIRGIL AVE,100,N,N,A,-,Y,LA,NA,101,NA,NA,4.116,H,NA,R,N,4,0,1,2,A,-,03,22350,NA,N,C,C,A,A,H,-,A,D,0,NA,NA,NA,NA,Y,NA,A,01,0,0,1,0,0,0,0,0,0,-,-,34.07841110229492,-118.2872314453125,LOS ANGELES,LOS ANGELES,-118.28721618652344,34.07845687866211
94921310,2025,2025-11-12,9580,2025-10-26,1300,022573,NA,7,1,7,1942,0,3,5,NA,1,010,TUNA CANYON RD,SR-1 N/B (PACIFIC COAST HWY.),4760,N,N,A,-,N,NA,NA,NA,NA,NA,NA,NA,NA,NA,N,2,0,2,1,A,-,03,22350,NA,N,E,I,A,A,H,-,A,D,0,NA,NA,Y,NA,Y,NA,C,02,2,0,0,0,0,0,0,0,2,-,-,34.046390533447266,-118.59171295166016,LOS ANGELES,LOS ANGELES,-118.59170532226564,34.04638671875
94921323,2025,2025-11-12,9575,2025-10-21,1220,021795,NA,2,1,9,1900,0,1,3,NA,2,302,SR-2 E/B (ANGELES CREST HIGHWAY),MILE POST MARKER 38.66,300,E,N,A,-,Y,LA,NA,2,NA,NA,38.704,H,NA,R,N,2,0,1,1,A,-,08,22107,NA,N,E,8,A,A,H,-,A,D,0,NA,NA,Y,NA,Y,NA,C,02,1,0,0,0,0,0,0,0,1,-,-,34.260990142822266,-118.10092163085938,LOS ANGELES,UNINCORPORATED,-118.10092926025392,34.26101303100586
94921324,2025,2025-11-12,9580,2025-10-31,820,022603,NA,5,1,7,1942,0,1,2,NA,2,105,US-101 (VENTURA FWY) S/B,TOPANGA CANYON BLVD,100,N,N,A,-,Y,LA,NA,101,NA,NA,25.437,H,NA,L,N,4,0,1,2,C,-,18,NA,NA,N,B,I,A,A,H,-,A,D,0,NA,NA,NA,NA,Y,NA,-,-,0,0,1,0,0,0,0,0,0,-,-,34.17074966430664,-118.60733032226564,LOS ANGELES,LOS ANGELES,-118.60733032226564,34.17072677612305
9492141,2022,2022-10-10,1942,2022-09-13,0010,43778,1307,2,5,7,1942,0,0,0,M,0,13X44,ALAMEDA,OLYMPIC,0,NA,Y,A,-,N,NA,NA,NA,NA,NA,NA,NA,NA,NA,Y,3,0,1,2,A,-,09,21801,A,N,B,C,A,A,H,-,C,A,0,NA,NA,NA,NA,Y,NA,A,01,0,1,0,0,0,0,0,0,0,-,-,NA,NA,LOS ANGELES,LOS ANGELES,-118.23908996582033,34.02764892578125
94921414,2025,2025-11-12,9575,2025-10-24,1750,023072,NA,5,2,7,1942,0,1,1,NA,2,060,I-210 W/B (FOOTHILL FREEWAY),TERRA BELLA STREET,295,E,N,A,-,Y,LA,NA,210,NA,R,7.248,H,NA,L,Y,3,0,3,2,A,-,08,22107,NA,N,C,C,A,A,H,-,A,D,0,NA,NA,NA,NA,Y,NA,A,01,0,1,2,0,0,0,0,0,0,-,-,34.277530670166016,-118.3906021118164,LOS ANGELES,LOS ANGELES,-118.39060974121094,34.27749252319336
94921417,2025,2025-11-12,9540,2025-10-22,1505,020678,NA,3,2,9,1900,0,2,4,NA,2,031,THE OLD RD.,TURNBERRY LN.,0,NA,Y,A,-,N,NA,NA,NA,NA,NA,NA,NA,NA,NA,Y,2,0,2,2,A,-,09,21801,A,N,A,C,A,A,H,-,A,D,0,NA,NA,NA,NA,Y,NA,A,01,1,1,0,0,0,0,0,0,0,-,-,34.44453811645508,-118.60996246337892,LOS ANGELES,UNINCORPORATED,-118.60990142822266,34.44453811645508
9492142,2022,2022-10-10,1942,2022-09-13,0100,39041,1323,2,5,7,1942,0,0,0,M,0,13A13,SAN PEDRO ST,ADAMS BL,0,NA,Y,A,-,N,NA,NA,NA,NA,NA,NA,NA,NA,NA,N,4,0,1,2,A,-,01,23152,A,N,B,C,A,A,H,-,C,D,0,NA,NA,NA,NA,Y,Y,A,01,0,0,1,0,0,0,0,0,0,-,-,NA,NA,LOS ANGELES,LOS ANGELES,-118.26129913330078,34.021602630615234
94921423,2025,2025-11-12,9525,2025-10-26,1548,024147,NA,7,2,5,1906,0,1,1,NA,2,103,I-10 W/B (SAN BERNARDINO FWY),BESS AVENUE PEDESTRIAN OVERCROSS,50,E,N,A,-,Y,LA,NA,10,NA,NA,31.73,H,NA,L,Y,3,0,1,3,A,-,08,22107,NA,F,B,2,A,A,H,-,A,D,0,NA,NA,NA,NA,Y,NA,A,01,0,1,0,0,0,0,0,0,0,-,-,34.066680908203125,-117.98983764648438,LOS ANGELES,BALDWIN PARK,-117.98981475830078,34.06654357910156
94921441,2025,2025-11-12,9575,2025-10-30,1750,024136,NA,4,2,9,1900,0,2,4,NA,2,082,HUNTINGTON DR (3000 BLOCK),EL CAMPO DR,160,W,N,A,-,N,NA,NA,NA,NA,NA,NA,NA,NA,NA,Y,4,0,1,2,A,-,07,21658,A,N,C,C,A,A,H,-,B,A,0,NA,NA,NA,Y,Y,NA,D,22,0,0,1,0,0,0,0,0,0,-,-,34.12778091430664,-118.08885955810548,LOS ANGELES,UNINCORPORATED,-118.08878326416016,34.12775421142578
94921449,2025,2025-11-12,9590,2025-10-12,358,024693,NA,7,3,7,1942,0,1,2,NA,2,071,US-101 S/B (HOLLYWOOD FREEWAY),SILVER LAKE BOULEVARD,800,S,N,A,-,Y,LA,NA,101,NA,NA,3.966,H,NA,L,Y,4,0,1,3,A,-,07,21658,A,F,C,C,A,A,H,-,C,D,0,NA,NA,NA,NA,Y,NA,-,99,0,0,1,0,0,0,0,0,0,-,-,34.07786178588867,-118.28460693359376,LOS ANGELES,LOS ANGELES,-118.28463745117188,34.07778549194336
94921510,2025,2025-11-12,9525,2025-10-30,1843,023826,NA,4,2,4,1913,0,1,1,NA,2,110,I-10 E/B (SAN BERNARDINO FWY),INDIAN HILL BLVD,3960,W,N,A,-,Y,LA,NA,10,NA,NA,46.922,H,NA,R,N,4,0,1,2,A,-,03,22350,NA,N,C,C,A,A,H,-,D,D,0,NA,NA,NA,NA,Y,NA,A,08,0,0,1,0,0,0,0,0,0,-,-,34.081180572509766,-117.73358154296876,LOS ANGELES,CLAREMONT,-117.7335968017578,34.08123016357422
94921587,2025,2025-11-12,9525,2025-11-02,144,023826,NA,7,3,4,1938,0,1,1,NA,2,208,SR-210 E/B (FOOTHILL FWY),FOOTHILL BLVD,1000,W,N,A,-,Y,LA,NA,210,NA,R,46.382,H,NA,R,Y,4,0,3,2,A,-,08,22107,NA,N,C,4,A,A,H,-,D,D,0,NA,NA,NA,NA,Y,NA,A,07,0,0,3,0,0,0,0,0,0,-,-,34.1196403503418,-117.79126739501952,LOS ANGELES,LA VERNE,-117.79127502441406,34.1197624206543
94921596,2025,2025-11-12,9575,2025-10-29,1640,023072,NA,3,2,9,1900,0,1,3,NA,2,304,SR-2 EASTBOUND (ANGELES CREST HIGHWAY),MILE POST MARKER 57.55,262,W,N,A,-,Y,LA,NA,2,NA,NA,57.573,H,NA,R,Y,2,0,1,1,A,-,03,22350,NA,N,E,8,A,A,H,-,A,D,0,NA,NA,Y,NA,Y,NA,C,02,1,0,0,0,0,0,0,0,1,-,-,34.34996032714844,-117.92743682861328,LOS ANGELES,UNINCORPORATED,-117.9274673461914,34.34999465942383
9492161,2022,2022-11-01,1900,2022-05-19,0909,658292,1122,4,5,6,1992,0,0,0,NA,0,111T1,15TH ST WEST,NEWGROVE ST,0,NA,Y,A,-,N,NA,NA,NA,NA,NA,NA,NA,NA,NA,N,4,0,3,2,A,-,08,22107,NA,N,A,C,A,A,H,-,A,D,0,NA,NA,NA,NA,Y,NA,A,01,0,0,3,0,0,0,0,0,0,-,-,NA,NA,LOS ANGELES,LANCASTER,-118.15690612792967,34.693912506103516
9492162,2022,2022-10-10,1900,2022-05-11,1535,618055,1133,3,5,6,1992,0,0,0,NA,0,111T4,AVENUE K,CHALLENGER WY,0,NA,Y,A,-,N,NA,NA,NA,NA,NA,NA,NA,NA,NA,N,4,0,1,2,A,-,07,21658,A,M,B,C,A,A,H,-,A,A,0,NA,NA,NA,NA,Y,NA,A,07,0,0,1,0,0,0,0,0,0,-,-,NA,NA,LOS ANGELES,LANCASTER,-118.11238861083984,34.67500305175781
9492164,2022,2022-09-08,1900,2022-05-17,1541,616178,1134,2,5,6,1992,0,0,0,NA,0,112T2,4TH ST EAST,AVENUE L-8,517,N,N,A,-,N,NA,NA,NA,NA,NA,NA,NA,NA,NA,N,3,0,1,2,A,-,09,21804,A,N,D,C,A,A,H,-,A,D,0,NA,NA,Y,NA,Y,NA,A,01,0,1,0,0,0,0,0,0,1,-,-,NA,NA,LOS ANGELES,LANCASTER,-118.12342834472656,34.660400390625
94921646,2025,2025-11-12,9575,2025-10-30,1550,023072,NA,4,2,9,1900,0,2,4,NA,2,015,RAMSDELL AVENUE,FAIRESTA STREET,0,NA,Y,A,-,N,NA,NA,NA,NA,NA,NA,NA,NA,NA,N,4,0,2,2,A,-,09,21801,A,N,B,C,A,A,H,-,A,D,0,NA,NA,NA,NA,Y,NA,A,01,0,0,2,0,0,0,0,0,0,-,-,34.22922897338867,-118.24430847167967,LOS ANGELES,UNINCORPORATED,-118.24424743652344,34.22916030883789
94921650,2025,2025-11-12,9575,2025-10-31,1415,023072,NA,5,2,6,1953,0,1,1,NA,2,063,I-210 E/B (FOOTHILL FREEWAY),ORANGE GROVE AVENUE,1000,W,N,A,-,Y,LA,NA,210,NA,R,24.45,H,NA,R,N,4,0,2,2,A,-,03,22350,NA,N,C,C,A,A,H,-,A,D,0,NA,NA,NA,NA,Y,NA,A,07,0,0,2,0,0,0,0,0,0,-,-,34.15668869018555,-118.15843963623048,LOS ANGELES,PASADENA,-118.15834045410156,34.15671920776367
94921652,2025,2025-11-12,9590,2025-11-01,218,024364,NA,6,3,7,1942,0,1,1,NA,2,050,NORTHBOUND I-110 (HARBOR FREEWAY),54TH STREET,593,S,N,A,-,Y,LA,NA,110,NA,NA,18.152,H,NA,R,Y,3,0,3,3,A,-,08,22107,NA,N,B,C,A,A,H,-,C,A,0,NA,NA,NA,NA,Y,NA,A,01,0,3,0,0,0,0,0,0,0,-,-,33.99140930175781,-118.28021240234376,LOS ANGELES,LOS ANGELES,-118.28041839599608,33.99140930175781
94921660,2025,2025-11-12,9535,2025-10-28,1330,024877,NA,2,1,9,1900,0,1,1,NA,2,420,I-10 (SAN BERNARDINO FREEWAY) E/B,CITY TERRACE DR. POC,245,W,N,A,-,Y,LA,NA,10,NA,NA,19.942,H,NA,R,Y,3,0,1,2,A,-,03,22350,NA,N,C,C,A,A,H,-,A,D,0,NA,NA,NA,NA,Y,NA,D,22,0,1,0,0,0,0,0,0,0,-,-,34.055301666259766,-118.18800354003906,LOS ANGELES,UNINCORPORATED,-118.18800354003906,34.05519485473633
94921661,2025,2025-11-12,9535,2025-10-28,730,024849,NA,2,1,9,1900,0,3,5,NA,2,007,BANDINI BOULEVARD,DOWNEY ROAD,0,NA,Y,A,-,N,NA,NA,NA,NA,NA,NA,NA,NA,NA,Y,4,0,1,2,A,-,09,21801,A,N,D,2,A,A,H,-,A,A,0,NA,NA,NA,NA,Y,NA,A,07,0,0,1,0,0,0,0,0,0,-,-,34.0086784362793,-118.20498657226564,LOS ANGELES,UNINCORPORATED,-118.20499420166016,34.00863265991211
9492167,2022,2022-09-07,1900,2022-05-13,1500,600172,0246,5,5,3,1914,0,0,0,NA,0,27H1,SLAUSON AV,GREENWOOD AV,10,W,N,A,-,N,NA,NA,NA,NA,NA,NA,NA,NA,NA,Y,4,0,1,2,A,-,04,21703,NA,N,C,C,A,A,-,-,A,A,0,NA,NA,NA,NA,Y,NA,A,01,0,0,1,0,0,0,0,0,0,-,-,NA,NA,LOS ANGELES,COMMERCE,-118.13027954101564,33.97734451293945
9492168,2022,2022-09-07,1900,2022-05-20,0617,636541,0561,5,5,3,1968,0,0,0,NA,0,55T1AM,SANTA ANITA AV,CENTRAL AV,512,S,N,A,-,N,NA,NA,NA,NA,NA,NA,NA,NA,NA,Y,3,0,1,1,A,-,08,22107,NA,N,E,I,A,A,H,-,A,D,0,NA,NA,NA,NA,Y,NA,A,07,0,1,0,0,0,0,0,0,0,-,-,34.025901794433594,-118.03359985351564,LOS ANGELES,SOUTH EL MONTE,-118.04745483398438,34.043006896972656
9492169,2022,2022-11-01,1900,2022-05-26,0450,652767,0245,4,5,3,1914,0,0,0,NA,0,027,SLAUSON AV,EASTERN AV,1000,E,N,A,-,N,NA,NA,NA,NA,NA,NA,NA,NA,NA,Y,4,0,1,2,A,-,03,22350,NA,N,D,C,A,A,H,-,C,D,0,NA,NA,NA,NA,Y,NA,A,01,0,0,1,0,0,0,0,0,0,-,-,NA,NA,LOS ANGELES,COMMERCE,-118.15885925292967,33.98545837402344
9492170,2022,2022-10-19,1900,2022-05-22,1300,625414,0250,7,5,4,1945,0,0,0,NA,0,28T,54TH ST,LOMA VISTA AV,0,NA,Y,A,-,N,NA,NA,NA,NA,NA,NA,NA,NA,NA,N,4,0,1,2,A,-,12,22450,A,N,-,C,A,A,H,-,A,D,0,NA,NA,NA,NA,Y,NA,A,01,0,0,1,0,0,0,0,0,0,-,-,NA,NA,LOS ANGELES,MAYWOOD,-118.1980209350586,33.9932861328125
94921703,2025,2025-11-12,9535,2025-10-22,2118,024484,NA,3,2,5,1948,0,1,1,NA,2,070,I-710 NORTHBOUND (LONG BEACH FREEWAY) TO RAMONA BO,RAMONA BLVD,600,S,N,A,-,Y,NA,NA,NA,NA,NA,NA,NA,NA,NA,Y,2,0,2,2,A,-,03,22350,NA,F,C,C,A,A,H,-,C,A,0,NA,NA,NA,NA,Y,NA,A,01,1,0,1,0,0,0,0,0,0,-,-,34.05775833129883,-118.16445922851564,LOS ANGELES,MONTEREY PARK,-118.16532135009766,34.05923843383789
9492171,2022,2022-09-19,1900,2022-05-13,1840,625414,0263,5,5,4,1917,0,0,0,NA,0,26T,WILCOX AV,CECELIA ST,370,N,N,A,-,N,NA,NA,NA,NA,NA,NA,NA,NA,NA,N,4,0,1,2,A,-,00,20002,A,M,-,G,A,A,H,-,-,D,0,NA,Y,NA,NA,Y,NA,L,04,0,0,1,0,0,0,1,0,0,-,-,NA,NA,LOS ANGELES,CUDAHY,-118.179443359375,33.95891571044922
9492172,2022,2022-10-25,1900,2022-05-31,2250,615107,0263,2,5,4,1917,0,0,0,NA,0,26EM,SALT LAKE AV,ATLANTIC AV,3,W,N,A,-,N,NA,NA,NA,NA,NA,NA,NA,NA,NA,N,4,0,1,2,A,-,11,21456,B,N,D,G,A,A,H,-,C,A,0,NA,NA,NA,NA,Y,NA,-,-,0,0,1,0,0,0,0,0,0,-,-,NA,NA,LOS ANGELES,CUDAHY,-118.18398284912108,33.95555114746094
9492196,2022,2022-09-12,1900,2022-06-17,2348,600172,0245,5,5,3,1914,0,0,0,NA,0,28H,FERGUSON DR,GERHART AV,60,E,N,A,-,N,NA,NA,NA,NA,NA,NA,NA,NA,NA,Y,4,0,1,4,A,-,03,22350,NA,N,C,E,A,A,H,-,C,D,0,NA,NA,NA,NA,Y,Y,A,01,0,0,1,0,0,0,0,0,0,-,-,NA,NA,LOS ANGELES,COMMERCE,-118.14780426025392,34.00979232788086
94922150,2025,2025-11-12,9575,2025-10-29,930,021970,NA,3,1,9,1900,0,1,3,NA,2,081,ROSEMEAD BLVD. (7200 BLOCK),HUNTINGTON DR.,500,S,N,A,-,N,NA,NA,NA,NA,NA,NA,NA,NA,NA,N,4,0,1,2,A,-,05,21650,NA,N,D,C,A,A,H,-,A,A,0,NA,NA,NA,NA,Y,NA,M,94,0,0,1,0,0,0,0,0,0,-,-,34.12860107421875,-118.07331848144533,LOS ANGELES,UNINCORPORATED,-118.07311248779295,34.1289176940918
94922153,2025,2025-11-12,9575,2025-10-30,1215,024291,NA,4,1,6,1953,0,1,1,NA,2,065,I-210 E/B (FOOTHILL FREEWAY),ALTADENA DRIVE,370,E,N,A,-,Y,LA,NA,210,NA,R,28.353,H,NA,R,Y,4,0,1,3,A,-,03,22350,NA,N,C,C,A,A,H,-,A,D,0,NA,NA,NA,NA,Y,NA,A,07,0,0,1,0,0,0,0,0,0,-,-,34.15243911743164,-118.0971221923828,LOS ANGELES,PASADENA,-118.0971221923828,34.15240478515625
94922167,2025,2025-11-12,9575,2025-10-31,540,024291,NA,5,3,6,1953,0,1,1,NA,2,064,I-210 E/B (FOOTHILL FREEWAY),SIERRA BONITA AVENUE,180,W,N,B,-,Y,LA,NA,210,NA,R,27.146,H,NA,R,N,4,0,1,2,A,-,07,21658,A,N,B,C,A,A,H,-,D,D,0,NA,NA,NA,Y,Y,NA,G,25,0,0,1,0,0,0,0,0,0,-,-,34.15214157104492,-118.11807250976564,LOS ANGELES,PASADENA,-118.11807250976564,34.15220642089844
94922175,2025,2025-11-12,9550,2025-10-29,940,018745,NA,3,1,5,1919,0,1,3,NA,2,091,SR-91 W/B (ARTESIA FREEWAY),STUDEBAKER ROAD,1373,E,N,A,-,Y,LA,NA,91,NA,R,17.378,H,NA,L,N,4,0,2,2,A,-,03,22350,NA,N,C,C,A,A,H,-,A,D,0,NA,NA,NA,NA,Y,NA,A,01,0,0,2,0,0,0,0,0,0,-,-,33.876468658447266,-118.09487915039064,LOS ANGELES,CERRITOS,-118.09487915039064,33.876461029052734
94922179,2025,2025-11-12,9525,2025-10-30,1750,023899,NA,4,2,6,1955,0,1,1,NA,2,108,I-10 E/B TO 71 S/B,RIDGEWAY ST,1150,N,N,A,-,Y,NA,NA,NA,NA,NA,NA,NA,NA,NA,Y,4,0,1,2,A,-,03,22350,NA,N,C,C,A,A,H,-,B,D,0,NA,NA,NA,NA,Y,NA,E,22,0,0,1,0,0,0,0,0,0,-,-,34.06568145751953,-117.80162811279295,LOS ANGELES,POMONA,-117.79965209960938,34.068111419677734
94922185,2025,2025-11-12,9525,2025-10-28,2355,024575,NA,2,3,1,1934,0,1,1,NA,2,204,I-210 E/B (FOOTHILL FWY),IRWINDALE AVE,1584,W,N,A,-,Y,LA,NA,210,NA,R,37.511,H,NA,R,Y,3,0,1,1,C,-,18,NA,NA,N,E,9,A,A,H,-,C,D,0,NA,NA,NA,NA,Y,NA,-,-,0,1,0,0,0,0,0,0,0,-,-,34.128658294677734,-117.93963623046876,LOS ANGELES,IRWINDALE,-117.93963623046876,34.12870407104492
94922186,2025,2025-11-12,9525,2025-11-02,1040,024091,NA,7,1,9,1900,0,2,4,NA,2,032,VALLEY BLVD W/B,BASETDALE AVE.,236,E,N,A,-,N,NA,NA,NA,NA,NA,NA,NA,NA,NA,N,4,0,1,2,A,-,07,21658,A,N,B,C,A,A,H,-,A,D,0,NA,NA,NA,NA,Y,NA,-,-,0,0,1,0,0,0,0,0,0,-,-,34.04930114746094,-117.99600982666016,LOS ANGELES,UNINCORPORATED,-117.99607849121094,34.049259185791016
94922188,2025,2025-11-12,9525,2025-11-01,2051,024509,NA,6,2,9,1900,0,3,5,NA,2,002,VINCENT AVE,CYPRESS ST,0,NA,Y,A,-,N,NA,NA,NA,NA,NA,NA,NA,NA,NA,Y,4,0,1,2,A,-,09,21801,A,N,D,C,A,A,H,-,C,A,0,NA,NA,NA,NA,Y,NA,A,01,0,0,1,0,0,0,0,0,0,-,-,34.09590148925781,-117.92539215087892,LOS ANGELES,UNINCORPORATED,-117.92542266845705,34.09593200683594
94922190,2025,2025-11-12,9525,2025-10-26,1030,024164,NA,7,1,4,1913,0,1,1,NA,2,219,SR-210 W/B (FOOTHILL FWY),TOWNE AVE,634,E,N,A,-,Y,LA,NA,210,NA,R,49.669,H,NA,L,N,4,0,1,2,A,-,07,21658,A,N,C,C,A,A,H,-,A,D,0,NA,NA,Y,NA,Y,NA,A,01,0,0,1,0,0,0,0,0,1,-,-,34.12046813964844,-117.73409271240234,LOS ANGELES,CLAREMONT,-117.73409271240234,34.12047576904297
94922194,2025,2025-11-12,9430,2025-10-25,25,023145,NA,6,3,9,1900,0,1,1,NA,2,051,I-5 N/B,GORMAN SCHOOL ROAD,1950,S,N,A,-,Y,LA,NA,5,NA,R,85.426,H,NA,R,Y,3,0,1,2,A,-,01,23152,A,N,C,C,A,A,H,-,D,D,0,NA,NA,NA,NA,Y,Y,A,01,0,1,0,0,0,0,0,0,0,-,-,34.79433822631836,-118.84588623046876,LOS ANGELES,UNINCORPORATED,-118.84589385986328,34.79432678222656
94922204,2025,2025-11-12,9525,2025-10-31,425,023899,NA,5,3,6,1955,0,1,1,NA,2,110,I-10 E/B (SAN BERNARDINO FWY),TOWNE AVE.,155,E,N,B,-,Y,LA,NA,10,NA,NA,46.46,H,NA,R,Y,4,0,1,2,A,-,07,21658,A,N,B,2,A,A,H,-,C,D,0,NA,NA,NA,NA,Y,NA,D,22,0,0,1,0,0,0,0,0,0,-,-,34.07841110229492,-117.74095153808594,LOS ANGELES,POMONA,-117.74095916748048,34.07841873168945
94922245,2025,2025-11-12,9525,2025-10-30,1611,024256,NA,4,2,5,1906,0,1,1,NA,2,104,I-10 E/B (SAN BERNARDINO FWY),PUENTE AVENUE,528,E,N,A,-,Y,LA,NA,10,NA,NA,34.001,H,NA,R,N,4,0,1,2,A,-,03,22350,NA,F,C,C,A,A,H,-,A,D,0,NA,NA,NA,NA,Y,NA,D,22,0,0,1,0,0,0,0,0,0,-,-,34.07126998901367,-117.95101165771484,LOS ANGELES,BALDWIN PARK,-117.95100402832033,34.07123565673828
94922249,2025,2025-11-12,9550,2025-09-29,2320,024129,NA,1,3,5,1976,0,1,1,NA,2,650,I-605 NB,WHITTIER BLVD,1162,N,N,A,-,Y,LA,NA,605,NA,R,13.822,H,NA,R,N,4,0,1,2,A,-,07,21658,A,N,B,C,A,A,H,-,C,D,0,NA,NA,NA,NA,Y,NA,A,01,0,0,1,0,0,0,0,0,0,-,-,33.99702072143555,-118.0683364868164,LOS ANGELES,WHITTIER,-118.06826782226564,33.99700927734375
9492244,2022,2022-09-21,1900,2022-08-03,2043,646171,2842,3,5,5,1915,0,0,0,NA,0,283T2,GREENLEAF BL,ALAMEDA ST,0,NA,Y,A,-,N,NA,NA,NA,NA,NA,NA,NA,NA,NA,Y,4,0,2,3,A,-,12,21453,A,N,D,C,A,A,H,-,C,A,0,NA,NA,NA,NA,Y,NA,A,08,0,0,2,0,0,0,0,0,0,-,-,33.88127136230469,-118.21804809570313,LOS ANGELES,COMPTON,-118.21810150146484,33.881229400634766
9492245,2022,2022-09-15,1900,2022-08-19,1200,649521,2116,5,5,5,1943,0,0,0,NA,0,212T4,SANTA FE AV,CARLIN AV,30,N,N,A,-,N,NA,NA,NA,NA,NA,NA,NA,NA,NA,N,4,0,1,3,A,-,03,22350,NA,N,C,E,A,A,H,-,A,D,0,NA,NA,NA,NA,Y,NA,A,07,0,0,1,0,0,0,0,0,0,-,-,33.9151611328125,-118.21720123291016,LOS ANGELES,LYNWOOD,-118.21726989746094,33.91508102416992
9492248,2022,2022-09-21,1900,2022-08-03,1330,646171,2847,3,5,5,1915,0,0,0,NA,0,283T2,ATLANTIC AV,SPORTSMAN DR,122,S,N,A,-,N,NA,NA,NA,NA,NA,NA,NA,NA,NA,Y,4,0,2,2,A,-,09,21804,A,N,D,C,A,A,H,-,A,D,0,NA,NA,NA,Y,Y,NA,F,26,0,0,2,0,0,0,0,0,0,-,-,33.88508987426758,-118.19107818603516,LOS ANGELES,COMPTON,-118.18977355957033,33.88417434692383
9492250,2022,2022-09-15,1900,2022-08-27,1357,647596,1132,6,5,6,1992,0,0,0,NA,0,111T1,CHALLENGER WY,LANCASTER BL,0,NA,Y,A,-,N,NA,NA,NA,NA,NA,NA,NA,NA,NA,Y,4,0,2,2,A,-,12,21453,A,N,D,C,A,A,H,-,A,A,0,NA,NA,NA,NA,Y,NA,D,22,0,0,2,0,0,0,0,0,0,-,-,34.69670867919922,-118.11258697509766,LOS ANGELES,LANCASTER,-118.11265563964844,34.69685363769531
9492261,2022,2022-09-29,1900,2022-05-26,1522,510509,1123,4,5,6,1992,0,0,0,NA,0,112T4,AVENUE K,GADSDEN AV,0,NA,Y,A,-,N,NA,NA,NA,NA,NA,NA,NA,NA,NA,Y,3,0,3,3,A,-,12,21453,A,F,B,C,A,A,H,-,A,A,0,NA,NA,NA,NA,Y,NA,D,22,0,3,0,0,0,0,0,0,0,-,-,NA,NA,LOS ANGELES,LANCASTER,-118.14350128173828,34.67491149902344