CASE_ID,ACCIDENT_YEAR,PROC_DATE,JURIS,COLLISION_DATE,COLLISION_TIME,OFFICER_ID,REPORTING_DISTRICT,DAY_OF_WEEK,CHP_SHIFT,POPULATION,CNTY_CITY_LOC,SPECIAL_COND,BEAT_TYPE,CHP_BEAT_TYPE,CITY_DIVISION_LAPD,CHP_BEAT_CLASS,BEAT_NUMBER,PRIMARY_RD,SECONDARY_RD,DISTANCE,DIRECTION,INTERSECTION,WEATHER_1,WEATHER_2,STATE_HWY_IND,CALTRANS_COUNTY,CALTRANS_DISTRICT,STATE_ROUTE,ROUTE_SUFFIX,POSTMILE_PREFIX,POSTMILE,LOCATION_TYPE,RAMP_INTERSECTION,SIDE_OF_HWY,TOW_AWAY,COLLISION_SEVERITY,NUMBER_KILLED,NUMBER_INJURED,PARTY_COUNT,PRIMARY_COLL_FACTOR,PCF_CODE_OF_VIOL,PCF_VIOL_CATEGORY,PCF_VIOLATION,PCF_VIOL_SUBSECTION,HIT_AND_RUN,TYPE_OF_COLLISION,MVIW,PED_ACTION,ROAD_SURFACE,ROAD_COND_1,ROAD_COND_2,LIGHTING,CONTROL_DEVICE,CHP_ROAD_TYPE,PEDESTRIAN_ACCIDENT,BICYCLE_ACCIDENT,MOTORCYCLE_ACCIDENT,TRUCK_ACCIDENT,NOT_PRIVATE_PROPERTY,ALCOHOL_INVOLVED,STWD_VEHTYPE_AT_FAULT,CHP_VEHTYPE_AT_FAULT,COUNT_SEVERE_INJ,COUNT_VISIBLE_INJ,COUNT_COMPLAINT_PAIN,COUNT_PED_KILLED,COUNT_PED_INJURED,COUNT_BICYCLIST_KILLED,COUNT_BICYCLIST_INJURED,COUNT_MC_KILLED,COUNT_MC_INJURED,PRIMARY_RAMP,SECONDARY_RAMP,LATITUDE,LONGITUDE,COUNTY,CITY,POINT_X,POINT_Y
94928289,2025,2025-11-13,9535,2025-11-12,850,022017,NA,3,1,9,1900,0,1,1,NA,2,421,INTERSTATE 10 W/B (SAN BERNARDINO FREEWAY),HERBERT AVENUE,500,E,N,B,-,Y,LA,NA,10,NA,NA,20.303,H,NA,L,Y,4,0,1,2,A,-,03,22350,NA,N,C,C,A,A,H,-,A,D,0,NA,NA,NA,NA,Y,NA,A,07,0,0,1,0,0,0,0,0,0,-,-,34.056949615478516,-118.1820068359375,LOS ANGELES,UNINCORPORATED,-118.18196868896484,34.056884765625
94928314,2025,2025-11-13,9550,2025-10-22,1825,023732,NA,3,2,9,1900,0,3,5,NA,2,003,TANGLEWOOD LANE,WILDWOOD WAY,0,NA,Y,A,-,N,NA,NA,NA,NA,NA,NA,NA,NA,NA,N,3,0,1,2,A,-,12,22450,A,M,H,G,A,A,H,-,A,A,0,NA,Y,NA,NA,Y,NA,L,04,0,1,0,0,0,0,1,0,0,-,-,34.02642822265625,-117.99224853515624,LOS ANGELES,UNINCORPORATED,-117.80233001708984,34.09770584106445
94928353,2025,2025-11-13,9530,2025-11-02,1210,023843,NA,7,1,9,1900,0,3,5,NA,2,002,WILLOWBROOK AVENUE,PIRU STREET,150,N,N,A,-,N,NA,NA,NA,NA,NA,NA,NA,NA,NA,N,3,0,1,1,A,-,08,22107,NA,N,F,A,A,A,H,-,A,D,0,NA,NA,NA,NA,Y,NA,M,96,0,1,0,0,0,0,0,0,0,-,-,33.91041946411133,-118.22820281982422,LOS ANGELES,UNINCORPORATED,-118.2287139892578,33.910587310791016
94928355,2025,2025-11-13,9530,2025-11-01,2050,023824,NA,6,2,7,1941,0,1,1,NA,2,073,I-710 S/B (LONG BEACH FREEWAY),ANAHEIM ST.,1000,N,N,A,-,Y,LA,NA,710,NA,NA,6.592,H,NA,L,N,4,0,2,2,A,-,07,21658,A,N,B,C,A,A,H,-,D,D,0,NA,NA,NA,NA,Y,NA,A,01,0,0,2,0,0,0,0,0,0,-,-,33.785709381103516,-118.20768737792967,LOS ANGELES,LONG BEACH,-118.2077178955078,33.785709381103516
94928465,2025,2025-11-13,9530,2025-11-03,645,022427,NA,1,1,9,1900,0,3,5,NA,2,002,AVALON BLVD (14300 BLOCK),ROSECRANS AVE.,370,N,N,A,-,N,NA,NA,NA,NA,NA,NA,NA,NA,NA,Y,4,0,1,2,A,-,08,22107,NA,N,C,C,A,A,H,-,A,D,0,NA,NA,NA,NA,Y,NA,A,01,0,0,1,0,0,0,0,0,0,-,-,33.90325927734375,-118.26531219482422,LOS ANGELES,UNINCORPORATED,-118.26528930664064,33.90315628051758
94928487,2025,2025-12-15,9530,2025-11-02,1615,024223,NA,7,2,9,1900,0,1,3,NA,2,310,SR-91 W/B (ARTESIA FREEWAY),AVALON BLVD.,370,W,N,A,-,Y,LA,NA,91,NA,R,7.359,H,NA,L,N,4,0,1,2,A,-,07,21658,A,N,B,C,A,A,H,-,A,D,0,NA,NA,NA,NA,Y,NA,A,07,0,0,1,0,0,0,0,0,0,-,-,33.87314987182617,-118.2673110961914,LOS ANGELES,UNINCORPORATED,-118.26732635498048,33.873207092285156
94928510,2025,2025-11-13,9530,2025-10-03,1825,022714,NA,5,2,7,1942,0,1,3,NA,2,310,SR-91 W/B (ARTESIA FREEWAY),VERMONT AVE.,520,E,N,A,-,Y,LA,NA,91,NA,NA,6.122,H,NA,L,N,4,0,1,2,A,-,03,22350,NA,N,C,C,A,A,H,-,B,A,0,NA,NA,NA,NA,Y,NA,D,22,0,0,1,0,0,0,0,0,0,-,-,33.872920989990234,-118.2890167236328,LOS ANGELES,LOS ANGELES,-118.28902435302734,33.87286376953125
94928517,2025,2025-11-13,9530,2025-10-07,2005,024609,NA,2,2,9,1900,0,3,5,NA,2,002,WILLOWBROOK AVE. (1300 BLOCK),LUCIEN ST,0,NA,Y,A,-,N,NA,NA,NA,NA,NA,NA,NA,NA,NA,N,4,0,1,2,A,-,09,21802,A,N,A,C,A,A,H,-,C,A,0,NA,NA,NA,NA,Y,NA,A,01,0,0,1,0,0,0,0,0,0,-,-,33.912498474121094,-118.22921752929688,LOS ANGELES,UNINCORPORATED,-118.22966003417967,33.912349700927734
94928518,2025,2025-11-13,9525,2025-10-30,928,024088,NA,4,1,6,1955,0,1,1,NA,2,107,I-10 W/B TO SR-57 N/B,SR-57 N/B (ORANGE FWY),2370,E,N,A,-,Y,LA,NA,10,NA,NA,42.921,H,NA,L,N,3,0,1,1,A,-,08,22107,NA,N,F,A,A,B,H,-,A,D,0,NA,NA,Y,NA,Y,NA,C,02,0,1,0,0,0,0,0,0,1,-,-,34.0688591003418,-117.79945373535156,LOS ANGELES,POMONA,-117.7992935180664,34.06862258911133
94928520,2025,2025-11-13,9530,2025-10-04,2048,024399,NA,6,2,9,1900,0,3,5,NA,2,001,92ND ST. (1100 BLOCK),HOOPER AVE. (9200 BLOCK),0,NA,Y,A,-,N,NA,NA,NA,NA,NA,NA,NA,NA,NA,N,4,0,1,2,A,-,12,21453,A,N,D,C,A,A,H,-,C,A,0,NA,NA,NA,NA,Y,Y,A,01,0,0,1,0,0,0,0,0,0,-,-,33.95328140258789,-118.25399780273438,LOS ANGELES,UNINCORPORATED,-118.25405883789064,33.95329284667969
94928521,2025,2026-01-28,9530,2025-10-29,1655,023720,NA,3,2,9,1900,0,3,5,NA,2,006,MEYLER ST.,223RD ST.,0,NA,Y,A,-,N,NA,NA,NA,NA,NA,NA,NA,NA,NA,N,4,0,1,2,A,-,03,22350,NA,M,C,C,A,A,H,-,A,D,0,NA,NA,NA,NA,Y,NA,-,99,0,0,1,0,0,0,0,0,0,-,-,33.82434844970703,-118.294677734375,LOS ANGELES,UNINCORPORATED,-118.29477691650392,33.824501037597656
94928612,2025,2025-11-13,9550,2025-10-25,241,024382,NA,6,3,6,1920,0,1,1,NA,2,150,I-105 W/B,ARDIS AVE,500,W,N,A,-,Y,LA,NA,105,NA,R,16.31,H,NA,L,Y,4,0,1,2,A,-,08,22107,NA,N,B,C,A,A,H,-,C,D,0,NA,NA,NA,NA,Y,NA,A,01,0,0,1,0,0,0,0,0,0,-,-,33.913230895996094,-118.13111114501952,LOS ANGELES,DOWNEY,-118.13111114501952,33.91325759887695
94928706,2025,2025-11-13,9550,2025-11-01,1440,024141,NA,6,2,5,1919,0,1,3,NA,2,092,SR-91 W/B,NORWALK BLVD,750,E,N,A,-,Y,LA,NA,91,NA,R,18.807,H,NA,L,N,4,0,1,2,A,-,03,22350,NA,N,C,C,A,A,H,-,A,D,0,NA,NA,NA,NA,Y,NA,D,22,0,0,1,0,0,0,0,0,0,-,-,33.876651763916016,-118.07000732421876,LOS ANGELES,CERRITOS,-118.07000732421876,33.876548767089844
9492872,2022,2022-09-22,1941,2022-08-28,1600,11540,NA,7,5,7,1941,0,0,0,NA,0,NA,REDONDO AV,RANSOM ST,0,NA,Y,A,-,N,NA,NA,NA,NA,NA,NA,NA,NA,NA,Y,3,0,1,1,A,-,01,23152,A,N,A,I,A,A,H,-,A,D,0,NA,NA,NA,NA,Y,Y,A,NA,0,1,0,0,0,0,0,0,0,-,-,NA,NA,LOS ANGELES,LONG BEACH,-118.15242004394533,33.78669357299805
94928727,2025,2025-11-13,9525,2025-11-08,1415,024135,NA,6,2,4,1946,0,1,1,NA,2,202,I-210 E/B (FOOTHILL FWY),MYRTLE AVE,1320,W,N,A,-,Y,LA,NA,210,NA,R,33.375,H,NA,R,Y,4,0,1,3,A,-,07,21658,A,N,C,C,A,A,H,-,A,D,0,NA,NA,NA,NA,Y,NA,A,01,0,0,1,0,0,0,0,0,0,-,-,34.136409759521484,-118.0101318359375,LOS ANGELES,MONROVIA,-118.01012420654295,34.13642120361328
94928728,2025,2025-11-13,9565,2025-08-20,1633,024695,NA,3,2,4,1918,0,1,1,NA,2,061,I-405 S/B,JEFFERSON BLVD,1584,S,N,A,-,Y,LA,NA,405,NA,NA,25.639,H,NA,L,N,4,0,1,2,A,-,03,22350,NA,F,C,C,A,A,H,-,A,D,0,NA,NA,NA,NA,Y,NA,A,01,0,0,1,0,0,0,0,0,0,-,-,33.98387908935547,-118.3962173461914,LOS ANGELES,CULVER CITY,-118.39623260498048,33.9838752746582
94928729,2025,2025-11-13,9525,2025-11-13,1000,024155,NA,4,1,5,1906,0,1,1,NA,2,652,I-605 N/B TO RAMONA BLVD,RAMONA BLVD,945,S,N,A,-,Y,LA,NA,605,NA,NA,20.912,H,NA,R,N,4,0,1,2,A,-,03,22350,NA,N,C,C,A,A,H,-,A,D,0,NA,NA,NA,NA,Y,NA,D,22,0,0,1,0,0,0,0,0,0,-,-,34.07516098022461,-117.99835205078124,LOS ANGELES,BALDWIN PARK,-117.9984893798828,34.075191497802734
94928734,2025,2025-11-13,9565,2025-09-05,1015,024695,NA,5,1,9,1900,0,2,4,NA,2,031,54TH ST,HARCOURT AVE,0,NA,Y,A,-,N,NA,NA,NA,NA,NA,NA,NA,NA,NA,N,4,0,1,2,A,-,09,21802,A,N,D,2,A,A,H,-,A,A,0,NA,NA,NA,NA,Y,NA,A,01,0,0,1,0,0,0,0,0,0,-,-,33.99304962158203,-118.34095764160156,LOS ANGELES,UNINCORPORATED,-118.34098815917967,33.99303436279297
94928735,2025,2025-11-13,9535,2025-10-31,139,024287,NA,5,3,4,1907,0,1,1,NA,2,073,I-710 S/B  (LONG BEACH FREEWAY),FLORENCE AVE,2112,N,N,A,-,Y,LA,NA,710,NA,NA,20.18,H,NA,L,N,4,0,1,2,A,-,08,22107,NA,N,C,C,A,A,H,-,D,D,0,NA,NA,NA,NA,Y,NA,A,01,0,0,1,0,0,0,0,0,0,-,-,33.97468948364258,-118.16780853271484,LOS ANGELES,BELL,-118.16783142089844,33.974693298339844
94928737,2025,2025-11-13,9590,2025-10-17,1225,018510,NA,5,1,7,1942,0,1,1,NA,2,084,I-5 N/B (GOLDEN STATE FREEWAY),GLENDALE AVE,2000,S,N,A,-,Y,LA,NA,5,NA,NA,23.378,H,NA,R,N,4,0,1,2,A,-,03,22350,NA,N,C,C,A,A,H,-,A,D,0,NA,NA,NA,NA,Y,NA,A,08,0,0,1,0,0,0,0,0,0,-,-,34.1097297668457,-118.26165008544922,LOS ANGELES,LOS ANGELES,-118.26162719726564,34.10975646972656
94928739,2025,2025-11-13,9535,2025-04-18,1232,023604,NA,5,1,5,1969,0,1,1,NA,2,075,I-710 S/B (LONG BEACH FREEWAY),FILESTONE BLVD,1925,N,N,A,-,Y,LA,NA,710,NA,NA,18.812,H,NA,L,N,3,0,1,3,A,-,03,22350,NA,N,C,C,A,A,H,-,A,D,0,NA,NA,NA,Y,Y,NA,G,25,0,1,0,0,0,0,0,0,0,-,-,33.9551887512207,-118.17082214355467,LOS ANGELES,SOUTH GATE,-118.17072296142578,33.9551887512207
94928749,2025,2025-11-13,9565,2025-09-07,925,024695,NA,7,1,7,1942,0,1,1,NA,2,082,I-10 W/B,WESTWOOD BOULEVARD,200,W,N,A,-,Y,LA,NA,10,NA,R,6.066,H,NA,L,N,3,0,3,3,A,-,03,22350,NA,N,C,C,A,A,H,-,A,D,0,NA,NA,NA,NA,Y,NA,A,07,0,1,2,0,0,0,0,0,0,-,-,34.0318717956543,-118.42301177978516,LOS ANGELES,LOS ANGELES,-118.42301177978516,34.03188705444336
94928751,2025,2025-11-13,9565,2025-09-20,1139,024695,NA,6,1,7,1942,0,1,1,NA,2,063,I-405 N/B,CONSTITUTION AVE,150,N,N,A,-,Y,LA,NA,405,NA,NA,32.273,H,NA,R,N,4,0,3,3,A,-,03,22350,NA,N,C,C,A,A,D,-,A,D,0,NA,NA,NA,NA,Y,NA,A,07,0,0,3,0,0,0,0,0,0,-,-,34.06435012817383,-118.45919799804688,LOS ANGELES,LOS ANGELES,-118.45912933349608,34.06439208984375
94928753,2025,2025-11-13,9565,2025-06-01,235,023778,NA,7,3,7,1942,0,1,1,NA,2,062,I-405 N/B,VENICE BLVD,100,N,N,A,-,Y,LA,NA,405,NA,NA,28.02,H,NA,R,N,4,0,2,2,A,-,03,22350,NA,F,C,C,A,A,H,-,C,D,0,NA,NA,NA,NA,Y,NA,-,99,0,0,2,0,0,0,0,0,0,-,-,34.01295852661133,-118.41887664794922,LOS ANGELES,LOS ANGELES,-118.41891479492188,34.012943267822266
94928757,2025,2025-11-13,9535,2025-09-29,1155,024280,NA,1,1,9,1900,0,2,4,NA,2,024,WHITTIER BLVD (5200 BLOCK),ATLANTIC BLVD.,100,E,N,A,-,N,NA,NA,NA,NA,NA,NA,NA,NA,NA,N,4,0,1,2,A,-,07,21658,A,N,D,C,A,A,H,-,A,D,0,NA,NA,NA,NA,Y,NA,A,01,0,0,1,0,0,0,0,0,0,-,-,34.02037811279297,-118.15680694580078,LOS ANGELES,UNINCORPORATED,-118.15697479248048,34.02033615112305
9492881,2022,2022-10-24,1942,2022-02-01,0150,42501,0656,2,5,7,1942,0,0,0,F,0,6A15,SANTA MONICA BL,EL CENTRO AV,20,W,N,A,-,N,NA,NA,NA,NA,NA,NA,NA,NA,NA,N,4,0,1,2,A,-,12,21453,A,F,H,G,A,A,H,-,C,A,0,NA,Y,NA,NA,Y,NA,-,99,0,0,1,0,0,0,1,0,0,-,-,NA,NA,LOS ANGELES,LOS ANGELES,-118.32451629638672,34.09074020385742
9492882,2022,2022-09-12,1942,2022-02-06,1630,44639,0657,7,5,7,1942,0,0,0,F,0,6A22W4,WILTON PL,LEMON GROVE AV,0,NA,Y,A,-,N,NA,NA,NA,NA,NA,NA,NA,NA,NA,N,3,0,1,2,A,-,08,22107,NA,N,C,C,A,A,H,-,A,A,0,NA,NA,Y,NA,Y,NA,A,07,0,1,0,0,0,0,0,0,1,-,-,NA,NA,LOS ANGELES,LOS ANGELES,-118.31356811523438,34.08712387084961
9492884,2022,2022-09-12,1942,2022-02-13,0140,43264,0638,7,5,7,1942,0,0,0,F,0,6U3,WESTERN AV,HOLLYWOOD BL,0,NA,Y,A,-,N,NA,NA,NA,NA,NA,NA,NA,NA,NA,Y,3,0,1,2,A,-,12,21453,A,N,D,C,A,A,H,-,C,A,0,NA,NA,NA,NA,Y,NA,A,07,0,1,0,0,0,0,0,0,0,-,-,NA,NA,LOS ANGELES,LOS ANGELES,-118.30927276611328,34.10174560546875
94928845,2025,2025-11-13,9550,2025-11-02,55,024020,NA,7,3,1,1932,0,1,3,NA,2,600,SR-60 E/B,CROSSROADS PARKWAY,581,W,N,A,-,Y,LA,NA,60,NA,NA,12.492,H,NA,R,Y,3,0,1,1,A,-,08,22107,NA,N,E,I,A,A,H,-,D,D,0,NA,NA,NA,NA,Y,NA,A,01,0,1,0,0,0,0,0,0,0,-,-,34.02888870239258,-118.0151824951172,LOS ANGELES,INDUSTRY,-118.01516723632813,34.029014587402344
9492885,2022,2022-09-12,1942,2022-02-17,1950,41003,0646,4,5,7,1942,0,0,0,F,0,27T33,JUNE ST,FOUNTAIN AV,0,NA,Y,A,-,N,NA,NA,NA,NA,NA,NA,NA,NA,NA,N,4,0,2,4,A,-,12,22450,A,F,D,C,A,A,H,-,C,A,0,NA,NA,NA,NA,Y,NA,-,99,0,0,2,0,0,0,0,0,0,-,-,NA,NA,LOS ANGELES,LOS ANGELES,-118.33422088623048,34.09437561035156
9492886,2022,2022-09-12,1942,2022-02-20,1920,42665,0638,7,5,7,1942,0,0,0,F,0,27T33,WESTERN AV,HOLLYWOOD BL,0,NA,Y,A,-,N,NA,NA,NA,NA,NA,NA,NA,NA,NA,Y,4,0,1,2,A,-,07,21658,A,F,B,C,A,A,H,-,C,A,0,NA,NA,NA,NA,Y,NA,-,99,0,0,1,0,0,0,0,0,0,-,-,NA,NA,LOS ANGELES,LOS ANGELES,-118.30927276611328,34.10174560546875
9492887,2022,2022-10-14,1942,2022-02-22,0820,38282,0667,2,5,7,1942,0,0,0,F,0,27TL27,TAMARIND AV,SUNSET BL,8,S,N,A,-,N,NA,NA,NA,NA,NA,NA,NA,NA,NA,N,3,0,1,2,A,-,09,21804,A,N,H,G,A,A,H,-,A,A,0,NA,Y,NA,NA,Y,NA,L,04,0,1,0,0,0,0,1,0,0,-,-,NA,NA,LOS ANGELES,LOS ANGELES,-118.31905364990234,34.098018646240234
94928870,2025,2025-11-14,9535,2025-11-01,1405,024212,NA,6,2,5,1906,0,1,1,NA,2,650,I-605 N/B (SAN GABRIEL RIVER FREEWAY),I-10 (SAN BERNARDINO FREEWAY),2000,S,N,A,-,Y,LA,NA,605,NA,R,19.756,H,NA,R,N,4,0,1,2,A,-,03,22350,NA,N,C,C,A,A,H,-,A,D,0,NA,NA,NA,Y,Y,NA,F,27,0,0,1,0,0,0,0,0,0,-,-,34.0589714050293,-118.00155639648438,LOS ANGELES,BALDWIN PARK,-118.00160217285156,34.05897903442383
94928872,2025,2025-11-14,9565,2025-10-22,1630,023800,NA,3,2,9,1900,0,2,4,NA,1,054,ADMIRALTY WAY,PALAWAN WAY,0,NA,Y,A,-,Y,NA,NA,NA,NA,NA,NA,NA,NA,NA,Y,2,0,3,2,A,-,09,21801,A,N,A,C,A,A,H,-,A,A,0,NA,NA,NA,NA,Y,NA,A,01,1,1,1,0,0,0,0,0,0,-,-,33.98326873779297,-118.45781707763672,LOS ANGELES,UNINCORPORATED,-118.45781707763672,33.983245849609375
9492888,2022,2022-10-18,1942,2022-02-20,1630,39525,1431,7,5,7,1942,0,0,0,N,0,27M149,MAIN ST,SAN JUAN AV,10,N,N,A,-,N,NA,NA,NA,NA,NA,NA,NA,NA,NA,Y,3,0,2,2,A,-,01,23153,A,F,C,C,A,A,H,-,A,D,0,NA,NA,NA,NA,Y,Y,A,01,0,2,0,0,0,0,0,0,0,-,-,NA,NA,LOS ANGELES,LOS ANGELES,-118.47240447998048,33.98976516723633
9492889,2022,2022-09-12,1900,2022-02-03,1619,540658,1126,4,5,6,1992,0,0,0,NA,0,111T2,AVENUE K,17TH ST WEST,0,NA,Y,A,-,N,NA,NA,NA,NA,NA,NA,NA,NA,NA,Y,4,0,1,2,A,-,12,21453,A,N,D,C,A,A,H,-,A,A,0,NA,NA,NA,NA,Y,NA,A,01,0,0,1,0,0,0,0,0,0,-,-,NA,NA,LOS ANGELES,LANCASTER,-118.16126251220705,34.674983978271484
94928892,2025,2025-11-14,9535,2025-10-18,1610,023450,NA,6,2,5,1906,0,1,1,NA,2,650,I-605 NB (SAN GABRIEL RIVER FREEWAY),VALLEY BLVD,1700,N,N,A,-,Y,LA,NA,605,NA,R,19.737,H,NA,R,Y,3,0,1,4,A,-,03,22350,NA,N,C,C,A,A,H,-,A,D,0,NA,NA,NA,NA,Y,NA,D,22,0,1,0,0,0,0,0,0,0,-,-,34.05870819091797,-118.0016632080078,LOS ANGELES,BALDWIN PARK,-118.00171661376952,34.05873107910156
9492890,2022,2022-09-12,1900,2022-02-23,1015,540658,1123,3,5,6,1992,0,0,0,NA,0,110T1,AVENUE K,PARK AV,1044,E,N,A,-,N,NA,NA,NA,NA,NA,NA,NA,NA,NA,Y,4,0,1,3,A,-,03,22350,NA,N,C,C,A,A,D,-,A,D,0,NA,NA,NA,NA,Y,NA,A,01,0,0,1,0,0,0,0,0,0,-,-,NA,NA,LOS ANGELES,LANCASTER,-118.13483428955078,34.67497253417969
9492899,2022,2022-09-22,1941,2022-02-23,1746,6236,NA,3,5,7,1941,0,0,0,NA,0,NA,ATLANTIC AV,36TH ST,0,NA,Y,A,-,N,NA,NA,NA,NA,NA,NA,NA,NA,NA,N,3,0,1,2,D,-,00,NA,NA,N,G,B,B,A,H,-,A,A,0,Y,NA,NA,NA,Y,NA,-,-,0,1,0,0,1,0,0,0,0,-,-,NA,NA,LOS ANGELES,LONG BEACH,-118.18502807617188,33.8221435546875
9493040,2022,2022-09-16,1929,2022-08-24,1519,233,1929,3,5,3,1929,0,0,0,NA,0,002,GOULD AV,ARDMORE AV,0,NA,Y,A,-,N,NA,NA,NA,NA,NA,NA,NA,NA,NA,N,3,0,1,2,A,-,06,21755,A,N,B,G,A,A,H,-,A,A,0,NA,Y,NA,NA,Y,NA,L,04,0,1,0,0,0,0,1,0,0,-,-,NA,NA,LOS ANGELES,HERMOSA BEACH,-118.40025329589844,33.87449645996094
94930448,2025,2025-11-14,9530,2025-10-23,2305,024460,NA,4,3,7,1941,0,1,1,NA,2,072,I-710 S/B (LONG BEACH FREEWAY),WILLOW ST.,1162,S,N,A,-,Y,LA,NA,710,NA,NA,7.658,H,NA,L,Y,2,0,1,1,A,-,08,22107,NA,N,E,J,A,A,H,-,C,D,0,NA,NA,NA,NA,Y,NA,A,01,1,0,0,0,0,0,0,0,0,-,-,33.80107116699219,-118.20726013183594,LOS ANGELES,LONG BEACH,-118.20713806152344,33.80108642578125
9493045,2022,2022-09-20,1953,2022-08-10,0811,7404,1953,3,5,6,1953,0,0,0,NA,0,004,LOS ROBLES AV,GREEN ST,5,N,N,A,-,N,NA,NA,NA,NA,NA,NA,NA,NA,NA,N,4,0,1,2,A,-,03,22350,NA,N,G,B,B,A,H,-,A,A,0,Y,NA,NA,NA,Y,NA,A,01,0,0,1,0,1,0,0,0,0,-,-,NA,NA,LOS ANGELES,PASADENA,-118.14143371582033,34.144554138183594
94930450,2025,2025-11-14,9530,2025-11-01,1350,024345,NA,6,1,9,1900,0,1,1,NA,2,120,I-110 S/B (HARBOR FREEWAY),SEPULVEDA BLVD,1531,N,N,A,-,Y,LA,NA,110,NA,NA,5.741,H,NA,L,Y,4,0,2,5,A,-,03,22350,NA,N,C,C,A,A,H,-,A,D,0,NA,NA,NA,NA,Y,NA,A,07,0,0,2,0,0,0,0,0,0,-,-,33.813209533691406,-118.28753662109376,LOS ANGELES,UNINCORPORATED,-118.28742218017578,33.813209533691406
9493046,2022,2022-09-13,1953,2022-08-01,1157,8990,PASAD,1,5,6,1953,0,0,0,NA,0,1953,COLORADO BL,HUDSON AV,0,NA,Y,A,-,N,NA,NA,NA,NA,NA,NA,NA,NA,NA,Y,4,0,1,2,A,-,12,21453,A,N,D,C,A,A,H,-,A,A,0,NA,NA,NA,NA,Y,NA,A,01,0,0,1,0,0,0,0,0,0,-,-,NA,NA,LOS ANGELES,PASADENA,-118.13388824462892,34.14589309692383
9493047,2022,2022-09-13,1953,2022-08-04,2001,9219,1953,4,5,6,1953,0,0,0,NA,0,001,WOODLBURY RD,LOS ROBLES AV,0,NA,Y,A,-,N,NA,NA,NA,NA,NA,NA,NA,NA,NA,Y,3,0,1,2,A,-,09,21801,A,N,D,C,A,A,H,-,C,A,0,NA,NA,NA,NA,Y,NA,A,01,0,1,0,0,0,0,0,0,0,-,-,NA,NA,LOS ANGELES,PASADENA,-118.14170074462892,34.181270599365234
9493048,2022,2022-09-13,1953,2022-08-07,1226,5981,1953,7,5,6,1953,0,0,0,NA,0,004,DEL MAR BL,RAYMOND AV,0,NA,Y,A,-,N,NA,NA,NA,NA,NA,NA,NA,NA,NA,Y,4,0,1,2,A,-,09,21801,NA,N,A,C,A,A,H,-,A,A,0,NA,NA,NA,NA,Y,NA,-,NA,0,0,1,0,0,0,0,0,0,-,-,NA,NA,LOS ANGELES,PASADENA,-118.14883422851564,34.14057159423828
94930485,2025,2025-11-14,9575,2025-11-10,1805,022336,NA,1,2,9,1900,0,1,1,NA,2,062,I-210 W/B FROM OCEAN VIEW BLVD.,OCEAN VIEW BLVD.,1000,W,N,A,-,Y,LA,NA,210,NA,R,18.037,H,NA,L,N,4,0,1,2,A,-,03,22350,NA,N,C,C,A,A,H,-,D,A,0,NA,NA,NA,NA,Y,NA,A,07,0,0,1,0,0,0,0,0,0,-,-,34.2134895324707,-118.23043823242188,LOS ANGELES,UNINCORPORATED,-118.23059844970705,34.213287353515625
9493049,2022,2022-09-13,1953,2022-08-03,1656,8998,PASAD,3,5,6,1953,0,0,0,NA,0,002,WASHINGTON BL,WESLEY AV,25,N,N,A,-,N,NA,NA,NA,NA,NA,NA,NA,NA,NA,N,3,0,1,2,A,-,09,21801,NA,N,A,C,A,A,H,-,A,A,0,NA,NA,NA,NA,Y,NA,A,01,0,1,0,0,0,0,0,0,0,-,-,NA,NA,LOS ANGELES,PASADENA,-118.1203384399414,34.1690788269043
94930495,2025,2025-12-22,9530,2025-10-23,1448,023576,NA,4,2,7,1941,0,1,1,NA,2,420,I-405 S/B (SAN DIEGO FREEWAY),CHERRY AVE.,424,N,N,A,-,Y,LA,NA,405,NA,NA,4.974,H,NA,L,N,2,0,1,2,A,-,07,21658,A,N,B,C,A,A,H,-,A,D,0,NA,NA,Y,NA,Y,NA,A,07,1,0,0,0,0,0,0,0,1,-,-,33.81394958496094,-118.16915893554688,LOS ANGELES,LONG BEACH,-118.16918182373048,33.81387710571289
9493050,2022,2022-09-13,1953,2022-08-06,1242,5602,1953,6,5,6,1953,0,0,0,NA,0,003,CORSON ST,SIERRA BONITA AV,0,NA,Y,A,-,N,NA,NA,NA,NA,NA,NA,NA,NA,NA,Y,3,0,2,2,A,-,12,21453,A,N,D,C,A,A,H,-,A,A,0,NA,NA,NA,NA,Y,NA,-,-,0,2,0,0,0,0,0,0,0,-,-,NA,NA,LOS ANGELES,PASADENA,-118.11730194091795,34.15181350708008
9493051,2022,2022-09-20,1953,2022-08-17,0858,7404,1953,3,5,6,1953,0,0,0,NA,0,004,DEL MAR BL,ARROYO PKWY,20,E,N,A,-,N,NA,NA,NA,NA,NA,NA,NA,NA,NA,Y,4,0,2,2,A,-,21,22106,NA,N,D,C,A,A,-,-,A,A,0,NA,NA,NA,NA,Y,NA,A,01,0,0,2,0,0,0,0,0,0,-,-,NA,NA,LOS ANGELES,PASADENA,-118.14730072021484,34.14051818847656