CASE_ID,ACCIDENT_YEAR,PROC_DATE,JURIS,COLLISION_DATE,COLLISION_TIME,OFFICER_ID,REPORTING_DISTRICT,DAY_OF_WEEK,CHP_SHIFT,POPULATION,CNTY_CITY_LOC,SPECIAL_COND,BEAT_TYPE,CHP_BEAT_TYPE,CITY_DIVISION_LAPD,CHP_BEAT_CLASS,BEAT_NUMBER,PRIMARY_RD,SECONDARY_RD,DISTANCE,DIRECTION,INTERSECTION,WEATHER_1,WEATHER_2,STATE_HWY_IND,CALTRANS_COUNTY,CALTRANS_DISTRICT,STATE_ROUTE,ROUTE_SUFFIX,POSTMILE_PREFIX,POSTMILE,LOCATION_TYPE,RAMP_INTERSECTION,SIDE_OF_HWY,TOW_AWAY,COLLISION_SEVERITY,NUMBER_KILLED,NUMBER_INJURED,PARTY_COUNT,PRIMARY_COLL_FACTOR,PCF_CODE_OF_VIOL,PCF_VIOL_CATEGORY,PCF_VIOLATION,PCF_VIOL_SUBSECTION,HIT_AND_RUN,TYPE_OF_COLLISION,MVIW,PED_ACTION,ROAD_SURFACE,ROAD_COND_1,ROAD_COND_2,LIGHTING,CONTROL_DEVICE,CHP_ROAD_TYPE,PEDESTRIAN_ACCIDENT,BICYCLE_ACCIDENT,MOTORCYCLE_ACCIDENT,TRUCK_ACCIDENT,NOT_PRIVATE_PROPERTY,ALCOHOL_INVOLVED,STWD_VEHTYPE_AT_FAULT,CHP_VEHTYPE_AT_FAULT,COUNT_SEVERE_INJ,COUNT_VISIBLE_INJ,COUNT_COMPLAINT_PAIN,COUNT_PED_KILLED,COUNT_PED_INJURED,COUNT_BICYCLIST_KILLED,COUNT_BICYCLIST_INJURED,COUNT_MC_KILLED,COUNT_MC_INJURED,PRIMARY_RAMP,SECONDARY_RAMP,LATITUDE,LONGITUDE,COUNTY,CITY,POINT_X,POINT_Y
94937808,2025,2025-11-19,9590,2025-07-19,2210,024101,NA,6,3,7,1942,0,1,1,NA,2,020,I-5 NB (GSF) TO I-10 EB (SBF),STATE STREET,96,E,N,A,-,Y,NA,NA,NA,NA,NA,NA,NA,NA,NA,N,4,0,1,2,A,-,07,21658,A,F,B,C,A,A,H,-,C,D,0,NA,NA,NA,NA,Y,NA,-,99,0,0,1,0,0,0,0,0,0,-,-,34.054508209228516,-118.2118911743164,LOS ANGELES,LOS ANGELES,-118.2185287475586,34.04121017456055
94937816,2025,2025-11-19,9590,2025-09-12,1939,024688,NA,5,2,7,1942,0,1,1,NA,2,020,I-10 E/B (SAN BERNARDINO FREEWAY),MARENGO STREET,1000,E,N,A,-,Y,LA,NA,10,NA,NA,19.284,H,NA,R,N,3,0,4,3,A,-,03,22350,NA,F,C,C,A,A,H,-,D,D,0,NA,NA,NA,NA,Y,NA,-,99,0,4,0,0,0,0,0,0,0,-,-,34.05519104003906,-118.19905090332033,LOS ANGELES,LOS ANGELES,-118.19905090332033,34.05520248413086
94937853,2025,2025-11-19,9590,2025-10-02,915,018510,NA,4,1,7,1942,0,1,1,NA,2,082,I-5 (GSF) NB,RIVERSIDE DRIVE,700,N,N,A,-,Y,LA,NA,5,NA,NA,21.975,H,NA,R,Y,3,0,3,3,A,-,03,22350,NA,N,C,C,A,A,H,-,A,A,0,NA,NA,NA,NA,Y,NA,D,22,0,3,0,0,0,0,0,0,0,-,-,34.095909118652344,-118.24398803710938,LOS ANGELES,LOS ANGELES,-118.24407958984376,34.09585189819336
94937862,2025,2025-11-19,9565,2025-03-20,805,024161,NA,4,1,9,1900,0,2,S,NA,2,904,SEPULVEDA BLVD,77TH STREET,0,NA,Y,A,-,N,NA,NA,NA,NA,NA,NA,NA,NA,NA,N,4,0,4,1,A,-,08,22107,NA,N,E,I,A,A,H,-,A,A,0,NA,NA,NA,NA,Y,NA,H,13,0,0,4,0,0,0,0,0,0,-,-,33.9717903137207,-118.39508819580078,LOS ANGELES,UNINCORPORATED,-118.39494323730467,33.97168731689453
94937902,2025,2025-11-19,9590,2025-09-10,335,023888,NA,3,3,7,1942,0,1,1,NA,2,064,I-10 E/B (SANTA MONICA FREEWAY),CENTRAL AVENUE,175,E,N,A,-,Y,LA,NA,10,NA,NA,16.534,H,NA,R,N,2,0,2,3,A,-,08,22107,NA,N,G,B,E,A,H,-,C,D,0,Y,NA,NA,NA,Y,NA,D,22,1,1,0,0,2,0,0,0,0,-,-,34.02558898925781,-118.24867248535156,LOS ANGELES,LOS ANGELES,-118.24872589111328,34.025516510009766
94937914,2025,2025-11-19,9590,2025-11-14,827,024353,NA,5,1,7,1942,0,1,2,NA,2,073,US-101 S/B (HOLLYWOOD FREEWAY),FOUNTAIN AVE,170,N,N,C,-,Y,LA,NA,101,NA,NA,5.988,H,NA,L,N,3,0,1,2,A,-,03,22350,NA,N,C,C,A,B,H,-,A,D,0,NA,NA,NA,NA,Y,NA,A,01,0,1,0,0,0,0,0,0,0,-,-,34.095130920410156,-118.3118133544922,LOS ANGELES,LOS ANGELES,-118.31173706054688,34.09520721435547
94937921,2025,2025-11-19,9565,2025-10-07,1155,023735,NA,2,1,4,1918,0,1,1,NA,2,061,I-405 NORTHBOUND,WASHINGTON BOULEVARD,75,N,N,A,-,Y,LA,NA,405,NA,NA,27.486,H,NA,R,N,3,0,2,3,A,-,08,22107,NA,F,B,C,A,A,H,-,A,D,0,NA,NA,NA,NA,Y,NA,-,99,0,2,0,0,0,0,0,0,0,-,-,34.00659942626953,-118.41368103027344,LOS ANGELES,CULVER CITY,-118.41381072998048,34.006526947021484
94937935,2025,2025-11-19,9545,2025-11-10,1450,023914,NA,1,2,9,1900,0,1,3,NA,2,031,SR-14 S/B,CROWN VALLEY RD,1400,S,N,A,-,Y,LA,NA,14,NA,R,48.344,H,NA,L,Y,4,0,1,1,A,-,08,22107,NA,N,F,I,A,A,H,-,A,D,0,NA,NA,NA,NA,Y,NA,A,01,0,0,1,0,0,0,0,0,0,-,-,34.49150085449219,-118.20310974121094,LOS ANGELES,UNINCORPORATED,-118.20311737060548,34.49143981933594
94937940,2025,2025-11-19,9545,2025-11-10,1745,024654,NA,1,2,9,1900,0,3,5,NA,2,002,AVENUE N,30TH STREET WEST,0,NA,Y,A,-,N,NA,NA,NA,NA,NA,NA,NA,NA,NA,Y,4,0,1,2,A,-,08,22100,A,N,D,C,A,A,H,-,C,A,0,NA,NA,NA,NA,Y,NA,A,01,0,0,1,0,0,0,0,0,0,-,-,34.63111114501953,-118.18345642089844,LOS ANGELES,UNINCORPORATED,-118.18338012695313,34.631126403808594
94937948,2025,2025-11-19,9525,2025-11-17,1430,020719,NA,1,2,9,1900,0,3,5,NA,2,002,SUNFLOWER AVE.,CIENEGA AVE.,40,N,N,B,C,N,NA,NA,NA,NA,NA,NA,NA,NA,NA,N,4,0,1,3,A,-,03,22350,NA,N,C,C,A,B,H,-,A,B,0,NA,NA,NA,NA,Y,NA,D,22,0,0,1,0,0,0,0,0,0,-,-,34.1032600402832,-117.84647369384766,LOS ANGELES,UNINCORPORATED,-117.84640502929688,34.10319137573242
94937962,2025,2025-11-19,9565,2025-08-09,35,023841,NA,6,3,9,1900,0,1,1,NA,2,063,I-405 NORTHBOUND (SAN DIEGO FREEWAY),WILSHIRE BOULEVARD,200,N,N,A,-,Y,LA,NA,405,NA,NA,31.64,H,NA,R,Y,3,0,1,1,A,-,01,23152,A,N,E,I,A,A,H,-,C,D,0,NA,NA,NA,NA,Y,Y,A,01,0,1,0,0,0,0,0,0,0,-,-,34.0567512512207,-118.45298767089844,LOS ANGELES,UNINCORPORATED,-118.45289611816406,34.05680465698242
9493801,2022,2022-09-27,1942,2022-08-27,1700,33166,0909,6,5,7,1942,0,0,0,I,0,9X6,WOODMAN AV,VALERIO ST,0,NA,Y,A,-,N,NA,NA,NA,NA,NA,NA,NA,NA,NA,N,4,0,1,2,A,-,12,21453,NA,F,D,C,A,A,H,-,A,A,0,NA,NA,NA,NA,Y,NA,-,99,0,0,1,0,0,0,0,0,0,-,-,NA,NA,LOS ANGELES,LOS ANGELES,-118.43125152587892,34.2048225402832
9493803,2022,2022-09-27,1900,2022-08-16,0741,514681,0612,2,5,6,1985,0,0,0,NA,0,61T1,GOLDEN VALLEY RD,GREEN MOUNTAIN DR,0,NA,Y,A,-,N,NA,NA,NA,NA,NA,NA,NA,NA,NA,Y,3,0,2,2,A,-,12,21453,A,N,D,C,A,A,H,-,A,A,0,NA,NA,NA,NA,Y,NA,-,NA,0,1,1,0,0,0,0,0,0,-,-,34.39455032348633,-118.47570037841795,LOS ANGELES,SANTA CLARITA,-118.47571563720705,34.39441680908203
94938036,2025,2025-11-19,9565,2025-11-06,800,024559,NA,4,1,9,1900,0,2,4,NA,2,042,GREVILLEA AVE,LENNOX BLVD,0,NA,Y,A,-,N,NA,NA,NA,NA,NA,NA,NA,NA,NA,N,3,0,1,2,A,-,10,21950,A,N,G,B,B,A,H,-,A,A,0,Y,NA,NA,NA,Y,NA,D,22,0,1,0,0,1,0,0,0,0,-,-,33.93817138671875,-118.35478973388672,LOS ANGELES,UNINCORPORATED,-118.3548583984375,33.93818283081055
9493804,2022,2022-09-27,1900,2022-08-22,1205,630201,0626,1,5,6,1985,0,0,0,NA,0,61T1,RAILROAD AV,13TH ST,0,NA,Y,A,-,N,NA,NA,NA,NA,NA,NA,NA,NA,NA,Y,3,0,5,2,A,-,12,21453,A,N,D,C,A,A,H,-,A,A,0,NA,NA,NA,NA,Y,NA,A,07,0,5,0,0,0,0,0,0,0,-,-,34.384761810302734,-118.5312271118164,LOS ANGELES,SANTA CLARITA,-118.53128814697266,34.38466262817383
9493805,2022,2022-09-27,1900,2022-08-08,0734,525750,0645,1,5,6,1985,0,0,0,NA,0,64T1D,NEWHALL RANCH RD,VANDERBILT WY,0,NA,Y,A,-,N,NA,NA,NA,NA,NA,NA,NA,NA,NA,Y,3,0,2,2,A,-,04,21703,NA,N,C,C,A,A,H,-,A,A,0,NA,NA,NA,NA,Y,NA,A,01,0,1,1,0,0,0,0,0,0,-,-,34.44377136230469,-118.59925842285156,LOS ANGELES,SANTA CLARITA,-118.59911346435548,34.44371032714844
9493806,2022,2022-09-27,1900,2022-08-31,0835,552014,0612,3,5,6,1985,0,0,0,NA,0,61T1,WHITES CANYON RD,DELIGHT ST,0,NA,Y,A,-,N,NA,NA,NA,NA,NA,NA,NA,NA,NA,Y,3,0,2,2,A,-,01,23152,A,N,C,C,A,A,H,-,A,D,0,NA,NA,NA,NA,Y,Y,A,07,0,1,1,0,0,0,0,0,0,-,-,34.423580169677734,-118.4719467163086,LOS ANGELES,SANTA CLARITA,-118.47206115722656,34.423702239990234
94938073,2025,2025-11-19,9565,2025-11-06,1600,024559,NA,4,2,9,1900,0,3,5,NA,2,002,88TH ST,BUDLONG AVE,0,NA,Y,A,-,N,NA,NA,NA,NA,NA,NA,NA,NA,NA,N,4,0,1,2,A,-,09,21802,A,N,D,G,A,A,H,-,A,A,0,NA,Y,NA,NA,Y,NA,A,01,0,0,1,0,0,0,1,0,0,-,-,33.95793914794922,-118.29601287841795,LOS ANGELES,UNINCORPORATED,-118.2959213256836,33.957916259765625
94938086,2025,2025-11-19,9580,2025-11-14,900,024762,NA,5,1,7,1942,0,1,1,NA,2,406,I-405 N/B (SAN DIEGO FWY),DEVONSHIRE ST,1320,S,N,C,-,Y,LA,NA,405,NA,NA,45.999,H,NA,R,Y,3,0,1,2,A,-,03,22350,NA,N,C,C,A,B,H,-,A,D,0,NA,NA,NA,NA,Y,NA,A,01,0,1,0,0,0,0,0,0,0,-,-,34.253700256347656,-118.47215270996094,LOS ANGELES,LOS ANGELES,-118.47216796875,34.253700256347656
94938093,2025,2025-11-19,9580,2025-11-14,1200,024762,NA,5,1,7,1942,0,1,3,NA,2,115,SR-118 W/B (RONALD REAGAN FWY.),HAYVENHURST AVE,1320,E,N,C,-,Y,LA,NA,118,NA,R,8.621,H,NA,L,Y,4,0,1,1,A,-,16,27465,B,N,E,I,A,B,H,-,B,D,0,NA,NA,NA,NA,Y,NA,A,01,0,0,1,0,0,0,0,0,0,-,-,34.27214050292969,-118.49002838134766,LOS ANGELES,LOS ANGELES,-118.48998260498048,34.272178649902344
94938103,2025,2025-11-19,9525,2025-08-09,2202,023814,NA,6,3,4,1960,0,1,3,NA,2,571,SR-57 SOUTHBOUND (ORANGE FWY),ARROW HIGHWAY,444,N,N,A,-,Y,LA,NA,57,NA,R,10.902,H,NA,L,N,1,1,0,2,A,-,11,21954,A,N,G,B,E,A,H,-,C,D,0,Y,NA,NA,NA,Y,NA,N,60,0,0,0,1,0,0,0,0,0,-,-,34.1079216003418,-117.82241821289064,LOS ANGELES,SAN DIMAS,-117.82244110107422,34.107913970947266
94938119,2025,2025-11-19,9565,2025-06-22,2040,023778,NA,7,2,7,1942,0,1,1,NA,2,064,I-405 N/B,MORAGA DR,50,N,N,A,-,Y,LA,NA,405,NA,NA,33.547,H,NA,R,Y,3,0,1,3,A,-,08,22107,NA,N,B,C,A,A,H,-,C,D,0,NA,NA,NA,NA,Y,NA,A,01,0,1,0,0,0,0,0,0,0,-,-,34.07950973510742,-118.4719009399414,LOS ANGELES,LOS ANGELES,-118.47196197509766,34.0794677734375
9493812,2022,2022-09-27,1953,2022-08-10,1317,8091,1953,3,5,6,1953,0,0,0,NA,0,002,ROSEMEAD BL,HASTINGS RANCH RD,400,N,N,A,-,N,NA,NA,NA,NA,NA,NA,NA,NA,NA,Y,3,0,1,2,A,-,09,21804,A,N,D,C,A,A,H,-,A,D,0,NA,NA,NA,NA,Y,NA,A,01,0,1,0,0,0,0,0,0,0,-,-,NA,NA,LOS ANGELES,PASADENA,-118.07508850097656,34.15210723876953
9493813,2022,2022-09-27,1953,2022-08-29,1335,7231,1953,1,5,6,1953,0,0,0,NA,0,004,CALIFORNIA BL,OAKLAND AV,200,W,N,A,-,N,NA,NA,NA,NA,NA,NA,NA,NA,NA,Y,4,0,1,2,A,-,08,22107,NA,F,B,C,A,A,H,-,A,D,0,NA,NA,NA,NA,Y,NA,A,08,0,0,1,0,0,0,0,0,0,-,-,NA,NA,LOS ANGELES,PASADENA,-118.1403579711914,34.135841369628906
9493814,2022,2022-09-27,1953,2022-08-25,1350,8990,PASAD,4,5,6,1953,0,0,0,NA,0,001,RAYMOND AV,MOUNTAIN ST,250,N,N,A,-,N,NA,NA,NA,NA,NA,NA,NA,NA,NA,Y,4,0,1,2,A,-,08,22107,NA,N,B,C,A,A,-,-,A,B,0,NA,NA,NA,NA,Y,NA,A,01,0,0,1,0,0,0,0,0,0,-,-,NA,NA,LOS ANGELES,PASADENA,-118.14906311035156,34.16215515136719
94938141,2025,2025-11-19,9525,2025-11-10,1220,024655,NA,1,1,9,1900,0,3,5,NA,2,001,SANTA ANITA AVE,FREER STREET,0,NA,Y,A,-,N,NA,NA,NA,NA,NA,NA,NA,NA,NA,Y,3,0,3,2,A,-,12,21453,A,N,D,2,A,A,H,-,A,A,0,NA,NA,NA,NA,Y,NA,A,07,0,1,2,0,0,0,0,0,0,-,-,34.100460052490234,-118.02918243408205,LOS ANGELES,UNINCORPORATED,-118.0292739868164,34.100440979003906
9493815,2022,2022-09-27,1953,2022-08-12,1333,2012,1953,5,5,6,1953,0,0,0,NA,0,004,GLENARM ST,ARROYO PKWY,0,NA,Y,A,-,N,NA,NA,NA,NA,NA,NA,NA,NA,NA,Y,3,0,1,2,A,-,08,22107,NA,N,A,I,A,A,H,-,A,A,0,NA,NA,NA,NA,Y,NA,A,01,0,1,0,0,0,0,0,0,0,-,-,NA,NA,LOS ANGELES,PASADENA,-118.14718627929688,34.12752151489258
9493816,2022,2022-09-27,1953,2022-08-29,1538,8990,PASAD,1,5,6,1953,0,0,0,NA,0,001,FAIR OAKS AV,PAINTER ST,0,NA,Y,A,-,N,NA,NA,NA,NA,NA,NA,NA,NA,NA,Y,4,0,1,2,A,-,09,21804,NA,N,D,C,A,A,H,-,A,A,0,NA,NA,NA,NA,Y,NA,A,01,0,0,1,0,0,0,0,0,0,-,-,NA,NA,LOS ANGELES,PASADENA,-118.15058135986328,34.15966033935547
9493817,2022,2022-09-27,1953,2022-08-29,1300,1011,1953,1,5,6,1953,0,0,0,NA,0,002,E WALNUT AV,HARKNESS AV,75,W,N,A,-,N,NA,NA,NA,NA,NA,NA,NA,NA,NA,N,4,0,1,2,A,-,08,22107,NA,N,D,C,A,A,H,-,A,D,0,NA,NA,NA,NA,Y,NA,A,01,0,0,1,0,0,0,0,0,0,-,-,NA,NA,LOS ANGELES,PASADENA,-118.12012481689452,34.14952850341797
94938180,2025,2025-11-19,9565,2025-02-22,140,024200,NA,6,3,9,1900,0,3,5,NA,2,003,STOCKER STREET E/B,LA BREA AVENUE,20,W,N,A,-,N,NA,NA,NA,NA,NA,NA,NA,NA,NA,N,4,0,1,2,A,-,03,22350,NA,F,C,C,A,A,H,-,C,A,0,NA,NA,NA,NA,Y,NA,-,99,0,0,1,0,0,0,0,0,0,-,-,33.996971130371094,-118.35823822021484,LOS ANGELES,UNINCORPORATED,-118.35799407958984,33.99701690673828
94938196,2025,2025-11-19,9550,2025-11-07,1835,024082,NA,5,2,4,1936,0,1,1,NA,2,501,INTERSTATE 5 NORTHBOUND (SANTA ANA FREEWAY),VALLEY VIEW AVENUE,200,S,N,A,-,Y,LA,NA,5,NA,NA,0.995,H,NA,R,N,4,0,1,2,A,-,03,22350,NA,N,C,C,A,A,H,-,C,A,0,NA,NA,NA,NA,Y,NA,A,01,0,0,1,0,0,0,0,0,0,-,-,33.882450103759766,-118.02581787109376,LOS ANGELES,LA MIRADA,-118.02578735351564,33.88249206542969
94938206,2025,2025-11-19,9530,2025-10-31,925,024609,NA,5,1,9,1900,0,3,5,NA,2,001,FIRESTONE BLVD.,BANDERA ST.,0,NA,Y,A,-,N,NA,NA,NA,NA,NA,NA,NA,NA,NA,N,4,0,1,2,A,-,09,21804,A,N,D,G,A,A,H,-,A,A,0,NA,Y,NA,NA,Y,NA,L,04,0,0,1,0,0,0,1,0,0,-,-,33.96004104614258,-118.23963928222656,LOS ANGELES,UNINCORPORATED,-118.23971557617188,33.96015167236328
9493821,2022,2022-09-27,1942,2022-09-07,1844,43822,1004,3,5,7,1942,0,0,0,J,0,26T57,SATICOY ST,RESEDA BL,0,NA,Y,A,-,N,NA,NA,NA,NA,NA,NA,NA,NA,NA,Y,4,0,3,2,A,-,05,21460,A,M,B,C,A,A,H,-,A,A,0,NA,NA,NA,NA,Y,NA,B,01,0,0,3,0,0,0,0,0,0,-,-,NA,NA,LOS ANGELES,LOS ANGELES,-118.53604888916016,34.208404541015625
94938230,2025,2025-11-19,9590,2025-10-27,1620,023455,NA,1,2,7,1942,0,1,1,NA,2,051,I-110 S/B (HARBOR FREEWAY),62ND ST,70,N,N,A,-,Y,LA,NA,110,NA,NA,17.598,H,NA,L,N,4,0,1,2,A,-,03,22350,NA,M,C,C,A,A,H,-,A,D,0,NA,NA,NA,NA,Y,NA,-,99,0,0,1,0,0,0,0,0,0,-,-,33.983558654785156,-118.28074645996094,LOS ANGELES,LOS ANGELES,-118.28064727783205,33.98355484008789
94938235,2025,2025-11-19,9550,2025-11-05,1030,022498,NA,3,1,5,1919,0,1,1,NA,2,652,I-605 NB,SR-91,1035,N,N,B,-,Y,LA,NA,605,NA,R,5.258,H,NA,R,N,3,0,1,3,A,-,07,21658,A,N,B,C,A,A,H,-,A,D,0,NA,NA,Y,NA,Y,NA,A,01,0,1,0,0,0,0,0,0,1,-,-,33.87934112548828,-118.1033172607422,LOS ANGELES,CERRITOS,-118.1033172607422,33.87934112548828
94938249,2025,2025-11-19,9550,2025-11-08,842,023920,NA,6,1,6,1920,0,1,1,NA,2,500,I-5 N/B,PARAMOUNT BOULEVARD,450,S,N,A,-,Y,LA,NA,5,NA,NA,8.867,H,NA,R,Y,3,0,1,2,A,-,03,22350,NA,N,C,C,A,A,H,-,A,D,0,NA,NA,NA,NA,Y,NA,A,01,0,1,0,0,0,0,0,0,0,-,-,33.96329116821289,-118.11904907226564,LOS ANGELES,DOWNEY,-118.11905670166016,33.96328353881836
94938332,2025,2025-11-19,9590,2025-11-10,1835,017878,NA,1,2,7,1942,0,1,1,NA,2,021,I-10 (SBF),STATE STREET,950,E,N,A,-,Y,LA,NA,10,NA,NA,18.71,H,NA,R,N,3,0,4,2,A,-,03,22350,NA,N,C,C,A,A,H,-,C,D,0,NA,NA,NA,NA,Y,NA,A,01,0,4,0,0,0,0,0,0,0,-,-,34.05411911010742,-118.20874786376952,LOS ANGELES,LOS ANGELES,-118.20882415771484,34.0539436340332
94938344,2025,2025-11-19,9550,2025-09-09,1939,022167,NA,2,2,6,1920,0,1,1,NA,2,500,I-5 N/B,PARAMOUNT BOULEVARD,400,S,N,A,-,Y,LA,NA,5,NA,NA,8.917,H,NA,R,N,4,0,1,2,A,-,03,22350,NA,F,C,C,A,A,H,-,A,D,0,NA,NA,NA,NA,Y,NA,-,99,0,0,1,0,0,0,0,0,0,-,-,33.963829040527344,-118.11961364746094,LOS ANGELES,DOWNEY,-118.11961364746094,33.963829040527344
94938367,2025,2025-11-19,9575,2025-11-08,1200,023016,NA,6,1,9,1900,0,1,3,NA,2,303,SR-2 (ANGELES CREST HIGHWAY),MILE POST MARKER 46.47,235,W,N,A,-,Y,LA,NA,2,NA,NA,46.414,H,NA,R,N,4,0,1,1,A,-,03,22350,NA,N,E,8,A,A,H,-,A,D,0,NA,NA,Y,NA,Y,NA,C,02,0,0,1,0,0,0,0,0,1,-,-,34.289730072021484,-117.99622344970705,LOS ANGELES,UNINCORPORATED,-117.99616241455078,34.28974151611328
94938496,2025,2025-11-20,9525,2025-11-18,2103,023815,NA,2,2,9,1900,0,3,5,NA,2,003,VALINDA AVE,MULVANE AVE,0,NA,Y,A,-,N,NA,NA,NA,NA,NA,NA,NA,NA,NA,Y,4,0,1,2,A,-,12,21453,A,N,D,C,A,A,H,-,C,A,0,NA,NA,NA,NA,Y,NA,A,01,0,0,1,0,0,0,0,0,0,-,-,34.03247833251953,-117.92668914794922,LOS ANGELES,UNINCORPORATED,-117.92662811279295,34.032474517822266
94938509,2025,2025-11-20,9590,2025-11-18,1734,019048,NA,2,2,7,1942,0,1,1,NA,2,085,I5 SB,LOS FELIZ,1056,N,N,A,-,Y,LA,NA,5,NA,NA,24.805,H,NA,L,N,4,0,1,3,A,-,03,22350,NA,N,C,C,A,A,H,-,D,D,0,NA,NA,NA,NA,Y,NA,A,08,0,0,1,0,0,0,0,0,0,-,-,34.12710952758789,-118.27368927001952,LOS ANGELES,LOS ANGELES,-118.27357482910156,34.127132415771484
9493851,2022,2022-10-07,1953,2022-09-02,2155,3134,3,5,5,6,1953,0,0,0,NA,0,003,ALLEN AV,CORSON ST,0,NA,Y,B,C,N,NA,NA,NA,NA,NA,NA,NA,NA,NA,Y,3,0,3,2,A,-,12,21453,A,N,D,C,A,B,H,-,C,A,0,NA,NA,NA,NA,Y,NA,A,07,0,1,2,0,0,0,0,0,0,-,-,NA,NA,LOS ANGELES,PASADENA,-118.11316680908205,34.151859283447266
9493852,2022,2022-09-28,1953,2022-09-15,1830,8505,PASAD,4,5,6,1953,0,0,0,NA,0,002,ORANGE GROVE BL,LOS ROBLES AV,0,NA,Y,A,-,N,NA,NA,NA,NA,NA,NA,NA,NA,NA,N,3,0,1,2,A,-,05,21202,A,N,H,G,A,A,H,-,A,A,0,NA,Y,NA,NA,Y,Y,L,04,0,1,0,0,0,0,1,0,0,-,-,NA,NA,LOS ANGELES,PASADENA,-118.14154052734376,34.15781784057617
9493853,2022,2022-09-28,1953,2022-09-16,1654,2037,1953,5,5,6,1953,0,0,0,NA,0,003,E COLORADO BL,MERIDITH AV,0,NA,Y,A,-,N,NA,NA,NA,NA,NA,NA,NA,NA,NA,N,4,0,1,2,A,-,12,21453,A,N,D,C,A,A,H,-,A,A,0,NA,NA,NA,NA,Y,NA,A,01,0,0,1,0,0,0,0,0,0,-,-,NA,NA,LOS ANGELES,PASADENA,-118.11444854736328,34.1460075378418
9493854,2022,2022-09-28,1953,2022-09-15,1633,7868,PASAD,4,5,6,1953,0,0,0,NA,0,001,RAYMOND AV,MOUNTAIN ST,700,N,N,A,-,N,NA,NA,NA,NA,NA,NA,NA,NA,NA,N,3,0,1,2,A,-,08,22107,NA,N,B,G,A,A,H,-,A,-,0,NA,Y,NA,NA,Y,NA,L,04,0,1,0,0,0,0,1,0,0,-,-,NA,NA,LOS ANGELES,PASADENA,-118.14907073974608,34.16339111328125
9493855,2022,2022-09-28,1953,2022-09-08,1458,8091,1953,4,5,6,1953,0,0,0,NA,0,001,FAIR OAKS ALY,MOUNTAIN ST,0,NA,Y,A,-,N,NA,NA,NA,NA,NA,NA,NA,NA,NA,Y,3,0,2,2,A,-,12,21453,A,N,D,C,A,A,H,-,A,A,0,NA,NA,NA,NA,Y,NA,A,01,0,1,1,0,0,0,0,0,0,-,-,NA,NA,LOS ANGELES,PASADENA,-118.1506118774414,34.161460876464844
9493856,2022,2022-09-28,1953,2022-09-08,0920,3775,1953,4,5,6,1953,0,0,0,NA,0,004,ARROYO PKWY,CALIFORNIA BL,0,NA,Y,A,-,N,NA,NA,NA,NA,NA,NA,NA,NA,NA,Y,3,0,2,3,A,-,09,21801,A,N,D,C,A,A,H,-,A,A,0,NA,NA,NA,NA,Y,NA,A,07,0,1,1,0,0,0,0,0,0,-,-,NA,NA,LOS ANGELES,PASADENA,-118.14728546142578,34.13580322265625
9493857,2022,2022-09-27,1953,2022-09-13,0730,5478,1953,2,5,6,1953,0,0,0,NA,0,003,COLORADO BL,HOLLISTON AV,0,NA,Y,A,-,N,NA,NA,NA,NA,NA,NA,NA,NA,NA,Y,3,0,1,2,A,-,08,22107,NA,N,A,C,A,A,H,-,A,D,0,NA,NA,Y,NA,Y,NA,A,07,0,1,0,0,0,0,0,0,1,-,-,NA,NA,LOS ANGELES,PASADENA,-118.12287139892578,34.145965576171875
9493858,2022,2022-09-27,1953,2022-09-08,2047,8585,PASAD,4,5,6,1953,0,0,0,NA,0,001,LOS ROBLES AV,LADERA ST,172,S,N,A,-,Y,NA,NA,NA,NA,NA,NA,NA,NA,NA,N,4,0,1,2,A,-,03,22350,NA,N,C,C,A,A,H,-,C,D,0,NA,NA,NA,NA,Y,NA,A,01,0,0,1,0,0,0,0,0,0,-,-,NA,NA,LOS ANGELES,PASADENA,-118.14163208007813,34.17072677612305
9493859,2022,2022-09-27,1953,2022-09-14,1249,5339,PASAD,3,5,6,1953,0,0,0,NA,0,004,PASADENA AV,DEL MAR BL,0,NA,Y,A,-,N,NA,NA,NA,NA,NA,NA,NA,NA,NA,N,4,0,1,2,A,-,04,21703,NA,N,C,C,A,A,H,-,A,A,0,NA,NA,NA,NA,Y,NA,A,01,0,0,1,0,0,0,0,0,0,-,-,NA,NA,LOS ANGELES,PASADENA,-118.15412139892578,34.140743255615234
9493860,2022,2022-09-28,1942,2022-09-11,0300,38357,0111,7,5,7,1942,0,0,0,A,0,24TL29,BROADWAY,ORD ST,0,NA,Y,A,D,N,NA,NA,NA,NA,NA,NA,NA,NA,NA,N,4,0,1,2,A,-,00,20015,NA,F,G,B,B,A,-,-,C,D,0,Y,NA,NA,NA,Y,NA,-,-,0,0,1,0,1,0,0,0,0,-,-,NA,NA,LOS ANGELES,LOS ANGELES,-118.23933410644533,34.06034851074219