CASE_ID,ACCIDENT_YEAR,PROC_DATE,JURIS,COLLISION_DATE,COLLISION_TIME,OFFICER_ID,REPORTING_DISTRICT,DAY_OF_WEEK,CHP_SHIFT,POPULATION,CNTY_CITY_LOC,SPECIAL_COND,BEAT_TYPE,CHP_BEAT_TYPE,CITY_DIVISION_LAPD,CHP_BEAT_CLASS,BEAT_NUMBER,PRIMARY_RD,SECONDARY_RD,DISTANCE,DIRECTION,INTERSECTION,WEATHER_1,WEATHER_2,STATE_HWY_IND,CALTRANS_COUNTY,CALTRANS_DISTRICT,STATE_ROUTE,ROUTE_SUFFIX,POSTMILE_PREFIX,POSTMILE,LOCATION_TYPE,RAMP_INTERSECTION,SIDE_OF_HWY,TOW_AWAY,COLLISION_SEVERITY,NUMBER_KILLED,NUMBER_INJURED,PARTY_COUNT,PRIMARY_COLL_FACTOR,PCF_CODE_OF_VIOL,PCF_VIOL_CATEGORY,PCF_VIOLATION,PCF_VIOL_SUBSECTION,HIT_AND_RUN,TYPE_OF_COLLISION,MVIW,PED_ACTION,ROAD_SURFACE,ROAD_COND_1,ROAD_COND_2,LIGHTING,CONTROL_DEVICE,CHP_ROAD_TYPE,PEDESTRIAN_ACCIDENT,BICYCLE_ACCIDENT,MOTORCYCLE_ACCIDENT,TRUCK_ACCIDENT,NOT_PRIVATE_PROPERTY,ALCOHOL_INVOLVED,STWD_VEHTYPE_AT_FAULT,CHP_VEHTYPE_AT_FAULT,COUNT_SEVERE_INJ,COUNT_VISIBLE_INJ,COUNT_COMPLAINT_PAIN,COUNT_PED_KILLED,COUNT_PED_INJURED,COUNT_BICYCLIST_KILLED,COUNT_BICYCLIST_INJURED,COUNT_MC_KILLED,COUNT_MC_INJURED,PRIMARY_RAMP,SECONDARY_RAMP,LATITUDE,LONGITUDE,COUNTY,CITY,POINT_X,POINT_Y
9493861,2022,2022-09-28,1942,2022-09-10,2020,40289,0127,6,5,7,1942,0,0,0,A,0,24TL55,LOS ANGELES ST,TEMPLE ST,135,N,N,A,-,N,NA,NA,NA,NA,NA,NA,NA,NA,NA,N,3,0,3,2,A,-,08,22107,NA,N,B,C,A,A,H,-,C,D,0,NA,NA,NA,NA,Y,NA,A,01,0,1,2,0,0,0,0,0,0,-,-,NA,NA,LOS ANGELES,LOS ANGELES,-118.24063110351564,34.053714752197266
9493862,2022,2022-09-28,1942,2022-09-09,1850,34350,0132,5,5,7,1942,0,0,0,A,0,24T34,2ND ST,OLIVE ST,0,NA,Y,B,-,N,NA,NA,NA,NA,NA,NA,NA,NA,NA,Y,2,0,2,3,A,-,08,22107,NA,N,D,C,A,A,H,-,A,A,0,NA,NA,NA,NA,Y,NA,A,07,1,1,0,0,0,0,0,0,0,-,-,NA,NA,LOS ANGELES,LOS ANGELES,-118.2488250732422,34.053829193115234
9493863,2022,2022-09-28,1942,2022-09-07,2100,44510,0152,3,5,7,1942,0,0,0,A,0,1X44,7TH ST,FLOWER ST,0,NA,Y,A,-,N,NA,NA,NA,NA,NA,NA,NA,NA,NA,Y,2,0,1,2,-,-,-,NA,A,N,D,C,A,A,H,-,C,A,0,NA,NA,Y,NA,Y,NA,A,01,1,0,0,0,0,0,0,0,1,-,-,NA,NA,LOS ANGELES,LOS ANGELES,-118.25878143310548,34.04869079589844
9493864,2022,2022-09-28,1942,2022-09-13,1730,38942,0138,2,5,7,1942,0,0,0,A,0,24MQ39,EAST 4TH ST,CENTRAL AV,145,W,N,A,-,N,NA,NA,NA,NA,NA,NA,NA,NA,NA,N,4,0,1,2,A,-,11,21954,A,M,G,B,D,A,H,-,A,D,0,Y,NA,NA,NA,Y,NA,N,60,0,0,1,0,1,0,0,0,0,-,-,NA,NA,LOS ANGELES,LOS ANGELES,-118.24009704589844,34.04403305053711
9493865,2022,2022-09-28,1942,2022-09-13,1935,40730,0152,2,5,7,1942,0,0,0,A,0,24T33,OLIVE ST,6TH ST,0,NA,Y,A,-,N,NA,NA,NA,NA,NA,NA,NA,NA,NA,N,3,0,1,2,A,-,12,21453,A,F,D,G,A,A,H,-,C,A,0,NA,Y,NA,NA,Y,NA,-,99,0,1,0,0,0,0,1,0,0,-,-,NA,NA,LOS ANGELES,LOS ANGELES,-118.2541961669922,34.04804229736328
9493866,2022,2022-10-17,1920,2022-09-06,1440,13965,NA,2,5,6,1920,0,0,0,NA,0,001,LAKEWOOD BL,APOLLO WY,0,NA,Y,A,-,N,NA,NA,NA,NA,NA,NA,NA,NA,NA,Y,3,0,2,4,A,-,03,22350,NA,M,C,C,A,A,H,-,A,A,0,NA,NA,NA,NA,Y,NA,A,01,0,1,1,0,0,0,0,0,0,-,-,NA,NA,LOS ANGELES,DOWNEY,-118.13355255126952,33.92249298095703
94939031,2025,2025-11-20,9575,2025-11-14,1220,023072,NA,5,1,7,1942,0,1,3,NA,2,070,SR-118 E/B (RONALD REAGAN FREEWAY),SAN FERNANDO ROAD,221,E,N,C,-,Y,LA,NA,118,NA,R,12.45,H,NA,R,N,4,0,1,2,A,-,08,22107,NA,M,B,2,A,B,H,-,A,D,0,NA,NA,NA,NA,Y,NA,-,99,0,0,1,0,0,0,0,0,0,-,-,34.272789001464844,-118.42812347412108,LOS ANGELES,LOS ANGELES,-118.42815399169922,34.27281951904297
94939033,2025,2025-11-20,9575,2025-11-15,435,021712,NA,6,3,6,1953,0,1,1,NA,2,064,I-210 W/B (FOOTHILL FREEWAY),N ALTADENA DR,38,W,N,B,-,Y,LA,NA,210,NA,R,28.252,H,NA,L,N,3,0,1,1,A,-,03,22350,NA,N,E,I,A,B,H,-,D,D,0,NA,NA,NA,NA,Y,NA,A,01,0,1,0,0,0,0,0,0,0,-,-,34.15262985229492,-118.09883880615234,LOS ANGELES,PASADENA,-118.09883880615234,34.15269470214844
94939034,2025,2025-11-20,9575,2025-11-15,650,021970,NA,6,1,6,1925,0,1,1,NA,2,062,I-210 W/B (FOOTHILL FREEWAY),LOWELL AVE.,50,E,N,B,C,Y,LA,NA,210,NA,R,15.658,H,NA,L,N,4,0,1,1,A,-,03,22350,NA,N,E,I,A,B,H,-,B,D,0,NA,NA,NA,NA,Y,NA,A,01,0,0,1,0,0,0,0,0,0,-,-,34.231109619140625,-118.26583862304688,LOS ANGELES,GLENDALE,-118.26580810546876,34.23121643066406
94939035,2025,2025-11-20,9565,2025-11-16,625,023903,NA,7,1,7,1942,0,1,1,NA,2,062,I-405 N/B,EXPOSITION BLVD,859,S,N,B,C,Y,LA,NA,405,NA,NA,29.669,H,NA,R,N,2,0,1,1,A,-,08,22107,NA,N,E,I,A,D,A,-,A,D,0,NA,NA,NA,NA,Y,NA,A,01,1,0,0,0,0,0,0,0,0,-,-,34.03287124633789,-118.43502807617188,LOS ANGELES,LOS ANGELES,-118.43513488769533,34.03276443481445
94939047,2025,2025-11-20,9590,2025-11-18,1800,023642,NA,2,2,7,1942,0,1,1,NA,2,051,I-110 S/B (HARBOR FREEWAY),54TH ST,95,S,N,A,-,Y,LA,NA,110,NA,NA,18.269,H,NA,L,N,4,0,2,3,A,-,03,22350,NA,N,C,C,A,A,H,-,C,D,0,NA,NA,NA,NA,Y,NA,D,22,0,0,2,0,0,0,0,0,0,-,-,33.99296951293945,-118.28079223632813,LOS ANGELES,LOS ANGELES,-118.2805633544922,33.99296569824219
94939049,2025,2025-11-20,9565,2025-11-15,540,024745,NA,6,3,7,1942,0,1,1,NA,2,061,I-405 N/B,LA TIJERA BLVD.,500,N,N,B,C,Y,LA,NA,405,NA,NA,24.342,H,NA,R,N,3,0,2,3,A,-,08,22107,NA,F,E,I,A,B,H,-,D,D,0,NA,NA,NA,NA,Y,NA,-,99,0,2,0,0,0,0,0,0,0,-,-,33.97254943847656,-118.37883758544922,LOS ANGELES,LOS ANGELES,-118.37892150878906,33.972450256347656
9493906,2022,2022-10-11,1953,2022-09-21,1927,7141,1953,3,5,6,1953,0,0,0,NA,0,001,HAMMOND ST,FAIR OAKS AV,133,W,N,A,-,N,NA,NA,NA,NA,NA,NA,NA,NA,NA,N,4,0,1,2,A,-,09,21801,A,N,D,C,A,A,H,-,C,D,0,NA,NA,NA,NA,Y,NA,D,22,0,0,1,0,0,0,0,0,0,-,-,NA,NA,LOS ANGELES,PASADENA,-118.15108489990234,34.165138244628906
9493910,2022,2022-10-19,1953,2022-09-20,0838,7449,1953,2,5,6,1953,0,0,0,NA,0,001,HOLLY ST,ARROYO DR,100,E,N,A,-,N,NA,NA,NA,NA,NA,NA,NA,NA,NA,N,4,0,1,2,A,-,03,22350,NA,N,C,C,A,A,H,-,A,A,0,NA,NA,NA,Y,Y,NA,A,01,0,0,1,0,0,0,0,0,0,-,-,NA,NA,LOS ANGELES,PASADENA,-118.16290283203124,34.14695739746094
94939120,2025,2025-11-20,9565,2025-08-07,1430,024379,NA,4,2,7,1942,0,1,1,NA,2,063,I-405 S/B,WILSHIRE BLVD,200,N,N,A,-,Y,LA,NA,405,NA,NA,31.943,H,NA,L,Y,3,0,2,4,A,-,03,22350,NA,N,C,C,A,A,H,-,A,D,0,NA,NA,NA,NA,Y,NA,A,07,0,1,1,0,0,0,0,0,0,-,-,34.06039810180664,-118.45597839355467,LOS ANGELES,LOS ANGELES,-118.45600128173828,34.060386657714844
94939121,2025,2025-11-20,9545,2025-11-05,1145,019816,NA,3,1,9,1900,0,3,5,NA,2,001,AVENUE F,80TH ST WEST,1056,E,N,A,-,N,NA,NA,NA,NA,NA,NA,NA,NA,NA,N,3,0,2,2,A,-,08,22107,NA,N,D,C,A,A,H,-,A,D,0,NA,NA,NA,Y,Y,NA,F,27,0,2,0,0,0,0,0,0,0,-,-,34.74747085571289,-118.26790618896484,LOS ANGELES,UNINCORPORATED,-118.2688446044922,34.74742889404297
94939137,2025,2025-11-20,9540,2025-11-14,1105,022182,NA,5,1,9,1900,0,1,1,NA,2,512,I-5 N/B,SR-138,500,N,N,B,C,Y,LA,NA,5,NA,R,82.197,H,NA,R,Y,4,0,1,1,A,-,08,22107,NA,N,E,I,A,B,H,-,A,D,0,NA,NA,NA,NA,Y,NA,A,01,0,0,1,0,0,0,0,0,0,-,-,34.767791748046875,-118.80066680908205,LOS ANGELES,UNINCORPORATED,-118.8004913330078,34.76787567138672
94939138,2025,2025-11-20,9580,2025-11-06,1445,022663,NA,4,2,7,1942,0,1,3,NA,1,271,SR-27 (TOPANGA CYN. BLVD.),INGRAM RANCH DR,1056,S,N,A,-,Y,LA,NA,27,NA,NA,9.418,H,NA,R,Y,4,0,4,3,A,-,08,22107,NA,N,B,2,A,A,H,-,A,D,0,NA,NA,NA,NA,Y,NA,A,01,0,0,4,0,0,0,0,0,0,-,-,34.141780853271484,-118.60382080078124,LOS ANGELES,LOS ANGELES,-118.60382080078124,34.14179611206055
94939153,2025,2025-11-20,9580,2025-11-10,2010,022572,NA,1,2,7,1942,0,1,1,NA,2,404,I-405 N/B (SAN DIEGO FWY),VENTURA BLVD,5280,S,N,A,-,Y,LA,NA,405,NA,NA,38.203,H,NA,R,N,4,0,1,3,A,-,03,22350,NA,M,C,C,A,A,H,-,C,D,0,NA,NA,NA,NA,Y,NA,-,99,0,0,1,0,0,0,0,0,0,-,-,34.14287185668945,-118.47129058837892,LOS ANGELES,LOS ANGELES,-118.47124481201172,34.14286804199219
94939154,2025,2025-11-20,9580,2025-11-12,655,024822,NA,3,1,7,1942,0,1,2,NA,2,101,US-101 S/B (HOLLYWOOD FREEWAY),SR-134 E/B (VENTURA FREEWAY),150,S,N,A,-,Y,LA,NA,101,NA,NA,11.634,H,NA,L,Y,3,0,2,2,A,-,07,21658,A,N,B,C,A,A,H,-,A,D,0,NA,NA,NA,NA,Y,Y,A,01,0,2,0,0,0,0,0,0,0,-,-,34.15248107910156,-118.37608337402344,LOS ANGELES,LOS ANGELES,-118.37623596191406,34.15235137939453
94939166,2025,2025-11-20,9580,2025-11-14,1410,022572,NA,5,2,7,1942,0,1,2,NA,2,110,US-101 N/B (VENTURA FREEWAY),LINDERO CANYON RD,50,N,N,C,-,Y,LA,NA,101,NA,NA,37.556,H,NA,R,N,4,0,2,2,A,-,03,22350,NA,N,C,C,A,B,H,-,A,D,0,NA,NA,NA,Y,Y,NA,A,01,0,0,2,0,0,0,0,0,0,-,-,34.149330139160156,-118.80436706542967,LOS ANGELES,LOS ANGELES,-118.80438995361328,34.14928436279297
94939199,2025,2025-11-20,9550,2025-10-29,1519,024799,NA,3,2,9,1900,0,1,3,NA,2,600,SR-60 WB,HACIENDA BLVD.,2855,W,N,A,-,Y,LA,NA,60,NA,NA,15.398,H,NA,L,Y,4,0,1,3,A,-,03,22350,NA,M,C,C,A,A,H,-,A,D,0,NA,NA,NA,NA,Y,NA,A,07,0,0,1,0,0,0,0,0,0,-,-,34.009830474853516,-117.97328948974608,LOS ANGELES,UNINCORPORATED,-117.97332763671876,34.00975036621094
9493920,2022,2022-10-11,1972,2022-09-12,1633,21239,NA,1,5,6,1972,0,0,0,NA,0,NA,TORRANCE BL,HENRIETTA ST,25,W,N,A,-,N,NA,NA,NA,NA,NA,NA,NA,NA,NA,N,4,0,1,2,A,-,03,22350,NA,N,C,C,A,A,H,-,A,A,0,NA,NA,NA,NA,Y,NA,A,NA,0,0,1,0,0,0,0,0,0,-,-,NA,NA,LOS ANGELES,TORRANCE,-118.37118530273438,33.83757400512695
94939209,2025,2025-11-20,9580,2025-10-31,1955,024781,NA,5,2,7,1942,0,1,2,NA,2,102,US-101 N/B FROM VAN NUYS BLVD,VAN NUYS BLVD,30,N,N,A,-,Y,NA,NA,NA,NA,NA,NA,NA,NA,NA,N,4,0,6,2,A,-,08,22107,NA,M,B,C,A,A,H,-,D,D,0,NA,NA,NA,NA,Y,Y,-,99,0,0,6,0,0,0,0,0,0,-,-,34.15631103515625,-118.44860076904295,LOS ANGELES,LOS ANGELES,-118.44878387451172,34.157108306884766
94939211,2025,2025-11-20,9580,2025-11-11,1640,024676,NA,2,2,9,1900,0,1,2,NA,2,101,US-101 S/B (VENTURA FREEWAY),COLDWATER CANYON AVE,850,N,N,A,-,Y,LA,NA,101,NA,NA,14.057,H,NA,L,N,4,0,1,3,A,-,03,22350,NA,N,C,C,A,A,H,-,D,D,0,NA,NA,NA,NA,Y,NA,A,01,0,0,1,0,0,0,0,0,0,-,-,34.15666961669922,-118.41680908203124,LOS ANGELES,UNINCORPORATED,-118.41680908203124,34.156654357910156
94939212,2025,2025-11-20,9580,2025-11-14,1807,024781,NA,5,2,7,1942,0,1,3,NA,2,117,SR-118 W/B (RONALD REAGAN FWY.),BALBOA BLVD,792,E,N,B,C,Y,LA,NA,118,NA,R,8.208,H,NA,L,Y,4,0,1,2,A,-,03,22350,NA,N,A,I,A,B,H,-,D,D,0,NA,NA,NA,NA,Y,NA,A,07,0,0,1,0,0,0,0,0,0,-,-,34.27643966674805,-118.49535369873048,LOS ANGELES,LOS ANGELES,-118.49541473388672,34.276371002197266
94939226,2025,2025-11-20,9565,2025-11-14,1200,024745,NA,5,1,4,1918,0,1,3,NA,2,070,SR-90 W/B,SLAUSON AVE.,30,W,N,B,-,Y,LA,NA,90,NA,T,3.242,H,NA,L,Y,3,0,2,2,A,-,03,22350,NA,N,D,C,A,B,H,-,A,D,0,NA,NA,NA,NA,Y,NA,A,01,0,2,0,0,0,0,0,0,0,-,-,33.98849105834961,-118.38973999023438,LOS ANGELES,CULVER CITY,-118.38973236083984,33.988487243652344
94939238,2025,2025-11-20,9540,2025-11-12,2155,021447,NA,3,2,9,1900,0,3,5,NA,2,200,SAND CANYON RD (25900 BLOCK),PLACERITA CANYON RD,7920,E,N,A,-,N,NA,NA,NA,NA,NA,NA,NA,NA,NA,Y,2,0,1,1,A,-,08,22107,NA,N,H,I,A,A,H,-,D,D,0,NA,NA,NA,NA,Y,NA,A,01,1,0,0,0,0,0,0,0,0,-,-,34.37348175048828,-118.39958953857422,LOS ANGELES,UNINCORPORATED,-118.3979949951172,34.37058639526367
9493924,2022,2022-09-27,1953,2022-09-12,1925,3134,1,1,5,6,1953,0,0,0,NA,0,001,WEST DR,SECO ST,928,N,N,A,-,N,NA,NA,NA,NA,NA,NA,NA,NA,NA,N,3,0,1,2,A,-,09,21801,NA,N,D,G,A,A,H,-,C,D,0,NA,Y,NA,NA,Y,NA,A,07,0,1,0,0,0,0,1,0,0,-,-,NA,NA,LOS ANGELES,PASADENA,-118.17035675048828,34.15802764892578
94939253,2025,2025-11-20,9580,2025-11-18,1644,022663,NA,2,2,7,1942,0,1,3,NA,2,117,SR-118 W/B (RONALD REAGAN FWY.),BALBOA BLVD,1954,E,N,A,-,Y,LA,NA,118,NA,R,8.189,H,NA,L,Y,4,0,2,3,A,-,03,22350,NA,N,C,C,A,A,H,-,B,D,0,NA,NA,NA,NA,Y,NA,A,01,0,0,2,0,0,0,0,0,0,-,-,34.27656173706055,-118.49566650390624,LOS ANGELES,LOS ANGELES,-118.49569702148438,34.276527404785156
94939259,2025,2025-11-20,9530,2025-11-06,150,023652,NA,4,3,7,1941,0,1,1,NA,2,072,I-710 N/B (LONG BEACH FREEWAY),PACIFIC COAST HWY.,175,N,N,A,-,Y,LA,NA,710,NA,NA,6.923,H,NA,R,N,2,0,1,2,A,-,00,21960,A,F,G,B,E,A,D,-,C,D,0,Y,NA,NA,NA,Y,NA,N,60,1,0,0,0,1,0,0,0,0,-,-,33.790531158447266,-118.20768737792967,LOS ANGELES,LONG BEACH,-118.207763671875,33.79053497314453
94939272,2025,2025-11-20,9530,2025-11-07,703,021310,NA,5,1,9,1900,1,3,5,NA,2,001,ANZAC AVE (BLOCK #9200),92ND ST.,55,S,N,B,-,N,NA,NA,NA,NA,NA,NA,NA,NA,NA,N,4,0,1,3,A,-,03,22350,NA,N,B,C,E,A,H,-,A,D,0,Y,NA,NA,NA,Y,NA,H,13,0,0,1,0,1,0,0,0,0,-,-,33.95302963256836,-118.23741149902344,LOS ANGELES,UNINCORPORATED,-118.23743438720705,33.953128814697266
94939292,2025,2025-11-20,9540,2025-11-15,735,022182,NA,6,1,6,1985,0,1,1,NA,2,506,I-5 N/B,VALENCIA BOULEVARD,2112,S,N,B,C,Y,LA,NA,5,NA,R,52.043,H,NA,R,Y,3,0,1,1,A,-,03,22350,NA,N,E,I,A,B,H,-,A,D,0,NA,NA,NA,NA,Y,NA,A,07,0,1,0,0,0,0,0,0,0,-,-,34.40256118774414,-118.57367706298828,LOS ANGELES,SANTA CLARITA,-118.5736083984375,34.402584075927734
94939313,2025,2025-11-20,9530,2025-10-03,40,024609,NA,5,3,7,1942,0,1,1,NA,2,200,I-105 E/B (GLENN ANDERSON FWY),CENTRAL AVE.,3010,W,N,A,-,Y,LA,NA,105,NA,R,8.326,H,NA,R,Y,4,0,1,2,A,-,08,22107,NA,M,E,I,A,A,H,-,C,D,0,NA,NA,NA,NA,Y,NA,A,01,0,0,1,0,0,0,0,0,0,-,-,33.92729949951172,-118.26439666748048,LOS ANGELES,LOS ANGELES,-118.26439666748048,33.92730712890625
94939333,2025,2025-11-20,9530,2025-11-10,1759,024138,NA,1,2,7,1942,0,1,1,NA,2,071,I-710 N/B (LONG BEACH FREEWAY),ARTESIA BLVD.,1320,S,N,A,-,Y,LA,NA,710,NA,NA,12.642,H,NA,R,N,4,0,1,2,A,-,03,22350,NA,N,C,C,A,A,H,-,C,D,0,NA,NA,NA,NA,Y,NA,D,22,0,0,1,0,0,0,0,0,0,-,-,33.87078857421875,-118.19441223144533,LOS ANGELES,LOS ANGELES,-118.19434356689452,33.87077331542969
94939336,2025,2025-11-20,9530,2025-11-08,1120,024337,NA,6,1,5,1943,0,1,1,NA,2,200,I-105 W/B (GLENN ANDERSON FWY),LONG BEACH BLVD.,1500,E,N,A,-,Y,LA,NA,105,NA,R,12.199,H,NA,L,N,4,0,2,2,A,-,03,22350,NA,N,C,C,A,A,H,-,A,D,0,NA,NA,NA,NA,Y,NA,A,01,0,0,2,0,0,0,0,0,0,-,-,33.92074966430664,-118.2000732421875,LOS ANGELES,LYNWOOD,-118.20008087158205,33.92073059082031
94939398,2025,2025-11-20,9565,2025-11-13,1005,023745,NA,4,1,7,1942,0,1,1,NA,2,064,I-405 S/B,SUNSET BLVD,25,N,N,A,-,Y,LA,NA,405,NA,NA,33.203,H,NA,L,Y,3,0,2,3,A,-,03,22350,NA,N,C,C,A,D,H,-,A,D,0,NA,NA,NA,NA,Y,NA,A,08,0,2,0,0,0,0,0,0,0,-,-,34.07522964477539,-118.46875,LOS ANGELES,LOS ANGELES,-118.46865844726564,34.07527542114258
94939404,2025,2025-11-20,9525,2025-11-11,504,022770,NA,2,3,5,1990,0,1,3,NA,2,603,SR-60 W/B (POMONA FWY),GRAND AVENUE,1478,E,N,A,-,Y,LA,NA,60,NA,R,24.739,H,NA,L,N,3,0,1,1,C,-,18,NA,NA,N,E,J,A,A,H,-,D,D,0,NA,NA,Y,NA,Y,NA,-,-,0,1,0,0,0,0,0,0,1,-,-,34.0135612487793,-117.82028198242188,LOS ANGELES,DIAMOND BAR,-117.82019805908205,34.01350784301758
9493941,2022,2022-09-28,1942,2022-09-07,1845,41396,1012,3,5,7,1942,0,0,0,J,0,26T57W,SHERMAN WY,RESEDA BL,19,W,N,A,-,N,NA,NA,NA,NA,NA,NA,NA,NA,NA,Y,3,0,2,2,-,-,-,NA,B,N,A,C,A,A,H,-,A,A,0,NA,NA,NA,NA,Y,NA,A,01,0,1,1,0,0,0,0,0,0,-,-,NA,NA,LOS ANGELES,LOS ANGELES,-118.53610229492188,34.201080322265625
94939413,2025,2025-11-20,9590,2025-11-17,810,019134,NA,1,1,7,1942,0,1,1,NA,2,085,I-5 S/B (GOLDEN STATE FREEWAY),LOS FELIZ BOULEVARD,445,S,N,B,C,Y,LA,NA,5,NA,NA,24.123,H,NA,L,N,4,0,1,4,A,-,03,22350,NA,F,C,C,A,B,H,-,A,D,0,NA,NA,NA,NA,Y,NA,A,01,0,0,1,0,0,0,0,0,0,-,-,34.11766815185547,-118.2698211669922,LOS ANGELES,LOS ANGELES,-118.26981353759766,34.117671966552734
9493942,2022,2022-09-28,1942,2022-09-08,2355,39476,1043,4,5,7,1942,0,0,0,J,0,26T34W,RESEDA BL,COLLINS ST,119,S,N,A,-,N,NA,NA,NA,NA,NA,NA,NA,NA,NA,Y,4,0,1,3,A,-,01,23152,A,N,C,C,A,A,H,-,C,D,0,NA,NA,NA,NA,Y,NA,A,01,0,0,1,0,0,0,0,0,0,-,-,NA,NA,LOS ANGELES,LOS ANGELES,-118.5360107421875,34.1741943359375
9493943,2022,2022-10-14,1942,2022-09-10,1550,43596,1602,6,5,7,1942,0,0,0,P,0,16A35,VAN NUYS BL,N. BROMONT AVE,0,NA,N,A,-,N,NA,NA,NA,NA,NA,NA,NA,NA,NA,Y,3,0,1,2,A,-,01,23153,A,N,D,C,A,A,H,-,A,D,0,NA,NA,NA,NA,Y,Y,A,01,0,1,0,0,0,0,0,0,0,-,-,NA,NA,LOS ANGELES,LOS ANGELES,-118.4034423828125,34.27971267700195
94939437,2025,2025-11-20,9590,2025-11-08,1110,024492,NA,6,1,7,1942,0,1,1,NA,2,080,I-5 N/B (GOLDEN STATE FREEWAY),BROADWAY,380,S,N,A,-,Y,LA,NA,5,NA,NA,19.645,H,NA,R,N,4,0,2,3,A,-,03,22350,NA,N,C,C,A,A,H,-,A,D,0,NA,NA,NA,NA,Y,NA,A,01,0,0,2,0,0,0,0,0,0,-,-,34.071929931640625,-118.21881866455078,LOS ANGELES,LOS ANGELES,-118.21875762939452,34.07195281982422
9493944,2022,2022-09-28,1942,2022-09-02,2015,38669,1799,5,5,7,1942,0,0,0,Q,0,19A75,ROSCOE BL,HASKELL AV,0,NA,Y,A,-,N,NA,NA,NA,NA,NA,NA,NA,NA,NA,N,3,0,1,2,A,-,08,22107,NA,F,D,G,A,A,H,-,C,A,0,NA,Y,NA,NA,Y,NA,-,99,0,1,0,0,0,0,1,0,0,-,-,NA,NA,LOS ANGELES,LOS ANGELES,-118.47645568847656,34.22134780883789
9493945,2022,2022-10-18,1942,2022-09-12,0005,38833,2175,1,5,7,1942,0,0,0,NA,0,21A73W,BURBANK BL,FALLBROOK AV,22,E,N,A,-,N,NA,NA,NA,NA,NA,NA,NA,NA,NA,Y,3,0,1,2,A,-,05,21650,NA,F,D,C,A,A,H,-,C,A,0,NA,NA,NA,NA,Y,NA,A,07,0,1,0,0,0,0,0,0,0,-,-,NA,NA,LOS ANGELES,LOS ANGELES,-118.62326049804688,34.171966552734375
94939453,2025,2025-11-20,9565,2025-11-13,850,024496,NA,4,1,9,1900,0,3,5,NA,2,002,97TH ST,NORMANDIE AVE,360,E,N,B,-,N,NA,NA,NA,NA,NA,NA,NA,NA,NA,N,4,0,1,2,A,-,21,22106,NA,F,H,C,A,A,H,-,A,D,0,NA,NA,NA,NA,Y,NA,-,99,0,0,1,0,0,0,0,0,0,-,-,33.94776153564453,-118.29901885986328,LOS ANGELES,UNINCORPORATED,-118.2990951538086,33.9477424621582
94939459,2025,2025-11-20,9540,2025-11-15,710,023260,NA,6,1,9,1900,0,1,1,NA,2,509,I-5 S/B,LAKE HUGHES RD,12144,N,N,B,C,Y,LA,NA,5,NA,R,61.852,H,NA,L,Y,4,0,1,1,A,-,03,22350,NA,N,E,8,A,A,H,-,A,D,0,NA,NA,NA,NA,Y,NA,A,07,0,0,1,0,0,0,0,0,0,-,-,34.525718688964844,-118.64256286621094,LOS ANGELES,UNINCORPORATED,-118.64263153076172,34.525691986083984
9493946,2022,2022-09-28,1942,2022-09-09,2145,45015,2125,5,5,7,1942,0,0,0,NA,0,21A2,SATICOY,CANOGA,0,NA,Y,C,-,N,NA,NA,NA,NA,NA,NA,NA,NA,NA,Y,4,0,1,3,A,-,03,22350,NA,F,C,C,A,B,H,-,C,A,0,NA,NA,NA,NA,Y,NA,A,01,0,0,1,0,0,0,0,0,0,-,WO,NA,NA,LOS ANGELES,LOS ANGELES,-118.59751129150392,34.208316802978516
94939461,2025,2025-11-20,9545,2025-11-10,1945,024654,NA,1,2,9,1900,0,1,3,NA,2,021,SR-14 N/B,BARREL SPRINGS RD,1056,S,N,A,-,Y,LA,NA,14,NA,R,56.298,H,NA,R,N,4,0,1,2,D,-,00,NA,NA,N,D,C,A,A,H,-,D,D,0,NA,NA,NA,NA,Y,NA,-,-,0,0,1,0,0,0,0,0,0,-,-,34.53477096557617,-118.11733245849608,LOS ANGELES,UNINCORPORATED,-118.11732482910156,34.53477478027344
94939462,2025,2025-11-20,9530,2025-11-06,800,023799,NA,4,1,7,1941,0,1,1,NA,2,420,I-405 S/B (SAN DIEGO FREEWAY),SANTA FE,125,S,N,A,-,Y,LA,NA,405,NA,NA,8.048,H,NA,L,N,3,0,1,2,A,-,03,22350,NA,N,B,C,A,A,H,-,A,D,0,NA,NA,Y,NA,Y,NA,C,02,0,1,0,0,0,0,0,0,1,-,-,33.82535934448242,-118.2151336669922,LOS ANGELES,LONG BEACH,-118.21514129638672,33.82538986206055
9493948,2022,2022-09-28,1942,2022-09-11,2100,44618,DEVON,7,5,7,1942,0,0,0,NA,0,1781,NORDHOFF ST,DE SOTO AV,6,N,N,B,-,N,NA,NA,NA,NA,NA,NA,NA,NA,NA,Y,3,0,1,2,A,-,03,22350,NA,F,C,C,A,A,H,-,C,D,0,NA,NA,NA,NA,Y,NA,A,01,0,1,0,0,0,0,0,0,0,-,-,NA,NA,LOS ANGELES,LOS ANGELES,-118.58854675292967,34.23548126220703