CASE_ID,ACCIDENT_YEAR,PROC_DATE,JURIS,COLLISION_DATE,COLLISION_TIME,OFFICER_ID,REPORTING_DISTRICT,DAY_OF_WEEK,CHP_SHIFT,POPULATION,CNTY_CITY_LOC,SPECIAL_COND,BEAT_TYPE,CHP_BEAT_TYPE,CITY_DIVISION_LAPD,CHP_BEAT_CLASS,BEAT_NUMBER,PRIMARY_RD,SECONDARY_RD,DISTANCE,DIRECTION,INTERSECTION,WEATHER_1,WEATHER_2,STATE_HWY_IND,CALTRANS_COUNTY,CALTRANS_DISTRICT,STATE_ROUTE,ROUTE_SUFFIX,POSTMILE_PREFIX,POSTMILE,LOCATION_TYPE,RAMP_INTERSECTION,SIDE_OF_HWY,TOW_AWAY,COLLISION_SEVERITY,NUMBER_KILLED,NUMBER_INJURED,PARTY_COUNT,PRIMARY_COLL_FACTOR,PCF_CODE_OF_VIOL,PCF_VIOL_CATEGORY,PCF_VIOLATION,PCF_VIOL_SUBSECTION,HIT_AND_RUN,TYPE_OF_COLLISION,MVIW,PED_ACTION,ROAD_SURFACE,ROAD_COND_1,ROAD_COND_2,LIGHTING,CONTROL_DEVICE,CHP_ROAD_TYPE,PEDESTRIAN_ACCIDENT,BICYCLE_ACCIDENT,MOTORCYCLE_ACCIDENT,TRUCK_ACCIDENT,NOT_PRIVATE_PROPERTY,ALCOHOL_INVOLVED,STWD_VEHTYPE_AT_FAULT,CHP_VEHTYPE_AT_FAULT,COUNT_SEVERE_INJ,COUNT_VISIBLE_INJ,COUNT_COMPLAINT_PAIN,COUNT_PED_KILLED,COUNT_PED_INJURED,COUNT_BICYCLIST_KILLED,COUNT_BICYCLIST_INJURED,COUNT_MC_KILLED,COUNT_MC_INJURED,PRIMARY_RAMP,SECONDARY_RAMP,LATITUDE,LONGITUDE,COUNTY,CITY,POINT_X,POINT_Y
9494691,2022,2022-09-30,1942,2022-09-11,0120,39091,4A91,7,5,7,1942,0,0,0,NA,0,4A53,OLYMPIC BL,SOTO ST,0,NA,Y,A,-,N,NA,NA,NA,NA,NA,NA,NA,NA,NA,Y,2,0,1,2,A,-,12,21453,A,N,D,C,A,A,H,-,C,A,0,NA,NA,NA,NA,Y,NA,A,01,1,0,0,0,0,0,0,0,0,-,-,NA,NA,LOS ANGELES,LOS ANGELES,-118.2198486328125,34.02426528930664
9494692,2022,2022-09-30,1942,2022-09-12,1940,38590,0439,1,5,7,1942,0,0,0,D,0,24T33,VALLEY BL,CYRIL AV,300,E,N,A,-,N,NA,NA,NA,NA,NA,NA,NA,NA,NA,N,3,0,1,2,A,-,03,22350,NA,F,C,C,A,A,H,-,C,D,0,NA,NA,NA,NA,Y,NA,-,99,0,1,0,0,0,0,0,0,0,-,-,NA,NA,LOS ANGELES,LOS ANGELES,-118.18004608154295,34.06600570678711
9494693,2022,2022-10-11,1942,2022-09-02,0655,42364,0407,5,5,7,1942,0,0,0,D,0,24T27,MONTEREY RD,HUNTINGTON DR,0,NA,Y,A,-,N,NA,NA,NA,NA,NA,NA,NA,NA,NA,Y,2,0,1,2,A,-,12,21453,A,N,D,C,A,A,H,-,A,A,0,NA,NA,Y,NA,Y,NA,-,-,1,0,0,0,0,0,0,0,1,-,-,NA,NA,LOS ANGELES,LOS ANGELES,-118.1875,34.0858154296875
9494694,2022,2022-09-30,1942,2022-09-10,2040,38590,0423,6,5,7,1942,0,0,0,D,0,24T33,MARENGO ST,MISSION ST,279,E,N,A,-,N,NA,NA,NA,NA,NA,NA,NA,NA,NA,N,2,0,1,2,A,-,11,21954,A,N,G,B,D,A,H,-,C,A,0,Y,NA,NA,NA,Y,NA,N,60,1,0,0,0,1,0,0,0,0,-,-,NA,NA,LOS ANGELES,LOS ANGELES,-118.2138442993164,34.060020446777344
94946946,2025,2025-11-25,9550,2025-11-13,750,024567,NA,4,1,9,1900,0,2,4,NA,1,042,COLIMA ROAD,PUNTA DEL ESTE DRIVE,400,W,N,A,-,N,NA,NA,NA,NA,NA,NA,NA,NA,NA,Y,3,0,1,2,A,-,03,22350,NA,N,C,C,A,A,H,-,A,D,0,NA,NA,NA,NA,Y,NA,A,01,0,1,0,0,0,0,0,0,0,-,-,33.98527145385742,-117.95526123046876,LOS ANGELES,UNINCORPORATED,-117.95526123046876,33.98542785644531
9494695,2022,2022-09-30,1942,2022-09-08,2024,37505,0438,4,5,7,1942,0,0,0,D,0,24T31W,ALHAMBRA AV,WARWICK AV,0,NA,N,A,-,N,NA,NA,NA,NA,NA,NA,NA,NA,NA,Y,2,0,1,2,A,-,11,21954,A,N,D,B,E,A,H,-,C,D,0,Y,NA,NA,NA,Y,NA,N,60,1,0,0,0,1,0,0,0,0,-,-,NA,NA,LOS ANGELES,LOS ANGELES,-118.16612243652344,34.07846450805664
9494696,2022,2022-09-30,1942,2022-09-07,1445,31713,1365,3,5,7,1942,0,0,0,M,0,24TL52,COMPTON AV,48TH ST,0,NA,Y,A,-,N,NA,NA,NA,NA,NA,NA,NA,NA,NA,N,2,0,1,2,A,-,09,21801,A,N,D,C,A,A,H,-,A,D,0,NA,NA,Y,NA,Y,NA,A,01,1,0,0,0,0,0,0,0,1,-,-,NA,NA,LOS ANGELES,LOS ANGELES,-118.24779510498048,34.00019836425781
9494697,2022,2022-09-30,1942,2022-09-04,0445,39041,1352,7,5,7,1942,0,0,0,M,0,13A13,VERNON AV,AVALON AV,155,NA,N,A,-,N,NA,NA,NA,NA,NA,NA,NA,NA,NA,N,4,0,1,2,A,-,08,22107,NA,F,G,B,E,A,H,-,C,D,0,Y,NA,NA,NA,Y,NA,-,99,0,0,1,0,1,0,0,0,0,-,-,NA,NA,LOS ANGELES,LOS ANGELES,-118.26526641845705,34.00387191772461
9494699,2022,2022-09-30,1942,2022-09-05,1550,44851,1381,1,5,7,1942,0,0,0,M,0,13A93,59TH ST,BROADWAY,30,E,N,A,-,N,NA,NA,NA,NA,NA,NA,NA,NA,NA,Y,3,0,1,1,A,-,08,22107,NA,N,E,I,A,A,H,-,A,D,0,NA,NA,NA,NA,Y,NA,A,01,0,1,0,0,0,0,0,0,0,-,-,NA,NA,LOS ANGELES,LOS ANGELES,-118.27821350097656,33.98691940307617
9494700,2022,2022-09-30,1942,2022-09-08,1955,31698,1303,4,5,7,1942,0,0,0,M,0,24MQ52,SAN PEDRO ST,9TH ST,30,S,N,A,-,N,NA,NA,NA,NA,NA,NA,NA,NA,NA,N,2,0,1,2,A,-,11,21954,A,F,G,B,E,A,H,-,C,D,0,Y,NA,NA,NA,Y,NA,N,60,1,0,0,0,1,0,0,0,0,-,-,NA,NA,LOS ANGELES,LOS ANGELES,-118.25040435791016,34.03723907470703
9494701,2022,2023-04-27,1942,2022-09-04,2140,44910,1372,7,5,7,1942,0,0,0,M,0,13A75,AVALON BL,53RD ST,0,NA,Y,A,-,N,NA,NA,NA,NA,NA,NA,NA,NA,NA,Y,3,0,4,2,A,-,04,21703,NA,F,C,D,A,A,H,-,C,D,0,NA,NA,NA,NA,Y,Y,A,01,0,4,0,0,0,0,0,0,0,-,-,NA,NA,LOS ANGELES,LOS ANGELES,-118.26522064208984,33.994117736816406
9494702,2022,2022-10-28,1942,2022-09-09,2030,33452,1385,5,5,7,1942,0,0,0,M,0,24T32,CENTRAL AV,61ST ST,0,NA,Y,C,-,N,NA,NA,NA,NA,NA,NA,NA,NA,NA,Y,4,0,1,2,A,-,05,21651,A,F,A,C,A,B,H,-,C,A,0,NA,NA,NA,NA,Y,NA,A,01,0,0,1,0,0,0,0,0,0,-,-,NA,NA,LOS ANGELES,LOS ANGELES,-118.25646209716795,33.98445129394531
9494703,2022,2022-09-29,1942,2022-09-04,0100,34350,0455,7,5,7,1942,0,0,0,D,0,24T32,SOTO ST,CINCINNATI ST,0,NA,Y,A,-,N,NA,NA,NA,NA,NA,NA,NA,NA,NA,N,2,0,1,2,A,-,10,21950,A,M,G,B,B,A,H,-,C,D,0,Y,NA,NA,NA,Y,Y,-,99,1,0,0,0,1,0,0,0,0,-,-,NA,NA,LOS ANGELES,LOS ANGELES,-118.20722198486328,34.04773712158203
9494704,2022,2022-09-29,1942,2022-09-02,2124,44968,0437,5,5,7,1942,0,0,0,D,0,4A59,EASTERN AV,DRUID,100,S,N,A,-,N,NA,NA,NA,NA,NA,NA,NA,NA,NA,Y,4,0,1,3,A,-,08,22107,NA,F,C,E,A,A,H,-,C,A,0,NA,NA,NA,NA,Y,NA,A,07,0,0,1,0,0,0,0,0,0,-,-,NA,NA,LOS ANGELES,LOS ANGELES,-118.18043518066406,34.0692253112793
9494705,2022,2022-09-29,1942,2022-09-06,1630,31713,0456,2,5,7,1942,0,0,0,D,0,24TL52,FOREST AV,MALABAR ST,0,NA,Y,A,-,N,NA,NA,NA,NA,NA,NA,NA,NA,NA,N,3,0,1,2,A,-,03,22350,NA,F,C,G,A,A,H,-,A,D,0,NA,Y,NA,NA,Y,Y,L,04,0,1,0,0,0,0,1,0,0,-,-,NA,NA,LOS ANGELES,LOS ANGELES,-118.20000457763672,34.047332763671875
94947050,2025,2025-11-25,9575,2025-11-14,1158,024270,NA,5,1,6,1953,0,1,1,NA,2,064,I-210 E/B (FOOTHILL FREEWAY),HILL AVE.,513,W,N,B,C,Y,LA,NA,210,NA,R,26.848,H,NA,R,Y,4,0,1,2,A,-,03,22350,NA,N,C,C,A,B,H,-,A,D,0,NA,NA,NA,NA,Y,NA,A,01,0,0,1,0,0,0,0,0,0,-,-,34.152069091796875,-118.123291015625,LOS ANGELES,PASADENA,-118.123291015625,34.152069091796875
9494706,2022,2022-09-29,1942,2022-09-06,2140,38590,0265,2,5,7,1942,0,0,0,B,0,24T33,8TH ST,ALVARADO ST,0,NA,Y,A,-,N,NA,NA,NA,NA,NA,NA,NA,NA,NA,N,3,0,1,2,D,-,00,NA,NA,F,G,B,E,A,H,-,C,A,0,Y,NA,NA,NA,Y,NA,-,-,0,1,0,0,1,0,0,0,0,-,-,NA,NA,LOS ANGELES,LOS ANGELES,-118.27783966064452,34.054893493652344
9494707,2022,2022-09-29,1942,2022-09-01,2200,44849,0448,4,5,7,1942,0,0,0,D,0,4A72,CHELSEA ST,TREMONT ST,30,W,N,A,-,N,NA,NA,NA,NA,NA,NA,NA,NA,NA,N,4,0,1,2,A,-,08,22107,NA,F,B,D,A,A,D,-,A,D,0,NA,NA,NA,NA,Y,NA,-,99,0,0,1,0,0,0,0,0,0,-,-,NA,NA,LOS ANGELES,LOS ANGELES,-118.1986083984375,34.056190490722656
94947076,2025,2025-11-25,9575,2025-11-13,1300,021795,NA,4,1,9,1900,0,2,4,NA,2,083,CALIFORNIA BLVD.,MICHILLINDA BLVD.,0,NA,Y,B,-,N,NA,NA,NA,NA,NA,NA,NA,NA,NA,N,4,0,2,2,A,-,12,21453,A,N,D,C,A,A,H,-,A,A,0,NA,NA,NA,NA,Y,NA,A,01,0,0,2,0,0,0,0,0,0,-,-,34.134429931640625,-118.0675811767578,LOS ANGELES,UNINCORPORATED,-118.06752014160156,34.13437271118164
9494708,2022,2022-09-29,1942,2022-09-03,1345,38942,0245,6,5,7,1942,0,0,0,B,0,24MQ39,W 3RD ST,CORONADO ST,0,NA,Y,A,-,N,NA,NA,NA,NA,NA,NA,NA,NA,NA,Y,3,0,2,3,A,-,01,23153,A,N,D,C,A,A,A,-,A,D,0,NA,NA,NA,NA,Y,Y,A,01,0,2,0,0,0,0,0,0,0,-,-,NA,NA,LOS ANGELES,LOS ANGELES,-118.27808380126952,34.06564712524414
9494709,2022,2022-09-29,1942,2022-09-04,1038,42932,0295,7,5,7,1942,0,0,0,B,0,24TL24,VENICE BL,BURLINGTON AV,142,E,N,A,-,N,NA,NA,NA,NA,NA,NA,NA,NA,NA,N,2,0,1,2,A,-,11,21954,A,N,G,B,D,A,H,-,A,A,0,Y,NA,NA,NA,Y,NA,N,60,1,0,0,0,1,0,0,0,0,-,-,NA,NA,LOS ANGELES,LOS ANGELES,-118.28057861328124,34.04218673706055
9494710,2022,2022-09-29,1942,2022-09-03,1800,42237,0152,6,5,7,1942,0,0,0,A,0,1FB23,FLOWER ST,7TH ST,0,NA,Y,A,-,N,NA,NA,NA,NA,NA,NA,NA,NA,NA,N,3,0,1,2,A,-,10,21950,A,F,A,B,B,A,H,-,A,A,0,Y,NA,NA,NA,Y,NA,-,99,0,1,0,0,1,0,0,0,0,-,-,NA,NA,LOS ANGELES,LOS ANGELES,-118.25878143310548,34.04869079589844
94947102,2025,2026-01-22,9575,2025-11-15,2230,024027,NA,6,3,7,1942,0,1,1,NA,2,061,I-210 E/B (FOOTHILL FREEWAY),ORCAS AVENUE,390,W,N,C,-,Y,LA,NA,210,NA,R,8.488,H,NA,R,N,4,0,1,2,A,-,03,22350,NA,N,B,2,A,B,H,-,C,D,0,NA,NA,NA,NA,Y,NA,A,01,0,0,1,0,0,0,0,0,0,-,-,34.273681640625,-118.36962890625,LOS ANGELES,LOS ANGELES,-118.36962890625,34.273719787597656
9494711,2022,2022-09-29,1942,2022-09-04,1050,37540,0111,7,5,7,1942,0,0,0,A,0,24TL27,CESAR E CHAVEZ AV,N BROADWAY,0,NA,Y,A,-,N,NA,NA,NA,NA,NA,NA,NA,NA,NA,N,4,0,1,4,A,-,12,21453,A,N,D,C,A,A,H,-,A,A,0,NA,NA,NA,NA,Y,NA,-,-,0,0,1,0,0,0,0,0,0,-,-,NA,NA,LOS ANGELES,LOS ANGELES,-118.24027252197266,34.058536529541016
94947134,2025,2025-11-25,9540,2025-11-15,1929,024146,NA,6,2,6,1985,0,1,1,NA,2,506,I-5 N/B,MAGIC MOUNTAIN PKY,1690,S,N,C,-,Y,LA,NA,5,NA,R,53.238,H,NA,R,Y,4,0,2,3,A,-,03,22350,NA,N,C,C,A,B,H,-,C,D,0,NA,NA,NA,NA,Y,NA,A,01,0,0,2,0,0,0,0,0,0,-,-,34.41891860961914,-118.58097076416016,LOS ANGELES,SANTA CLARITA,-118.58092498779295,34.41893768310547
94947139,2025,2025-11-25,9535,2025-10-28,1215,024849,NA,2,1,4,1907,0,1,1,NA,2,072,I-710 N/B (LONG BEACH FREEWAY),FLORENCE AVENUE,900,S,N,A,-,Y,LA,NA,710,NA,NA,19.451,H,NA,R,Y,4,0,1,3,A,-,03,22350,NA,F,C,C,A,A,H,-,A,D,0,NA,NA,NA,NA,Y,NA,-,99,0,0,1,0,0,0,0,0,0,-,-,33.96432876586914,-118.16912078857422,LOS ANGELES,BELL,-118.1690673828125,33.96431350708008
94947186,2025,2025-11-25,9565,2025-07-02,212,024454,NA,3,3,7,1942,0,1,1,NA,2,064,I-405 S/B (SAN DIEGO FWY),SEPULVEDA BLVD,860,S,N,A,-,Y,LA,NA,405,NA,NA,34.614,H,NA,L,Y,2,0,3,5,A,-,08,22107,NA,N,C,C,E,A,H,-,D,D,0,Y,NA,NA,Y,Y,NA,G,25,1,1,1,0,2,0,0,0,0,-,-,34.0942497253418,-118.47650909423828,LOS ANGELES,LOS ANGELES,-118.47622680664064,34.09427261352539
94947196,2025,2025-11-25,9540,2025-11-16,930,023330,NA,7,1,7,1942,0,1,1,NA,2,500,I-5 N/B,FOX ST,820,S,N,C,-,Y,LA,NA,5,NA,NA,39.559,H,NA,R,Y,3,0,2,2,A,-,03,22350,NA,N,D,2,A,B,H,-,A,D,0,NA,NA,NA,NA,Y,NA,D,22,0,2,0,0,0,0,0,0,0,-,-,34.26887130737305,-118.44564056396484,LOS ANGELES,LOS ANGELES,-118.44562530517578,34.268882751464844
94947263,2025,2025-11-25,9550,2025-11-13,1920,022023,NA,4,2,6,1920,0,1,1,NA,2,150,I-105 WESTBOUND FROM BELLFLOWER BLVD.,BELLFLOWER BLVD.,400,W,N,B,-,Y,LA,NA,105,NA,R,16.466,H,NA,L,Y,4,0,1,2,A,-,03,22350,NA,N,C,C,A,A,H,-,C,A,0,NA,NA,NA,NA,Y,NA,A,01,0,0,1,0,0,0,0,0,0,-,-,33.913509368896484,-118.12841033935548,LOS ANGELES,DOWNEY,-118.12841033935548,33.913272857666016
94947303,2025,2025-11-25,9590,2025-11-01,210,023888,NA,6,3,7,1942,0,1,1,NA,2,053,I-110 S/B (HARBOR FREEWAY),6TH STREET,275,S,N,A,-,Y,LA,NA,110,NA,NA,22.744,H,NA,L,N,4,0,1,2,A,-,01,23152,A,N,C,C,A,A,H,-,C,D,0,NA,NA,NA,NA,Y,Y,A,01,0,0,1,0,0,0,0,0,0,-,-,34.05205154418945,-118.26007080078124,LOS ANGELES,LOS ANGELES,-118.26004028320313,34.05201721191406
94947332,2025,2025-11-25,9590,2025-11-09,455,023888,NA,7,3,7,1942,0,1,2,NA,2,071,US-101 S/B TO I-10 E/B (TRANSITION ROAD,CESAR CHAVEZ AVE,30,N,N,A,-,Y,LA,NA,10,NA,S,0.082,H,NA,R,N,4,0,1,2,A,-,03,22350,NA,N,D,C,A,A,H,-,C,D,0,NA,NA,NA,NA,Y,Y,A,01,0,0,1,0,0,0,0,0,0,-,-,34.052921295166016,-118.2231903076172,LOS ANGELES,LOS ANGELES,-118.22320556640624,34.05293655395508
94947355,2025,2025-11-25,9590,2025-11-16,501,023888,NA,7,3,7,1942,0,1,1,NA,2,081,I-5 S/B (SANTA ANA FREEWAY),INDIANA ST,385,N,N,A,-,Y,LA,NA,5,NA,NA,15.034,H,NA,L,N,4,0,1,2,A,-,03,22350,NA,N,A,C,A,A,H,-,C,D,0,NA,NA,NA,NA,Y,NA,A,01,0,0,1,0,0,0,0,0,0,-,-,34.02042007446289,-118.193603515625,LOS ANGELES,LOS ANGELES,-118.19361877441406,34.02037048339844
94947368,2025,2025-11-25,9550,2025-11-02,41,024139,NA,7,3,9,1900,0,1,1,NA,2,650,INTERSTATE 605 SOUTHBOUND TO ROSEHILLS ROAD,ROSEHILLS ROAD,80,N,N,A,-,Y,NA,NA,NA,NA,NA,NA,NA,NA,NA,N,2,0,1,1,A,-,03,22350,NA,N,F,A,A,A,H,-,D,D,0,NA,NA,NA,NA,Y,NA,A,01,1,0,0,0,0,0,0,0,0,-,-,34.01860809326172,-118.05325317382813,LOS ANGELES,UNINCORPORATED,-118.0526885986328,34.018123626708984
94947407,2025,2025-11-25,9545,2025-11-19,1422,020547,NA,3,2,9,1900,0,3,5,NA,2,004,PALMDALE BLVD,LONGVIEW RD,1140,E,N,A,-,N,NA,NA,NA,NA,NA,NA,NA,NA,NA,Y,4,0,1,1,A,-,08,22107,NA,N,E,I,A,A,H,-,A,D,0,NA,NA,NA,NA,Y,NA,A,01,0,0,1,0,0,0,0,0,0,-,-,34.580039978027344,-117.8862762451172,LOS ANGELES,UNINCORPORATED,-117.88583374023438,34.580020904541016
94947416,2025,2025-11-25,9545,2025-11-08,1042,021384,NA,6,1,9,1900,0,3,5,NA,2,004,AVE R-8,105TH ST  E,0,NA,Y,A,-,N,NA,NA,NA,NA,NA,NA,NA,NA,NA,N,4,0,3,2,A,-,09,21802,A,N,D,C,A,A,H,-,A,A,0,NA,NA,NA,NA,Y,NA,D,22,0,0,3,0,0,0,0,0,0,-,-,34.565269470214844,-117.9431610107422,LOS ANGELES,UNINCORPORATED,-117.943115234375,34.56521987915039
94947436,2025,2025-12-11,9545,2025-11-01,506,024553,NA,6,3,9,1900,0,3,5,NA,2,002,AVENUE N,27TH STREET  WEST,0,NA,Y,A,-,N,NA,NA,NA,NA,NA,NA,NA,NA,NA,Y,2,0,2,2,A,-,11,21954,A,N,G,B,E,A,H,-,D,D,0,Y,NA,NA,NA,Y,NA,N,60,1,0,1,0,1,0,0,0,0,-,-,34.63111877441406,-118.17884063720705,LOS ANGELES,UNINCORPORATED,-118.17884063720705,34.631126403808594
94947442,2025,2025-11-25,9590,2025-11-05,1002,024445,NA,3,1,7,1942,0,1,1,NA,2,021,I-10 WB (SAN BERNARDINO FREEWAY),STATE STREET,351,E,N,A,-,Y,LA,NA,10,NA,NA,18.591,H,NA,L,N,4,0,3,4,A,-,03,22350,NA,N,C,C,A,A,H,-,A,D,0,NA,NA,NA,NA,Y,NA,A,07,0,0,3,0,0,0,0,0,0,-,-,34.054771423339844,-118.21076965332033,LOS ANGELES,LOS ANGELES,-118.21078491210938,34.05472946166992
94947445,2025,2025-11-25,9525,2025-11-24,550,018364,NA,1,3,6,1975,0,1,1,NA,2,103,I-10 W/B (SAN BERNARDINO FREEWAY),SUNSET AVENUE U/C,1056,W,N,A,-,Y,LA,NA,10,NA,NA,34.704,H,NA,L,Y,4,0,2,4,A,-,03,22350,NA,N,C,C,A,A,H,-,C,D,0,NA,NA,NA,NA,Y,NA,A,01,0,0,2,0,0,0,0,0,0,-,-,34.07252883911133,-117.93891143798828,LOS ANGELES,WEST COVINA,-117.93891143798828,34.07254409790039
94947488,2025,2025-11-25,9575,2025-11-18,1010,021775,NA,2,1,7,1942,0,1,1,NA,2,050,I-5 N/B (GOLDEN STATE FREEWAY),ZOO DR.,1560,S,N,B,-,Y,LA,NA,5,NA,NA,26.164,H,NA,R,N,4,0,2,4,A,-,07,21658,A,N,B,2,A,A,H,-,A,D,0,NA,NA,NA,NA,Y,NA,A,07,0,0,2,0,0,0,0,0,0,-,-,34.146461486816406,-118.27877807617188,LOS ANGELES,LOS ANGELES,-118.27886962890624,34.14644241333008
94947540,2025,2025-11-25,9530,2025-11-08,1700,024609,NA,6,2,9,1900,0,3,5,NA,2,002,AVALON BLVD,129TH STREET,0,NA,Y,A,-,N,NA,NA,NA,NA,NA,NA,NA,NA,NA,N,4,0,2,2,A,-,09,21801,A,N,D,C,A,A,H,-,B,D,0,NA,NA,NA,NA,Y,NA,A,01,0,0,2,0,0,0,0,0,0,-,-,33.91548156738281,-118.26532745361328,LOS ANGELES,UNINCORPORATED,-118.2652587890625,33.91548156738281
94947542,2025,2025-11-25,9590,2025-11-21,2053,023266,NA,5,2,7,1942,0,1,2,NA,2,073,US-101 SB (HOF) TO NORMANDIE AVENUE,NORMANDIE AVENUE,902,N,N,A,-,Y,LA,NA,101,NA,NA,5.173,H,NA,L,N,4,0,2,2,A,-,03,22350,NA,N,C,C,A,A,H,-,D,D,0,NA,NA,NA,NA,Y,NA,A,01,0,0,2,0,0,0,0,0,0,-,-,34.0861701965332,-118.30284118652344,LOS ANGELES,LOS ANGELES,-118.30274200439452,34.08626937866211
94947544,2025,2025-11-25,9530,2025-11-09,1025,024609,NA,7,1,5,1943,0,1,1,NA,2,210,I-105 W/B (GLENN ANDERSON FWY),LONG BEACH BLVD.,2376,E,N,A,-,Y,LA,NA,105,NA,R,12.007,H,NA,L,Y,4,0,1,2,A,-,03,22350,NA,N,C,C,A,A,H,-,A,D,0,NA,NA,NA,NA,Y,NA,A,07,0,0,1,0,0,0,0,0,0,-,-,33.92203140258789,-118.2030029296875,LOS ANGELES,LYNWOOD,-118.20299530029295,33.922035217285156
94947554,2025,2025-11-25,9530,2025-11-10,730,023590,NA,1,1,9,1900,0,3,5,NA,2,005,147TH ST. (3200 BLOCK),CHADRON AVE.,200,W,N,A,-,N,NA,NA,NA,NA,NA,NA,NA,NA,NA,N,4,0,2,2,A,-,09,21804,A,N,A,C,A,A,H,-,A,D,0,NA,NA,NA,NA,Y,NA,A,01,0,0,2,0,0,0,0,0,0,-,-,33.89828872680664,-118.32946014404295,LOS ANGELES,UNINCORPORATED,-118.329345703125,33.89828109741211
94947557,2025,2025-11-25,9530,2025-11-11,1305,024853,NA,2,1,9,1900,0,3,5,NA,2,001,FIRSTONE BOULEVARD (1400 BLOCK),JOHN AVENUE,25,E,N,A,-,N,NA,NA,NA,NA,NA,NA,NA,NA,NA,N,3,0,1,2,A,-,21,22106,NA,F,B,C,A,A,H,-,A,D,0,NA,NA,NA,NA,Y,NA,A,07,0,1,0,0,0,0,0,0,0,-,-,33.96009826660156,-118.24871063232422,LOS ANGELES,UNINCORPORATED,-118.24881744384766,33.96009063720703
9494761,2022,2022-09-29,1900,2022-07-13,2359,655224,2832,3,5,5,1915,0,0,0,NA,0,283T1,CENTRAL AV,154TH ST,80,S,N,A,-,N,NA,NA,NA,NA,NA,NA,NA,NA,NA,N,4,0,1,2,A,-,09,21804,A,F,A,G,A,A,H,-,A,D,0,NA,Y,NA,NA,Y,NA,A,07,0,0,1,0,0,0,1,0,0,-,-,33.89255905151367,-118.25092315673828,LOS ANGELES,COMPTON,-118.25131988525392,33.89258575439453
9494762,2022,2022-09-29,1900,2022-07-07,1230,655208,1334,4,5,5,1908,0,0,0,NA,0,133T2,CLARK AV,CYDAR ST,0,NA,Y,A,-,N,NA,NA,NA,NA,NA,NA,NA,NA,NA,Y,4,0,1,2,A,-,09,21801,A,M,A,C,A,A,H,-,A,A,0,NA,NA,NA,NA,Y,NA,A,01,0,0,1,0,0,0,0,0,0,-,-,NA,NA,LOS ANGELES,BELLFLOWER,-117.2876434326172,33.82805633544922
9494763,2022,2022-09-29,1900,2022-07-31,1402,652864,1334,7,5,5,1908,0,0,0,NA,0,132T1,ARDMORE AV,BELMONT ST,0,NA,Y,A,-,N,NA,NA,NA,NA,NA,NA,NA,NA,NA,Y,4,0,3,2,A,-,09,21802,A,N,D,C,A,A,H,-,A,D,0,NA,NA,NA,NA,Y,NA,A,01,0,0,3,0,0,0,0,0,0,-,-,33.883758544921875,-118.12914276123048,LOS ANGELES,BELLFLOWER,-118.12914276123048,33.883792877197266
94947639,2025,2025-11-25,9550,2025-11-13,540,018187,NA,4,3,9,1900,0,3,5,NA,2,002,GUNN AVE,GLENN DR,300,S,N,B,-,N,NA,NA,NA,NA,NA,NA,NA,NA,NA,N,4,0,2,3,A,-,03,22350,NA,N,D,E,A,A,C,-,D,D,0,NA,NA,NA,NA,Y,NA,A,01,0,0,2,0,0,0,0,0,0,-,-,33.947261810302734,-118.02825164794922,LOS ANGELES,UNINCORPORATED,-118.02813720703124,33.9472770690918
9494764,2022,2022-09-29,1900,2022-07-13,1500,647587,1348,3,5,5,1935,0,0,0,NA,0,134A,PIONEER BL,FRAMPTON CT,10,W,N,A,-,N,NA,NA,NA,NA,NA,NA,NA,NA,NA,N,4,0,7,3,A,-,03,22350,A,N,C,C,A,A,H,-,A,A,0,NA,NA,NA,NA,Y,NA,A,01,0,0,7,0,0,0,0,0,0,-,-,NA,NA,LOS ANGELES,LAKEWOOD,-118.0822525024414,33.875240325927734
9494765,2022,2022-09-29,1900,2022-07-01,1415,645319,1362,5,5,5,1952,0,0,0,NA,0,136B,DOWNEY AV,GARDENDALE ST,50,S,N,A,-,N,NA,NA,NA,NA,NA,NA,NA,NA,NA,N,4,0,1,2,D,-,00,NA,NA,N,B,C,A,A,H,-,A,D,0,NA,NA,NA,NA,Y,NA,-,-,0,0,1,0,0,0,0,0,0,-,-,NA,NA,LOS ANGELES,PARAMOUNT,-118.15184020996094,33.91477584838867
9494766,2022,2022-09-29,1900,2022-07-20,2140,648577,1333,3,5,5,1908,0,0,0,NA,0,133A,BELLFLOWER BL,SOMERSET BL,442,N,N,A,-,N,NA,NA,NA,NA,NA,NA,NA,NA,NA,Y,3,0,1,3,A,-,03,22350,NA,N,B,E,A,A,H,-,C,D,0,NA,NA,NA,NA,Y,NA,A,01,0,1,0,0,0,0,0,0,0,-,-,33.89789962768555,-118.1252670288086,LOS ANGELES,BELLFLOWER,-118.12532806396484,33.89780044555664
94947660,2025,2025-11-25,9525,2025-10-28,35,023560,NA,2,3,9,1900,0,3,5,NA,2,001,SHRODE AVENUE,CALIFORNIA AVENUE,120,W,N,A,-,N,NA,NA,NA,NA,NA,NA,NA,NA,NA,Y,4,0,1,3,A,-,01,23152,A,N,A,E,A,A,H,-,C,D,0,NA,NA,NA,NA,Y,Y,A,07,0,0,1,0,0,0,0,0,0,-,-,34.1227912902832,-117.998046875,LOS ANGELES,UNINCORPORATED,-117.99796295166016,34.12279510498047