CASE_ID,ACCIDENT_YEAR,PROC_DATE,JURIS,COLLISION_DATE,COLLISION_TIME,OFFICER_ID,REPORTING_DISTRICT,DAY_OF_WEEK,CHP_SHIFT,POPULATION,CNTY_CITY_LOC,SPECIAL_COND,BEAT_TYPE,CHP_BEAT_TYPE,CITY_DIVISION_LAPD,CHP_BEAT_CLASS,BEAT_NUMBER,PRIMARY_RD,SECONDARY_RD,DISTANCE,DIRECTION,INTERSECTION,WEATHER_1,WEATHER_2,STATE_HWY_IND,CALTRANS_COUNTY,CALTRANS_DISTRICT,STATE_ROUTE,ROUTE_SUFFIX,POSTMILE_PREFIX,POSTMILE,LOCATION_TYPE,RAMP_INTERSECTION,SIDE_OF_HWY,TOW_AWAY,COLLISION_SEVERITY,NUMBER_KILLED,NUMBER_INJURED,PARTY_COUNT,PRIMARY_COLL_FACTOR,PCF_CODE_OF_VIOL,PCF_VIOL_CATEGORY,PCF_VIOLATION,PCF_VIOL_SUBSECTION,HIT_AND_RUN,TYPE_OF_COLLISION,MVIW,PED_ACTION,ROAD_SURFACE,ROAD_COND_1,ROAD_COND_2,LIGHTING,CONTROL_DEVICE,CHP_ROAD_TYPE,PEDESTRIAN_ACCIDENT,BICYCLE_ACCIDENT,MOTORCYCLE_ACCIDENT,TRUCK_ACCIDENT,NOT_PRIVATE_PROPERTY,ALCOHOL_INVOLVED,STWD_VEHTYPE_AT_FAULT,CHP_VEHTYPE_AT_FAULT,COUNT_SEVERE_INJ,COUNT_VISIBLE_INJ,COUNT_COMPLAINT_PAIN,COUNT_PED_KILLED,COUNT_PED_INJURED,COUNT_BICYCLIST_KILLED,COUNT_BICYCLIST_INJURED,COUNT_MC_KILLED,COUNT_MC_INJURED,PRIMARY_RAMP,SECONDARY_RAMP,LATITUDE,LONGITUDE,COUNTY,CITY,POINT_X,POINT_Y
94948763,2025,2025-11-26,9575,2025-11-14,625,024793,NA,5,1,9,1900,0,2,4,NA,2,320,ANGELES FOREST HIGHWAY,BIG TUJUNGA CANYON ROAD,6600,S,N,B,C,Y,NA,NA,NA,NA,NA,NA,NA,NA,NA,Y,3,0,1,1,A,-,03,22350,NA,N,E,I,A,B,H,-,A,D,0,NA,NA,NA,NA,Y,NA,A,01,0,1,0,0,0,0,0,0,0,-,-,34.290409088134766,-118.17572784423828,LOS ANGELES,UNINCORPORATED,-118.17640686035156,34.2896614074707
94948774,2025,2025-11-26,9575,2025-11-15,1232,024793,NA,6,1,7,1942,0,1,3,NA,2,043,SR-134 E/B (VENTURA FREEWAY),FOREST LAWN DRIVE,1080,W,N,B,C,Y,LA,NA,134,NA,NA,3.617,H,NA,R,Y,3,0,2,3,A,-,07,21658,A,F,B,2,A,B,H,-,A,D,0,NA,NA,NA,NA,Y,NA,-,99,0,1,1,0,0,0,0,0,0,-,-,34.15447998046875,-118.31449127197266,LOS ANGELES,LOS ANGELES,-118.3144989013672,34.1544303894043
94948804,2025,2025-11-26,9540,2025-11-07,700,024472,NA,5,1,9,1900,0,3,5,NA,2,100,COMMERCE CENTER DR,INDUSTRY DR,0,NA,Y,A,-,N,NA,NA,NA,NA,NA,NA,NA,NA,NA,Y,2,0,1,2,D,-,00,NA,NA,N,D,C,A,D,H,-,A,D,0,NA,NA,Y,NA,Y,NA,-,-,1,0,0,0,0,0,0,0,1,-,-,34.44963836669922,-118.62628173828124,LOS ANGELES,UNINCORPORATED,-118.62625122070313,34.44955062866211
94948806,2025,2025-11-26,9530,2025-11-16,1755,022978,NA,7,2,9,1900,0,1,1,NA,2,200,I-105 E/B (GLENN ANDERSON FWY),CENTRAL AVE,75,E,N,B,-,Y,LA,NA,105,NA,R,8.934,H,NA,R,Y,4,0,1,2,A,-,03,22350,NA,N,C,C,A,A,H,-,C,D,0,NA,NA,NA,NA,Y,NA,A,07,0,0,1,0,0,0,0,0,0,-,-,33.92803955078125,-118.2539291381836,LOS ANGELES,UNINCORPORATED,-118.25391387939452,33.92797088623047
94948808,2025,2025-11-26,9590,2025-11-24,700,024031,NA,1,1,7,1942,0,1,1,NA,2,061,I-10 W/B (SANTA MONICA FREEWAY),WESTERN AVENUE,200,E,N,A,-,Y,LA,NA,10,NA,R,13.034,H,NA,L,N,4,0,1,2,A,-,03,22350,NA,N,C,C,A,A,H,-,A,D,0,NA,NA,NA,NA,Y,NA,A,01,0,0,1,0,0,0,0,0,0,-,-,34.03725814819336,-118.30528259277344,LOS ANGELES,LOS ANGELES,-118.30528259277344,34.03722381591797
94948844,2025,2025-11-26,9530,2025-11-16,600,024337,NA,7,1,7,1942,0,1,1,NA,2,410,I-405 S/B (SAN DIEGO FREEWAY),ALAMEDA ST.,1500,N,N,B,C,Y,LA,NA,405,NA,NA,9.061,H,NA,L,N,4,0,1,3,A,-,03,22350,NA,N,C,C,A,B,H,-,A,D,0,NA,NA,NA,NA,Y,NA,A,07,0,0,1,0,0,0,0,0,0,-,-,33.82572937011719,-118.23274230957033,LOS ANGELES,LOS ANGELES,-118.23274230957033,33.825679779052734
94948867,2025,2025-11-26,9565,2025-11-14,2145,024474,NA,5,2,7,1942,0,1,1,NA,2,083,I-10 W/B (SANTA MONICA FREEWAY),MANNING AVENUE,196,E,N,C,-,Y,LA,NA,10,NA,R,7.123,H,NA,L,Y,4,0,1,3,A,-,07,21658,A,N,B,C,A,B,H,-,C,D,0,NA,NA,NA,NA,Y,NA,D,22,0,0,1,0,0,0,0,0,0,-,-,34.029911041259766,-118.40486907958984,LOS ANGELES,LOS ANGELES,-118.40486907958984,34.02989196777344
94948870,2025,2025-11-26,9590,2025-11-21,2007,023266,NA,5,2,7,1942,0,1,2,NA,2,073,US-101 SB (HOLLYWOOD FREEWAY),VERMONT AVENUE,750,N,N,A,-,Y,LA,NA,101,NA,NA,4.529,H,NA,L,N,4,0,1,2,A,-,03,22350,NA,N,C,C,A,A,H,-,D,D,0,NA,NA,NA,NA,Y,NA,A,07,0,0,1,0,0,0,0,0,0,-,-,34.08042907714844,-118.29386901855467,LOS ANGELES,LOS ANGELES,-118.2938232421875,34.08049774169922
94948875,2025,2025-11-26,9535,2025-11-03,2035,024811,NA,1,2,9,1900,0,1,3,NA,2,621,SR-60 W/B (POMONA FREEWAY),I-605 (SAN GABRIEL RIVER FREEWAY),150,W,N,A,-,Y,LA,NA,60,NA,NA,11.641,H,NA,L,Y,3,0,2,2,A,-,07,21658,A,N,C,C,A,A,H,-,D,D,0,NA,NA,NA,NA,Y,NA,A,01,0,2,0,0,0,0,0,0,0,-,-,34.03451919555664,-118.0281982421875,LOS ANGELES,UNINCORPORATED,-118.02816009521484,34.03457260131836
94948881,2025,2025-11-26,9575,2025-11-16,2305,022651,NA,7,3,6,1953,0,1,1,NA,2,064,I-210 E/B (FOOTHILL FREEWAY),EL MOLINO AVE.,452,E,N,B,C,Y,LA,NA,210,NA,R,26.159,H,NA,R,Y,3,0,1,1,A,-,08,22107,NA,N,E,I,A,B,H,-,C,D,0,NA,NA,NA,NA,Y,NA,A,01,0,1,0,0,0,0,0,0,0,-,-,34.1515007019043,-118.13529205322266,LOS ANGELES,PASADENA,-118.13529205322266,34.15166091918945
94948892,2025,2025-11-26,9590,2025-11-21,1559,023266,NA,5,2,7,1942,0,1,2,NA,2,073,US-101 SB (HOLLYWOOD FREEWAY),NORMANDIE AVENUE,312,N,N,A,-,Y,LA,NA,101,NA,NA,5.066,H,NA,L,N,4,0,1,2,A,-,07,21658,A,N,B,C,A,A,H,-,A,D,0,NA,NA,NA,NA,Y,NA,D,22,0,0,1,0,0,0,0,0,0,-,-,34.08523941040039,-118.30132293701172,LOS ANGELES,LOS ANGELES,-118.3012924194336,34.08526611328125
94948919,2025,2026-01-27,9590,2025-11-20,2100,023266,NA,4,2,7,1942,0,1,2,NA,2,073,US-101 SB (HOLLYWOOD FREEWAY),BARHAM BOULEVARD,373,N,N,B,C,Y,LA,NA,101,NA,NA,9.293,H,NA,L,N,4,0,2,2,A,-,08,22107,NA,N,E,8,A,B,H,-,D,D,0,NA,NA,NA,NA,Y,NA,A,01,0,0,2,0,0,0,0,0,0,-,-,34.12942123413086,-118.34797668457033,LOS ANGELES,LOS ANGELES,-118.34790802001952,34.12947082519531
94948934,2025,2025-11-26,9575,2025-11-14,1203,024793,NA,5,1,9,1900,0,1,1,NA,2,062,I-210 E/B (FOOTHILL FREEWAY),OCEAN VIEW BOULEVARD,280,W,N,B,C,Y,LA,NA,210,NA,R,18.209,H,NA,R,Y,3,0,1,2,A,-,03,22350,NA,N,D,C,A,B,H,-,A,D,0,NA,NA,NA,Y,Y,NA,A,01,0,1,0,0,0,0,0,0,0,-,-,34.21173095703125,-118.22811126708984,LOS ANGELES,UNINCORPORATED,-118.22809600830078,34.211753845214844
94948940,2025,2025-11-26,9545,2025-08-12,2500,020140,NA,2,4,9,1900,0,3,5,NA,2,003,ALISO CANYON ROAD,MILE POST MARKER 5.72,590,W,N,A,-,N,NA,NA,NA,NA,NA,NA,NA,NA,NA,Y,1,1,0,1,A,-,08,22107,NA,N,E,8,A,A,H,-,D,D,0,NA,NA,NA,NA,Y,NA,A,07,0,0,0,0,0,0,0,0,0,-,-,34.42729949951172,-118.10977935791016,LOS ANGELES,UNINCORPORATED,NA,NA
94949032,2025,2025-11-26,9530,2025-11-05,1435,024512,NA,3,2,9,1900,0,3,5,NA,2,006,VERMONT AVE,CARSON ST,300,S,N,B,-,N,NA,NA,NA,NA,NA,NA,NA,NA,NA,N,3,0,1,2,A,-,10,21954,B,N,G,B,D,A,H,-,A,D,0,Y,NA,NA,NA,Y,NA,A,07,0,1,0,0,1,0,0,0,0,-,-,33.830810546875,-118.29029846191406,LOS ANGELES,UNINCORPORATED,-118.29022979736328,33.83078384399414
94949074,2025,2025-11-26,9535,2025-11-14,1830,024280,NA,5,2,9,1900,0,3,5,NA,2,002,FETTERLY AVENUE (1100 BLOCK),OLYMPIC BOULEVARD,30,N,N,A,-,N,NA,NA,NA,NA,NA,NA,NA,NA,NA,N,4,0,1,2,A,-,21,22106,NA,N,H,C,A,A,H,-,A,D,0,NA,NA,NA,NA,Y,NA,D,22,0,0,1,0,0,0,0,0,0,-,-,34.01802062988281,-118.165771484375,LOS ANGELES,UNINCORPORATED,-118.16580200195313,34.01791000366211
94949085,2025,2025-11-26,9540,2025-11-21,1645,021372,NA,5,2,6,1985,0,1,3,NA,1,144,SR-14 NORTHBOUND (ANTELOPE VALLEY FREEWAY),VISTA CANYON BOULEVARD,200,S,N,B,-,Y,LA,NA,14,NA,NA,32.501,H,NA,R,N,4,0,1,2,A,-,03,22350,NA,N,C,C,A,B,H,-,B,D,0,NA,NA,NA,NA,Y,NA,D,22,0,0,1,0,0,0,0,0,0,-,-,34.41862869262695,-118.43775939941406,LOS ANGELES,SANTA CLARITA,-118.437744140625,34.41861343383789
94949118,2025,2025-11-26,9540,2025-11-01,1750,022940,NA,6,2,9,1900,0,2,4,NA,1,201,WARD RD.,SIERRA HIGHWAY,110,N,N,A,-,N,NA,NA,NA,NA,NA,NA,NA,NA,NA,N,4,0,2,2,A,-,03,22350,NA,N,C,C,A,A,H,-,C,D,0,NA,NA,NA,NA,Y,NA,D,22,0,0,2,0,0,0,0,0,0,-,-,34.500999450683594,-118.22830200195313,LOS ANGELES,UNINCORPORATED,-118.22834014892578,34.501380920410156
94949145,2025,2025-11-26,9540,2025-11-02,1200,021118,NA,7,1,9,1900,0,1,1,NA,2,511,I-5 S/B,TEMPLIN HWY,4224,N,N,A,-,Y,LA,NA,5,NA,R,66.758,H,NA,L,Y,4,0,2,2,C,-,18,NA,NA,N,E,I,A,A,D,-,A,D,0,NA,NA,NA,Y,Y,NA,-,-,0,0,2,0,0,0,0,0,0,-,-,34.575660705566406,-118.69930267333984,LOS ANGELES,UNINCORPORATED,-118.6992645263672,34.5756950378418
94949167,2025,2025-11-26,9590,2025-11-08,2050,023472,NA,6,2,7,1942,0,1,1,NA,2,060,I-10 E/B (SANTA MONICA FREEWAY),WESTERN AVENUE,321,E,N,A,-,Y,LA,NA,10,NA,R,12.388,H,NA,R,Y,4,0,1,2,A,-,07,21658,A,N,B,C,A,A,H,-,A,D,0,NA,NA,NA,NA,Y,NA,-,-,0,0,1,0,0,0,0,0,0,-,-,34.036800384521484,-118.31651306152344,LOS ANGELES,LOS ANGELES,-118.31649780273438,34.036746978759766
94949175,2025,2025-11-26,9530,2025-11-16,2225,024092,NA,7,3,9,1900,0,3,5,NA,2,001,FIRESTONE BLVD.,GRAHAM AVE.,35,E,N,A,-,N,NA,NA,NA,NA,NA,NA,NA,NA,NA,N,4,0,1,2,A,-,08,22107,NA,M,C,C,A,A,H,-,C,D,0,NA,NA,NA,NA,Y,NA,-,99,0,0,1,0,0,0,0,0,0,-,-,33.96025848388672,-118.24288940429688,LOS ANGELES,UNINCORPORATED,-118.24298858642578,33.96015167236328
94949184,2025,2025-11-26,9530,2025-11-15,2120,023824,NA,6,2,9,1900,0,3,5,NA,2,001,HOLMES AVE.,71ST ST.,30,S,N,B,C,N,NA,NA,NA,NA,NA,NA,NA,NA,NA,N,3,0,1,2,A,-,11,21954,A,N,G,B,D,B,H,-,C,D,0,Y,NA,NA,NA,Y,NA,N,60,0,1,0,0,1,0,0,0,0,-,-,33.97536849975586,-118.24124145507813,LOS ANGELES,UNINCORPORATED,-118.24117279052734,33.97542953491211
94949200,2025,2025-11-26,9530,2025-11-05,1425,024491,NA,3,2,7,1941,1,4,S,NA,2,901,FANWOOD AVENUE (2400 BLOCK),VERNON STREET,40,S,N,A,-,N,NA,NA,NA,NA,NA,NA,NA,NA,NA,N,3,0,1,2,A,-,11,21954,A,N,D,B,D,A,H,-,A,D,0,Y,NA,NA,NA,Y,NA,N,60,0,1,0,0,1,0,0,0,0,-,-,33.801551818847656,-118.11557006835938,LOS ANGELES,LONG BEACH,-118.11555480957033,33.80153274536133
94949201,2025,2025-11-26,9530,2025-09-16,1015,023673,NA,2,1,9,1900,0,1,1,NA,2,400,I-405 N/B (SAN DIEGO FREEWAY),NORMANDIE AVE,600,S,N,A,-,Y,LA,NA,405,NA,NA,13.553,H,NA,R,N,4,0,1,2,A,-,03,22350,NA,N,C,C,A,A,H,-,A,D,0,NA,NA,NA,NA,Y,NA,D,22,0,0,1,0,0,0,0,0,0,-,-,33.85997009277344,-118.2940673828125,LOS ANGELES,UNINCORPORATED,-118.2940673828125,33.859920501708984
94949204,2025,2025-11-26,9530,2025-11-08,321,024130,NA,6,3,7,1941,0,1,3,NA,2,320,SR-91 W/B TO S/B I-710,ARTESIA BLVD.,1100,S,N,A,-,Y,LA,NA,710,NA,NA,12.642,H,NA,L,Y,3,0,1,3,C,-,18,NA,NA,N,C,C,A,A,H,-,C,D,0,NA,NA,NA,NA,Y,NA,-,-,0,1,0,0,0,0,0,0,0,-,-,33.870880126953125,-118.19467163085938,LOS ANGELES,LONG BEACH,-118.19454193115234,33.870845794677734
94949206,2025,2025-11-26,9590,2025-11-19,1010,023252,NA,3,1,7,1942,0,1,2,NA,2,070,US-101 N/B (HOLLYWOOD FREEWAY),GLENDALE BOULEVARD,115,S,N,A,-,Y,LA,NA,101,NA,NA,2.48,H,NA,R,N,4,0,1,2,A,-,03,22350,NA,M,C,C,A,A,H,-,A,D,0,NA,NA,NA,NA,Y,NA,-,99,0,0,1,0,0,0,0,0,0,-,-,34.069679260253906,-118.26081848144533,LOS ANGELES,LOS ANGELES,-118.26083374023438,34.06965255737305
94949210,2025,2025-12-16,9540,2025-09-02,1515,024253,NA,2,2,7,1942,0,1,1,NA,1,501,I-5 S/B (GOLDEN STATE FREEWAY),ROXFORD ST,3258,S,N,A,-,Y,NA,NA,NA,NA,NA,NA,NA,NA,NA,Y,1,1,0,1,A,-,08,22107,NA,N,E,8,A,A,H,-,A,D,0,NA,NA,NA,NA,Y,NA,A,01,0,0,0,0,0,0,0,0,0,-,-,34.295860290527344,-118.4731674194336,LOS ANGELES,LOS ANGELES,-118.47300720214844,34.29629135131836
94949218,2025,2025-11-26,9550,2025-11-14,15,024157,NA,5,3,9,1900,0,2,4,NA,1,042,COLIMA ROAD,LARKVANE ROAD,0,NA,Y,C,-,N,NA,NA,NA,NA,NA,NA,NA,NA,NA,Y,4,0,1,2,A,-,09,21453,B,N,D,C,A,B,H,-,C,A,0,NA,NA,NA,NA,Y,NA,A,01,0,0,1,0,0,0,0,0,0,-,-,33.98855972290039,-117.9096221923828,LOS ANGELES,UNINCORPORATED,-117.90969848632813,33.98859786987305
94949226,2025,2025-11-26,9590,2025-10-27,2130,024688,NA,1,2,7,1942,0,1,1,NA,2,060,I-10 E/B (SANTA MONICA FREEWAY),ARLINGTON AVENUE,1200,W,N,A,-,Y,LA,NA,10,NA,R,12.093,H,NA,R,N,4,0,1,3,A,-,03,22350,NA,N,C,C,A,A,H,-,B,D,0,NA,NA,NA,NA,Y,NA,A,07,0,0,1,0,0,0,0,0,0,-,-,34.03606033325195,-118.32157135009766,LOS ANGELES,LOS ANGELES,-118.32157135009766,34.03608322143555
94949267,2025,2025-11-26,9565,2025-11-19,1030,021729,NA,3,1,7,1942,0,1,1,NA,2,061,I-405 N/B,SEPULVEDA BLVD,400,S,N,A,-,Y,LA,NA,405,NA,NA,25.319,H,NA,R,N,4,0,1,2,A,-,07,21658,A,N,B,C,A,A,H,-,A,D,0,NA,NA,Y,NA,Y,NA,A,01,0,0,1,0,0,0,0,0,1,-,-,33.980228424072266,-118.39308166503906,LOS ANGELES,LOS ANGELES,-118.39305114746094,33.980247497558594
94949286,2025,2025-11-26,9530,2025-10-24,1310,022438,NA,5,1,9,1900,0,3,5,NA,2,002,BROADWAY (12600 BLOCK),126TH STREET,24,N,N,A,-,N,NA,NA,NA,NA,NA,NA,NA,NA,NA,Y,4,0,1,2,A,-,01,23152,G,N,B,E,A,A,H,-,A,D,0,NA,NA,NA,NA,Y,Y,A,07,0,0,1,0,0,0,0,0,0,-,-,33.91886901855469,-118.27841949462892,LOS ANGELES,UNINCORPORATED,-118.27831268310548,33.91893768310547
94949300,2025,2025-11-26,9580,2025-11-19,1304,019952,NA,3,1,7,1942,0,1,2,NA,2,102,US-101 N/B (VENTURA FREEWAY),BALBOA BLVD,1000,S,N,A,-,Y,LA,NA,101,NA,NA,18.89,H,NA,R,N,3,0,2,2,A,-,03,22350,NA,N,C,C,A,A,H,-,A,D,0,NA,NA,NA,NA,Y,NA,A,01,0,2,0,0,0,0,0,0,0,-,-,34.16762924194336,-118.49640655517578,LOS ANGELES,LOS ANGELES,-118.49636840820313,34.16767883300781
94949304,2025,2026-01-15,9580,2025-11-07,1825,024781,NA,5,2,7,1942,0,1,3,NA,2,116,SR-118 E/B (RONALD REAGAN FWY.),SEPULVEDA BLVD,1320,W,N,A,-,Y,LA,NA,118,NA,R,9.603,H,NA,R,Y,4,0,5,2,A,-,03,22350,NA,M,C,C,A,A,H,-,D,D,0,NA,NA,NA,NA,Y,Y,-,99,0,0,5,0,0,0,0,0,0,-,-,34.26591873168945,-118.47564697265624,LOS ANGELES,LOS ANGELES,-118.47564697265624,34.26590347290039
94949307,2025,2025-11-26,9580,2025-11-21,645,022603,NA,5,1,7,1942,0,1,1,NA,2,404,US-101 N/B (VENTURA FREEWAY),I-405 (SAN DIEGO FREEWAY),50,N,N,B,C,Y,LA,NA,101,NA,NA,17.161,H,NA,R,N,4,0,1,3,A,-,08,22107,NA,N,E,I,A,B,H,-,B,D,0,NA,NA,NA,NA,Y,NA,A,01,0,0,1,0,0,0,0,0,0,-,-,34.160888671875,-118.46946716308594,LOS ANGELES,LOS ANGELES,-118.4694366455078,34.16093063354492
94949314,2025,2025-11-26,9580,2025-11-21,1215,022603,NA,5,1,7,1942,0,1,2,NA,2,103,US-101 S/B (VENTURA FREEWAY),WOODMAN AVE,200,N,N,A,-,Y,LA,NA,101,NA,NA,15.079,H,NA,L,N,4,0,1,3,A,-,03,22350,NA,N,C,C,A,A,H,-,A,D,0,NA,NA,NA,NA,Y,NA,A,07,0,0,1,0,0,0,0,0,0,-,-,34.15559005737305,-118.43447113037108,LOS ANGELES,LOS ANGELES,-118.43447113037108,34.15554428100586
94949369,2025,2025-11-26,9590,2025-11-05,1737,024798,NA,3,2,7,1942,0,1,1,NA,2,063,I-10 W/B (SANTA MONICA FREEWAY),BROADWAY,20,E,N,A,-,Y,LA,NA,10,NA,NA,15.496,H,NA,L,Y,3,0,1,2,A,-,03,22350,NA,N,C,C,A,A,H,-,C,D,0,NA,NA,NA,NA,Y,NA,A,01,0,1,0,0,0,0,0,0,0,-,-,34.033058166503906,-118.2642822265625,LOS ANGELES,LOS ANGELES,-118.26424407958984,34.033103942871094
94949372,2025,2025-11-26,9565,2025-04-05,405,023745,NA,6,3,9,1900,0,2,4,NA,2,023,WESTERN AVENUE SOUTHBOUND,120TH STREET,150,S,N,A,-,N,NA,NA,NA,NA,NA,NA,NA,NA,NA,N,1,1,0,2,A,-,11,21956,A,F,G,B,D,A,H,-,C,D,0,Y,NA,NA,NA,Y,NA,N,60,0,0,0,1,0,0,0,0,0,-,-,33.92348861694336,-118.30915832519533,LOS ANGELES,UNINCORPORATED,-118.3090591430664,33.92361831665039
94949382,2025,2025-11-26,9535,2025-05-25,903,024086,NA,7,1,9,1900,0,3,5,NA,2,002,REPETTO AVENUE (5600 BLOCK),WILLIAMSON AVENUE,25,W,N,B,-,N,NA,NA,NA,NA,NA,NA,NA,NA,NA,N,4,0,1,3,A,-,01,23152,F,F,B,C,A,A,H,-,A,A,0,NA,NA,NA,NA,Y,NA,A,01,0,0,1,0,0,0,0,0,0,-,-,34.02568054199219,-118.14627075195313,LOS ANGELES,UNINCORPORATED,-118.14624786376952,34.02565002441406
9494944,2022,2022-10-04,1900,2022-08-20,1710,489533,0451,6,5,6,1949,0,0,0,NA,0,43T1,IMPERIAL HWY,HOXIE AV,0,NA,Y,A,-,N,NA,NA,NA,NA,NA,NA,NA,NA,NA,N,4,0,1,2,A,-,12,21453,A,N,D,C,A,A,H,-,A,A,0,NA,NA,NA,NA,Y,NA,A,01,0,0,1,0,0,0,0,0,0,-,-,NA,NA,LOS ANGELES,NORWALK,-118.1034698486328,33.91716766357422
9494945,2022,2022-10-04,1900,2022-08-23,1214,552015,0460,2,5,4,1936,0,0,0,NA,0,48B D,SANTA GERTRUDES AV,IMPERIAL HWY,395,N,N,A,-,N,NA,NA,NA,NA,NA,NA,NA,NA,NA,Y,3,0,3,3,A,-,09,21801,A,N,D,C,A,A,H,-,A,D,0,NA,NA,NA,NA,Y,NA,A,01,0,1,2,0,0,0,0,0,0,-,-,NA,NA,LOS ANGELES,LA MIRADA,-117.99435424804688,33.91836166381836
94949459,2025,2025-11-26,9550,2025-11-14,1006,024700,NA,5,1,9,1900,0,2,4,NA,1,031,HACIENDA BOULEVARD SOUTHBOUND,NEWTON STREET,200,N,N,C,-,N,NA,NA,NA,NA,NA,NA,NA,NA,NA,N,4,0,1,2,D,-,00,NA,NA,N,C,C,A,B,H,-,A,D,0,NA,NA,NA,NA,Y,NA,-,-,0,0,1,0,0,0,0,0,0,-,-,33.99679946899414,-117.9680633544922,LOS ANGELES,UNINCORPORATED,-117.9680404663086,33.996578216552734
94949466,2025,2025-11-26,9525,2025-11-22,1905,022509,NA,6,2,9,1900,0,3,5,NA,2,005,GLENDORA MOUNTAIN RD.,BIG DALTON CANYON RD,0,NA,Y,A,-,N,NA,NA,NA,NA,NA,NA,NA,NA,NA,Y,4,0,4,2,A,-,12,22450,A,F,D,C,A,A,H,-,D,A,0,NA,NA,NA,NA,Y,NA,A,07,0,0,4,0,0,0,0,0,0,-,-,34.155941009521484,-117.83661651611328,LOS ANGELES,UNINCORPORATED,-117.83663940429688,34.155845642089844
94949480,2025,2025-11-26,9550,2025-10-21,1750,022855,NA,2,2,9,1900,0,2,4,NA,1,032,GALE AVENUE,FIELDGATE AVENUE,75,E,N,A,-,N,NA,NA,NA,NA,NA,NA,NA,NA,NA,Y,4,0,1,1,A,-,08,22107,NA,N,E,8,A,A,H,-,A,D,0,NA,NA,NA,NA,Y,NA,A,01,0,0,1,0,0,0,0,0,0,-,-,34.00642013549805,-117.94805908203124,LOS ANGELES,UNINCORPORATED,-117.948486328125,34.00646209716797
94949504,2025,2025-11-26,9550,2025-10-21,1735,022855,NA,2,2,9,1900,0,2,4,NA,1,031,HACIENDA BLVD,NEWTON STREET,0,NA,Y,A,-,N,NA,NA,NA,NA,NA,NA,NA,NA,NA,N,4,0,2,3,A,-,12,21453,A,N,D,C,A,A,H,-,A,A,0,NA,NA,NA,NA,Y,NA,A,01,0,0,2,0,0,0,0,0,0,-,-,33.99605178833008,-117.96820068359376,LOS ANGELES,UNINCORPORATED,-117.96822357177734,33.99605178833008
94949510,2025,2025-11-26,9575,2025-11-15,1249,024270,NA,6,1,7,1942,0,1,1,NA,2,053,I-5 N/B (GOLDEN STATE FREEWAY),SR-118 W/B (RONALD REAGAN FREEWAY),57,N,N,C,-,Y,LA,NA,5,NA,NA,39.408,H,NA,R,Y,4,0,2,1,A,-,03,22350,NA,M,E,8,A,B,H,-,A,D,0,NA,NA,NA,NA,Y,NA,A,01,0,0,2,0,0,0,0,0,0,-,-,34.267181396484375,-118.44391632080078,LOS ANGELES,LOS ANGELES,-118.44384002685548,34.26723861694336
9494952,2022,2022-10-04,1942,2022-08-28,1510,44943,1283,7,5,7,1942,0,0,0,L,0,12A83,DENKER AV,93RD ST,0,NA,Y,A,-,N,NA,NA,NA,NA,NA,NA,NA,NA,NA,Y,3,0,1,1,A,-,03,22350,NA,N,A,I,A,A,H,-,A,D,0,NA,NA,NA,NA,Y,NA,A,01,0,1,0,0,0,0,0,0,0,-,-,NA,NA,LOS ANGELES,LOS ANGELES,-118.30467987060548,33.95188903808594
9494953,2022,2022-11-01,1942,2022-08-27,1410,38915,1233,6,5,7,1942,0,0,0,L,0,25MQ58,SLAUSON AV,CIMARRON,0,NA,Y,A,-,N,NA,NA,NA,NA,NA,NA,NA,NA,NA,Y,2,0,3,4,A,-,03,22350,NA,F,B,C,A,A,H,-,A,D,0,NA,Y,Y,NA,Y,Y,-,99,1,2,0,0,0,0,1,0,0,-,-,NA,NA,LOS ANGELES,LOS ANGELES,-118.31605529785156,33.98912048339844
9494954,2022,2022-11-30,1942,2022-08-15,1425,41376,0192,1,5,7,1942,0,0,0,A,0,27TL46,18TH ST,OLIVE ST,0,NA,Y,A,-,N,NA,NA,NA,NA,NA,NA,NA,NA,NA,Y,3,0,2,2,A,-,12,21453,A,N,D,C,A,A,H,-,A,A,0,NA,NA,NA,NA,Y,NA,A,07,0,1,1,0,0,0,0,0,0,-,-,NA,NA,LOS ANGELES,LOS ANGELES,-118.2665557861328,34.03374481201172