CASE_ID,ACCIDENT_YEAR,PROC_DATE,JURIS,COLLISION_DATE,COLLISION_TIME,OFFICER_ID,REPORTING_DISTRICT,DAY_OF_WEEK,CHP_SHIFT,POPULATION,CNTY_CITY_LOC,SPECIAL_COND,BEAT_TYPE,CHP_BEAT_TYPE,CITY_DIVISION_LAPD,CHP_BEAT_CLASS,BEAT_NUMBER,PRIMARY_RD,SECONDARY_RD,DISTANCE,DIRECTION,INTERSECTION,WEATHER_1,WEATHER_2,STATE_HWY_IND,CALTRANS_COUNTY,CALTRANS_DISTRICT,STATE_ROUTE,ROUTE_SUFFIX,POSTMILE_PREFIX,POSTMILE,LOCATION_TYPE,RAMP_INTERSECTION,SIDE_OF_HWY,TOW_AWAY,COLLISION_SEVERITY,NUMBER_KILLED,NUMBER_INJURED,PARTY_COUNT,PRIMARY_COLL_FACTOR,PCF_CODE_OF_VIOL,PCF_VIOL_CATEGORY,PCF_VIOLATION,PCF_VIOL_SUBSECTION,HIT_AND_RUN,TYPE_OF_COLLISION,MVIW,PED_ACTION,ROAD_SURFACE,ROAD_COND_1,ROAD_COND_2,LIGHTING,CONTROL_DEVICE,CHP_ROAD_TYPE,PEDESTRIAN_ACCIDENT,BICYCLE_ACCIDENT,MOTORCYCLE_ACCIDENT,TRUCK_ACCIDENT,NOT_PRIVATE_PROPERTY,ALCOHOL_INVOLVED,STWD_VEHTYPE_AT_FAULT,CHP_VEHTYPE_AT_FAULT,COUNT_SEVERE_INJ,COUNT_VISIBLE_INJ,COUNT_COMPLAINT_PAIN,COUNT_PED_KILLED,COUNT_PED_INJURED,COUNT_BICYCLIST_KILLED,COUNT_BICYCLIST_INJURED,COUNT_MC_KILLED,COUNT_MC_INJURED,PRIMARY_RAMP,SECONDARY_RAMP,LATITUDE,LONGITUDE,COUNTY,CITY,POINT_X,POINT_Y
94955712,2025,2025-12-03,9565,2025-11-26,1840,024772,NA,3,2,7,1942,0,1,1,NA,2,063,I-405 N/B,I-10 E/B,500,S,N,A,-,Y,LA,NA,405,NA,NA,29.447,H,NA,R,N,4,0,1,1,A,-,03,22350,NA,N,E,J,A,A,H,-,C,D,0,NA,NA,Y,NA,Y,NA,C,02,0,0,1,0,0,0,0,0,1,-,-,34.030120849609375,-118.43256378173828,LOS ANGELES,LOS ANGELES,-118.43252563476564,34.0301399230957
94955717,2025,2025-12-03,9580,2025-11-20,1100,018431,NA,4,1,7,1942,0,1,3,NA,2,117,SR-118 W/B (RONALD REAGAN FWY),TAMPA AVE.,420,E,N,B,-,Y,LA,NA,118,NA,R,4.73,H,NA,L,Y,4,0,1,2,A,-,07,21658,A,N,B,C,A,A,H,-,A,D,0,NA,NA,NA,Y,Y,NA,A,01,0,0,1,0,0,0,0,0,0,-,-,34.2724494934082,-118.55467987060548,LOS ANGELES,LOS ANGELES,-118.55467987060548,34.27237319946289
94955718,2025,2025-12-03,9565,2025-11-23,1905,024279,NA,7,2,9,1900,0,3,5,NA,2,002,EL SEGUNDO BOULEVARD,NORMANDIE AVENUE,90,E,N,A,-,N,NA,NA,NA,NA,NA,NA,NA,NA,NA,Y,4,0,1,3,A,-,03,22350,NA,N,C,C,A,A,H,-,C,A,0,NA,NA,NA,NA,Y,NA,A,01,0,0,1,0,0,0,0,0,0,-,-,33.91653060913086,-118.30008697509766,LOS ANGELES,UNINCORPORATED,-118.3000946044922,33.91643142700195
94955719,2025,2025-12-03,9580,2025-11-21,1555,022966,NA,5,2,7,1942,0,1,2,NA,2,100,US-101 N/B (HOLLYWOOD FREEWAY),CAMPO DE CAHUENGA,275,N,N,B,-,Y,LA,NA,101,NA,NA,10.904,H,NA,R,N,3,0,3,3,A,-,03,22350,NA,N,C,C,A,A,H,-,A,D,0,NA,NA,NA,NA,Y,NA,A,01,0,1,2,0,0,0,0,0,0,-,-,34.144500732421875,-118.36791229248048,LOS ANGELES,LOS ANGELES,-118.36785888671876,34.14451599121094
94955720,2025,2025-12-03,9580,2025-11-23,710,022603,NA,7,1,7,1942,0,1,2,NA,2,105,US-101 S/B (VENTURA FREEWAY),RESEDA BLVD,1000,S,N,B,-,Y,LA,NA,101,NA,NA,20.969,H,NA,L,N,4,0,1,3,A,-,03,22350,NA,N,C,C,A,A,H,-,A,D,0,NA,NA,NA,NA,Y,NA,D,22,0,0,1,0,0,0,0,0,0,-,-,34.1715202331543,-118.53131103515624,LOS ANGELES,LOS ANGELES,-118.53128051757813,34.17157745361328
94955728,2025,2025-12-03,9580,2025-11-29,1350,022746,NA,6,1,7,1942,0,1,2,NA,2,102,US-101 N/B TO HAYVENHURST AVE.,HAYVENHURST AVE,528,S,N,A,-,Y,LA,NA,101,NA,NA,18.487,H,NA,R,Y,4,0,1,2,A,-,03,22350,NA,N,C,C,A,A,H,-,A,D,0,NA,NA,NA,Y,Y,NA,A,01,0,0,1,0,0,0,0,0,0,-,-,34.165409088134766,-118.49014282226564,LOS ANGELES,LOS ANGELES,-118.49013519287108,34.16529083251953
94955734,2025,2025-12-03,9580,2025-12-02,810,019958,NA,2,1,7,1942,0,1,3,NA,2,117,SR-118 WESTBOUND (RONALD REAGAN FREEWAY),HAYVENHURST AVE,40,W,N,A,-,Y,LA,NA,118,NA,R,8.323,H,NA,L,N,4,0,1,2,A,-,07,21658,A,N,C,C,A,A,H,-,A,D,0,NA,NA,NA,NA,Y,NA,A,01,0,0,1,0,0,0,0,0,0,-,-,34.27524948120117,-118.4938507080078,LOS ANGELES,LOS ANGELES,-118.49382019042967,34.275272369384766
94955735,2025,2025-12-03,9575,2025-11-25,1935,021879,NA,2,2,6,1925,0,1,3,NA,2,042,SR-134 W/B (VENTURA FREEWAY),SAN FERNANDO RD.,1930,E,N,A,-,Y,LA,NA,134,NA,R,6.319,H,NA,L,Y,4,0,1,3,A,-,03,22350,NA,N,C,C,A,A,H,-,C,D,0,NA,NA,NA,NA,Y,NA,A,07,0,0,1,0,0,0,0,0,0,-,-,34.15547180175781,-118.26905059814452,LOS ANGELES,GLENDALE,-118.26902770996094,34.15541076660156
94955740,2025,2025-12-03,9580,2025-11-11,1543,022717,NA,2,2,7,1942,0,1,2,NA,2,102,US-101 N/B (VENTURA FREEWAY),VAN NUYS BLVD,650,N,N,A,-,Y,LA,NA,101,NA,NA,16.265,H,NA,R,Y,4,0,1,2,A,-,01,23152,F,N,C,C,A,A,H,-,A,D,0,NA,NA,NA,NA,Y,NA,A,01,0,0,1,0,0,0,0,0,0,-,-,34.15803909301758,-118.45449066162108,LOS ANGELES,LOS ANGELES,-118.45450592041016,34.15789794921875
94955743,2025,2025-12-03,9565,2025-11-06,915,024559,NA,4,1,9,1900,0,3,5,NA,2,002,CENTURY BLVD,BUDLONG AVE,0,NA,Y,A,-,N,NA,NA,NA,NA,NA,NA,NA,NA,NA,N,4,0,4,2,A,-,08,22100,A,N,B,C,A,A,H,-,A,A,0,NA,NA,NA,NA,Y,NA,A,01,0,0,4,0,0,0,0,0,0,-,-,33.94554901123047,-118.2959213256836,LOS ANGELES,UNINCORPORATED,-118.29615020751952,33.94548797607422
94955748,2025,2025-12-03,9565,2025-11-20,2050,024695,NA,4,2,7,1942,0,1,1,NA,2,010,I-105 EASTBOUND,AVIATION BLVD,245,E,N,C,-,Y,LA,NA,105,NA,R,1.63,H,NA,R,N,4,0,1,1,A,-,03,22350,NA,N,E,I,A,B,H,-,C,D,0,NA,NA,NA,NA,Y,NA,A,07,0,0,1,0,0,0,0,0,0,-,-,33.930118560791016,-118.37673950195313,LOS ANGELES,LOS ANGELES,-118.3767547607422,33.9300651550293
94955755,2025,2025-12-03,9565,2025-10-27,1450,024559,NA,1,2,7,1942,0,1,1,NA,2,082,I-10 E/B,COVENTRY PL,40,W,N,A,-,Y,LA,NA,10,NA,R,5.993,H,NA,R,N,4,0,1,3,A,-,07,21658,A,N,D,C,A,A,H,-,A,D,0,NA,NA,Y,NA,Y,NA,A,07,0,0,1,0,0,0,0,0,1,-,-,34.03171920776367,-118.4242935180664,LOS ANGELES,LOS ANGELES,-118.4242935180664,34.03166198730469
94955757,2025,2025-12-03,9565,2025-11-24,725,024591,NA,1,1,4,1918,0,1,1,NA,2,061,I-405 S/B,CULVER BLVD,1000,S,N,A,-,Y,LA,NA,405,NA,NA,26.361,H,NA,L,N,3,0,1,2,A,-,03,22350,NA,N,C,C,A,A,H,-,A,D,0,NA,NA,Y,NA,Y,NA,A,01,0,1,0,0,0,0,0,0,1,-,-,33.99266815185547,-118.40323638916016,LOS ANGELES,CULVER CITY,-118.40316009521484,33.992713928222656
94955764,2025,2025-12-03,9530,2025-11-19,1627,024138,NA,3,2,7,1941,0,1,1,NA,2,071,I-710 N/B (LONG BEACH FREEWAY),LONG BEACH BLVD.,1531,S,N,A,-,Y,LA,NA,710,NA,NA,11.682,H,NA,R,Y,4,0,1,2,A,-,03,22350,NA,N,C,C,A,A,H,-,B,D,0,NA,NA,NA,NA,Y,NA,A,01,0,0,1,0,0,0,0,0,0,-,-,33.85837173461914,-118.2021713256836,LOS ANGELES,LONG BEACH,-118.2021026611328,33.858341217041016
9495582,2022,2022-10-06,1938,2022-08-10,1027,1177,NA,3,5,4,1938,0,0,0,NA,0,001,BASLINE RD,WHEELER AV,0,NA,Y,A,-,N,NA,NA,NA,NA,NA,NA,NA,NA,NA,Y,2,0,3,4,A,-,12,21453,A,N,D,C,A,A,H,-,A,A,0,NA,NA,NA,NA,Y,NA,A,01,1,2,0,0,0,0,0,0,0,-,-,NA,NA,LOS ANGELES,LA VERNE,-117.77684783935548,34.121681213378906
94955828,2025,2025-12-03,9540,2025-11-29,1945,023867,NA,6,2,9,1900,0,1,3,NA,2,147,SR-14 S/B,SOLEDAD CANYON RD,5280,N,N,A,-,Y,LA,NA,14,NA,NA,36.974,H,NA,L,Y,4,0,1,2,A,-,03,22350,NA,N,C,C,A,A,H,-,D,D,0,NA,NA,NA,NA,Y,NA,A,07,0,0,1,0,0,0,0,0,0,-,-,34.44131088256836,-118.36631011962892,LOS ANGELES,UNINCORPORATED,-118.36630249023438,34.44130325317383
9495583,2022,2022-10-06,1938,2022-08-19,1425,1269,NA,5,5,4,1938,0,0,0,NA,0,003,WHITE AV,BONITA AV,0,NA,Y,A,-,N,NA,NA,NA,NA,NA,NA,NA,NA,NA,N,3,0,1,2,A,-,09,21801,A,F,B,C,A,A,H,-,A,A,0,NA,NA,NA,NA,Y,NA,A,01,0,1,0,0,0,0,0,0,0,-,-,NA,NA,LOS ANGELES,LA VERNE,-117.76252746582033,34.099613189697266
94955836,2025,2025-12-03,9590,2025-12-01,755,016230,NA,1,1,7,1942,0,1,1,NA,2,051,I-110 SB (HAF),57TH ST,373,S,N,A,-,Y,LA,NA,110,NA,NA,18.006,H,NA,L,N,4,0,1,2,A,-,03,22350,NA,N,C,C,A,A,H,-,A,D,0,NA,NA,NA,NA,Y,NA,D,22,0,0,1,0,0,0,0,0,0,-,-,33.989479064941406,-118.28076934814452,LOS ANGELES,LOS ANGELES,-118.28060913085938,33.989479064941406
94955849,2025,2025-12-03,9590,2025-12-01,516,023621,NA,1,3,7,1942,0,1,2,NA,2,073,US-101 S/B (HOLLYWOOD FREEWAY),MULHOLLAND DRIVE,580,S,N,A,-,Y,LA,NA,101,NA,NA,8.627,H,NA,L,N,4,0,1,1,A,-,01,23152,A,N,E,I,A,A,H,-,C,D,0,NA,NA,NA,NA,Y,Y,A,01,0,0,1,0,0,0,0,0,0,-,-,34.1220703125,-118.34046936035156,LOS ANGELES,LOS ANGELES,-118.34054565429688,34.122013092041016
9495585,2022,2022-10-06,1900,2022-08-04,1853,621336,1510,4,5,5,1954,0,0,0,NA,0,151T3,BEVERLY BL,ACACIA AV,39,E,N,A,-,N,NA,NA,NA,NA,NA,NA,NA,NA,NA,N,3,0,1,2,A,-,08,22107,NA,F,B,G,A,A,H,-,A,D,0,NA,Y,NA,NA,Y,NA,A,01,0,1,0,0,0,0,1,0,0,-,-,34.01128005981445,-118.08287811279295,LOS ANGELES,PICO RIVERA,-118.0829620361328,34.011192321777344
94955852,2025,2025-12-03,9590,2025-11-26,1507,019048,NA,3,2,7,1942,0,1,1,NA,2,084,I-5 N/B,LOS FELIZ,150,N,N,A,-,Y,LA,NA,5,NA,NA,24.363,H,NA,R,N,4,0,1,2,A,-,07,21658,A,N,B,C,A,A,H,-,A,D,0,NA,NA,Y,NA,Y,NA,A,01,0,0,1,0,0,0,0,0,1,-,-,34.12099075317383,-118.2713623046875,LOS ANGELES,LOS ANGELES,-118.27130889892578,34.121009826660156
94955858,2025,2025-12-03,9590,2025-11-25,1200,016230,NA,2,1,7,1942,0,1,1,NA,2,040,I-5 N/B (SAF),ESPERANZA STREET,375,N,N,A,-,Y,LA,NA,5,NA,NA,15.404,H,NA,R,N,4,0,2,2,A,-,03,22350,NA,N,C,C,A,A,H,-,A,D,0,NA,NA,NA,NA,Y,NA,A,01,0,0,2,0,0,0,0,0,0,-,-,34.0228385925293,-118.19937133789064,LOS ANGELES,LOS ANGELES,-118.19937896728516,34.022830963134766
9495586,2022,2022-10-07,1900,2022-08-26,1835,540401,1512,5,5,5,1954,0,0,0,NA,0,151T2,DELAND AV,BEVERLY RD,0,NA,Y,A,-,N,NA,NA,NA,NA,NA,NA,NA,NA,NA,N,3,0,1,2,A,-,11,21950,B,N,G,B,B,A,H,-,A,D,0,Y,NA,NA,NA,Y,NA,N,60,0,1,0,0,1,0,0,0,0,-,-,34.00587844848633,-118.07884979248048,LOS ANGELES,PICO RIVERA,-118.07875823974608,34.005699157714844
94955860,2025,2025-12-03,9580,2025-12-01,1435,022663,NA,1,2,7,1942,0,1,2,NA,2,102,US-101 N/B (VENTURA FREEWAY),HASKELL AVE,550,S,N,A,-,Y,LA,NA,101,NA,NA,17.482,H,NA,R,N,4,0,2,3,A,-,03,22350,NA,N,C,C,A,A,H,-,A,D,0,NA,NA,NA,NA,Y,NA,D,22,0,0,2,0,0,0,0,0,0,-,-,34.16448974609375,-118.47305297851564,LOS ANGELES,LOS ANGELES,-118.47309112548828,34.16444396972656
94955862,2025,2025-12-03,9590,2025-11-24,1915,022750,NA,1,2,7,1942,0,1,2,NA,2,070,US-101 N/B (HOLLYWOOD FREEWAY),FIGUEROA STREET,900,N,N,A,-,Y,LA,NA,101,NA,NA,1.624,H,NA,R,N,4,0,1,2,A,-,03,22350,NA,M,C,C,A,A,H,-,C,D,0,NA,NA,NA,NA,Y,NA,-,99,0,0,1,0,0,0,0,0,0,-,-,34.063079833984375,-118.24907684326172,LOS ANGELES,LOS ANGELES,-118.24905395507813,34.06309509277344
94955882,2025,2025-12-03,9565,2025-06-07,1252,023177,NA,6,1,7,1942,0,1,1,NA,2,064,I-405 S/B (SAN DIEGO FWY),SUNSET BLVD.,200,N,N,A,-,Y,LA,NA,405,NA,NA,33.042,H,NA,L,Y,3,0,1,2,D,-,00,NA,NA,M,C,C,A,A,H,-,A,D,0,NA,NA,Y,NA,Y,Y,-,-,0,1,0,0,0,0,0,0,1,-,-,34.07334899902344,-118.46707916259766,LOS ANGELES,LOS ANGELES,-118.4671630859375,34.073307037353516
94955890,2025,2025-12-03,9535,2025-12-02,927,020902,NA,2,1,7,1942,0,1,1,NA,2,111,I-10 W/B (SAN BERNARDINO FWY.),I-5,10,W,N,A,-,Y,LA,NA,10,S,NA,18.393,H,NA,R,N,4,0,2,3,A,-,03,22350,NA,N,C,C,A,A,H,-,A,D,0,NA,NA,NA,NA,Y,NA,I,20,0,0,2,0,0,0,0,0,0,-,-,34.056800842285156,-118.21456909179688,LOS ANGELES,LOS ANGELES,-118.21456909179688,34.05678176879883
94955895,2025,2025-12-03,9540,2025-11-22,2246,023847,NA,6,3,7,1942,0,1,1,NA,1,503,I-5 S/B (GOLDEN STATE FREEWAY),SR-14 (ANTELOPE VALLEY FREEWAY),75,S,N,A,-,Y,LA,NA,5,NA,R,45.553,H,NA,L,Y,4,0,1,2,A,-,07,21658,A,M,C,2,A,A,H,-,C,D,0,NA,NA,NA,NA,Y,NA,A,01,0,0,1,0,0,0,0,0,0,-,-,34.33333969116211,-118.50804138183594,LOS ANGELES,LOS ANGELES,-118.50807189941406,34.33332061767578
9495592,2022,2022-10-07,1972,2022-08-29,1557,21239,NA,1,5,6,1972,0,0,0,NA,0,NA,CRENSHAW BL,SONOMA ST,25,N,N,A,-,N,NA,NA,NA,NA,NA,NA,NA,NA,NA,N,3,0,1,2,A,-,09,21802,A,N,D,G,A,A,H,-,A,A,0,NA,Y,NA,NA,Y,NA,L,04,0,1,0,0,0,0,1,0,0,-,-,NA,NA,LOS ANGELES,TORRANCE,-118.3286361694336,33.83292007446289
9495593,2022,2022-10-07,1972,2022-08-18,1313,15555,NA,4,5,6,1972,0,0,0,NA,0,NA,DEL AMO BL,MARINER AV,0,NA,Y,A,-,N,NA,NA,NA,NA,NA,NA,NA,NA,NA,Y,4,0,1,1,C,-,18,NA,NA,N,E,I,A,A,H,-,A,A,0,NA,NA,NA,NA,Y,NA,-,-,0,0,1,0,0,0,0,0,0,-,-,NA,NA,LOS ANGELES,TORRANCE,-118.3496551513672,33.848575592041016
94955936,2025,2025-12-03,9540,2025-11-16,2137,023847,NA,7,2,9,1900,0,2,4,NA,1,201,SIERRA HWY S/B,EASTERN AVE,140,S,N,A,-,N,NA,NA,NA,NA,NA,NA,NA,NA,NA,Y,2,0,1,1,A,-,01,23152,A,N,E,8,A,A,H,-,C,D,0,NA,NA,NA,NA,Y,Y,A,01,1,0,0,0,0,0,0,0,0,-,-,34.50914001464844,-118.36376953125,LOS ANGELES,UNINCORPORATED,-118.36312103271484,34.509544372558594
9495594,2022,2022-10-07,1972,2022-08-21,1015,21600,NA,7,5,6,1972,0,0,0,NA,0,NA,PALOS VERDES BL,CALLE MAYOR,0,NA,Y,A,-,N,NA,NA,NA,NA,NA,NA,NA,NA,NA,N,4,0,1,2,A,-,09,21801,A,N,A,C,A,A,H,-,A,A,0,NA,NA,NA,NA,Y,NA,A,01,0,0,1,0,0,0,0,0,0,-,-,NA,NA,LOS ANGELES,TORRANCE,-118.38875579833984,33.80790710449219
94955946,2025,2026-01-16,9540,2025-10-26,2005,024271,NA,7,2,9,1900,0,2,4,NA,1,201,SIERRA HWY,SHANNONDALE RD,688,N,N,A,-,N,NA,NA,NA,NA,NA,NA,NA,NA,NA,Y,2,0,5,3,A,-,05,21651,B,N,B,2,A,A,H,-,B,D,0,NA,NA,NA,NA,Y,Y,A,01,2,0,3,0,0,0,0,0,0,-,-,34.51612854003906,-118.23928833007813,LOS ANGELES,UNINCORPORATED,-118.23921966552734,34.51606750488281
94955957,2025,2025-12-03,9540,2025-12-02,620,018024,NA,2,1,9,1900,0,2,4,NA,1,204,BOUQUET CANYON RD,SHADOW VALLEY LN,300,N,N,A,-,N,NA,NA,NA,NA,NA,NA,NA,NA,NA,Y,4,0,2,2,A,-,03,22350,NA,N,D,C,A,A,H,-,A,D,0,NA,NA,NA,Y,Y,NA,A,01,0,0,2,0,0,0,0,0,0,-,-,34.46028137207031,-118.48503875732422,LOS ANGELES,UNINCORPORATED,-118.48511505126952,34.46019744873047
94955970,2025,2025-12-03,9530,2025-11-20,253,024138,NA,4,3,9,1900,0,2,S,NA,2,901,104TH STREET,FIGUEROA STREET,0,NA,Y,A,-,N,NA,NA,NA,NA,NA,NA,NA,NA,NA,Y,4,0,2,3,B,-,22,NA,NA,N,D,C,A,A,H,-,C,A,0,NA,NA,NA,Y,Y,NA,J,48,0,0,2,0,0,0,0,0,0,-,-,33.941890716552734,-118.28254699707033,LOS ANGELES,UNINCORPORATED,-118.28263092041016,33.94232177734375
9495601,2022,2022-11-16,1941,2022-07-12,1409,5968,NA,2,5,7,1941,0,0,0,NA,0,NA,7TH ST,WALNUT AV,425,W,N,A,-,N,NA,NA,NA,NA,NA,NA,NA,NA,NA,Y,3,0,3,3,A,-,06,21750,NA,N,B,C,A,A,H,-,A,A,0,NA,NA,NA,NA,Y,NA,A,NA,0,1,2,0,0,0,0,0,0,-,-,NA,NA,LOS ANGELES,LONG BEACH,-118.17342376708984,33.77534103393555
9495603,2022,2022-10-06,1900,2022-07-18,2138,621336,1517,1,5,5,1954,0,0,0,NA,0,151T3,SLAUSON AV,PASSONS BL,41,W,N,A,-,N,NA,NA,NA,NA,NA,NA,NA,NA,NA,N,3,0,1,2,A,-,03,22350,NA,N,C,C,A,A,H,-,C,D,0,NA,NA,NA,NA,Y,NA,A,07,0,1,0,0,0,0,0,0,0,-,-,33.9686393737793,-118.09744262695313,LOS ANGELES,PICO RIVERA,-118.09735870361328,33.96857833862305
94956053,2025,2025-12-03,9530,2025-11-19,1925,022022,NA,3,2,9,1900,0,1,3,NA,2,220,SR-22 E/B (GARDEN GROVE FREEWAY),STUDEBAKER RD.,1529,E,N,A,-,Y,LA,NA,22,NA,NA,1.444,H,NA,R,N,4,0,1,2,A,-,03,22350,NA,N,C,C,A,A,H,-,C,D,0,NA,NA,Y,NA,Y,NA,C,02,0,0,1,0,0,0,0,0,1,-,-,33.7741813659668,-118.09795379638672,LOS ANGELES,UNINCORPORATED,-118.09795379638672,33.77418518066406
9495606,2022,2022-10-06,1941,2022-07-13,2248,11233,NA,3,5,7,1941,0,0,0,NA,0,NA,BROADWAY,TEMPLE AV,0,NA,Y,A,-,N,NA,NA,NA,NA,NA,NA,NA,NA,NA,N,4,0,1,2,A,-,11,21954,A,N,A,B,D,A,H,-,C,A,0,Y,NA,NA,NA,Y,NA,N,NA,0,0,1,0,1,0,0,0,0,-,-,NA,NA,LOS ANGELES,LONG BEACH,-118.1589584350586,33.765499114990234
94956065,2025,2025-12-03,9590,2025-10-13,240,024627,NA,1,3,7,1942,0,1,2,NA,2,073,US-101 S/B (HOLLYWOOD FREEWAY),CAHUENGA BLVD,1375,N,N,A,-,Y,LA,NA,101,NA,NA,7.717,H,NA,L,N,3,0,2,1,A,-,01,23152,A,N,F,8,A,A,H,-,D,D,0,NA,NA,NA,NA,Y,Y,A,01,0,2,0,0,0,0,0,0,0,-,-,34.1102294921875,-118.33428955078124,LOS ANGELES,LOS ANGELES,-118.33435821533205,34.11017990112305
9495607,2022,2022-10-06,1941,2022-07-16,1939,11133,NA,6,5,7,1941,0,0,0,NA,0,NA,OCEAN BL,PACIFIC AV,0,NA,Y,A,-,N,NA,NA,NA,NA,NA,NA,NA,NA,NA,N,3,0,1,2,A,-,12,21453,A,N,B,G,A,A,H,-,A,A,0,NA,Y,NA,NA,Y,NA,-,-,0,1,0,0,0,0,1,0,0,-,-,NA,NA,LOS ANGELES,LONG BEACH,-118.19374084472656,33.76703643798828
94956075,2025,2025-12-03,9530,2025-11-19,1450,023797,NA,3,2,9,1900,0,3,5,NA,2,001,GAGE AVE,CONVERSE AVE,100,E,N,A,-,N,NA,NA,NA,NA,NA,NA,NA,NA,NA,N,4,0,1,2,A,-,08,22107,NA,N,B,C,A,A,H,-,A,A,0,NA,NA,NA,Y,Y,NA,-,-,0,0,1,0,0,0,0,0,0,-,-,33.98208999633789,-118.24366760253906,LOS ANGELES,UNINCORPORATED,-118.24375915527344,33.98202133178711
9495608,2022,2022-10-06,1941,2022-07-17,0022,11553,NA,7,5,7,1941,0,0,0,NA,0,NA,OCEAN BL,KENNEBEC AV,1,E,N,A,-,N,NA,NA,NA,NA,NA,NA,NA,NA,NA,Y,4,0,3,2,A,-,05,21651,C,M,B,C,A,A,H,-,C,A,0,NA,NA,NA,NA,Y,NA,A,NA,0,0,3,0,0,0,0,0,0,-,-,NA,NA,LOS ANGELES,LONG BEACH,-118.16489410400392,33.76382827758789
9495609,2022,2022-10-10,1953,2022-07-30,2500,9500,1953,6,5,6,1953,0,0,0,NA,0,002,N WILSON AV,VILLA ST,0,NA,Y,B,-,N,NA,NA,NA,NA,NA,NA,NA,NA,NA,N,3,0,1,2,A,-,12,21453,A,N,D,G,A,A,H,-,A,A,0,NA,Y,NA,NA,Y,NA,L,04,0,1,0,0,0,0,1,0,0,-,-,NA,NA,LOS ANGELES,PASADENA,-118.12816619873048,34.15431594848633
94956100,2025,2025-12-03,9590,2025-11-16,500,024131,NA,7,3,7,1942,0,1,1,NA,2,041,I-5 S/B (GOLDEN STATE FREEWAY),INDIANA STREET,575,N,N,B,-,Y,LA,NA,5,NA,NA,15.069,H,NA,L,Y,4,0,1,2,A,-,07,21658,A,N,B,C,A,B,H,-,C,D,0,NA,NA,NA,Y,Y,NA,A,01,0,0,1,0,0,0,0,0,0,-,-,34.020511627197266,-118.19420623779295,LOS ANGELES,LOS ANGELES,-118.19420623779295,34.0205192565918
9495613,2022,2022-10-06,1941,2022-07-27,2156,10009,NA,3,5,7,1941,0,0,0,NA,0,NA,ORANGE AV,55TH ST,0,NA,Y,A,-,N,NA,NA,NA,NA,NA,NA,NA,NA,NA,Y,4,0,3,2,-,-,-,NA,NA,N,C,C,A,A,H,-,C,D,0,NA,NA,NA,NA,Y,NA,-,-,0,0,3,0,0,0,0,0,0,-,-,NA,NA,LOS ANGELES,LONG BEACH,-118.1772689819336,33.85601043701172
94956131,2025,2025-12-03,9530,2025-11-17,2220,020726,NA,1,3,9,1900,0,3,5,NA,2,003,COMPTON BLVD.,GIBSON AVE,0,NA,Y,B,-,N,NA,NA,NA,NA,NA,NA,NA,NA,NA,Y,3,0,2,3,A,-,09,21453,B,N,D,C,A,B,H,-,C,A,0,NA,NA,NA,NA,Y,Y,A,01,0,1,1,0,0,0,0,0,0,-,-,33.896270751953125,-118.1890106201172,LOS ANGELES,UNINCORPORATED,-118.1890106201172,33.89621353149414
9495614,2022,2022-10-06,1941,2022-07-17,1352,11009,NA,7,5,7,1941,0,0,0,NA,0,NA,OCEAN BL,MAGNOLIA AV,0,NA,Y,A,-,N,NA,NA,NA,NA,NA,NA,NA,NA,NA,N,4,0,1,2,A,-,09,21801,A,N,D,C,A,A,H,-,A,A,0,NA,NA,NA,NA,Y,NA,A,NA,0,0,1,0,0,0,0,0,0,-,-,NA,NA,LOS ANGELES,LONG BEACH,-118.19807434082033,33.76738739013672
9495615,2022,2022-10-17,1941,2022-07-04,2211,10545,NA,1,5,7,1941,0,0,0,NA,0,NA,PLYMOUTH ST,PACIFIC AV,0,NA,Y,A,-,N,NA,NA,NA,NA,NA,NA,NA,NA,NA,Y,3,0,3,4,A,-,03,22350,NA,N,C,C,E,A,G,-,C,D,0,Y,NA,NA,NA,Y,Y,A,NA,0,3,0,0,2,0,0,0,0,-,-,NA,NA,LOS ANGELES,LONG BEACH,-118.19847869873048,33.85325622558594
9495618,2022,2022-10-06,1956,2022-07-08,1749,1292,24,5,5,5,1956,0,0,0,NA,0,002,N HARBOR DR,PORTOFINO WY,288,N,N,A,-,N,NA,NA,NA,NA,NA,NA,NA,NA,NA,N,3,0,1,2,A,-,01,23152,A,N,G,B,D,A,H,-,A,D,0,Y,NA,NA,NA,Y,Y,A,07,0,1,0,0,1,0,0,0,0,-,-,NA,NA,LOS ANGELES,REDONDO BEACH,-118.39401245117188,33.84675979614258
9495619,2022,2022-10-06,1900,2022-07-06,1951,646514,0451,3,5,6,1949,0,0,0,NA,0,133A,FIRESTONE BL,ORR AND DAY,32,E,N,A,-,N,NA,NA,NA,NA,NA,NA,NA,NA,NA,N,2,0,2,2,A,-,12,21453,A,M,D,D,A,A,H,-,A,A,0,NA,NA,NA,NA,Y,NA,A,01,1,0,1,0,0,0,0,0,0,-,-,NA,NA,LOS ANGELES,NORWALK,-118.09120178222656,33.91767120361328