CASE_ID,ACCIDENT_YEAR,PROC_DATE,JURIS,COLLISION_DATE,COLLISION_TIME,OFFICER_ID,REPORTING_DISTRICT,DAY_OF_WEEK,CHP_SHIFT,POPULATION,CNTY_CITY_LOC,SPECIAL_COND,BEAT_TYPE,CHP_BEAT_TYPE,CITY_DIVISION_LAPD,CHP_BEAT_CLASS,BEAT_NUMBER,PRIMARY_RD,SECONDARY_RD,DISTANCE,DIRECTION,INTERSECTION,WEATHER_1,WEATHER_2,STATE_HWY_IND,CALTRANS_COUNTY,CALTRANS_DISTRICT,STATE_ROUTE,ROUTE_SUFFIX,POSTMILE_PREFIX,POSTMILE,LOCATION_TYPE,RAMP_INTERSECTION,SIDE_OF_HWY,TOW_AWAY,COLLISION_SEVERITY,NUMBER_KILLED,NUMBER_INJURED,PARTY_COUNT,PRIMARY_COLL_FACTOR,PCF_CODE_OF_VIOL,PCF_VIOL_CATEGORY,PCF_VIOLATION,PCF_VIOL_SUBSECTION,HIT_AND_RUN,TYPE_OF_COLLISION,MVIW,PED_ACTION,ROAD_SURFACE,ROAD_COND_1,ROAD_COND_2,LIGHTING,CONTROL_DEVICE,CHP_ROAD_TYPE,PEDESTRIAN_ACCIDENT,BICYCLE_ACCIDENT,MOTORCYCLE_ACCIDENT,TRUCK_ACCIDENT,NOT_PRIVATE_PROPERTY,ALCOHOL_INVOLVED,STWD_VEHTYPE_AT_FAULT,CHP_VEHTYPE_AT_FAULT,COUNT_SEVERE_INJ,COUNT_VISIBLE_INJ,COUNT_COMPLAINT_PAIN,COUNT_PED_KILLED,COUNT_PED_INJURED,COUNT_BICYCLIST_KILLED,COUNT_BICYCLIST_INJURED,COUNT_MC_KILLED,COUNT_MC_INJURED,PRIMARY_RAMP,SECONDARY_RAMP,LATITUDE,LONGITUDE,COUNTY,CITY,POINT_X,POINT_Y
94961358,2025,2025-12-08,9575,2025-11-22,1306,023009,NA,6,1,7,1942,0,1,1,NA,2,053,I-5 S/B (GOLDEN STATE FREEWAY),BRANFORD ST,1669,S,N,A,-,Y,LA,NA,5,NA,NA,36.558,H,NA,L,N,3,0,1,4,A,-,03,22350,NA,N,C,C,A,A,H,-,A,D,0,NA,NA,NA,NA,Y,NA,D,22,0,1,0,0,0,0,0,0,0,-,-,34.23521041870117,-118.41248321533205,LOS ANGELES,LOS ANGELES,-118.41248321533205,34.235206604003906
94961370,2025,2025-12-08,9525,2025-11-13,1750,024525,NA,4,2,5,1990,0,1,3,NA,2,603,SR-60 W/B (POMONA FREEWAY),PHILLIPS RANCH ROAD,1584,W,N,A,-,Y,LA,NA,60,NA,R,27.714,H,NA,L,N,4,0,1,2,A,-,07,21658,A,F,B,C,A,A,H,-,C,D,0,NA,NA,NA,NA,Y,NA,D,22,0,0,1,0,0,0,0,0,0,-,-,34.025718688964844,-117.77626037597656,LOS ANGELES,DIAMOND BAR,-117.77625274658205,34.0257453918457
94961379,2025,2025-12-08,9590,2025-12-01,1740,023946,NA,1,2,7,1942,0,1,1,NA,2,021,I-10 WESTBOUND (SAN BERNARDINO FREEWAY),STATE STREET,914,E,N,A,-,Y,LA,NA,10,NA,NA,18.7,H,NA,L,Y,3,0,3,3,A,-,03,22350,NA,N,C,C,A,A,H,-,C,D,0,NA,NA,NA,NA,Y,NA,A,07,0,1,2,0,0,0,0,0,0,-,-,34.05424118041992,-118.20899200439452,LOS ANGELES,LOS ANGELES,-118.2090072631836,34.05419921875
9496139,2022,2022-08-26,1956,2022-06-26,1307,1346,NA,7,5,5,1956,0,0,0,NA,0,NA,HARBOR DR,HERONDO ST,0,NA,Y,A,-,N,NA,NA,NA,NA,NA,NA,NA,NA,NA,N,4,0,1,3,A,-,12,21453,A,N,D,C,A,A,H,-,A,A,0,NA,NA,NA,NA,Y,NA,A,01,0,0,1,0,0,0,0,0,0,-,-,33.852508544921875,-118.39739990234376,LOS ANGELES,REDONDO BEACH,-118.39739227294922,33.85249328613281
94961395,2025,2025-12-08,9525,2025-11-19,1728,023660,NA,3,2,6,1955,0,1,3,NA,2,072,SR-71 N/B (CHINO VALLEY FWY),SR-60 (POMONA FWY),1373,N,N,A,-,Y,LA,NA,71,NA,R,4.198,H,NA,R,Y,4,0,2,3,A,-,03,22350,NA,N,C,C,A,A,H,-,B,D,0,NA,NA,NA,NA,Y,NA,A,01,0,0,2,0,0,0,0,0,0,-,-,34.02553939819336,-117.75157928466795,LOS ANGELES,POMONA,-117.7517547607422,34.025413513183594
9496140,2022,2022-08-25,1970,2022-06-09,1100,169,SPB2,4,5,4,1970,0,0,0,NA,0,002,EL CENTRO ST,FAIR OAKS AV,0,NA,Y,A,-,N,NA,NA,NA,NA,NA,NA,NA,NA,NA,N,4,0,1,2,A,-,10,21950,A,M,G,B,B,A,H,-,A,-,0,Y,NA,NA,NA,Y,NA,A,07,0,0,1,0,1,0,0,0,0,-,-,NA,NA,LOS ANGELES,SOUTH PASADENA,-118.15036010742188,34.1148681640625
94961417,2025,2025-12-08,9580,2025-12-01,930,024780,NA,1,1,7,1942,0,1,2,NA,2,103,US-101 S/B (VENTURA FREEWAY),HASKELL AVE,1300,N,N,A,-,Y,LA,NA,101,NA,NA,17.86,H,NA,L,Y,3,0,1,2,A,-,08,22107,NA,N,B,C,A,A,H,-,A,D,0,NA,NA,NA,NA,Y,NA,A,07,0,1,0,0,0,0,0,0,0,-,-,34.16521072387695,-118.47930145263672,LOS ANGELES,LOS ANGELES,-118.47930145263672,34.165245056152344
94961420,2025,2025-12-08,9580,2025-12-01,1700,024649,NA,1,2,7,1942,0,1,2,NA,2,103,US-101 S/B (VENTURA FREEWAY),HASKELL AVE,581,S,N,A,-,Y,LA,NA,101,NA,NA,17.495,H,NA,L,N,4,0,1,2,A,-,03,22350,NA,N,C,C,A,A,H,-,C,D,0,NA,NA,Y,NA,Y,NA,C,02,0,0,1,0,0,0,0,0,1,-,-,34.16400146484375,-118.4729232788086,LOS ANGELES,LOS ANGELES,-118.47295379638672,34.16397476196289
94961424,2025,2026-01-29,9580,2025-12-03,1830,022663,NA,3,2,7,1942,0,1,1,NA,2,404,I-405 N/B (SAN DIEGO FWY),US-101 S/B (VENTURA FREEWAY),140,N,N,A,-,Y,LA,NA,405,NA,NA,39.464,H,NA,R,Y,4,0,2,3,A,-,03,22350,NA,N,C,C,A,A,H,-,C,D,0,NA,NA,NA,NA,Y,NA,A,07,0,0,2,0,0,0,0,0,0,-,-,34.160438537597656,-118.46942138671876,LOS ANGELES,LOS ANGELES,-118.46939086914064,34.16044235229492
94961429,2025,2025-12-08,9580,2025-12-04,1730,021706,NA,4,2,3,1994,0,1,2,NA,2,109,US-101 S/B (VENTURA FREEWAY),LIBERTY CANYON RD,900,N,N,A,-,Y,LA,NA,101,NA,NA,32.979,H,NA,L,N,3,0,1,2,A,-,03,22350,NA,N,C,C,A,A,H,-,C,D,0,NA,NA,NA,NA,Y,NA,A,01,0,1,0,0,0,0,0,0,0,-,-,34.13785171508789,-118.72750854492188,LOS ANGELES,AGOURA HILLS,-118.72750854492188,34.13786697387695
94961448,2025,2025-12-08,9535,2025-11-24,1522,022808,NA,1,2,5,1969,0,1,1,NA,2,074,I-710 NB (LONG BEACH FREEWAY),LOS ANGELES RIVER,59,N,N,A,-,Y,LA,NA,710,NA,NA,17.442,H,NA,R,N,4,0,1,2,A,-,04,21703,NA,N,C,C,A,A,H,-,A,D,0,NA,NA,NA,NA,Y,NA,A,01,0,0,1,0,0,0,0,0,0,-,-,33.93614959716797,-118.17453002929688,LOS ANGELES,SOUTH GATE,-118.17454528808594,33.9361686706543
9496145,2022,2022-08-24,1920,2022-07-25,1032,13022,NA,1,5,6,1920,0,0,0,NA,0,NA,LAKEWOOD BL,ROSECRANS AV,235,N,N,A,-,N,NA,NA,NA,NA,NA,NA,NA,NA,NA,N,4,0,2,3,A,-,03,22350,NA,N,C,C,A,A,H,-,A,A,0,NA,NA,NA,NA,Y,NA,A,01,0,0,2,0,0,0,0,0,0,-,-,NA,NA,LOS ANGELES,DOWNEY,-118.14283752441406,33.90443420410156
94961450,2025,2025-12-08,9580,2025-11-16,925,023761,NA,7,1,7,1942,0,1,3,NA,2,116,SR-118 E/B TO TAMPA AVE.,TAMPA AVE,25,W,N,C,-,Y,NA,NA,NA,NA,NA,NA,NA,NA,NA,Y,4,0,2,2,A,-,03,22350,NA,F,C,C,A,A,H,-,D,A,0,NA,NA,NA,NA,Y,NA,-,99,0,0,2,0,0,0,0,0,0,-,-,34.27198028564453,-118.5563507080078,LOS ANGELES,LOS ANGELES,-118.5539093017578,34.27224349975586
94961452,2025,2025-12-08,9580,2025-11-27,1330,023440,NA,4,1,7,1942,0,1,2,NA,2,100,US-101 N/B (VENTURA FREEWAY),WHITSETT AVE,500,S,N,A,-,Y,LA,NA,101,NA,NA,13.295,H,NA,R,N,4,0,1,1,A,-,08,22107,NA,N,E,C,A,A,H,-,A,D,0,NA,NA,NA,NA,Y,NA,A,07,0,0,1,0,0,0,0,0,0,-,-,34.15663146972656,-118.40367889404295,LOS ANGELES,LOS ANGELES,-118.40367126464844,34.15667724609375
94961455,2025,2025-12-08,9545,2025-11-29,1820,024391,NA,6,2,9,1900,0,3,5,NA,2,001,SR-138,125TH ST  W,328,E,N,A,-,N,NA,NA,NA,NA,NA,NA,NA,NA,NA,Y,2,0,2,2,A,-,08,22107,NA,F,D,C,A,A,H,-,D,D,0,NA,NA,NA,NA,Y,NA,D,22,1,1,0,0,0,0,0,0,0,-,-,34.77579879760742,-118.3502197265625,LOS ANGELES,UNINCORPORATED,-118.35106658935548,34.77574920654297
9496146,2022,2022-08-24,1920,2022-07-08,1800,13502,1920,5,5,6,1920,0,0,0,NA,0,005,FLORENCE AV,ORIZABA AV,180,W,N,A,-,N,NA,NA,NA,NA,NA,NA,NA,NA,NA,N,4,0,1,2,A,-,09,21801,NA,N,D,C,A,A,H,-,A,D,0,NA,NA,NA,NA,Y,NA,A,01,0,0,1,0,0,0,0,0,0,-,-,NA,NA,LOS ANGELES,DOWNEY,-118.12841796875,33.95275115966797
94961461,2025,2025-12-08,9590,2025-11-22,2303,023892,NA,6,3,7,1942,0,1,1,NA,2,062,I-10 E/B (SMF),HOOVER STREET,528,W,N,A,-,Y,LA,NA,10,NA,NA,14.145,H,NA,R,Y,4,0,1,4,A,-,07,21658,A,N,B,C,A,A,H,-,C,D,0,NA,NA,NA,NA,Y,NA,A,07,0,0,1,0,0,0,0,0,0,-,-,34.036781311035156,-118.2859115600586,LOS ANGELES,LOS ANGELES,-118.2859115600586,34.03681564331055
9496147,2022,2022-08-24,1920,2022-07-17,1013,14258,1920,7,5,6,1920,0,0,0,NA,0,006,GARDENDALE ST,LAKEWOOD BL,0,NA,Y,A,-,N,NA,NA,NA,NA,NA,NA,NA,NA,NA,N,4,0,1,2,D,-,00,NA,NA,N,B,G,A,A,H,-,A,D,0,NA,Y,NA,NA,Y,NA,-,-,0,0,1,0,0,0,1,0,0,-,-,NA,NA,LOS ANGELES,DOWNEY,-118.14251708984376,33.91048812866211
94961470,2025,2025-12-08,9565,2025-11-24,2100,024407,NA,1,2,9,1900,0,3,5,NA,2,002,112TH ST,BERENDO AVE,0,NA,Y,A,-,N,NA,NA,NA,NA,NA,NA,NA,NA,NA,Y,4,0,1,2,A,-,09,21802,A,N,D,C,A,A,H,-,C,A,0,NA,NA,NA,NA,Y,NA,A,01,0,0,1,0,0,0,0,0,0,-,-,33.932830810546875,-118.29428863525392,LOS ANGELES,UNINCORPORATED,-118.29431915283205,33.93282699584961
94961476,2025,2025-12-08,9590,2025-11-30,2000,023701,NA,7,2,7,1942,0,1,1,NA,2,062,I-10 E/B (SANTA MONICA FREEWAY),UNION AVE,215,E,N,A,-,Y,LA,NA,10,NA,NA,14.4,H,NA,R,N,4,0,1,3,A,-,03,22350,NA,F,C,C,A,A,H,-,C,D,0,NA,NA,NA,NA,Y,NA,-,99,0,0,1,0,0,0,0,0,0,-,-,34.037330627441406,-118.28121948242188,LOS ANGELES,LOS ANGELES,-118.2812957763672,34.03759002685547
94961481,2025,2025-12-08,9535,2025-11-24,1449,022269,NA,1,2,5,1948,0,1,3,NA,2,600,SR-60 (POMONA FREEWAY) E/B,ATLANTIC BVD.,700,W,N,A,-,Y,LA,NA,60,NA,R,4.24,H,NA,R,N,4,0,1,2,A,-,04,21703,NA,N,C,C,A,A,H,-,A,D,0,NA,NA,NA,Y,Y,NA,F,26,0,0,1,0,0,0,0,0,0,-,-,34.03622817993164,-118.15328979492188,LOS ANGELES,MONTEREY PARK,-118.15330505371094,34.036190032958984
94961488,2025,2025-12-08,9580,2025-11-29,225,024762,NA,6,3,7,1942,0,1,2,NA,2,102,US-101 N/B (VENTURA FREEWAY),VAN NUYS BLVD,250,S,N,A,-,Y,LA,NA,101,NA,NA,15.876,H,NA,R,Y,3,0,1,2,A,-,08,22107,NA,N,E,8,A,A,H,-,E,A,0,NA,NA,NA,NA,Y,NA,A,07,0,1,0,0,0,0,0,0,0,-,-,34.1568717956543,-118.44783782958984,LOS ANGELES,LOS ANGELES,-118.44789886474608,34.15678024291992
94961497,2025,2025-12-08,9590,2025-11-29,2001,023946,NA,6,2,7,1942,0,1,1,NA,2,050,I-110 NORTHBOUND (HARBOR FREEWAY),W. VERNON AVENUE,49,N,N,A,-,Y,LA,NA,110,NA,NA,19.031,H,NA,R,N,4,0,4,2,A,-,03,22350,NA,N,C,C,A,A,H,-,C,D,0,NA,NA,NA,NA,Y,NA,A,07,0,0,4,0,0,0,0,0,0,-,-,34.004058837890625,-118.2810287475586,LOS ANGELES,LOS ANGELES,-118.2810287475586,34.004058837890625
94961500,2025,2025-12-08,9545,2025-11-28,1419,024553,NA,5,2,9,1900,0,1,3,NA,2,021,SR-14 NB,AVENUE O-8,216,S,N,A,-,Y,LA,NA,14,NA,R,62.087,H,NA,R,N,4,0,1,2,A,-,07,21658,A,N,B,C,A,A,D,-,A,D,0,NA,NA,NA,NA,Y,NA,A,01,0,0,1,0,0,0,0,0,0,-,-,34.60858154296875,-118.15132904052734,LOS ANGELES,UNINCORPORATED,-118.1513214111328,34.608585357666016
94961502,2025,2025-12-08,9530,2025-10-31,2218,023568,NA,5,3,9,1900,0,3,5,NA,2,001,PACIFIC BLVD.,CALIFORNIA ST.,0,NA,Y,B,-,N,NA,NA,NA,NA,NA,NA,NA,NA,NA,N,4,0,1,2,A,-,09,21804,A,M,D,C,A,A,H,-,C,A,0,NA,NA,NA,NA,Y,NA,M,94,0,0,1,0,0,0,0,0,0,-,-,33.97251892089844,-118.22537994384766,LOS ANGELES,UNINCORPORATED,-118.22522735595705,33.97249984741211
94961529,2025,2025-12-08,9525,2025-12-01,2120,023660,NA,1,2,9,1900,0,3,5,NA,2,003,VALLEY BLVD,BREA CANYON RD,0,NA,Y,A,-,Y,NA,NA,NA,NA,NA,NA,NA,NA,NA,Y,4,0,1,2,A,-,12,21453,A,N,A,C,A,A,H,-,C,A,0,NA,NA,NA,NA,Y,NA,A,07,0,0,1,0,0,0,0,0,0,-,-,34.02014923095703,-117.84036254882813,LOS ANGELES,UNINCORPORATED,-117.84050750732422,34.02018737792969
94961531,2025,2025-12-08,9580,2025-11-26,2340,023758,NA,3,3,7,1942,0,1,2,NA,2,105,US-101 S/B (VENTURA FREEWAY),TAMPA AVE,100,S,N,A,-,Y,LA,NA,101,NA,NA,22.026,H,NA,L,Y,3,0,1,1,A,-,01,23152,A,N,E,I,A,A,H,-,C,D,0,NA,NA,NA,NA,Y,Y,A,01,0,1,0,0,0,0,0,0,0,-,-,34.17327880859375,-118.54930877685548,LOS ANGELES,LOS ANGELES,-118.54930877685548,34.173397064208984
94961538,2025,2025-12-08,9525,2025-11-26,1205,023433,NA,3,1,4,1960,0,1,3,NA,2,572,SR-57 N/B (ORANGE FWY),VIA VERDE,1478,S,N,A,-,Y,LA,NA,57,NA,R,8.424,H,NA,R,Y,3,0,1,2,A,-,07,21658,A,M,F,A,A,A,H,-,A,D,0,NA,NA,Y,NA,Y,Y,C,02,0,1,0,0,0,0,0,0,1,-,-,34.07466125488281,-117.81072998046876,LOS ANGELES,SAN DIMAS,-117.81067657470705,34.0746955871582
94961554,2025,2025-12-08,9580,2025-12-05,1233,022762,NA,5,1,7,1942,0,1,2,NA,2,105,US-101 S/B (VENTURA FREEWAY),DE SOTO AVE,980,S,N,A,-,Y,LA,NA,101,NA,NA,24.125,H,NA,L,Y,4,0,2,2,A,-,03,22350,NA,N,C,C,A,A,H,-,A,D,0,NA,NA,NA,NA,Y,NA,D,22,0,0,2,0,0,0,0,0,0,-,-,34.16775894165039,-118.5847625732422,LOS ANGELES,LOS ANGELES,-118.58477020263672,34.1678581237793
94961555,2025,2025-12-08,9525,2025-10-24,1800,024525,NA,5,2,9,1900,0,3,5,NA,2,004,VALLEY BLVD (13200 BLOCK),SOUTH COVINA BLVD,0,NA,Y,A,-,N,NA,NA,NA,NA,NA,NA,NA,NA,NA,N,4,0,1,2,A,-,10,21950,A,F,G,B,B,A,H,-,B,A,0,Y,NA,NA,NA,Y,NA,A,01,0,0,1,0,1,0,0,0,0,-,-,34.05038070678711,-117.99817657470705,LOS ANGELES,UNINCORPORATED,-117.99810028076172,34.05051040649414
94961560,2025,2026-03-02,9590,2025-12-03,1700,024461,NA,3,2,7,1942,0,1,2,NA,2,070,US-101 N/B (HOLLYWOOD FREEWAY),SILVER LAKE BLVD,260,S,N,A,-,Y,LA,NA,101,NA,NA,3.736,H,NA,R,N,4,0,1,2,A,-,08,22107,NA,N,B,C,A,A,H,-,C,D,0,NA,NA,Y,NA,Y,NA,C,02,0,0,1,0,0,0,0,0,1,-,-,34.07699966430664,-118.28057098388672,LOS ANGELES,LOS ANGELES,-118.2805633544922,34.07701873779297
94961562,2025,2025-12-08,9530,2025-12-02,1600,024491,NA,2,2,5,1943,0,1,1,NA,2,210,I-105 W/B (GLENN ANDERSON FWY),BULLIS ROAD,85,E,N,A,-,Y,LA,NA,105,NA,R,12.093,H,NA,L,Y,3,0,1,2,A,-,07,21658,A,N,F,C,A,A,H,-,A,D,0,NA,NA,Y,NA,Y,NA,A,01,0,1,0,0,0,0,0,0,1,-,-,33.921390533447266,-118.20175170898438,LOS ANGELES,LYNWOOD,-118.2017059326172,33.92145919799805
94961563,2025,2025-12-08,9580,2025-12-01,235,024847,NA,1,3,7,1942,0,1,2,NA,2,101,US-101 S/B TO SR-134 E/B,TUJUNGA AVE,115,S,N,A,-,Y,LA,NA,101,NA,NA,11.829,H,NA,L,Y,3,0,1,1,A,-,01,23152,A,N,E,J,A,A,H,-,C,D,0,NA,NA,NA,NA,Y,Y,A,01,0,1,0,0,0,0,0,0,0,-,-,34.153900146484375,-118.37867736816406,LOS ANGELES,LOS ANGELES,-118.37871551513672,34.153846740722656
94961601,2025,2025-12-08,9590,2025-11-26,343,024627,NA,3,3,7,1942,0,1,1,NA,2,081,I-5 S/B (SANTA ANA FREEWAY),WHITTIER BLVD.,190,S,N,A,-,Y,LA,NA,5,NA,NA,17.008,H,NA,L,Y,4,0,1,2,A,-,03,22350,NA,N,C,C,A,A,H,-,C,D,0,NA,NA,NA,NA,Y,Y,A,01,0,0,1,0,0,0,0,0,0,-,-,34.035911560058594,-118.22077178955078,LOS ANGELES,LOS ANGELES,-118.22087860107422,34.03594207763672
94961604,2025,2025-12-08,9590,2025-11-25,545,024663,NA,2,3,7,1942,0,1,1,NA,2,052,I-110 NORTHBOUND (HARBOR FREEWAY),VENICE BOULEVARD,180,S,N,A,-,Y,LA,NA,110,NA,NA,21.463,H,NA,R,N,4,0,1,1,A,-,08,22107,NA,N,E,8,A,A,H,-,B,D,0,NA,NA,NA,NA,Y,NA,A,01,0,0,1,0,0,0,0,0,0,-,-,34.0384407043457,-118.27364349365234,LOS ANGELES,LOS ANGELES,-118.27385711669922,34.03845977783203
9496161,2022,2022-08-24,1967,2022-07-27,1427,142,NA,3,5,2,1967,0,0,0,NA,0,SOUTH,WILLOW,ORANGE AV,0,NA,Y,A,-,N,NA,NA,NA,NA,NA,NA,NA,NA,NA,Y,4,0,1,2,A,-,12,21453,A,N,D,C,A,A,A,-,A,A,0,NA,NA,NA,NA,Y,NA,D,22,0,0,1,0,0,0,0,0,0,-,-,NA,NA,LOS ANGELES,SIGNAL HILL,-118.17633056640624,33.804298400878906
9496162,2022,2022-08-25,1967,2022-08-09,1445,142,NA,2,5,2,1967,0,0,0,NA,0,SOUTH,ORANGE AV,SPRING,0,NA,Y,-,-,N,NA,NA,NA,NA,NA,NA,NA,NA,NA,N,3,0,1,2,A,-,12,21453,A,N,D,C,A,A,H,-,A,A,0,NA,NA,NA,NA,Y,NA,A,01,0,1,0,0,0,0,0,0,0,-,-,NA,NA,LOS ANGELES,SIGNAL HILL,-118.17630767822266,33.811676025390625
94961620,2025,2025-12-08,9575,2025-11-26,1100,021795,NA,3,1,6,1925,0,1,3,NA,2,042,SR-134 E/B (VENTURA FREEWAY),PACIFIC AVE.,990,W,N,A,-,Y,LA,NA,134,NA,R,6.392,H,NA,R,N,4,0,1,2,A,-,03,22350,NA,N,C,C,A,A,H,-,A,D,0,NA,NA,NA,NA,Y,NA,D,22,0,0,1,0,0,0,0,0,0,-,-,34.15542984008789,-118.26785278320313,LOS ANGELES,GLENDALE,-118.2678680419922,34.155479431152344
94961662,2025,2025-12-08,9575,2025-11-26,1000,021795,NA,3,1,6,1925,0,1,3,NA,2,042,SR-134 W/B (VENTURA FREEWAY),CENTRAL AVE.,275,W,N,A,-,Y,LA,NA,134,NA,R,6.901,H,NA,L,N,4,0,1,2,A,-,03,22350,NA,N,C,C,A,A,H,-,A,D,0,NA,NA,NA,NA,Y,NA,A,01,0,0,1,0,0,0,0,0,0,-,-,34.15650177001953,-118.25904846191406,LOS ANGELES,GLENDALE,-118.25904846191406,34.15644836425781
94961666,2025,2025-12-08,9535,2025-11-22,1855,024484,NA,6,2,9,1900,0,1,1,NA,2,650,I-605 N/B (SAN GABRIEL RIVER FREEWAY) FROM VALLEY,VALLEY BLVD.,121,N,N,A,-,Y,NA,NA,NA,NA,NA,NA,NA,NA,NA,Y,4,0,2,2,A,-,03,22350,NA,N,C,C,A,A,H,-,D,D,0,NA,NA,NA,NA,Y,NA,A,07,0,0,2,0,0,0,0,0,0,-,-,34.05440139770508,-118.00347137451172,LOS ANGELES,UNINCORPORATED,-118.00398254394533,34.05461883544922
94961673,2025,2025-12-08,9535,2025-11-23,1400,023450,NA,7,2,9,1900,0,1,1,NA,2,071,I-710 (LONG BEACH FREEWAY) S/B,HUMPHREYS AVENUE,380,S,N,A,-,Y,LA,NA,710,NA,NA,24.139,H,NA,L,N,3,0,1,4,A,-,03,22350,NA,N,B,C,A,A,H,-,A,D,0,NA,NA,Y,NA,Y,NA,C,02,0,1,0,0,0,0,0,0,1,-,-,34.0289306640625,-118.17201995849608,LOS ANGELES,UNINCORPORATED,-118.17206573486328,34.0289421081543
94961703,2025,2025-12-08,9530,2025-11-24,1604,024076,NA,1,2,9,1900,0,3,5,NA,2,001,PACIFIC BLVD.,OLIVE ST.,0,NA,Y,A,-,N,NA,NA,NA,NA,NA,NA,NA,NA,NA,N,4,0,1,2,A,-,09,21801,A,N,D,D,A,A,H,-,A,A,0,NA,NA,NA,NA,Y,NA,A,01,0,0,1,0,0,0,0,0,0,-,-,33.96833038330078,-118.22525787353516,LOS ANGELES,UNINCORPORATED,-118.22522735595705,33.96834945678711
94961717,2025,2025-12-08,9530,2025-11-24,1555,024486,NA,1,2,9,1900,0,3,5,NA,2,002,WILMINGTON AVE.,118TH ST.,0,NA,Y,A,-,N,NA,NA,NA,NA,NA,NA,NA,NA,NA,N,4,0,1,2,A,-,10,21950,A,M,G,B,B,A,H,-,A,A,0,Y,NA,NA,NA,Y,NA,-,99,0,0,1,0,1,0,0,0,0,-,-,33.925880432128906,-118.23905181884766,LOS ANGELES,UNINCORPORATED,-118.23908233642578,33.925968170166016
94961729,2025,2025-12-08,9590,2025-12-05,1210,023764,NA,5,1,7,1942,0,1,1,NA,2,010,SR-110 N/B (ARROYO SECO FREEWAY),COLLEGE STREET,950,N,N,A,-,Y,LA,NA,110,NA,NA,24.354,H,NA,R,N,4,0,2,2,A,-,07,21658,A,N,B,C,A,A,H,-,A,D,0,NA,NA,NA,NA,Y,NA,A,01,0,0,2,0,0,0,0,0,0,-,-,34.06713104248047,-118.2394790649414,LOS ANGELES,LOS ANGELES,-118.23948669433594,34.067142486572266
9496173,2022,2022-09-02,1938,2022-07-29,1855,620,AREA2,5,5,4,1938,0,0,0,NA,0,002,FOOTHILL BL,B ST,0,NA,Y,A,-,Y,LA,7,66,-,-,1.271,I,5,E,N,4,0,1,2,A,-,09,21802,A,N,D,C,A,A,H,-,A,A,0,NA,NA,NA,NA,Y,NA,D,22,0,0,1,0,0,0,0,0,0,-,-,NA,NA,LOS ANGELES,LA VERNE,-117.7692413330078,34.11464309692383
94961749,2025,2025-12-08,9545,2025-12-01,1600,021497,NA,1,2,6,1950,0,1,3,NA,2,021,SR-14 N/B,PALMDALE BLVD,3168,S,N,A,-,Y,LA,NA,14,NA,R,59.196,H,NA,R,N,4,0,1,2,A,-,08,22107,NA,N,B,C,A,A,D,-,A,D,0,NA,NA,NA,NA,Y,NA,D,22,0,0,1,0,0,0,0,0,0,-,-,34.5725212097168,-118.13343048095705,LOS ANGELES,PALMDALE,-118.13345336914064,34.5725212097168
94961777,2025,2025-12-08,9535,2025-11-24,1231,024446,NA,1,1,5,1915,0,1,1,NA,2,075,I-710 S/B (LONG BEACH FREEWAY),ALONDRA BLVD.,960,N,N,A,-,Y,LA,NA,710,NA,NA,14.135,H,NA,L,N,4,0,1,2,A,-,07,21658,A,N,C,C,A,A,H,-,A,D,0,NA,NA,NA,NA,Y,NA,A,01,0,0,1,0,0,0,0,0,0,-,-,33.891761779785156,-118.1884765625,LOS ANGELES,COMPTON,-118.18838500976564,33.89175033569336
94961817,2025,2025-12-08,9545,2025-12-03,1910,023340,NA,3,2,9,1900,0,3,5,NA,2,004,MOUNT EMMA RD,87TH ST E,64,W,N,A,-,N,NA,NA,NA,NA,NA,NA,NA,NA,NA,Y,4,0,1,1,A,-,03,22350,NA,N,F,I,A,A,H,-,D,D,0,NA,NA,NA,NA,Y,NA,D,22,0,0,1,0,0,0,0,0,0,-,-,34.506561279296875,-117.97519683837892,LOS ANGELES,UNINCORPORATED,-117.97512817382813,34.50659942626953
94961836,2025,2025-12-08,9565,2025-11-24,1625,024591,NA,1,2,9,1900,0,1,3,NA,2,051,LINCOLN BLVD,FIJI WAY,50,S,N,A,-,N,NA,NA,NA,NA,NA,NA,NA,NA,NA,N,3,0,1,2,A,-,08,22107,NA,N,C,G,A,A,H,-,B,A,0,NA,Y,NA,NA,Y,NA,L,04,0,1,0,0,0,0,1,0,0,-,-,33.978309631347656,-118.436279296875,LOS ANGELES,UNINCORPORATED,-118.43646240234376,33.97844314575195
94961840,2025,2025-12-08,9545,2025-11-22,1827,024391,NA,6,2,6,1992,0,1,3,NA,2,011,SR-14 N/B,AVENUE I,1620,N,N,A,-,Y,LA,NA,14,NA,R,69.296,H,NA,R,Y,3,0,1,3,A,-,03,22350,NA,M,C,C,A,A,D,-,D,D,0,NA,NA,NA,NA,Y,NA,A,01,0,1,0,0,0,0,0,0,0,-,-,34.70869827270508,-118.16990661621094,LOS ANGELES,LANCASTER,-118.16991424560548,34.70869827270508