CASE_ID,ACCIDENT_YEAR,PROC_DATE,JURIS,COLLISION_DATE,COLLISION_TIME,OFFICER_ID,REPORTING_DISTRICT,DAY_OF_WEEK,CHP_SHIFT,POPULATION,CNTY_CITY_LOC,SPECIAL_COND,BEAT_TYPE,CHP_BEAT_TYPE,CITY_DIVISION_LAPD,CHP_BEAT_CLASS,BEAT_NUMBER,PRIMARY_RD,SECONDARY_RD,DISTANCE,DIRECTION,INTERSECTION,WEATHER_1,WEATHER_2,STATE_HWY_IND,CALTRANS_COUNTY,CALTRANS_DISTRICT,STATE_ROUTE,ROUTE_SUFFIX,POSTMILE_PREFIX,POSTMILE,LOCATION_TYPE,RAMP_INTERSECTION,SIDE_OF_HWY,TOW_AWAY,COLLISION_SEVERITY,NUMBER_KILLED,NUMBER_INJURED,PARTY_COUNT,PRIMARY_COLL_FACTOR,PCF_CODE_OF_VIOL,PCF_VIOL_CATEGORY,PCF_VIOLATION,PCF_VIOL_SUBSECTION,HIT_AND_RUN,TYPE_OF_COLLISION,MVIW,PED_ACTION,ROAD_SURFACE,ROAD_COND_1,ROAD_COND_2,LIGHTING,CONTROL_DEVICE,CHP_ROAD_TYPE,PEDESTRIAN_ACCIDENT,BICYCLE_ACCIDENT,MOTORCYCLE_ACCIDENT,TRUCK_ACCIDENT,NOT_PRIVATE_PROPERTY,ALCOHOL_INVOLVED,STWD_VEHTYPE_AT_FAULT,CHP_VEHTYPE_AT_FAULT,COUNT_SEVERE_INJ,COUNT_VISIBLE_INJ,COUNT_COMPLAINT_PAIN,COUNT_PED_KILLED,COUNT_PED_INJURED,COUNT_BICYCLIST_KILLED,COUNT_BICYCLIST_INJURED,COUNT_MC_KILLED,COUNT_MC_INJURED,PRIMARY_RAMP,SECONDARY_RAMP,LATITUDE,LONGITUDE,COUNTY,CITY,POINT_X,POINT_Y
9496899,2022,2022-09-02,1900,2022-07-27,0900,551353,0811,3,5,4,1960,0,0,0,NA,0,87A,ARROW HWY,LONE HILL AV,0,NA,Y,A,-,N,NA,NA,NA,NA,NA,NA,NA,NA,NA,Y,4,0,1,2,A,-,12,21453,A,N,B,C,A,A,H,-,A,A,0,NA,NA,NA,NA,Y,NA,A,01,0,0,1,0,0,0,0,0,0,-,-,34.10675811767578,-117.82894134521484,LOS ANGELES,SAN DIMAS,-117.82901000976564,34.10661697387695
9496900,2022,2022-10-06,1942,2022-07-31,1700,37934,0233,7,5,7,1942,0,0,0,B,0,2A56,WEST BEVERLY BL,N BENTON WY,1,NA,N,A,-,N,NA,NA,NA,NA,NA,NA,NA,NA,NA,N,4,0,2,2,A,-,12,21453,A,N,D,C,A,A,H,-,A,A,0,NA,NA,NA,NA,Y,NA,A,01,0,0,2,0,0,0,0,0,0,-,-,NA,NA,LOS ANGELES,LOS ANGELES,-118.27765655517578,34.06986999511719
9496906,2022,2022-09-06,1976,2022-08-05,1542,535,NA,5,5,3,1964,0,0,0,NA,0,002,BLOOMFIELD AV,IMPERIAL HWY,725,N,N,A,-,N,NA,NA,NA,NA,NA,NA,NA,NA,NA,N,3,0,1,2,A,-,05,21650,1,N,H,G,A,A,H,-,A,D,0,NA,Y,NA,NA,Y,NA,L,04,0,1,0,0,0,0,1,0,0,-,-,NA,NA,LOS ANGELES,SANTA FE SPRINGS,-118.0639190673828,33.919158935546875
9496907,2022,2022-09-15,1900,2022-08-03,1220,434609,0814,3,5,4,1960,0,0,0,NA,0,81T1,ARROW HWY,LONEHILL AV,0,NA,Y,A,-,N,NA,NA,NA,NA,NA,NA,NA,NA,NA,Y,3,0,1,4,A,-,12,21453,A,N,A,C,A,A,H,-,A,A,0,NA,NA,NA,NA,Y,NA,-,-,0,1,0,0,0,0,0,0,0,-,-,34.10675811767578,-117.82894134521484,LOS ANGELES,SAN DIMAS,-117.82901000976564,34.10661697387695
94969107,2025,2025-12-12,9535,2025-12-10,2245,024620,NA,3,3,3,1914,0,1,1,NA,2,500,I-5 N/B (SANTA ANA FREEWAY),GARFIELD AVENUE,2500,S,N,A,-,Y,LA,NA,5,NA,NA,10.403,H,NA,R,N,4,0,1,1,A,-,08,22107,NA,N,B,I,A,A,H,-,C,B,0,NA,NA,NA,NA,Y,NA,A,01,0,0,1,0,0,0,0,0,0,-,-,33.98257827758789,-118.13159942626952,LOS ANGELES,COMMERCE,-118.13150024414064,33.98265075683594
9496921,2022,2022-09-06,1942,2022-08-14,1055,40275,0152,7,5,7,1942,0,0,0,A,0,24TL25,6TH ST,GRAND AV,8,E,N,A,-,N,NA,NA,NA,NA,NA,NA,NA,NA,NA,Y,3,0,1,1,A,-,03,22350,NA,N,E,I,A,A,H,-,A,D,0,NA,NA,NA,NA,Y,NA,A,07,0,1,0,0,0,0,0,0,0,-,-,NA,NA,LOS ANGELES,LOS ANGELES,-118.29013061523438,33.7387809753418
9496922,2022,2022-09-06,1942,2022-08-13,1715,42876,0164,6,5,7,1942,0,0,0,A,0,24TL52,LOS ANGELES,7TH ST,5,N,N,A,-,N,NA,NA,NA,NA,NA,NA,NA,NA,NA,N,4,0,1,2,A,-,12,21453,NA,F,D,C,A,A,H,-,A,A,0,NA,NA,NA,NA,Y,NA,-,99,0,0,1,0,0,0,0,0,0,-,-,NA,NA,LOS ANGELES,LOS ANGELES,-118.25039672851564,34.04323959350586
9496923,2022,2022-09-06,1942,2022-08-12,1515,42876,0138,5,5,7,1942,0,0,0,A,0,24TL54,4TH ST,STANFORD AV,0,NA,Y,A,-,N,NA,NA,NA,NA,NA,NA,NA,NA,NA,N,3,0,1,2,A,-,08,22107,NA,F,D,C,A,A,H,-,A,A,0,NA,NA,NA,NA,Y,NA,-,99,0,1,0,0,0,0,0,0,0,-,-,NA,NA,LOS ANGELES,LOS ANGELES,-118.23998260498048,34.0439567565918
9496924,2022,2022-09-06,1942,2022-08-15,1756,39395,1385,1,5,7,1942,0,0,0,M,0,24TL56,SLAUSON AV,CENTRAL AV,170,W,N,A,-,N,NA,NA,NA,NA,NA,NA,NA,NA,NA,N,4,0,3,2,A,-,03,22350,NA,F,C,C,A,A,H,-,A,D,0,NA,NA,NA,NA,Y,NA,-,99,0,0,3,0,0,0,0,0,0,-,-,NA,NA,LOS ANGELES,LOS ANGELES,-118.25701904296876,33.98933029174805
9496925,2022,2022-09-07,1942,2022-08-12,2205,39062,0185,5,5,7,1942,0,0,0,A,0,24T31,LOS ANGELES,11TH ST,225,N,N,A,-,N,NA,NA,NA,NA,NA,NA,NA,NA,NA,Y,4,0,1,3,A,-,03,22350,NA,F,A,C,A,A,H,-,C,A,0,NA,NA,NA,NA,Y,NA,A,01,0,0,1,0,0,0,0,0,0,-,-,NA,NA,LOS ANGELES,LOS ANGELES,-118.2567138671875,34.038944244384766
9496926,2022,2022-09-06,1942,2022-08-12,1920,93285,1109,5,5,7,1942,0,0,0,K,0,112L2W,COLORADO BL,HERMOSA AV,50,E,N,-,-,N,NA,NA,NA,NA,NA,NA,NA,NA,NA,N,3,0,1,2,B,-,22,NA,NA,F,G,B,F,A,-,-,A,D,0,Y,NA,NA,NA,Y,NA,A,01,0,1,0,0,1,0,0,0,0,-,-,NA,NA,LOS ANGELES,LOS ANGELES,-118.207275390625,34.139373779296875
9496927,2022,2022-09-19,1942,2022-08-12,2135,42720,1395,5,5,7,1942,0,0,0,M,0,25T37,FLORENCE AV,CENTRAL AV,0,NA,Y,A,-,N,NA,NA,NA,NA,NA,NA,NA,NA,NA,Y,3,0,1,3,A,-,01,23152,A,N,A,C,A,A,H,-,C,A,0,NA,NA,NA,NA,Y,Y,A,01,0,1,0,0,0,0,0,0,0,-,-,NA,NA,LOS ANGELES,LOS ANGELES,-118.25646209716795,33.97475814819336
9496928,2022,2022-09-06,1942,2022-08-10,1410,40635,0152,3,5,7,1942,0,0,0,A,0,15L35,HILL,7TH,150,N,N,A,-,N,NA,NA,NA,NA,NA,NA,NA,NA,NA,N,4,0,1,2,A,-,10,21950,NA,N,G,B,C,A,H,-,A,A,0,Y,NA,NA,NA,Y,NA,I,20,0,0,1,0,1,0,0,0,0,-,-,NA,NA,LOS ANGELES,LOS ANGELES,-118.2541732788086,34.04624557495117
9496929,2022,2022-09-06,1942,2022-08-06,2245,39041,1313,6,5,7,1942,0,0,0,M,0,13A13,CENTRAL AV,WASHINGTON,0,NA,Y,A,-,N,NA,NA,NA,NA,NA,NA,NA,NA,NA,Y,4,0,2,2,A,-,01,23152,A,N,C,C,A,A,H,-,C,A,0,NA,NA,NA,NA,Y,Y,A,01,0,0,2,0,0,0,0,0,0,-,-,NA,NA,LOS ANGELES,LOS ANGELES,-118.25055694580078,34.024417877197266
9496930,2022,2022-09-07,1942,2022-08-16,0615,44980,1365,2,5,7,1942,0,0,0,M,0,13A25,COMPTON AV,48TH PL,0,NA,Y,A,-,N,NA,NA,NA,NA,NA,NA,NA,NA,NA,N,4,0,2,2,A,-,12,21453,A,N,D,C,A,A,H,-,A,A,0,NA,NA,NA,NA,Y,NA,A,01,0,0,2,0,0,0,0,0,0,-,-,NA,NA,LOS ANGELES,LOS ANGELES,-118.2477798461914,33.99932861328125
9496931,2022,2022-09-06,1942,2022-08-16,2145,39062,1344,2,5,7,1942,0,0,0,M,0,24T32,AVALON BL,41ST PL,0,NA,Y,A,-,N,NA,NA,NA,NA,NA,NA,NA,NA,NA,NA,3,0,2,3,A,-,11,21954,A,N,G,B,B,A,H,-,C,A,0,Y,NA,NA,NA,Y,NA,N,60,0,2,0,0,2,0,0,0,0,-,-,NA,NA,LOS ANGELES,LOS ANGELES,-118.26528167724608,34.008155822753906
9496932,2022,2022-09-06,1942,2022-08-11,1610,42926,0156,4,5,7,1942,0,0,0,A,0,24TL53,WALL ST,4TH ST,195,S,N,A,-,N,NA,NA,NA,NA,NA,NA,NA,NA,NA,Y,3,0,1,2,A,-,01,23152,A,F,B,C,A,A,H,-,A,D,0,NA,NA,Y,NA,Y,Y,A,01,0,1,0,0,0,0,0,0,1,-,-,NA,NA,LOS ANGELES,LOS ANGELES,-118.24494171142578,34.045955657958984
9496933,2022,2022-09-06,1942,2022-08-13,1500,39395,0275,6,5,7,1942,0,0,0,B,0,24TL56,OLYMPIC BL,ALVARADO ST,500,E,N,A,-,N,NA,NA,NA,NA,NA,NA,NA,NA,NA,N,3,0,1,2,A,-,11,21955,NA,F,G,B,C,A,H,-,A,D,0,Y,NA,NA,NA,Y,NA,-,99,0,1,0,0,1,0,0,0,0,-,-,NA,NA,LOS ANGELES,LOS ANGELES,-118.27839660644533,34.05105972290039
9496934,2022,2022-09-19,1942,2022-08-14,2350,40325,0201,7,5,7,1942,0,0,0,B,0,24T32,N NORMANDIE AV,MONROE ST,0,NA,Y,A,-,N,NA,NA,NA,NA,NA,NA,NA,NA,NA,N,4,0,2,2,A,-,08,22107,NA,N,B,C,A,A,H,-,C,A,0,NA,NA,NA,NA,Y,NA,-,-,0,0,2,0,0,0,0,0,0,-,-,NA,NA,LOS ANGELES,LOS ANGELES,-118.30046081542967,34.08559036254883
9496935,2022,2022-09-07,1942,2022-08-16,1550,39395,0292,2,5,7,1942,0,0,0,B,0,24TL56,WASHINGTON BL,BURLINGTON AV,150,E,N,A,-,N,NA,NA,NA,NA,NA,NA,NA,NA,NA,Y,3,0,1,2,A,-,07,21658,A,N,C,C,A,A,H,-,A,D,0,NA,NA,Y,NA,Y,NA,C,03,0,1,0,0,0,0,0,0,1,-,-,NA,NA,LOS ANGELES,LOS ANGELES,-118.28238677978516,34.039058685302734
9496936,2022,2022-09-07,1942,2022-08-18,0830,32973,0271,4,5,7,1942,0,0,0,B,0,24TL21,OLYMPIC BL,ALVARADO ST,0,NA,Y,A,-,N,NA,NA,NA,NA,NA,NA,NA,NA,NA,Y,2,0,3,3,A,-,09,21801,A,N,A,C,A,A,H,-,A,A,0,NA,NA,NA,NA,Y,NA,A,01,1,1,1,0,0,0,0,0,0,-,-,NA,NA,LOS ANGELES,LOS ANGELES,-118.2798309326172,34.05174255371094
9496937,2022,2022-09-06,1942,2022-08-17,2330,38590,0411,3,5,7,1942,0,0,0,D,0,24TL31,PASADENA AV,AVENUE 20,0,NA,Y,A,-,N,NA,NA,NA,NA,NA,NA,NA,NA,NA,Y,4,0,1,2,A,-,12,21453,A,F,D,C,A,A,H,-,C,A,0,NA,NA,NA,NA,Y,NA,A,01,0,0,1,0,0,0,0,0,0,-,-,NA,NA,LOS ANGELES,LOS ANGELES,-118.22113800048828,34.0742073059082
9496938,2022,2022-09-06,1942,2022-08-18,1131,32973,0138,4,5,7,1942,0,0,0,A,0,24TL21,SAN PEDRO ST,4TH ST,40,N,N,A,-,N,NA,NA,NA,NA,NA,NA,NA,NA,NA,N,4,0,1,2,A,-,03,22350,NA,F,C,C,A,A,H,-,A,D,0,NA,NA,NA,NA,Y,NA,-,99,0,0,1,0,0,0,0,0,0,-,-,NA,NA,LOS ANGELES,LOS ANGELES,-118.24295043945313,34.04595184326172
9496939,2022,2022-09-06,1942,2022-08-12,1845,34350,0408,5,5,7,1942,0,0,0,D,0,24T32,EL SERENO AV,HUNTINGTON DR N,0,NA,Y,A,-,N,NA,NA,NA,NA,NA,NA,NA,NA,NA,N,3,0,1,2,A,-,08,22100,B,F,A,C,A,A,H,-,A,A,0,NA,NA,NA,NA,Y,NA,A,07,0,1,0,0,0,0,0,0,0,-,-,NA,NA,LOS ANGELES,LOS ANGELES,-118.17836761474608,34.086238861083984
9496940,2022,2022-09-07,1942,2022-08-13,0300,33452,0195,6,5,7,1942,0,0,0,A,0,24T32,VENICE BL,MAIN ST,0,NA,Y,A,-,N,NA,NA,NA,NA,NA,NA,NA,NA,NA,N,4,0,2,4,A,-,12,21453,A,F,D,C,A,A,H,-,C,A,0,NA,NA,NA,NA,Y,NA,-,99,0,0,2,0,0,0,0,0,0,-,-,NA,NA,LOS ANGELES,LOS ANGELES,-118.26255798339844,34.033599853515625
94969460,2025,2025-12-12,9580,2025-11-29,2300,023758,NA,6,3,7,1942,0,1,2,NA,2,101,US-101 S/B (VENTURA FREEWAY),TUJUNGA AVE,500,N,N,A,-,Y,LA,NA,101,NA,NA,12.179,H,NA,L,N,4,0,1,3,A,-,03,22350,NA,M,C,C,A,A,H,-,C,D,0,NA,NA,NA,NA,Y,NA,A,01,0,0,1,0,0,0,0,0,0,-,-,34.154449462890625,-118.3845672607422,LOS ANGELES,LOS ANGELES,-118.3845672607422,34.15435028076172
94969471,2025,2025-12-12,9580,2025-12-02,1930,022551,NA,2,2,9,1900,0,1,3,NA,1,271,SR-27 S/B (TOPANGA CYN. BLVD.),OLD TOPANGA CANYON RD,50,S,N,A,-,Y,LA,NA,27,NA,NA,4.283,H,NA,L,Y,3,0,1,2,A,-,01,23152,A,N,B,C,A,A,H,-,D,D,0,NA,NA,NA,NA,Y,Y,A,07,0,1,0,0,0,0,0,0,0,-,-,34.089229583740234,-118.60413360595705,LOS ANGELES,UNINCORPORATED,-118.60411834716795,34.08924102783203
94969481,2025,2025-12-12,9580,2025-11-27,224,024014,NA,4,3,7,1942,0,1,2,NA,2,101,US-101 S/B (VENTURA FREEWAY),SR-170 S/B (HOLLYWOOD FWY.),1000,N,N,A,-,Y,LA,NA,170,NA,R,14.522,H,NA,L,N,2,0,2,1,A,-,01,23152,A,N,H,J,A,A,A,-,D,D,0,NA,NA,Y,NA,Y,NA,C,02,1,1,0,0,0,0,0,0,2,-,-,34.15333938598633,-118.37715911865234,LOS ANGELES,LOS ANGELES,-118.37689971923828,34.15348434448242
94969488,2025,2025-12-12,9575,2025-12-05,1000,022503,NA,5,1,6,1925,0,1,3,NA,2,042,SR-134 W/B (VENTURA FREEWAY),VERDUGO BLVD.,150,W,N,A,-,Y,LA,NA,134,NA,R,8.194,H,NA,L,Y,4,0,3,3,A,-,03,22350,NA,N,C,C,A,A,H,-,A,D,0,NA,NA,NA,NA,Y,NA,A,07,0,0,3,0,0,0,0,0,0,-,-,34.15325164794922,-118.23751831054688,LOS ANGELES,GLENDALE,-118.23755645751952,34.15321350097656
94969492,2025,2025-12-12,9575,2025-12-05,2020,022085,NA,5,2,6,1912,0,1,1,NA,2,051,I-5 N/B (GOLDEN STATE FREEWAY),EMPIRE AVE.,686,S,N,A,-,Y,LA,NA,5,NA,NA,30.312,H,NA,R,Y,3,0,1,1,A,-,08,22107,NA,N,E,8,A,A,H,-,C,D,0,NA,NA,NA,Y,Y,NA,F,26,0,1,0,0,0,0,0,0,0,-,-,34.19023895263672,-118.32508087158205,LOS ANGELES,BURBANK,-118.3252182006836,34.19011306762695
94969500,2025,2025-12-12,9530,2025-12-02,955,017860,NA,2,1,7,1941,0,1,1,NA,2,420,I-405 S/B (SAN DIEGO FREEWAY),WALNUT AVE.,80,N,N,A,-,Y,LA,NA,405,NA,NA,5.158,H,NA,L,Y,4,0,1,3,A,-,03,22350,NA,M,C,C,A,A,H,-,A,D,0,NA,NA,NA,NA,Y,NA,A,01,0,0,1,0,0,0,0,0,0,-,-,33.81425857543945,-118.1723403930664,LOS ANGELES,LONG BEACH,-118.1723403930664,33.81420135498047
94969536,2025,2025-12-12,9540,2025-12-10,940,023129,NA,3,1,7,1942,0,1,1,NA,1,501,I-5 S/B,SAN FERNANDO MISSION BLVD,1311,N,N,A,-,Y,LA,NA,5,NA,NA,40.513,H,NA,L,N,4,0,1,4,A,-,03,22350,NA,N,C,C,A,A,H,-,A,D,0,NA,NA,NA,NA,Y,NA,A,07,0,0,1,0,0,0,0,0,0,-,-,34.27973937988281,-118.45584869384766,LOS ANGELES,LOS ANGELES,-118.45575714111328,34.27977752685547
94969544,2025,2025-12-12,9540,2025-12-07,2334,023847,NA,7,3,9,1900,0,1,1,NA,2,508,I-5 N/B (GOLDEN STATE FREEWAY),CHP ROAD,90,S,N,A,-,Y,LA,NA,5,NA,R,63.962,H,NA,R,Y,4,0,1,2,A,-,08,22107,NA,N,C,2,A,A,H,-,B,D,0,NA,NA,NA,Y,Y,NA,A,07,0,0,1,0,0,0,0,0,0,-,-,34.548011779785156,-118.66741180419922,LOS ANGELES,UNINCORPORATED,-118.66741180419922,34.548011779785156
94969571,2025,2025-12-12,9565,2025-12-02,1800,024824,NA,2,2,9,1900,0,1,1,NA,2,010,I-105 EASTBOUND,INGLEWOOD AVE,80,W,N,A,-,Y,LA,NA,105,NA,R,2.509,H,NA,R,N,4,0,3,3,A,-,03,22350,NA,N,C,C,A,A,H,-,C,D,0,NA,NA,NA,NA,Y,NA,A,07,0,0,3,0,0,0,0,0,0,-,-,33.93165969848633,-118.36165618896484,LOS ANGELES,UNINCORPORATED,-118.36167144775392,33.93169403076172
94969572,2025,2025-12-12,9540,2025-12-04,2038,024472,NA,4,2,9,1900,0,1,3,NA,1,144,NORTHBOUND SR-14,PIT SCALES,500,S,N,A,-,Y,LA,NA,14,NA,R,31.2,H,NA,R,N,4,0,1,3,A,-,07,21658,A,N,B,C,A,A,H,-,C,D,0,NA,NA,NA,Y,Y,NA,G,25,0,0,1,0,0,0,0,0,0,-,-,34.40486145019531,-118.45053863525392,LOS ANGELES,UNINCORPORATED,-118.4505615234375,34.404884338378906
94969601,2025,2025-12-12,9530,2025-12-02,1450,022454,NA,2,2,9,1900,0,3,5,NA,2,002,AVALON BLVD.,ROSECRANS AVE.,0,NA,Y,A,-,N,NA,NA,NA,NA,NA,NA,NA,NA,NA,Y,3,0,2,2,A,-,09,21801,A,N,A,2,A,A,H,-,A,A,0,NA,NA,NA,NA,Y,NA,A,01,0,1,1,0,0,0,0,0,0,-,-,33.90216064453125,-118.26535034179688,LOS ANGELES,UNINCORPORATED,-118.26528167724608,33.902137756347656
94969612,2025,2025-12-12,9540,2025-11-22,2220,023580,NA,6,3,6,1985,0,1,3,NA,1,145,SR-14 S/B,GOLDEN VALLEY ROAD,937,N,N,A,-,Y,LA,NA,14,NA,R,29.87,H,NA,L,N,4,0,1,2,A,-,03,22350,NA,M,C,2,A,A,H,-,D,D,0,NA,NA,NA,NA,Y,NA,-,99,0,0,1,0,0,0,0,0,0,-,-,34.39406967163086,-118.4699935913086,LOS ANGELES,SANTA CLARITA,-118.4699935913086,34.39407730102539
94969613,2025,2025-12-12,9530,2025-12-02,655,023797,NA,2,1,9,1900,0,3,5,NA,2,001,HOOPER AVE.,GAGE AVE,50,S,N,A,-,N,NA,NA,NA,NA,NA,NA,NA,NA,NA,N,4,0,1,2,A,-,03,22350,NA,N,C,C,A,A,H,-,A,A,0,NA,NA,NA,NA,Y,NA,A,07,0,0,1,0,0,0,0,0,0,-,-,33.981868743896484,-118.25202941894533,LOS ANGELES,UNINCORPORATED,-118.2520751953125,33.981964111328125
94969622,2025,2025-12-12,9580,2025-12-02,1830,021966,NA,2,2,7,1942,0,1,1,NA,2,404,I-405 N/B (SAN DIEGO FWY),BURBANK BLVD,1560,S,N,A,-,Y,LA,NA,405,NA,NA,39.978,H,NA,R,N,4,0,1,2,A,-,03,22350,NA,N,C,C,A,A,H,-,C,D,0,NA,NA,NA,NA,Y,NA,D,22,0,0,1,0,0,0,0,0,0,-,-,34.16783142089844,-118.4687271118164,LOS ANGELES,LOS ANGELES,-118.4687271118164,34.16782760620117
94969624,2025,2025-12-12,9580,2025-11-30,1440,023272,NA,7,2,7,1942,0,1,3,NA,2,116,SR-118 E/B (RONALD REAGAN FWY.),LOUISE AVE,0,NA,Y,A,-,Y,LA,NA,118,NA,R,7.289,H,NA,R,N,3,0,1,1,C,-,18,NA,NA,N,E,I,A,A,H,-,A,D,0,NA,NA,NA,NA,Y,NA,-,-,0,1,0,0,0,0,0,0,0,-,-,34.277610778808594,-118.51112365722656,LOS ANGELES,LOS ANGELES,-118.51112365722656,34.27775955200195
94969628,2025,2025-12-12,9580,2025-12-03,1455,021966,NA,3,2,7,1942,0,1,1,NA,2,405,I-405 S/B (SAN DIEGO FWY),VANOWEN ST,20,N,N,A,-,Y,LA,NA,405,NA,NA,41.891,H,NA,L,N,4,0,2,2,A,-,03,22350,NA,N,C,C,A,A,H,-,A,D,0,NA,NA,NA,NA,Y,NA,A,01,0,0,2,0,0,0,0,0,0,-,-,34.19411849975586,-118.47445678710938,LOS ANGELES,LOS ANGELES,-118.47441864013672,34.194122314453125
94969683,2025,2025-12-12,9580,2025-12-03,2017,021966,NA,3,2,7,1942,0,1,1,NA,2,404,I-405 NB FROM SEPULVEDA BLVD.,VENTURA BLVD,180,S,N,A,-,Y,LA,NA,405,NA,NA,38.961,H,NA,R,Y,3,0,1,2,A,-,03,22350,NA,N,C,C,A,A,H,-,C,A,0,NA,NA,NA,NA,Y,NA,A,01,0,1,0,0,0,0,0,0,0,-,-,34.15345001220703,-118.46775817871094,LOS ANGELES,LOS ANGELES,-118.46793365478516,34.1534423828125
94969698,2025,2025-12-12,9565,2025-03-17,39,023841,NA,1,3,5,1928,0,1,1,NA,2,012,I-105 EASTBOUND,HAWTHORNE BOULEVARD,200,E,N,A,-,Y,LA,NA,105,NA,R,3.1,H,NA,R,Y,3,0,1,1,A,-,01,23152,A,N,E,I,A,A,H,-,C,D,0,NA,NA,NA,NA,Y,Y,A,01,0,1,0,0,0,0,0,0,0,-,-,33.93307876586914,-118.3518524169922,LOS ANGELES,HAWTHORNE,-118.35179901123048,33.93327331542969
94969742,2025,2025-12-12,9530,2025-11-09,100,024399,NA,7,3,9,1900,0,3,5,NA,2,002,BROADWAY (13400 BLOCK),135TH STREET (200 BLOCK),0,NA,Y,A,-,N,NA,NA,NA,NA,NA,NA,NA,NA,NA,Y,3,0,5,2,A,-,01,23152,A,N,D,C,A,A,H,-,C,A,0,NA,NA,NA,NA,Y,Y,A,07,0,1,4,0,0,0,0,0,0,-,-,33.909141540527344,-118.27828979492188,LOS ANGELES,UNINCORPORATED,-118.27841186523438,33.909156799316406
94969756,2025,2025-12-12,9530,2025-12-02,815,023590,NA,2,1,7,1942,0,1,1,NA,2,400,I-405 S/B (SAN DIEGO FREEWAY),NORMANDIE AVE.,0,NA,Y,A,-,Y,LA,NA,405,NA,NA,14.122,H,NA,L,Y,4,0,1,3,A,-,03,22350,NA,N,C,C,A,A,H,-,A,D,0,NA,NA,NA,NA,Y,NA,A,01,0,0,1,0,0,0,0,0,0,-,-,33.859710693359375,-118.30403137207033,LOS ANGELES,LOS ANGELES,-118.30403137207033,33.85972213745117
94969773,2025,2025-12-12,9530,2025-12-02,2025,022716,NA,2,2,7,1942,0,1,1,NA,2,400,I-405 S/B,NORMANDIE AVE,300,S,N,A,-,Y,LA,NA,405,NA,NA,13.785,H,NA,L,N,4,0,1,3,A,-,03,22350,NA,N,C,C,A,A,H,-,C,D,0,NA,NA,NA,NA,Y,NA,A,01,0,0,1,0,0,0,0,0,0,-,-,33.859718322753906,-118.2981185913086,LOS ANGELES,LOS ANGELES,-118.2981185913086,33.85972595214844
94969774,2025,2025-12-12,9565,2025-12-02,1515,024534,NA,2,2,9,1900,0,3,5,NA,2,004,W/B IMPERIAL HIGHWAY,SUNDALE AVENUE,100,E,N,A,-,N,NA,NA,NA,NA,NA,NA,NA,NA,NA,N,3,0,1,2,A,-,07,21658,A,N,B,C,A,A,H,-,A,D,0,NA,NA,NA,NA,Y,NA,-,-,0,1,0,0,0,0,0,0,0,-,-,33.930870056152344,-118.36376190185548,LOS ANGELES,UNINCORPORATED,-118.3644790649414,33.93085861206055
94969779,2025,2025-12-12,9535,2025-12-03,1841,023354,NA,3,2,1,1973,0,1,1,NA,2,073,I-710 S/B (LONG BEACH FREEWAY),BANDINI BLVD,630,N,N,A,-,Y,LA,NA,710,NA,NA,22.143,H,NA,L,N,4,0,1,2,A,-,03,22350,NA,F,C,C,A,A,H,-,C,D,0,NA,NA,NA,NA,Y,NA,-,99,0,0,1,0,0,0,0,0,0,-,-,34.000370025634766,-118.17519378662108,LOS ANGELES,VERNON,-118.1751708984375,34.000362396240234
94969783,2025,2025-12-12,9565,2025-12-02,750,024534,NA,2,1,9,1900,0,2,4,NA,2,043,S/B INGLEWOOD AVENUE,104TH STREET,100,N,N,A,-,N,NA,NA,NA,NA,NA,NA,NA,NA,NA,N,3,0,2,2,A,-,03,22350,NA,N,C,C,A,A,H,-,A,D,0,NA,NA,NA,NA,Y,NA,D,22,0,2,0,0,0,0,0,0,0,-,-,33.942508697509766,-118.36138153076172,LOS ANGELES,UNINCORPORATED,-118.3613510131836,33.942073822021484
94969830,2025,2025-12-12,9540,2025-08-17,725,024373,NA,7,1,9,1900,0,1,3,NA,2,146,SR-14 N/B (ANTELOPE VALLEY FWY),ESCONDIDO CANYON RD,2640,N,N,A,-,Y,LA,NA,14,NA,NA,43.896,H,NA,R,Y,4,0,1,2,A,-,08,22107,NA,M,C,C,A,A,H,-,A,D,0,NA,NA,NA,NA,Y,NA,A,01,0,0,1,0,0,0,0,0,0,-,-,34.49589920043945,-118.27407073974608,LOS ANGELES,UNINCORPORATED,-118.27407073974608,34.49590301513672
94969836,2025,2025-12-12,9540,2025-12-01,1320,018024,NA,1,1,9,1900,0,2,4,NA,1,201,SIERRA HWY,JUNIPER VALLEY RD,528,S,N,A,-,N,NA,NA,NA,NA,NA,NA,NA,NA,NA,Y,4,0,1,1,A,-,08,22107,NA,N,F,I,A,A,H,-,A,D,0,NA,NA,NA,NA,Y,NA,A,01,0,0,1,0,0,0,0,0,0,-,-,34.51799011230469,-118.24134063720705,LOS ANGELES,UNINCORPORATED,-118.23861694335938,34.515281677246094
94969838,2025,2025-12-12,9565,2025-12-02,1355,024534,NA,2,1,9,1900,0,3,5,NA,2,004,N/B AVIATION BOULEVARD,118TH PLACE,50,S,N,A,-,N,NA,NA,NA,NA,NA,NA,NA,NA,NA,N,3,0,1,2,A,-,09,21804,A,N,D,C,A,A,H,-,A,D,0,NA,NA,NA,NA,Y,NA,A,01,0,1,0,0,0,0,0,0,0,-,-,33.92618179321289,-118.37841033935548,LOS ANGELES,UNINCORPORATED,-118.37844848632813,33.92624282836914