CASE_ID,ACCIDENT_YEAR,PROC_DATE,JURIS,COLLISION_DATE,COLLISION_TIME,OFFICER_ID,REPORTING_DISTRICT,DAY_OF_WEEK,CHP_SHIFT,POPULATION,CNTY_CITY_LOC,SPECIAL_COND,BEAT_TYPE,CHP_BEAT_TYPE,CITY_DIVISION_LAPD,CHP_BEAT_CLASS,BEAT_NUMBER,PRIMARY_RD,SECONDARY_RD,DISTANCE,DIRECTION,INTERSECTION,WEATHER_1,WEATHER_2,STATE_HWY_IND,CALTRANS_COUNTY,CALTRANS_DISTRICT,STATE_ROUTE,ROUTE_SUFFIX,POSTMILE_PREFIX,POSTMILE,LOCATION_TYPE,RAMP_INTERSECTION,SIDE_OF_HWY,TOW_AWAY,COLLISION_SEVERITY,NUMBER_KILLED,NUMBER_INJURED,PARTY_COUNT,PRIMARY_COLL_FACTOR,PCF_CODE_OF_VIOL,PCF_VIOL_CATEGORY,PCF_VIOLATION,PCF_VIOL_SUBSECTION,HIT_AND_RUN,TYPE_OF_COLLISION,MVIW,PED_ACTION,ROAD_SURFACE,ROAD_COND_1,ROAD_COND_2,LIGHTING,CONTROL_DEVICE,CHP_ROAD_TYPE,PEDESTRIAN_ACCIDENT,BICYCLE_ACCIDENT,MOTORCYCLE_ACCIDENT,TRUCK_ACCIDENT,NOT_PRIVATE_PROPERTY,ALCOHOL_INVOLVED,STWD_VEHTYPE_AT_FAULT,CHP_VEHTYPE_AT_FAULT,COUNT_SEVERE_INJ,COUNT_VISIBLE_INJ,COUNT_COMPLAINT_PAIN,COUNT_PED_KILLED,COUNT_PED_INJURED,COUNT_BICYCLIST_KILLED,COUNT_BICYCLIST_INJURED,COUNT_MC_KILLED,COUNT_MC_INJURED,PRIMARY_RAMP,SECONDARY_RAMP,LATITUDE,LONGITUDE,COUNTY,CITY,POINT_X,POINT_Y
9497126,2022,2022-09-14,1900,2022-07-13,0457,604231,1413,3,5,1,1932,0,0,0,NA,0,141T1,7TH AV,SALT LAKE AV,0,NA,Y,A,-,N,NA,NA,NA,NA,NA,NA,NA,NA,NA,Y,3,0,1,2,A,-,12,21453,A,N,D,C,A,A,H,-,C,A,0,NA,NA,NA,Y,Y,NA,-,-,0,1,0,0,0,0,0,0,0,-,-,34.024749755859375,-117.98489379882813,LOS ANGELES,INDUSTRY,-117.98496246337892,34.02457046508789
9497128,2022,2022-09-26,1900,2022-08-18,0752,403161,1419,4,5,1,1932,0,0,0,NA,0,141T3,LEMON AV,BUSINESS PKWY,0,NA,Y,A,-,N,NA,NA,NA,NA,NA,NA,NA,NA,NA,Y,3,0,1,3,A,-,12,21453,A,N,D,C,A,A,H,-,A,A,0,NA,NA,NA,Y,Y,NA,A,07,0,1,0,0,0,0,0,0,0,-,-,34.005950927734375,-117.85562133789064,LOS ANGELES,INDUSTRY,-117.8555908203125,34.005859375
94971365,2025,2025-12-15,9590,2025-12-11,1330,021122,NA,4,1,7,1942,0,1,1,NA,2,061,I-10 W/B (SANTA MONICA FREEWAY) (SMF),HAUSER BOULEVARD,400,E,N,A,-,Y,LA,NA,10,NA,R,9.833,H,NA,L,Y,4,0,1,2,A,-,03,22350,NA,N,C,C,A,A,H,-,A,D,0,NA,NA,NA,NA,Y,NA,A,07,0,0,1,0,0,0,0,0,0,-,-,34.033870697021484,-118.36083221435548,LOS ANGELES,LOS ANGELES,-118.36083221435548,34.033912658691406
9497154,2022,2022-09-21,1942,2022-08-28,0040,41072,1805,7,5,7,1942,0,0,0,R,0,25T37,92ND ST,SAN PEDRO ST,100,E,N,A,-,N,NA,NA,NA,NA,NA,NA,NA,NA,NA,Y,4,0,1,3,A,-,01,23152,A,N,A,E,A,A,H,-,C,A,0,NA,NA,NA,NA,Y,Y,A,01,0,0,1,0,0,0,0,0,0,-,-,NA,NA,LOS ANGELES,LOS ANGELES,-118.26918029785156,33.952880859375
9497155,2022,2022-09-21,1942,2022-08-11,1810,44761,NA,4,5,7,1942,0,0,0,NA,0,1831,S VERMONT AV,W 123RD ST,0,NA,Y,A,-,N,NA,NA,NA,NA,NA,NA,NA,NA,NA,Y,3,0,2,6,A,-,09,21800,A,N,H,-,A,A,H,-,A,A,0,NA,NA,NA,NA,Y,NA,A,01,0,2,0,0,0,0,0,0,0,-,-,NA,NA,LOS ANGELES,LOS ANGELES,-118.29180908203124,33.9211540222168
9497157,2022,2022-10-26,1942,2022-07-25,2145,44761,1844,1,5,7,1942,0,0,0,R,0,18X4,IMPERIAL HWY,AVALON BL,0,NA,Y,A,-,N,NA,NA,NA,NA,NA,NA,NA,NA,NA,Y,3,0,1,2,A,-,09,21801,A,F,H,C,A,A,H,-,C,A,0,NA,NA,NA,NA,Y,NA,A,07,0,1,0,0,0,0,0,0,0,-,-,NA,NA,LOS ANGELES,LOS ANGELES,-118.2651824951172,33.93104553222656
9497161,2022,2022-09-21,1900,2022-08-11,1837,602259,0453,4,5,6,1949,0,0,0,NA,0,43T1,ROSECRANS AV,JERSEY AV,247,W,N,A,-,N,NA,NA,NA,NA,NA,NA,NA,NA,NA,Y,4,0,1,2,A,-,03,22350,NA,N,C,E,A,A,H,-,A,D,0,NA,NA,NA,NA,Y,NA,A,01,0,0,1,0,0,0,0,0,0,-,-,NA,NA,LOS ANGELES,NORWALK,-118.08721923828124,33.90211486816406
9497163,2022,2022-10-12,1900,2022-09-01,1733,669714,0456,4,5,6,1949,0,0,0,NA,0,43T1P,NAVA ST,PIONEER BL,8,E,N,A,-,N,NA,NA,NA,NA,NA,NA,NA,NA,NA,N,4,0,1,2,A,-,10,21950,A,N,G,B,B,A,H,-,A,A,0,Y,NA,NA,NA,Y,NA,A,07,0,0,1,0,1,0,0,0,0,-,-,NA,NA,LOS ANGELES,NORWALK,-118.08234405517578,33.88901138305664
94971637,2025,2025-12-15,9580,2025-11-29,2335,024454,NA,6,3,7,1942,0,1,3,NA,2,117,SR-118 W/B (RONALD REAGAN FWY.),I-405 S/B (SAN DIEGO FWY),600,W,N,A,-,Y,LA,NA,118,NA,R,9.443,H,NA,L,N,4,0,3,3,A,-,08,22107,NA,N,E,I,A,A,H,-,C,D,0,NA,NA,NA,NA,Y,NA,A,01,0,0,3,0,0,0,0,0,0,-,-,34.26633071899414,-118.4784698486328,LOS ANGELES,LOS ANGELES,-118.4784698486328,34.266136169433594
94971657,2025,2025-12-15,9530,2025-11-15,1500,023843,NA,6,2,9,1900,0,3,5,NA,2,002,AVALON BLVD,COMPTON BLVD.,0,NA,Y,C,-,N,NA,NA,NA,NA,NA,NA,NA,NA,NA,N,4,0,1,2,A,-,12,21453,A,N,D,C,A,B,H,-,A,A,0,NA,NA,NA,NA,Y,NA,-,-,0,0,1,0,0,0,0,0,0,-,-,33.89527130126953,-118.26528167724608,LOS ANGELES,UNINCORPORATED,-118.265380859375,33.895198822021484
94971668,2025,2025-12-15,9530,2025-12-03,705,022427,NA,3,1,9,1900,0,3,5,NA,2,002,ROSECRANS AVE (300 BLOCK),SAN PEDRO ST.,110,W,N,A,-,N,NA,NA,NA,NA,NA,NA,NA,NA,NA,N,4,0,2,2,A,-,08,22100,A,N,B,C,A,A,H,-,A,D,0,NA,NA,NA,NA,Y,NA,D,22,0,0,2,0,0,0,0,0,0,-,-,33.90203857421875,-118.2695083618164,LOS ANGELES,UNINCORPORATED,-118.26936340332033,33.90195846557617
94971672,2025,2025-12-15,9525,2025-12-07,1530,024162,NA,7,2,6,1955,0,1,1,NA,2,110,I-10 E/B (SAN BERNARDINO FWY),TOWNE AVE,653,E,N,A,-,Y,LA,NA,10,NA,NA,46.551,H,NA,R,N,4,0,2,2,A,-,03,22350,NA,N,C,C,A,A,H,-,A,D,0,NA,NA,NA,NA,Y,NA,A,01,0,0,2,0,0,0,0,0,0,-,-,34.078941345214844,-117.73947143554688,LOS ANGELES,POMONA,-117.73950958251952,34.079010009765625
94971675,2025,2025-12-15,9525,2025-12-05,1010,023227,NA,5,1,5,1926,0,1,1,NA,2,205,I-210 W/B (FOOTHILL FWY),GLENDORA AVE,80,W,N,A,-,Y,LA,NA,210,NA,R,42.091,H,NA,L,N,4,0,2,3,A,-,03,22350,NA,N,C,C,A,A,H,-,A,D,0,NA,NA,NA,NA,Y,NA,D,22,0,0,2,0,0,0,0,0,0,-,-,34.11825180053711,-117.86490631103516,LOS ANGELES,GLENDORA,-117.86489868164064,34.11826705932617
94971694,2025,2025-12-15,9545,2025-11-28,1735,024536,NA,5,2,9,1900,0,3,5,NA,2,003,SIERRA HWY,PEARBLOSSOM HWY,5280,N,N,A,-,N,NA,NA,NA,NA,NA,NA,NA,NA,NA,Y,3,0,1,2,A,-,08,22107,NA,N,D,C,A,A,H,-,D,D,0,NA,NA,NA,NA,Y,NA,A,07,0,1,0,0,0,0,0,0,0,-,-,34.530338287353516,-118.10008239746094,LOS ANGELES,UNINCORPORATED,-118.10354614257813,34.53537368774414
94971703,2025,2025-12-15,9530,2025-11-07,1740,022978,NA,5,2,9,1900,0,3,5,NA,2,001,HOOPER AVE.,68TH STREET,45,N,N,A,-,N,NA,NA,NA,NA,NA,NA,NA,NA,NA,N,2,0,1,3,A,-,08,22107,NA,F,G,B,E,A,H,-,C,A,0,Y,NA,NA,NA,Y,NA,-,99,1,0,0,0,1,0,0,0,0,-,-,33.97858810424805,-118.25212097167967,LOS ANGELES,UNINCORPORATED,-118.25205993652344,33.97852325439453
94971705,2025,2025-12-15,9525,2025-11-27,1340,024155,NA,4,1,9,1900,0,2,4,NA,2,022,SAN BERNARDINO RD,IRWINDALE AVE,40,W,N,A,-,N,NA,NA,NA,NA,NA,NA,NA,NA,NA,Y,3,0,2,2,A,-,03,22350,NA,N,C,C,A,A,H,-,A,A,0,NA,NA,NA,NA,Y,NA,A,01,0,1,1,0,0,0,0,0,0,-,-,34.089778900146484,-117.93448638916016,LOS ANGELES,UNINCORPORATED,-117.93434143066406,34.089839935302734
94971713,2025,2025-12-15,9535,2025-06-21,1625,023462,NA,6,2,9,1900,0,2,4,NA,2,022,OLYMPIC BLVD (1200 BLOCK),MARIANNA AVENUE,55,E,N,A,-,N,NA,NA,NA,NA,NA,NA,NA,NA,NA,Y,3,0,1,3,A,-,08,22107,NA,F,G,E,F,A,H,-,A,D,0,Y,NA,NA,NA,Y,NA,-,99,0,1,0,0,1,0,0,0,0,-,-,34.01884078979492,-118.1756591796875,LOS ANGELES,UNINCORPORATED,-118.17568969726564,34.0189208984375
94971716,2025,2025-12-15,9545,2025-11-08,1255,021384,NA,6,1,9,1900,0,3,5,NA,2,004,190 ST EAST,AVE J,0,NA,Y,A,-,N,NA,NA,NA,NA,NA,NA,NA,NA,NA,Y,2,0,1,1,A,-,01,23152,A,N,E,I,A,A,H,-,A,A,0,NA,NA,NA,NA,Y,Y,A,01,1,0,0,0,0,0,0,0,0,-,-,34.69010925292969,-117.7917709350586,LOS ANGELES,UNINCORPORATED,NA,NA
9497172,2022,2022-09-28,1942,2022-08-26,0935,40289,0176,5,5,7,1942,0,0,0,A,0,24TL44,CECILIA ST,8TH ST,0,NA,Y,A,-,N,NA,NA,NA,NA,NA,NA,NA,NA,NA,Y,4,0,2,5,A,-,09,21802,A,N,D,C,A,A,H,-,A,D,0,NA,NA,NA,Y,Y,NA,A,07,0,0,2,0,0,0,0,0,0,-,-,NA,NA,LOS ANGELES,LOS ANGELES,-118.25080871582033,34.04048538208008
94971744,2025,2025-12-15,9545,2025-11-30,2125,024536,NA,7,2,9,1900,0,3,5,NA,2,003,SR-14 S/B TO ANGELES FOREST HIGHWAY,SIERRA HIGHWAY,0,NA,Y,A,-,Y,NA,NA,NA,NA,NA,NA,NA,NA,NA,Y,4,0,1,2,A,-,09,21802,A,N,D,C,A,A,H,-,C,A,0,NA,NA,NA,Y,Y,NA,G,25,0,0,1,0,0,0,0,0,0,-,-,34.511329650878906,-118.10945892333984,LOS ANGELES,UNINCORPORATED,-118.50720977783205,34.33883285522461
94971746,2025,2025-12-15,9550,2025-08-16,130,024157,NA,6,3,9,1900,0,3,5,NA,2,003,SEVENTH AVENUE,PALM AVENUE,40,S,N,A,-,N,NA,NA,NA,NA,NA,NA,NA,NA,NA,Y,3,0,1,1,A,-,01,23152,A,N,E,I,A,A,H,-,C,D,0,NA,NA,NA,NA,Y,Y,A,07,0,1,0,0,0,0,0,0,0,-,-,34.01646041870117,-117.9900131225586,LOS ANGELES,UNINCORPORATED,-117.98995971679688,34.016422271728516
9497175,2022,2022-10-07,1942,2022-08-27,1515,44498,1177,6,5,7,1942,0,0,0,K,0,11A51,AV 26,FIGUEROA,152,E,N,A,-,N,NA,NA,NA,NA,NA,NA,NA,NA,NA,Y,3,0,1,2,A,-,12,22450,NA,F,A,C,A,A,H,-,A,A,0,NA,NA,NA,NA,Y,NA,A,01,0,1,0,0,0,0,0,0,0,-,-,NA,NA,LOS ANGELES,LOS ANGELES,-118.22207641601564,34.08357238769531
94971771,2025,2025-12-15,9580,2025-12-07,357,023848,NA,7,3,7,1942,0,1,1,NA,2,407,I-405 S/B (SAN DIEGO FWY),DEVONSHIRE ST,0,S,N,A,-,Y,LA,NA,405,NA,NA,46.249,H,NA,L,Y,3,0,2,4,A,-,03,22350,NA,F,C,C,A,A,H,-,C,B,0,NA,NA,NA,NA,Y,NA,A,01,0,2,0,0,0,0,0,0,0,-,-,34.25730895996094,-118.472412109375,LOS ANGELES,LOS ANGELES,-118.4723663330078,34.25730895996094
94971785,2025,2025-12-15,9580,2025-12-03,1702,021966,NA,3,2,7,1942,0,1,2,NA,2,103,US-101 S/B (VENTURA FREEWAY),WOODMAN AVE,405,N,N,A,-,Y,LA,NA,101,NA,NA,14.982,H,NA,L,N,4,0,1,2,A,-,03,22350,NA,N,C,C,A,A,H,-,C,D,0,NA,NA,NA,NA,Y,NA,A,01,0,0,1,0,0,0,0,0,0,-,-,34.155548095703125,-118.43279266357422,LOS ANGELES,LOS ANGELES,-118.43279266357422,34.15553665161133
94971802,2025,2025-12-15,9580,2025-12-05,2210,023812,NA,5,3,9,1900,0,2,4,NA,1,131,MULHOLLAND HIGHWAY,BREWSTER ROAD,3168,E,N,A,-,N,NA,NA,NA,NA,NA,NA,NA,NA,NA,N,3,0,1,1,A,-,08,22107,NA,N,F,I,A,A,H,-,D,D,0,NA,NA,NA,NA,Y,NA,A,01,0,1,0,0,0,0,0,0,0,-,-,34.09907913208008,-118.80104064941406,LOS ANGELES,UNINCORPORATED,-118.80281829833984,34.0988655090332
94971804,2025,2025-12-15,9530,2025-11-28,1734,024418,NA,5,2,7,1942,0,1,1,NA,2,110,I-110 N/B TO I-405,I-405 S/B (SAN DIEGO FREEWAY),1340,S,N,A,-,Y,NA,NA,NA,NA,NA,NA,NA,NA,NA,N,3,0,2,1,A,-,08,22107,NA,N,E,I,A,A,H,-,C,D,0,NA,NA,NA,NA,Y,NA,A,01,0,2,0,0,0,0,0,0,0,-,-,33.85322952270508,-118.2842025756836,LOS ANGELES,LOS ANGELES,-118.27989196777344,33.779930114746094
94971805,2025,2025-12-15,9530,2025-12-03,810,024491,NA,3,1,9,1900,0,1,1,NA,2,120,N/B I-110,SEPULVEDA BOULEVARD,1540,S,N,A,-,Y,LA,NA,110,NA,NA,5.156,H,NA,R,Y,3,0,1,2,A,-,03,22350,NA,N,C,C,A,A,H,-,A,D,0,NA,NA,NA,NA,Y,NA,A,01,0,1,0,0,0,0,0,0,0,-,-,33.8046989440918,-118.28854370117188,LOS ANGELES,UNINCORPORATED,-118.28848266601564,33.804691314697266
94971807,2025,2025-12-15,9580,2025-12-05,0,024645,NA,5,3,7,1942,0,1,2,NA,2,100,US-101 N/B (VENTURA FREEWAY),WOODMAN AVE,950,S,N,A,-,Y,LA,NA,101,NA,NA,14.716,H,NA,R,Y,3,0,1,2,A,-,07,21658,A,N,C,C,A,A,H,-,D,D,0,NA,NA,NA,NA,Y,Y,A,07,0,1,0,0,0,0,0,0,0,-,-,34.15578842163086,-118.42803955078124,LOS ANGELES,LOS ANGELES,-118.42803955078124,34.155723571777344
94971819,2025,2025-12-15,9535,2025-10-28,805,019857,NA,2,1,9,1900,0,3,5,NA,2,002,HUBBARD STREET,LEONARD AVENUE,0,NA,Y,A,-,N,NA,NA,NA,NA,NA,NA,NA,NA,NA,N,3,0,2,3,A,-,10,21950,A,N,G,B,B,A,H,-,A,A,0,Y,NA,NA,NA,Y,NA,-,-,0,2,0,0,2,0,0,0,0,-,-,34.019630432128906,-118.14246368408205,LOS ANGELES,UNINCORPORATED,-118.1425323486328,34.019657135009766
94971824,2025,2025-12-15,9590,2025-11-28,1930,023946,NA,5,2,7,1942,0,1,1,NA,2,052,I-110 NORTHBOUND (HARBOR FREEWAY),W. 30TH STREET,184,N,N,A,-,Y,LA,NA,110,NA,NA,20.507,H,NA,R,N,4,0,1,4,A,-,03,22350,NA,M,C,C,A,A,H,-,C,D,0,NA,NA,NA,NA,Y,NA,A,08,0,0,1,0,0,0,0,0,0,-,-,34.02482986450195,-118.27586364746094,LOS ANGELES,LOS ANGELES,-118.27593994140624,34.024864196777344
94971832,2025,2025-12-15,9530,2025-11-14,1330,024864,NA,5,1,9,1900,0,3,5,NA,2,001,COMPTON AVE.,74TH ST,103,N,N,C,-,N,NA,NA,NA,NA,NA,NA,NA,NA,NA,Y,3,0,1,4,A,-,01,23152,A,N,C,E,A,B,H,-,A,D,0,NA,NA,NA,NA,Y,Y,A,01,0,1,0,0,0,0,0,0,0,-,-,33.97365951538086,-118.24771118164064,LOS ANGELES,UNINCORPORATED,-118.24768829345705,33.97361373901367
9497184,2022,2022-09-21,1942,2022-08-27,1820,38050,0407,6,5,7,1942,0,0,0,D,0,24E1W6,HUNTINGTON DR SOUTH,MONTEREY DR,50,E,N,A,-,N,NA,NA,NA,NA,NA,NA,NA,NA,NA,Y,3,0,1,1,A,-,01,23152,A,N,E,I,A,A,H,-,A,D,0,NA,NA,NA,NA,Y,Y,D,22,0,1,0,0,0,0,0,0,0,-,-,NA,NA,LOS ANGELES,LOS ANGELES,-118.18692016601564,34.08513259887695
94971841,2025,2025-12-15,9580,2025-12-05,1745,023072,NA,5,2,7,1942,0,1,S,NA,2,904,I-405 S/B (SAN DIEGO FWY),VANOWEN STREET,242,S,N,A,-,Y,LA,NA,405,NA,NA,41.823,H,NA,L,N,4,0,2,3,A,-,03,22350,NA,N,C,C,A,A,H,-,B,D,0,NA,NA,NA,NA,Y,NA,A,07,0,0,2,0,0,0,0,0,0,-,-,34.19313049316406,-118.47447967529295,LOS ANGELES,LOS ANGELES,-118.47440338134766,34.19313049316406
94971847,2025,2025-12-15,9535,2025-12-08,1705,022269,NA,1,2,5,1947,0,1,3,NA,2,620,SR-60 E/B (POMONA FREEWAY),PARAMOUNT BLVD.,500,W,N,A,-,Y,LA,NA,60,NA,R,7.667,H,NA,R,N,4,0,1,2,A,-,03,22350,NA,N,C,C,A,A,H,-,D,D,0,NA,NA,NA,Y,Y,NA,F,26,0,0,1,0,0,0,0,0,0,-,-,34.03559875488281,-118.09467315673828,LOS ANGELES,MONTEBELLO,-118.09467315673828,34.03562545776367
94971869,2025,2025-12-15,9590,2025-11-28,2150,024756,NA,5,2,7,1942,0,1,1,NA,2,050,I-110 N/B (HARBOR FREEWAY),W 42ND ST,125,N,N,A,-,Y,LA,NA,110,NA,NA,19.329,H,NA,R,Y,3,0,1,3,A,-,07,21658,A,M,B,2,A,A,H,-,C,D,0,NA,NA,NA,NA,Y,NA,-,99,0,1,0,0,0,0,0,0,0,-,-,34.00849151611328,-118.28085327148438,LOS ANGELES,LOS ANGELES,-118.2809600830078,34.00849151611328
9497188,2022,2022-09-21,1942,2022-08-27,1539,35077,1313,6,5,7,1942,0,0,0,M,0,24MQ65,SAN PEDRO ST,16TH ST,5,S,N,A,D,N,NA,NA,NA,NA,NA,NA,NA,NA,NA,N,3,0,5,2,A,-,08,22107,NA,N,B,C,A,A,G,-,A,D,0,NA,NA,NA,NA,Y,NA,A,01,0,5,0,0,0,0,0,0,0,-,-,NA,NA,LOS ANGELES,LOS ANGELES,-118.25595855712892,34.02985763549805
94971884,2025,2025-12-15,9550,2025-09-10,1350,024284,NA,3,1,9,1900,0,3,5,NA,2,005,PASO REAL AVE,HONORE STREET,275,N,N,A,-,N,NA,NA,NA,NA,NA,NA,NA,NA,NA,N,4,0,1,2,A,-,08,22107,NA,F,B,E,A,A,H,-,A,D,0,NA,NA,NA,NA,Y,NA,D,22,0,0,1,0,0,0,0,0,0,-,-,33.98276138305664,-117.89195251464844,LOS ANGELES,UNINCORPORATED,-117.8921127319336,33.98307418823242
94971908,2025,2025-12-15,9535,2025-10-22,1803,022808,NA,3,2,9,1900,0,3,5,NA,2,002,GARFIELD AVE,NORTHSIDE DR,0,NA,Y,A,-,N,NA,NA,NA,NA,NA,NA,NA,NA,NA,N,4,0,1,2,A,-,09,21802,A,N,D,C,A,A,H,-,A,A,0,NA,NA,NA,NA,Y,NA,A,01,0,0,1,0,0,0,0,0,0,-,-,34.013031005859375,-118.13050079345705,LOS ANGELES,UNINCORPORATED,-118.13052368164064,34.01298141479492
94971911,2025,2025-12-15,9525,2025-11-28,1735,024507,NA,5,2,9,1900,0,3,5,NA,2,003,TEMPLE AVE,MANGATE AVE,0,NA,Y,A,-,N,NA,NA,NA,NA,NA,NA,NA,NA,NA,N,3,0,2,2,A,-,09,21802,A,N,D,C,A,A,H,-,C,A,0,NA,NA,NA,NA,Y,Y,A,07,0,1,1,0,0,0,0,0,0,-,-,34.025081634521484,-117.9211883544922,LOS ANGELES,UNINCORPORATED,-117.92115783691406,34.02503204345703
94971933,2025,2025-12-15,9565,2025-12-03,930,021512,NA,3,1,9,1900,0,2,4,NA,1,032,LA TIJERA BLVD,SLAUSON AVE,200,W,N,A,-,N,NA,NA,NA,NA,NA,NA,NA,NA,NA,N,4,0,1,2,A,-,09,21804,A,N,A,C,A,A,H,-,A,D,0,NA,NA,NA,NA,Y,NA,A,07,0,0,1,0,0,0,0,0,0,-,-,33.98688888549805,-118.36475372314452,LOS ANGELES,UNINCORPORATED,-118.36473083496094,33.98741149902344
9497194,2022,2022-09-21,1942,2022-08-14,1739,42834,1435,7,5,7,1942,0,0,0,N,0,27TL44,CENTINELA AV,VENICE BL,400,N,N,A,-,N,NA,NA,NA,NA,NA,NA,NA,NA,NA,N,4,0,1,2,A,-,08,22107,NA,F,B,E,A,A,H,-,A,A,0,NA,NA,NA,Y,Y,NA,-,99,0,0,1,0,0,0,0,0,0,-,-,NA,NA,LOS ANGELES,LOS ANGELES,-118.4343032836914,34.00468063354492
94971949,2025,2025-12-15,9565,2025-11-20,1920,024458,NA,4,2,9,1900,0,1,1,NA,2,060,I-405 SB FROM CENTURY BLVD.,IMPERIAL HIGHWAY,945,N,N,C,-,Y,NA,NA,NA,NA,NA,NA,NA,NA,NA,N,2,0,1,1,A,-,01,23152,A,N,F,I,A,B,H,-,D,D,0,NA,NA,NA,NA,Y,Y,D,22,1,0,0,0,0,0,0,0,0,-,-,33.933631896972656,-118.3688735961914,LOS ANGELES,UNINCORPORATED,-118.36849975585938,33.93342208862305
94971959,2025,2025-12-15,9550,2025-11-13,910,024558,NA,4,1,9,1900,0,3,5,NA,2,005,PATHFINDER RD E/B,SONGBIRD LN,0,NA,Y,A,-,N,NA,NA,NA,NA,NA,NA,NA,NA,NA,N,4,0,1,2,A,-,09,21800,B,N,D,C,A,A,H,-,A,A,0,NA,NA,NA,NA,Y,NA,A,08,0,0,1,0,0,0,0,0,0,-,-,33.97568893432617,-117.88455200195313,LOS ANGELES,UNINCORPORATED,-117.8845672607422,33.975730895996094
94971962,2025,2025-12-15,9565,2025-12-04,535,018187,NA,4,3,5,1928,0,1,1,NA,2,012,I-105 (WESTBOUND),NORMANDIE AVE,350,W,N,B,-,Y,LA,NA,105,NA,R,6.18,H,NA,L,N,4,0,1,2,A,-,03,22350,NA,N,C,C,A,A,H,-,C,D,0,NA,NA,NA,NA,Y,NA,D,22,0,0,1,0,0,0,0,0,0,-,-,33.927310943603516,-118.3015594482422,LOS ANGELES,HAWTHORNE,-118.30158233642578,33.92738723754883
9497197,2022,2022-10-07,1942,2022-09-08,2210,39655,1409,4,5,7,1942,0,0,0,N,0,27Q14W,VENICE BL,DURANGO AV,0,NA,Y,A,-,N,NA,NA,NA,NA,NA,NA,NA,NA,NA,N,2,0,1,2,A,-,11,21954,A,N,G,B,D,A,H,-,C,D,0,Y,NA,NA,NA,Y,NA,N,60,1,0,0,0,1,0,0,0,0,-,-,NA,NA,LOS ANGELES,LOS ANGELES,-118.39338684082033,34.026588439941406
9497200,2022,2022-12-16,1942,2022-04-18,1340,37966,0784,1,5,7,1942,0,0,0,G,0,27TL42,HIGHLAND AV,21ST ST,75,S,N,A,-,N,NA,NA,NA,NA,NA,NA,NA,NA,NA,Y,2,0,1,4,C,-,18,NA,NA,N,B,C,A,A,H,-,A,D,0,NA,NA,NA,NA,Y,NA,-,-,1,0,0,0,0,0,0,0,0,-,-,NA,NA,LOS ANGELES,LOS ANGELES,-118.34751892089844,34.0380859375
94972000,2025,2025-12-15,9530,2025-11-22,1205,024345,NA,6,1,9,1900,0,3,5,NA,2,001,COMPTON AVE.,GAGE AVE,300,N,N,A,-,N,NA,NA,NA,NA,NA,NA,NA,NA,NA,N,4,0,1,2,A,-,11,21954,A,N,G,B,C,A,H,-,A,D,0,Y,NA,NA,NA,Y,NA,N,60,0,0,1,0,1,0,0,0,0,-,-,33.98295974731445,-118.24774932861328,LOS ANGELES,UNINCORPORATED,-118.24774169921876,33.98288345336914
9497201,2022,2022-09-15,1931,2022-08-21,1329,5731,1931,7,5,5,1931,0,0,0,NA,0,003,GAGE AV,SEVILLE AV,173,E,N,A,-,N,NA,NA,NA,NA,NA,NA,NA,NA,NA,N,3,0,1,2,A,-,09,21800,A,N,H,G,A,A,H,-,A,D,0,NA,Y,NA,NA,Y,NA,L,04,0,1,0,0,0,0,1,0,0,-,-,NA,NA,LOS ANGELES,HUNTINGTON PARK,-118.22203826904295,33.98163986206055
9497202,2022,2022-09-15,1931,2022-08-24,1211,5332,1931,3,5,5,1931,0,0,0,NA,0,002,MAYWOOD AV,RANDOLPH ST,0,NA,Y,A,-,N,NA,NA,NA,NA,NA,NA,NA,NA,NA,Y,4,0,1,2,A,-,12,21453,A,N,D,D,A,A,H,-,A,A,0,NA,NA,NA,NA,Y,NA,A,01,0,0,1,0,0,0,0,0,0,-,-,NA,NA,LOS ANGELES,HUNTINGTON PARK,-118.20262145996094,33.983360290527344
9497203,2022,2022-09-15,1931,2022-08-29,0159,5252,1931,1,5,5,1931,0,0,0,NA,0,002,GAGE AV,NEWELL ST,0,NA,Y,A,-,N,NA,NA,NA,NA,NA,NA,NA,NA,NA,Y,3,0,2,2,A,-,12,22450,A,N,D,C,A,A,H,-,C,A,0,NA,NA,NA,NA,Y,NA,A,01,0,1,1,0,0,0,0,0,0,-,-,NA,NA,LOS ANGELES,HUNTINGTON PARK,-118.2084503173828,33.98030090332031
94972060,2025,2025-12-15,9580,2025-12-06,1935,022799,NA,6,2,7,1942,0,1,2,NA,2,104,US-101 N/B (VENTURA FREEWAY),WINNETKA AVE,1584,S,N,A,-,Y,LA,NA,101,NA,NA,22.943,H,NA,R,Y,4,0,2,2,A,-,03,22350,NA,N,C,C,A,A,H,-,C,D,0,NA,NA,NA,NA,Y,NA,A,07,0,0,2,0,0,0,0,0,0,-,-,34.173240661621094,-118.56526184082033,LOS ANGELES,LOS ANGELES,-118.56526184082033,34.17325973510742