CASE_ID,ACCIDENT_YEAR,PROC_DATE,JURIS,COLLISION_DATE,COLLISION_TIME,OFFICER_ID,REPORTING_DISTRICT,DAY_OF_WEEK,CHP_SHIFT,POPULATION,CNTY_CITY_LOC,SPECIAL_COND,BEAT_TYPE,CHP_BEAT_TYPE,CITY_DIVISION_LAPD,CHP_BEAT_CLASS,BEAT_NUMBER,PRIMARY_RD,SECONDARY_RD,DISTANCE,DIRECTION,INTERSECTION,WEATHER_1,WEATHER_2,STATE_HWY_IND,CALTRANS_COUNTY,CALTRANS_DISTRICT,STATE_ROUTE,ROUTE_SUFFIX,POSTMILE_PREFIX,POSTMILE,LOCATION_TYPE,RAMP_INTERSECTION,SIDE_OF_HWY,TOW_AWAY,COLLISION_SEVERITY,NUMBER_KILLED,NUMBER_INJURED,PARTY_COUNT,PRIMARY_COLL_FACTOR,PCF_CODE_OF_VIOL,PCF_VIOL_CATEGORY,PCF_VIOLATION,PCF_VIOL_SUBSECTION,HIT_AND_RUN,TYPE_OF_COLLISION,MVIW,PED_ACTION,ROAD_SURFACE,ROAD_COND_1,ROAD_COND_2,LIGHTING,CONTROL_DEVICE,CHP_ROAD_TYPE,PEDESTRIAN_ACCIDENT,BICYCLE_ACCIDENT,MOTORCYCLE_ACCIDENT,TRUCK_ACCIDENT,NOT_PRIVATE_PROPERTY,ALCOHOL_INVOLVED,STWD_VEHTYPE_AT_FAULT,CHP_VEHTYPE_AT_FAULT,COUNT_SEVERE_INJ,COUNT_VISIBLE_INJ,COUNT_COMPLAINT_PAIN,COUNT_PED_KILLED,COUNT_PED_INJURED,COUNT_BICYCLIST_KILLED,COUNT_BICYCLIST_INJURED,COUNT_MC_KILLED,COUNT_MC_INJURED,PRIMARY_RAMP,SECONDARY_RAMP,LATITUDE,LONGITUDE,COUNTY,CITY,POINT_X,POINT_Y
94975696,2025,2025-12-17,9530,2025-12-07,1,023654,NA,7,3,7,1941,0,1,1,NA,2,071,I-710 NORTHBOUND,DEL AMO BOULEVARD,200,N,N,A,-,Y,LA,NA,710,NA,NA,10.877,H,NA,R,Y,4,0,1,1,A,-,08,22107,NA,N,E,I,A,A,H,-,C,D,0,NA,NA,NA,NA,Y,NA,A,01,0,0,1,0,0,0,0,0,0,-,-,33.8472785949707,-118.20533752441406,LOS ANGELES,LONG BEACH,-118.2053451538086,33.8472785949707
94975713,2025,2025-12-17,9565,2025-12-10,1320,024534,NA,3,1,9,1900,0,3,5,NA,2,004,CONDON AVENUE,111TH STREET,100,N,N,A,-,N,NA,NA,NA,NA,NA,NA,NA,NA,NA,N,3,0,1,2,A,-,08,22107,NA,N,B,C,A,A,H,-,A,D,0,NA,NA,NA,NA,Y,NA,B,07,0,1,0,0,0,0,0,0,0,-,-,33.93532943725586,-118.3591537475586,LOS ANGELES,UNINCORPORATED,-118.3591537475586,33.93479537963867
94975716,2025,2025-12-17,9565,2025-12-08,1905,024161,NA,1,2,9,1900,0,3,5,NA,2,003,N/B ALVERN AVENUE,CENTINELA AVENUE,0,NA,Y,A,-,N,NA,NA,NA,NA,NA,NA,NA,NA,NA,N,3,0,1,2,A,-,10,21950,A,N,G,1,B,A,H,-,C,A,0,Y,NA,NA,NA,Y,NA,A,07,0,1,0,0,1,0,0,0,0,-,-,33.97706985473633,-118.37693786621094,LOS ANGELES,UNINCORPORATED,-118.37686920166016,33.97724914550781
94975717,2025,2025-12-17,9575,2025-12-10,1247,020536,NA,3,1,7,1942,0,1,3,NA,2,043,SR-134 E/B (VENTURA FREEWAY),FOREST LAWN DRIVE,295,E,N,A,-,Y,LA,NA,134,NA,NA,3.882,H,NA,R,N,4,0,2,3,A,-,03,22350,NA,N,B,C,A,A,H,-,A,D,0,NA,NA,NA,NA,Y,NA,A,07,0,0,2,0,0,0,0,0,0,-,-,34.15517044067383,-118.30988311767578,LOS ANGELES,LOS ANGELES,-118.30985260009766,34.15510177612305
94975801,2025,2025-12-17,9535,2025-11-22,200,024085,NA,6,3,5,1901,0,1,1,NA,2,420,I-10 E/B (SAN BERNARDINO FREEWAY),GARFIELD AVE,134,W,N,A,-,Y,NA,NA,NA,NA,NA,NA,NA,NA,NA,Y,3,0,1,1,A,-,01,23152,A,M,E,8,A,A,H,-,C,A,0,NA,NA,NA,NA,Y,Y,A,01,0,1,0,0,0,0,0,0,0,-,-,34.071128845214844,-118.1235122680664,LOS ANGELES,ALHAMBRA,-118.12338256835938,34.071475982666016
94975816,2025,2025-12-17,9535,2025-12-05,1555,023354,NA,5,2,5,1952,0,1,1,NA,2,104,I-105 E/B (CENTURY FREEWAY),GARFIELD AVENUE,890,W,N,A,-,Y,LA,NA,105,NA,R,13.948,H,NA,R,Y,3,0,3,2,A,-,03,22350,NA,N,C,C,A,A,H,-,A,D,0,NA,NA,NA,NA,Y,NA,A,07,0,1,2,0,0,0,0,0,0,-,-,33.910888671875,-118.17201232910156,LOS ANGELES,PARAMOUNT,-118.17200469970705,33.91096115112305
9497583,2022,2022-09-26,1942,2022-08-24,1900,43604,0957,3,5,7,1942,0,0,0,I,0,9X16,MAGNOLIA AV,WOODMAN BL,0,NA,Y,A,-,N,NA,NA,NA,NA,NA,NA,NA,NA,NA,N,2,0,1,2,A,-,12,21453,NA,N,C,-,A,A,H,-,A,A,0,NA,Y,NA,NA,Y,NA,-,-,1,0,0,0,0,0,1,0,0,-,-,NA,NA,LOS ANGELES,LOS ANGELES,-118.43125152587892,34.16487121582031
9497584,2022,2022-09-20,1942,2022-08-29,1830,42829,0904,1,5,7,1942,0,0,0,I,0,9X16,SHERMAN WAY,SHERMAN CIR,300,W,N,A,-,N,NA,NA,NA,NA,NA,NA,NA,NA,NA,N,2,0,1,2,A,-,11,21954,A,N,G,B,D,A,H,-,A,D,0,Y,NA,NA,NA,Y,NA,N,60,1,0,0,0,1,0,0,0,0,-,-,NA,NA,LOS ANGELES,LOS ANGELES,-118.45188903808594,34.20117950439453
94975844,2025,2025-12-17,9580,2025-12-14,1950,022746,NA,7,2,7,1942,0,1,1,NA,2,404,I-405 N/B (SAN DIEGO FWY) TO US-101 S/B,VENTURA BLVD,1584,N,N,A,-,Y,NA,NA,NA,NA,NA,NA,NA,NA,NA,Y,4,0,2,2,A,-,08,22107,NA,M,B,C,A,A,H,-,D,D,0,NA,NA,NA,NA,Y,Y,-,99,0,0,2,0,0,0,0,0,0,-,-,34.15837860107422,-118.4681396484375,LOS ANGELES,LOS ANGELES,-118.46923828125,34.15811538696289
94975847,2025,2025-12-17,9530,2025-12-08,2105,024864,NA,1,2,7,1941,0,1,1,NA,2,071,I-710 N/B (LONG BEACH FREEWAY),LONG BEACH BLVD.,415,S,N,A,-,Y,LA,NA,710,NA,NA,11.716,H,NA,R,N,3,0,2,2,A,-,07,21658,A,N,B,C,A,A,H,-,C,D,0,NA,NA,NA,Y,Y,NA,A,07,0,2,0,0,0,0,0,0,0,-,-,33.858768463134766,-118.20181274414064,LOS ANGELES,LONG BEACH,-118.20180511474608,33.858768463134766
9497585,2022,2022-09-20,1942,2022-08-26,1620,40291,0938,5,5,7,1942,0,0,0,I,0,26M55,BURBANK BL,FULTON AV,0,NA,Y,A,-,N,NA,NA,NA,NA,NA,NA,NA,NA,NA,N,2,0,1,2,A,-,12,21453,A,N,D,G,A,A,H,-,A,A,0,NA,Y,NA,NA,Y,NA,L,04,1,0,0,0,0,0,1,0,0,-,-,NA,NA,LOS ANGELES,LOS ANGELES,-118.42250823974608,34.172119140625
9497586,2022,2022-09-20,1942,2022-08-26,1115,40574,1008,5,5,7,1942,0,0,0,J,0,26M54,HAYVENHURST AV,VANOWEN ST,100,S,N,A,-,N,NA,NA,NA,NA,NA,NA,NA,NA,NA,Y,4,0,1,1,A,-,08,22107,NA,N,A,I,A,A,H,-,A,A,0,NA,NA,NA,NA,Y,NA,A,07,0,0,1,0,0,0,0,0,0,-,-,NA,NA,LOS ANGELES,LOS ANGELES,-118.49239349365234,34.193626403808594
9497587,2022,2022-09-20,1942,2022-08-28,1505,34561,1097,7,5,7,1942,0,0,0,J,0,26TL74,SEPULVEDA BL,ROYAL HILLS DR,180,S,N,A,-,N,NA,NA,NA,NA,NA,NA,NA,NA,NA,Y,3,0,1,1,A,-,03,22350,NA,N,D,I,A,A,H,-,A,D,0,NA,NA,NA,NA,Y,NA,A,01,0,1,0,0,0,0,0,0,0,-,-,NA,NA,LOS ANGELES,LOS ANGELES,-118.48743438720705,34.134910583496094
94975876,2025,2025-12-17,9580,2025-12-15,1115,024649,NA,1,1,7,1942,0,1,1,NA,2,406,I-405 N/B (SAN DIEGO FWY),SR-118 E/B (RONALD REAGAN FWY.),354,S,N,A,-,Y,LA,NA,405,NA,NA,46.766,H,NA,R,Y,3,0,1,2,A,-,03,22350,NA,N,C,C,A,A,H,-,A,D,0,NA,NA,NA,NA,Y,NA,A,07,0,1,0,0,0,0,0,0,0,-,-,34.264888763427734,-118.47209930419922,LOS ANGELES,LOS ANGELES,-118.47206115722656,34.264888763427734
9497588,2022,2022-09-20,1942,2022-08-30,0615,39217,1029,2,5,7,1942,0,0,0,J,0,26TL19,VANOWEN ST,GAVIOTA AV,0,NA,Y,A,-,N,NA,NA,NA,NA,NA,NA,NA,NA,NA,Y,3,0,1,1,A,-,03,22350,NA,N,H,J,A,-,H,-,A,D,0,NA,NA,Y,NA,Y,NA,C,02,0,1,0,0,0,0,0,0,1,-,-,NA,NA,LOS ANGELES,LOS ANGELES,-118.4814910888672,34.19390869140625
9497589,2022,2022-09-28,1942,2022-08-11,1750,42204,1045,4,5,7,1942,0,0,0,J,0,10X88,BURBANK BL,BURBANK BL 17607,0,NA,N,A,-,N,NA,NA,NA,NA,NA,NA,NA,NA,NA,N,4,0,1,2,A,-,07,21658,A,N,B,C,A,A,H,-,A,D,0,NA,NA,NA,NA,Y,NA,-,-,0,0,1,0,0,0,0,0,0,-,-,NA,NA,LOS ANGELES,LOS ANGELES,-118.35775756835938,34.17218017578125
94975891,2025,2025-12-17,9545,2025-01-25,1910,023663,NA,6,2,9,1900,0,3,5,NA,1,005,RAWHIDE AVENUE,170TH STREET EAST,0,NA,Y,A,-,N,NA,NA,NA,NA,NA,NA,NA,NA,NA,Y,1,2,0,2,A,-,09,21802,A,F,D,C,A,A,H,-,C,A,0,NA,NA,NA,NA,Y,NA,A,01,0,0,0,0,0,0,0,0,0,-,-,34.5980110168457,-117.82682037353516,LOS ANGELES,UNINCORPORATED,-117.82678985595705,34.597999572753906
94975903,2025,2025-12-17,9575,2025-12-08,858,024642,NA,1,1,9,1900,0,3,5,NA,2,002,WINDSOR AVE,I-210 W/B (FOOTHILL FREEWAY),0,NA,Y,A,-,N,NA,NA,NA,NA,NA,NA,NA,NA,NA,Y,4,0,1,2,A,-,12,21453,A,N,D,C,A,A,H,-,A,A,0,NA,NA,NA,NA,Y,NA,E,22,0,0,1,0,0,0,0,0,0,-,-,34.1817512512207,-118.16896057128906,LOS ANGELES,UNINCORPORATED,-118.16899871826172,34.18130874633789
94975925,2025,2026-01-12,9530,2025-12-08,1840,024853,NA,1,2,9,1900,0,3,5,NA,2,006,VERMONT AVE.,TORRANCE BLVD.,0,NA,Y,A,-,N,NA,NA,NA,NA,NA,NA,NA,NA,NA,Y,4,0,1,2,A,-,09,21801,A,N,D,C,A,A,H,-,C,A,0,NA,NA,NA,NA,Y,NA,A,01,0,0,1,0,0,0,0,0,0,-,-,33.84212875366211,-118.29010009765624,LOS ANGELES,UNINCORPORATED,-118.2900390625,33.84203338623047
94975931,2025,2025-12-17,9590,2025-11-23,150,024693,NA,7,3,7,1942,0,1,1,NA,2,010,SR-110 N/B (ARROYO SECO PARKWAY),SOLANO AVE,100,N,N,A,-,Y,NA,NA,NA,NA,NA,NA,NA,NA,NA,Y,3,0,1,1,A,-,01,23152,A,N,F,I,A,A,H,-,C,D,0,NA,NA,NA,NA,Y,Y,A,07,0,1,0,0,0,0,0,0,0,-,-,34.07994842529297,-118.22725677490234,LOS ANGELES,LOS ANGELES,-118.2319793701172,34.075347900390625
94975943,2025,2025-12-17,9535,2025-11-21,1715,023604,NA,5,2,9,1900,0,2,4,NA,2,016,1ST STREET,FORD BOULEVARD,0,NA,Y,A,-,N,NA,NA,NA,NA,NA,NA,NA,NA,NA,N,3,0,1,2,A,-,10,21950,A,F,G,B,B,A,H,-,A,A,0,Y,NA,NA,NA,Y,NA,-,99,0,1,0,0,1,0,0,0,0,-,-,34.03710174560547,-118.16912841796876,LOS ANGELES,UNINCORPORATED,-118.16925048828124,34.03693771362305
94975952,2025,2025-12-17,9575,2025-11-15,1235,024291,NA,6,1,7,1942,0,1,1,NA,2,061,I-210 W/B (FOOTHILL FREEWAY),WHEATLAND AVENUE,2798,E,N,C,-,Y,LA,NA,210,NA,R,9.966,H,NA,L,Y,4,0,1,2,A,-,03,22350,NA,N,D,2,A,B,H,-,A,D,0,NA,NA,NA,Y,Y,NA,F,25,0,0,1,0,0,0,0,0,0,-,-,34.270999908447266,-118.34375,LOS ANGELES,LOS ANGELES,-118.34375,34.27101135253906
94975957,2025,2025-12-17,9575,2025-11-28,113,022651,NA,5,3,6,1953,0,1,1,NA,2,063,I-210 E/B (FOOTHILL FREEWAY),ARROYO BLVD.,246,E,N,A,-,Y,LA,NA,210,NA,R,22.555,H,NA,R,Y,4,0,1,1,A,-,01,23152,A,N,E,8,A,A,H,-,C,D,0,NA,NA,NA,NA,Y,Y,A,01,0,0,1,0,0,0,0,0,0,-,-,34.180450439453125,-118.16831970214844,LOS ANGELES,PASADENA,-118.16825103759766,34.180519104003906
94976010,2025,2025-12-17,9530,2025-12-06,1630,024460,NA,6,2,7,1942,0,1,1,NA,2,110,I-110 S/B (HARBOR FREEWAY),CENTURY BLVD.,2006,S,N,A,-,Y,LA,NA,110,NA,NA,14.602,H,NA,L,N,4,0,1,2,D,-,00,NA,NA,N,B,C,A,A,H,-,A,D,0,NA,NA,NA,NA,Y,NA,-,-,0,0,1,0,0,0,0,0,0,-,-,33.94007110595703,-118.28002166748048,LOS ANGELES,LOS ANGELES,-118.2801513671875,33.94007110595703
94976024,2025,2025-12-17,9565,2025-12-01,740,024534,NA,1,1,9,1900,1,3,5,NA,2,002,S/B VERMONT AVENUE,126TH STREET,0,NA,Y,A,-,N,NA,NA,NA,NA,NA,NA,NA,NA,NA,N,3,0,3,2,A,-,09,21802,A,N,D,C,A,A,H,-,A,A,0,NA,NA,NA,NA,Y,NA,D,22,0,3,0,0,0,0,0,0,0,-,-,33.9174690246582,-118.2917709350586,LOS ANGELES,UNINCORPORATED,-118.29183959960938,33.91746139526367
94976030,2025,2025-12-17,9525,2025-12-09,1945,023880,NA,2,2,6,1975,0,1,1,NA,2,104,I-10 E/B (SAN BERNARDINO FWY),VINCENT AVE,1562,W,N,A,-,Y,LA,NA,10,NA,NA,35.097,H,NA,R,Y,4,0,1,2,A,-,03,22350,NA,N,C,C,A,A,H,-,C,D,0,NA,NA,NA,NA,Y,NA,A,07,0,0,1,0,0,0,0,0,0,-,-,34.07228088378906,-117.93206024169922,LOS ANGELES,WEST COVINA,-117.93206024169922,34.0722770690918
94976041,2025,2025-12-17,9530,2025-12-08,420,024337,NA,1,3,5,1943,0,1,1,NA,2,210,I-105 W/B (GLENN ANDERSON FWY),LONG BEACH BLVD.,1000,W,N,A,-,Y,LA,NA,105,NA,R,11.308,H,NA,L,N,3,0,1,2,A,-,07,21658,A,M,C,C,A,A,H,-,A,D,0,NA,NA,Y,NA,Y,NA,-,99,0,1,0,0,0,0,0,0,1,-,-,33.926658630371094,-118.21367645263672,LOS ANGELES,LYNWOOD,-118.2136459350586,33.92671203613281
94976049,2025,2025-12-17,9535,2025-09-08,1940,024302,NA,1,2,9,1900,0,2,4,NA,2,011,EASTERN AVENUE,RAMONA BLVD,0,NA,Y,A,-,N,NA,NA,NA,NA,NA,NA,NA,NA,NA,N,4,0,1,2,A,-,12,21453,A,F,G,B,B,A,H,-,A,A,0,Y,NA,NA,NA,Y,NA,-,99,0,0,1,0,1,0,0,0,0,-,-,34.059749603271484,-118.17278289794922,LOS ANGELES,UNINCORPORATED,-118.17285919189452,34.059574127197266
94976054,2025,2025-12-17,9590,2025-12-08,1235,018345,NA,1,1,7,1942,0,1,1,NA,2,063,I-10 WESTBOUND (SANTA MONICA FREEWAY),FLOWER ST.,100,W,N,A,-,Y,LA,NA,10,NA,NA,15.112,H,NA,L,N,4,0,1,4,A,-,03,22350,NA,N,C,C,A,A,H,-,A,D,0,NA,NA,NA,NA,Y,NA,A,07,0,0,1,0,0,0,0,0,0,-,-,34.0363883972168,-118.26978302001952,LOS ANGELES,LOS ANGELES,-118.26979064941406,34.036376953125
94976064,2025,2025-12-17,9530,2025-12-09,928,017755,NA,2,1,5,1977,0,1,1,NA,2,410,I-405 N/B (SAN DIEGO FREEWAY),DEL AMO BLVD.,958,S,N,A,-,Y,LA,NA,405,NA,NA,11.697,H,NA,R,N,4,0,1,2,A,-,03,22350,NA,N,C,C,A,A,H,-,A,D,0,NA,NA,NA,NA,Y,NA,A,01,0,0,1,0,0,0,0,0,0,-,-,33.84458923339844,-118.26828002929688,LOS ANGELES,CARSON,-118.2683563232422,33.84453582763672
94976080,2025,2025-12-17,9530,2025-12-08,1008,024486,NA,1,1,9,1900,0,3,5,NA,2,006,SEPULVEDA BLVD (1100 BLOCK),MARIGOLD AVE.,150,E,N,A,-,N,NA,NA,NA,NA,NA,NA,NA,NA,NA,Y,4,0,1,2,C,-,18,NA,NA,N,E,8,A,A,H,-,A,D,0,NA,NA,NA,NA,Y,NA,-,-,0,0,1,0,0,0,0,0,0,-,-,33.812068939208984,-118.2948989868164,LOS ANGELES,UNINCORPORATED,-118.29544067382813,33.81205749511719
94976108,2025,2025-12-17,9530,2025-12-09,825,024491,NA,2,1,7,1942,0,1,1,NA,2,110,I-110 N/B (HARBOR FREEWAY),EL SEGUNDO,1480,S,N,A,-,Y,LA,NA,110,NA,NA,12.606,H,NA,R,Y,3,0,2,3,A,-,03,22350,NA,N,C,C,A,A,H,-,A,D,0,NA,NA,NA,NA,Y,NA,A,07,0,2,0,0,0,0,0,0,0,-,-,33.91228103637695,-118.28630065917967,LOS ANGELES,LOS ANGELES,-118.28648376464844,33.91228103637695
94976117,2025,2025-12-17,9575,2025-12-06,751,024270,NA,6,1,7,1942,0,1,1,NA,2,053,I-5 S/B (GOLDEN STATE FREEWAY),TUXFROD ST.,173,S,N,A,-,Y,LA,NA,5,NA,NA,34.621,H,NA,L,Y,4,0,2,2,A,-,03,22350,NA,N,C,C,A,A,H,-,A,D,0,NA,NA,NA,NA,Y,NA,A,01,0,0,2,0,0,0,0,0,0,-,-,34.22660827636719,-118.38146209716795,LOS ANGELES,LOS ANGELES,-118.38145446777344,34.22654342651367
94976125,2025,2025-12-17,9575,2025-12-05,405,024793,NA,5,3,6,1953,0,1,1,NA,2,065,I-210 W/B (FOOTHILL FREEWAY),THE EAST ROAD EDGE OF HILL AVENUE,14,W,N,A,-,Y,LA,NA,210,NA,R,26.964,H,NA,L,Y,2,0,1,1,C,-,18,NA,NA,N,E,J,A,A,H,-,C,D,0,NA,NA,NA,NA,Y,NA,-,-,1,0,0,0,0,0,0,0,0,-,-,34.15243911743164,-118.12127685546876,LOS ANGELES,PASADENA,-118.12128448486328,34.152462005615234
94976126,2025,2025-12-17,9530,2025-12-09,650,023456,NA,2,1,7,1941,0,1,1,NA,2,073,I-710 S/B (LONG BEACH FREEWAY),PICO AVE,300,N,N,A,-,Y,LA,NA,710,NA,NA,5.718,H,NA,L,Y,3,0,1,2,A,-,03,22350,NA,N,E,C,A,A,A,-,A,D,0,NA,NA,Y,Y,Y,NA,C,02,0,1,0,0,0,0,0,0,1,-,-,33.77309036254883,-118.20712280273438,LOS ANGELES,LONG BEACH,-118.20713806152344,33.77309036254883
94976153,2025,2025-12-17,9575,2025-12-05,1510,024291,NA,5,2,6,1975,0,1,S,NA,2,904,I-10 E/B (SAN BERNARDINO FREEWAY),VIA VERDE STREET,4066,W,N,A,-,Y,LA,NA,10,NA,NA,39.688,H,NA,R,Y,3,0,1,2,A,-,03,22350,NA,N,C,C,A,A,H,-,A,D,0,NA,NA,NA,Y,Y,NA,A,01,0,1,0,0,0,0,0,0,0,-,-,34.068199157714844,-117.85311889648438,LOS ANGELES,WEST COVINA,-117.85312652587892,34.068321228027344
94976169,2025,2025-12-17,9530,2025-12-09,1543,024495,NA,2,2,9,1900,0,3,5,NA,2,001,FIRESTONE BLVD.,COMPTON AVE.,90,E,N,A,-,N,NA,NA,NA,NA,NA,NA,NA,NA,NA,N,3,0,2,3,A,-,07,21658,A,M,B,C,A,A,H,-,A,D,0,NA,NA,NA,NA,Y,NA,-,99,0,2,0,0,0,0,0,0,0,-,-,33.96009826660156,-118.24697875976564,LOS ANGELES,UNINCORPORATED,-118.24715423583984,33.96015167236328
94976183,2025,2025-12-17,9550,2025-08-18,10,023942,NA,1,3,9,1900,0,1,3,NA,2,602,SR-60 EASTBOUND,NOGALES ST,850,E,N,A,-,Y,LA,NA,60,NA,NA,20.521,H,NA,R,Y,4,0,1,1,A,-,01,23152,A,N,E,J,A,A,H,-,D,D,0,NA,NA,NA,NA,Y,Y,A,01,0,0,1,0,0,0,0,0,0,-,-,33.993961334228516,-117.88703918457033,LOS ANGELES,UNINCORPORATED,-117.88703918457033,33.99404525756836
94976185,2025,2025-12-17,9530,2025-12-06,615,023188,NA,6,1,9,1900,0,3,5,NA,2,002,BROADWAY,135TH ST,0,NA,Y,A,-,N,NA,NA,NA,NA,NA,NA,NA,NA,NA,Y,4,0,1,2,A,-,12,21453,A,N,D,C,A,A,H,-,B,A,0,NA,NA,NA,NA,Y,NA,A,01,0,0,1,0,0,0,0,0,0,-,-,33.90913009643555,-118.27831268310548,LOS ANGELES,UNINCORPORATED,-118.27841186523438,33.909156799316406
9497619,2022,2022-09-21,1942,2022-08-26,0530,41443,04,5,5,7,1942,0,0,0,D,0,4A71,WHITTIER BL,SPENCER,100,W,N,A,-,N,NA,NA,NA,NA,NA,NA,NA,NA,NA,N,2,0,1,2,A,-,00,21954,NA,F,G,B,-,A,H,-,A,D,0,Y,NA,NA,NA,Y,NA,-,-,1,0,0,0,1,0,0,0,0,-,-,NA,NA,LOS ANGELES,LOS ANGELES,-118.19882965087892,34.02684783935547
94976193,2025,2025-12-17,9545,2025-12-15,1740,023224,NA,1,2,6,1992,0,1,3,NA,2,011,SR-14 S/B,AVENUE M,700,N,N,A,-,Y,LA,NA,14,NA,R,63.256,H,NA,L,N,4,0,1,2,A,-,03,22350,NA,F,C,C,A,A,D,-,D,D,0,NA,NA,NA,NA,Y,NA,-,99,0,0,1,0,0,0,0,0,0,-,-,34.625118255615234,-118.15341949462892,LOS ANGELES,LANCASTER,-118.15341949462892,34.625118255615234
94976202,2025,2025-12-17,9530,2025-12-09,30,024853,NA,2,3,9,1900,0,3,5,NA,2,007,3RD ST.,BANDINI ST.,5,E,N,A,-,N,NA,NA,NA,NA,NA,NA,NA,NA,NA,Y,3,0,1,1,A,-,08,22107,NA,N,E,J,A,A,H,-,C,D,0,NA,NA,NA,NA,Y,NA,A,01,0,1,0,0,0,0,0,0,0,-,-,33.74143981933594,-118.29884338378906,LOS ANGELES,UNINCORPORATED,-118.29894256591795,33.741539001464844
94976210,2025,2025-12-17,9550,2025-08-16,420,024062,NA,6,3,9,1900,0,1,1,NA,2,650,INTERSTATE 605 NORTHBOUND,SARAGOSA STREET,50,N,N,A,-,Y,LA,NA,605,NA,R,12.393,H,NA,R,Y,4,0,1,1,A,-,01,23152,A,M,E,8,A,A,H,-,C,D,0,NA,NA,NA,NA,Y,Y,A,01,0,0,1,0,0,0,0,0,0,-,-,33.97842025756836,-118.07811737060548,LOS ANGELES,UNINCORPORATED,-118.0780029296875,33.97835922241211
94976211,2025,2025-12-17,9540,2025-12-15,1238,023750,NA,1,1,9,1900,0,2,4,NA,2,031,SOUTHBOUND THE OLD ROAD,MUIRFIELD LANE,200,N,N,A,-,N,NA,NA,NA,NA,NA,NA,NA,NA,NA,N,4,0,1,3,A,-,03,22350,NA,N,C,C,A,A,H,-,A,D,0,NA,NA,NA,Y,Y,NA,G,25,0,0,1,0,0,0,0,0,0,-,-,34.44768142700195,-118.61244964599608,LOS ANGELES,UNINCORPORATED,-118.61234283447266,34.447669982910156
94976217,2025,2025-12-17,9590,2025-12-11,840,018345,NA,4,1,7,1942,0,1,1,NA,2,061,I-10 WESTBOUND (SANTA MONICA FREEWAY),GRAMERCY PL,350,E,N,A,-,Y,LA,NA,10,NA,R,12.637,H,NA,L,N,3,0,1,2,A,-,07,21658,A,N,B,C,A,A,H,-,A,D,0,NA,NA,Y,NA,Y,NA,A,07,0,1,0,0,0,0,0,0,1,-,-,34.0372200012207,-118.31218719482422,LOS ANGELES,LOS ANGELES,-118.31219482421876,34.037254333496094
94976233,2025,2025-12-17,9575,2025-11-26,105,024142,NA,3,3,7,1942,0,1,S,NA,2,904,I-5 S/B (GOLDEN STATE FREEWAY) TO I-110 S/B,AVENUE 19,485,S,N,A,-,Y,LA,NA,110,NA,NA,25.434,H,NA,L,Y,3,0,1,1,A,-,03,22350,NA,N,E,8,A,A,H,-,C,D,0,NA,NA,NA,NA,Y,NA,A,01,0,1,0,0,0,0,0,0,0,-,-,34.07939910888672,-118.22743225097656,LOS ANGELES,LOS ANGELES,-118.22738647460938,34.0793571472168
94976236,2025,2025-12-17,9540,2025-11-26,1940,021190,NA,3,2,6,1985,0,1,3,NA,1,144,SR-14,PLACERITA CANYON RD,2000,S,N,A,-,Y,LA,NA,14,NA,R,27.713,H,NA,R,N,4,0,1,2,A,-,07,21658,A,F,B,C,A,A,H,-,D,D,0,NA,NA,NA,NA,Y,NA,-,99,0,0,1,0,0,0,0,0,0,-,-,34.37350082397461,-118.49810028076172,LOS ANGELES,SANTA CLARITA,-118.4981689453125,34.3735466003418
94976237,2025,2025-12-17,9580,2025-12-10,1115,020849,NA,3,1,7,1942,0,1,3,NA,2,116,SR-118 E/B (RONALD REAGAN FWY.),RESEDA BLVD,2640,W,N,A,-,Y,LA,NA,118,NA,R,5.287,H,NA,R,Y,3,0,1,2,A,-,08,22107,NA,N,C,C,A,A,H,-,A,D,0,NA,NA,NA,Y,Y,NA,A,01,0,1,0,0,0,0,0,0,0,-,-,34.27421188354492,-118.54519653320313,LOS ANGELES,LOS ANGELES,-118.54519653320313,34.27418518066406
94976270,2025,2025-12-17,9535,2025-11-01,55,024064,NA,6,3,5,1915,0,1,1,NA,2,075,I-710 S/B (LONG BEACH FREEWAY),ALONDRA BLVD,365,N,N,A,-,Y,LA,NA,710,NA,NA,14.028,H,NA,R,Y,4,0,1,2,A,-,08,22107,NA,F,B,2,A,A,H,-,C,D,0,NA,NA,NA,NA,Y,NA,-,99,0,0,1,0,0,0,0,0,0,-,-,33.890220642089844,-118.18836212158205,LOS ANGELES,COMPTON,-118.18846130371094,33.890235900878906