CASE_ID,ACCIDENT_YEAR,PROC_DATE,JURIS,COLLISION_DATE,COLLISION_TIME,OFFICER_ID,REPORTING_DISTRICT,DAY_OF_WEEK,CHP_SHIFT,POPULATION,CNTY_CITY_LOC,SPECIAL_COND,BEAT_TYPE,CHP_BEAT_TYPE,CITY_DIVISION_LAPD,CHP_BEAT_CLASS,BEAT_NUMBER,PRIMARY_RD,SECONDARY_RD,DISTANCE,DIRECTION,INTERSECTION,WEATHER_1,WEATHER_2,STATE_HWY_IND,CALTRANS_COUNTY,CALTRANS_DISTRICT,STATE_ROUTE,ROUTE_SUFFIX,POSTMILE_PREFIX,POSTMILE,LOCATION_TYPE,RAMP_INTERSECTION,SIDE_OF_HWY,TOW_AWAY,COLLISION_SEVERITY,NUMBER_KILLED,NUMBER_INJURED,PARTY_COUNT,PRIMARY_COLL_FACTOR,PCF_CODE_OF_VIOL,PCF_VIOL_CATEGORY,PCF_VIOLATION,PCF_VIOL_SUBSECTION,HIT_AND_RUN,TYPE_OF_COLLISION,MVIW,PED_ACTION,ROAD_SURFACE,ROAD_COND_1,ROAD_COND_2,LIGHTING,CONTROL_DEVICE,CHP_ROAD_TYPE,PEDESTRIAN_ACCIDENT,BICYCLE_ACCIDENT,MOTORCYCLE_ACCIDENT,TRUCK_ACCIDENT,NOT_PRIVATE_PROPERTY,ALCOHOL_INVOLVED,STWD_VEHTYPE_AT_FAULT,CHP_VEHTYPE_AT_FAULT,COUNT_SEVERE_INJ,COUNT_VISIBLE_INJ,COUNT_COMPLAINT_PAIN,COUNT_PED_KILLED,COUNT_PED_INJURED,COUNT_BICYCLIST_KILLED,COUNT_BICYCLIST_INJURED,COUNT_MC_KILLED,COUNT_MC_INJURED,PRIMARY_RAMP,SECONDARY_RAMP,LATITUDE,LONGITUDE,COUNTY,CITY,POINT_X,POINT_Y
94978139,2025,2025-12-18,9590,2025-12-06,1055,024627,NA,6,1,7,1942,0,1,1,NA,2,081,I-5 S/B (SANTA ANA FREEWAY),BROADWAY,1150,S,N,A,-,Y,LA,NA,5,NA,NA,19.504,H,NA,L,Y,4,0,1,2,A,-,03,22350,NA,N,C,C,A,A,H,-,A,D,0,NA,NA,NA,Y,Y,NA,F,26,0,0,1,0,0,0,0,0,0,-,-,34.070030212402344,-118.21790313720705,LOS ANGELES,LOS ANGELES,-118.21784210205078,34.0700569152832
9497814,2022,2022-09-22,1942,2022-08-06,2007,44703,1203,6,5,7,1942,0,0,0,L,0,12A45,48TH ST,ST ANDREW PL,48,W,N,A,-,N,NA,NA,NA,NA,NA,NA,NA,NA,NA,N,2,0,1,3,A,-,07,21658,A,F,G,B,E,A,H,-,A,A,0,Y,NA,NA,NA,Y,NA,-,99,1,0,0,0,1,0,0,0,0,-,-,NA,NA,LOS ANGELES,LOS ANGELES,-118.31150817871094,34.00004959106445
94978153,2025,2025-12-18,9550,2025-12-08,820,015382,NA,1,1,5,1919,0,1,1,NA,2,652,I-605 N/B,SOUTH ST,500,N,N,A,-,Y,LA,NA,605,NA,R,3.84,H,NA,R,Y,4,0,2,3,A,-,03,22350,NA,N,C,C,A,A,H,-,A,D,0,NA,NA,NA,NA,Y,NA,D,22,0,0,2,0,0,0,0,0,0,-,-,33.85966873168945,-118.09629058837892,LOS ANGELES,CERRITOS,-118.09633636474608,33.85966110229492
94978158,2025,2026-01-27,9590,2025-12-16,1135,023764,NA,2,1,7,1942,0,1,1,NA,2,050,I-110 NB (HARBOR FREEWAY),FLORENCE AVENUE,1250,N,N,A,-,Y,LA,NA,110,NA,NA,17.238,H,NA,R,N,4,0,1,2,A,-,03,22350,NA,N,C,C,A,A,H,-,A,D,0,NA,NA,NA,NA,Y,NA,J,41,0,0,1,0,0,0,0,0,0,-,-,33.97819900512695,-118.28067016601564,LOS ANGELES,LOS ANGELES,-118.2807159423828,33.97819900512695
94978205,2024,2025-12-18,9535,2024-11-05,1945,023384,NA,2,2,9,1900,0,2,4,NA,2,022,OLYMPIC BOULEVARD,AMALIA AVENUE,0,NA,Y,A,-,N,NA,NA,NA,NA,NA,NA,NA,NA,NA,N,1,1,0,2,A,-,10,21950,A,N,G,B,B,A,H,-,C,A,0,Y,NA,NA,NA,Y,NA,A,01,0,0,0,1,0,0,0,0,0,-,-,34.016170501708984,-118.15750885009766,LOS ANGELES,UNINCORPORATED,-118.15760040283205,34.01612091064453
94978212,2025,2025-12-18,9550,2025-07-11,2337,024389,NA,5,3,9,1900,0,2,4,NA,1,022,TELEGRAPH ROAD W/B,MILLS AVENUE,50,W,N,A,-,N,NA,NA,NA,NA,NA,NA,NA,NA,NA,N,4,0,1,2,A,-,01,23152,A,M,C,C,A,A,H,-,C,A,0,NA,NA,NA,NA,Y,Y,A,01,0,0,1,0,0,0,0,0,0,-,-,33.936710357666016,-118.04141235351564,LOS ANGELES,UNINCORPORATED,-118.04173278808594,33.93703079223633
94978253,2025,2025-12-18,9575,2025-12-05,1250,022918,NA,5,1,9,1900,0,1,3,NA,2,300,SR-2 (ANGELES CREST HIGHWAY),MPM 28.15,500,W,N,A,-,Y,LA,NA,2,NA,NA,27.911,H,NA,R,Y,4,0,1,2,A,-,05,21651,A,N,D,2,A,A,H,-,A,D,0,NA,NA,Y,NA,Y,NA,A,01,0,0,1,0,0,0,0,0,1,-,-,34.23707962036133,-118.18553924560548,LOS ANGELES,UNINCORPORATED,-118.18553161621094,34.23708724975586
94978281,2025,2025-12-18,9575,2025-12-11,1900,022336,NA,4,2,9,1900,0,1,1,NA,2,065,I-210 E/B (FOOTHILL FREEWAY),ROSEMEAD BLVD.,1000,E,N,A,-,Y,LA,NA,210,NA,R,29.653,H,NA,R,Y,4,0,1,2,A,-,08,22107,NA,N,B,C,A,A,H,-,D,D,0,NA,NA,NA,NA,Y,NA,A,01,0,0,1,0,0,0,0,0,0,-,-,34.14847946166992,-118.0705795288086,LOS ANGELES,UNINCORPORATED,-118.0705795288086,34.148502349853516
94978283,2025,2025-12-18,9575,2025-12-11,1752,021538,NA,4,2,6,1912,0,1,3,NA,2,044,SR-134 E/B (VENTURA FREEWAY),PASS AVE.,375,E,N,A,-,Y,LA,NA,134,NA,NA,1.9,H,NA,R,Y,3,0,2,3,A,-,03,22350,NA,N,C,C,A,A,H,-,C,D,0,NA,NA,NA,NA,Y,NA,A,07,0,1,1,0,0,0,0,0,0,-,-,34.15391159057617,-118.34361267089844,LOS ANGELES,BURBANK,-118.34360504150392,34.153953552246094
94978396,2025,2025-12-19,9550,2025-12-16,2240,022789,NA,2,3,9,1900,0,1,3,NA,2,602,SR-60 E/B (POMONA FREEWAY),NOGALES STREET,1220,E,N,A,-,Y,LA,NA,60,NA,NA,20.668,H,NA,R,Y,4,0,1,2,A,-,01,23152,A,F,B,C,A,A,H,-,C,D,0,NA,NA,NA,NA,Y,Y,A,01,0,0,1,0,0,0,0,0,0,-,-,33.994171142578125,-117.88448333740234,LOS ANGELES,UNINCORPORATED,-117.88446807861328,33.994083404541016
9497848,2022,2022-09-19,1900,2022-07-19,1420,LU11535,0466,2,5,4,1936,0,0,0,NA,0,46210,FIRESTONE BL,TROJAN WY,50,E,N,A,-,N,NA,NA,NA,NA,NA,NA,NA,NA,NA,N,4,0,1,2,A,-,21,22106,NA,M,H,C,A,A,H,-,A,D,0,NA,NA,NA,NA,Y,NA,-,99,0,0,1,0,0,0,0,0,0,-,-,NA,NA,LOS ANGELES,LA MIRADA,-118.01628112792967,33.87785720825195
9497861,2022,2022-09-19,1941,2022-07-30,1417,11015,NA,6,5,7,1941,0,0,0,NA,0,NA,REDONDO AV,3RD ST,0,NA,Y,A,-,N,NA,NA,NA,NA,NA,NA,NA,NA,NA,Y,4,0,1,2,D,-,00,NA,NA,N,D,C,A,A,H,-,A,A,0,NA,NA,NA,NA,Y,NA,-,-,0,0,1,0,0,0,0,0,0,-,-,NA,NA,LOS ANGELES,LONG BEACH,-118.15243530273438,33.768089294433594
9497862,2022,2022-09-21,1941,2022-07-16,1941,11568,NA,6,5,7,1941,0,0,0,NA,0,NA,SOUTH ST,DOWNEY AV,0,NA,Y,A,-,N,NA,NA,NA,NA,NA,NA,NA,NA,NA,Y,4,0,2,2,A,-,08,22107,NA,N,D,C,A,A,H,-,A,A,0,NA,NA,NA,NA,Y,NA,A,NA,0,0,2,0,0,0,0,0,0,-,-,NA,NA,LOS ANGELES,LONG BEACH,-118.15118408203124,33.86022186279297
9497863,2022,2022-09-21,1941,2022-07-30,0245,11511,NA,6,5,7,1941,0,0,0,NA,0,NA,WALNUT AV,7TH ST,0,NA,Y,A,-,N,NA,NA,NA,NA,NA,NA,NA,NA,NA,Y,4,0,1,4,A,-,12,21453,A,N,D,C,A,A,H,-,C,A,0,NA,NA,NA,NA,Y,Y,A,NA,0,0,1,0,0,0,0,0,0,-,-,NA,NA,LOS ANGELES,LONG BEACH,-118.17202758789064,33.775352478027344
9497864,2022,2022-09-19,1941,2022-07-09,1244,10045,NA,6,5,7,1941,0,0,0,NA,0,NA,MARINA DR,SEA PORT DR,293,S,N,A,-,N,NA,NA,NA,NA,NA,NA,NA,NA,NA,N,4,0,1,2,A,-,10,21952,NA,N,G,B,B,A,H,-,A,A,0,Y,NA,NA,NA,Y,NA,A,NA,0,0,1,0,1,0,0,0,0,-,-,NA,NA,LOS ANGELES,LONG BEACH,-118.40723419189452,33.98836898803711
9497865,2022,2022-10-11,1941,2022-07-22,2221,11418,NA,5,5,7,1941,0,0,0,NA,0,NA,OBISPO AV,ANAHEIM ST,140,S,N,A,-,N,NA,NA,NA,NA,NA,NA,NA,NA,NA,Y,4,0,2,2,A,-,08,22103,NA,N,D,C,A,A,H,-,C,D,0,NA,NA,NA,NA,Y,NA,A,NA,0,0,2,0,0,0,0,0,0,-,-,NA,NA,LOS ANGELES,LONG BEACH,-118.1545867919922,33.7822151184082
9497877,2022,2022-09-19,1900,2022-07-19,1245,546537,2318,2,5,5,1919,0,0,0,NA,0,230T,NORWALK BL,ARTESIA BL,42,N,N,A,-,N,NA,NA,NA,NA,NA,NA,NA,NA,NA,N,4,0,1,2,A,-,21,22106,NA,N,C,C,A,A,H,-,A,A,0,NA,NA,NA,NA,Y,NA,A,07,0,0,1,0,0,0,0,0,0,-,-,33.87321090698242,-118.07266235351564,LOS ANGELES,CERRITOS,-118.07257843017578,33.873294830322266
9497879,2022,2022-09-19,1900,2022-07-30,1805,625466,2318,6,5,5,1919,0,0,0,NA,0,233A,195TH ST,BLOOMFIELD AV,0,NA,Y,A,-,N,NA,NA,NA,NA,NA,NA,NA,NA,NA,NA,3,0,1,2,A,-,12,21453,A,N,D,G,A,A,H,-,A,A,0,NA,Y,NA,NA,Y,NA,L,04,0,1,0,0,0,0,1,0,0,-,-,33.858619689941406,-118.06352996826172,LOS ANGELES,CERRITOS,-118.06359100341795,33.85342788696289
9497880,2022,2022-10-11,1900,2022-07-21,0930,546537,2313,4,5,5,1919,0,0,0,NA,0,230T,STUDEBAKER RD,195TH ST,0,NA,Y,A,-,N,NA,NA,NA,NA,NA,NA,NA,NA,NA,N,3,0,1,2,A,-,12,21453,A,N,D,-,A,-,H,-,A,A,0,NA,Y,NA,NA,Y,NA,-,-,0,1,0,0,0,0,1,0,0,-,-,33.85334014892578,-118.09966278076172,LOS ANGELES,CERRITOS,-118.099609375,33.853267669677734
94978882,2025,2025-12-19,9540,2025-12-18,718,024373,NA,4,1,9,1900,0,1,1,NA,1,503,I-5 S/B,SR-14 OVERCROSSING,145,S,N,A,-,Y,LA,NA,5,NA,R,45.531,H,NA,L,N,4,0,1,2,A,-,03,22350,NA,N,C,C,A,A,H,-,A,D,0,NA,NA,NA,NA,Y,NA,E,22,0,0,1,0,0,0,0,0,0,-,-,34.333030700683594,-118.50788879394533,LOS ANGELES,UNINCORPORATED,-118.50785064697266,34.333045959472656
94978907,2025,2025-12-19,9525,2025-12-09,1850,023091,NA,2,2,4,1913,0,1,1,NA,2,209,SR-210 W/B (FOOTHILL FWY),MOUNTAIN AVE,76,W,N,A,-,Y,LA,NA,210,NA,R,49.942,H,NA,L,N,4,0,1,2,A,-,07,21658,A,N,B,C,A,A,H,-,C,D,0,NA,NA,NA,Y,Y,NA,G,25,0,0,1,0,0,0,0,0,0,-,-,34.120391845703125,-117.72933197021484,LOS ANGELES,CLAREMONT,-117.72933197021484,34.120357513427734
94978921,2025,2025-12-19,9540,2025-12-16,1810,023525,NA,2,2,7,1942,0,1,1,NA,2,210,I-210 W/B (FOOTHILL FREEWAY),MACLAY ST,1320,E,N,A,-,Y,LA,NA,210,NA,R,5.2,H,NA,L,Y,4,0,1,3,A,-,03,22350,NA,N,C,C,A,A,H,-,C,D,0,NA,NA,NA,NA,Y,NA,A,01,0,0,1,0,0,0,0,0,0,-,-,34.29668045043945,-118.41638946533205,LOS ANGELES,LOS ANGELES,-118.41647338867188,34.2966194152832
94978935,2025,2025-12-19,9590,2025-12-13,2310,022966,NA,6,3,7,1942,0,1,1,NA,2,085,I-5 S/B (GOLDEN STATE FREEWAY),NEWELL STREET,810,N,N,B,-,Y,LA,NA,5,NA,NA,22.434,H,NA,L,N,4,0,1,2,A,-,03,22350,NA,N,C,C,A,A,H,-,D,D,0,NA,NA,NA,NA,Y,NA,A,07,0,0,1,0,0,0,0,0,0,-,-,34.10110092163086,-118.24886322021484,LOS ANGELES,LOS ANGELES,-118.24880981445313,34.10112380981445
94978950,2025,2025-12-19,9535,2025-12-08,1910,024832,NA,1,2,6,1922,0,1,1,NA,2,400,I-10 (SAN BERNARDINO FREEWAY) E/B,BALDWIN AVE,400,W,N,A,-,Y,LA,NA,10,NA,NA,27.884,H,NA,R,Y,4,0,1,2,A,-,03,22350,NA,N,C,C,A,A,H,-,C,D,0,NA,NA,NA,NA,Y,NA,A,01,0,0,1,0,0,0,0,0,0,-,-,34.072349548339844,-118.05510711669922,LOS ANGELES,EL MONTE,-118.05510711669922,34.0722770690918
94979025,2025,2025-12-19,9575,2025-12-10,340,024027,NA,3,3,7,1942,0,1,1,NA,2,060,I-210 E/B (FOOTHILL FREEWAY),ARROYO STREET,535,E,N,A,-,Y,LA,NA,210,NA,R,5.576,H,NA,R,Y,4,0,1,2,A,-,08,22107,NA,M,B,2,A,A,H,-,C,D,0,NA,NA,NA,NA,Y,NA,-,99,0,0,1,0,0,0,0,0,0,-,-,34.2923583984375,-118.41227722167967,LOS ANGELES,LOS ANGELES,-118.41227722167967,34.292362213134766
9497903,2022,2022-09-22,1942,2022-09-06,1010,39048,1043,2,5,7,1942,0,0,0,J,0,26TL18,RESEDA BL,OXNARD ST,0,NA,Y,A,-,N,NA,NA,NA,NA,NA,NA,NA,NA,NA,Y,2,0,2,2,A,-,12,21453,A,N,D,C,A,A,H,-,A,A,0,NA,NA,NA,NA,Y,NA,A,01,1,1,0,0,0,0,0,0,0,-,-,NA,NA,LOS ANGELES,LOS ANGELES,-118.5360107421875,34.17998504638672
94979039,2025,2025-12-19,9565,2025-05-29,750,024200,NA,4,1,9,1900,0,3,5,NA,2,003,FAIRFAX AVENUE N/B,CONDON AVENUE W/B,0,NA,Y,A,-,N,NA,NA,NA,NA,NA,NA,NA,NA,NA,N,4,0,1,2,A,-,09,21802,A,N,D,C,A,A,H,-,A,D,0,NA,NA,NA,NA,Y,NA,A,01,0,0,1,0,0,0,0,0,0,-,-,33.986698150634766,-118.36222076416016,LOS ANGELES,UNINCORPORATED,-118.36227416992188,33.986663818359375
9497904,2022,2022-11-30,1942,2022-09-06,0815,38326,2187,2,5,7,1942,0,0,0,NA,0,26TL28,VENTURA BL,DE SOTO AV,200,W,N,A,-,N,NA,NA,NA,NA,NA,NA,NA,NA,NA,Y,4,0,1,2,A,-,08,22102,NA,F,D,C,A,A,H,-,A,D,0,NA,NA,NA,NA,Y,NA,A,01,0,0,1,0,0,0,0,0,0,-,-,NA,NA,LOS ANGELES,LOS ANGELES,-118.58890533447266,34.16646194458008
9497905,2022,2022-09-22,1942,2022-09-03,0330,38273,0957,6,5,7,1942,0,0,0,I,0,26T54,WOODMAN AV,MAGNOLIA BL,0,NA,Y,A,-,N,NA,NA,NA,NA,NA,NA,NA,NA,NA,Y,2,0,1,2,A,-,12,21453,A,N,D,C,A,A,H,-,C,A,0,NA,NA,NA,NA,Y,NA,A,01,1,0,0,0,0,0,0,0,0,-,-,NA,NA,LOS ANGELES,LOS ANGELES,-118.43125152587892,34.16487121582031
94979056,2025,2025-12-19,9575,2025-12-10,1715,024356,NA,3,2,6,1953,0,1,1,NA,2,064,I-210 W/B (FOOTHILL FREEWAY),HILL AVE.,15,W,N,A,-,Y,LA,NA,210,NA,R,26.945,H,NA,L,N,4,0,1,2,A,-,03,22350,NA,N,C,A,A,A,H,-,C,D,0,NA,NA,NA,Y,Y,NA,G,25,0,0,1,0,0,0,0,0,0,-,-,34.15253829956055,-118.1216278076172,LOS ANGELES,PASADENA,-118.1216278076172,34.1524543762207
9497906,2022,2022-09-22,1942,2022-09-02,1130,40542,0941,5,5,7,1942,0,0,0,I,0,NA,BURBANK BL,SYLMAR AV,100,W,N,A,-,N,NA,NA,NA,NA,NA,NA,NA,NA,NA,N,4,0,1,2,B,-,22,NA,NA,F,D,C,A,A,H,-,A,D,0,NA,NA,NA,NA,Y,NA,-,99,0,0,1,0,0,0,0,0,0,-,-,NA,NA,LOS ANGELES,LOS ANGELES,-118.44676208496094,34.17211151123047
94979067,2025,2025-12-19,9525,2025-12-08,1530,024655,NA,1,2,9,1900,0,2,4,NA,2,045,VALLEY BLVD,CALIFORNIA AVENUE,300,E,N,A,-,N,NA,NA,NA,NA,NA,NA,NA,NA,NA,Y,4,0,1,3,A,-,07,21658,A,N,B,2,A,A,H,-,A,A,0,NA,NA,NA,NA,Y,NA,A,01,0,0,1,0,0,0,0,0,0,-,-,34.030860900878906,-117.96878051757813,LOS ANGELES,UNINCORPORATED,-117.96880340576172,34.03076171875
94979089,2025,2025-12-19,9525,2025-12-10,1649,023880,NA,3,2,1,1934,0,1,1,NA,2,651,I-605 S/B (SAN GABRIEL RIVER FWY),RAMONA BLVD.,1346,N,N,A,-,Y,LA,NA,605,NA,NA,21.338,H,NA,L,Y,4,0,1,3,A,-,03,22350,NA,N,C,C,A,A,H,-,C,D,0,NA,NA,NA,NA,Y,NA,A,01,0,0,1,0,0,0,0,0,0,-,-,34.081459045410156,-117.99790954589844,LOS ANGELES,IRWINDALE,-117.99781799316406,34.08144760131836
9497910,2022,2022-09-22,1942,2022-09-01,1250,40275,1343,4,5,7,1942,0,0,0,M,0,24TL25,AVALON BL,40TH PL,100,S,N,A,-,N,NA,NA,NA,NA,NA,NA,NA,NA,NA,Y,3,0,1,2,A,-,09,21801,A,N,D,C,A,A,H,-,A,D,0,NA,NA,Y,NA,Y,NA,A,01,0,1,0,0,0,0,0,0,1,-,-,NA,NA,LOS ANGELES,LOS ANGELES,-118.26526641845705,34.00995635986328
94979100,2025,2025-12-19,9580,2025-12-09,1520,021966,NA,2,2,7,1942,0,1,2,NA,2,104,US-101 N/B (VENTURA FREEWAY),SR-27 (TOPANGA CANYON BLVD.),1075,S,N,A,-,Y,LA,NA,101,NA,NA,25.131,H,NA,R,Y,4,0,2,3,A,-,03,22350,NA,N,B,C,A,A,H,-,A,D,0,NA,NA,NA,NA,Y,NA,A,07,0,0,2,0,0,0,0,0,0,-,-,34.170291900634766,-118.6020965576172,LOS ANGELES,LOS ANGELES,-118.60210418701172,34.17026901245117
94979107,2025,2025-12-19,9580,2025-12-05,1320,023187,NA,5,1,2,1993,0,1,2,NA,2,110,US-101 NB TO LINDERO CANYON,LINDERO CANYON RD,65,S,N,A,-,Y,NA,NA,NA,NA,NA,NA,NA,NA,NA,N,3,0,1,2,A,-,21,22106,NA,N,C,C,A,A,H,-,A,D,0,NA,NA,NA,NA,Y,NA,A,07,0,1,0,0,0,0,0,0,0,-,-,34.150020599365234,-118.80329895019533,LOS ANGELES,WESTLAKE VILLAGE,-118.80392456054688,34.149139404296875
9497911,2022,2022-09-22,1942,2022-09-01,0740,37540,0235,4,5,7,1942,0,0,0,B,0,24TL27,3RD ST,ALVARADO ST,0,NA,Y,A,-,N,NA,NA,NA,NA,NA,NA,NA,NA,NA,N,4,0,1,2,A,-,09,21801,A,F,D,C,A,A,H,-,A,A,0,NA,NA,NA,NA,Y,NA,A,07,0,0,1,0,0,0,0,0,0,-,-,NA,NA,LOS ANGELES,LOS ANGELES,-118.272705078125,34.062957763671875
94979115,2025,2025-12-19,9580,2025-12-11,545,022762,NA,4,3,7,1942,0,1,3,NA,2,116,SR-118 E/B (RONALD REAGAN FWY.),HAYVENHURST AVE,50,W,N,A,-,Y,LA,NA,118,NA,R,8.341,H,NA,R,Y,4,0,1,2,A,-,07,21658,A,N,B,C,A,A,H,-,C,D,0,NA,NA,NA,Y,Y,NA,G,27,0,0,1,0,0,0,0,0,0,-,-,34.2747917175293,-118.4936981201172,LOS ANGELES,LOS ANGELES,-118.49361419677734,34.274864196777344
9497912,2022,2022-09-22,1942,2022-09-01,1310,41629,0205,4,5,7,1942,0,0,0,B,0,24TL43,SILVERLAKE BL,RESERVOIR ST,0,NA,Y,A,-,N,NA,NA,NA,NA,NA,NA,NA,NA,NA,N,4,0,1,2,A,-,04,21703,A,N,C,C,A,A,H,-,A,D,0,NA,NA,NA,NA,Y,NA,A,01,0,0,1,0,0,0,0,0,0,-,-,NA,NA,LOS ANGELES,LOS ANGELES,-118.27230834960938,34.08324432373047
9497913,2022,2022-09-22,1942,2022-09-01,1655,31713,0185,4,5,7,1942,0,0,0,A,0,24TL52,OLYMPIC BL,BROADWAY,0,NA,Y,A,-,N,NA,NA,NA,NA,NA,NA,NA,NA,NA,N,2,0,1,2,A,-,07,21658,A,N,B,-,A,A,H,-,A,D,0,NA,NA,NA,NA,Y,NA,A,01,1,0,0,0,0,0,0,0,0,-,-,NA,NA,LOS ANGELES,LOS ANGELES,-118.25740051269533,34.04093551635742
9497914,2022,2022-09-22,1900,2022-09-02,2131,543263,0454,5,5,6,1949,0,0,0,NA,0,43T1,ROSECRANS AV,BLOOMFIELD AV,323,E,N,A,-,N,NA,NA,NA,NA,NA,NA,NA,NA,NA,Y,3,0,1,2,A,-,12,21453,A,N,A,C,A,A,H,-,C,A,0,NA,NA,NA,NA,Y,NA,A,01,0,1,0,0,0,0,0,0,0,-,-,33.90238952636719,-118.06282043457033,LOS ANGELES,NORWALK,-118.06304931640624,33.90227127075195
94979142,2025,2025-12-19,9580,2025-12-15,1645,024645,NA,1,2,7,1942,0,1,1,NA,2,405,I-405 S/B (SAN DIEGO FWY),SHERMAN WAY,634,S,N,A,-,Y,LA,NA,405,NA,NA,42.003,H,NA,L,Y,3,0,1,3,A,-,03,22350,NA,N,C,C,A,A,H,-,D,D,0,NA,NA,NA,NA,Y,Y,A,01,0,1,0,0,0,0,0,0,0,-,-,34.19575119018555,-118.47451782226564,LOS ANGELES,LOS ANGELES,-118.47444915771484,34.19575119018555
9497915,2022,2022-09-22,1942,2022-09-04,1310,43101,0395,7,5,7,1942,0,0,0,C,0,25T21,43RD PL,VERMONT AV,40,E,N,A,-,N,NA,NA,NA,NA,NA,NA,NA,NA,NA,N,2,0,1,2,A,-,05,21650,1,F,A,G,A,A,H,-,A,D,0,NA,Y,NA,NA,Y,NA,L,04,1,0,0,0,0,0,1,0,0,-,-,NA,NA,LOS ANGELES,LOS ANGELES,-118.29141998291016,34.00455093383789
94979150,2025,2025-12-19,9535,2025-11-13,1231,024832,NA,4,1,9,1900,0,1,1,NA,2,070,I-710 (LONG BEACH FREEWAY) N/B,HUMPHREYS AVE,1300,S,N,A,-,Y,LA,NA,710,NA,NA,23.943,H,NA,R,Y,4,0,1,2,A,-,03,22350,NA,N,C,C,A,A,H,-,A,D,0,NA,NA,Y,NA,Y,NA,C,02,0,0,1,0,0,0,0,0,1,-,-,34.02592086791992,-118.17208862304688,LOS ANGELES,UNINCORPORATED,-118.17214965820313,34.02592086791992
9497916,2022,2022-10-04,1942,2022-09-03,0430,41242,1267,6,5,7,1942,0,0,0,L,0,1267,FIGUEROA,85TH ST,60,N,N,A,-,N,NA,NA,NA,NA,NA,NA,NA,NA,NA,N,3,0,1,2,A,-,11,21956,A,N,G,B,D,A,H,-,C,D,0,Y,NA,NA,NA,Y,NA,N,60,0,1,0,0,1,0,0,0,0,-,-,NA,NA,LOS ANGELES,LOS ANGELES,-118.28273010253906,33.961265563964844
94979164,2025,2025-12-19,9590,2025-11-22,2256,024681,NA,6,3,7,1942,0,1,2,NA,2,070,US-101 N/B (HOLLYWOOD FREEWAY),GLENDALE BLVD,400,S,N,A,-,Y,LA,NA,101,NA,NA,2.264,H,NA,R,N,4,0,1,2,A,-,07,21658,A,N,C,C,A,A,H,-,C,D,0,NA,NA,NA,NA,Y,NA,-,99,0,0,1,0,0,0,0,0,0,-,-,34.06842041015625,-118.25737762451172,LOS ANGELES,LOS ANGELES,-118.25737762451172,34.06843185424805
9497917,2022,2022-09-22,1942,2022-09-04,0500,41242,1801,7,5,7,1942,0,0,0,R,0,18A1,FIGUEROA,93RD ST,0,NA,Y,A,-,N,NA,NA,NA,NA,NA,NA,NA,NA,NA,Y,3,0,2,4,A,-,09,21801,A,N,D,C,A,A,H,-,C,D,0,NA,NA,NA,NA,Y,Y,A,01,0,2,0,0,0,0,0,0,0,-,-,NA,NA,LOS ANGELES,LOS ANGELES,-118.28272247314452,33.95189666748047
94979172,2025,2025-12-19,9580,2025-12-17,2200,024782,NA,3,3,7,1942,0,1,3,NA,2,170,SR-170 N/B (HOLLYWOOD FWY.),BURBANK BLVD.,200,N,N,A,-,Y,NA,NA,NA,NA,NA,NA,NA,NA,NA,N,4,0,2,2,A,-,08,22107,NA,N,B,C,A,A,H,-,D,D,0,NA,NA,NA,NA,Y,NA,A,01,0,0,2,0,0,0,0,0,0,-,-,34.172698974609375,-118.38896942138672,LOS ANGELES,LOS ANGELES,-118.3892822265625,34.17247772216797
9497918,2022,2022-09-22,1900,2022-09-11,2038,609278,0816,7,5,4,1960,0,0,0,NA,0,81K1,COVINA BL,LONE HILL AV,0,NA,Y,C,-,N,NA,NA,NA,NA,NA,NA,NA,NA,NA,Y,4,0,1,2,A,-,09,21801,A,N,B,C,A,B,H,-,C,A,0,NA,NA,NA,NA,Y,NA,A,01,0,0,1,0,0,0,0,0,0,-,-,34.09946060180664,-117.82891082763672,LOS ANGELES,SAN DIMAS,-117.82901000976564,34.0994987487793
94979196,2025,2025-12-19,9535,2025-10-27,1900,024811,NA,1,2,4,1907,0,1,1,NA,2,073,I-710 S/B (LONG BEACH FREEWAY),FLORENCE AVE,2640,N,N,A,-,Y,LA,NA,710,NA,NA,20.143,H,NA,L,N,4,0,1,2,A,-,03,22350,NA,F,C,C,A,A,H,-,D,D,0,NA,NA,NA,NA,Y,NA,A,07,0,0,1,0,0,0,0,0,0,-,-,33.974159240722656,-118.16790008544922,LOS ANGELES,BELL,-118.16790771484376,33.974159240722656
9497920,2022,2022-09-22,1900,2022-09-05,2004,533418,2311,1,5,5,1919,0,0,0,NA,0,230T,SOUTH ST,GRIDLEY RD,376,W,N,A,-,N,NA,NA,NA,NA,NA,NA,NA,NA,NA,Y,3,0,4,2,A,-,12,21453,A,N,D,C,A,A,H,-,C,A,0,NA,NA,NA,NA,Y,NA,A,01,0,1,3,0,0,0,0,0,0,-,-,33.8585205078125,-118.09229278564452,LOS ANGELES,CERRITOS,-118.09220886230467,33.858489990234375