CASE_ID,ACCIDENT_YEAR,PROC_DATE,JURIS,COLLISION_DATE,COLLISION_TIME,OFFICER_ID,REPORTING_DISTRICT,DAY_OF_WEEK,CHP_SHIFT,POPULATION,CNTY_CITY_LOC,SPECIAL_COND,BEAT_TYPE,CHP_BEAT_TYPE,CITY_DIVISION_LAPD,CHP_BEAT_CLASS,BEAT_NUMBER,PRIMARY_RD,SECONDARY_RD,DISTANCE,DIRECTION,INTERSECTION,WEATHER_1,WEATHER_2,STATE_HWY_IND,CALTRANS_COUNTY,CALTRANS_DISTRICT,STATE_ROUTE,ROUTE_SUFFIX,POSTMILE_PREFIX,POSTMILE,LOCATION_TYPE,RAMP_INTERSECTION,SIDE_OF_HWY,TOW_AWAY,COLLISION_SEVERITY,NUMBER_KILLED,NUMBER_INJURED,PARTY_COUNT,PRIMARY_COLL_FACTOR,PCF_CODE_OF_VIOL,PCF_VIOL_CATEGORY,PCF_VIOLATION,PCF_VIOL_SUBSECTION,HIT_AND_RUN,TYPE_OF_COLLISION,MVIW,PED_ACTION,ROAD_SURFACE,ROAD_COND_1,ROAD_COND_2,LIGHTING,CONTROL_DEVICE,CHP_ROAD_TYPE,PEDESTRIAN_ACCIDENT,BICYCLE_ACCIDENT,MOTORCYCLE_ACCIDENT,TRUCK_ACCIDENT,NOT_PRIVATE_PROPERTY,ALCOHOL_INVOLVED,STWD_VEHTYPE_AT_FAULT,CHP_VEHTYPE_AT_FAULT,COUNT_SEVERE_INJ,COUNT_VISIBLE_INJ,COUNT_COMPLAINT_PAIN,COUNT_PED_KILLED,COUNT_PED_INJURED,COUNT_BICYCLIST_KILLED,COUNT_BICYCLIST_INJURED,COUNT_MC_KILLED,COUNT_MC_INJURED,PRIMARY_RAMP,SECONDARY_RAMP,LATITUDE,LONGITUDE,COUNTY,CITY,POINT_X,POINT_Y
94981391,2025,2025-12-22,9545,2025-11-21,1705,024536,NA,5,2,9,1900,0,3,5,NA,2,004,87TH ST  E,AVENUE T-8,0,NA,Y,B,-,N,NA,NA,NA,NA,NA,NA,NA,NA,NA,Y,3,0,2,2,A,-,09,21801,A,N,A,C,A,A,H,-,C,D,0,NA,NA,NA,NA,Y,NA,D,22,0,2,0,0,0,0,0,0,0,-,-,34.535701751708984,-117.9748077392578,LOS ANGELES,UNINCORPORATED,-117.97483825683594,34.53562927246094
94981404,2025,2025-12-22,9575,2025-12-10,1445,024660,NA,3,2,7,1942,0,1,1,NA,2,053,I-5 N/B (GOLDEN STATE FREEWAY),OSBORNE STREET,107,S,N,A,-,Y,LA,NA,5,NA,NA,37.397,H,NA,R,N,4,0,2,3,A,-,03,22350,NA,N,C,2,A,A,H,-,A,D,0,NA,NA,NA,NA,Y,NA,A,01,0,0,2,0,0,0,0,0,0,-,-,34.24462127685547,-118.4218978881836,LOS ANGELES,LOS ANGELES,-118.42206573486328,34.24449920654297
94981423,2025,2025-12-22,9545,2025-12-09,2038,023770,NA,2,2,9,1900,0,1,3,NA,2,011,SR-14 S/B,AVENUE H,1584,N,N,A,-,Y,LA,NA,14,NA,R,70.28,H,NA,L,N,4,0,1,2,A,-,08,22107,NA,N,E,9,A,A,D,-,D,A,0,NA,NA,NA,Y,Y,NA,A,01,0,0,1,0,0,0,0,0,0,-,-,34.722900390625,-118.17044067382813,LOS ANGELES,UNINCORPORATED,-118.17044067382813,34.722900390625
94981444,2025,2025-12-22,9550,2025-09-14,1645,024082,NA,7,2,9,1900,0,3,5,NA,2,003,LUJON STREET,LARCHWOOD AVENUE,0,NA,Y,A,-,N,NA,NA,NA,NA,NA,NA,NA,NA,NA,N,3,0,2,2,A,-,09,21802,A,N,D,C,A,A,H,-,A,A,0,NA,NA,NA,NA,Y,Y,A,07,0,1,1,0,0,0,0,0,0,-,-,34.002010345458984,-117.96874237060548,LOS ANGELES,UNINCORPORATED,-117.96874237060548,34.00199890136719
94981484,2025,2025-12-22,9535,2025-12-10,1215,022812,NA,3,1,5,1959,0,1,1,NA,2,400,I-10 E/B (SAN BERNARDINO FREEWAY),WALNUT GROVE AVE,200,W,N,A,-,Y,LA,NA,10,NA,NA,26.292,H,NA,R,N,4,0,1,2,A,-,03,22350,NA,N,C,C,A,A,H,-,A,A,0,NA,NA,NA,NA,Y,NA,A,01,0,0,1,0,0,0,0,0,0,-,-,34.0720100402832,-118.08287811279295,LOS ANGELES,ROSEMEAD,-118.08287811279295,34.07192611694336
94981493,2025,2025-12-22,9550,2025-09-18,1610,023289,NA,4,2,9,1900,0,3,5,NA,2,001,PIONEER BOULEVARD,STRONG AVENUE,800,N,N,A,-,N,NA,NA,NA,NA,NA,NA,NA,NA,NA,Y,4,0,1,1,A,-,01,23152,A,N,E,8,A,A,H,-,A,D,0,NA,NA,NA,NA,Y,Y,D,22,0,0,1,0,0,0,0,0,0,-,-,34.00836944580078,-118.05816650390624,LOS ANGELES,UNINCORPORATED,-118.05857849121094,34.00809860229492
94981494,2025,2025-12-22,9530,2025-11-29,1920,024399,NA,6,2,7,1942,0,1,1,NA,2,200,I-105 E/B (GLENN ANDERSON FWY),I-110,1320,E,N,A,-,Y,LA,NA,105,NA,R,8.005,H,NA,R,Y,4,0,2,4,A,-,03,22350,NA,N,C,C,A,A,H,-,C,D,0,NA,NA,NA,NA,Y,NA,A,07,0,0,2,0,0,0,0,0,0,-,-,33.92726135253906,-118.27014923095705,LOS ANGELES,LOS ANGELES,-118.2701416015625,33.92733383178711
94981505,2025,2025-12-22,9575,2025-12-11,1515,023072,NA,4,2,9,1900,0,1,1,NA,2,062,I-210 W/B FROM OCEAN VIEW BOULEVARD,BRIGGS AVENUE OVERCROSSING,160,W,N,A,-,Y,LA,NA,210,NA,R,18.041,H,NA,L,Y,3,0,3,3,A,-,03,22350,NA,N,C,C,A,A,H,-,A,A,0,NA,NA,NA,NA,Y,NA,A,07,0,1,2,0,0,0,0,0,0,-,-,34.21345901489258,-118.23037719726564,LOS ANGELES,UNINCORPORATED,-118.23054504394533,34.213253021240234
94981539,2025,2025-12-22,9550,2025-09-21,2335,024062,NA,7,3,9,1900,0,1,1,NA,2,500,INTERSTATE 5 NORTHBOUND,SLAUSON AVENUE,0.93,S,N,A,-,Y,LA,NA,5,NA,NA,9.439,H,NA,R,N,4,0,2,2,A,-,07,21658,A,F,B,C,A,A,H,-,D,D,0,NA,NA,NA,NA,Y,NA,-,99,0,0,2,0,0,0,0,0,0,-,-,33.97093963623047,-118.12271881103516,LOS ANGELES,UNINCORPORATED,-118.12261962890624,33.9709587097168
94981568,2025,2025-12-22,9590,2025-12-16,1837,019048,NA,2,2,7,1942,0,1,1,NA,2,085,I-5 S/B,LOS FELIZ,1056,N,N,A,-,Y,LA,NA,5,NA,NA,24.4,H,NA,L,N,4,0,1,2,A,-,07,21658,A,N,B,C,A,A,H,-,D,D,0,NA,NA,Y,NA,Y,NA,A,01,0,0,1,0,0,0,0,0,1,-,-,34.1213493347168,-118.27169036865234,LOS ANGELES,LOS ANGELES,-118.271728515625,34.121337890625
94981596,2025,2025-12-22,9530,2025-12-06,1500,023188,NA,6,2,9,1900,0,3,5,NA,2,002,WILMINGTON AVE.,124TH ST.,0,NA,Y,A,-,N,NA,NA,NA,NA,NA,NA,NA,NA,NA,Y,4,0,2,2,A,-,12,21453,A,N,D,C,A,A,H,-,A,A,0,NA,NA,NA,NA,Y,NA,-,-,0,0,2,0,0,0,0,0,0,-,-,33.919891357421875,-118.23915100097656,LOS ANGELES,UNINCORPORATED,-118.23915100097656,33.919837951660156
94981606,2025,2025-12-22,9530,2025-12-06,1910,023237,NA,6,2,6,1972,0,1,1,NA,2,400,I-405 S/B (SAN DIEGO FREEWAY),NORMANDIE AVE,50,N,N,A,-,Y,LA,NA,405,NA,NA,13.879,H,NA,L,N,4,0,1,2,A,-,03,22350,NA,N,C,C,A,A,H,-,C,D,0,NA,NA,NA,NA,Y,NA,A,01,0,0,1,0,0,0,0,0,0,-,-,33.859710693359375,-118.29976654052734,LOS ANGELES,TORRANCE,-118.29976654052734,33.85972595214844
94981613,2025,2025-12-22,9535,2025-08-20,214,024545,NA,3,3,6,1922,0,1,3,NA,2,620,SR-60 E/B (POMONA FREEWAY),I-605 S/B (SAN GABRIEL RIVER FREEWAY),1000,W,N,A,-,Y,LA,NA,60,NA,NA,11.501,H,NA,R,Y,2,0,2,3,A,-,08,22107,NA,F,B,2,A,A,H,-,C,D,0,NA,NA,NA,NA,Y,Y,-,99,1,1,0,0,0,0,0,0,0,-,-,34.03546142578125,-118.03066253662108,LOS ANGELES,EL MONTE,-118.03067016601564,34.035438537597656
94981614,2025,2025-12-22,9535,2025-12-08,1655,024280,NA,1,2,9,1900,0,2,4,NA,2,018,BEVERLY BLVD,SADLER AVE,0,NA,Y,A,-,N,NA,NA,NA,NA,NA,NA,NA,NA,NA,N,4,0,1,2,A,-,12,21453,A,N,D,G,A,A,H,-,B,A,0,NA,Y,NA,NA,Y,NA,L,04,0,0,1,0,0,0,1,0,0,-,-,34.028141021728516,-118.14707946777344,LOS ANGELES,UNINCORPORATED,-118.14714813232422,34.028343200683594
94981624,2025,2025-12-22,9580,2025-12-11,748,023155,NA,4,1,7,1942,0,1,2,NA,2,100,US-101 N/B (VENTURA FREEWAY),LAUREL CANYON BLVD,53,N,N,A,-,Y,LA,NA,101,NA,NA,13.041,H,NA,R,N,4,0,1,2,A,-,03,22350,NA,N,C,C,A,A,H,-,A,A,0,NA,NA,NA,NA,Y,NA,A,01,0,0,1,0,0,0,0,0,0,-,-,34.15509033203125,-118.39958190917967,LOS ANGELES,LOS ANGELES,-118.39960479736328,34.1550407409668
94981640,2025,2025-12-22,9535,2025-12-07,2200,024308,NA,7,3,9,1900,0,1,1,NA,2,070,I-710 N/B TO CESAR E. CHAVEZ OFF-RAMP,CESAR E CHAVEZ,300,S,N,A,-,Y,NA,NA,NA,NA,NA,NA,NA,NA,NA,N,4,0,3,2,A,-,03,22350,NA,M,C,C,A,A,H,-,C,A,0,NA,NA,NA,NA,Y,NA,-,99,0,0,3,0,0,0,0,0,0,-,-,34.0396614074707,-118.1694107055664,LOS ANGELES,UNINCORPORATED,-118.16993713378906,34.03976821899414
94981675,2025,2025-12-22,9575,2025-11-28,435,024660,NA,5,3,6,1912,0,1,1,NA,2,051,I-5 N/B (GOLDEN STATE FREEWAY),ALAMEDA AVENUE,1192,N,N,A,-,Y,LA,NA,5,NA,NA,28.693,H,NA,R,N,4,0,1,1,A,-,01,23152,A,N,E,I,A,A,H,-,C,D,0,NA,NA,NA,NA,Y,Y,A,01,0,0,1,0,0,0,0,0,0,-,-,34.17338943481445,-118.30641174316406,LOS ANGELES,BURBANK,-118.30629730224608,34.17341232299805
94981680,2025,2025-12-22,9580,2025-12-12,1205,020800,NA,5,1,7,1942,0,1,2,NA,2,107,US-101 S/B (VENTURA FREEWAY) TO LAS VIRGENES ROAD,LAS VIRGENES RD,200,N,N,A,-,Y,NA,NA,NA,NA,NA,NA,NA,NA,NA,Y,4,0,2,2,A,-,03,22350,NA,N,C,C,A,A,H,-,A,D,0,NA,NA,NA,NA,Y,NA,A,07,0,0,2,0,0,0,0,0,0,-,-,34.14554977416992,-118.69886779785156,LOS ANGELES,LOS ANGELES,-118.69747161865234,34.14875030517578
94981724,2025,2025-12-22,9525,2025-12-14,840,024162,NA,7,1,1,1934,0,1,1,NA,2,214,I-210 E/B (FOOTHILL FWY),I-605 (SAN GABRIEL RIVER FWY),2163,E,N,A,-,Y,LA,NA,210,NA,R,36.852,H,NA,R,N,4,0,2,3,A,-,03,22350,NA,N,C,2,A,A,H,-,A,D,0,NA,NA,NA,NA,Y,NA,A,01,0,0,2,0,0,0,0,0,0,-,-,34.13225173950195,-117.95030212402344,LOS ANGELES,IRWINDALE,-117.95032501220705,34.132205963134766
94981756,2025,2025-12-22,9535,2025-12-01,1735,024280,NA,1,2,9,1900,0,1,1,NA,2,070,I-710 N/B (LONG BEACH FREEWAY),1ST ST,66,N,N,A,-,Y,LA,NA,710,NA,NA,24.739,H,NA,R,N,4,0,1,2,A,-,07,21658,A,N,B,C,A,A,H,-,D,D,0,NA,NA,Y,NA,Y,NA,A,01,0,0,1,0,0,0,0,0,1,-,-,34.037269592285156,-118.1699676513672,LOS ANGELES,UNINCORPORATED,-118.16992950439452,34.037269592285156
94981757,2025,2025-12-22,9525,2025-12-14,1240,024099,NA,7,1,5,1990,0,1,3,NA,2,571,SR-57 S/B (ORANGE FWY),SUNSET CROSSING ROAD,785,S,N,A,-,Y,LA,NA,57,NA,NA,4.836,H,NA,L,N,3,0,1,2,A,-,07,21658,A,N,B,C,A,A,H,-,A,D,0,NA,NA,NA,NA,Y,NA,A,08,0,1,0,0,0,0,0,0,0,-,-,34.026771545410156,-117.81220245361328,LOS ANGELES,DIAMOND BAR,-117.81224822998048,34.02677917480469
94981806,2025,2025-12-22,9545,2025-12-11,415,020140,NA,4,3,9,1900,0,1,S,NA,2,043,SR-138,AVENUE V,350,E,N,A,-,Y,LA,NA,138,NA,NA,58.014,H,NA,R,N,4,0,1,2,D,-,00,NA,NA,N,C,C,A,A,H,-,D,D,0,NA,NA,NA,NA,Y,NA,-,-,0,0,1,0,0,0,0,0,0,-,-,34.51314163208008,-117.93003082275392,LOS ANGELES,UNINCORPORATED,-117.93009185791016,34.51310348510742
94981807,2025,2025-12-22,9535,2025-07-21,1851,024550,NA,1,2,4,1962,0,3,5,NA,2,006,SAN GABRIEL BLVD,PARAMOUNT BLVD,0,NA,Y,A,-,N,NA,NA,NA,NA,NA,NA,NA,NA,NA,Y,3,0,1,3,A,-,12,21453,A,N,D,C,A,A,H,-,A,A,0,NA,NA,NA,NA,Y,NA,A,08,0,1,0,0,0,0,0,0,0,-,-,34.04441833496094,-118.09034729003906,LOS ANGELES,SAN GABRIEL,-118.09044647216795,34.04441833496094
94981833,2025,2025-12-22,9580,2025-12-13,1650,022799,NA,6,2,3,1989,0,1,2,NA,2,107,US-101 S/B (VENTURA FREEWAY),PARKWAY CALABASAS,1056,N,N,A,-,Y,LA,NA,101,NA,NA,28.464,H,NA,L,Y,4,0,1,2,A,-,03,22350,NA,N,C,C,A,A,H,-,A,D,0,NA,NA,NA,NA,Y,NA,A,01,0,0,1,0,0,0,0,0,0,-,-,34.15235137939453,-118.65492248535156,LOS ANGELES,CALABASAS,-118.65489196777344,34.152286529541016
94981839,2025,2025-12-22,9565,2025-12-13,2315,024745,NA,6,3,9,1900,0,1,1,NA,2,012,I-105 E/B,BUDLONG AVE.,750,W,N,A,-,Y,LA,NA,105,NA,R,6.373,H,NA,R,Y,3,0,2,4,A,-,07,21658,A,N,D,C,A,A,H,-,D,D,0,NA,NA,NA,NA,Y,NA,A,01,0,2,0,0,0,0,0,0,0,-,-,33.927738189697266,-118.29830932617188,LOS ANGELES,UNINCORPORATED,-118.29830169677734,33.92771530151367
94981847,2025,2025-12-22,9580,2025-12-14,1705,022746,NA,7,2,7,1942,0,1,2,NA,2,102,US-101 N/B (VENTURA FREEWAY),BALBOA BLVD,2640,S,N,A,-,Y,LA,NA,101,NA,NA,18.778,H,NA,R,Y,4,0,1,2,A,-,03,22350,NA,N,C,C,A,A,H,-,D,D,0,NA,NA,NA,NA,Y,NA,A,07,0,0,1,0,0,0,0,0,0,-,-,34.16667175292969,-118.49481964111328,LOS ANGELES,LOS ANGELES,-118.49481964111328,34.16667556762695
94981848,2025,2025-12-22,9580,2025-12-15,2133,024822,NA,1,2,7,1942,0,1,3,NA,2,117,SR-118 W/B (RONALD REAGAN FWY.) ON TO HAVENHURST A,HAYVENHURST AVENUE,155,E,N,A,-,Y,NA,NA,NA,NA,NA,NA,NA,NA,NA,Y,3,0,1,2,A,-,03,22350,NA,N,C,C,A,A,H,-,C,A,0,NA,NA,NA,NA,Y,NA,A,01,0,1,0,0,0,0,0,0,0,-,-,34.27524185180664,-118.49305725097656,LOS ANGELES,LOS ANGELES,-118.49303436279295,34.27465057373047
94981892,2025,2025-12-22,9575,2025-12-10,710,024621,NA,3,1,7,1942,0,2,4,NA,2,320,ANGELES FOREST HIGHWAY,COUNTY FIRE MARKER 20.72,437,S,N,A,-,N,NA,NA,NA,NA,NA,NA,NA,NA,NA,N,3,0,1,2,A,-,08,22107,NA,N,D,C,A,A,H,-,A,D,0,NA,NA,NA,NA,Y,NA,A,01,0,1,0,0,0,0,0,0,0,-,-,34.300289154052734,-118.1597900390625,LOS ANGELES,LOS ANGELES,NA,NA
94981898,2025,2025-12-22,9575,2025-12-11,45,024805,NA,4,3,7,1942,0,1,1,NA,2,050,COLORADO STREET FREEWAY EXTENSION TO I-5 S/B (GOLD,I-5 S/B,223,W,N,A,-,Y,NA,NA,NA,NA,NA,NA,NA,NA,NA,Y,4,0,1,2,A,-,17,22109,NA,N,C,C,A,A,H,-,C,D,0,NA,NA,NA,NA,Y,NA,A,01,0,0,1,0,0,0,0,0,0,-,-,34.141910552978516,-118.27895355224608,LOS ANGELES,LOS ANGELES,-118.27670288085938,34.138389587402344
94981900,2025,2025-12-22,9565,2025-12-10,1250,024643,NA,3,1,7,1942,0,2,S,NA,2,901,VERMONT AVENUE N/B,COLDEN AVENUE,0,NA,Y,A,-,N,NA,NA,NA,NA,NA,NA,NA,NA,NA,N,3,0,1,2,D,-,00,NA,NA,F,D,C,A,A,H,-,A,A,0,NA,NA,NA,NA,Y,NA,-,-,0,1,0,0,0,0,0,0,0,-,-,33.94913101196289,-118.29157257080078,LOS ANGELES,LOS ANGELES,-118.29190063476564,33.94914245605469
94981909,2025,2025-12-22,9530,2025-10-20,2140,023738,NA,1,2,7,1942,0,1,1,NA,2,110,I-110 S/B (HARBOR FREEWAY),ROSECRANS AVE.,865,S,N,A,-,Y,LA,NA,110,NA,NA,11.292,H,NA,L,N,4,0,1,3,A,-,08,22107,NA,M,C,C,A,A,H,-,C,D,0,NA,NA,NA,NA,Y,NA,A,01,0,0,1,0,0,0,0,0,0,-,-,33.893280029296875,-118.28595733642578,LOS ANGELES,LOS ANGELES,-118.28581237792967,33.89328384399414
9498191,2022,2022-10-03,1967,2022-08-05,1524,153,NA,5,5,2,1967,0,0,0,NA,0,NORTH,CHERRY AV,29TH,0,NA,Y,A,-,N,NA,NA,NA,NA,NA,NA,NA,NA,NA,Y,4,0,3,3,A,-,03,22350,NA,N,C,C,A,A,H,-,A,D,0,NA,NA,NA,NA,Y,NA,A,01,0,0,3,0,0,0,0,0,0,-,-,NA,NA,LOS ANGELES,SIGNAL HILL,-118.16762542724608,33.80987548828125
94981910,2025,2025-12-22,9580,2025-12-16,815,024648,NA,2,1,7,1942,0,1,3,NA,2,116,SR-118 E/B (RONALD REAGAN FWY.),I-5,500,W,N,A,-,Y,LA,NA,118,NA,R,10.832,H,NA,R,N,4,0,2,4,A,-,03,22350,NA,N,C,C,A,A,H,-,A,D,0,NA,NA,NA,NA,Y,NA,A,01,0,0,2,0,0,0,0,0,0,-,-,34.26578140258789,-118.45440673828124,LOS ANGELES,LOS ANGELES,-118.45440673828124,34.26572799682617
94981923,2025,2025-12-22,9540,2025-12-21,1820,024145,NA,7,2,9,1900,0,1,1,NA,2,507,I-5 SOUTHBOUND FROM LYONS AVE.,LYONS AVE,909,S,N,A,-,Y,LA,NA,5,NA,R,50.171,H,NA,L,Y,3,0,2,2,A,-,03,22350,NA,N,C,C,A,A,H,-,C,D,0,NA,NA,NA,NA,Y,NA,A,01,0,2,0,0,0,0,0,0,0,-,-,34.37668991088867,-118.56471252441406,LOS ANGELES,UNINCORPORATED,-118.56451416015624,34.376773834228516
94981936,2025,2025-12-22,9590,2025-12-16,1745,023701,NA,2,2,7,1942,0,1,1,NA,2,051,I110 S/B (HARBOR FREEWAY),76TH ST,362,S,N,A,-,Y,LA,NA,110,NA,NA,16.655,H,NA,L,N,4,0,3,3,A,-,03,22350,NA,N,C,C,A,A,H,-,C,D,0,NA,NA,NA,NA,Y,NA,A,01,0,0,3,0,0,0,0,0,0,-,-,33.96976089477539,-118.28108978271484,LOS ANGELES,LOS ANGELES,-118.28093719482422,33.96976089477539
94981941,2025,2025-12-22,9530,2025-09-12,2228,023568,NA,5,3,7,1942,0,1,1,NA,2,110,I-110 N/B (HARBOR FREEWAY),EL SEGUNDO BLVD.,875,N,N,A,-,Y,LA,NA,110,NA,NA,13.111,H,NA,R,Y,4,0,2,3,A,-,08,22107,NA,N,B,C,A,A,H,-,D,D,0,NA,NA,NA,NA,Y,NA,A,01,0,0,2,0,0,0,0,0,0,-,-,33.918949127197266,-118.28392028808594,LOS ANGELES,LOS ANGELES,-118.28396606445313,33.91897964477539
94981968,2025,2025-12-22,9540,2025-12-21,1415,023330,NA,7,2,9,1900,0,2,4,NA,2,010,THE OLD RD,CALGROVE BLVD,0,NA,Y,A,-,N,NA,NA,NA,NA,NA,NA,NA,NA,NA,Y,4,0,2,2,A,-,07,21658,A,N,C,8,A,A,H,-,A,A,0,NA,NA,NA,NA,Y,NA,A,07,0,0,2,0,0,0,0,0,0,-,-,34.36021041870117,-118.55590057373048,LOS ANGELES,UNINCORPORATED,-118.55563354492188,34.361881256103516
94981984,2025,2025-12-22,9550,2025-11-21,1106,024754,NA,5,1,9,1900,0,2,4,NA,1,041,GALE AVENUE,STIMSON AVENUE,0,NA,Y,A,-,N,NA,NA,NA,NA,NA,NA,NA,NA,NA,Y,4,0,1,2,A,-,12,21453,A,N,D,C,A,A,H,-,A,A,0,NA,NA,NA,NA,Y,NA,A,07,0,0,1,0,0,0,0,0,0,-,-,34.008750915527344,-117.95604705810548,LOS ANGELES,UNINCORPORATED,-117.95606231689452,34.00868606567383
94982001,2025,2025-12-22,9550,2025-11-28,1900,024567,NA,5,2,5,1976,0,3,5,NA,2,002,LA MIRADA BOULEVARD,HORNELL STREET,0,NA,Y,A,-,N,NA,NA,NA,NA,NA,NA,NA,NA,NA,Y,4,0,1,2,A,-,12,21453,A,N,D,C,A,A,H,-,C,A,0,NA,NA,NA,NA,Y,NA,A,07,0,0,1,0,0,0,0,0,0,-,-,33.930580139160156,-118.01171875,LOS ANGELES,WHITTIER,-118.01203155517578,33.9305305480957
94982016,2025,2025-12-22,9580,2025-12-16,1200,024648,NA,2,1,7,1942,0,1,1,NA,2,405,I-405 S/B (SAN DIEGO FWY),NORDHOFF ST,100,N,N,A,-,Y,LA,NA,405,NA,NA,45.018,H,NA,L,N,4,0,2,3,A,-,03,22350,NA,N,C,C,A,A,H,-,A,D,0,NA,NA,NA,NA,Y,NA,A,01,0,0,2,0,0,0,0,0,0,-,-,34.2394905090332,-118.47310638427734,LOS ANGELES,LOS ANGELES,-118.47313690185548,34.2394905090332
94982018,2025,2025-12-22,9540,2025-12-22,835,023129,NA,1,1,7,1942,0,1,1,NA,1,501,I-5 S/B,ROXFORD ST,1504,S,N,A,-,Y,LA,NA,5,NA,NA,42.37,H,NA,L,Y,4,0,2,2,A,-,03,22350,NA,N,C,C,A,A,H,-,A,D,0,NA,NA,NA,NA,Y,NA,A,08,0,0,2,0,0,0,0,0,0,-,-,34.29991912841797,-118.4765625,LOS ANGELES,LOS ANGELES,-118.47650909423828,34.29995346069336
94982022,2025,2025-12-22,9580,2025-12-16,1400,024780,NA,2,2,7,1942,0,1,2,NA,2,101,US-101 S/B (VENTURA FREEWAY),LAUREL CANYON BLVD,1195,N,N,A,-,Y,LA,NA,101,NA,NA,13.625,H,NA,L,N,4,0,2,2,A,-,07,21658,A,N,C,C,A,A,H,-,A,D,0,NA,NA,NA,NA,Y,NA,A,01,0,0,2,0,0,0,0,0,0,-,-,34.15663146972656,-118.40931701660156,LOS ANGELES,LOS ANGELES,-118.40931701660156,34.156620025634766
94982041,2025,2025-12-22,9525,2025-12-15,1610,018364,NA,1,2,5,1906,0,1,1,NA,2,114,I-10 E/B (SAN BERNARDINO FREEWAY),BALDWIN PARK BOULEVARD O/C,1056,E,N,A,-,Y,LA,NA,10,NA,NA,32.376,H,NA,R,N,4,0,1,2,A,-,03,22350,NA,N,C,C,A,A,H,-,A,D,0,NA,NA,NA,NA,Y,NA,J,48,0,0,1,0,0,0,0,0,0,-,-,34.0677604675293,-117.97920989990234,LOS ANGELES,BALDWIN PARK,-117.97921752929688,34.06779479980469
94982056,2025,2025-12-22,9580,2025-12-07,1720,023272,NA,7,2,7,1942,0,1,3,NA,2,117,SR-118 W/B (RONALD REAGAN FWY.),RESEDA BLVD,1056,W,N,A,-,Y,LA,NA,118,NA,R,5.457,H,NA,L,Y,3,0,2,2,A,-,01,23152,A,N,B,C,A,A,H,-,C,D,0,NA,NA,NA,NA,Y,Y,A,01,0,1,1,0,0,0,0,0,0,-,-,34.274559020996094,-118.54235076904295,LOS ANGELES,LOS ANGELES,-118.54235076904295,34.274539947509766
94982084,2025,2025-12-22,9540,2025-12-19,1115,021955,NA,5,1,9,1900,0,1,1,NA,2,513,I-5 SOUTHBOUND,SMOKEY BEAR RD.,1445,N,N,A,-,Y,LA,NA,5,NA,R,78.286,H,NA,L,Y,4,0,1,1,A,-,08,22107,NA,N,E,I,A,A,H,-,A,D,0,NA,NA,NA,NA,Y,NA,A,07,0,0,1,0,0,0,0,0,0,-,-,34.71213912963867,-118.79823303222656,LOS ANGELES,UNINCORPORATED,-118.7981185913086,34.71217346191406
94982088,2025,2025-12-22,9575,2025-12-11,533,024642,NA,4,3,7,1942,0,1,1,NA,2,052,I-5 N/B (GOLDEN STATE FREEWAY),ROSCOE BLVD,86,N,N,A,-,Y,LA,NA,5,NA,NA,33.306,H,NA,R,Y,3,0,1,1,A,-,03,22350,NA,N,E,9,A,A,H,-,B,D,0,NA,NA,Y,NA,Y,NA,C,02,0,1,0,0,0,0,0,0,1,-,-,34.221588134765625,-118.3601531982422,LOS ANGELES,LOS ANGELES,-118.3601303100586,34.22165298461914
94982110,2025,2025-12-22,9575,2025-12-11,610,024642,NA,4,1,7,1942,0,1,1,NA,2,052,I-5 S/B (GOLDEN STATE FREEWAY) FROM SUNLAND BLVD.,SUNLAND BLVD,508,S,N,A,-,Y,LA,NA,5,NA,NA,33.579,H,NA,L,Y,4,0,1,2,A,-,03,22350,NA,N,C,C,A,A,H,-,B,A,0,NA,NA,NA,NA,Y,NA,D,22,0,0,1,0,0,0,0,0,0,-,-,34.2216796875,-118.364990234375,LOS ANGELES,LOS ANGELES,-118.36497497558594,34.22183609008789
94982120,2025,2025-12-22,9525,2025-12-16,1730,023247,NA,2,2,6,1955,0,1,3,NA,2,072,SR-71 N/B (CHINO VALLEY FWY),MISSION BOULEVARD,1940,S,N,A,-,Y,LA,NA,71,NA,NA,1.928,H,NA,R,N,4,0,1,3,A,-,04,21703,NA,N,C,C,A,A,H,-,D,D,0,NA,NA,NA,NA,Y,NA,D,22,0,0,1,0,0,0,0,0,0,-,-,34.04935836791992,-117.77686309814452,LOS ANGELES,POMONA,-117.77694702148438,34.049293518066406
94982156,2025,2025-12-22,9575,2025-12-11,920,024642,NA,4,1,7,1942,0,1,1,NA,2,052,I-5 S/B (GOLDEN STATE FREEWAY),ROSCOE BLVD,1330,S,N,A,-,Y,LA,NA,5,NA,NA,33.017,H,NA,L,Y,4,0,1,2,A,-,03,22350,NA,N,C,C,A,A,H,-,A,D,0,NA,NA,NA,NA,Y,NA,D,22,0,0,1,0,0,0,0,0,0,-,-,34.219120025634766,-118.35621643066406,LOS ANGELES,LOS ANGELES,-118.35625457763672,34.21909713745117