CASE_ID,ACCIDENT_YEAR,PROC_DATE,JURIS,COLLISION_DATE,COLLISION_TIME,OFFICER_ID,REPORTING_DISTRICT,DAY_OF_WEEK,CHP_SHIFT,POPULATION,CNTY_CITY_LOC,SPECIAL_COND,BEAT_TYPE,CHP_BEAT_TYPE,CITY_DIVISION_LAPD,CHP_BEAT_CLASS,BEAT_NUMBER,PRIMARY_RD,SECONDARY_RD,DISTANCE,DIRECTION,INTERSECTION,WEATHER_1,WEATHER_2,STATE_HWY_IND,CALTRANS_COUNTY,CALTRANS_DISTRICT,STATE_ROUTE,ROUTE_SUFFIX,POSTMILE_PREFIX,POSTMILE,LOCATION_TYPE,RAMP_INTERSECTION,SIDE_OF_HWY,TOW_AWAY,COLLISION_SEVERITY,NUMBER_KILLED,NUMBER_INJURED,PARTY_COUNT,PRIMARY_COLL_FACTOR,PCF_CODE_OF_VIOL,PCF_VIOL_CATEGORY,PCF_VIOLATION,PCF_VIOL_SUBSECTION,HIT_AND_RUN,TYPE_OF_COLLISION,MVIW,PED_ACTION,ROAD_SURFACE,ROAD_COND_1,ROAD_COND_2,LIGHTING,CONTROL_DEVICE,CHP_ROAD_TYPE,PEDESTRIAN_ACCIDENT,BICYCLE_ACCIDENT,MOTORCYCLE_ACCIDENT,TRUCK_ACCIDENT,NOT_PRIVATE_PROPERTY,ALCOHOL_INVOLVED,STWD_VEHTYPE_AT_FAULT,CHP_VEHTYPE_AT_FAULT,COUNT_SEVERE_INJ,COUNT_VISIBLE_INJ,COUNT_COMPLAINT_PAIN,COUNT_PED_KILLED,COUNT_PED_INJURED,COUNT_BICYCLIST_KILLED,COUNT_BICYCLIST_INJURED,COUNT_MC_KILLED,COUNT_MC_INJURED,PRIMARY_RAMP,SECONDARY_RAMP,LATITUDE,LONGITUDE,COUNTY,CITY,POINT_X,POINT_Y
9498658,2022,2022-10-24,1900,2022-09-22,1900,642727,0973,4,5,4,1979,0,0,0,NA,0,93K1,FULLER AV,SANTA MONICA BL,175,S,N,A,-,N,NA,NA,NA,NA,NA,NA,NA,NA,NA,N,3,0,1,2,A,-,11,21954,A,N,G,B,D,A,H,-,C,A,0,Y,NA,NA,NA,Y,NA,N,60,0,1,0,0,1,0,0,0,0,-,-,34.090179443359375,-118.34990692138672,LOS ANGELES,WEST HOLLYWOOD,-118.35009765625,34.09075927734375
9498659,2022,2022-10-20,1900,2022-09-25,1822,644558,0972,7,5,4,1979,0,0,0,NA,0,93T2,MELROSE AV,WESTBOURNE DR,24,E,N,A,-,N,NA,NA,NA,NA,NA,NA,NA,NA,NA,N,3,0,1,2,A,-,11,21954,A,N,G,B,C,A,H,-,A,D,0,Y,NA,NA,NA,Y,NA,N,60,0,1,0,0,1,0,0,0,0,-,-,34.0819206237793,-118.37960052490234,LOS ANGELES,WEST HOLLYWOOD,-118.37965393066406,34.08195877075195
9498660,2022,2022-10-20,1900,2022-09-21,1646,644558,0972,3,5,4,1979,0,0,0,NA,0,93T2,SAN VICENTE BL,SANTA MONICA BL,67,S,N,A,-,N,NA,NA,NA,NA,NA,NA,NA,NA,NA,N,4,0,1,2,A,-,21,22106,NA,M,C,C,A,A,H,-,A,D,0,NA,NA,NA,NA,Y,NA,A,07,0,0,1,0,0,0,0,0,0,-,-,34.08469009399414,-118.38385009765624,LOS ANGELES,WEST HOLLYWOOD,-118.38397979736328,34.084781646728516
9498661,2022,2022-10-20,1900,2022-09-18,2226,644558,0977,7,5,4,1979,0,0,0,NA,0,93T2,SAN VICENTE BL,SANTA MONICA BL,239,N,N,A,-,N,NA,NA,NA,NA,NA,NA,NA,NA,NA,Y,3,0,1,4,A,-,08,22107,NA,F,C,E,E,A,H,-,C,D,0,Y,NA,NA,NA,Y,NA,A,01,0,1,0,0,1,0,0,0,0,-,-,34.08795166015625,-118.38555908203124,LOS ANGELES,WEST HOLLYWOOD,-118.3844985961914,34.08549880981445
9498662,2022,2022-10-20,1900,2022-09-14,0906,622922,0986,3,5,4,1979,0,0,0,NA,0,92T1,SUNSET BL,LA CIENEGA BL,305,W,N,A,-,N,NA,NA,NA,NA,NA,NA,NA,NA,NA,N,4,0,1,2,A,-,08,22100,A,N,B,J,A,A,H,-,A,D,0,NA,NA,Y,NA,Y,NA,C,02,0,0,1,0,0,0,0,0,0,-,-,NA,NA,LOS ANGELES,WEST HOLLYWOOD,-118.3772201538086,34.093894958496094
9498663,2022,2022-10-20,1900,2022-09-23,1611,443069,0986,5,5,4,1979,0,0,0,NA,0,92T2,SUNSET BL,LA CIENEGA BL,0,NA,Y,A,-,N,NA,NA,NA,NA,NA,NA,NA,NA,NA,N,4,0,1,2,A,-,08,22107,NA,M,C,C,A,A,H,-,A,D,0,NA,NA,NA,NA,Y,NA,A,07,0,0,1,0,0,0,0,0,0,-,-,34.094398498535156,-118.37631988525392,LOS ANGELES,WEST HOLLYWOOD,-118.37638092041016,34.0943489074707
9498664,2022,2022-10-20,1900,2022-09-24,1240,443069,0977,6,5,4,1979,0,0,0,NA,0,92T2,CYNTHIA ST,SAN VICENTE BL,10,E,N,A,-,N,NA,NA,NA,NA,NA,NA,NA,NA,NA,N,4,0,1,2,D,-,00,NA,NA,N,D,B,B,A,H,-,A,D,0,Y,NA,NA,NA,Y,NA,-,-,0,0,1,0,1,0,0,0,0,-,-,NA,NA,LOS ANGELES,WEST HOLLYWOOD,-118.38550567626952,34.08724594116211
9498681,2022,2022-10-19,1941,2022-08-20,1222,11512,NA,6,5,7,1941,0,0,0,NA,0,NA,XIMENO AV,15TH ST,0,NA,Y,A,-,N,NA,NA,NA,NA,NA,NA,NA,NA,NA,N,3,0,2,2,A,-,09,21804,A,N,D,C,A,A,H,-,A,D,0,NA,NA,Y,NA,Y,NA,D,NA,0,2,0,0,0,0,0,0,1,-,-,NA,NA,LOS ANGELES,LONG BEACH,-118.14151763916016,33.7857551574707
9498682,2022,2022-10-24,1941,2022-08-20,1748,10799,NA,6,5,7,1941,0,0,0,NA,0,NA,PINE AV,15TH ST,0,NA,Y,A,-,N,NA,NA,NA,NA,NA,NA,NA,NA,NA,N,3,0,1,2,A,-,11,21950,B,N,D,B,D,A,H,-,A,D,0,Y,NA,NA,NA,Y,NA,N,NA,0,1,0,0,1,0,0,0,0,-,-,NA,NA,LOS ANGELES,LONG BEACH,-118.19236755371094,33.785335540771484
9498683,2022,2022-10-19,1941,2022-08-13,1643,11248,NA,6,5,7,1941,0,0,0,NA,0,NA,2ND ST,PARK AV,0,NA,Y,A,-,N,NA,NA,NA,NA,NA,NA,NA,NA,NA,Y,3,0,4,2,A,-,12,21453,A,N,D,C,A,A,H,-,A,A,0,NA,NA,NA,NA,Y,NA,A,NA,0,3,1,0,0,0,0,0,0,-,-,NA,NA,LOS ANGELES,LONG BEACH,-118.13801574707033,33.761573791503906
9498684,2022,2022-10-19,1941,2022-08-29,0551,11654,NA,1,5,7,1941,0,0,0,NA,0,NA,DEL AMO BL,OREGON AV,0,NA,Y,A,-,N,NA,NA,NA,NA,NA,NA,NA,NA,NA,Y,4,0,2,2,A,-,08,22107,NA,N,B,C,A,A,H,-,C,A,0,NA,NA,NA,NA,Y,NA,A,NA,0,0,2,0,0,0,0,0,0,-,-,NA,NA,LOS ANGELES,LONG BEACH,-118.20024871826172,33.846580505371094
94986906,2025,2025-12-26,9565,2025-12-15,1318,022576,NA,1,1,7,1942,0,1,1,NA,2,083,I-10 E/B,BAGLEY AVE,300,W,N,A,-,Y,LA,NA,10,NA,R,7.524,H,NA,R,N,4,0,1,2,A,-,03,22350,NA,N,C,C,A,A,H,-,A,D,0,NA,NA,NA,NA,Y,NA,A,01,0,0,1,0,0,0,0,0,0,-,-,34.02906036376953,-118.39797973632813,LOS ANGELES,LOS ANGELES,-118.3979721069336,34.02910232543945
94986917,2025,2025-12-26,9565,2025-12-17,800,024615,NA,3,1,9,1900,0,2,4,NA,2,022,NORMANDIE AVE,120TH ST,0,NA,Y,A,-,N,NA,NA,NA,NA,NA,NA,NA,NA,NA,N,4,0,1,2,A,-,09,21453,C,N,D,C,A,A,H,-,A,A,0,NA,NA,NA,NA,Y,NA,A,07,0,0,1,0,0,0,0,0,0,-,-,33.923988342285156,-118.30042266845705,LOS ANGELES,UNINCORPORATED,-118.30036163330078,33.9239616394043
94986928,2025,2025-12-26,9565,2025-12-17,1435,024615,NA,3,2,9,1900,0,3,5,NA,2,002,BUDLONG AVE,109TH PL,0,NA,Y,A,-,N,NA,NA,NA,NA,NA,NA,NA,NA,NA,N,4,0,2,2,A,-,09,21802,A,N,D,C,A,A,H,-,A,A,0,NA,NA,NA,NA,Y,NA,A,01,0,0,2,0,0,0,0,0,0,-,-,33.936378479003906,-118.29621124267578,LOS ANGELES,UNINCORPORATED,-118.29624938964844,33.93640899658203
94986929,2025,2025-12-26,9565,2025-12-16,1030,024865,NA,2,1,4,1918,0,1,1,NA,2,061,I-405 N/B,CULVER BLVD,477,S,N,A,-,Y,LA,NA,405,NA,NA,26.875,H,NA,R,N,4,0,1,2,A,-,03,22350,NA,N,C,C,A,A,H,-,A,D,0,NA,NA,NA,NA,Y,NA,D,22,0,0,1,0,0,0,0,0,0,-,-,33.99909973144531,-118.40792846679688,LOS ANGELES,CULVER CITY,-118.407958984375,33.99908447265625
94986962,2025,2025-12-26,9565,2025-12-17,1337,024865,NA,3,1,9,1900,0,1,1,NA,2,081,I-10 E/B,CLOVERFIELD BLVD,623,E,N,A,-,Y,LA,NA,10,NA,R,3.464,H,NA,R,N,3,0,1,2,A,-,07,21658,A,N,B,C,A,A,H,-,A,D,0,NA,NA,Y,NA,Y,NA,A,07,0,1,0,0,0,0,0,0,1,-,-,34.02505111694336,-118.46717834472656,LOS ANGELES,UNINCORPORATED,-118.4671630859375,34.0250129699707
94986967,2025,2025-12-26,9565,2025-12-18,600,024695,NA,4,1,7,1942,0,1,1,NA,2,064,I-405 S/B,GETTY CENTER DR,215,N,N,A,-,Y,LA,NA,405,NA,NA,34.267,H,NA,L,N,4,0,1,3,A,-,03,22350,NA,N,C,C,A,A,H,-,B,D,0,NA,NA,NA,NA,Y,NA,D,22,0,0,1,0,0,0,0,0,0,-,-,34.089290618896484,-118.47551727294922,LOS ANGELES,LOS ANGELES,-118.47557830810548,34.08928298950195
94987005,2025,2025-12-26,9565,2025-12-19,2025,024279,NA,5,2,9,1900,0,2,4,NA,2,021,VERMONT AVENUE SOUTHBOUND,109TH STREET,120,S,N,B,E,N,NA,NA,NA,NA,NA,NA,NA,NA,NA,Y,4,0,1,2,A,-,03,22350,NA,N,C,C,A,A,H,-,C,D,0,NA,NA,NA,NA,Y,NA,A,01,0,0,1,0,0,0,0,0,0,-,-,33.936851501464844,-118.2918701171875,LOS ANGELES,UNINCORPORATED,-118.29193115234376,33.93696212768555
94987006,2025,2025-12-26,9535,2025-12-14,1818,024212,NA,7,2,5,1969,0,1,1,NA,2,074,I-710 S/B (LONG BEACH FREEWAY) TO IMPERIAL HWY,IMPERIAL HWY,50,N,N,A,-,Y,NA,NA,NA,NA,NA,NA,NA,NA,NA,Y,4,0,1,3,A,-,03,22350,NA,N,G,G,A,A,H,-,D,D,0,NA,Y,NA,NA,Y,NA,A,01,0,0,1,0,0,0,1,0,0,-,-,33.9309196472168,-118.17780303955078,LOS ANGELES,SOUTH GATE,-118.17870330810548,33.930965423583984
94987022,2025,2025-12-26,9535,2025-12-13,1550,023448,NA,6,2,5,1901,0,1,1,NA,2,421,I-10 W/B (SAN BERNARDINO FREEWAY),GARFIELD AVE.,160,W,N,A,-,Y,LA,NA,10,NA,NA,23.931,H,NA,L,Y,4,0,1,2,A,-,08,22107,NA,N,B,C,A,A,H,-,A,D,0,NA,NA,NA,NA,Y,NA,A,08,0,0,1,0,0,0,0,0,0,-,-,34.07175827026367,-118.12403869628906,LOS ANGELES,ALHAMBRA,-118.12403869628906,34.07179641723633
94987026,2025,2025-12-26,9535,2025-12-13,1419,024212,NA,6,2,9,1900,0,3,5,NA,2,001,DITMAN AVE  (3500 BLOCK),CESAR E. CHAVEZ AVE,150,N,N,A,-,N,NA,NA,NA,NA,NA,NA,NA,NA,NA,N,3,0,1,2,A,-,09,21804,A,N,G,G,A,A,H,-,A,D,0,NA,Y,NA,NA,Y,NA,L,04,0,1,0,0,0,0,1,0,0,-,-,34.04106903076172,-118.18927764892578,LOS ANGELES,UNINCORPORATED,-118.18928527832033,34.04092025756836
94987035,2025,2025-12-26,9580,2025-12-14,1620,023272,NA,7,2,7,1942,0,1,2,NA,2,104,US-101 N/B (VENTURA FREEWAY) TO CANOGA AVENUE,CANOGA AVE,50,S,N,A,-,Y,LA,NA,101,NA,NA,24.852,H,NA,R,N,4,0,1,1,C,-,18,NA,NA,N,E,8,A,A,H,-,A,A,0,NA,NA,NA,NA,Y,NA,-,-,0,0,1,0,0,0,0,0,0,-,-,34.169761657714844,-118.59726715087892,LOS ANGELES,LOS ANGELES,-118.59732055664064,34.169532775878906
94987044,2025,2025-12-26,9535,2025-10-22,750,024550,NA,3,1,9,1900,0,3,5,NA,2,002,LA VERNE AVENUE (700 BLOCK),WHITTIER BOULEVARD,5,S,N,A,-,N,NA,NA,NA,NA,NA,NA,NA,NA,NA,N,4,0,1,2,A,-,09,21804,A,N,D,G,A,A,H,-,A,A,0,NA,Y,NA,NA,Y,NA,M,91,0,0,1,0,0,0,1,0,0,-,-,34.021549224853516,-118.16219329833984,LOS ANGELES,UNINCORPORATED,-118.1626434326172,34.02152633666992
94987046,2025,2025-12-26,9580,2025-12-16,1400,024645,NA,2,2,7,1942,0,1,1,NA,2,404,I-405 N/B (SAN DIEGO FWY),VICTORY BLVD,898,S,N,A,-,Y,LA,NA,405,NA,NA,41.197,H,NA,R,N,3,0,1,2,A,-,07,21658,A,N,C,C,A,A,H,-,B,D,0,NA,NA,NA,Y,Y,Y,G,25,0,1,0,0,0,0,0,0,0,-,-,34.18418884277344,-118.47312927246094,LOS ANGELES,LOS ANGELES,-118.47315216064452,34.184181213378906
94987048,2025,2025-12-26,9580,2025-12-16,2035,021966,NA,2,2,7,1942,0,1,2,NA,2,105,US-101 N/B TO WINNETKA AVE,WINNETKA AVE,285,S,N,A,-,Y,LA,NA,101,NA,NA,23.204,H,NA,R,Y,4,0,1,2,A,-,08,22107,NA,M,B,C,A,A,H,-,C,D,0,NA,NA,NA,NA,Y,NA,-,99,0,0,1,0,0,0,0,0,0,-,-,34.17290115356445,-118.56986236572266,LOS ANGELES,LOS ANGELES,-118.56977081298828,34.172645568847656
94987056,2025,2025-12-26,9580,2025-12-16,2100,022717,NA,2,2,7,1942,0,1,2,NA,2,104,US-101 N/B (VENTURA FREEWAY),WHITE OAK AVE,150,N,N,A,-,Y,LA,NA,101,NA,NA,20.283,H,NA,R,N,4,0,1,2,A,-,08,22107,NA,N,C,C,A,A,H,-,C,A,0,NA,NA,NA,NA,Y,NA,A,01,0,0,1,0,0,0,0,0,0,-,-,34.1715202331543,-118.51940155029295,LOS ANGELES,LOS ANGELES,-118.51940155029295,34.17128372192383
94987057,2025,2025-12-26,9565,2025-12-17,818,024695,NA,3,1,4,1918,0,1,1,NA,2,061,1-405 N/B,CULVER BLVD,166,S,N,B,-,Y,LA,NA,405,NA,NA,27.171,H,NA,R,N,3,0,1,3,A,-,07,21658,A,N,B,C,A,A,H,-,A,D,0,NA,NA,Y,Y,Y,NA,A,01,0,1,0,0,0,0,0,0,1,-,-,34.00267028808594,-118.4108428955078,LOS ANGELES,CULVER CITY,-118.41079711914064,34.00269317626953
94987063,2025,2025-12-26,9535,2025-10-07,901,020823,NA,2,1,9,1900,0,3,5,NA,2,001,DOZIER STREET (4200 BLOCK),MARIANNA AVENUE,5,E,N,B,-,N,NA,NA,NA,NA,NA,NA,NA,NA,NA,N,3,0,1,2,A,-,11,21954,A,M,G,B,D,A,H,-,A,D,0,Y,NA,NA,NA,Y,NA,N,60,0,1,0,0,1,0,0,0,0,-,-,34.04146957397461,-118.17566680908205,LOS ANGELES,UNINCORPORATED,-118.17576599121094,34.04151153564453
94987064,2025,2025-12-26,9580,2025-12-07,1604,022717,NA,7,2,9,1900,0,3,5,NA,1,010,ENCINAL CANYON RD,ZUMA RIDGE MTWY,800,W,N,A,-,N,NA,NA,NA,NA,NA,NA,NA,NA,NA,N,2,0,1,1,A,-,08,22107,NA,N,H,J,A,A,H,-,A,D,0,NA,NA,Y,NA,Y,NA,C,02,1,0,0,0,0,0,0,0,1,-,-,34.08818054199219,-118.83894348144533,LOS ANGELES,UNINCORPORATED,-118.83889770507813,34.08879089355469
94987072,2025,2025-12-26,9580,2025-12-24,920,018852,NA,3,1,7,1942,0,1,1,NA,2,406,I-405 N/B (SAN DIEGO FWY),SHERMAN WAY,150,N,N,C,-,Y,NA,NA,NA,NA,NA,NA,NA,NA,NA,Y,3,0,1,1,A,-,08,22107,NA,N,E,I,A,B,H,-,A,D,0,NA,NA,NA,NA,Y,NA,A,01,0,1,0,0,0,0,0,0,0,-,-,34.20262908935547,-118.3433837890625,LOS ANGELES,LOS ANGELES,-118.47342681884766,34.200958251953125
94987074,2025,2025-12-26,9580,2025-12-17,708,023155,NA,3,1,7,1942,0,1,1,NA,2,406,I-405 N/B TO DEVONSHIRE ST,DEVONSHIRE ST,53,S,N,A,-,Y,NA,NA,NA,NA,NA,NA,NA,NA,NA,N,4,0,1,1,A,-,08,22107,NA,N,E,I,A,A,H,-,A,A,0,NA,NA,NA,NA,Y,NA,A,07,0,0,1,0,0,0,0,0,0,-,-,34.25611114501953,-118.47173309326172,LOS ANGELES,LOS ANGELES,-118.4721221923828,34.25718307495117
94987090,2025,2025-12-26,9545,2025-12-19,1120,023914,NA,5,1,9,1900,0,3,5,NA,2,001,SIERRA HWY,AVENUE E,0,NA,Y,A,-,N,NA,NA,NA,NA,NA,NA,NA,NA,NA,Y,4,0,1,2,A,-,09,21802,A,N,D,C,A,A,H,-,A,D,0,NA,NA,NA,NA,Y,NA,A,01,0,0,1,0,0,0,0,0,0,-,-,34.76239013671875,-118.14688873291016,LOS ANGELES,UNINCORPORATED,-118.14682006835938,34.762428283691406
94987116,2025,2025-12-26,9580,2025-12-20,2130,023758,NA,6,2,7,1942,0,1,2,NA,2,101,US-101 S/B (VENTURA FREEWAY),TUJUNGA AVE,200,N,N,A,-,Y,LA,NA,101,NA,NA,12.043,H,NA,L,N,4,0,1,2,A,-,03,22350,NA,N,C,C,A,A,H,-,C,D,0,NA,NA,NA,NA,Y,NA,A,01,0,0,1,0,0,0,0,0,0,-,-,34.154380798339844,-118.38217163085938,LOS ANGELES,LOS ANGELES,-118.38217163085938,34.15434265136719
9498712,2022,2022-10-19,1905,2022-08-20,0044,2032,345,6,5,4,1905,0,0,0,NA,0,051,E GLADSTONE ST,CITRUS AV,0,NA,Y,A,-,N,NA,NA,NA,NA,NA,NA,NA,NA,NA,Y,3,0,2,3,A,-,12,21453,A,N,B,C,D,A,H,-,C,A,0,Y,NA,NA,NA,Y,Y,A,01,0,2,0,0,1,0,0,0,0,-,-,34.11412811279297,-117.89022064208984,LOS ANGELES,AZUSA,-117.89020538330078,34.114139556884766
94987123,2025,2025-12-26,9580,2025-12-22,1055,024648,NA,1,1,7,1942,0,1,2,NA,2,101,US-101 S/B (VENTURA FREEWAY),LAUREL CANYON BLVD,500,N,N,A,-,Y,LA,NA,101,NA,NA,13.425,H,NA,L,N,4,0,2,3,A,-,03,22350,NA,N,C,C,A,A,H,-,A,D,0,NA,NA,NA,NA,Y,NA,A,01,0,0,2,0,0,0,0,0,0,-,-,34.15671157836914,-118.4058837890625,LOS ANGELES,LOS ANGELES,-118.4058837890625,34.1566047668457
9498713,2022,2022-10-19,1905,2022-08-28,1757,1204,322,7,5,4,1905,0,0,0,NA,0,002,FOOTHILL BL,SOLDANO AV,0,NA,Y,A,-,N,NA,NA,NA,NA,NA,NA,NA,NA,NA,N,3,0,1,2,A,-,09,21802,B,N,D,G,A,A,H,-,A,A,0,NA,Y,NA,NA,Y,NA,L,04,0,1,0,0,0,0,1,0,0,-,-,34.133460998535156,-117.90370178222656,LOS ANGELES,AZUSA,-117.90370178222656,34.13347244262695
94987134,2025,2025-12-26,9580,2025-12-20,240,024847,NA,6,3,7,1942,0,1,1,NA,2,407,I-405 S/B (SAN DIEGO FWY),SHERMAN WAY,3326,N,N,E,-,Y,LA,NA,405,NA,NA,43.014,H,NA,L,Y,3,0,3,2,A,-,01,23152,A,N,C,2,A,A,H,-,C,D,0,NA,NA,NA,NA,Y,Y,A,01,0,1,2,0,0,0,0,0,0,-,-,34.21038055419922,-118.47348022460938,LOS ANGELES,LOS ANGELES,-118.47342681884766,34.21038055419922
9498714,2022,2022-10-19,1905,2022-08-20,1700,1175,123,6,5,4,1905,0,0,0,NA,0,001,BASELINE RD,CERRITOS AV,0,NA,Y,A,-,N,NA,NA,NA,NA,NA,NA,NA,NA,NA,Y,3,0,5,2,A,-,09,21801,A,N,A,C,A,A,H,-,A,A,0,NA,NA,NA,NA,Y,NA,A,01,0,5,0,0,0,0,0,0,0,-,-,34.121578216552734,-117.8993911743164,LOS ANGELES,AZUSA,-117.8993911743164,34.12155532836914
94987141,2025,2025-12-26,9545,2025-12-08,635,024673,NA,1,1,9,1900,0,1,S,NA,2,045,165TH STREET EAST,SR-138,0,NA,Y,A,-,Y,LA,NA,138,NA,NA,63.687,H,NA,L,Y,2,0,3,2,A,-,09,21801,A,N,D,C,A,A,H,-,A,A,0,NA,NA,NA,NA,Y,NA,A,01,2,1,0,0,0,0,0,0,0,-,-,34.50621032714844,-117.83534240722656,LOS ANGELES,UNINCORPORATED,-117.83534240722656,34.50617599487305
9498715,2022,2022-10-19,1905,2022-08-13,1333,1173,315,6,5,4,1905,0,0,0,NA,0,002,W FOOTHILL BL,N VIRGINIA AV,0,NA,Y,A,-,N,NA,NA,NA,NA,NA,NA,NA,NA,NA,Y,4,0,1,2,A,-,12,21453,A,N,D,C,A,A,H,-,A,A,0,NA,NA,NA,NA,Y,NA,A,01,0,0,1,0,0,0,0,0,0,-,-,NA,NA,LOS ANGELES,AZUSA,-117.91793060302734,34.133544921875
94987180,2025,2025-12-26,9580,2025-12-24,954,023313,NA,3,1,9,1900,0,1,2,NA,2,108,US-101 N/B (VENTURA FREEWAY),KANAN RD,1795,S,N,C,-,Y,LA,NA,101,NA,NA,34.682,H,NA,R,Y,4,0,1,1,A,-,03,22350,NA,N,E,I,A,B,H,-,A,D,0,NA,NA,NA,NA,Y,NA,A,01,0,0,1,0,0,0,0,0,0,-,-,34.14548110961914,-118.75505065917967,LOS ANGELES,UNINCORPORATED,-118.7550811767578,34.145362854003906
94987195,2025,2025-12-26,9580,2025-12-25,440,023758,NA,4,3,7,1942,0,1,2,NA,2,100,US-101 N/B (VENTURA FREEWAY),VINELAND AVE,1000,N,N,A,-,Y,LA,NA,101,NA,NA,11.707,H,NA,R,N,4,0,2,1,A,-,03,22350,NA,N,E,I,A,B,H,-,C,D,0,NA,NA,NA,NA,Y,NA,A,01,0,0,2,0,0,0,0,0,0,-,-,34.15380859375,-118.37653350830078,LOS ANGELES,LOS ANGELES,-118.37648010253906,34.15385818481445
94987205,2025,2025-12-26,9545,2025-12-03,1720,024654,NA,3,2,9,1900,0,3,5,NA,2,004,87TH ST  E,MOUNT EMMA RD,40,S,N,A,-,N,NA,NA,NA,NA,NA,NA,NA,NA,NA,Y,2,0,1,1,A,-,01,23152,A,N,E,I,A,A,H,-,D,A,0,NA,NA,NA,NA,Y,Y,A,01,1,0,0,0,0,0,0,0,0,-,-,34.506561279296875,-117.97495269775392,LOS ANGELES,UNINCORPORATED,-117.97492218017578,34.50648880004883
94987249,2025,2025-12-26,9545,2025-12-14,1121,024673,NA,7,1,9,1900,0,3,5,NA,2,003,ANGELES FOREST HWY,UPPER BIG TUJUNGA CANYON RD,4330,N,N,A,-,Y,NA,NA,NA,NA,NA,NA,NA,NA,NA,N,3,0,1,1,A,-,03,22350,NA,N,F,0,A,A,H,-,A,D,0,NA,NA,Y,NA,Y,NA,C,02,0,1,0,0,0,0,0,0,1,-,-,34.33694076538086,-118.1089096069336,LOS ANGELES,UNINCORPORATED,-118.10935974121094,34.33605194091797
94987254,2025,2025-12-26,9575,2025-12-03,705,024270,NA,3,1,7,1942,0,1,1,NA,2,053,I-5 N/B (GOLDEN STATE FREEWAY) TO TERRA BELLA ST.,TERRA BELLA ST.,269,N,N,A,-,Y,NA,NA,NA,NA,NA,NA,NA,NA,NA,N,4,0,1,1,A,-,01,23152,F,N,E,I,A,A,H,-,A,D,0,NA,NA,NA,NA,Y,NA,A,07,0,0,1,0,0,0,0,0,0,-,-,34.251670837402344,-118.4290008544922,LOS ANGELES,LOS ANGELES,-118.4291534423828,34.251338958740234
94987268,2025,2025-12-26,9590,2025-12-25,808,024353,NA,4,1,7,1942,0,1,2,NA,2,071,US-101 S/B (HOF) TO I-110 S/B (HAF),BEAUDRY AVE,170,S,N,A,-,Y,NA,NA,NA,NA,NA,NA,NA,NA,NA,N,4,0,1,3,A,-,03,22350,NA,N,B,C,A,B,H,-,A,D,0,NA,NA,NA,NA,Y,NA,A,01,0,0,1,0,0,0,0,0,0,-,-,34.062591552734375,-118.24968719482422,LOS ANGELES,LOS ANGELES,-118.24994659423828,34.063758850097656
94987304,2025,2025-12-26,9535,2025-12-09,1750,023354,NA,2,2,5,1969,0,1,1,NA,2,075,I-710 S/B TO I-105 W/B,MARTIN LUTHER KING JR BOULEVARD,360,N,N,A,-,Y,LA,NA,710,NA,R,16.182,H,NA,L,N,4,0,1,3,A,-,07,21658,A,N,B,C,A,A,H,-,C,D,0,NA,NA,NA,Y,Y,NA,A,01,0,0,1,0,0,0,0,0,0,-,-,33.919921875,-118.17894744873048,LOS ANGELES,SOUTH GATE,-118.17872619628906,33.91988754272461
9498731,2022,2022-12-27,1941,2022-09-08,1648,5869,NA,4,5,7,1941,0,0,0,NA,0,NA,LOWER OCEAN,RT 103,0,NA,Y,A,-,N,NA,NA,NA,NA,NA,NA,NA,NA,NA,N,4,0,1,2,A,-,08,22107,NA,F,B,C,A,A,H,-,A,A,0,NA,NA,Y,NA,Y,NA,A,NA,0,0,1,0,0,0,0,0,1,-,-,NA,NA,LOS ANGELES,LONG BEACH,NA,NA
94987311,2025,2025-12-26,9545,2025-12-04,1910,024654,NA,4,2,9,1900,0,3,5,NA,2,003,SIERRA HWY,CROWN VALLEY ROAD,225,E,N,A,-,N,NA,NA,NA,NA,NA,NA,NA,NA,NA,N,3,0,1,3,A,-,21,22106,NA,N,G,1,E,A,H,-,C,D,0,Y,NA,NA,Y,Y,NA,G,25,0,1,0,0,1,0,0,0,0,-,-,34.49296188354492,-118.19751739501952,LOS ANGELES,UNINCORPORATED,-118.1975555419922,34.49304962158203
94987326,2025,2025-12-26,9545,2025-12-14,1430,024715,NA,7,2,9,1900,0,3,5,NA,1,006,42ND ST  W,AVENUE L,223.1,S,N,A,-,N,NA,NA,NA,NA,NA,NA,NA,NA,NA,N,3,0,1,2,A,-,21,22106,NA,F,D,G,A,A,H,-,A,D,0,NA,Y,NA,NA,Y,Y,-,99,0,1,0,0,0,0,1,0,0,-,-,34.65940856933594,-118.20574951171876,LOS ANGELES,UNINCORPORATED,-118.20572662353516,34.659576416015625