CASE_ID,ACCIDENT_YEAR,PROC_DATE,JURIS,COLLISION_DATE,COLLISION_TIME,OFFICER_ID,REPORTING_DISTRICT,DAY_OF_WEEK,CHP_SHIFT,POPULATION,CNTY_CITY_LOC,SPECIAL_COND,BEAT_TYPE,CHP_BEAT_TYPE,CITY_DIVISION_LAPD,CHP_BEAT_CLASS,BEAT_NUMBER,PRIMARY_RD,SECONDARY_RD,DISTANCE,DIRECTION,INTERSECTION,WEATHER_1,WEATHER_2,STATE_HWY_IND,CALTRANS_COUNTY,CALTRANS_DISTRICT,STATE_ROUTE,ROUTE_SUFFIX,POSTMILE_PREFIX,POSTMILE,LOCATION_TYPE,RAMP_INTERSECTION,SIDE_OF_HWY,TOW_AWAY,COLLISION_SEVERITY,NUMBER_KILLED,NUMBER_INJURED,PARTY_COUNT,PRIMARY_COLL_FACTOR,PCF_CODE_OF_VIOL,PCF_VIOL_CATEGORY,PCF_VIOLATION,PCF_VIOL_SUBSECTION,HIT_AND_RUN,TYPE_OF_COLLISION,MVIW,PED_ACTION,ROAD_SURFACE,ROAD_COND_1,ROAD_COND_2,LIGHTING,CONTROL_DEVICE,CHP_ROAD_TYPE,PEDESTRIAN_ACCIDENT,BICYCLE_ACCIDENT,MOTORCYCLE_ACCIDENT,TRUCK_ACCIDENT,NOT_PRIVATE_PROPERTY,ALCOHOL_INVOLVED,STWD_VEHTYPE_AT_FAULT,CHP_VEHTYPE_AT_FAULT,COUNT_SEVERE_INJ,COUNT_VISIBLE_INJ,COUNT_COMPLAINT_PAIN,COUNT_PED_KILLED,COUNT_PED_INJURED,COUNT_BICYCLIST_KILLED,COUNT_BICYCLIST_INJURED,COUNT_MC_KILLED,COUNT_MC_INJURED,PRIMARY_RAMP,SECONDARY_RAMP,LATITUDE,LONGITUDE,COUNTY,CITY,POINT_X,POINT_Y
94987339,2025,2025-12-26,9545,2025-12-13,1325,024715,NA,6,1,9,1900,0,1,3,NA,1,042,SR-138 E/B,89TH ST  E,581,W,N,A,-,Y,LA,NA,138,NA,NA,55.525,H,NA,R,N,3,0,3,2,A,-,08,22107,NA,N,D,C,A,A,H,-,A,D,0,NA,NA,NA,NA,Y,NA,A,07,0,2,1,0,0,0,0,0,0,-,-,34.5212287902832,-117.9692611694336,LOS ANGELES,UNINCORPORATED,-117.9692611694336,34.52115249633789
94987346,2025,2025-12-26,9535,2025-08-03,748,023604,NA,7,1,9,1900,0,1,1,NA,2,070,I-710 N/B (LONG BEACH FREEWAY),STATE ROUTE 60 (POMONA FREEWAY),11,S,N,A,-,Y,LA,NA,710,NA,NA,24.614,H,NA,R,N,3,0,1,1,A,-,08,22107,NA,N,E,I,A,A,H,-,A,D,0,NA,NA,NA,NA,Y,NA,A,07,0,1,0,0,0,0,0,0,0,-,-,34.03541946411133,-118.17001342773438,LOS ANGELES,UNINCORPORATED,-118.16990661621094,34.035423278808594
9498735,2022,2022-12-29,1941,2022-10-13,0629,10761,3,4,5,7,1941,0,0,0,NA,0,023,ATLANTIC AV,RT 91,0,NA,Y,A,-,Y,LA,7,91,-,R,12.024,R,4,W,Y,3,0,2,3,A,-,08,22107,NA,N,D,C,A,A,H,-,A,A,0,NA,NA,NA,NA,Y,NA,A,01,0,2,0,0,0,0,0,0,0,-,WO,33.87683868408203,-118.1860580444336,LOS ANGELES,LONG BEACH,-118.1874771118164,33.876895904541016
94987353,2025,2025-12-26,9535,2025-12-11,1325,022878,NA,4,1,5,1943,0,1,1,NA,2,074,I-710 N/B (LONG BEACH FWY),I-105 (CENTURY FREEWAY),2376,N,N,A,-,Y,LA,NA,710,NA,R,16.169,H,NA,R,N,3,0,1,2,A,-,08,22107,NA,N,B,C,A,A,H,-,A,D,0,NA,NA,NA,Y,Y,NA,A,01,0,1,0,0,0,0,0,0,0,-,-,33.91965103149414,-118.1785125732422,LOS ANGELES,LYNWOOD,-118.17850494384766,33.91965103149414
94987398,2025,2025-12-26,9535,2025-12-16,1740,023448,NA,2,2,9,1900,0,2,4,NA,2,018,BEVERLY BLVD,GERHART AVE,0,NA,Y,A,-,N,NA,NA,NA,NA,NA,NA,NA,NA,NA,N,4,0,1,2,A,-,09,21801,A,N,D,C,A,A,H,-,C,A,0,NA,NA,NA,NA,Y,NA,A,07,0,0,1,0,0,0,0,0,0,-,-,34.02635955810547,-118.14408111572266,LOS ANGELES,UNINCORPORATED,-118.14414215087892,34.02651596069336
94987511,2025,2025-12-26,9575,2025-12-17,1241,021775,NA,3,1,7,1942,0,1,1,NA,2,053,I-5 N/B (GOLDEN STATE FREEWAY),VAN NUYS BLVD.,1125,N,N,A,-,Y,LA,NA,5,NA,NA,38.744,H,NA,R,N,4,0,1,2,A,-,03,22350,NA,N,C,C,A,A,H,-,A,D,0,NA,NA,NA,NA,Y,NA,A,07,0,0,1,0,0,0,0,0,0,-,-,34.25926971435547,-118.43746948242188,LOS ANGELES,LOS ANGELES,-118.43757629394533,34.259193420410156
94987539,2025,2025-12-26,9545,2025-12-14,1100,023263,NA,7,1,9,1900,0,3,5,NA,2,002,AVENUE S,SOUTHBOUND STATE ROUTE 14 (SR-14),68,W,N,A,-,N,NA,NA,NA,NA,NA,NA,NA,NA,NA,N,3,0,1,2,A,-,12,21453,A,N,B,C,A,A,H,-,A,D,0,NA,NA,Y,NA,Y,NA,A,01,0,1,0,0,0,0,0,0,1,-,-,34.55788040161133,-118.13304901123048,LOS ANGELES,UNINCORPORATED,-118.13280487060548,34.557918548583984
94987541,2025,2025-12-26,9545,2025-12-18,810,024677,NA,4,1,9,1900,0,3,5,NA,2,003,ANGELES FOREST HWY,MONTE CRISTO CAMPGROUND,2370,S,N,A,-,N,NA,NA,NA,NA,NA,NA,NA,NA,NA,Y,4,0,1,1,A,-,03,22350,NA,N,F,A,A,A,H,-,A,D,0,NA,NA,NA,NA,Y,NA,A,01,0,0,1,0,0,0,0,0,0,-,-,34.336700439453125,-118.1089096069336,LOS ANGELES,UNINCORPORATED,-118.12783813476564,34.32280349731445
94987549,2025,2025-12-26,9545,2025-12-18,1607,024677,NA,4,2,9,1900,0,3,5,NA,2,003,MOUNT EMMA ROAD,ANGELES FOREST HWY,10,E,N,A,-,N,NA,NA,NA,NA,NA,NA,NA,NA,NA,Y,4,0,1,1,A,-,03,22350,NA,N,F,A,A,A,H,-,A,D,0,NA,NA,NA,NA,Y,NA,D,22,0,0,1,0,0,0,0,0,0,-,-,34.44654083251953,-118.1021728515625,LOS ANGELES,UNINCORPORATED,-118.10222625732422,34.44640350341797
9498755,2022,2022-12-27,1920,2022-11-17,1655,14050,1920,4,5,6,1920,0,0,0,NA,0,006,STEWART AND GRAY RD,PATTON RD,0,NA,Y,A,-,N,NA,NA,NA,NA,NA,NA,NA,NA,NA,Y,4,0,1,2,A,-,12,21453,A,N,D,C,A,A,H,-,A,A,0,NA,NA,NA,NA,Y,Y,A,01,0,0,1,0,0,0,0,0,0,-,-,NA,NA,LOS ANGELES,DOWNEY,-118.13323974609376,33.92983627319336
94987556,2025,2025-12-26,9545,2025-12-22,1025,024657,NA,1,1,9,1900,0,3,5,NA,2,002,AVE O-8,20TH ST W,0,NA,Y,A,-,N,NA,NA,NA,NA,NA,NA,NA,NA,NA,N,4,0,2,2,A,-,12,22450,A,N,D,C,A,A,H,-,A,A,0,NA,NA,NA,NA,Y,NA,A,01,0,0,2,0,0,0,0,0,0,-,-,34.60905075073242,-118.16545867919922,LOS ANGELES,UNINCORPORATED,-118.16546630859376,34.609039306640625
94987561,2025,2025-12-26,9575,2025-12-17,2000,023071,NA,3,2,7,1942,0,1,1,NA,2,061,I-210 W/B (FOOTHILL FREEWAY),SUNLAND BLVD.,7920,E,N,A,-,Y,LA,NA,210,NA,R,12.649,H,NA,L,Y,3,0,1,3,A,-,03,22350,NA,N,B,2,A,A,H,-,D,D,0,NA,NA,NA,NA,Y,NA,A,01,0,1,0,0,0,0,0,0,0,-,-,34.24237823486328,-118.31487274169922,LOS ANGELES,LOS ANGELES,-118.31486511230467,34.242401123046875
94987624,2025,2025-12-26,9545,2025-12-19,1550,024677,NA,5,2,9,1900,0,3,5,NA,2,003,SIERRA HIGHWAY,ANGELES FOREST HWY,845,N,N,A,-,N,NA,NA,NA,NA,NA,NA,NA,NA,NA,Y,4,0,2,2,A,-,09,21801,A,N,A,C,A,A,H,-,A,A,0,NA,NA,NA,NA,Y,NA,A,07,0,0,2,0,0,0,0,0,0,-,-,34.511329650878906,-118.1095733642578,LOS ANGELES,UNINCORPORATED,-118.10965728759766,34.51116943359375
94987636,2025,2025-12-26,9545,2025-12-25,1155,023153,NA,4,1,9,1900,0,3,5,NA,2,004,AVENUE V,77TH STREET EAST,1056,W,N,A,-,N,NA,NA,NA,NA,NA,NA,NA,NA,NA,N,4,0,1,3,A,-,03,22350,NA,N,C,2,A,A,H,-,A,D,0,NA,NA,NA,NA,Y,NA,D,22,0,0,1,0,0,0,0,0,0,-,-,34.513771057128906,-117.99427795410156,LOS ANGELES,UNINCORPORATED,-117.99593353271484,34.513771057128906
94987713,2025,2025-12-26,9575,2025-09-05,2300,024163,NA,5,3,7,1942,0,1,1,NA,2,053,INTERSTATE 5 SOUTHBOUND (GOLDEN STATE FREEWAY),TUJUNGA WASH CHANNEL,375,N,N,A,-,Y,LA,NA,5,NA,NA,36.433,H,NA,L,Y,1,1,0,1,A,-,08,22107,NA,N,E,8,A,A,H,-,C,D,0,NA,NA,NA,NA,Y,NA,A,08,0,0,0,0,0,0,0,0,0,-,-,34.23379898071289,-118.4111099243164,LOS ANGELES,LOS ANGELES,-118.41103363037108,34.233856201171875
9498777,2022,2022-12-14,1900,2022-10-18,1728,617372,0454,2,5,6,1949,0,0,0,NA,0,45T1P,IMPERIAL HWY,WOODS AV,35,E,N,A,-,N,NA,NA,NA,NA,NA,NA,NA,NA,NA,N,2,0,1,2,A,-,05,21650,NA,N,D,G,A,A,H,-,A,D,0,NA,Y,NA,NA,Y,NA,L,04,1,0,0,0,0,0,1,0,0,-,-,NA,NA,LOS ANGELES,NORWALK,-118.0838623046875,33.917091369628906
9498778,2022,2022-12-29,1900,2022-11-19,1030,639633,2611,6,5,6,1950,0,0,0,NA,0,263T1,PALMDALE BL,3RD ST EAST,0,NA,Y,A,-,Y,LA,7,138,-,-,43.95,I,5,W,Y,4,0,2,2,A,-,12,21453,A,N,A,C,A,A,H,-,A,A,0,NA,NA,NA,NA,Y,NA,A,07,0,0,2,0,0,0,0,0,0,-,-,34.57986068725586,-118.12492370605467,LOS ANGELES,PALMDALE,-118.12484741210938,34.579933166503906
94987780,2025,2025-12-29,9550,2025-12-11,1730,024754,NA,4,2,5,1935,0,1,1,NA,2,652,INTERSTATE 605 N/B (SAN GABRIEL RIVER FREEWAY),CENTRALIA STREET,422,N,N,A,-,Y,LA,NA,605,NA,R,2.393,H,NA,R,Y,4,0,1,3,A,-,08,22107,NA,N,B,C,A,A,H,-,C,D,0,NA,NA,Y,NA,Y,NA,D,22,0,0,1,0,0,0,0,0,1,-,-,33.83974075317383,-118.08879089355467,LOS ANGELES,LAKEWOOD,-118.08871459960938,33.83977127075195
9498779,2022,2022-12-16,1942,2022-11-14,1640,38942,1317,1,5,7,1942,0,0,0,M,0,24MQ37,E 17TH ST,NAOMI AV,183,E,N,A,-,N,NA,NA,NA,NA,NA,NA,NA,NA,NA,Y,4,0,1,3,A,-,04,21703,NA,F,C,C,A,A,H,-,A,D,0,NA,NA,NA,NA,Y,Y,-,99,0,0,1,0,0,0,0,0,0,-,-,NA,NA,LOS ANGELES,LOS ANGELES,-118.24662017822266,34.023929595947266
9498786,2022,2023-01-03,1900,2022-11-09,2005,630203,0522,3,5,4,1971,0,0,0,NA,0,51PM,ROSEMEAD BL,BROADWAY,819,N,N,A,-,N,NA,NA,NA,NA,NA,NA,NA,NA,NA,Y,3,0,1,2,A,-,09,21801,A,N,D,C,A,A,H,-,C,A,0,NA,NA,NA,NA,Y,NA,A,01,0,1,0,0,0,0,0,0,0,-,-,34.1014289855957,-118.07356262207033,LOS ANGELES,TEMPLE CITY,-118.07347106933594,34.10127639770508
9498804,2022,2022-11-09,1953,2022-08-29,2136,99999,NA,1,5,6,1953,0,0,0,NA,0,NA,LAKE AV,ORANGE GROVE BL,0,NA,Y,A,-,N,NA,NA,NA,NA,NA,NA,NA,NA,NA,Y,3,0,1,2,A,-,09,21803,A,F,F,A,A,A,H,-,C,A,0,NA,NA,NA,NA,Y,NA,-,99,0,1,0,0,0,0,0,0,0,-,-,34.157859802246094,-118.13256072998048,LOS ANGELES,PASADENA,-118.13245391845705,34.157772064208984
9498806,2022,2022-11-15,1900,2022-09-17,1535,643174,1018,6,5,3,1995,0,0,0,NA,0,101,PACIFIC COAST HWY,PENA RD,350,E,N,A,-,Y,LA,7,1,-,-,41.9,H,-,N,Y,2,0,1,2,A,-,09,21801,NA,N,A,C,A,A,H,-,A,D,0,NA,NA,Y,NA,Y,NA,A,01,1,0,0,0,0,0,0,0,0,-,-,34.0394287109375,-118.5982666015625,LOS ANGELES,MALIBU,-118.59831237792967,34.039546966552734
9498814,2022,2022-11-15,1976,2022-10-07,1357,498,1976,5,5,5,1976,0,0,0,NA,0,003,WHITTIER BL,OCEAN VIEW AV,3,E,N,A,-,Y,LA,7,72,-,-,2.75,H,-,S,Y,4,0,2,2,A,-,06,21755,NA,N,D,C,A,A,H,-,A,A,0,NA,NA,NA,Y,Y,NA,A,01,0,0,2,0,0,0,0,0,0,-,-,NA,NA,LOS ANGELES,WHITTIER,-118.01979064941406,33.955745697021484
9498816,2022,2022-11-10,1973,2022-07-09,1244,659,1973,6,5,1,1973,0,0,0,NA,0,002,S SOTO ST,E 37TH ST,0,NA,Y,A,-,N,NA,NA,NA,NA,NA,NA,NA,NA,NA,Y,3,0,4,2,A,-,12,21453,A,N,D,C,A,A,H,-,A,A,0,NA,NA,NA,NA,Y,NA,A,01,0,2,2,0,0,0,0,0,0,-,-,NA,NA,LOS ANGELES,VERNON,-118.21974182128906,34.0089225769043
9498820,2022,2022-11-10,1973,2022-08-11,0515,568,1973,4,5,1,1973,0,0,0,NA,0,001,PACIFIC BL,LEONIS BL,0,NA,Y,A,-,N,NA,NA,NA,NA,NA,NA,NA,NA,NA,Y,4,0,3,2,A,-,09,21801,A,N,F,C,A,A,H,-,C,A,0,NA,NA,NA,NA,Y,NA,A,07,0,0,3,0,0,0,0,0,0,-,-,NA,NA,LOS ANGELES,VERNON,-118.22525024414064,34.0000114440918
9498824,2022,2022-11-10,1973,2022-09-08,1055,568,1973,4,5,1,1973,0,0,0,NA,0,001,PACIFIC BL,E 46TH ST,110,S,N,A,-,N,NA,NA,NA,NA,NA,NA,NA,NA,NA,N,4,0,1,2,D,-,00,NA,NA,N,B,C,A,A,H,-,A,D,0,NA,NA,NA,NA,Y,NA,-,-,0,0,1,0,0,0,0,0,0,-,-,NA,NA,LOS ANGELES,VERNON,-118.22527313232422,34.00149154663086
9498825,2022,2022-11-15,1967,2022-10-11,1850,167,NA,2,5,2,1967,0,0,0,NA,0,NA,REDONDO AV,RT 1,0,NA,Y,A,-,Y,LA,7,1,-,-,4.101,I,5,N,Y,3,0,1,2,A,-,09,21801,A,N,D,C,A,A,H,-,C,A,0,NA,NA,NA,NA,Y,NA,-,-,0,1,0,0,0,0,0,0,0,-,-,NA,NA,LOS ANGELES,SIGNAL HILL,-118.15182495117188,33.789913177490234
94988278,2025,2025-12-29,9540,2025-12-26,1925,024253,NA,5,2,9,1900,0,1,1,NA,1,503,I-5 S/B (GOLDEN STATE FREEWAY),SR-14 (ANTELOPE VALLEY FREEWAY),1056,N,N,B,-,Y,LA,NA,5,NA,R,46.126,H,NA,L,Y,3,0,1,2,A,-,03,22350,NA,N,C,C,A,B,H,-,C,D,0,NA,NA,NA,NA,Y,NA,A,01,0,1,0,0,0,0,0,0,0,-,-,34.33837127685547,-118.51580810546876,LOS ANGELES,UNINCORPORATED,-118.51580810546876,34.33837127685547
9498828,2022,2022-11-10,1973,2022-09-08,1717,568,1973,4,5,1,1973,0,0,0,NA,0,003,BANDINI BL,AYERS AV,221,E,N,A,-,N,NA,NA,NA,NA,NA,NA,NA,NA,NA,Y,3,0,2,2,A,-,03,22350,NA,N,C,C,A,A,H,-,A,D,0,NA,NA,NA,NA,Y,NA,A,07,0,1,1,0,0,0,0,0,0,-,-,NA,NA,LOS ANGELES,VERNON,-118.17903137207033,33.99958801269531
94988280,2025,2025-12-29,9540,2025-12-26,1305,023330,NA,5,1,9,1900,0,1,3,NA,2,147,SR-14 S/B,SOLEDAD CANYON RD,6120,N,N,C,-,Y,LA,NA,14,NA,NA,36.91,H,NA,L,Y,4,0,1,1,A,-,08,22107,NA,N,E,I,A,B,H,-,A,D,0,NA,NA,NA,NA,Y,NA,A,01,0,0,1,0,0,0,0,0,0,-,-,34.44078826904297,-118.36724853515624,LOS ANGELES,UNINCORPORATED,-118.3671646118164,34.44070816040039
9498829,2022,2022-11-09,1900,2022-10-07,1630,618671,1334,5,5,5,1908,0,0,0,NA,0,133W,RT 19,SOMERSET BL,29,S,N,A,-,N,NA,NA,NA,NA,NA,NA,NA,NA,NA,Y,4,0,1,2,A,-,03,22350,NA,N,C,C,A,A,H,-,A,A,0,NA,NA,NA,NA,Y,NA,A,01,0,0,1,0,0,0,0,0,0,-,-,33.896331787109375,-118.14272308349608,LOS ANGELES,BELLFLOWER,-118.14264678955078,33.896331787109375
9498832,2022,2022-11-10,1900,2022-09-24,1433,647596,2699,6,5,6,1950,0,0,0,NA,0,112T2,30TH ST WEST,AVENUE M-8,0,NA,Y,A,-,N,NA,NA,NA,NA,NA,NA,NA,NA,NA,Y,3,0,1,2,A,-,09,21801,A,N,D,C,A,A,H,-,A,D,0,NA,NA,Y,NA,Y,NA,A,07,0,1,0,0,0,0,0,0,1,-,-,34.636688232421875,-118.1832275390625,LOS ANGELES,PALMDALE,-118.07659149169922,34.64601135253906
94988359,2025,2025-12-29,9540,2025-12-21,1455,021955,NA,7,2,9,1900,0,2,4,NA,2,072,LAKE HUGHES RD,CASTAIC RD,410,E,N,A,-,N,NA,NA,NA,NA,NA,NA,NA,NA,NA,N,4,0,2,2,D,-,00,NA,NA,N,D,C,A,A,H,-,A,D,0,NA,NA,NA,NA,Y,NA,-,-,0,0,2,0,0,0,0,0,0,-,-,34.4970588684082,-118.62136840820313,LOS ANGELES,UNINCORPORATED,-118.62133026123048,34.49707794189453
94988371,2025,2025-12-29,9550,2025-12-01,1105,018187,NA,1,1,9,1900,0,3,5,NA,2,002,LAMBERT RD,1ST AVE.,65,E,N,A,-,N,NA,NA,NA,NA,NA,NA,NA,NA,NA,N,4,0,1,3,A,-,03,22350,NA,N,C,C,A,A,H,-,A,A,0,NA,NA,NA,NA,Y,NA,D,22,0,0,1,0,0,0,0,0,0,-,-,33.92951965332031,-117.98519897460938,LOS ANGELES,UNINCORPORATED,-117.98526000976564,33.9294319152832
94988384,2025,2026-02-09,9550,2025-12-01,830,018187,NA,1,1,9,1900,0,3,5,NA,2,002,IMPERIAL HWY. (EASTBOUND),MARQUARDT AVE.,160,W,N,A,-,N,NA,NA,NA,NA,NA,NA,NA,NA,NA,N,4,0,3,2,A,-,09,21801,A,N,D,C,A,A,H,-,A,D,0,NA,NA,NA,NA,Y,NA,A,01,0,0,3,0,0,0,0,0,0,-,-,33.917030334472656,-118.03865051269533,LOS ANGELES,UNINCORPORATED,-118.03855895996094,33.91709899902344
94988386,2025,2025-12-29,9550,2025-12-16,725,018187,NA,2,1,9,1900,0,3,5,NA,2,002,DUNTON DR.,LA MIRADA BLVD,20,E,N,B,-,N,NA,NA,NA,NA,NA,NA,NA,NA,NA,N,4,0,1,2,A,-,21,22106,NA,N,H,C,A,A,H,-,A,A,0,NA,NA,NA,NA,Y,NA,A,07,0,0,1,0,0,0,0,0,0,-,-,33.93756103515625,-118.01178741455078,LOS ANGELES,UNINCORPORATED,-118.01201629638672,33.93788146972656
94988389,2025,2025-12-29,9550,2025-12-23,957,016761,NA,2,1,5,1919,0,1,1,NA,2,652,I-605 S/B (SAN GABRIEL RIVER FREEWAY),SOUTH STREET,735,N,N,B,-,Y,LA,NA,605,NA,R,3.894,H,NA,L,Y,3,0,1,1,A,-,08,22107,NA,N,E,I,A,A,H,-,A,D,0,NA,NA,NA,NA,Y,NA,A,01,0,1,0,0,0,0,0,0,0,-,-,33.860469818115234,-118.09674072265624,LOS ANGELES,CERRITOS,-118.09689331054688,33.86043930053711
9498841,2022,2022-11-08,1900,2022-09-28,1519,649825,0531,3,5,5,1959,0,0,0,NA,0,54PM,VALLEY BL,IVAR AV,0,NA,Y,A,-,N,NA,NA,NA,NA,NA,NA,NA,NA,NA,Y,2,0,2,3,A,-,12,21453,A,N,D,C,A,A,H,-,A,A,0,NA,NA,NA,NA,Y,NA,J,48,1,1,0,0,0,0,0,0,0,-,-,34.08074951171875,-118.0754623413086,LOS ANGELES,ROSEMEAD,-118.0754623413086,34.08075714111328
9498845,2022,2022-11-08,1900,2022-10-07,1719,636465,0522,5,5,4,1971,0,0,0,NA,0,52T1PM,LAS TUNAS DR,MUSCATEL AV,449,E,N,A,-,N,NA,NA,NA,NA,NA,NA,NA,NA,NA,Y,4,0,1,2,A,-,09,21801,A,N,D,C,A,A,H,-,A,D,0,NA,NA,NA,NA,Y,NA,J,48,0,0,1,0,0,0,0,0,0,-,-,34.10337829589844,-118.07569122314452,LOS ANGELES,TEMPLE CITY,-118.07575225830078,34.10356140136719
94988885,2025,2025-12-29,9535,2025-12-18,145,024085,NA,4,3,9,1900,0,1,1,NA,2,070,I-710 N/B (LONG BEACH FREEWAY),FLORAL DR,78,S,N,A,-,Y,LA,NA,710,NA,NA,25.195,H,NA,R,Y,2,0,2,2,A,-,01,23152,A,F,A,C,A,A,H,-,D,D,0,NA,NA,NA,NA,Y,Y,A,07,1,1,0,0,0,0,0,0,0,-,-,34.043949127197266,-118.1699676513672,LOS ANGELES,UNINCORPORATED,-118.1698989868164,34.043949127197266
9498902,2022,2022-11-08,1900,2022-09-24,1345,520676,1014,6,5,3,1995,0,0,0,NA,0,220A1,RT 1,PUERCO CYN,950,W,N,A,-,Y,LA,7,1,-,-,49.49,H,-,N,N,4,0,1,2,A,-,04,21703,NA,N,C,C,A,A,H,-,A,D,0,NA,NA,NA,NA,Y,NA,A,01,0,0,1,0,0,0,0,0,0,-,-,34.03398895263672,-118.72540283203124,LOS ANGELES,MALIBU,-118.7269287109375,34.03409957885742
9498912,2022,2022-11-01,1942,2022-09-20,0220,42011,1249,2,5,7,1942,0,0,0,L,0,25T37-,FLORENCE AV,FLOWER ST,0,NA,Y,A,-,Y,LA,7,110,-,-,17.152,R,4,S,Y,4,0,3,2,A,-,12,21453,A,N,D,C,A,A,H,-,C,A,0,NA,NA,NA,NA,Y,NA,J,48,0,0,3,0,0,0,0,0,0,-,-,NA,NA,LOS ANGELES,LOS ANGELES,-118.28092956542967,33.97695541381836
9498916,2022,2022-10-27,1942,2022-09-24,0531,39151,1269,6,5,7,1942,0,0,0,L,0,25T33-,CENTRAL AV,81ST ST,120,S,N,A,-,N,NA,NA,NA,NA,NA,NA,NA,NA,NA,Y,4,0,1,2,A,-,03,22350,NA,N,D,E,A,A,H,-,C,A,0,NA,NA,NA,NA,Y,NA,A,01,0,0,1,0,0,0,0,0,0,-,-,NA,NA,LOS ANGELES,LOS ANGELES,-118.25643157958984,33.96525955200195
9498918,2022,2022-11-07,1942,2022-09-03,1415,38915,0513,6,5,7,1942,0,0,0,E,0,25MQ55,PACIFIC COAST HWY,NORMANDIE AV,400,E,N,A,-,Y,LA,7,1,-,-,12.43,H,-,N,Y,2,0,1,2,A,-,09,21801,A,N,D,C,A,A,H,-,A,D,0,NA,NA,Y,NA,Y,NA,A,07,1,0,0,0,0,0,0,0,1,-,-,NA,NA,LOS ANGELES,LOS ANGELES,-118.2960968017578,33.790531158447266
94989200,2025,2025-12-29,9565,2025-12-16,1700,024304,NA,2,2,9,1900,0,3,5,NA,2,002,BUDLONG AVENUE,124TH STREET,0,NA,Y,A,-,N,NA,NA,NA,NA,NA,NA,NA,NA,NA,Y,4,0,4,3,A,-,09,21802,A,N,D,2,A,A,H,-,C,A,0,NA,NA,NA,NA,Y,NA,A,01,0,0,4,0,0,0,0,0,0,-,-,33.9202995300293,-118.2964096069336,LOS ANGELES,UNINCORPORATED,-118.29637908935548,33.92022705078125
94989201,2025,2025-12-29,9525,2025-12-18,1305,023049,NA,4,1,6,1975,0,1,1,NA,2,106,I-10 E/B (SAN BERNARDINO FWY),HOLT AVE.,350,W,N,A,-,Y,LA,NA,10,NA,NA,38.898,H,NA,R,N,4,0,1,2,A,-,03,22350,NA,N,C,C,A,A,H,-,A,D,0,NA,NA,NA,NA,Y,NA,D,22,0,0,1,0,0,0,0,0,0,-,-,34.07075119018555,-117.86608123779295,LOS ANGELES,WEST COVINA,-117.86602783203124,34.07085418701172
94989222,2025,2025-12-29,9525,2025-12-04,1745,024266,NA,4,2,5,1926,0,1,1,NA,2,205,I-210 W/B (FOOTHILL FWY),SUNFLOWER AVE,1304,E,N,A,-,Y,LA,NA,210,NA,R,43.433,H,NA,L,N,4,0,1,2,A,-,07,21658,A,N,B,C,A,A,H,-,D,D,0,NA,NA,NA,Y,Y,NA,G,25,0,0,1,0,0,0,0,0,0,-,-,34.11846923828125,-117.8420181274414,LOS ANGELES,GLENDORA,-117.84197998046876,34.118408203125
94989226,2025,2025-12-29,9525,2025-12-07,1548,024088,NA,7,2,9,1900,0,3,5,NA,2,003,RUTHCREST AVE AT,TEMPLE AVENUE,0,NA,Y,A,-,N,NA,NA,NA,NA,NA,NA,NA,NA,NA,N,4,0,1,2,A,-,09,21802,A,N,D,C,A,A,H,-,A,D,0,NA,NA,NA,NA,Y,NA,A,01,0,0,1,0,0,0,0,0,0,-,-,34.027950286865234,-117.93309020996094,LOS ANGELES,UNINCORPORATED,-117.93302917480467,34.02792739868164
9498924,2022,2022-10-27,1942,2022-09-15,1155,42539,1802,4,5,7,1942,0,0,0,R,0,25MQ16,MANCHESTER AV,FIGUEROA ST,0,NA,Y,A,-,N,NA,NA,NA,NA,NA,NA,NA,NA,NA,N,4,0,1,2,A,-,08,22107,NA,N,D,C,A,A,H,-,A,A,0,NA,NA,NA,NA,Y,NA,J,48,0,0,1,0,0,0,0,0,0,-,-,NA,NA,LOS ANGELES,LOS ANGELES,-118.28273010253906,33.960060119628906
94989242,2025,2026-02-09,9525,2025-12-08,1822,024526,NA,1,2,9,1900,0,2,4,NA,2,045,VALLEY BLVD,7TH AVENUE,0,NA,Y,A,-,N,NA,NA,NA,NA,NA,NA,NA,NA,NA,N,4,0,1,2,A,-,12,21453,A,N,H,2,A,A,H,-,C,A,0,NA,NA,NA,NA,Y,NA,-,-,0,0,1,0,0,0,0,0,0,-,-,34.034690856933594,-117.97457122802734,LOS ANGELES,UNINCORPORATED,-117.97457122802734,34.034759521484375
94989247,2025,2025-12-29,9565,2025-12-07,1750,024824,NA,7,2,9,1900,0,2,4,NA,2,022,NORMANDIE AVE,120TH ST,80,N,N,A,-,N,NA,NA,NA,NA,NA,NA,NA,NA,NA,N,2,0,1,1,A,-,01,23152,A,N,E,I,A,A,H,-,C,A,0,NA,NA,NA,NA,Y,Y,A,01,1,0,0,0,0,0,0,0,0,-,-,33.924278259277344,-118.30023956298828,LOS ANGELES,UNINCORPORATED,-118.30035400390624,33.92417907714844