CASE_ID,ACCIDENT_YEAR,PROC_DATE,JURIS,COLLISION_DATE,COLLISION_TIME,OFFICER_ID,REPORTING_DISTRICT,DAY_OF_WEEK,CHP_SHIFT,POPULATION,CNTY_CITY_LOC,SPECIAL_COND,BEAT_TYPE,CHP_BEAT_TYPE,CITY_DIVISION_LAPD,CHP_BEAT_CLASS,BEAT_NUMBER,PRIMARY_RD,SECONDARY_RD,DISTANCE,DIRECTION,INTERSECTION,WEATHER_1,WEATHER_2,STATE_HWY_IND,CALTRANS_COUNTY,CALTRANS_DISTRICT,STATE_ROUTE,ROUTE_SUFFIX,POSTMILE_PREFIX,POSTMILE,LOCATION_TYPE,RAMP_INTERSECTION,SIDE_OF_HWY,TOW_AWAY,COLLISION_SEVERITY,NUMBER_KILLED,NUMBER_INJURED,PARTY_COUNT,PRIMARY_COLL_FACTOR,PCF_CODE_OF_VIOL,PCF_VIOL_CATEGORY,PCF_VIOLATION,PCF_VIOL_SUBSECTION,HIT_AND_RUN,TYPE_OF_COLLISION,MVIW,PED_ACTION,ROAD_SURFACE,ROAD_COND_1,ROAD_COND_2,LIGHTING,CONTROL_DEVICE,CHP_ROAD_TYPE,PEDESTRIAN_ACCIDENT,BICYCLE_ACCIDENT,MOTORCYCLE_ACCIDENT,TRUCK_ACCIDENT,NOT_PRIVATE_PROPERTY,ALCOHOL_INVOLVED,STWD_VEHTYPE_AT_FAULT,CHP_VEHTYPE_AT_FAULT,COUNT_SEVERE_INJ,COUNT_VISIBLE_INJ,COUNT_COMPLAINT_PAIN,COUNT_PED_KILLED,COUNT_PED_INJURED,COUNT_BICYCLIST_KILLED,COUNT_BICYCLIST_INJURED,COUNT_MC_KILLED,COUNT_MC_INJURED,PRIMARY_RAMP,SECONDARY_RAMP,LATITUDE,LONGITUDE,COUNTY,CITY,POINT_X,POINT_Y
94990416,2025,2025-12-29,9575,2025-12-17,958,024270,NA,3,1,6,1953,0,1,1,NA,2,063,I-210 E/B (FOOTHILL FREEWAY),WASHINGTON BLVD.,508,E,N,A,-,Y,LA,NA,210,NA,R,23.661,H,NA,R,Y,4,0,1,2,A,-,03,22350,NA,N,B,C,A,A,H,-,A,D,0,NA,NA,NA,Y,Y,NA,G,25,0,0,1,0,0,0,0,0,0,-,-,34.16810989379883,-118.15812683105467,LOS ANGELES,PASADENA,-118.15805816650392,34.16810607910156
94990433,2025,2025-12-29,9550,2025-07-21,2320,024389,NA,1,3,9,1900,0,1,1,NA,2,650,I-605 N/B FROM SARAGOSA STREET,SARAGOSA STREET,528,N,N,A,-,Y,LA,NA,605,NA,R,12.531,H,NA,R,N,4,0,1,2,A,-,08,22107,NA,M,B,C,A,A,H,-,D,D,0,NA,NA,NA,NA,Y,NA,A,07,0,0,1,0,0,0,0,0,0,-,-,33.979820251464844,-118.07634735107422,LOS ANGELES,UNINCORPORATED,-118.07649230957033,33.97991943359375
9499046,2022,2022-10-20,1905,2022-07-25,1336,1186,311,1,5,4,1905,0,0,0,NA,0,002,EAST FOOTHILL BL,SAN GABRIEL AV,15,E,N,A,-,N,NA,NA,NA,NA,NA,NA,NA,NA,NA,N,4,0,1,1,A,-,08,22107,NA,N,E,I,A,A,H,-,A,A,0,NA,NA,NA,NA,Y,NA,A,01,0,0,1,0,0,0,0,0,0,-,-,NA,NA,LOS ANGELES,AZUSA,-117.90876007080078,34.13349914550781
9499047,2022,2022-10-20,1905,2022-07-15,1809,1187,441,5,5,4,1905,0,0,0,NA,0,001,SOUTH AZUSA AV,E NEWBURGH ST,23,W,N,A,-,N,NA,NA,NA,NA,NA,NA,NA,NA,NA,Y,4,0,3,2,A,-,09,21801,A,N,D,C,A,A,H,-,A,A,0,NA,NA,NA,NA,Y,NA,-,-,0,0,3,0,0,0,0,0,0,-,-,NA,NA,LOS ANGELES,AZUSA,-117.9075927734375,34.11027145385742
94990481,2025,2025-12-29,9550,2025-12-11,1915,024514,NA,4,2,5,1976,0,3,5,NA,2,002,CARMENITA ROAD NORTHBOUND,FLORENCE AVENUE,110,S,N,A,-,N,NA,NA,NA,NA,NA,NA,NA,NA,NA,N,4,0,3,3,A,-,03,22350,NA,N,C,C,A,A,H,-,C,A,0,NA,NA,NA,Y,Y,NA,A,01,0,0,3,0,0,0,0,0,0,-,-,33.935848236083984,-118.04646301269533,LOS ANGELES,WHITTIER,-118.04659271240234,33.93589782714844
94990487,2025,2025-12-29,9550,2025-12-12,810,024763,NA,5,1,9,1900,0,2,4,NA,1,015,RIVERA RD WB,PIONEER BLVD,0,NA,Y,A,-,N,NA,NA,NA,NA,NA,NA,NA,NA,NA,Y,4,0,1,2,A,-,09,21802,A,N,D,C,A,A,H,-,A,A,0,NA,NA,NA,NA,Y,NA,D,22,0,0,1,0,0,0,0,0,0,-,-,33.96514129638672,-118.08286285400392,LOS ANGELES,UNINCORPORATED,-118.08284759521484,33.965110778808594
94990533,2025,2025-12-29,9550,2025-07-21,2325,024389,NA,1,3,9,1900,0,1,1,NA,2,650,I-605 NB,ROSE HILLS RD,528,S,N,A,-,Y,LA,NA,605,NA,R,15.366,H,NA,R,Y,4,0,1,2,A,-,08,22107,NA,F,B,2,A,A,H,-,C,D,0,NA,NA,NA,NA,Y,NA,D,22,0,0,1,0,0,0,0,0,0,-,-,34.01654052734375,-118.05426788330078,LOS ANGELES,UNINCORPORATED,-118.05429840087892,34.01655960083008
94990537,2025,2025-12-29,9535,2025-12-05,640,024877,NA,5,1,5,1969,0,1,1,NA,2,075,I-710 S/B (LONG BEACH FWY),IMPERIAL HIGHWAY,540,N,N,A,-,Y,LA,NA,710,NA,R,16.073,H,NA,L,N,3,0,1,1,C,-,18,NA,NA,N,E,J,A,A,H,-,A,D,0,NA,NA,NA,NA,Y,NA,-,-,0,1,0,0,0,0,0,0,0,-,-,33.918338775634766,-118.17913055419922,LOS ANGELES,SOUTH GATE,-118.17904663085938,33.91832733154297
94990538,2025,2025-12-29,9575,2025-12-17,550,022503,NA,3,3,7,1942,0,1,1,NA,2,053,I-5 S/B (GOLDEN STATE FREEWAY),OSBORNE ST,720,N,N,A,-,Y,LA,NA,5,NA,NA,36.501,H,NA,L,N,4,0,1,3,A,-,03,22350,NA,N,C,C,A,A,H,-,B,D,0,NA,NA,NA,NA,Y,NA,A,01,0,0,1,0,0,0,0,0,0,-,-,34.23461151123047,-118.41179656982422,LOS ANGELES,LOS ANGELES,-118.4118194580078,34.234596252441406
94990542,2025,2025-12-29,9550,2025-08-19,1350,024590,NA,2,1,6,1920,0,1,1,NA,2,150,I-105 WB FROM LAKEWOOD BLVD,LAKEWOOD BLVD,860,W,N,A,-,Y,LA,NA,105,NA,R,16.47,H,NA,L,N,4,0,1,2,A,-,03,22350,NA,F,C,C,A,A,H,-,A,A,0,NA,NA,NA,NA,Y,NA,A,01,0,0,1,0,0,0,0,0,0,-,-,33.91352081298828,-118.12834930419922,LOS ANGELES,DOWNEY,-118.12834930419922,33.913272857666016
94990543,2025,2025-12-29,9535,2025-12-18,250,023941,NA,4,3,3,1914,0,1,1,NA,2,500,I-5 N/B (SANTA ANA FREEWAY),SLAUSON AVE,600,S,N,A,-,Y,LA,NA,5,NA,NA,9.63,H,NA,R,Y,4,0,1,2,A,-,07,21658,A,N,C,C,A,A,H,-,D,D,0,NA,NA,NA,NA,Y,NA,A,01,0,0,1,0,0,0,0,0,0,-,-,33.973541259765625,-118.12362670898438,LOS ANGELES,COMMERCE,-118.12361907958984,33.97354507446289
9499056,2022,2022-10-20,1900,2022-07-05,1510,522046,0531,2,5,5,1959,0,0,0,NA,0,53HPM,VALLEY BL,TEMPLE CITY BL,110,E,N,A,-,N,NA,NA,NA,NA,NA,NA,NA,NA,NA,N,3,0,1,2,A,-,09,21804,A,N,E,C,A,A,H,-,A,D,0,NA,NA,Y,NA,Y,NA,A,01,0,1,0,0,0,0,0,0,1,-,-,34.081138610839844,-118.05789184570313,LOS ANGELES,ROSEMEAD,-118.05792236328124,34.08124542236328
9499057,2022,2022-10-20,1931,2022-09-15,1816,5343,1931,4,5,5,1931,0,0,0,NA,0,001,PACIFIC BL,GAGE AV,12,S,N,A,-,N,NA,NA,NA,NA,NA,NA,NA,NA,NA,N,2,0,1,2,A,-,12,21453,A,N,H,G,A,A,H,-,A,A,0,NA,Y,NA,NA,Y,NA,A,01,1,0,0,0,0,0,1,0,0,-,-,NA,NA,LOS ANGELES,HUNTINGTON PARK,-118.22519683837892,33.981605529785156
9499059,2022,2022-10-20,1900,2022-07-02,1212,609116,1123,6,5,6,1992,0,0,0,NA,0,111T1D,AVENUE J,20TH ST W,281,NA,N,A,-,N,NA,NA,NA,NA,NA,NA,NA,NA,NA,N,4,0,1,2,A,-,11,21954,A,N,G,B,D,A,H,-,A,D,0,Y,NA,NA,NA,Y,NA,N,60,0,0,1,0,1,0,0,0,0,-,-,NA,NA,LOS ANGELES,LANCASTER,-118.16566467285156,34.68941879272461
9499064,2022,2022-11-18,1941,2022-07-20,1625,11365,NA,3,5,7,1941,0,0,0,NA,0,NA,REDONDO AV,4TH ST,100,N,N,A,-,N,NA,NA,NA,NA,NA,NA,NA,NA,NA,N,4,0,1,2,A,-,11,21954,A,M,G,B,E,A,H,-,A,A,0,Y,NA,NA,NA,Y,NA,N,60,0,0,1,0,1,0,0,0,0,-,-,NA,NA,LOS ANGELES,LONG BEACH,-118.15242767333984,33.77197265625
94990719,2025,2025-12-30,9540,2025-12-24,550,022489,NA,3,3,6,1985,0,1,3,NA,1,145,SR-14 S/B,CEDAR VALLEY WY.,280,N,N,C,-,Y,LA,NA,14,NA,R,30.719,H,NA,L,Y,4,0,1,1,A,-,03,22350,NA,N,E,I,A,B,H,-,D,D,0,NA,NA,NA,NA,Y,NA,A,01,0,0,1,0,0,0,0,0,0,-,-,34.40105056762695,-118.45771026611328,LOS ANGELES,SANTA CLARITA,-118.45777893066406,34.4011344909668
94990724,2025,2025-12-30,9540,2025-12-18,250,021190,NA,4,3,6,1985,0,1,3,NA,1,142,SR-14 NB,NEWHALL AVENUE,3000,S,N,A,-,Y,LA,NA,14,NA,R,26.578,H,NA,R,Y,3,0,1,2,A,-,08,22107,NA,N,C,2,A,A,H,-,C,D,0,NA,NA,NA,Y,Y,NA,A,01,0,1,0,0,0,0,0,0,0,-,-,34.35877990722656,-118.50624084472656,LOS ANGELES,SANTA CLARITA,-118.50637817382813,34.358795166015625
94990735,2025,2025-12-30,9540,2025-12-17,1620,023767,NA,3,2,9,1900,0,2,4,NA,1,201,SIERRA HWY N/B,DULCE RANCH RD,644,N,N,A,-,Y,NA,NA,NA,NA,NA,NA,NA,NA,NA,Y,4,0,2,2,A,-,03,22350,NA,N,C,C,A,A,H,-,A,D,0,NA,NA,NA,NA,Y,NA,D,22,0,0,2,0,0,0,0,0,0,-,-,34.520111083984375,-118.30854034423828,LOS ANGELES,UNINCORPORATED,-118.31069946289064,34.52014923095703
94990738,2025,2025-12-30,9540,2025-12-24,825,023260,NA,3,1,6,1985,0,1,3,NA,1,142,SR-14 N/B,NEWHALL AVE,82,S,N,B,C,Y,LA,NA,14,NA,R,27.015,H,NA,R,Y,4,0,1,1,A,-,03,22350,NA,N,E,8,A,A,H,-,A,D,0,NA,NA,NA,NA,Y,NA,A,01,0,0,1,0,0,0,0,0,0,-,-,34.36463165283203,-118.5035400390625,LOS ANGELES,SANTA CLARITA,-118.50369262695313,34.364688873291016
9499101,2022,2022-10-20,1900,2022-09-05,2127,624926,1192,1,5,6,1992,0,0,0,NA,0,111T1,AVE L,TUMBLEWOOD WY,0,NA,Y,A,-,N,NA,NA,NA,NA,NA,NA,NA,NA,NA,Y,3,0,2,2,A,-,09,21801,A,N,D,C,A,A,H,-,C,D,0,NA,NA,Y,NA,Y,NA,A,01,0,2,0,0,0,0,0,0,1,-,-,NA,NA,LOS ANGELES,LANCASTER,-118.18505859375,34.66025924682617
9499124,2022,2022-10-21,1900,2022-09-20,0810,652894,1127,2,5,6,1992,0,0,0,NA,0,111,AVENUE J-8,27TH ST WEST,142,W,N,A,-,N,NA,NA,NA,NA,NA,NA,NA,NA,NA,Y,4,0,1,2,A,-,04,21703,NA,N,C,C,A,A,H,-,A,A,0,NA,NA,NA,NA,Y,NA,A,01,0,0,1,0,0,0,0,0,0,-,-,NA,NA,LOS ANGELES,LANCASTER,-118.1796875,34.68215560913086
94991288,2025,2025-12-30,9530,2025-12-11,1550,024491,NA,4,2,9,1900,0,1,1,NA,2,120,I-110 S/B (HARBOR FREEWAY),TORRANCE BLVD.,1230,N,N,A,-,Y,LA,NA,110,NA,NA,8.283,H,NA,L,Y,3,0,1,2,A,-,03,22350,NA,N,C,C,A,A,H,-,A,D,0,NA,NA,NA,NA,Y,NA,A,01,0,1,0,0,0,0,0,0,0,-,-,33.84981155395508,-118.28524017333984,LOS ANGELES,UNINCORPORATED,-118.28507232666016,33.84981155395508
94991289,2025,2025-12-30,9525,2025-12-17,2050,023176,NA,3,2,5,1990,0,1,3,NA,2,604,SR-60 E/B (POMONA FWY),DIAMOND BAR BLVD,792,E,N,A,-,Y,LA,NA,60,NA,R,25.749,H,NA,R,N,4,0,1,2,A,-,03,22350,NA,N,C,C,A,A,D,-,B,D,0,NA,NA,NA,NA,Y,NA,A,08,0,0,1,0,0,0,0,0,0,-,-,34.02458953857422,-117.80914306640624,LOS ANGELES,DIAMOND BAR,-117.80908966064452,34.024497985839844
94991308,2025,2025-12-30,9575,2025-12-08,1740,022342,NA,1,2,7,1942,0,1,1,NA,2,053,I-5 N/B (GOLDEN STATE FREEWAY) TO SR-118 (W/B),PAXTON ST,145,S,N,A,-,Y,LA,NA,5,NA,NA,38.996,H,NA,R,N,4,0,1,2,A,-,03,22350,NA,N,C,C,A,A,H,-,D,D,0,NA,NA,NA,NA,Y,NA,A,08,0,0,1,0,0,0,0,0,0,-,-,34.26219177246094,-118.44001770019533,LOS ANGELES,LOS ANGELES,-118.44026184082033,34.26206970214844
94991325,2025,2025-12-30,9535,2025-11-02,410,024064,NA,7,3,9,1900,0,1,1,NA,2,070,I-710 N/B (LONG BEACH FREEWAY),HUMPHREYS AVE,1162,S,N,A,-,Y,LA,NA,710,NA,NA,23.97,H,NA,R,Y,4,0,1,2,C,-,18,NA,NA,N,C,C,A,A,H,-,C,D,0,NA,NA,NA,Y,Y,NA,-,-,0,0,1,0,0,0,0,0,0,-,-,34.02629852294922,-118.17218017578124,LOS ANGELES,UNINCORPORATED,-118.17213439941406,34.02629852294922
94991341,2025,2025-12-30,9530,2025-12-06,2350,023654,NA,6,3,7,1941,0,1,1,NA,2,072,I-710 N/B (LONG BEACH FREEWAY),I-405 OVERCROSSING,950,S,N,A,-,Y,LA,NA,710,NA,NA,9.588,H,NA,R,Y,2,0,1,2,A,-,07,21658,A,N,B,C,A,A,H,-,C,D,0,NA,NA,NA,NA,Y,NA,A,01,1,0,0,0,0,0,0,0,0,-,-,33.82904815673828,-118.20812225341795,LOS ANGELES,LONG BEACH,-118.20813751220705,33.82904815673828
94991371,2025,2025-12-30,9565,2025-12-18,1810,024279,NA,4,2,9,1900,0,2,4,NA,2,022,NORMANDIE AVENUE,102ND STREET,135,N,N,A,-,N,NA,NA,NA,NA,NA,NA,NA,NA,NA,N,4,0,1,2,A,-,21,22106,NA,N,B,G,A,A,H,-,C,D,0,NA,Y,NA,NA,Y,NA,A,01,0,0,1,0,0,0,1,0,0,-,-,33.94445037841797,-118.30036163330078,LOS ANGELES,UNINCORPORATED,-118.30029296875,33.94445037841797
94991391,2025,2025-12-30,9545,2025-12-14,2341,024391,NA,7,3,6,1992,0,1,3,NA,2,011,SR-14 N/B FROM AVENUE H,AVENUE H,852,N,N,A,-,Y,LA,NA,14,NA,R,70.158,H,NA,R,Y,3,0,1,1,A,-,01,23152,A,N,E,I,A,A,H,-,D,D,0,NA,NA,NA,NA,Y,Y,A,01,0,1,0,0,0,0,0,0,0,-,-,34.72119140625,-118.169921875,LOS ANGELES,LANCASTER,-118.17001342773438,34.72119140625
9499141,2022,2022-10-21,1972,2022-10-03,1444,18059,NA,1,5,6,1972,0,0,0,NA,0,NA,182ND ST,YUKON,0,NA,Y,A,-,N,NA,NA,NA,NA,NA,NA,NA,NA,NA,N,4,0,1,2,A,-,09,21804,A,N,D,G,A,A,H,-,A,A,0,NA,Y,NA,NA,Y,NA,L,NA,0,0,1,0,0,0,1,0,0,-,-,NA,NA,LOS ANGELES,TORRANCE,-118.33519744873048,33.865577697753906
94991412,2025,2025-12-30,9550,2025-12-27,2340,022789,NA,6,3,9,1900,0,2,4,NA,1,013,NORWALK BLVD.,SARAGOSA ST.,0,NA,Y,A,-,N,NA,NA,NA,NA,NA,NA,NA,NA,NA,Y,3,0,7,3,A,-,01,23152,A,N,D,C,A,A,H,-,C,A,0,NA,NA,NA,NA,Y,Y,A,07,0,7,0,0,0,0,0,0,0,-,-,33.9777717590332,-118.0758819580078,LOS ANGELES,UNINCORPORATED,-118.07579803466795,33.977718353271484
94991413,2025,2025-12-30,9540,2025-12-29,1405,019444,NA,1,2,9,1900,0,1,1,NA,2,507,I-5 S/B,VALENCIA BOULEVARD,500,N,N,A,-,Y,LA,NA,5,NA,R,52.807,H,NA,L,Y,3,0,1,2,A,-,03,22350,NA,N,C,C,A,A,H,-,A,D,0,NA,NA,NA,NA,Y,NA,A,07,0,1,0,0,0,0,0,0,0,-,-,34.412899017333984,-118.57849884033205,LOS ANGELES,UNINCORPORATED,-118.57846069335938,34.41291046142578
9499142,2022,2022-10-21,1972,2022-10-03,1740,19004,NA,1,5,6,1972,0,0,0,NA,0,NA,OREGON CT,MAPLE,460,E,N,A,-,N,NA,NA,NA,NA,NA,NA,NA,NA,NA,N,3,0,1,2,A,-,09,21801,A,N,A,C,A,A,H,-,A,D,0,NA,NA,Y,NA,Y,NA,A,NA,0,1,0,0,0,0,0,0,1,-,-,NA,NA,LOS ANGELES,TORRANCE,-118.3386459350586,33.84642791748047
94991429,2025,2025-12-30,9565,2025-11-30,2218,024321,NA,7,3,9,1900,0,1,1,NA,2,012,I-105 EASTBOUND,NORMANDIE AVE,420,W,N,A,-,Y,LA,NA,105,NA,R,6.339,H,NA,R,N,4,0,1,3,A,-,07,21658,A,N,B,C,A,A,H,-,D,D,0,NA,NA,NA,NA,Y,NA,A,01,0,0,1,0,0,0,0,0,0,-,-,33.92753982543945,-118.29885864257813,LOS ANGELES,UNINCORPORATED,-118.2988739013672,33.92758560180664
94991442,2025,2025-12-30,9530,2025-12-17,850,024495,NA,3,1,5,1915,0,1,3,NA,2,310,SR-91 W/B (ARTESIA FREEWAY),CENTRAL AVE,1605,E,N,B,-,Y,LA,NA,91,NA,R,8.75,H,NA,L,N,3,0,1,3,A,-,03,22350,NA,F,C,C,A,A,H,-,A,D,0,NA,NA,NA,NA,Y,NA,-,99,0,1,0,0,0,0,0,0,0,-,-,33.87363815307617,-118.24321746826172,LOS ANGELES,COMPTON,-118.24321746826172,33.87361145019531
94991446,2025,2025-12-30,9550,2025-12-17,1740,022167,NA,3,2,6,1949,0,1,1,NA,2,500,I-5 N/B,PIONEER BOULEVARD,1155,N,N,A,-,Y,LA,NA,5,NA,NA,5.406,H,NA,R,N,4,0,1,2,A,-,03,22350,NA,N,C,C,A,A,H,-,D,D,0,NA,NA,NA,NA,Y,NA,A,01,0,0,1,0,0,0,0,0,0,-,-,33.92319107055664,-118.08403778076172,LOS ANGELES,NORWALK,-118.08404541015624,33.923187255859375
94991451,2025,2025-12-30,9530,2025-12-17,805,024491,NA,3,1,7,1942,0,1,1,NA,2,110,I-110 S/B (HARBOR FREEWAY),EL SEGUNDO BLVD.,900,N,N,A,-,Y,LA,NA,110,NA,NA,13.062,H,NA,L,N,3,0,1,2,A,-,03,22350,NA,N,C,C,A,A,H,-,A,D,0,NA,NA,NA,NA,Y,NA,A,07,0,1,0,0,0,0,0,0,0,-,-,33.918731689453125,-118.28476715087892,LOS ANGELES,LOS ANGELES,-118.28457641601564,33.918617248535156
94991453,2025,2025-12-30,9590,2025-11-28,705,024537,NA,5,1,7,1942,0,1,1,NA,2,050,I-110 N/B (HARBOR FREEWAY),CENTURY BLVD,775,N,N,A,-,Y,LA,NA,110,NA,NA,15.207,H,NA,R,Y,3,0,1,2,A,-,01,23152,A,N,C,2,A,A,H,-,A,D,0,NA,NA,NA,NA,Y,Y,A,01,0,1,0,0,0,0,0,0,0,-,-,33.948768615722656,-118.27944183349608,LOS ANGELES,LOS ANGELES,-118.27944946289064,33.948768615722656
94991459,2025,2025-12-30,9530,2025-12-17,745,024076,NA,3,1,7,1941,0,1,1,NA,2,071,I-710 S/B (LONG BEACH FREEWAY),DEL AMO BLVD.,500,S,N,B,-,Y,LA,NA,710,NA,NA,10.559,H,NA,L,N,4,0,2,2,A,-,03,22350,NA,N,C,D,A,A,H,-,A,D,0,NA,NA,NA,NA,Y,NA,A,01,0,0,2,0,0,0,0,0,0,-,-,33.84292984008789,-118.20644378662108,LOS ANGELES,LONG BEACH,-118.2065200805664,33.84294509887695
94991462,2025,2025-12-30,9530,2025-12-17,735,024495,NA,3,1,7,1941,0,1,3,NA,2,320,SR-91 W/B (ARTESIA FREEWAY),LONG BEACH BLVD.,390,W,N,B,-,Y,LA,NA,91,NA,R,11.036,H,NA,L,N,3,0,1,2,A,-,03,22350,NA,F,C,C,A,A,H,-,A,D,0,NA,NA,NA,NA,Y,NA,-,99,0,1,0,0,0,0,0,0,0,-,-,33.872798919677734,-118.20365142822266,LOS ANGELES,LONG BEACH,-118.20364379882813,33.87288284301758
94991475,2025,2025-12-30,9530,2025-12-17,1304,023673,NA,3,1,7,1941,0,1,1,NA,2,430,I-405 S/B (SAN DIEGO FREEWAY),PALO VERDE AVE.,1130,S,N,A,-,Y,LA,NA,405,NA,NA,0.897,H,NA,L,Y,3,0,1,3,A,-,03,22350,NA,N,C,C,A,A,H,-,A,D,0,NA,NA,NA,NA,Y,NA,A,07,0,1,0,0,0,0,0,0,0,-,-,33.79458999633789,-118.10498046875,LOS ANGELES,LONG BEACH,-118.10497283935548,33.79459762573242
94991477,2025,2025-12-30,9530,2025-12-16,520,023797,NA,2,3,7,1941,0,1,1,NA,2,420,I-405 N/B (SAN DIEGO FREEWAY),ATLANTIC AVE,700,N,N,E,-,Y,LA,NA,405,NA,NA,6.215,H,NA,R,Y,4,0,1,2,A,-,02,22400,A,N,C,C,A,A,H,-,C,D,0,NA,NA,Y,NA,Y,NA,C,02,0,0,1,0,0,0,0,0,1,-,-,33.816280364990234,-118.18724060058594,LOS ANGELES,LONG BEACH,-118.18724060058594,33.81627655029297
94991485,2025,2025-12-30,9540,2025-12-24,750,022489,NA,3,1,6,1985,0,1,3,NA,1,144,SR-14 N/B,GOLDEN VALLEY RD.,2112,N,N,C,-,Y,LA,NA,14,NA,R,30.14,H,NA,R,Y,4,0,1,1,A,-,03,22350,NA,N,E,I,A,B,H,-,A,D,0,NA,NA,NA,NA,Y,NA,A,07,0,0,1,0,0,0,0,0,0,-,-,34.395931243896484,-118.46571350097656,LOS ANGELES,SANTA CLARITA,-118.4658203125,34.39607238769531
94991490,2025,2025-12-30,9525,2025-12-18,1440,022770,NA,4,2,5,1990,0,1,3,NA,2,604,SR-60 E/B (POMONA FWY),DIAMOND BAR BLVD,4224,E,N,A,-,Y,LA,NA,60,NA,R,26.431,H,NA,R,N,4,0,1,2,A,-,03,22350,NA,N,C,C,A,A,H,-,A,D,0,NA,NA,NA,NA,Y,NA,A,07,0,0,1,0,0,0,0,0,0,-,-,34.02764892578125,-117.7979736328125,LOS ANGELES,DIAMOND BAR,-117.79796600341795,34.02762985229492
94991516,2025,2025-12-30,9550,2025-12-17,1555,022167,NA,3,2,9,1900,0,3,5,NA,2,002,FLORENCE AVENUE,TELEGRAPH ROAD,0,NA,Y,A,-,N,NA,NA,NA,NA,NA,NA,NA,NA,NA,Y,4,0,1,2,A,-,09,21801,A,N,D,C,A,A,H,-,A,A,0,NA,NA,NA,NA,Y,NA,A,07,0,0,1,0,0,0,0,0,0,-,-,33.93687057495117,-118.04149627685548,LOS ANGELES,UNINCORPORATED,-118.0417709350586,33.936893463134766
94991525,2025,2025-12-30,9525,2025-12-19,2240,024046,NA,5,3,5,1990,0,1,3,NA,2,602,SR-60 E/B (POMONA FWY),LEMON AVE,528,W,N,E,-,Y,LA,NA,60,NA,R,22.28,H,NA,R,N,4,0,1,2,A,-,07,21658,A,N,B,C,A,A,H,-,C,D,0,NA,NA,NA,NA,Y,NA,A,01,0,0,1,0,0,0,0,0,0,-,-,33.998409271240234,-117.85688018798828,LOS ANGELES,DIAMOND BAR,-117.85687255859376,33.99837112426758
94991541,2025,2025-12-30,9535,2025-12-16,1311,024446,NA,2,1,6,1922,0,1,1,NA,2,401,I-10 W/B TO PECK RD. S/B OFF-RAMP,PECK ROAD,100,W,N,A,-,Y,LA,NA,10,NA,NA,29.417,H,NA,L,N,4,0,1,1,A,-,03,22350,NA,N,E,I,A,A,H,-,A,A,0,NA,NA,NA,NA,Y,NA,A,01,0,0,1,0,0,0,0,0,0,-,-,34.06835174560547,-118.02935028076172,LOS ANGELES,EL MONTE,-118.02933502197266,34.06808090209961
94991542,2025,2025-12-30,9535,2025-07-04,2030,024213,NA,5,2,9,1900,0,1,3,NA,2,600,SR-60 E/B (POMONA FREEWAY),ROWAN AVE,50,W,N,A,-,Y,LA,NA,60,NA,R,2.156,H,NA,R,N,3,0,2,2,A,-,03,22350,NA,N,C,C,A,A,H,-,C,D,0,NA,NA,NA,NA,Y,Y,A,01,0,2,0,0,0,0,0,0,0,-,-,34.03171157836914,-118.18862152099608,LOS ANGELES,UNINCORPORATED,-118.18861389160156,34.03165817260742
94991543,2025,2025-12-30,9535,2025-12-17,1414,023448,NA,3,2,5,1901,0,1,1,NA,2,420,I-10 E/B (SAN BERNARDINO FREEWAY),FREEMONT BLVD,2112,W,N,A,-,Y,LA,NA,10,NA,NA,21.981,H,NA,R,N,4,0,2,2,A,-,03,22350,NA,N,C,C,A,A,H,-,A,D,0,NA,NA,NA,NA,Y,NA,D,22,0,0,2,0,0,0,0,0,0,-,-,34.06570816040039,-118.1560516357422,LOS ANGELES,ALHAMBRA,-118.15599822998048,34.06564712524414
94991571,2025,2025-12-30,9590,2025-12-07,225,024693,NA,7,3,7,1942,0,1,3,NA,2,095,SR-2 (GLENDALE FREEWAY),CASITAS AVENUE,500,E,N,A,-,Y,LA,NA,2,NA,NA,15.69,H,NA,R,Y,3,0,1,1,A,-,01,23152,A,N,E,I,A,A,H,-,D,D,0,NA,NA,NA,NA,Y,Y,A,01,0,1,0,0,0,0,0,0,0,-,-,34.11035919189453,-118.24862670898438,LOS ANGELES,LOS ANGELES,-118.24851989746094,34.11029052734375
94991575,2025,2025-12-30,9590,2025-12-05,410,024846,NA,5,3,7,1942,0,1,2,NA,2,073,US-101 S/B (HOLLYWOOD FREEWAY),GOWER STREET,100,N,N,A,-,Y,LA,NA,101,NA,NA,6.963,H,NA,L,Y,3,0,1,1,A,-,08,22107,NA,N,E,I,A,A,H,-,C,D,0,NA,NA,NA,NA,Y,NA,A,01,0,1,0,0,0,0,0,0,0,-,-,34.104278564453125,-118.32328033447266,LOS ANGELES,LOS ANGELES,-118.32328033447266,34.104270935058594