CASE_ID,ACCIDENT_YEAR,PROC_DATE,JURIS,COLLISION_DATE,COLLISION_TIME,OFFICER_ID,REPORTING_DISTRICT,DAY_OF_WEEK,CHP_SHIFT,POPULATION,CNTY_CITY_LOC,SPECIAL_COND,BEAT_TYPE,CHP_BEAT_TYPE,CITY_DIVISION_LAPD,CHP_BEAT_CLASS,BEAT_NUMBER,PRIMARY_RD,SECONDARY_RD,DISTANCE,DIRECTION,INTERSECTION,WEATHER_1,WEATHER_2,STATE_HWY_IND,CALTRANS_COUNTY,CALTRANS_DISTRICT,STATE_ROUTE,ROUTE_SUFFIX,POSTMILE_PREFIX,POSTMILE,LOCATION_TYPE,RAMP_INTERSECTION,SIDE_OF_HWY,TOW_AWAY,COLLISION_SEVERITY,NUMBER_KILLED,NUMBER_INJURED,PARTY_COUNT,PRIMARY_COLL_FACTOR,PCF_CODE_OF_VIOL,PCF_VIOL_CATEGORY,PCF_VIOLATION,PCF_VIOL_SUBSECTION,HIT_AND_RUN,TYPE_OF_COLLISION,MVIW,PED_ACTION,ROAD_SURFACE,ROAD_COND_1,ROAD_COND_2,LIGHTING,CONTROL_DEVICE,CHP_ROAD_TYPE,PEDESTRIAN_ACCIDENT,BICYCLE_ACCIDENT,MOTORCYCLE_ACCIDENT,TRUCK_ACCIDENT,NOT_PRIVATE_PROPERTY,ALCOHOL_INVOLVED,STWD_VEHTYPE_AT_FAULT,CHP_VEHTYPE_AT_FAULT,COUNT_SEVERE_INJ,COUNT_VISIBLE_INJ,COUNT_COMPLAINT_PAIN,COUNT_PED_KILLED,COUNT_PED_INJURED,COUNT_BICYCLIST_KILLED,COUNT_BICYCLIST_INJURED,COUNT_MC_KILLED,COUNT_MC_INJURED,PRIMARY_RAMP,SECONDARY_RAMP,LATITUDE,LONGITUDE,COUNTY,CITY,POINT_X,POINT_Y
94993461,2025,2025-12-31,9530,2025-12-12,1520,024609,NA,5,2,7,1941,0,1,1,NA,2,072,I-710 N/B (LONG BEACH FREEWAY),PACIFIC COAST HWY.,258.9,N,N,A,-,Y,LA,NA,710,NA,NA,6.935,H,NA,R,N,4,0,1,2,A,-,03,22350,NA,N,C,C,A,A,H,-,A,D,0,NA,NA,NA,Y,Y,NA,A,01,0,0,1,0,0,0,0,0,0,-,-,33.79071044921875,-118.2077178955078,LOS ANGELES,LONG BEACH,-118.20774841308594,33.79071044921875
94993472,2025,2025-12-31,9530,2025-12-14,240,023862,NA,7,3,6,1972,0,1,1,NA,2,400,I-405 N/B TO ARTESIA BLVD.,ARTESIA BLVD.,430,N,N,A,-,Y,NA,NA,NA,NA,NA,NA,NA,NA,NA,N,4,0,1,1,A,-,03,22350,NA,N,E,I,A,A,H,-,D,D,0,NA,NA,NA,NA,Y,NA,A,01,0,0,1,0,0,0,0,0,0,-,-,33.87416076660156,-118.34191131591795,LOS ANGELES,TORRANCE,-118.34236145019533,33.87321853637695
94993486,2025,2025-12-31,9550,2025-11-17,315,024129,NA,1,3,9,1900,0,2,4,NA,1,041,SOUTH STIMSON AVENUE,GALE AVENUE,16,S,N,B,-,N,NA,NA,NA,NA,NA,NA,NA,NA,NA,N,3,0,1,1,A,-,01,23152,A,N,E,I,A,B,H,-,C,A,0,NA,NA,NA,NA,Y,Y,A,01,0,1,0,0,0,0,0,0,0,-,-,34.008541107177734,-117.95609283447266,LOS ANGELES,UNINCORPORATED,-117.95608520507813,34.00865173339844
94993519,2025,2025-12-31,9550,2025-12-17,815,020014,NA,3,1,9,1900,0,1,1,NA,2,650,INTERSTATE 605 SB,SARAGOSA ST,10560,N,N,B,-,Y,LA,NA,605,NA,R,12.659,H,NA,L,Y,3,0,2,5,A,-,08,22107,NA,N,B,C,A,A,H,-,A,D,0,NA,NA,NA,NA,Y,NA,A,01,0,1,1,0,0,0,0,0,0,-,-,33.981441497802734,-118.07518768310548,LOS ANGELES,UNINCORPORATED,-118.07523345947266,33.98147201538086
94993522,2025,2025-12-31,9530,2025-12-03,1530,023673,NA,3,2,6,1972,0,1,1,NA,2,400,I-405 S/B (SAN DIEGO FREEWAY),MANHATTAN BEACH BLVD.,65,N,N,A,-,Y,LA,NA,405,NA,NA,17.938,H,NA,L,N,2,0,1,2,A,-,03,22350,NA,N,C,C,A,A,H,-,A,D,0,NA,NA,Y,NA,Y,NA,C,02,1,0,0,0,0,0,0,0,1,-,-,33.88795852661133,-118.35720825195313,LOS ANGELES,TORRANCE,-118.35728454589844,33.88788986206055
94993528,2025,2025-12-31,9580,2025-12-25,1204,020849,NA,4,1,9,1900,0,1,2,NA,2,106,US-101 N/B (VENTURA FREEWAY),LOST HILLS RD,190,N,N,B,-,Y,LA,NA,101,NA,NA,31.966,H,NA,R,N,3,0,3,3,A,-,01,23152,A,N,C,E,A,A,H,-,A,D,0,NA,NA,NA,NA,Y,Y,D,22,0,2,1,0,0,0,0,0,0,-,-,34.14067077636719,-118.71045684814452,LOS ANGELES,UNINCORPORATED,-118.7104721069336,34.140689849853516
94993533,2025,2025-12-31,9530,2025-12-09,1400,022585,NA,2,2,9,1900,0,3,5,NA,2,002,WILMINGTON AVE.,120TH ST.,0,NA,Y,A,-,N,NA,NA,NA,NA,NA,NA,NA,NA,NA,Y,2,0,5,3,A,-,09,21801,A,F,D,C,F,A,H,-,A,A,0,Y,NA,NA,NA,Y,NA,A,01,2,2,1,0,1,0,0,0,0,-,-,33.92333984375,-118.23902130126952,LOS ANGELES,UNINCORPORATED,-118.2391357421875,33.924617767333984
94993546,2025,2025-12-31,9575,2025-12-20,1650,022336,NA,6,2,6,1953,0,1,1,NA,2,065,I-210 E/B (FOOTHILL FREEWAY),SAN GABRIEL BLVD.,345,E,N,A,-,Y,LA,NA,210,NA,R,28.586,H,NA,R,N,3,0,1,2,A,-,03,22350,NA,N,C,C,A,A,H,-,A,D,0,NA,NA,NA,NA,Y,NA,A,08,0,1,0,0,0,0,0,0,0,-,-,34.1522216796875,-118.09298706054688,LOS ANGELES,PASADENA,-118.093017578125,34.15211868286133
94993551,2025,2025-12-31,9525,2025-12-21,1900,024509,NA,7,2,9,1900,0,3,5,NA,2,004,VALLEY BLVD,SEVENTH AVE,0,NA,Y,A,-,N,NA,NA,NA,NA,NA,NA,NA,NA,NA,Y,4,0,2,2,A,-,12,21453,A,N,D,C,A,A,H,-,C,A,0,NA,NA,NA,NA,Y,NA,A,01,0,0,2,0,0,0,0,0,0,-,-,34.0347900390625,-117.9747314453125,LOS ANGELES,UNINCORPORATED,-117.97457122802734,34.034759521484375
94993557,2025,2025-12-31,9575,2025-12-18,900,021795,NA,4,1,6,1953,0,1,1,NA,2,064,I-210 W/B (FOOTHILL FREEWAY),HILL AVE.,450,E,N,A,-,Y,LA,NA,210,NA,R,27.054,H,NA,L,N,4,0,3,3,A,-,03,22350,NA,N,C,2,A,A,H,-,A,D,0,NA,NA,NA,NA,Y,NA,A,01,0,0,3,0,0,0,0,0,0,-,-,34.15245056152344,-118.11971282958984,LOS ANGELES,PASADENA,-118.11971282958984,34.152503967285156
94993563,2025,2025-12-31,9580,2025-12-22,830,018431,NA,1,1,7,1942,0,1,3,NA,2,116,SR-118 E/B (RONALD REAGAN FWY),PORTER RANCH DR.,2000,E,N,A,-,Y,LA,NA,118,NA,R,4.229,H,NA,R,Y,4,0,1,1,C,-,18,NA,NA,N,E,I,A,A,H,-,A,D,0,NA,NA,NA,Y,Y,NA,-,-,0,0,1,0,0,0,0,0,0,-,-,34.27286911010742,-118.56333160400392,LOS ANGELES,LOS ANGELES,-118.56331634521484,34.272987365722656
9499358,2022,2023-01-03,1900,2022-09-16,1752,552720,0455,5,5,6,1949,0,0,0,NA,0,43T1,MAPLEDALE ST,GARO AV,0,NA,Y,A,-,N,NA,NA,NA,NA,NA,NA,NA,NA,NA,Y,4,0,1,2,A,-,09,21802,A,N,D,C,A,A,H,-,A,D,0,NA,NA,NA,NA,Y,NA,A,01,0,0,1,0,0,0,0,0,0,-,-,NA,NA,LOS ANGELES,NORWALK,NA,NA
94993582,2025,2026-01-19,9580,2025-12-22,1545,022717,NA,1,2,7,1942,0,1,2,NA,2,102,US-101 N/B (VENTURA FREEWAY),HASKELL AVE,600,N,N,A,-,Y,LA,NA,101,NA,NA,17.727,H,NA,R,N,3,0,2,3,A,-,03,22350,NA,N,B,C,A,A,H,-,A,D,0,NA,NA,Y,NA,Y,NA,C,02,0,2,0,0,0,0,0,0,2,-,-,34.16545104980469,-118.47691345214844,LOS ANGELES,LOS ANGELES,-118.47691345214844,34.16546630859375
94993584,2025,2025-12-31,9580,2025-12-22,1604,022800,NA,1,2,7,1942,0,1,2,NA,2,100,US-101 N/B (VENTURA FREEWAY),WOODMAN AVE,436,S,N,B,-,Y,LA,NA,101,NA,NA,14.808,H,NA,R,N,4,0,1,2,A,-,03,22350,NA,N,C,C,A,A,H,-,A,D,0,NA,NA,NA,NA,Y,NA,D,22,0,0,1,0,0,0,0,0,0,-,-,34.15578079223633,-118.42967987060548,LOS ANGELES,LOS ANGELES,-118.42967987060548,34.15571594238281
94993602,2025,2025-12-31,9580,2025-12-27,1710,023711,NA,6,2,7,1942,0,1,1,NA,2,407,I-405 S/B (SAN DIEGO FWY),SHERMAN WAY,2640,N,N,A,-,Y,LA,NA,405,NA,NA,42.893,H,NA,L,Y,4,0,1,2,C,-,18,NA,NA,N,B,C,A,A,H,-,D,D,0,NA,NA,NA,NA,Y,NA,-,-,0,0,1,0,0,0,0,0,0,-,-,34.2086181640625,-118.47348785400392,LOS ANGELES,LOS ANGELES,-118.47344207763672,34.2086181640625
94993606,2025,2025-12-31,9580,2025-12-29,1058,024942,NA,1,1,7,1942,0,1,2,NA,2,102,US-101 N/B (VENTURA FREEWAY),KESTER AVE,500,S,N,A,-,Y,LA,NA,101,NA,NA,16.444,H,NA,R,Y,4,0,1,3,A,-,03,22350,NA,N,C,C,A,A,H,-,A,D,0,NA,NA,NA,Y,Y,NA,A,01,0,0,1,0,0,0,0,0,0,-,-,34.15876007080078,-118.45745086669922,LOS ANGELES,LOS ANGELES,-118.45750427246094,34.158634185791016
94993608,2025,2025-12-31,9575,2025-12-18,1200,024642,NA,4,1,9,1900,0,1,1,NA,2,062,I-210 E/B (FOOTHILL FREEWAY),ROSEMONT AVE,370,E,N,A,-,Y,LA,NA,210,NA,R,17.8,H,NA,R,Y,4,0,2,3,A,-,07,21658,A,M,B,2,A,A,H,-,A,D,0,NA,NA,NA,NA,Y,NA,-,99,0,0,2,0,0,0,0,0,0,-,-,34.21498107910156,-118.23412322998048,LOS ANGELES,UNINCORPORATED,-118.23405456542967,34.215057373046875
94993609,2025,2025-12-31,9580,2025-12-29,845,021212,NA,1,1,7,1942,0,1,3,NA,2,171,SR-170 S/B (HOLLYWOOD FWY.),US-101,200,N,N,A,-,Y,LA,NA,170,NA,R,14.738,H,NA,L,N,4,0,1,2,A,-,03,22350,NA,N,C,C,A,A,H,-,A,D,0,NA,NA,NA,Y,Y,NA,G,25,0,0,1,0,0,0,0,0,0,-,-,34.156070709228516,-118.37882995605467,LOS ANGELES,LOS ANGELES,-118.37882232666016,34.156070709228516
94993615,2025,2025-12-31,9580,2025-12-23,743,024942,NA,2,1,7,1942,0,1,1,NA,2,404,I-405 N/B (SAN DIEGO FWY),US-101 S/B (VENTURA FREEWAY),1000,S,N,B,-,Y,LA,NA,405,NA,NA,38.713,H,NA,R,Y,3,0,2,3,A,-,03,22350,NA,N,C,C,A,A,H,-,A,D,0,NA,NA,NA,NA,Y,NA,D,22,0,1,1,0,0,0,0,0,0,-,-,34.14992141723633,-118.4686279296875,LOS ANGELES,LOS ANGELES,-118.468505859375,34.14988327026367
94993622,2025,2025-12-31,9580,2025-12-23,1725,024780,NA,2,2,7,1942,0,1,1,NA,2,404,I-405 N/B (SAN DIEGO FWY),BURBANK BLVD,1100,S,N,B,-,Y,LA,NA,405,NA,NA,40.065,H,NA,R,Y,4,0,3,2,A,-,07,21658,A,N,C,C,A,B,H,-,C,D,0,NA,NA,NA,NA,Y,NA,A,01,0,0,3,0,0,0,0,0,0,-,-,34.16896057128906,-118.46800994873048,LOS ANGELES,LOS ANGELES,-118.46805572509766,34.168975830078125
9499363,2022,2022-12-27,1905,2022-07-02,1838,1187,521,6,5,4,1905,0,0,0,NA,0,002,EAST 10TH ST,AZUSA AV,13,E,N,A,-,N,NA,NA,NA,NA,NA,NA,NA,NA,NA,Y,3,0,5,2,A,-,09,21801,A,N,D,C,A,A,H,-,A,A,0,NA,NA,NA,NA,Y,NA,I,09,0,5,0,0,0,0,0,0,0,-,-,NA,NA,LOS ANGELES,AZUSA,-117.90745544433594,34.13903045654297
94993634,2025,2025-12-31,9530,2025-12-17,1355,023235,NA,3,1,9,1900,0,3,5,NA,2,001,FLORENCE AVENUE W/B (1600 BLOCK),CONVERSE AVENUE,50,E,N,A,-,N,NA,NA,NA,NA,NA,NA,NA,NA,NA,N,4,0,1,2,A,-,03,22350,NA,N,C,C,A,A,H,-,A,D,0,NA,NA,NA,NA,Y,NA,A,07,0,0,1,0,0,0,0,0,0,-,-,33.97478103637695,-118.24388885498048,LOS ANGELES,UNINCORPORATED,-118.24392700195313,33.974693298339844
94993686,2025,2025-12-31,9580,2025-12-24,752,024942,NA,3,1,7,1942,0,1,2,NA,2,103,US-101 S/B (VENTURA FREEWAY),VAN NUYS BLVD,1000,N,N,C,-,Y,LA,NA,101,NA,NA,16.372,H,NA,L,Y,4,0,1,3,A,-,03,22350,NA,N,D,C,A,B,F,-,A,D,0,NA,NA,NA,NA,Y,NA,A,07,0,0,1,0,0,0,0,0,0,-,-,34.15803909301758,-118.4563217163086,LOS ANGELES,LOS ANGELES,-118.45631408691406,34.158058166503906
94993697,2025,2025-12-31,9535,2025-12-14,1115,024568,NA,7,1,9,1900,0,2,4,NA,2,022,OLYMPIC BLVD.,ARIZONA AVE.,0,NA,Y,A,-,N,NA,NA,NA,NA,NA,NA,NA,NA,NA,N,4,0,1,2,A,-,09,21801,A,N,A,C,A,A,H,-,A,A,0,NA,NA,NA,NA,Y,NA,A,07,0,0,1,0,0,0,0,0,0,-,-,34.018409729003906,-118.16818237304688,LOS ANGELES,UNINCORPORATED,-118.16831970214844,34.01836013793945
94993707,2025,2025-12-31,9535,2025-10-31,938,024446,NA,5,1,5,1943,0,1,1,NA,2,105,I-105 W/B (CENTURY FREEWAY),I-710 (LONG BEACH FREEWAY),900,W,N,A,-,Y,LA,NA,105,NA,R,13.275,H,NA,L,N,4,0,1,3,A,-,03,22350,NA,N,C,C,A,A,H,-,A,D,0,NA,NA,NA,NA,Y,NA,D,22,0,0,1,0,0,0,0,0,0,-,-,33.91399002075195,-118.18302154541016,LOS ANGELES,LYNWOOD,-118.18300628662108,33.91402816772461
9499371,2022,2022-12-13,1905,2022-06-20,1528,2019,434,1,5,4,1905,0,0,0,NA,0,001,S LARK ELLEN AV,WOODCROFT ST,90,N,N,A,-,N,NA,NA,NA,NA,NA,NA,NA,NA,NA,Y,3,0,2,2,A,-,09,21804,A,N,D,C,A,A,H,-,A,A,0,NA,NA,NA,NA,Y,NA,D,22,0,1,1,0,0,0,0,0,0,-,-,34.10913848876953,-117.91607666015624,LOS ANGELES,AZUSA,-117.9165496826172,34.10852813720703
94993712,2025,2025-12-31,9530,2025-12-15,1830,022531,NA,1,2,5,1977,0,1,1,NA,2,410,I-405 S/B (SAN DIEGO FREEWAY),DEL AMO BLVD.,275,N,N,A,-,Y,LA,NA,405,NA,NA,11.959,H,NA,L,Y,3,0,1,6,A,-,03,22350,NA,N,C,C,A,A,H,-,C,D,0,NA,NA,NA,NA,Y,NA,A,07,0,1,0,0,0,0,0,0,0,-,-,33.847110748291016,-118.2716827392578,LOS ANGELES,CARSON,-118.271728515625,33.84706497192383
94993721,2025,2025-12-31,9565,2025-12-22,1705,024304,NA,1,2,4,1918,0,1,1,NA,2,061,I-405 S/B,BRADDOCK DR,150,S,N,A,-,Y,LA,NA,405,NA,NA,26.935,H,NA,L,N,4,0,1,2,A,-,07,21658,A,N,B,C,A,A,H,-,C,D,0,NA,NA,NA,NA,Y,NA,A,01,0,0,1,0,0,0,0,0,0,-,-,33.99959182739258,-118.40876007080078,LOS ANGELES,CULVER CITY,-118.4086685180664,33.99964141845703
94993736,2025,2025-12-31,9565,2025-12-07,238,024615,NA,7,3,4,1918,0,1,1,NA,2,061,I-405 S/B,SR-90,2182,N,N,A,-,Y,LA,NA,405,NA,NA,26.416,H,NA,L,Y,4,0,1,2,A,-,01,23152,A,N,C,C,A,A,H,-,D,D,0,NA,NA,NA,NA,Y,NA,A,07,0,0,1,0,0,0,0,0,0,-,-,33.99332046508789,-118.40380096435548,LOS ANGELES,CULVER CITY,-118.40369415283205,33.99338150024414
9499375,2022,2022-12-13,1905,2022-06-14,2205,1176,226,2,5,4,1905,0,0,0,NA,0,003,E ALOSTA AV,BARRANCA AV,620,W,N,A,-,N,NA,NA,NA,NA,NA,NA,NA,NA,NA,N,2,0,1,2,A,-,11,21955,NA,N,G,B,D,A,H,-,C,A,0,Y,NA,NA,NA,Y,Y,N,60,1,0,0,0,1,0,0,0,0,-,-,34.12813949584961,-117.88292694091795,LOS ANGELES,AZUSA,-117.88339233398438,34.12879943847656
94993764,2025,2025-12-31,9565,2025-12-17,2115,024474,NA,3,2,9,1900,0,1,1,NA,2,012,I-105 E/B (CENTURY FREEWAY),BUDLONG AVENUE,112,W,N,A,-,Y,LA,NA,105,NA,R,6.489,H,NA,R,N,3,0,1,2,A,-,03,22350,NA,F,C,C,A,A,H,-,C,D,0,NA,NA,NA,NA,Y,NA,-,99,0,1,0,0,0,0,0,0,0,-,-,33.9281005859375,-118.29634857177734,LOS ANGELES,UNINCORPORATED,-118.29635620117188,33.92812728881836
94993768,2025,2025-12-31,9565,2025-06-30,130,024562,NA,1,3,9,1900,0,3,5,NA,2,003,STOCKER STREET W/B,PRECIDO DRIVE,250,W,N,A,-,N,NA,NA,NA,NA,NA,NA,NA,NA,NA,Y,3,0,1,1,A,-,01,23152,A,N,E,8,A,A,H,-,C,D,0,NA,NA,NA,NA,Y,Y,A,07,0,1,0,0,0,0,0,0,0,-,-,34.00457000732422,-118.34205627441406,LOS ANGELES,UNINCORPORATED,NA,NA
9499379,2022,2022-10-31,1905,2022-06-17,0846,1186,324,5,5,4,1905,0,0,0,NA,0,003,E ALOSTA AV,5TH ST,111,N,N,B,-,N,NA,NA,NA,NA,NA,NA,NA,NA,NA,N,3,0,1,2,A,-,01,23152,A,N,B,C,A,A,H,-,A,A,0,NA,NA,NA,NA,Y,Y,A,01,0,1,0,0,0,0,0,0,0,-,-,NA,NA,LOS ANGELES,AZUSA,-117.89370727539064,34.13001251220703
94993804,2025,2025-12-31,9525,2025-12-22,1305,023049,NA,1,1,6,1955,0,1,1,NA,2,118,I-10 E/B (SAN BERNARDINO FWY),FAIRPLEX DR.,135,W,N,A,-,Y,LA,NA,10,NA,NA,43.623,H,NA,R,N,4,0,1,3,A,-,07,21658,A,N,B,C,A,A,H,-,A,D,0,NA,NA,NA,NA,Y,NA,A,01,0,0,1,0,0,0,0,0,0,-,-,34.07268142700195,-117.78820037841795,LOS ANGELES,POMONA,-117.78819274902344,34.07264709472656
94993807,2025,2025-12-31,9540,2025-12-24,1542,023129,NA,3,2,7,1942,0,1,1,NA,1,503,I-5 S/B,ROXFORD ST,1461,N,N,C,-,Y,LA,NA,5,NA,NA,42.939,H,NA,L,N,4,0,1,2,A,-,03,22350,NA,N,C,C,A,B,H,-,A,D,0,NA,NA,NA,NA,Y,NA,A,01,0,0,1,0,0,0,0,0,0,-,-,34.306419372558594,-118.48290252685548,LOS ANGELES,LOS ANGELES,-118.48282623291016,34.30646896362305
9499383,2022,2022-12-13,1905,2022-06-26,1927,1154,336,7,5,4,1905,0,0,0,NA,0,001,W GLADSTONE ST,VINCENT,40,E,N,A,-,N,NA,NA,NA,NA,NA,NA,NA,NA,NA,Y,3,0,2,2,A,-,08,22107,NA,N,A,C,A,A,H,-,A,A,0,NA,NA,NA,NA,Y,NA,A,01,0,1,1,0,0,0,0,0,0,-,-,34.114288330078125,-117.9233169555664,LOS ANGELES,AZUSA,-117.9250946044922,34.11430740356445
94993845,2025,2025-12-31,9540,2025-12-24,650,023750,NA,3,1,9,1900,0,1,1,NA,1,503,I-5 SOUTHBOUND,WELDON CANYON RD,4118,S,N,C,-,Y,LA,NA,5,NA,R,45.788,H,NA,L,Y,4,0,1,1,A,-,03,22350,NA,N,E,I,A,B,F,-,A,D,0,NA,NA,NA,NA,Y,NA,A,01,0,0,1,0,0,0,0,0,0,-,-,34.33570098876953,-118.51091766357422,LOS ANGELES,UNINCORPORATED,-118.5109634399414,34.335655212402344
9499385,2022,2022-11-03,1905,2022-09-08,1249,1127,123,4,5,4,1905,0,0,0,NA,0,001,CERRITOS AV,1ST ST,0,NA,Y,A,-,N,NA,NA,NA,NA,NA,NA,NA,NA,NA,Y,4,0,1,2,A,-,09,21801,A,N,B,C,A,A,H,-,A,A,0,NA,NA,NA,NA,Y,NA,D,22,0,0,1,0,0,0,0,0,0,-,-,34.121578216552734,-117.8993911743164,LOS ANGELES,AZUSA,-117.8993911743164,34.12155532836914
94993874,2025,2025-12-31,9535,2025-08-07,1800,024356,NA,4,2,7,1942,0,1,1,NA,2,070,I-710 N/B FROM OLYMPIC BLVD.,OLYMPIC BLVD.,5,N,N,A,-,Y,LA,NA,710,NA,NA,23.456,H,NA,R,N,4,0,1,2,A,-,05,21650,NA,N,D,C,A,A,H,-,A,A,0,NA,NA,NA,NA,Y,NA,M,94,0,0,1,0,0,0,0,0,0,-,-,34.019039154052734,-118.17304229736328,LOS ANGELES,LOS ANGELES,-118.17326354980467,34.019039154052734
94993901,2025,2025-12-31,9530,2025-12-13,205,023824,NA,6,3,7,1941,0,1,1,NA,2,073,I-710 N/B (LONG BEACH FREEWAY),SHORELINE,5,N,N,B,-,Y,LA,NA,710,NA,NA,6.026,H,NA,R,Y,4,0,1,4,A,-,03,22350,NA,M,E,8,A,A,H,-,D,D,0,NA,NA,NA,Y,Y,NA,A,01,0,0,1,0,0,0,0,0,0,-,-,33.77751159667969,-118.2068099975586,LOS ANGELES,LONG BEACH,-118.20682525634766,33.77751159667969
94993937,2025,2025-12-31,9535,2025-12-13,500,024877,NA,6,3,9,1900,0,1,1,NA,2,420,I-10 EASTBOUND (SAN BERNARDINO FREEWAY),EASTERN AVENUE,1600,E,N,E,-,Y,LA,NA,10,NA,NA,21.194,H,NA,R,Y,3,0,1,1,A,-,08,22107,NA,N,E,I,A,A,H,-,E,D,0,NA,NA,NA,NA,Y,NA,A,01,0,1,0,0,0,0,0,0,0,-,-,34.061309814453125,-118.16808319091795,LOS ANGELES,UNINCORPORATED,-118.16806793212892,34.06138610839844
9499401,2022,2022-10-27,1976,2022-09-07,1123,210,NA,3,5,3,1964,0,0,0,NA,0,003,CARMENITA RD,RT 5,0,NA,Y,A,-,Y,LA,7,5,-,R,2.236,R,4,S,Y,3,0,1,2,A,-,17,21451,A,N,D,C,A,A,H,-,A,A,0,NA,NA,NA,Y,Y,NA,A,07,0,1,0,0,0,0,0,0,0,-,SO,NA,NA,LOS ANGELES,SANTA FE SPRINGS,-118.04407501220705,33.892215728759766
9499404,2022,2022-10-24,1961,2022-09-25,0835,10465,1961,7,5,3,1961,0,0,0,NA,0,002,GLENOAKS BL,ARROYO AV,0,NA,Y,A,-,N,NA,NA,NA,NA,NA,NA,NA,NA,NA,N,4,0,1,2,A,-,10,21950,NA,N,G,B,B,-,H,-,A,A,0,Y,NA,NA,NA,Y,NA,D,22,0,0,1,0,1,0,0,0,0,-,-,NA,NA,LOS ANGELES,SAN FERNANDO,-118.4242935180664,34.285579681396484
94994064,2025,2025-12-31,9540,2025-12-25,1515,022489,NA,4,2,6,1985,0,1,3,NA,1,145,SR-14 S/B,SAND CANYON RD.,6336,S,N,A,-,Y,LA,NA,14,NA,R,32.158,H,NA,L,Y,4,0,2,3,A,-,08,22107,NA,N,C,4,A,A,H,-,A,D,0,NA,NA,NA,NA,Y,NA,A,01,0,0,2,0,0,0,0,0,0,-,-,34.41654968261719,-118.44255828857422,LOS ANGELES,SANTA CLARITA,-118.44248962402344,34.416481018066406
9499409,2022,2022-10-20,1976,2022-09-11,0208,516,NA,7,5,3,1964,0,0,0,NA,0,002,FLORENCE AV,JERSEY AV,94,W,N,B,-,N,NA,NA,NA,NA,NA,NA,NA,NA,NA,Y,2,0,1,3,A,-,08,22107,NA,N,E,I,A,A,H,-,C,D,0,NA,NA,NA,NA,Y,Y,A,01,1,0,0,0,0,0,0,0,0,-,-,NA,NA,LOS ANGELES,SANTA FE SPRINGS,-118.08655548095705,33.93513488769531
94994094,2025,2025-12-31,9540,2025-12-25,1014,020918,NA,4,1,6,1985,0,1,1,NA,2,506,I-5 NORTHBOUND (N/B) (GOLDEN STATE FWY.),SOUTH OF MAGIC MOUNTAIN PKWY.,2376,S,N,B,C,Y,LA,NA,5,NA,R,53.098,H,NA,R,Y,3,0,2,2,A,-,03,22350,NA,N,B,2,A,B,D,-,A,D,0,NA,NA,NA,NA,Y,NA,A,01,0,1,1,0,0,0,0,0,0,-,-,34.41707992553711,-118.57984924316406,LOS ANGELES,SANTA CLARITA,-118.57994079589844,34.417049407958984
94994102,2025,2025-12-31,9540,2025-12-25,600,023260,NA,4,1,6,1985,0,1,1,NA,2,506,I-5 N/B,VALENCIA BLVD,2640,S,N,B,C,Y,LA,NA,5,NA,R,51.922,H,NA,R,Y,4,0,2,1,A,-,03,22350,NA,N,E,I,A,A,H,-,D,D,0,NA,NA,NA,NA,Y,NA,A,01,0,0,2,0,0,0,0,0,0,-,-,34.4010009765625,-118.57264709472656,LOS ANGELES,SANTA CLARITA,-118.57288360595705,34.40093231201172
94994104,2025,2025-12-31,9540,2025-12-24,1340,021729,NA,3,1,6,1985,0,1,1,NA,2,506,I-5 N/B,MAGIC MOUNTAIN PKY,700,S,N,B,C,Y,LA,NA,5,NA,R,53.24,H,NA,R,Y,3,0,2,2,D,-,00,NA,NA,N,B,2,A,B,F,-,A,D,0,NA,NA,NA,NA,Y,NA,-,-,0,2,0,0,0,0,0,0,0,-,-,34.418941497802734,-118.58097839355467,LOS ANGELES,SANTA CLARITA,-118.5809326171875,34.4189567565918
94994118,2025,2025-12-31,9550,2025-12-18,840,024565,NA,4,1,5,1908,0,1,3,NA,2,090,SR-91 EASTBOUND,BELLFLOWER BOULEVARD,200,W,N,A,-,Y,LA,NA,91,NA,R,15.499,H,NA,R,Y,4,0,1,3,A,-,03,22350,NA,N,C,C,A,A,H,-,A,D,0,NA,NA,NA,NA,Y,NA,A,07,0,0,1,0,0,0,0,0,0,-,-,33.876129150390625,-118.1274185180664,LOS ANGELES,BELLFLOWER,-118.1274185180664,33.87606430053711