CASE_ID,ACCIDENT_YEAR,PROC_DATE,JURIS,COLLISION_DATE,COLLISION_TIME,OFFICER_ID,REPORTING_DISTRICT,DAY_OF_WEEK,CHP_SHIFT,POPULATION,CNTY_CITY_LOC,SPECIAL_COND,BEAT_TYPE,CHP_BEAT_TYPE,CITY_DIVISION_LAPD,CHP_BEAT_CLASS,BEAT_NUMBER,PRIMARY_RD,SECONDARY_RD,DISTANCE,DIRECTION,INTERSECTION,WEATHER_1,WEATHER_2,STATE_HWY_IND,CALTRANS_COUNTY,CALTRANS_DISTRICT,STATE_ROUTE,ROUTE_SUFFIX,POSTMILE_PREFIX,POSTMILE,LOCATION_TYPE,RAMP_INTERSECTION,SIDE_OF_HWY,TOW_AWAY,COLLISION_SEVERITY,NUMBER_KILLED,NUMBER_INJURED,PARTY_COUNT,PRIMARY_COLL_FACTOR,PCF_CODE_OF_VIOL,PCF_VIOL_CATEGORY,PCF_VIOLATION,PCF_VIOL_SUBSECTION,HIT_AND_RUN,TYPE_OF_COLLISION,MVIW,PED_ACTION,ROAD_SURFACE,ROAD_COND_1,ROAD_COND_2,LIGHTING,CONTROL_DEVICE,CHP_ROAD_TYPE,PEDESTRIAN_ACCIDENT,BICYCLE_ACCIDENT,MOTORCYCLE_ACCIDENT,TRUCK_ACCIDENT,NOT_PRIVATE_PROPERTY,ALCOHOL_INVOLVED,STWD_VEHTYPE_AT_FAULT,CHP_VEHTYPE_AT_FAULT,COUNT_SEVERE_INJ,COUNT_VISIBLE_INJ,COUNT_COMPLAINT_PAIN,COUNT_PED_KILLED,COUNT_PED_INJURED,COUNT_BICYCLIST_KILLED,COUNT_BICYCLIST_INJURED,COUNT_MC_KILLED,COUNT_MC_INJURED,PRIMARY_RAMP,SECONDARY_RAMP,LATITUDE,LONGITUDE,COUNTY,CITY,POINT_X,POINT_Y
94996444,2025,2026-01-02,9535,2025-12-21,1850,023462,NA,7,2,9,1900,0,1,3,NA,2,620,SR-60 E/B (POMONA FREEWAY),ROSEMEAD BLVD,1600,W,N,A,-,Y,LA,NA,60,NA,NA,9.205,H,NA,R,N,4,0,1,2,A,-,07,21658,A,N,B,C,A,A,H,-,A,D,0,NA,NA,NA,Y,Y,NA,G,25,0,0,1,0,0,0,0,0,0,-,-,34.041160583496094,-118.06954956054688,LOS ANGELES,UNINCORPORATED,-118.06954956054688,34.041229248046875
94996454,2025,2026-01-02,9580,2025-12-30,1821,022799,NA,2,2,7,1942,0,1,3,NA,2,171,SR-170 S/B (HOLLYWOOD FWY.),SHERMAN WAY,400,S,N,A,-,Y,LA,NA,170,NA,R,18.115,H,NA,L,Y,4,0,1,2,A,-,03,22350,NA,N,B,C,A,A,H,-,D,D,0,NA,NA,NA,NA,Y,NA,A,07,0,0,1,0,0,0,0,0,0,-,-,34.198970794677734,-118.40316772460938,LOS ANGELES,LOS ANGELES,-118.40323638916016,34.1989631652832
94996456,2025,2026-01-02,9565,2025-12-02,134,023177,NA,2,3,7,1942,0,1,1,NA,2,064,I-405 N/B (SAN DEIGO FWY),CHURCH LN,15,N,N,A,-,Y,LA,NA,405,NA,NA,33.221,H,NA,R,Y,2,0,1,2,A,-,03,22350,NA,N,C,C,A,A,H,-,D,D,0,NA,NA,NA,Y,Y,NA,A,01,1,0,0,0,0,0,0,0,0,-,-,34.07564163208008,-118.46859741210938,LOS ANGELES,LOS ANGELES,-118.46865081787108,34.07561111450195
9499648,2022,2022-11-09,1900,2022-10-15,1758,550853,2917,6,5,4,1974,0,0,0,NA,0,291K2,BRAES RIVER DR,AMAR RD,46,S,N,C,-,N,NA,NA,NA,NA,NA,NA,NA,NA,NA,Y,4,0,1,1,A,-,03,22350,NA,N,E,I,A,B,H,-,C,A,0,NA,NA,NA,NA,Y,NA,D,22,0,0,1,0,0,0,0,0,0,-,-,34.034400939941406,-117.8794174194336,LOS ANGELES,WALNUT,-117.87937927246094,34.03456497192383
94996490,2025,2026-01-02,9565,2025-12-16,1350,024559,NA,2,1,7,1942,0,1,1,NA,2,063,I-405 N/B,MONTANA AVE,400,N,N,A,-,Y,LA,NA,405,NA,NA,32.589,H,NA,R,N,3,0,1,2,A,-,03,22350,NA,N,C,C,A,A,H,-,A,D,0,NA,NA,NA,NA,Y,NA,A,01,0,1,0,0,0,0,0,0,0,-,-,34.06806945800781,-118.46243286132813,LOS ANGELES,LOS ANGELES,-118.46240234375,34.06808853149414
94996504,2025,2026-01-02,9565,2025-12-24,1025,024534,NA,3,1,9,1900,0,2,4,NA,2,031,LA CIENEGA BOULEVARD,SLAUSON AVENUE,100,S,N,C,-,N,NA,NA,NA,NA,NA,NA,NA,NA,NA,N,3,0,1,1,A,-,08,22107,NA,N,E,I,A,B,H,-,A,D,0,NA,NA,NA,NA,Y,NA,A,01,0,1,0,0,0,0,0,0,0,-,-,33.98617935180664,-118.3707275390625,LOS ANGELES,UNINCORPORATED,-118.37120819091795,33.98802947998047
94996509,2025,2026-01-02,9540,2025-12-15,1121,019444,NA,1,1,9,1900,0,1,1,NA,2,507,I-5 S/B,RYE CANYON ROAD,3696,N,N,A,-,Y,LA,NA,5,NA,R,54.792,H,NA,L,Y,2,0,3,4,A,-,03,22350,NA,N,C,C,A,A,D,-,A,D,0,NA,NA,NA,Y,Y,NA,A,01,1,2,0,0,0,0,0,0,0,-,-,34.43854904174805,-118.59709930419922,LOS ANGELES,UNINCORPORATED,-118.5971221923828,34.43852996826172
9499653,2022,2022-11-10,1931,2022-09-22,1902,5141,1931,4,5,5,1931,0,0,0,NA,0,001,GAGE AV,ALBANY ST,52,E,N,A,-,N,NA,NA,NA,NA,NA,NA,NA,NA,NA,N,4,0,1,2,A,-,03,22350,NA,F,C,C,A,A,H,-,C,D,0,NA,NA,NA,NA,Y,NA,D,82,0,0,1,0,0,0,0,0,0,-,-,NA,NA,LOS ANGELES,HUNTINGTON PARK,-118.23240661621094,33.98163986206055
94996559,2025,2026-01-02,9550,2025-12-07,1600,023854,NA,7,2,3,1964,0,1,1,NA,2,650,I-605 S/B,TELEGRAPH ROAD,75,S,N,A,-,Y,LA,NA,605,NA,R,10.254,H,NA,L,N,4,0,1,2,A,-,08,22107,NA,N,B,C,A,A,H,-,A,D,0,NA,NA,NA,NA,Y,NA,A,07,0,0,1,0,0,0,0,0,0,-,-,33.94968032836914,-118.09214782714844,LOS ANGELES,SANTA FE SPRINGS,-118.09210205078124,33.94966125488281
94996571,2025,2026-01-02,9550,2025-12-09,1710,024754,NA,2,2,3,1964,0,1,1,NA,2,501,INTERSTATE 5 (SANTA ANA FREEWAY) N/B,SHOEMAKER AVE,792,S,N,A,-,Y,LA,NA,5,NA,NA,2.899,H,NA,R,N,4,0,1,2,A,-,08,22107,NA,N,C,C,A,A,H,-,C,D,0,NA,NA,Y,NA,Y,NA,A,07,0,0,1,0,0,0,0,0,1,-,-,33.89772033691406,-118.0535888671875,LOS ANGELES,SANTA FE SPRINGS,-118.05370330810548,33.8975715637207
94996593,2025,2026-01-02,9525,2025-12-14,108,024045,NA,7,3,5,1926,0,1,1,NA,2,205,I-210 W/B (FOOTHILL FWY),GLENDORA AVE,1360,E,N,E,-,Y,LA,NA,210,NA,R,42.381,H,NA,L,N,2,0,1,2,A,-,11,21954,A,F,G,B,E,A,H,-,D,D,0,Y,NA,NA,NA,Y,Y,N,60,1,0,0,0,1,0,0,0,0,-,-,34.117149353027344,-117.860107421875,LOS ANGELES,GLENDORA,-117.860107421875,34.117156982421875
94996594,2025,2026-01-02,9525,2025-12-14,224,024045,NA,7,3,5,1926,0,1,1,NA,2,206,I-210 E/B (FOOTHILL FWY),SUNFLOWER AVE.,1900,W,N,E,-,Y,LA,NA,210,NA,R,42.802,H,NA,R,Y,3,0,1,2,A,-,01,23152,A,M,C,E,A,A,H,-,C,D,0,NA,NA,NA,Y,Y,Y,A,01,0,1,0,0,0,0,0,0,0,-,-,34.117401123046875,-117.8528289794922,LOS ANGELES,GLENDORA,-117.8528289794922,34.11756896972656
94996597,2025,2026-01-02,9525,2025-12-20,1525,024164,NA,6,2,9,1900,0,2,4,NA,2,045,VALLEY BLVD,LA SEDA AVE,255,W,N,A,-,N,NA,NA,NA,NA,NA,NA,NA,NA,NA,N,4,0,3,4,A,-,03,22350,NA,N,C,C,A,A,H,-,A,A,0,NA,NA,NA,NA,Y,NA,A,07,0,0,3,0,0,0,0,0,0,-,-,34.004859924316406,-117.89933776855467,LOS ANGELES,UNINCORPORATED,-117.89918518066406,34.004798889160156
94996598,2025,2026-01-02,9535,2025-12-22,1400,024212,NA,1,2,6,1922,0,1,1,NA,2,400,I-10 E/B (SAN BERNARDINO FREEWAY),I-605 (SAN GABRIEL RIVER FREEWAY),500,W,N,A,-,Y,LA,NA,10,NA,NA,31.01,H,NA,R,N,4,0,1,2,A,-,03,22350,NA,N,C,C,A,A,H,-,A,D,0,NA,NA,NA,NA,Y,NA,A,01,0,0,1,0,0,0,0,0,0,-,-,34.06467819213867,-118.00260925292967,LOS ANGELES,EL MONTE,-118.00260925292967,34.06467056274414
94996613,2025,2026-01-02,9525,2025-12-27,1040,024164,NA,6,1,5,1990,0,1,3,NA,2,603,SR-60 W/B (POMONA FWY),GOLDEN SPRINGS DR.,1690,W,N,A,-,Y,LA,NA,60,NA,R,26.198,H,NA,L,Y,4,0,1,3,C,-,18,NA,NA,N,E,9,A,A,C,-,A,D,0,NA,NA,NA,NA,Y,NA,-,-,0,0,1,0,0,0,0,0,0,-,-,34.02695846557617,-117.80182647705078,LOS ANGELES,DIAMOND BAR,-117.80184173583984,34.02699279785156
94996619,2025,2026-01-02,9575,2025-12-22,1715,022959,NA,1,2,7,1942,0,1,1,NA,2,053,I-5 N/B (GOLDEN STATE FREEWAY),OSBORNE ST.,1584,S,N,A,-,Y,LA,NA,5,NA,NA,37.085,H,NA,R,N,4,0,1,2,A,-,07,21658,A,N,B,C,A,A,H,-,C,D,0,NA,NA,Y,NA,Y,NA,A,07,0,0,1,0,0,0,0,0,1,-,-,34.2410888671875,-118.41845703125,LOS ANGELES,LOS ANGELES,-118.41846466064452,34.2410888671875
94996705,2025,2026-01-02,9525,2025-12-26,1510,024147,NA,5,2,9,1900,0,2,4,NA,2,045,VALLEY BLVD,ORANGE AVE,50,E,N,C,-,N,NA,NA,NA,NA,NA,NA,NA,NA,NA,N,4,0,1,2,A,-,03,22350,NA,N,C,C,A,B,H,-,B,A,0,NA,NA,NA,NA,Y,NA,D,22,0,0,1,0,0,0,0,0,0,-,-,34.03794860839844,-117.97905731201172,LOS ANGELES,UNINCORPORATED,-117.9792022705078,34.037925720214844
9499673,2022,2022-11-08,1931,2022-10-15,0745,5346,1931,6,5,5,1931,0,0,0,NA,0,001,RANDOLPH ST,MALABAR ST,120,E,N,A,-,N,NA,NA,NA,NA,NA,NA,NA,NA,NA,Y,4,0,1,3,A,-,03,22350,NA,M,C,C,A,A,H,-,A,A,0,NA,NA,NA,NA,Y,NA,A,01,0,0,1,0,0,0,0,0,0,-,-,NA,NA,LOS ANGELES,HUNTINGTON PARK,-118.2274169921875,33.98558044433594
94996744,2025,2026-01-02,9545,2025-12-10,2355,024623,NA,3,3,6,1992,0,1,3,NA,2,011,SR-14 SB TO AVE L,AVENUE L,720,N,N,A,-,Y,LA,NA,14,NA,R,65.831,H,NA,L,Y,4,0,1,1,A,-,03,22350,NA,N,F,I,A,A,D,-,D,D,0,NA,NA,Y,NA,Y,NA,C,02,0,0,1,0,0,0,0,0,1,-,-,34.66249084472656,-118.15381622314452,LOS ANGELES,LANCASTER,-118.1535415649414,34.66249084472656
9499675,2022,2022-11-08,1900,2022-10-22,1215,640404,1323,6,5,5,1935,0,0,0,NA,0,132B,DEL AMO BL,DOWNEY AV,323,W,N,A,-,N,NA,NA,NA,NA,NA,NA,NA,NA,NA,Y,3,0,1,3,A,-,04,21703,NA,M,C,C,A,A,H,-,A,D,0,NA,NA,NA,NA,Y,NA,A,07,0,1,0,0,0,0,0,0,0,-,-,NA,NA,LOS ANGELES,LAKEWOOD,-118.15225982666016,33.846923828125
94996767,2025,2026-01-02,9545,2025-12-13,40,024584,NA,6,3,9,1900,0,3,5,NA,2,003,SOLEDAD CANYON RD,KASHMERE CANYON RD,1056,S,N,A,-,N,NA,NA,NA,NA,NA,NA,NA,NA,NA,N,3,0,1,1,A,-,08,22107,NA,N,E,I,A,A,H,-,D,D,0,NA,NA,NA,NA,Y,Y,A,01,0,1,0,0,0,0,0,0,0,-,-,34.47195053100586,-118.17519378662108,LOS ANGELES,UNINCORPORATED,-118.17521667480467,34.471954345703125
9499679,2022,2022-11-09,1900,2022-10-15,1015,455303,1517,6,5,5,1954,0,0,0,NA,0,151T1,SLAUSON AV,SERAPIS AV,132,E,N,B,-,N,NA,NA,NA,NA,NA,NA,NA,NA,NA,Y,3,0,1,2,A,-,09,21804,NA,N,D,C,A,A,H,-,A,A,0,NA,NA,NA,NA,Y,NA,A,01,0,1,0,0,0,0,0,0,0,-,-,33.969581604003906,-118.10051727294922,LOS ANGELES,PICO RIVERA,-118.10057067871094,33.96956253051758
94996797,2025,2026-02-09,9525,2025-12-23,1430,017046,NA,2,2,6,1975,0,1,1,NA,2,105,I-10 W/B (SAN BERNARDINO FWY),GRAND AVE,1056,W,N,B,-,Y,LA,NA,10,NA,NA,38.327,H,NA,L,N,4,0,1,2,A,-,07,21658,A,F,B,C,A,A,H,-,A,D,0,NA,NA,NA,NA,Y,NA,A,08,0,0,1,0,0,0,0,0,0,-,-,34.072021484375,-117.875732421875,LOS ANGELES,WEST COVINA,-117.875732421875,34.071937561035156
94996805,2025,2026-01-02,9525,2025-12-21,1205,023933,NA,7,1,9,1900,0,1,3,NA,1,024,SR-39 (SAN GABRIEL CANYON RD.),CRYSTAL LAKE ROAD MILE POST MARKER 38.17*,13570,S,N,A,-,Y,LA,NA,39,NA,NA,34.583,H,NA,R,N,2,0,1,1,A,-,08,22107,NA,N,F,0,A,A,H,-,A,D,0,NA,NA,Y,NA,Y,NA,C,02,1,0,0,0,0,0,0,0,1,-,-,34.29949951171875,-117.835693359375,LOS ANGELES,UNINCORPORATED,-117.8356704711914,34.299522399902344
94996806,2025,2026-01-02,9525,2025-12-26,1425,024349,NA,5,2,6,1955,0,1,1,NA,2,117,I-10 W/B,FAIRPLEX DR,1584,E,N,C,-,Y,LA,NA,10,NA,NA,43.937,H,NA,L,Y,4,0,1,1,A,-,03,22350,NA,N,E,I,A,B,H,-,A,D,0,NA,NA,NA,NA,Y,NA,A,07,0,0,1,0,0,0,0,0,0,-,-,34.07286071777344,-117.78266143798828,LOS ANGELES,POMONA,-117.78266143798828,34.07297134399414
94996812,2025,2026-01-02,9575,2025-12-20,1630,022629,NA,6,2,9,1900,0,1,3,NA,2,081,ROSEMEAD BOULEVARD,HUNTINGTON DRIVE,3,S,N,A,-,N,NA,NA,NA,NA,NA,NA,NA,NA,NA,N,4,0,1,2,A,-,10,21950,A,N,G,B,B,A,H,-,A,A,0,Y,NA,NA,NA,Y,NA,A,01,0,0,1,0,1,0,0,0,0,-,-,34.13016128540039,-118.07335662841795,LOS ANGELES,UNINCORPORATED,-118.0731201171875,34.13028335571289
94996814,2025,2026-01-02,9575,2025-12-22,1420,023029,NA,1,2,6,1953,0,1,1,NA,2,064,I-210 E/B (FOOTHILL FREEWAY),CRAIG AVENUE,112,E,N,A,-,Y,LA,NA,210,NA,R,27.854,H,NA,R,N,4,0,1,2,A,-,03,22350,NA,M,C,C,A,A,H,-,A,D,0,NA,NA,NA,NA,Y,NA,-,99,0,0,1,0,0,0,0,0,0,-,-,34.152400970458984,-118.10575103759766,LOS ANGELES,PASADENA,-118.10575103759766,34.15236282348633
94996864,2025,2026-01-02,9525,2025-12-20,1822,023899,NA,6,2,6,1955,0,1,3,NA,2,606,SR-60 E/B (POMONA FWY),TOWNE AVE,225,W,N,A,-,Y,LA,NA,60,NA,R,29.806,H,NA,R,Y,3,0,3,4,A,-,07,21658,A,N,B,2,A,A,H,-,C,D,0,NA,NA,NA,NA,Y,NA,A,01,0,1,2,0,0,0,0,0,0,-,-,34.02436828613281,-117.74072265625,LOS ANGELES,POMONA,-117.74070739746094,34.02430725097656
94996887,2025,2026-01-05,9525,2025-12-19,2044,024507,NA,5,2,4,1905,0,1,1,NA,2,204,I-210 E/B (FOOTHILL FWY),CITRUS AVE,1426,W,N,A,-,Y,LA,NA,210,NA,R,40.322,H,NA,R,Y,2,0,3,2,A,-,01,23152,A,N,C,C,A,A,H,-,D,D,0,NA,NA,NA,NA,Y,Y,A,07,1,0,2,0,0,0,0,0,0,-,-,34.120811462402344,-117.89508056640624,LOS ANGELES,AZUSA,-117.89507293701172,34.12092971801758
94996892,2025,2026-01-05,9525,2025-12-24,1355,024655,NA,3,1,6,1955,0,1,1,NA,2,107,I-10 W/B (SAN BERNARDINO FWY),SR-57,1056,E,N,B,C,Y,LA,NA,10,NA,NA,42.995,H,NA,L,Y,4,0,1,1,A,-,03,22350,NA,N,E,I,A,B,H,-,A,D,0,NA,NA,NA,NA,Y,NA,A,01,0,0,1,0,0,0,0,0,0,-,-,34.06932067871094,-117.79827117919922,LOS ANGELES,POMONA,-117.79814910888672,34.06913757324219
9499712,2022,2022-11-09,1976,2022-09-18,0514,556,NA,7,5,3,1964,0,0,0,NA,0,002,FLORENCE AV,SHOEMAKER AV,221,E,N,A,-,N,NA,NA,NA,NA,NA,NA,NA,NA,NA,Y,3,0,1,2,A,-,01,23152,A,N,E,I,A,A,H,-,B,A,0,NA,NA,NA,NA,Y,Y,A,01,0,1,0,0,0,0,0,0,0,-,-,NA,NA,LOS ANGELES,SANTA FE SPRINGS,-118.05451202392578,33.93534851074219
9499713,2022,2022-11-10,1976,2022-09-24,0659,549,NA,6,5,3,1964,0,0,0,NA,0,002,FLORENCE AV,PATTERSON PL,197,W,N,A,-,N,NA,NA,NA,NA,NA,NA,NA,NA,NA,Y,4,0,1,3,A,-,08,22107,NA,N,C,C,A,A,H,-,B,D,0,NA,NA,NA,NA,Y,NA,-,NA,0,0,1,0,0,0,0,0,0,-,-,NA,NA,LOS ANGELES,SANTA FE SPRINGS,-118.05918121337892,33.93523025512695
9499715,2022,2022-11-14,1976,2022-09-28,1528,566,CAD19,3,5,3,1964,0,0,0,NA,0,002,BLOOMFIELD AV,LAKELAND RD,94,S,N,A,-,N,NA,NA,NA,NA,NA,NA,NA,NA,NA,Y,4,0,1,3,A,-,03,22350,NA,N,C,C,A,A,H,-,A,A,0,NA,NA,NA,NA,Y,NA,-,NA,0,0,1,0,0,0,0,0,0,-,-,NA,NA,LOS ANGELES,SANTA FE SPRINGS,-118.06404876708984,33.93191909790039
9499728,2022,2022-11-14,1900,2022-09-26,1443,648315,1328,1,5,5,1935,0,0,0,NA,0,132K,207TH ST,NORWALK BL,0,NA,Y,A,-,N,NA,NA,NA,NA,NA,NA,NA,NA,NA,N,3,0,1,2,A,-,09,21802,A,N,D,G,A,A,H,-,A,A,0,NA,Y,NA,NA,Y,NA,D,22,0,1,0,0,0,0,1,0,0,-,-,NA,NA,LOS ANGELES,LAKEWOOD,-118.07211303710938,33.84233093261719
9499736,2022,2022-11-09,1900,2022-10-05,1016,403161,1419,3,5,1,1932,0,0,0,NA,0,141T2,GRAND AV,BAKER PKWY,0,NA,Y,A,-,N,NA,NA,NA,NA,NA,NA,NA,NA,NA,Y,4,0,2,2,A,-,09,21801,A,N,-,C,A,A,H,-,A,A,0,NA,NA,NA,NA,Y,NA,D,22,0,0,2,0,0,0,0,0,0,-,-,34.020748138427734,-117.82759857177734,LOS ANGELES,INDUSTRY,-117.8275909423828,34.020729064941406
94997361,2025,2026-01-05,9575,2025-12-21,2100,024136,NA,7,2,6,1953,0,1,1,NA,2,063,I-210 E/B (FOOTHILL FREEWAY),MOUNTAIN STREET,900,E,N,A,-,Y,LA,NA,210,NA,R,24.236,H,NA,R,Y,4,0,1,1,A,-,08,22107,NA,N,E,8,A,A,H,-,C,D,0,NA,NA,NA,NA,Y,NA,A,01,0,0,1,0,0,0,0,0,0,-,-,34.15991973876953,-118.1586685180664,LOS ANGELES,PASADENA,-118.15876770019533,34.15992736816406
94997362,2025,2026-01-05,9575,2025-10-05,1,024266,NA,7,3,7,1942,0,1,1,NA,2,050,INTERSTATE 5 SOUTHBOUND TO THE COLORADO STREET FRE,THE COLORADO STREET FREEWAY EXTENSION,785,N,N,A,-,Y,LA,NA,5,NA,NA,25.944,H,NA,L,Y,1,1,0,1,A,-,03,22350,NA,N,E,I,A,A,H,-,E,D,0,NA,NA,NA,NA,Y,NA,A,01,0,0,0,0,0,0,0,0,0,-,-,34.14324188232422,-118.27860260009766,LOS ANGELES,LOS ANGELES,-118.27835845947266,34.143272399902344
94997374,2025,2026-01-05,9575,2025-12-21,1620,021772,NA,7,2,5,1902,0,1,1,NA,2,065,I-210 W/B (FOOTHILL FREEWAY),SANTA ANITA AVE.,265,E,N,A,-,Y,LA,NA,210,NA,R,32.157,H,NA,L,N,4,0,1,2,A,-,03,22350,NA,N,C,C,A,A,H,-,A,D,0,NA,NA,NA,NA,Y,NA,A,01,0,0,1,0,0,0,0,0,0,-,-,34.146331787109375,-118.02761840820313,LOS ANGELES,ARCADIA,-118.02766418457033,34.14625930786133
94997379,2025,2026-01-05,9575,2025-12-24,1510,023029,NA,3,2,6,1953,0,1,1,NA,2,063,I-210 E/B (FOOTHILL FREEWAY),WASHINGTON BOULVEARD,505,E,N,B,C,Y,LA,NA,210,NA,R,23.658,H,NA,R,N,4,0,1,1,A,-,03,22350,NA,N,E,8,A,B,H,-,A,D,0,NA,NA,NA,NA,Y,NA,A,01,0,0,1,0,0,0,0,0,0,-,-,34.16815948486328,-118.15823364257813,LOS ANGELES,PASADENA,-118.15805053710938,34.168148040771484
9499740,2022,2022-11-10,1900,2022-09-13,1120,655591,1368,2,5,5,1952,0,0,0,NA,0,136B,CALIFORNIA AV,JEFFERSON ST,0,NA,Y,A,-,N,NA,NA,NA,NA,NA,NA,NA,NA,NA,N,3,0,1,2,A,-,10,21950,NA,N,A,B,B,A,H,-,A,A,0,Y,NA,NA,NA,Y,NA,D,22,0,1,0,0,1,0,0,0,0,-,-,NA,NA,LOS ANGELES,PARAMOUNT,-118.15875244140624,33.89293670654297
94997403,2025,2026-01-05,9550,2025-12-20,1035,023920,NA,6,1,6,1920,0,1,1,NA,2,500,I-5 S/B,PARAMOUNT BOULEVARD,1050,S,N,A,-,Y,LA,NA,5,NA,NA,8.756,H,NA,L,N,4,0,1,2,A,-,03,22350,NA,N,C,C,A,A,H,-,A,D,0,NA,NA,NA,NA,Y,NA,A,07,0,0,1,0,0,0,0,0,0,-,-,33.96215057373047,-118.11773681640624,LOS ANGELES,DOWNEY,-118.11776733398438,33.96212387084961
94997406,2025,2026-01-05,9550,2025-12-24,715,020014,NA,3,1,3,1964,0,1,1,NA,2,501,INTERSTATE 5 SB,ARTESIA BOULEVARD,1056,N,N,C,-,Y,LA,NA,5,NA,NA,0.066,H,NA,L,N,4,0,1,1,A,-,03,22350,NA,N,E,I,A,B,H,-,A,D,0,NA,NA,NA,NA,Y,NA,A,01,0,0,1,0,0,0,0,0,0,-,-,33.87533187866211,-118.01229858398438,LOS ANGELES,SANTA FE SPRINGS,-118.0124053955078,33.875186920166016
94997409,2025,2026-01-05,9550,2025-12-19,1755,024082,NA,5,2,6,1920,0,1,1,NA,2,150,I-105 E/B,BELLFLOWER BOULEVARD,500,E,N,A,-,Y,LA,NA,105,NA,R,16.755,H,NA,R,N,4,0,1,3,A,-,03,22350,NA,N,C,C,A,A,H,-,C,D,0,NA,NA,NA,NA,Y,NA,A,07,0,0,1,0,0,0,0,0,0,-,-,33.913108825683594,-118.12338256835938,LOS ANGELES,DOWNEY,-118.12338256835938,33.913150787353516
94997422,2025,2026-01-05,9580,2025-12-24,1725,023272,NA,3,2,7,1942,0,1,2,NA,2,100,US-101 N/B (VENTURA FREEWAY),WOODMAN AVE,2112,S,N,A,-,Y,LA,NA,101,NA,NA,14.234,H,NA,R,N,4,0,2,2,A,-,03,22350,NA,N,C,C,A,A,H,-,D,D,0,NA,NA,NA,NA,Y,NA,A,01,0,0,2,0,0,0,0,0,0,-,-,34.15692901611328,-118.41985321044922,LOS ANGELES,LOS ANGELES,-118.41985321044922,34.156856536865234
94997423,2025,2026-01-05,9580,2025-12-26,355,023758,NA,5,3,7,1942,0,1,2,NA,2,102,US-101 N/B (VENTURA FREEWAY),SEPULVEDA BLVD,300,S,N,C,-,Y,LA,NA,101,NA,NA,16.651,H,NA,R,Y,4,0,2,1,A,-,03,22350,NA,N,E,I,A,B,H,-,C,D,0,NA,NA,NA,NA,Y,NA,A,01,0,0,2,0,0,0,0,0,0,-,-,34.15943908691406,-118.4609832763672,LOS ANGELES,LOS ANGELES,-118.46097564697266,34.159461975097656
94997425,2025,2026-01-05,9525,2025-08-03,1255,023933,NA,7,1,9,1900,0,1,3,NA,1,024,SR-39 (SAN GABRIEL CANYON RD.),ROBB'S GULCH,2746,S,N,A,-,Y,LA,NA,39,NA,NA,23.547,H,NA,R,Y,1,1,1,2,A,-,03,22350,NA,N,A,C,A,A,H,-,A,D,0,NA,NA,Y,NA,Y,NA,C,02,0,1,0,0,0,0,0,1,0,-,-,34.21683883666992,-117.85899353027344,LOS ANGELES,UNINCORPORATED,-117.85898590087892,34.21683120727539
94997431,2025,2026-02-23,9550,2025-09-09,855,024640,NA,2,1,6,1949,0,1,1,NA,2,651,I-605 NORTHBOUND,ALONDRA BOULEVARD,800,N,N,A,-,Y,LA,NA,605,NA,R,5.987,H,NA,R,Y,4,0,1,5,A,-,03,22350,NA,N,C,C,A,A,H,-,A,D,0,NA,NA,NA,Y,Y,NA,A,07,0,0,1,0,0,0,0,0,0,-,-,33.8898811340332,-118.10447692871094,LOS ANGELES,NORWALK,-118.10439300537108,33.88988494873047
94997433,2025,2026-01-05,9525,2025-12-26,455,024439,NA,5,3,1,1934,0,1,1,NA,2,652,I-605 N/B (SAN GABRIEL RIVER FWY),RAMONA BLVD.,792,N,N,B,C,Y,LA,NA,605,NA,NA,21.255,H,NA,R,Y,4,0,1,1,A,-,03,22350,NA,N,E,I,A,B,H,-,C,D,0,NA,NA,NA,NA,Y,NA,A,07,0,0,1,0,0,0,0,0,0,-,-,34.08005142211914,-117.99793243408205,LOS ANGELES,IRWINDALE,-117.99773406982422,34.08003234863281
94997435,2025,2026-01-05,9525,2025-12-13,955,024439,NA,6,1,6,1955,0,1,3,NA,2,072,SR-71 N/B (CHINO VALLEY FWY),I-10 E/B (SAN BERNARDINO FWY),2112,S,N,A,-,Y,LA,NA,71,NA,R,1.068,H,NA,R,Y,2,0,2,3,A,-,03,22350,NA,N,C,C,A,A,H,-,A,D,0,NA,NA,NA,NA,Y,NA,A,07,1,1,0,0,0,0,0,0,0,-,-,34.064449310302734,-117.79588317871094,LOS ANGELES,POMONA,-117.79599761962892,34.064212799072266