CASE_ID,ACCIDENT_YEAR,PROC_DATE,JURIS,COLLISION_DATE,COLLISION_TIME,OFFICER_ID,REPORTING_DISTRICT,DAY_OF_WEEK,CHP_SHIFT,POPULATION,CNTY_CITY_LOC,SPECIAL_COND,BEAT_TYPE,CHP_BEAT_TYPE,CITY_DIVISION_LAPD,CHP_BEAT_CLASS,BEAT_NUMBER,PRIMARY_RD,SECONDARY_RD,DISTANCE,DIRECTION,INTERSECTION,WEATHER_1,WEATHER_2,STATE_HWY_IND,CALTRANS_COUNTY,CALTRANS_DISTRICT,STATE_ROUTE,ROUTE_SUFFIX,POSTMILE_PREFIX,POSTMILE,LOCATION_TYPE,RAMP_INTERSECTION,SIDE_OF_HWY,TOW_AWAY,COLLISION_SEVERITY,NUMBER_KILLED,NUMBER_INJURED,PARTY_COUNT,PRIMARY_COLL_FACTOR,PCF_CODE_OF_VIOL,PCF_VIOL_CATEGORY,PCF_VIOLATION,PCF_VIOL_SUBSECTION,HIT_AND_RUN,TYPE_OF_COLLISION,MVIW,PED_ACTION,ROAD_SURFACE,ROAD_COND_1,ROAD_COND_2,LIGHTING,CONTROL_DEVICE,CHP_ROAD_TYPE,PEDESTRIAN_ACCIDENT,BICYCLE_ACCIDENT,MOTORCYCLE_ACCIDENT,TRUCK_ACCIDENT,NOT_PRIVATE_PROPERTY,ALCOHOL_INVOLVED,STWD_VEHTYPE_AT_FAULT,CHP_VEHTYPE_AT_FAULT,COUNT_SEVERE_INJ,COUNT_VISIBLE_INJ,COUNT_COMPLAINT_PAIN,COUNT_PED_KILLED,COUNT_PED_INJURED,COUNT_BICYCLIST_KILLED,COUNT_BICYCLIST_INJURED,COUNT_MC_KILLED,COUNT_MC_INJURED,PRIMARY_RAMP,SECONDARY_RAMP,LATITUDE,LONGITUDE,COUNTY,CITY,POINT_X,POINT_Y
95002408,2025,2026-01-07,9530,2025-12-26,1015,024180,NA,5,1,4,1939,0,1,1,NA,2,400,I-405 N/B (SAN DIEGO FREEWAY),HAWTHORNE BOULEVARD,0,NA,Y,B,C,Y,LA,NA,405,NA,NA,17.574,H,NA,R,Y,3,0,1,3,A,-,08,22107,NA,N,A,C,A,B,H,-,A,D,0,NA,NA,NA,NA,Y,NA,A,07,0,1,0,0,0,0,0,0,0,-,-,33.884578704833984,-118.35238647460938,LOS ANGELES,LAWNDALE,-118.3523406982422,33.88462448120117
95002421,2025,2026-01-07,9575,2025-12-09,905,021795,NA,2,1,9,1900,0,1,1,NA,2,065,I-210 W/B (FOOTHILL FREEWAY),SIERRA MADRE VILLA AVE.,40,W,N,A,-,Y,LA,NA,210,NA,R,29.288,H,NA,L,N,4,0,1,2,A,-,07,21658,A,M,B,C,A,A,H,-,A,D,0,NA,NA,NA,NA,Y,NA,-,99,0,0,1,0,0,0,0,0,0,-,-,34.14799880981445,-118.08245086669922,LOS ANGELES,UNINCORPORATED,-118.08245086669922,34.14793014526367
95002431,2025,2026-01-07,9535,2025-12-25,935,024568,NA,4,1,3,1914,0,1,1,NA,2,500,I-5 (SANTA ANA FREEWAY) N/B,WASHINGTON BLVD,1100,N,N,B,-,Y,NA,NA,NA,NA,NA,NA,NA,NA,NA,N,4,0,1,3,A,-,03,22350,NA,N,C,C,A,A,H,-,A,A,0,NA,NA,NA,NA,Y,NA,A,01,0,0,1,0,0,0,0,0,0,-,-,33.997520446777344,-118.14620971679688,LOS ANGELES,COMMERCE,-118.14669799804688,33.997684478759766
95002467,2025,2026-01-07,9535,2025-10-05,1045,024446,NA,7,1,9,1900,0,3,5,NA,2,002,HERBERT AVE. (1100 BLOCK),OLYMPIC BOULEVARD,75,N,N,A,-,N,NA,NA,NA,NA,NA,NA,NA,NA,NA,N,4,0,1,2,A,-,11,21954,A,N,G,B,D,A,H,-,A,D,0,Y,NA,NA,NA,Y,NA,N,60,0,0,1,0,1,0,0,0,0,-,-,34.01919937133789,-118.18376159667967,LOS ANGELES,UNINCORPORATED,-118.18373870849608,34.01910400390625
95002477,2025,2026-01-07,9535,2025-12-25,1450,024519,NA,4,2,9,1900,0,2,4,NA,2,022,SIMMONS AVENUE,WHITTIER BOULEVARD,0,NA,Y,A,-,N,NA,NA,NA,NA,NA,NA,NA,NA,NA,N,3,0,2,2,A,-,09,21804,A,N,D,C,A,A,H,-,A,A,0,NA,NA,NA,NA,Y,NA,A,07,0,2,0,0,0,0,0,0,0,-,-,34.018028259277344,-118.14629364013672,LOS ANGELES,UNINCORPORATED,-118.14627075195313,34.01808166503906
95002505,2025,2026-01-07,9530,2025-12-26,745,024970,NA,5,1,9,1900,0,3,5,NA,2,001,ALAMEDA STREET (7500S BLOCK),FLORENCE AVE.,100,S,N,B,C,N,NA,NA,NA,NA,NA,NA,NA,NA,NA,N,4,0,3,3,A,-,03,22350,NA,F,C,C,A,B,H,-,A,A,0,NA,NA,NA,NA,Y,Y,-,99,0,0,3,0,0,0,0,0,0,-,-,33.974369049072266,-118.234619140625,LOS ANGELES,UNINCORPORATED,-118.23467254638672,33.974456787109375
95002516,2025,2026-01-07,9575,2025-12-29,1720,024893,NA,1,2,6,1912,0,1,1,NA,2,051,I-5 S/B (GOLDEN STATE FREEWAY),ALAMEDA AVE.,1125,S,N,A,-,Y,LA,NA,5,NA,NA,28.223,H,NA,L,Y,4,0,2,2,A,-,03,22350,NA,N,C,2,A,A,H,-,C,D,0,NA,NA,NA,NA,Y,NA,A,01,0,0,2,0,0,0,0,0,0,-,-,34.16804885864258,-118.30155181884766,LOS ANGELES,BURBANK,-118.30149841308594,34.16809844970703
95002529,2025,2026-01-07,9535,2025-12-25,1745,023448,NA,4,2,5,1901,0,1,1,NA,2,420,I-10 E/B (SAN BERNARDINO FREEWAY) FROM NEW AVE,NEW AVE,125,W,N,A,-,Y,NA,NA,NA,NA,NA,NA,NA,NA,NA,Y,4,0,2,2,A,-,03,22350,NA,N,A,C,A,A,H,-,A,D,0,NA,NA,NA,NA,Y,NA,A,07,0,0,2,0,0,0,0,0,0,-,-,34.071319580078125,-118.10870361328124,LOS ANGELES,ALHAMBRA,-118.10857391357422,34.0716552734375
95002530,2025,2026-01-07,9535,2025-07-05,1705,022812,NA,6,2,9,1900,0,3,5,NA,2,002,VIA CORONA ST (5500 BLOCK),SADLER AVE,200,W,N,A,-,N,NA,NA,NA,NA,NA,NA,NA,NA,NA,Y,4,0,2,3,A,-,08,22107,NA,N,A,C,A,A,H,-,A,D,0,NA,NA,NA,NA,Y,NA,A,07,0,0,2,0,0,0,0,0,0,-,-,34.02745056152344,-118.1475830078125,LOS ANGELES,UNINCORPORATED,-118.14767456054688,34.02748107910156
95002542,2025,2026-01-07,9525,2025-12-31,1229,020719,NA,3,1,4,1913,0,1,1,NA,2,210,SR-210 E/B (FOOTHILL FWY),TOWNE AVE.,2640,W,N,B,C,Y,LA,NA,210,NA,R,49.066,H,NA,R,Y,4,0,1,2,A,-,07,21658,A,N,B,C,A,B,H,-,A,D,0,NA,NA,NA,Y,Y,NA,G,25,0,0,1,0,0,0,0,0,0,-,-,34.12044906616211,-117.74472045898438,LOS ANGELES,CLAREMONT,-117.74472808837892,34.120521545410156
95002554,2025,2026-01-07,9530,2025-12-24,1140,017755,NA,3,1,5,1977,0,1,1,NA,2,410,I-405 N/B (SAN DIEGO FREEWAY),DEL AMO BLVD.,991,S,N,B,C,Y,LA,NA,405,NA,NA,11.69,H,NA,R,Y,2,0,1,3,A,-,08,22107,NA,N,G,1,E,B,H,-,A,D,0,Y,NA,NA,NA,Y,NA,A,01,1,0,0,0,1,0,0,0,0,-,-,33.844539642333984,-118.26817321777344,LOS ANGELES,CARSON,-118.26827239990234,33.84446334838867
9500258,2022,2022-10-07,1942,2022-09-17,2005,38314,1045,6,5,7,1942,0,0,0,J,0,26T57W,LINDLEY AV,OXNARD ST,0,NA,Y,A,-,N,NA,NA,NA,NA,NA,NA,NA,NA,NA,Y,3,0,1,2,A,-,01,23152,A,F,D,C,A,A,H,-,C,A,0,NA,NA,NA,NA,Y,Y,A,01,0,1,0,0,0,0,0,0,0,-,-,NA,NA,LOS ANGELES,LOS ANGELES,-118.52726745605467,34.18022537231445
95002601,2025,2026-01-07,9565,2025-12-20,1545,024867,NA,6,2,9,1900,0,3,5,NA,2,002,NORMANDIE AVE,W. 110TH ST.,0,NA,Y,A,-,N,NA,NA,NA,NA,NA,NA,NA,NA,NA,N,4,0,1,2,A,-,10,21950,A,N,G,B,B,A,H,-,A,A,0,Y,NA,NA,NA,Y,NA,A,01,0,0,1,0,1,0,0,0,0,-,-,33.93550109863281,-118.30046844482422,LOS ANGELES,UNINCORPORATED,-118.30030059814452,33.935508728027344
95002614,2025,2026-01-07,9530,2025-12-26,1425,024533,NA,5,2,5,1943,0,1,1,NA,2,210,I-105 W/B (GLENN ANDERSON FWY),LONG BEACH BLVD.,911,W,N,C,-,Y,LA,NA,105,NA,R,11.353,H,NA,L,Y,4,0,1,4,A,-,07,21658,A,M,B,C,A,B,H,-,A,D,0,NA,NA,NA,Y,Y,Y,-,99,0,0,1,0,0,0,0,0,0,-,-,33.92644119262695,-118.21289825439452,LOS ANGELES,LYNWOOD,-118.21292114257813,33.9264030456543
9500264,2022,2022-10-20,1900,2022-09-09,2020,602254,2603,5,5,6,1950,0,0,0,NA,0,261F,SIERRA HWY,EAST BARREL SPRINGS RD,36,S,-,C,-,N,NA,NA,NA,NA,NA,NA,NA,NA,NA,Y,3,0,1,2,A,-,02,22400,A,N,D,C,A,B,H,-,D,D,0,NA,NA,NA,Y,Y,NA,F,25,0,1,0,0,0,0,0,0,0,-,-,NA,NA,LOS ANGELES,PALMDALE,-118.10958862304688,34.54572677612305
9500267,2022,2022-10-07,1900,2022-09-12,0820,467578,2611,1,5,6,1950,0,0,0,NA,0,260T,RANCHO VISTA BL,10TH ST WEST,0,NA,Y,A,-,N,NA,NA,NA,NA,NA,NA,NA,NA,NA,Y,3,0,1,2,A,-,12,21453,A,N,D,C,A,A,H,-,A,A,0,NA,NA,NA,NA,Y,NA,D,22,0,1,0,0,0,0,0,0,0,-,-,34.60171127319336,-118.14759063720705,LOS ANGELES,PALMDALE,-118.14781188964844,34.601741790771484
9500268,2022,2022-10-07,1900,2022-09-13,0820,604215,2607,2,5,6,1950,0,0,0,NA,0,264T1,ESSEX DR,GOLDENVIEW WY,0,NA,Y,A,-,N,NA,NA,NA,NA,NA,NA,NA,NA,NA,N,3,0,1,2,A,-,09,21802,A,N,D,C,A,A,H,-,A,D,0,NA,NA,NA,NA,Y,NA,D,22,0,1,0,0,0,0,0,0,0,-,-,34.553279876708984,-118.03997039794922,LOS ANGELES,PALMDALE,-118.0399932861328,34.55323028564453
9500269,2022,2022-10-18,1900,2022-09-18,1625,629486,2607,7,5,6,1950,0,0,0,NA,0,263T1,PEARBLOSSOM HWY,FORT TEJON RD,0,NA,Y,A,-,Y,LA,7,138,-,-,51.41,I,6,E,N,4,0,2,3,A,-,03,22350,NA,N,C,C,A,A,H,-,A,A,0,NA,NA,NA,NA,Y,NA,D,22,0,0,2,0,0,0,0,0,0,-,-,34.54267883300781,-118.03076934814452,LOS ANGELES,PALMDALE,-118.030517578125,34.542747497558594
95002698,2025,2026-01-07,9590,2025-12-08,730,024663,NA,1,1,7,1942,0,1,1,NA,2,053,I-110 SOUTHBOUND (HARBOR FREEWAY),23RD STREET,120,N,N,A,-,Y,NA,NA,NA,NA,NA,NA,NA,NA,NA,N,4,0,1,2,A,-,07,21658,A,N,B,C,A,A,H,-,A,D,0,NA,NA,NA,NA,Y,NA,A,01,0,0,1,0,0,0,0,0,0,-,-,34.031551361083984,-118.27500152587892,LOS ANGELES,LOS ANGELES,-118.2746124267578,34.0312385559082
95002706,2025,2026-01-07,9590,2025-12-01,805,024663,NA,1,1,7,1942,0,1,1,NA,2,013,SR-110 SOUTHBOUND (ARROYO SECO PARKWAY),AVENUE 43,2300,S,N,A,-,Y,LA,NA,110,NA,NA,26.656,H,NA,L,N,4,0,2,4,A,-,08,22107,NA,N,C,C,A,A,H,-,A,D,0,NA,NA,NA,NA,Y,NA,A,01,0,0,2,0,0,0,0,0,0,-,-,34.08776092529297,-118.21015167236328,LOS ANGELES,LOS ANGELES,-118.21010589599608,34.08772277832031
9500271,2022,2022-10-07,1900,2022-09-22,1145,526298,2928,4,5,5,1990,0,0,0,NA,0,292K2,DIAMOND BAR BL,GOLD RUSH DR,15,N,N,A,-,N,NA,NA,NA,NA,NA,NA,NA,NA,NA,N,3,0,1,2,A,-,12,21453,A,M,D,C,A,A,H,-,A,A,0,NA,NA,NA,NA,Y,NA,D,22,0,1,0,0,0,0,0,0,0,-,-,34.014320373535156,-117.80658721923828,LOS ANGELES,DIAMOND BAR,-117.80728912353516,34.01420593261719
95002739,2025,2026-01-07,9575,2025-12-06,1259,024270,NA,6,1,7,1942,0,1,1,NA,2,053,I-5 N/B (GOLDEN STATE FREEWAY) TO SR-118,PAXTON ST.,1276,S,N,A,-,Y,LA,NA,5,NA,NA,38.811,H,NA,R,N,4,0,2,3,A,-,08,22107,NA,M,B,2,A,A,H,-,A,D,0,NA,NA,NA,NA,Y,NA,-,99,0,0,2,0,0,0,0,0,0,-,-,34.25999069213867,-118.43824768066406,LOS ANGELES,LOS ANGELES,-118.43834686279295,34.25992202758789
9500279,2022,2022-10-06,1910,2022-08-19,1656,03494,NA,5,5,4,1910,0,0,0,NA,0,NA,WILSHIRE BL,REXFORD DR,100,W,N,A,-,N,NA,NA,NA,NA,NA,NA,NA,NA,NA,Y,3,0,1,2,A,-,03,22350,NA,N,B,C,A,A,H,-,A,D,0,NA,Y,NA,NA,Y,NA,L,04,0,1,0,0,0,0,1,0,0,-,-,NA,NA,LOS ANGELES,BEVERLY HILLS,-118.39434051513672,34.067054748535156
95002845,2025,2026-01-07,9575,2025-12-28,1605,023072,NA,7,2,9,1900,0,1,3,NA,2,301,SR-2 (ANGELES CREST HIGHWAY),MPM 34.19,122,W,N,A,-,Y,LA,NA,2,NA,NA,34.187,H,NA,R,N,4,0,3,2,A,-,21,22106,NA,N,B,4,A,A,H,-,A,D,0,NA,NA,NA,NA,Y,NA,A,07,0,0,3,0,0,0,0,0,0,-,-,34.26918029785156,-118.1463623046875,LOS ANGELES,UNINCORPORATED,-118.14640808105467,34.269100189208984
95002848,2025,2026-01-07,9575,2025-12-09,200,022651,NA,2,3,6,1953,0,1,1,NA,2,065,I-210 W/B (FOOTHILL FREEWAY),SIERRA MADRE VILLA AVE.,0.17,E,N,A,-,Y,LA,NA,210,NA,L,29.492,H,NA,L,Y,2,0,2,2,A,-,01,23152,F,N,C,C,A,A,H,-,C,D,0,NA,NA,NA,Y,Y,NA,A,07,1,0,1,0,0,0,0,0,0,-,-,34.148101806640625,-118.07891082763672,LOS ANGELES,PASADENA,-118.07891082763672,34.14799499511719
9500286,2022,2022-11-01,1972,2022-08-08,2037,21239,NA,1,5,6,1972,0,0,0,NA,0,NA,SPENCER ST,ANZA AV,100,E,N,A,-,N,NA,NA,NA,NA,NA,NA,NA,NA,NA,N,3,0,1,2,A,-,09,21804,A,N,D,-,A,A,H,-,C,D,0,NA,Y,NA,NA,Y,NA,E,NA,0,1,0,0,0,0,1,0,0,-,-,NA,NA,LOS ANGELES,TORRANCE,-118.3620376586914,33.84497833251953
95002877,2025,2026-01-07,9590,2025-12-24,2133,023892,NA,3,2,7,1942,0,1,1,NA,2,012,SR-110 N/B (ARROYO SECO PARKWAY),AVENUE 43,182,S,N,B,-,Y,LA,NA,110,NA,NA,27.075,H,NA,R,N,4,0,1,1,A,-,08,22107,NA,N,E,I,A,B,H,-,C,D,0,NA,NA,NA,NA,Y,NA,A,01,0,0,1,0,0,0,0,0,0,-,-,34.09260940551758,-118.20609283447266,LOS ANGELES,LOS ANGELES,-118.20623779296876,34.09261703491211
95002938,2025,2026-01-07,9530,2025-12-26,650,024970,NA,5,1,9,1900,0,3,5,NA,2,001,COMPTON AVE.,NADEAU STREET,0,NA,Y,B,C,N,NA,NA,NA,NA,NA,NA,NA,NA,NA,N,4,0,1,2,A,-,10,21950,A,N,G,B,B,B,H,-,C,A,0,Y,NA,NA,NA,Y,NA,A,01,0,0,1,0,1,0,0,0,0,-,-,33.967411041259766,-118.24755096435548,LOS ANGELES,UNINCORPORATED,-118.24768829345705,33.96744918823242
95002942,2025,2026-01-07,9530,2025-12-28,1910,022995,NA,7,2,7,1942,0,1,1,NA,2,400,I-405 N/B (SAN DIEGO FREEWAY),VERMONT AVE.,1000,N,N,A,-,Y,LA,NA,405,NA,NA,13.6,H,NA,R,N,3,0,1,2,A,-,03,22350,NA,N,C,C,A,A,H,-,C,D,0,NA,NA,NA,NA,Y,NA,A,08,0,1,0,0,0,0,0,0,0,-,-,33.8597297668457,-118.29489135742188,LOS ANGELES,LOS ANGELES,-118.29489135742188,33.859920501708984
95002947,2025,2026-01-07,9575,2025-12-02,640,020251,NA,2,1,6,1925,0,1,1,NA,2,050,I-5 N/B (GOLDEN STATE FREEWAY),ALAMEDA AVE.,200,S,N,A,-,Y,LA,NA,5,NA,NA,28.403,H,NA,R,Y,4,0,1,2,A,-,07,21658,A,M,B,C,A,A,H,-,A,D,0,NA,NA,NA,NA,Y,NA,-,99,0,0,1,0,0,0,0,0,0,-,-,34.170040130615234,-118.30374145507813,LOS ANGELES,GLENDALE,-118.30377197265624,34.17000961303711
9500296,2022,2022-10-10,1956,2022-07-25,1117,1183,51,1,5,5,1956,0,0,0,NA,0,003,ARTESIA BL,FELTON LN,0,NA,Y,A,-,N,NA,NA,NA,NA,NA,NA,NA,NA,NA,Y,3,0,2,2,A,-,01,23152,A,N,D,C,A,A,H,-,A,A,0,NA,NA,NA,Y,Y,Y,D,22,0,1,1,0,0,0,0,0,0,-,-,33.87284851074219,-118.36431884765624,LOS ANGELES,REDONDO BEACH,-118.36432647705078,33.87278747558594
9500298,2022,2022-10-07,1942,2022-09-18,0015,39260,1512,7,5,7,1942,0,0,0,O,0,15A21,VANOWEN ST,COLDWATER CANYON,0,NA,Y,A,-,N,NA,NA,NA,NA,NA,NA,NA,NA,NA,Y,3,0,1,2,A,-,12,21453,NA,F,D,C,A,A,H,-,C,A,0,NA,NA,NA,NA,Y,NA,D,22,0,1,0,0,0,0,0,0,0,-,-,NA,NA,LOS ANGELES,LOS ANGELES,-118.41380310058594,34.19394302368164
95002989,2025,2026-01-07,9530,2025-12-27,2115,022978,NA,6,2,7,1942,0,1,1,NA,2,110,I-110 S/B (HARBOR FREEWAY),SR-91,2640,N,N,A,-,Y,LA,NA,110,NA,NA,10.403,H,NA,L,Y,4,0,1,1,A,-,08,22107,NA,N,E,I,A,A,H,-,C,D,0,NA,NA,NA,NA,Y,NA,A,01,0,0,1,0,0,0,0,0,0,-,-,33.88039016723633,-118.28511810302734,LOS ANGELES,LOS ANGELES,-118.2851333618164,33.88039016723633
95003002,2025,2026-01-07,9530,2025-12-27,1040,025005,NA,6,1,9,1900,0,3,5,NA,2,006,223RD ST. (800 BLOCK),VERMONT ST,460,E,N,A,-,N,NA,NA,NA,NA,NA,NA,NA,NA,NA,Y,4,0,1,2,A,-,03,22350,NA,N,C,C,A,A,H,-,A,A,0,NA,NA,NA,NA,Y,NA,A,01,0,0,1,0,0,0,0,0,0,-,-,33.82453918457031,-118.28865814208984,LOS ANGELES,UNINCORPORATED,-118.2888641357422,33.82439041137695
95003009,2025,2026-01-07,9550,2025-12-24,1705,024700,NA,3,2,7,1941,0,1,3,NA,2,090,SR-91 W/B TO ATLANTIC AVENUE,STATE ROUTE 91 (ARTESIA FREEWAY),50,S,N,B,-,Y,NA,NA,NA,NA,NA,NA,NA,NA,NA,N,4,0,3,2,A,-,08,22107,NA,N,D,C,A,B,H,-,C,A,0,NA,NA,NA,NA,Y,NA,A,01,0,0,3,0,0,0,0,0,0,-,-,33.87730026245117,-118.18585968017578,LOS ANGELES,LONG BEACH,NA,NA
95003017,2025,2026-01-07,9535,2025-12-25,1519,024484,NA,4,2,9,1900,0,3,5,NA,2,002,VERONA ST.,HILLVIEW AVE.,0,NA,Y,A,-,N,NA,NA,NA,NA,NA,NA,NA,NA,NA,N,4,0,1,2,A,-,09,21802,A,N,D,G,A,A,H,-,A,A,0,NA,Y,NA,NA,Y,NA,L,04,0,0,1,0,0,0,1,0,0,-,-,34.01787185668945,-118.15621185302734,LOS ANGELES,UNINCORPORATED,-118.15618133544922,34.01785659790039
9500304,2022,2022-10-14,1942,2022-09-12,1630,33397,0567,1,5,7,1942,0,0,0,E,0,25MQ52,HARBOR BL,GULCH RD,0,NA,Y,A,-,N,NA,NA,NA,NA,NA,NA,NA,NA,NA,Y,3,0,1,2,A,-,09,21802,A,N,D,C,A,A,H,-,A,A,0,NA,NA,NA,NA,Y,NA,I,20,0,1,0,0,0,0,0,0,0,-,-,NA,NA,LOS ANGELES,LOS ANGELES,-118.27999114990234,33.730045318603516
9500307,2022,2022-10-10,1942,2022-09-25,2140,43432,1203,7,5,7,1942,0,0,0,L,0,25T31-,WESTERN AV,VERNON AV,0,NA,Y,A,-,N,NA,NA,NA,NA,NA,NA,NA,NA,NA,N,2,0,1,2,A,-,11,21453,D,N,G,B,D,A,H,-,C,A,0,Y,NA,NA,NA,Y,NA,N,60,1,0,0,0,1,0,0,0,0,-,-,NA,NA,LOS ANGELES,LOS ANGELES,-118.30892944335938,34.003719329833984
9500309,2022,2022-10-06,1942,2022-08-01,1240,39397,0563,1,5,7,1942,0,0,0,E,0,25T21,14TH ST,GAFFEY ST,108,E,N,A,-,N,NA,NA,NA,NA,NA,NA,NA,NA,NA,N,3,0,1,4,A,-,03,22350,NA,F,B,C,A,A,H,-,A,A,0,NA,NA,NA,NA,Y,NA,A,01,0,1,0,0,0,0,0,0,0,-,-,NA,NA,LOS ANGELES,LOS ANGELES,-118.2920150756836,33.731536865234375
9500311,2022,2022-10-06,1942,2022-08-04,0930,38503,0529,4,5,7,1942,0,0,0,E,0,25T23,HARRY BRIDGES BL,QUAY AV,536,E,N,A,-,N,NA,NA,NA,NA,NA,NA,NA,NA,NA,N,4,0,1,2,A,-,03,22350,NA,N,C,C,A,A,H,-,A,A,0,NA,NA,NA,NA,Y,NA,D,22,0,0,1,0,0,0,0,0,0,-,-,NA,NA,LOS ANGELES,LOS ANGELES,-118.25615692138672,33.77157974243164
95003117,2025,2026-01-07,9525,2025-12-16,1445,024655,NA,2,2,6,1955,1,4,S,NA,2,901,INDIAN HILL BLVD,LINCOLN AVE,10,S,N,A,-,N,NA,NA,NA,NA,NA,NA,NA,NA,NA,N,4,0,1,2,A,-,09,21801,A,N,G,B,A,A,H,-,A,A,0,NA,NA,NA,NA,Y,NA,H,18,0,0,1,0,0,0,0,0,0,-,-,34.070838928222656,-117.71932983398438,LOS ANGELES,POMONA,-117.71923828125,34.07088088989258
95003129,2025,2026-01-07,9525,2025-12-26,920,024099,NA,5,1,5,1990,0,1,3,NA,2,604,SR-60 E/B (POMONA FWY),PHILLIPS RANCH RD,2640,W,N,B,C,Y,LA,NA,60,NA,R,27.484,H,NA,R,Y,4,0,2,3,A,-,03,22350,NA,N,B,2,A,B,H,-,A,D,0,NA,NA,NA,NA,Y,NA,A,07,0,0,2,0,0,0,0,0,0,-,-,34.025901794433594,-117.78019714355467,LOS ANGELES,DIAMOND BAR,-117.78020477294922,34.025917053222656
9500313,2022,2022-10-14,1942,2022-08-29,1950,41167,0505,1,5,7,1942,0,0,0,E,0,5A1,190TH ST,VERMONT AV,0,NA,Y,A,-,N,NA,NA,NA,NA,NA,NA,NA,NA,NA,Y,4,0,1,2,A,-,09,21801,NA,N,D,C,A,A,H,-,C,A,0,NA,NA,Y,NA,Y,NA,-,NA,0,0,1,0,0,0,0,0,1,-,-,NA,NA,LOS ANGELES,LOS ANGELES,-118.29054260253906,33.858829498291016
95003131,2025,2026-01-07,9530,2025-12-28,2200,024272,NA,7,3,9,1900,0,3,5,NA,2,001,COMPTON AVE.,76TH PLACE,5,S,N,A,-,N,NA,NA,NA,NA,NA,NA,NA,NA,NA,N,4,0,1,1,A,-,03,22350,NA,N,F,A,A,A,A,-,C,A,0,NA,Y,NA,NA,Y,NA,M,91,0,0,1,0,0,0,1,0,0,-,-,33.97071838378906,-118.24762725830078,LOS ANGELES,UNINCORPORATED,-118.24769592285156,33.97075653076172
95003134,2025,2026-01-16,9525,2025-12-26,1530,024349,NA,5,2,6,1955,0,1,1,NA,2,107,I-10 W/B (SAN BERNARDINO FWY),FAIRPLEX DR,3696,W,N,C,-,Y,LA,NA,10,NA,NA,42.982,H,NA,L,Y,4,0,1,2,A,-,03,22350,NA,N,C,C,A,B,H,-,A,D,0,NA,NA,NA,Y,Y,NA,F,55,0,0,1,0,0,0,0,0,0,-,-,34.06917953491211,-117.79843902587892,LOS ANGELES,POMONA,-117.79835510253906,34.06904602050781
9500314,2022,2022-11-01,1942,2022-08-19,2050,39360,0363,5,5,7,1942,0,0,0,C,0,25T31W,SOMERSET DR,SANTO TOMAS DR,233,E,N,A,-,N,NA,NA,NA,NA,NA,NA,NA,NA,NA,Y,3,0,1,3,C,-,18,NA,NA,N,A,E,A,A,H,-,C,D,0,NA,NA,NA,NA,Y,NA,-,-,0,1,0,0,0,0,0,0,0,-,-,NA,NA,LOS ANGELES,LOS ANGELES,-118.34324645996094,34.009769439697266
95003147,2025,2026-01-07,9525,2025-12-29,450,023049,NA,1,3,5,1990,0,1,3,NA,2,604,SR-60 E/B (POMONA FWY),PHILLIPS RANCH RD.,1584,W,N,A,-,Y,LA,NA,60,NA,R,27.868,H,NA,R,Y,3,0,1,1,A,-,08,22107,NA,N,F,A,A,A,H,-,A,D,0,NA,NA,NA,NA,Y,NA,D,22,0,1,0,0,0,0,0,0,0,-,-,34.02457809448242,-117.77381896972656,LOS ANGELES,DIAMOND BAR,-117.77378845214844,34.024635314941406
95003172,2025,2026-01-07,9525,2025-12-19,915,023782,NA,5,1,6,1975,0,1,1,NA,2,105,I10 W/B FROM BARRANCA ST ONR,GARVEY AVE,40,S,N,A,-,Y,NA,NA,NA,NA,NA,NA,NA,NA,NA,Y,2,0,1,1,A,-,03,22350,NA,N,E,I,A,A,H,-,A,D,0,NA,NA,NA,NA,Y,NA,A,08,1,0,0,0,0,0,0,0,0,-,-,34.07242965698242,-117.87999725341795,LOS ANGELES,WEST COVINA,-117.93195343017578,34.072288513183594
95003173,2025,2026-01-07,9580,2025-12-28,1035,022753,NA,7,1,7,1942,0,1,3,NA,2,116,SR-118 W/B (RONALD REAGAN FWY.),CHATSWORTH DR,336,W,N,A,-,Y,LA,NA,118,NA,R,10.468,H,NA,L,Y,4,0,1,2,A,-,03,22350,NA,N,C,C,A,A,H,-,A,D,0,NA,NA,NA,NA,Y,NA,A,01,0,0,1,0,0,0,0,0,0,-,-,34.26612091064453,-118.46044921875,LOS ANGELES,LOS ANGELES,-118.46044921875,34.26601791381836
95003201,2025,2026-01-07,9530,2025-12-29,815,025005,NA,1,1,9,1900,0,1,1,NA,2,210,I-105 W/B (GLENN ANDERSON FWY) TO WILMINGTON AVENU,WILMINGTON AVENUE,15,W,N,A,-,Y,NA,NA,NA,NA,NA,NA,NA,NA,NA,N,3,0,1,2,A,-,03,22350,NA,N,C,C,A,A,H,-,A,A,0,NA,NA,NA,NA,Y,NA,A,01,0,1,0,0,0,0,0,0,0,-,-,33.926998138427734,-118.23940277099608,LOS ANGELES,UNINCORPORATED,-118.23863220214844,33.928489685058594