CASE_ID,ACCIDENT_YEAR,PROC_DATE,JURIS,COLLISION_DATE,COLLISION_TIME,OFFICER_ID,REPORTING_DISTRICT,DAY_OF_WEEK,CHP_SHIFT,POPULATION,CNTY_CITY_LOC,SPECIAL_COND,BEAT_TYPE,CHP_BEAT_TYPE,CITY_DIVISION_LAPD,CHP_BEAT_CLASS,BEAT_NUMBER,PRIMARY_RD,SECONDARY_RD,DISTANCE,DIRECTION,INTERSECTION,WEATHER_1,WEATHER_2,STATE_HWY_IND,CALTRANS_COUNTY,CALTRANS_DISTRICT,STATE_ROUTE,ROUTE_SUFFIX,POSTMILE_PREFIX,POSTMILE,LOCATION_TYPE,RAMP_INTERSECTION,SIDE_OF_HWY,TOW_AWAY,COLLISION_SEVERITY,NUMBER_KILLED,NUMBER_INJURED,PARTY_COUNT,PRIMARY_COLL_FACTOR,PCF_CODE_OF_VIOL,PCF_VIOL_CATEGORY,PCF_VIOLATION,PCF_VIOL_SUBSECTION,HIT_AND_RUN,TYPE_OF_COLLISION,MVIW,PED_ACTION,ROAD_SURFACE,ROAD_COND_1,ROAD_COND_2,LIGHTING,CONTROL_DEVICE,CHP_ROAD_TYPE,PEDESTRIAN_ACCIDENT,BICYCLE_ACCIDENT,MOTORCYCLE_ACCIDENT,TRUCK_ACCIDENT,NOT_PRIVATE_PROPERTY,ALCOHOL_INVOLVED,STWD_VEHTYPE_AT_FAULT,CHP_VEHTYPE_AT_FAULT,COUNT_SEVERE_INJ,COUNT_VISIBLE_INJ,COUNT_COMPLAINT_PAIN,COUNT_PED_KILLED,COUNT_PED_INJURED,COUNT_BICYCLIST_KILLED,COUNT_BICYCLIST_INJURED,COUNT_MC_KILLED,COUNT_MC_INJURED,PRIMARY_RAMP,SECONDARY_RAMP,LATITUDE,LONGITUDE,COUNTY,CITY,POINT_X,POINT_Y
9500461,2022,2022-10-07,1900,2022-09-09,1525,625435,2619,5,5,6,1950,0,0,0,NA,0,262T1,30TH ST WEST,REGENCY WY,0,NA,Y,C,-,N,NA,NA,NA,NA,NA,NA,NA,NA,NA,Y,4,0,2,2,A,-,09,21801,A,N,D,C,A,B,H,-,A,A,0,NA,NA,NA,NA,Y,NA,A,07,0,0,2,0,0,0,0,0,0,-,-,34.59627151489258,-118.18303680419922,LOS ANGELES,PALMDALE,-118.18292999267578,34.59627151489258
9500462,2022,2022-10-07,1900,2022-09-16,1718,625597,2611,5,5,6,1950,0,0,0,NA,0,263T1,AVE Q-7,LARKIN AV,0,NA,Y,A,-,N,NA,NA,NA,NA,NA,NA,NA,NA,NA,NA,4,0,1,2,A,-,09,21801,A,N,D,C,A,A,H,-,A,D,0,NA,NA,NA,NA,Y,NA,A,01,0,0,1,0,0,0,0,0,0,-,-,34.58100128173828,-118.1218032836914,LOS ANGELES,PALMDALE,-118.12184143066406,34.581031799316406
9500463,2022,2022-10-07,1900,2022-09-14,1340,639633,262T1,3,5,6,1950,0,0,0,NA,0,262T1,DIVISION ST,AVE Q,0,NA,Y,A,-,N,NA,NA,NA,NA,NA,NA,NA,NA,NA,Y,3,0,1,3,A,-,08,22107,NA,N,C,C,A,A,H,-,A,D,0,NA,NA,NA,NA,Y,NA,A,01,0,1,0,0,0,0,0,0,0,-,-,34.58744812011719,-118.12966918945313,LOS ANGELES,PALMDALE,-118.12971496582033,34.58710861206055
95004633,2025,2026-01-08,9550,2025-12-26,1128,024558,NA,5,1,3,1964,0,1,1,NA,2,650,I-605 SB,FLORENCE AVE,1000,N,N,B,C,Y,NA,NA,NA,NA,NA,NA,NA,NA,NA,N,4,0,1,1,A,-,03,22350,NA,N,E,8,A,B,H,-,A,D,0,NA,NA,NA,NA,Y,NA,A,01,0,0,1,0,0,0,0,0,0,-,-,33.940921783447266,-118.0973663330078,LOS ANGELES,SANTA FE SPRINGS,-118.09711456298828,33.9404411315918
9500464,2022,2022-10-07,1900,2022-09-08,1430,625597,2608,4,5,6,1950,0,0,0,NA,0,263T1,AVE Q,25TH ST EAST,0,NA,Y,A,-,N,NA,NA,NA,NA,NA,NA,NA,NA,NA,N,4,0,1,2,A,-,03,22350,NA,N,C,C,A,A,H,-,A,A,0,NA,NA,NA,NA,Y,NA,A,01,0,0,1,0,0,0,0,0,0,-,-,34.587398529052734,-118.08529663085938,LOS ANGELES,PALMDALE,-118.08526611328124,34.58742141723633
95004640,2025,2026-01-08,9590,2025-12-26,2309,024196,NA,5,3,7,1942,0,1,1,NA,2,012,SR-110 N/B (ARROYO SECO PARKWAY),AVE. 52,70,N,N,A,-,Y,LA,NA,110,NA,NA,28.072,H,NA,R,N,3,0,1,1,A,-,08,22107,NA,N,E,I,A,B,H,-,D,D,0,NA,NA,NA,NA,Y,NA,A,07,0,1,0,0,0,0,0,0,0,-,-,34.10280990600586,-118.19589996337892,LOS ANGELES,LOS ANGELES,-118.19589233398438,34.10287094116211
95004643,2025,2026-01-08,9535,2025-12-24,1340,023354,NA,3,1,5,1901,0,1,1,NA,2,401,I-10 W/B (SAN BERNARDINO FWY),DEL MAR AVE,360,W,N,B,C,Y,LA,NA,10,NA,NA,25.258,H,NA,L,Y,4,0,1,2,A,-,08,22107,NA,N,A,8,A,B,H,-,A,D,0,NA,NA,NA,NA,Y,NA,A,01,0,0,1,0,0,0,0,0,0,-,-,34.07204055786133,-118.10089874267578,LOS ANGELES,ALHAMBRA,-118.10089874267578,34.072166442871094
9500465,2022,2022-10-07,1900,2022-09-06,1830,634995,2607,2,5,6,1950,0,0,0,NA,0,264T1,AVE R,47TH ST EAST,471,E,N,A,-,N,NA,NA,NA,NA,NA,NA,NA,NA,NA,Y,3,0,2,2,A,-,09,21804,A,N,D,C,A,A,H,-,A,D,0,NA,NA,NA,NA,Y,NA,A,07,0,2,0,0,0,0,0,0,0,-,-,34.52785873413086,-118.04326629638672,LOS ANGELES,PALMDALE,-118.04344177246094,34.572792053222656
95004654,2025,2026-01-08,9590,2025-12-31,832,024353,NA,3,1,7,1942,0,1,2,NA,2,073,US-101 S/B (HOLLYWOOD FREEWAY) TO WESTERN AVE,WESTERN AVE,200,N,N,A,-,Y,NA,NA,NA,NA,NA,NA,NA,NA,NA,N,4,0,1,2,A,-,08,22107,NA,N,E,I,A,B,H,-,A,D,0,NA,NA,NA,NA,Y,NA,A,01,0,0,1,0,0,0,0,0,0,-,-,34.0937385559082,-118.30998229980467,LOS ANGELES,LOS ANGELES,-118.30973052978516,34.09391403198242
9500466,2022,2022-10-07,1900,2022-09-19,0234,525413,2611,1,5,6,1950,0,0,0,NA,0,262T1,PALMDALE BL,DIVISION ST,23,E,N,A,-,N,NA,NA,NA,NA,NA,NA,NA,NA,NA,Y,4,0,1,1,A,-,08,22107,NA,N,E,I,A,A,H,-,C,A,0,NA,NA,NA,NA,Y,NA,A,01,0,0,1,0,0,0,0,0,0,-,-,34.57986831665039,-118.1293716430664,LOS ANGELES,PALMDALE,-118.1293716430664,34.57982635498047
9500467,2022,2022-10-07,1900,2022-09-16,0715,510899,2611,5,5,6,1950,0,0,0,NA,0,261T1,HORIZON RD,AUTUMN LN,179,E,N,A,-,N,NA,NA,NA,NA,NA,NA,NA,NA,NA,Y,3,0,1,3,A,-,01,23152,A,N,C,E,A,A,H,-,A,D,0,NA,NA,NA,NA,Y,Y,A,01,0,1,0,0,0,0,0,0,0,-,-,34.5677490234375,-118.13066864013672,LOS ANGELES,PALMDALE,-118.13071441650392,34.567745208740234
9500468,2022,2022-10-07,1900,2022-09-09,1520,625597,2619,5,5,6,1950,0,0,0,NA,0,263T1,RANCHO VISTA BL,21ST ST WEST,0,NA,Y,A,-,N,NA,NA,NA,NA,NA,NA,NA,NA,NA,Y,4,0,2,2,A,-,07,21658,A,N,B,C,A,A,H,-,A,D,0,NA,NA,NA,NA,Y,NA,A,07,0,0,2,0,0,0,0,0,0,-,-,34.60169982910156,-118.16780090332033,LOS ANGELES,PALMDALE,-118.16764068603516,34.601741790771484
9500469,2022,2022-10-07,1900,2022-09-11,1250,604215,2607,7,5,6,1950,0,0,0,NA,0,264T1,AVE Q-11,43RD ST EAST,0,NA,Y,A,-,N,NA,NA,NA,NA,NA,NA,NA,NA,NA,N,3,0,1,2,A,-,08,22107,NA,N,B,E,A,A,H,-,A,D,0,NA,NA,NA,NA,Y,NA,A,01,0,1,0,0,0,0,0,0,0,-,-,34.57733154296875,-118.0507583618164,LOS ANGELES,PALMDALE,-118.05132293701172,34.57728958129883
95004699,2025,2026-01-08,9535,2025-12-28,1610,023448,NA,7,2,3,1914,0,1,1,NA,2,501,I-5 S/B TO I-710 S/B,I-710,325,N,N,A,-,Y,LA,NA,5,NA,NA,13.865,H,NA,L,N,4,0,1,2,A,-,07,21658,A,N,B,C,A,A,H,-,A,D,0,NA,NA,NA,NA,Y,NA,A,01,0,0,1,0,0,0,0,0,0,-,-,34.01652145385742,-118.17436981201172,LOS ANGELES,COMMERCE,-118.17427825927734,34.016639709472656
9500470,2022,2022-10-07,1900,2022-09-06,1140,510899,2610,2,5,6,1950,0,0,0,NA,0,262T1,AVE Q-7,8TH ST EAST,0,NA,Y,A,-,N,NA,NA,NA,NA,NA,NA,NA,NA,NA,Y,4,0,1,2,A,-,09,21801,A,N,D,C,A,A,H,-,A,D,0,NA,NA,NA,NA,Y,NA,A,01,0,0,1,0,0,0,0,0,0,-,-,34.58061981201172,-118.1159210205078,LOS ANGELES,PALMDALE,-118.11589050292967,34.58063888549805
95004706,2025,2026-01-08,9590,2025-12-11,400,024846,NA,4,3,7,1942,0,1,1,NA,2,052,US-101 N/B (HOLLYWOOD FREEWAY),SANTA MONICA BOULEVARD,200,S,N,A,-,Y,LA,NA,101,NA,NA,5.603,H,NA,R,N,4,0,1,2,A,-,07,21658,A,N,B,C,A,A,H,-,C,D,0,NA,NA,NA,NA,Y,NA,A,01,0,0,1,0,0,0,0,0,0,-,-,34.091461181640625,-118.30679321289064,LOS ANGELES,LOS ANGELES,-118.30678558349608,34.091461181640625
9500471,2022,2022-10-07,1900,2022-09-06,1014,510899,2611,2,5,6,1950,0,0,0,NA,0,262T1,5TH ST EAST,AVE Q-12,764,N,N,A,-,N,NA,NA,NA,NA,NA,NA,NA,NA,NA,N,4,0,2,2,A,-,03,22350,NA,N,C,C,A,A,H,-,A,D,0,NA,NA,NA,NA,Y,NA,A,07,0,0,2,0,0,0,0,0,0,-,-,34.57712173461914,-118.12062072753906,LOS ANGELES,PALMDALE,-118.12091064453124,34.587181091308594
95004710,2025,2026-01-08,9590,2025-11-30,238,024846,NA,7,3,7,1942,0,1,2,NA,2,070,US-101 N/B (HOLLYWOOD FREEWAY),ALVARADO ST,160,S,N,A,-,Y,LA,NA,101,NA,NA,2.823,H,NA,R,Y,4,0,1,2,A,-,01,23152,A,N,C,C,A,A,H,-,C,D,0,NA,NA,NA,NA,Y,Y,A,01,0,0,1,0,0,0,0,0,0,-,-,34.07196044921875,-118.26622772216795,LOS ANGELES,LOS ANGELES,-118.26630401611328,34.07184600830078
9500473,2022,2022-10-07,1942,2022-09-13,1500,39523,0514,2,5,7,1942,0,0,0,E,0,5XL6,WILMINGTON,DENNI ST,81,N,N,A,-,N,NA,NA,NA,NA,NA,NA,NA,NA,NA,N,3,0,1,2,A,-,03,22350,NA,F,C,B,E,A,H,-,A,D,0,Y,NA,NA,NA,Y,NA,-,99,0,1,0,0,1,0,0,0,0,-,-,NA,NA,LOS ANGELES,LOS ANGELES,-118.27460479736328,33.78456115722656
9500474,2022,2022-10-21,1942,2022-09-01,1745,44659,0516,4,5,7,1942,0,0,0,E,0,5A12,AVALON BL,DENNI ST,0,NA,Y,A,-,N,NA,NA,NA,NA,NA,NA,NA,NA,NA,N,3,0,1,2,A,-,08,22107,NA,N,D,J,A,A,H,-,A,D,0,NA,NA,Y,NA,Y,NA,A,07,0,1,0,0,0,0,0,0,1,-,-,NA,NA,LOS ANGELES,LOS ANGELES,-118.26282501220705,33.784759521484375
9500475,2022,2022-10-17,1942,2022-09-12,0830,35393,0525,1,5,7,1942,0,0,0,E,0,25TL21,AVALON BL,F ST,0,NA,Y,A,-,N,NA,NA,NA,NA,NA,NA,NA,NA,NA,N,3,0,1,2,A,-,10,21950,A,F,G,B,B,A,H,-,A,D,0,Y,NA,NA,NA,Y,NA,-,99,0,1,0,0,1,0,0,0,0,-,-,NA,NA,LOS ANGELES,LOS ANGELES,-118.2622299194336,33.777099609375
9500476,2022,2022-10-21,1942,2022-09-02,1330,38715,0841,5,5,7,1942,0,0,0,H,0,8A59,GATUN ST,GAFFEY ST,100,NA,N,A,-,N,NA,NA,NA,NA,NA,NA,NA,NA,NA,N,3,0,1,2,A,-,03,22350,NA,F,H,B,E,A,H,-,A,D,0,Y,NA,NA,NA,Y,NA,-,99,0,1,0,0,1,0,0,0,0,-,-,NA,NA,LOS ANGELES,LOS ANGELES,-118.29235076904295,33.75776672363281
9500477,2022,2022-10-07,1942,2022-09-03,1630,38306,0526,6,5,7,1942,0,0,0,E,0,25MX18,ANAHEIM ST,ISLAND AV,150,E,N,A,-,N,NA,NA,NA,NA,NA,NA,NA,NA,NA,N,4,0,2,3,A,-,03,22350,NA,F,C,C,A,A,H,-,A,D,0,NA,NA,NA,NA,Y,NA,-,99,0,0,2,0,0,0,0,0,0,-,-,NA,NA,LOS ANGELES,LOS ANGELES,-118.2660675048828,33.77976989746094
9500478,2022,2022-10-07,1942,2022-09-06,2255,39151,0524,2,5,7,1942,0,0,0,E,0,25T35,WILMINGTON BL,D ST,0,NA,Y,A,-,N,NA,NA,NA,NA,NA,NA,NA,NA,NA,N,3,0,1,2,A,-,12,22450,A,F,D,C,A,A,H,-,C,A,0,NA,NA,NA,NA,Y,NA,-,99,0,1,0,0,0,0,0,0,0,-,-,NA,NA,LOS ANGELES,LOS ANGELES,-118.273681640625,33.77351760864258
9500479,2022,2022-10-07,1942,2022-09-18,0015,45037,0563,7,5,7,1942,0,0,0,E,0,5A55,S PACIFIC AV,W 11TH ST,0,NA,Y,A,-,N,NA,NA,NA,NA,NA,NA,NA,NA,NA,N,3,0,1,2,A,-,11,21954,A,F,G,B,D,A,H,-,C,A,0,Y,NA,NA,NA,Y,Y,-,99,0,1,0,0,1,0,0,0,0,-,-,NA,NA,LOS ANGELES,LOS ANGELES,-118.28794097900392,33.734222412109375
9500480,2022,2022-10-11,1942,2022-09-14,2320,39360,1239,3,5,7,1942,0,0,0,L,0,25T35W,FIGUEROA ST,59TH PL,0,NA,N,A,-,N,NA,NA,NA,NA,NA,NA,NA,NA,NA,Y,3,0,3,4,A,-,01,23152,A,N,B,E,A,A,H,-,C,A,0,NA,NA,NA,NA,Y,Y,A,01,0,1,2,0,0,0,0,0,0,-,-,NA,NA,LOS ANGELES,LOS ANGELES,-118.28269958496094,33.98594284057617
95004800,2025,2026-01-08,9590,2025-12-26,1950,023946,NA,5,2,7,1942,0,1,2,NA,2,071,US-101 SOUTHBOUND (SANTA ANA FREEWAY),CENTER STREET,395,N,N,C,-,Y,LA,NA,101,NA,NA,0.411,H,NA,L,N,4,0,1,2,A,-,07,21658,A,F,C,C,A,B,H,-,C,D,0,NA,NA,NA,NA,Y,NA,-,99,0,0,1,0,0,0,0,0,0,-,-,34.05352020263672,-118.2327880859375,LOS ANGELES,LOS ANGELES,-118.2327880859375,34.053550720214844
9500481,2022,2022-10-05,1910,2022-08-22,2013,01755,NA,1,5,4,1910,0,0,0,NA,0,009,N DOHENY DR,CLIFTON WY,90,N,N,A,-,N,NA,NA,NA,NA,NA,NA,NA,NA,NA,Y,2,0,4,3,A,-,01,23152,A,N,A,C,A,A,H,-,C,D,0,NA,NA,NA,NA,Y,NA,A,01,1,2,1,0,0,0,0,0,0,-,-,NA,NA,LOS ANGELES,BEVERLY HILLS,-118.38973236083984,34.06952667236328
95004818,2025,2026-01-08,9590,2025-12-26,1440,024909,NA,5,2,7,1942,0,1,1,NA,2,013,SR-110 S/B (ARROYO SECO PARKWAY),ARROYO DR,1719,S,N,C,-,Y,LA,NA,110,NA,NA,29.955,H,NA,L,Y,4,0,2,1,A,-,03,22350,NA,N,B,I,A,B,H,-,A,D,0,NA,NA,NA,NA,Y,NA,A,01,0,0,2,0,0,0,0,0,0,-,-,34.11656951904297,-118.17073059082033,LOS ANGELES,LOS ANGELES,-118.17076110839844,34.116600036621094
95004823,2025,2026-01-08,9535,2025-12-27,1610,023354,NA,6,2,4,1907,0,1,1,NA,2,073,I-710 S/B (LONG BEACH FREEWAY),SLAUSON AVENUE,40,N,N,A,-,Y,LA,NA,710,NA,NA,21.044,H,NA,L,N,4,0,2,2,A,-,03,22350,NA,N,C,C,A,A,H,-,A,D,0,NA,NA,NA,NA,Y,NA,A,01,0,0,2,0,0,0,0,0,0,-,-,33.98685836791992,-118.17002105712892,LOS ANGELES,BELL,-118.17001342773438,33.98686599731445
95004837,2025,2026-01-08,9590,2025-12-26,1410,023269,NA,5,2,7,1942,0,1,2,NA,2,073,US-101 SOUTHBOUND (HOLLYWOOD FREEWAY),UNIVERSLA STUDIOS BLVD,1220,N,N,B,C,Y,LA,NA,101,NA,NA,9.901,H,NA,L,N,4,0,3,2,A,-,03,22350,NA,N,D,C,A,B,H,-,A,D,0,NA,NA,NA,NA,Y,NA,A,07,0,0,3,0,0,0,0,0,0,-,-,34.13404846191406,-118.35659027099608,LOS ANGELES,LOS ANGELES,-118.35653686523438,34.13417053222656
95004861,2025,2026-01-08,9550,2025-12-26,1522,024622,NA,5,2,5,1908,0,1,3,NA,2,091,SR-91 EASTBOUND,PARAMOUNT BOULEVARD,900,E,N,C,-,Y,LA,NA,91,NA,R,13.775,H,NA,R,Y,3,0,1,2,A,-,08,22107,NA,F,B,2,A,B,H,-,A,D,0,NA,NA,NA,NA,Y,NA,-,99,0,1,0,0,0,0,0,0,0,-,-,33.87665939331055,-118.15724182128906,LOS ANGELES,BELLFLOWER,-118.1572265625,33.876617431640625
95004867,2025,2026-01-08,9550,2025-12-26,1705,024700,NA,5,2,9,1900,0,2,4,NA,1,022,LEFFINGWELL ROAD SOUTHBOUND,COTEAU DRIVE,0,NA,Y,C,-,N,NA,NA,NA,NA,NA,NA,NA,NA,NA,N,4,0,1,2,A,-,09,21802,A,N,D,C,A,B,H,-,C,A,0,NA,NA,NA,NA,Y,NA,A,01,0,0,1,0,0,0,0,0,0,-,-,33.92256164550781,-118.03057098388672,LOS ANGELES,UNINCORPORATED,-118.03498077392578,33.92155075073242
9500487,2022,2022-10-06,1972,2022-06-03,1634,21239,NA,5,5,6,1972,0,0,0,NA,0,NA,PRAIRIE AV,184TH PL,0,NA,Y,A,-,N,NA,NA,NA,NA,NA,NA,NA,NA,NA,Y,3,0,1,3,A,-,09,21802,A,N,D,C,A,A,H,-,A,A,0,NA,NA,NA,NA,Y,NA,A,NA,0,1,0,0,0,0,0,0,0,-,-,NA,NA,LOS ANGELES,TORRANCE,-118.34381866455078,33.86328125
9500488,2022,2022-10-06,1972,2022-08-30,0836,15555,NA,2,5,6,1972,0,0,0,NA,0,NA,ANZA AV,SPENCER ST,400,S,N,A,-,N,NA,NA,NA,NA,NA,NA,NA,NA,NA,N,4,0,2,2,A,-,04,21703,NA,N,C,C,A,A,H,-,A,A,0,NA,NA,NA,NA,Y,NA,A,NA,0,0,2,0,0,0,0,0,0,-,-,NA,NA,LOS ANGELES,TORRANCE,-118.36237335205078,33.8438835144043
9500489,2022,2022-10-06,1972,2022-08-21,2005,22166,NA,7,5,6,1972,0,0,0,NA,0,NA,190TH ST,BERYL ST,283,E,N,A,-,N,NA,NA,NA,NA,NA,NA,NA,NA,NA,N,2,0,1,2,A,-,11,21955,NA,N,G,B,D,A,H,-,C,D,0,Y,NA,NA,NA,Y,NA,N,NA,1,0,0,0,1,0,0,0,0,-,-,NA,NA,LOS ANGELES,TORRANCE,-118.37388610839844,33.85826110839844
9500490,2022,2022-10-06,1972,2022-08-15,1641,21239,NA,1,5,6,1972,0,0,0,NA,0,NA,ARTESIA BL,TUKON AV,250,E,N,A,-,N,NA,NA,NA,NA,NA,NA,NA,NA,NA,N,4,0,1,2,A,-,09,21804,B,N,D,G,A,A,H,-,A,A,0,NA,Y,NA,NA,Y,NA,L,NA,0,0,1,0,0,0,1,0,0,-,-,NA,NA,LOS ANGELES,TORRANCE,-118.33435821533205,33.87279510498047
95004906,2025,2026-01-08,9550,2025-12-26,2040,024955,NA,5,2,1,1932,0,1,3,NA,2,600,SR-60 W/B TO I-605 N/B,SR-60,850,N,N,B,C,Y,LA,NA,605,NA,R,17.578,H,NA,R,Y,3,0,1,1,A,-,03,22350,NA,N,F,8,A,B,H,-,C,D,0,NA,NA,NA,NA,Y,NA,D,22,0,1,0,0,0,0,0,0,0,-,-,34.035640716552734,-118.02458190917967,LOS ANGELES,INDUSTRY,-118.02471160888672,34.035762786865234
9500491,2022,2022-10-06,1972,2022-08-02,1429,21239,NA,2,5,6,1972,0,0,0,NA,0,NA,EMERALD ST,LADEENE AV,150,E,N,A,-,N,NA,NA,NA,NA,NA,NA,NA,NA,NA,N,3,0,1,2,A,-,09,21801,A,N,H,C,A,A,H,-,A,D,0,NA,NA,Y,NA,Y,NA,A,NA,0,1,0,0,0,0,0,0,1,-,-,NA,NA,LOS ANGELES,TORRANCE,-118.35973358154295,33.84134292602539
9500492,2022,2022-10-14,1972,2022-08-25,1210,15554,NA,4,5,6,1972,0,0,0,NA,0,NA,190TH,RT 405,0,NA,Y,A,-,Y,LA,7,405,-,-,14.487,R,4,S,Y,4,0,2,2,D,-,00,NA,NA,N,D,C,A,A,H,-,A,D,0,NA,NA,NA,NA,Y,NA,-,-,0,0,2,0,0,0,0,0,0,-,-,NA,NA,LOS ANGELES,TORRANCE,-118.31039428710938,33.85989761352539
9500493,2022,2022-10-06,1972,2022-08-13,0912,18059,NA,6,5,6,1972,0,0,0,NA,0,NA,ARTESIA,YUKON,450,W,N,A,-,N,NA,NA,NA,NA,NA,NA,NA,NA,NA,N,4,0,4,3,A,-,03,22350,NA,N,C,C,A,A,H,-,A,D,0,NA,NA,NA,NA,Y,NA,A,NA,0,0,4,0,0,0,0,0,0,-,-,NA,NA,LOS ANGELES,TORRANCE,-118.33666229248048,33.8727912902832
9500494,2022,2022-10-06,1972,2022-08-25,1727,21239,NA,4,5,6,1972,0,0,0,NA,0,NA,CARSON ST,OAK ST,200,E,N,A,-,N,NA,NA,NA,NA,NA,NA,NA,NA,NA,Y,3,0,1,2,A,-,00,21801,U,N,D,C,A,A,H,-,A,A,0,NA,NA,NA,NA,Y,NA,A,NA,0,1,0,0,0,0,0,0,0,-,-,NA,NA,LOS ANGELES,TORRANCE,-118.32617950439452,33.83134078979492
9500495,2022,2022-10-06,1972,2022-08-16,2110,21239,NA,2,5,6,1972,0,0,0,NA,0,NA,CARSON ST,MAPLE AV,0,NA,Y,A,-,N,NA,NA,NA,NA,NA,NA,NA,NA,NA,N,4,0,1,2,A,-,09,21801,A,N,D,C,A,A,H,-,C,A,0,NA,NA,NA,NA,Y,NA,A,NA,0,0,1,0,0,0,0,0,0,-,-,NA,NA,LOS ANGELES,TORRANCE,-118.34001159667967,33.8311882019043
95004953,2025,2026-01-08,9525,2025-12-31,1242,023814,NA,3,1,6,1955,0,1,1,NA,2,107,I-10 W/B-TO-SR-57,SR-57 (ORANGE FWY),1109,E,N,C,-,Y,LA,NA,10,NA,NA,42.89,H,NA,L,Y,4,0,1,1,A,-,03,22350,NA,N,E,I,A,B,H,-,A,D,0,NA,NA,NA,Y,Y,NA,G,25,0,0,1,0,0,0,0,0,0,-,-,34.06863021850586,-117.79991912841795,LOS ANGELES,POMONA,-117.79977416992188,34.06840515136719
9500496,2022,2022-10-11,1942,2022-08-24,0550,38111,0503,3,5,7,1942,0,0,0,E,0,25TL23,PACIFIC COAST HWY,NORMANDIE AV,715,E,N,A,-,N,NA,NA,NA,NA,NA,NA,NA,NA,NA,Y,2,0,1,2,A,-,09,21801,A,N,D,C,A,A,H,-,C,D,0,NA,NA,Y,NA,Y,NA,J,41,1,0,0,0,0,0,0,0,0,-,-,NA,NA,LOS ANGELES,LOS ANGELES,-118.2953643798828,33.79069900512695
95004963,2025,2026-02-09,9550,2025-12-26,2145,024254,NA,5,2,6,1949,0,1,1,NA,2,651,I-605 (N/B),FIRESTONE BOULEVARD,1109,N,N,E,-,Y,LA,NA,605,NA,R,8.644,H,NA,R,N,4,0,2,2,A,-,03,22350,NA,N,C,E,A,B,H,-,D,D,0,NA,NA,NA,NA,Y,NA,A,01,0,0,2,0,0,0,0,0,0,-,-,33.92824172973633,-118.10305786132813,LOS ANGELES,NORWALK,-118.10295104980467,33.9282112121582
9500497,2022,2022-10-06,1942,2022-08-21,0520,40404,0508,7,5,7,1942,0,0,0,E,0,25T21,SEPULVEDA BL,LOCKNESS AV,93,E,N,A,-,N,NA,NA,NA,NA,NA,NA,NA,NA,NA,Y,3,0,1,2,A,-,03,22350,NA,F,C,C,A,A,H,-,C,A,0,NA,NA,Y,NA,Y,NA,A,01,0,1,0,0,0,0,0,0,1,-,-,NA,NA,LOS ANGELES,LOS ANGELES,-118.30423736572266,33.81523895263672
95004974,2025,2026-01-08,9535,2025-12-27,1735,023450,NA,6,2,3,1914,0,1,1,NA,2,073,I-710 (LONG BEACH FREEWAY) S/B,WASHINGTON BLVD,1000,S,N,A,-,Y,LA,NA,710,NA,NA,22.256,H,NA,L,N,3,0,2,3,A,-,03,22350,NA,N,C,C,A,A,H,-,D,D,0,NA,NA,NA,NA,Y,NA,A,01,0,2,0,0,0,0,0,0,0,-,-,34.00188064575195,-118.17433166503906,LOS ANGELES,COMMERCE,-118.17425537109376,34.00185012817383
9500498,2022,2022-10-06,1942,2022-08-12,0030,44942,0524,5,5,7,1942,0,0,0,E,0,5A1,HARRY BRIDGES BL,FIGUEROA ST,4000,W,N,A,-,N,NA,NA,NA,NA,NA,NA,NA,NA,NA,Y,3,0,1,1,A,-,03,22350,NA,N,E,I,A,A,B,-,C,D,0,NA,NA,NA,NA,Y,NA,A,01,0,1,0,0,0,0,0,0,0,-,-,NA,NA,LOS ANGELES,LOS ANGELES,-118.27948760986328,33.77273178100586
9500499,2022,2022-10-06,1942,2022-08-21,0450,43844,0565,7,5,7,1942,0,0,0,E,0,05A59,9TH ST,GAFFEY ST,0,NA,Y,A,-,N,NA,NA,NA,NA,NA,NA,NA,NA,NA,N,4,0,1,2,A,-,03,22350,NA,N,D,C,A,A,H,-,C,D,0,NA,NA,NA,NA,Y,NA,A,01,0,0,1,0,0,0,0,0,0,-,-,NA,NA,LOS ANGELES,LOS ANGELES,-118.2923583984375,33.73604965209961
9500500,2022,2022-10-06,1942,2022-08-31,1445,40957,0396,3,5,7,1942,0,0,0,C,0,25T25,VERMONT AV,43RD PL,32,S,N,A,-,N,NA,NA,NA,NA,NA,NA,NA,NA,NA,N,3,0,2,2,A,-,03,22350,NA,F,C,C,A,A,H,-,A,D,0,NA,NA,NA,NA,Y,NA,-,99,0,2,0,0,0,0,0,0,0,-,-,NA,NA,LOS ANGELES,LOS ANGELES,-118.29155731201172,34.00446319580078
95005047,2025,2026-01-08,9530,2025-12-29,818,023590,NA,1,1,9,1900,0,1,1,NA,2,120,I-110 S/B (HARBOR FREEWAY),223RD ST,1000,N,N,A,-,Y,LA,NA,110,NA,NA,6.718,H,NA,L,Y,4,0,1,2,A,-,07,21658,A,N,B,C,A,A,H,-,A,D,0,NA,NA,NA,NA,Y,NA,A,07,0,0,1,0,0,0,0,0,0,-,-,33.827301025390625,-118.28745269775392,LOS ANGELES,UNINCORPORATED,-118.28752136230467,33.827301025390625