CASE_ID,ACCIDENT_YEAR,PROC_DATE,JURIS,COLLISION_DATE,COLLISION_TIME,OFFICER_ID,REPORTING_DISTRICT,DAY_OF_WEEK,CHP_SHIFT,POPULATION,CNTY_CITY_LOC,SPECIAL_COND,BEAT_TYPE,CHP_BEAT_TYPE,CITY_DIVISION_LAPD,CHP_BEAT_CLASS,BEAT_NUMBER,PRIMARY_RD,SECONDARY_RD,DISTANCE,DIRECTION,INTERSECTION,WEATHER_1,WEATHER_2,STATE_HWY_IND,CALTRANS_COUNTY,CALTRANS_DISTRICT,STATE_ROUTE,ROUTE_SUFFIX,POSTMILE_PREFIX,POSTMILE,LOCATION_TYPE,RAMP_INTERSECTION,SIDE_OF_HWY,TOW_AWAY,COLLISION_SEVERITY,NUMBER_KILLED,NUMBER_INJURED,PARTY_COUNT,PRIMARY_COLL_FACTOR,PCF_CODE_OF_VIOL,PCF_VIOL_CATEGORY,PCF_VIOLATION,PCF_VIOL_SUBSECTION,HIT_AND_RUN,TYPE_OF_COLLISION,MVIW,PED_ACTION,ROAD_SURFACE,ROAD_COND_1,ROAD_COND_2,LIGHTING,CONTROL_DEVICE,CHP_ROAD_TYPE,PEDESTRIAN_ACCIDENT,BICYCLE_ACCIDENT,MOTORCYCLE_ACCIDENT,TRUCK_ACCIDENT,NOT_PRIVATE_PROPERTY,ALCOHOL_INVOLVED,STWD_VEHTYPE_AT_FAULT,CHP_VEHTYPE_AT_FAULT,COUNT_SEVERE_INJ,COUNT_VISIBLE_INJ,COUNT_COMPLAINT_PAIN,COUNT_PED_KILLED,COUNT_PED_INJURED,COUNT_BICYCLIST_KILLED,COUNT_BICYCLIST_INJURED,COUNT_MC_KILLED,COUNT_MC_INJURED,PRIMARY_RAMP,SECONDARY_RAMP,LATITUDE,LONGITUDE,COUNTY,CITY,POINT_X,POINT_Y
9500966,2022,2022-10-13,1941,2022-08-11,1530,6236,NA,4,5,7,1941,0,0,0,NA,0,NA,LONG BEACH BL,SAN ANTONIO,108,N,N,A,-,N,NA,NA,NA,NA,NA,NA,NA,NA,NA,Y,4,0,1,2,A,-,08,22107,NA,N,-,C,A,A,H,-,A,D,0,NA,NA,NA,NA,Y,NA,A,NA,0,0,1,0,0,0,0,0,0,-,-,NA,NA,LOS ANGELES,LONG BEACH,-118.18944549560548,33.834808349609375
9500967,2022,2022-10-13,1941,2022-08-03,1121,6017,NA,3,5,7,1941,0,0,0,NA,0,NA,ANAHEIM ST,MARTIN LUTHER KING AV,0,NA,Y,A,-,N,NA,NA,NA,NA,NA,NA,NA,NA,NA,Y,4,0,2,2,A,-,12,21453,A,N,D,C,A,A,H,-,A,A,0,NA,NA,NA,NA,Y,NA,A,NA,0,0,2,0,0,0,0,0,0,-,-,NA,NA,LOS ANGELES,LONG BEACH,-118.18067932128906,33.78260803222656
95009671,2025,2026-01-12,9565,2025-12-30,2216,024474,NA,2,3,9,1900,0,1,1,NA,2,060,I-405 S/B (SAN DIEGO FREEWAY),120TH STREET,273,S,N,A,-,Y,LA,NA,405,NA,NA,20.688,H,NA,L,N,3,0,1,3,A,-,03,22350,NA,N,C,C,A,A,H,-,C,D,0,NA,NA,NA,NA,Y,NA,A,01,0,1,0,0,0,0,0,0,0,-,-,33.92300033569336,-118.36895751953124,LOS ANGELES,UNINCORPORATED,-118.36888122558594,33.92298889160156
95009676,2025,2026-01-12,9590,2025-12-30,1130,024688,NA,2,1,7,1942,0,1,1,NA,2,011,SR-110 S/B (ARROYO SECO PARKWAY) FROM AVE 52,AVENUE 52,100,S,N,A,-,Y,LA,NA,110,NA,NA,27.983,H,NA,L,N,3,0,1,2,A,-,21,22106,NA,N,B,C,A,A,H,-,A,D,0,NA,NA,NA,NA,Y,NA,A,01,0,1,0,0,0,0,0,0,0,-,-,34.10289001464844,-118.19757843017578,LOS ANGELES,LOS ANGELES,-118.1975555419922,34.10283279418945
9500968,2022,2022-10-13,1941,2022-08-03,1102,5761,NA,3,5,7,1941,0,0,0,NA,0,NA,20TH ST,GALE AV,12,E,N,A,-,N,NA,NA,NA,NA,NA,NA,NA,NA,NA,Y,3,0,3,3,A,-,03,22350,A,N,C,E,A,A,-,-,A,B,0,NA,NA,NA,NA,Y,NA,A,NA,0,2,1,0,0,0,0,0,0,-,-,NA,NA,LOS ANGELES,LONG BEACH,-118.20789337158205,33.79349899291992
9500969,2022,2022-10-13,1941,2022-08-04,1638,11533,NA,4,5,7,1941,0,0,0,NA,0,NA,7TH ST,XIMENO AV,0,NA,N,A,-,N,NA,NA,NA,NA,NA,NA,NA,NA,NA,Y,4,0,1,2,A,-,00,16025,A,N,A,C,A,-,H,-,A,D,0,NA,NA,NA,NA,Y,NA,A,NA,0,0,1,0,0,0,0,0,0,-,-,NA,NA,LOS ANGELES,LONG BEACH,-118.1415786743164,33.775325775146484
95009697,2025,2026-01-12,9590,2025-12-28,730,018510,NA,7,1,7,1942,0,1,1,NA,2,084,I-5 N/B (GSF),FLETCHER DRIVE,1200,N,N,A,-,Y,LA,NA,5,NA,NA,23.245,H,NA,R,N,3,0,1,1,A,-,08,22107,NA,N,F,A,A,A,H,-,A,D,0,NA,NA,Y,NA,Y,NA,C,02,0,1,0,0,0,0,0,0,1,-,-,34.10879898071289,-118.25959014892578,LOS ANGELES,LOS ANGELES,-118.25962829589844,34.10874557495117
9500970,2022,2022-10-13,1941,2022-08-04,1703,11091,NA,4,5,7,1941,0,0,0,NA,0,NA,SOUTH ST,DOWNEY AV,135,W,N,A,-,N,NA,NA,NA,NA,NA,NA,NA,NA,NA,Y,3,0,1,2,A,-,09,21804,A,N,C,C,A,A,H,-,A,D,0,NA,NA,NA,NA,Y,NA,A,NA,0,1,0,0,0,0,0,0,0,-,-,NA,NA,LOS ANGELES,LONG BEACH,-118.15117645263672,33.86022186279297
9500971,2022,2022-10-13,1941,2022-08-04,0020,11202,NA,4,5,7,1941,0,0,0,NA,0,NA,7TH ST,CHERRY AV,0,NA,Y,A,-,N,NA,NA,NA,NA,NA,NA,NA,NA,NA,N,2,0,1,2,A,-,10,21950,A,N,G,B,B,A,H,-,C,A,0,Y,NA,NA,NA,Y,NA,N,NA,1,0,0,0,1,0,0,0,0,-,-,NA,NA,LOS ANGELES,LONG BEACH,-118.16767120361328,33.775352478027344
95009727,2025,2026-01-12,9535,2025-12-24,710,024550,NA,3,1,9,1900,0,2,4,NA,2,022,OLYMPIC BLVD.,SERVER AVE,0,NA,Y,B,C,N,NA,NA,NA,NA,NA,NA,NA,NA,NA,N,4,0,1,2,A,-,05,21650,NA,N,G,G,A,B,H,-,A,A,0,NA,Y,NA,NA,Y,NA,L,04,0,0,1,0,0,0,1,0,0,-,-,34.01205062866211,-118.13543701171876,LOS ANGELES,UNINCORPORATED,-118.135498046875,34.01218032836914
95009741,2025,2026-01-12,9535,2025-12-21,1715,023450,NA,7,2,4,1907,0,1,1,NA,2,073,I-710 S/B (LONG BEACH FREEWAY),E SLAUSON AVENUE,380,S,N,A,-,Y,LA,NA,710,NA,NA,20.945,H,NA,L,N,3,0,1,2,A,-,07,21658,A,N,C,C,A,A,H,-,D,D,0,NA,NA,Y,NA,Y,NA,A,01,0,1,0,0,0,0,0,0,1,-,-,33.98556137084961,-118.16928100585938,LOS ANGELES,BELL,-118.16925048828124,33.985572814941406
95009786,2025,2026-01-12,9530,2025-12-30,430,024013,NA,2,3,7,1942,0,1,1,NA,2,200,I-105 E/B (GLENN ANDERSON FWY),MAIN ST.,570,E,N,A,-,Y,LA,NA,105,NA,R,7.895,H,NA,R,Y,4,0,1,3,A,-,08,22107,NA,N,C,C,A,A,H,-,C,D,0,NA,NA,NA,Y,Y,NA,G,25,0,0,1,0,0,0,0,0,0,-,-,33.927459716796875,-118.27191925048828,LOS ANGELES,LOS ANGELES,-118.27191162109376,33.92750930786133
95009834,2025,2026-01-12,9535,2025-12-18,1919,023450,NA,4,2,5,1901,0,1,1,NA,2,420,I-10 (SAN BERNARDINO FREEWAY) E/B,NEW AVE,725,W,N,A,-,Y,LA,NA,10,NA,NA,24.691,H,NA,R,Y,3,0,2,2,A,-,03,22350,NA,N,C,C,A,A,H,-,D,D,0,NA,NA,NA,NA,Y,NA,A,01,0,1,1,0,0,0,0,0,0,-,-,34.071590423583984,-118.11078643798828,LOS ANGELES,ALHAMBRA,-118.1107940673828,34.07164001464844
95009909,2025,2026-01-12,9525,2025-12-31,2050,023247,NA,3,2,6,1955,0,1,1,NA,2,107,I-10 W/B TO SR-57,SR-57 N/B (ORANGE FWY),1000,E,N,C,-,Y,NA,NA,NA,NA,NA,NA,NA,NA,NA,Y,3,0,5,3,A,-,03,22350,NA,N,B,2,A,B,H,-,D,D,0,NA,NA,NA,Y,Y,NA,F,26,0,1,4,0,0,0,0,0,0,-,-,34.06929016113281,-117.79852294921876,LOS ANGELES,POMONA,-117.80377960205078,34.06660079956055
95009911,2025,2026-01-12,9535,2025-12-18,1718,023354,NA,4,2,5,1943,0,1,1,NA,2,075,I-710 S/B (LONG BEACH FREEWAY),MARTIN LUTHER KING JR BLVD,2075,N,N,A,-,Y,LA,NA,710,NA,R,16.507,H,NA,L,Y,4,0,2,4,A,-,03,22350,NA,N,C,C,A,A,H,-,C,D,0,NA,NA,NA,NA,Y,NA,A,01,0,0,2,0,0,0,0,0,0,-,-,33.924530029296875,-118.17794036865234,LOS ANGELES,LYNWOOD,-118.17786407470705,33.924530029296875
9500996,2022,2022-10-12,1900,2022-08-27,1009,600059,1432,6,5,4,1937,0,0,0,NA,0,141T3,AMAR RD,DEL VALLE,0,NA,Y,A,-,N,NA,NA,NA,NA,NA,NA,NA,NA,NA,Y,3,0,1,2,A,-,09,21453,C,N,D,C,A,A,H,-,A,A,0,NA,NA,Y,NA,Y,NA,A,01,0,1,0,0,0,0,0,0,1,-,-,34.03664016723633,-117.94342041015624,LOS ANGELES,LA PUENTE,-117.94339752197266,34.036651611328125
95009967,2025,2026-01-12,9530,2025-12-26,520,024337,NA,5,3,7,1941,0,1,1,NA,2,420,I-405 N/B (SAN DIEGO FREEWAY),WILMINGTON AVE.,300,S,N,B,C,Y,LA,NA,405,NA,NA,9.083,H,NA,R,N,4,0,1,1,A,-,03,22350,NA,N,E,I,A,B,H,-,D,D,0,NA,NA,NA,NA,Y,NA,A,01,0,0,1,0,0,0,0,0,0,-,-,33.825828552246094,-118.23314666748048,LOS ANGELES,LONG BEACH,-118.23313903808594,33.82592010498047
9500997,2022,2022-10-12,1900,2022-08-23,1810,600059,1410,2,5,1,1932,0,0,0,NA,0,141T5,CROSSROAD PARKWAY SOUTH,WORKMAN MILL RD,0,NA,Y,A,-,N,NA,NA,NA,NA,NA,NA,NA,NA,NA,Y,4,0,1,2,A,-,09,21801,A,N,A,C,A,A,H,-,A,A,0,NA,NA,NA,NA,Y,NA,A,01,0,0,1,0,0,0,0,0,0,-,-,34.02893829345703,-118.02588653564452,LOS ANGELES,INDUSTRY,-118.02586364746094,34.02888488769531
9500998,2022,2022-10-12,1900,2022-08-15,1745,646157,1435,1,5,4,1937,0,0,0,NA,0,143T1,MAIN ST,LAURA AV,150,E,N,A,-,N,NA,NA,NA,NA,NA,NA,NA,NA,NA,N,4,0,1,2,A,-,11,21955,NA,N,G,B,D,A,H,-,A,D,0,Y,NA,NA,NA,Y,NA,N,60,0,0,1,0,1,0,0,0,0,-,-,34.013648986816406,-117.9268035888672,LOS ANGELES,LA PUENTE,-117.92684173583984,34.013641357421875
95009988,2025,2026-01-12,9575,2025-12-28,1500,024988,NA,7,2,6,1925,0,1,3,NA,2,090,SR-2 E/B (GLENDALE FREEWAY),STANCREST FRONTAGE RD,1584,W,N,A,-,Y,LA,NA,2,NA,R,22.372,H,NA,R,N,3,0,2,2,A,-,07,21658,A,N,B,C,A,A,H,-,A,D,0,NA,NA,NA,NA,Y,NA,D,22,0,1,1,0,0,0,0,0,0,-,-,34.196571350097656,-118.21990203857422,LOS ANGELES,GLENDALE,-118.22007751464844,34.19659423828125
9501000,2022,2022-10-12,1900,2022-08-22,1840,617762,1432,1,5,4,1937,0,0,0,NA,0,143T1,GLENDORA AV,NELSON AV,0,NA,Y,A,-,N,NA,NA,NA,NA,NA,NA,NA,NA,NA,N,4,0,1,2,A,-,12,21453,A,N,H,G,A,A,H,-,A,A,0,NA,Y,NA,NA,Y,NA,A,01,0,0,1,0,0,0,1,0,0,-,-,34.022701263427734,-117.95893096923828,LOS ANGELES,LA PUENTE,-117.95282745361328,34.022789001464844
9501002,2022,2022-10-14,1900,2022-07-25,1100,652864,1333,1,5,5,1908,0,0,0,NA,0,133T1,SOMERSET BL,WOODRUFF AV,140,E,N,A,-,N,NA,NA,NA,NA,NA,NA,NA,NA,NA,N,4,0,2,2,D,-,00,NA,NA,N,C,C,A,A,H,-,A,D,0,NA,NA,NA,NA,Y,NA,-,-,0,0,2,0,0,0,0,0,0,-,-,33.896541595458984,-118.11622619628906,LOS ANGELES,BELLFLOWER,-118.11614227294922,33.89664077758789
9501003,2022,2022-10-14,1900,2022-07-24,0625,652864,1337,7,5,5,1935,0,0,0,NA,0,132T1,PIONEER BL,CARSON ST,0,NA,Y,A,-,N,NA,NA,NA,NA,NA,NA,NA,NA,NA,N,4,0,1,2,A,-,01,23152,A,M,H,G,A,A,H,-,A,A,0,NA,Y,NA,NA,Y,Y,A,01,0,0,1,0,0,0,1,0,0,-,-,33.831321716308594,-118.08184814453124,LOS ANGELES,LAKEWOOD,-118.0819091796875,33.83152389526367
95010039,2025,2026-01-12,9590,2025-12-06,1030,024547,NA,6,1,7,1942,0,1,2,NA,2,073,US-101 S/B (HOLLYWOOD FREEWAY),HELIOTROPE DRIVE,220,N,N,A,-,Y,LA,NA,101,NA,NA,4.67,H,NA,L,N,3,0,1,2,D,-,00,NA,NA,N,C,C,A,A,H,-,A,D,0,NA,NA,Y,NA,Y,NA,-,-,0,1,0,0,0,0,0,0,1,-,-,34.08161163330078,-118.29601287841795,LOS ANGELES,LOS ANGELES,-118.29603576660156,34.08157730102539
9501005,2022,2022-10-14,1900,2022-07-26,1258,601880,0332,2,5,4,1939,0,0,0,NA,0,35T1,ROSECRANS AV,FIRMONA AV,46,W,N,A,-,N,NA,NA,NA,NA,NA,NA,NA,NA,NA,Y,3,0,2,3,A,-,03,22350,A,N,B,C,A,A,H,-,A,A,0,NA,NA,NA,NA,Y,NA,A,01,0,2,0,0,0,0,0,0,0,-,-,33.90182113647461,-118.35785675048828,LOS ANGELES,LAWNDALE,-118.35781860351564,33.90188980102539
95010054,2025,2026-01-12,9590,2025-11-28,1130,023764,NA,5,1,7,1942,0,1,1,NA,2,050,I-110 NB (HARBOR FREEWAY),VERNON AVENUE,145,S,N,A,-,Y,LA,NA,110,NA,NA,18.978,H,NA,R,N,4,0,1,2,A,-,03,22350,NA,M,C,C,A,A,H,-,A,D,0,NA,NA,NA,NA,Y,NA,A,01,0,0,1,0,0,0,0,0,0,-,-,34.00326919555664,-118.2810516357422,LOS ANGELES,LOS ANGELES,-118.28103637695313,34.00326919555664
9501006,2022,2022-10-14,1900,2022-07-21,1058,652431,0331,4,5,4,1939,0,0,0,NA,0,035,HAWTHORNE BL,147TH ST,0,NA,Y,A,-,N,NA,NA,NA,NA,NA,NA,NA,NA,NA,Y,3,0,1,2,A,-,12,21453,A,N,D,C,A,A,H,-,A,A,0,NA,NA,NA,NA,Y,NA,A,01,0,1,0,0,0,0,0,0,0,-,-,33.89828872680664,-118.35240173339844,LOS ANGELES,LAWNDALE,-118.35275268554688,33.89826583862305
95010071,2025,2026-01-12,9590,2025-10-25,1144,024451,NA,6,1,7,1942,0,1,1,NA,2,052,I-110 N/B (HARBOR FREEWAY),1ST STREET,110,S,N,A,-,Y,LA,NA,110,NA,NA,23.328,H,NA,R,N,4,0,3,2,A,-,01,23152,A,N,C,C,A,A,H,-,C,D,0,NA,NA,NA,NA,Y,Y,A,01,0,0,3,0,0,0,0,0,0,-,-,34.05839920043945,-118.25360870361328,LOS ANGELES,LOS ANGELES,-118.25360107421876,34.05839157104492
95010077,2025,2026-01-12,9590,2025-11-14,241,024688,NA,5,3,7,1942,0,1,1,NA,2,501,I-110 S/B (HARBOR FREEWAY) EXPRESS LANES FROM 39TH,W 39TH STREET,210,S,N,A,-,Y,LA,NA,110,NA,NA,19.646,H,NA,L,Y,3,0,1,1,A,-,01,23152,A,N,E,I,A,A,H,-,C,D,0,NA,NA,NA,NA,Y,Y,A,01,0,1,0,0,0,0,0,0,0,-,-,34.01319122314453,-118.28108215332033,LOS ANGELES,LOS ANGELES,-118.28110504150392,34.01319122314453
95010088,2025,2026-01-12,9590,2025-12-31,1950,024999,NA,3,2,7,1942,0,1,1,NA,2,060,I-10 E/B (SANTA MONICA FREEWAY),WEST BOULEVARD,650,W,N,C,-,Y,LA,NA,10,NA,R,10.927,H,NA,R,N,3,0,1,1,A,-,08,22107,NA,N,E,I,A,B,H,-,C,D,0,NA,NA,NA,NA,Y,NA,A,01,0,1,0,0,0,0,0,0,0,-,-,34.03446960449219,-118.34188079833984,LOS ANGELES,LOS ANGELES,-118.34188842773438,34.03458786010742
95010089,2025,2026-01-12,9590,2025-07-31,1955,024303,NA,4,2,7,1942,0,1,1,NA,2,083,INTERSTATE 5 SOUTHBOUND (GSF) TO STATE ROUTE 110 S,LOS ANGELES RIVER,230,S,N,A,-,Y,LA,NA,110,NA,NA,25.484,H,NA,L,N,1,1,0,1,A,-,08,22107,NA,N,E,I,A,A,H,-,B,D,0,NA,NA,Y,NA,Y,NA,C,02,0,0,0,0,0,0,0,1,0,-,-,34.079429626464844,-118.22740173339844,LOS ANGELES,LOS ANGELES,-118.22734832763672,34.079383850097656
9501012,2022,2022-10-14,1955,2022-07-31,2023,42805,NA,7,5,6,1955,0,0,0,NA,0,NA,INDIAN HILL BL,HOLT AV,0,NA,Y,A,-,N,NA,NA,NA,NA,NA,NA,NA,NA,NA,N,4,0,1,3,A,-,09,21801,A,N,D,C,A,A,H,-,C,A,0,NA,NA,NA,NA,Y,NA,A,01,0,0,1,0,0,0,0,0,0,-,-,NA,NA,LOS ANGELES,POMONA,-117.71920013427734,34.06305694580078
9501013,2022,2022-10-14,1955,2022-07-31,0125,42576,97,7,5,6,1955,0,0,0,NA,0,004,RESERVOIR ST,COUNTY RD,200,S,N,A,-,N,NA,NA,NA,NA,NA,NA,NA,NA,NA,N,4,0,1,2,A,-,01,23152,A,N,D,C,A,A,H,-,C,A,0,NA,NA,NA,NA,Y,Y,A,07,0,0,1,0,0,0,0,0,0,-,-,34.0263786315918,-117.73175048828124,LOS ANGELES,POMONA,-117.73159027099608,34.025917053222656
9501014,2022,2022-10-14,1955,2022-07-30,2110,42686,0093,6,5,6,1955,0,0,0,NA,0,004,TOWNE AV,11TH ST,204,N,N,A,-,N,NA,NA,NA,NA,NA,NA,NA,NA,NA,N,4,0,2,2,A,-,09,21804,A,N,B,C,A,A,H,-,C,A,0,NA,NA,NA,NA,Y,NA,A,01,0,0,2,0,0,0,0,0,0,-,-,34.049991607666016,-117.74108123779295,LOS ANGELES,POMONA,-117.74114990234376,34.050437927246094
9501015,2022,2022-10-14,1955,2022-07-30,2028,42818,28,6,5,6,1955,0,0,0,NA,0,002,BONITA AV,TOWNE AV,0,NA,Y,A,-,N,NA,NA,NA,NA,NA,NA,NA,NA,NA,N,2,0,3,3,A,-,12,21453,A,N,A,C,A,A,H,-,C,A,0,NA,NA,NA,NA,Y,NA,A,01,2,0,1,0,0,0,0,0,0,-,-,34.09638977050781,-117.7368621826172,LOS ANGELES,POMONA,-117.73678588867188,34.0962028503418
9501016,2022,2022-10-14,1955,2022-07-30,1446,42602,0077,6,5,6,1955,0,0,0,NA,0,001,MISSION BL,RT 710,0,NA,Y,A,-,N,NA,NA,NA,NA,NA,NA,NA,NA,NA,N,4,0,1,2,A,-,03,22350,NA,F,C,C,A,A,H,-,A,A,0,NA,NA,NA,NA,Y,NA,A,01,0,0,1,0,0,0,0,0,0,-,SO,NA,NA,LOS ANGELES,POMONA,-118.09288787841795,34.091712951660156
9501017,2022,2022-10-14,1955,2022-07-29,1520,42469,0017,5,5,6,1955,0,0,0,NA,0,003,KINGSLEY AV,SAINT PAUL ST,120,W,N,A,-,N,NA,NA,NA,NA,NA,NA,NA,NA,NA,N,4,0,2,2,A,-,09,21804,A,N,D,C,A,A,H,-,A,D,0,NA,NA,NA,NA,Y,NA,A,01,0,0,2,0,0,0,0,0,0,-,-,34.06694030761719,-117.72081756591795,LOS ANGELES,POMONA,-117.72118377685548,34.06684112548828
9501041,2022,2022-10-19,1920,2022-09-07,1319,13022,NA,3,5,6,1920,0,0,0,NA,0,003,FLORENCE AV,TECUM RD,73,W,N,A,-,N,NA,NA,NA,NA,NA,NA,NA,NA,NA,N,4,0,2,3,A,-,08,22107,NA,N,B,C,A,A,H,-,A,A,0,NA,NA,NA,NA,Y,NA,A,01,0,0,2,0,0,0,0,0,0,-,-,NA,NA,LOS ANGELES,DOWNEY,-118.14071655273438,33.95894241333008
9501043,2022,2022-10-24,1920,2022-09-16,2103,14082,1920,5,5,6,1920,0,0,0,NA,0,006,FIRESTONE BL,PARAMOUNT BL,30,E,N,A,-,N,NA,NA,NA,NA,NA,NA,NA,NA,NA,Y,4,0,1,2,A,-,08,22107,NA,N,B,C,A,A,H,-,C,A,0,NA,NA,NA,Y,Y,NA,A,01,0,0,1,0,0,0,0,0,0,-,-,NA,NA,LOS ANGELES,DOWNEY,-118.13787078857422,33.942726135253906
9501046,2022,2022-10-19,1976,2022-09-21,0719,575,NA,3,5,5,1976,0,0,0,NA,0,002,LA CUARTA ST,GREENLEAF AV,57,W,N,A,-,N,NA,NA,NA,NA,NA,NA,NA,NA,NA,N,3,0,1,2,A,-,11,21954,A,N,G,B,D,A,H,-,A,A,0,Y,NA,NA,NA,Y,Y,N,60,0,1,0,0,1,0,0,0,0,-,-,NA,NA,LOS ANGELES,WHITTIER,-118.0375747680664,33.96818923950195
9501047,2022,2022-10-19,1976,2022-09-11,0925,558,NA,7,5,5,1976,0,0,0,NA,0,001,BEVERLY BL,FRIENDS AV,145,E,N,A,-,N,NA,NA,NA,NA,NA,NA,NA,NA,NA,N,3,0,1,2,A,-,09,21804,A,N,H,G,A,A,H,-,A,D,0,NA,Y,NA,NA,Y,NA,D,22,0,1,0,0,0,0,1,0,0,-,-,NA,NA,LOS ANGELES,WHITTIER,-118.03333282470705,33.98811721801758
9501052,2022,2022-10-19,1900,2022-09-18,1655,656357,1261,7,5,3,1991,0,0,0,NA,0,121T1,ANGELES CREST HWY,BRIARTREE DR,400,N,N,-,-,N,NA,NA,NA,NA,NA,NA,NA,NA,NA,Y,3,0,3,2,A,-,05,21460,A,N,D,C,A,A,H,-,A,D,0,NA,NA,NA,NA,Y,NA,D,22,0,3,0,0,0,0,0,0,0,-,-,34.22129821777344,-118.19297027587892,LOS ANGELES,LA CANADA-FLINTRIDGE,-118.19278717041016,34.221092224121094
9501053,2022,2022-10-20,1900,2022-09-15,1532,649313,1260,4,5,3,1991,0,0,0,NA,0,123PM,FOOTHILL BL,ALTA CANADA RD,0,NA,Y,A,-,N,NA,NA,NA,NA,NA,NA,NA,NA,NA,Y,3,0,3,4,A,-,05,21651,B,N,A,D,A,A,H,-,A,A,0,NA,NA,NA,Y,Y,NA,A,01,0,1,2,0,0,0,0,0,0,-,-,34.20964813232422,-118.21160125732422,LOS ANGELES,LA CANADA-FLINTRIDGE,-118.21145629882813,34.20962905883789
9501059,2022,2022-10-25,1931,2022-10-02,0857,5346,1931,7,5,5,1931,0,0,0,NA,0,001,SANTA FE AV,CLARENDON AV,12,S,N,B,-,N,NA,NA,NA,NA,NA,NA,NA,NA,NA,N,4,0,1,2,A,-,03,22350,NA,N,C,C,A,A,H,-,A,A,0,NA,NA,NA,NA,Y,NA,A,01,0,0,1,0,0,0,0,0,0,-,-,NA,NA,LOS ANGELES,HUNTINGTON PARK,-118.23032379150392,33.98350524902344
9501061,2022,2022-10-19,1900,2022-09-28,1905,60632,2925,3,5,5,1990,0,0,0,NA,0,292T1,DIAMOND BAR BL,MONTEFINO DR,100,N,N,A,-,N,NA,NA,NA,NA,NA,NA,NA,NA,NA,N,3,0,1,2,A,-,03,22350,NA,N,C,C,A,A,H,-,C,D,0,NA,NA,NA,NA,Y,NA,A,07,0,1,0,0,0,0,0,0,0,-,-,33.99763107299805,-117.81289672851564,LOS ANGELES,DIAMOND BAR,-117.81275939941406,33.99830627441406
95010697,2025,2026-01-13,9565,2025-12-31,2150,024200,NA,3,2,7,1942,0,1,1,NA,2,062,INTERSTATE 405 N/B,PICO BOULEVARD,114,S,N,C,-,Y,LA,NA,405,NA,NA,29.898,H,NA,R,N,4,0,1,2,A,-,03,22350,NA,N,B,C,A,B,H,-,D,D,0,NA,NA,NA,NA,Y,NA,A,01,0,0,1,0,0,0,0,0,0,-,-,34.035179138183594,-118.43771362304688,LOS ANGELES,LOS ANGELES,-118.43768310546876,34.03519058227539
95010706,2025,2026-01-13,9535,2025-12-24,1535,024484,NA,3,2,9,1900,0,3,5,NA,2,002,GARFIELD AVE. (1100 BLOCK),EASTON ST.,33,N,N,A,-,N,NA,NA,NA,NA,NA,NA,NA,NA,NA,Y,4,0,1,3,A,-,03,22350,NA,N,C,C,A,B,H,-,A,A,0,NA,NA,NA,NA,Y,NA,A,01,0,0,1,0,0,0,0,0,0,-,-,34.01245880126953,-118.13066864013672,LOS ANGELES,UNINCORPORATED,-118.1306610107422,34.012359619140625
95010725,2025,2026-01-13,9545,2025-12-26,530,024654,NA,5,3,9,1900,0,1,3,NA,2,031,SR-14 SB,SIERRA HWY,450,S,N,B,C,Y,LA,NA,14,NA,R,54.214,H,NA,L,Y,4,0,2,2,A,-,03,22350,NA,N,A,C,A,B,H,-,B,D,0,NA,NA,NA,NA,Y,NA,A,01,0,0,2,0,0,0,0,0,0,-,-,34.50666046142578,-118.11387634277344,LOS ANGELES,UNINCORPORATED,-118.1138916015625,34.50666427612305
9501073,2022,2022-10-19,1900,2022-09-07,1245,606099,0988,3,5,4,1979,0,0,0,NA,0,92T3,SUNSET BL,ROXBURY RD,25,W,N,A,-,N,NA,NA,NA,NA,NA,NA,NA,NA,NA,Y,3,0,1,2,A,-,04,21703,NA,N,C,C,A,A,H,-,A,A,0,NA,NA,NA,Y,Y,NA,F,25,0,1,0,0,0,0,0,0,0,-,-,34.09735107421875,-118.36855316162108,LOS ANGELES,WEST HOLLYWOOD,-118.36874389648438,34.09745788574219
95010788,2025,2026-01-13,9550,2025-10-11,1525,023782,NA,6,2,9,1900,0,1,1,NA,2,501,I-5 S/B,ALONDRA BLVD,100,N,N,A,-,Y,LA,NA,5,NA,NA,1.722,H,NA,L,N,3,0,1,2,A,-,03,22350,NA,F,C,2,A,A,H,-,A,D,0,NA,NA,NA,NA,Y,NA,A,07,0,1,0,0,0,0,0,0,0,-,-,33.88814163208008,-118.03675842285156,LOS ANGELES,UNINCORPORATED,-118.03669738769533,33.88822555541992
9501079,2022,2022-10-19,1956,2022-09-21,0656,1183,65,3,5,5,1956,0,0,0,NA,0,004,INGLEWOOD AV,MANHATTAN BEACH BL,0,NA,Y,A,-,N,NA,NA,NA,NA,NA,NA,NA,NA,NA,Y,4,0,1,2,A,-,09,21801,A,N,A,C,A,A,H,-,A,A,0,NA,NA,NA,NA,Y,NA,A,01,0,0,1,0,0,0,0,0,0,-,-,NA,NA,LOS ANGELES,REDONDO BEACH,-118.36134338378906,33.88730239868164