CASE_ID,ACCIDENT_YEAR,PROC_DATE,JURIS,COLLISION_DATE,COLLISION_TIME,OFFICER_ID,REPORTING_DISTRICT,DAY_OF_WEEK,CHP_SHIFT,POPULATION,CNTY_CITY_LOC,SPECIAL_COND,BEAT_TYPE,CHP_BEAT_TYPE,CITY_DIVISION_LAPD,CHP_BEAT_CLASS,BEAT_NUMBER,PRIMARY_RD,SECONDARY_RD,DISTANCE,DIRECTION,INTERSECTION,WEATHER_1,WEATHER_2,STATE_HWY_IND,CALTRANS_COUNTY,CALTRANS_DISTRICT,STATE_ROUTE,ROUTE_SUFFIX,POSTMILE_PREFIX,POSTMILE,LOCATION_TYPE,RAMP_INTERSECTION,SIDE_OF_HWY,TOW_AWAY,COLLISION_SEVERITY,NUMBER_KILLED,NUMBER_INJURED,PARTY_COUNT,PRIMARY_COLL_FACTOR,PCF_CODE_OF_VIOL,PCF_VIOL_CATEGORY,PCF_VIOLATION,PCF_VIOL_SUBSECTION,HIT_AND_RUN,TYPE_OF_COLLISION,MVIW,PED_ACTION,ROAD_SURFACE,ROAD_COND_1,ROAD_COND_2,LIGHTING,CONTROL_DEVICE,CHP_ROAD_TYPE,PEDESTRIAN_ACCIDENT,BICYCLE_ACCIDENT,MOTORCYCLE_ACCIDENT,TRUCK_ACCIDENT,NOT_PRIVATE_PROPERTY,ALCOHOL_INVOLVED,STWD_VEHTYPE_AT_FAULT,CHP_VEHTYPE_AT_FAULT,COUNT_SEVERE_INJ,COUNT_VISIBLE_INJ,COUNT_COMPLAINT_PAIN,COUNT_PED_KILLED,COUNT_PED_INJURED,COUNT_BICYCLIST_KILLED,COUNT_BICYCLIST_INJURED,COUNT_MC_KILLED,COUNT_MC_INJURED,PRIMARY_RAMP,SECONDARY_RAMP,LATITUDE,LONGITUDE,COUNTY,CITY,POINT_X,POINT_Y
9501720,2022,2022-10-21,1942,2022-09-30,2350,39476,1621,5,5,7,1942,0,0,0,P,0,26T54W,LAUREL CANYON BL,MERCER ST,93,S,N,A,-,N,NA,NA,NA,NA,NA,NA,NA,NA,NA,Y,3,0,3,4,A,-,01,23152,A,F,G,B,F,A,H,-,C,A,0,Y,NA,NA,NA,Y,Y,A,07,0,2,1,0,3,0,0,0,0,-,-,NA,NA,LOS ANGELES,LOS ANGELES,-118.43349456787108,34.26011657714844
95017203,2025,2026-01-16,9590,2025-12-09,210,023892,NA,2,3,7,1942,0,1,1,NA,2,010,SR-110 N/B (ARROYO SECO PARKWAY) TO I-5 N/B (GOLDE,AVENUE 19,360,S,N,A,-,Y,LA,NA,110,NA,NA,25.496,H,NA,R,Y,2,0,2,1,A,-,01,23152,A,N,E,8,A,A,H,-,C,D,0,NA,NA,NA,NA,Y,Y,A,01,1,0,1,0,0,0,0,0,0,-,-,34.07952880859375,-118.2271728515625,LOS ANGELES,LOS ANGELES,-118.22699737548828,34.079383850097656
95017204,2025,2026-01-16,9590,2025-12-23,1045,023764,NA,2,1,7,1942,0,1,2,NA,2,070,US-101 N/B (SANTA ANA FREEWAY),ALAMEDA STREET,830,S,N,B,C,Y,LA,NA,101,NA,NA,0.56,H,NA,R,N,4,0,1,2,A,-,08,22107,NA,M,B,C,A,B,H,-,A,D,0,NA,NA,NA,NA,Y,NA,-,99,0,0,1,0,0,0,0,0,0,-,-,34.05398941040039,-118.23497772216795,LOS ANGELES,LOS ANGELES,-118.2349853515625,34.05392837524414
95017236,2025,2026-01-16,9590,2025-12-25,1440,023472,NA,4,2,7,1942,0,1,1,NA,2,061,I-10 W/B (SANTA MONICA FREEWAY),NORMANDIE AVENUE,1197,W,N,A,-,Y,LA,NA,10,NA,R,13.084,H,NA,L,N,4,0,1,2,C,-,18,NA,NA,N,C,2,A,A,H,-,A,D,0,NA,NA,NA,NA,Y,Y,-,-,0,0,1,0,0,0,0,0,0,-,-,34.03736877441406,-118.30441284179688,LOS ANGELES,LOS ANGELES,-118.30441284179688,34.03721237182617
95017272,2025,2026-01-16,9590,2025-12-19,1625,023970,NA,5,2,7,1942,0,1,3,NA,2,031,SR-60 W/B (POMONA FREEWAY) TO LORENA ST.,LORENA ST.,200,E,N,A,-,Y,NA,NA,NA,NA,NA,NA,NA,NA,NA,N,4,0,2,2,A,-,11,21954,A,N,G,B,E,A,H,-,A,D,0,Y,NA,Y,NA,Y,NA,N,60,0,0,2,0,1,0,0,0,1,-,-,34.030670166015625,-118.19824981689452,LOS ANGELES,LOS ANGELES,-118.19969177246094,34.029541015625
9501729,2022,2022-11-07,1925,2022-10-01,0054,29009,3,6,5,6,1925,0,0,0,NA,0,NA,E HARVARD ST,FRANKLIN CT,40,W,N,-,-,N,NA,NA,NA,NA,NA,NA,NA,NA,NA,Y,4,0,1,3,A,-,08,22107,NA,N,F,E,A,-,-,-,-,D,0,NA,NA,NA,NA,Y,NA,A,01,0,0,1,0,0,0,0,0,0,-,-,NA,NA,LOS ANGELES,GLENDALE,-118.24696350097656,34.14447784423828
95017290,2025,2026-01-16,9590,2025-11-08,900,023764,NA,6,1,7,1942,0,1,1,NA,2,050,I-110 NB (HARBOR FREEWAY),79TH STREET,800,S,N,A,-,Y,LA,NA,110,NA,NA,16.384,H,NA,R,N,4,0,2,2,A,-,01,23152,A,N,B,C,A,A,H,-,A,D,0,NA,NA,NA,NA,Y,Y,A,01,0,0,2,0,0,0,0,0,0,-,-,33.96577835083008,-118.28054809570313,LOS ANGELES,LOS ANGELES,-118.28073120117188,33.96577835083008
95017300,2025,2026-01-16,9540,2025-12-07,2215,024271,NA,7,3,9,1900,0,2,4,NA,1,104,SAN FRANCISQUITO CANYON RD,MPM 9.05,333,N,N,A,-,N,NA,NA,NA,NA,NA,NA,NA,NA,NA,Y,2,0,2,2,A,-,05,21651,A,M,A,C,A,A,H,-,D,D,0,NA,NA,NA,NA,Y,NA,A,01,2,0,0,0,0,0,0,0,0,-,-,34.56813049316406,-118.46898651123048,LOS ANGELES,UNINCORPORATED,NA,NA
95017319,2025,2026-01-16,9540,2025-11-30,1623,024271,NA,7,2,6,1985,0,1,3,NA,1,144,SR-14 N/B (ANTELOPE VALLEY FREEWAY),PLACERITA CANYON RD,1600,S,N,A,-,Y,LA,NA,14,NA,R,27.78,H,NA,R,N,4,0,2,2,A,-,08,22107,NA,M,C,C,A,A,H,-,A,D,0,NA,NA,NA,NA,Y,NA,D,22,0,0,2,0,0,0,0,0,0,-,-,34.37422180175781,-118.49729919433594,LOS ANGELES,SANTA CLARITA,-118.49736785888672,34.374271392822266
95017413,2025,2026-01-16,9545,2025-12-25,724,024673,NA,4,1,9,1900,0,3,5,NA,2,002,MILE POST MARKER 1.65,HACIENDA RANCH RD,1000,S,N,B,-,N,NA,NA,NA,NA,NA,NA,NA,NA,NA,Y,4,0,1,2,A,-,01,23152,A,N,A,C,A,B,H,-,A,D,0,NA,NA,NA,NA,Y,Y,A,01,0,0,1,0,0,0,0,0,0,-,-,34.61130905151367,-118.2360610961914,LOS ANGELES,UNINCORPORATED,NA,NA
9501779,2022,2022-10-26,1972,2022-09-22,1836,21239,NA,4,5,6,1972,0,0,0,NA,0,NA,PLAZA DEL AMO,CRENSHAW BL,250,W,N,A,-,N,NA,NA,NA,NA,NA,NA,NA,NA,NA,Y,4,0,2,3,A,-,03,22350,NA,N,C,E,A,A,D,-,B,A,0,NA,NA,NA,Y,Y,NA,A,NA,0,0,2,0,0,0,0,0,0,-,-,NA,NA,LOS ANGELES,TORRANCE,-118.3293914794922,33.82706832885742
9501780,2022,2022-11-07,1972,2022-09-23,1413,18537,NA,5,5,6,1972,0,0,0,NA,0,NA,PACIFIC COAST HWY,HILLWORTH,0,NA,Y,A,-,Y,LA,7,1,-,-,14.289,I,5,S,Y,4,0,2,3,A,-,09,21800,B,N,A,C,A,A,H,-,A,D,0,NA,NA,NA,Y,Y,NA,A,NA,0,0,2,0,0,0,0,0,0,-,-,NA,NA,LOS ANGELES,TORRANCE,-118.32816314697266,33.78949737548828
9501784,2022,2022-10-24,1942,2022-09-07,1055,38111,1831,3,5,7,1942,0,0,0,R,0,25TL29,FIGUEROA ST,126TH ST,0,NA,Y,A,-,N,NA,NA,NA,NA,NA,NA,NA,NA,NA,N,2,0,2,2,A,-,05,21650,NA,N,A,C,A,A,H,-,A,A,0,NA,NA,NA,NA,Y,NA,A,07,1,0,1,0,0,0,0,0,0,-,-,NA,NA,LOS ANGELES,LOS ANGELES,-118.28302001953124,33.91883087158203
9501785,2022,2022-10-24,1942,2022-09-27,0545,39628,0529,2,5,7,1942,0,0,0,E,0,5A17,E ANAHEIM ST,BANNING BL,95,W,N,A,-,N,NA,NA,NA,NA,NA,NA,NA,NA,NA,N,2,0,1,2,A,-,11,21954,A,N,G,B,D,A,H,-,C,D,0,Y,NA,NA,NA,Y,NA,N,60,1,0,0,0,1,0,0,0,0,-,-,NA,NA,LOS ANGELES,LOS ANGELES,-118.25762939453124,33.780235290527344
9501790,2022,2022-11-01,1942,2022-09-01,1900,43570,1266,4,5,7,1942,0,0,0,L,0,12A73,FIGUEROA ST,81ST ST,50,N,N,A,-,N,NA,NA,NA,NA,NA,NA,NA,NA,NA,Y,4,0,1,3,A,-,05,21651,B,F,A,C,A,A,H,-,A,D,0,NA,NA,NA,NA,Y,NA,A,01,0,0,1,0,0,0,0,0,0,-,-,NA,NA,LOS ANGELES,LOS ANGELES,-118.28273010253906,33.965667724609375
9501793,2022,2022-10-24,1942,2022-09-20,0910,41923,0501,2,5,7,1942,0,0,0,E,0,25T27,WESTERN AV,186TH ST,585,S,N,A,-,N,NA,NA,NA,NA,NA,NA,NA,NA,NA,Y,3,0,2,2,A,-,09,21801,A,N,D,C,A,A,H,-,A,D,0,NA,NA,NA,NA,Y,NA,A,07,0,2,0,0,0,0,0,0,0,-,-,NA,NA,LOS ANGELES,LOS ANGELES,-118.30917358398438,33.860374450683594
9501796,2022,2022-10-24,1942,2022-09-21,1515,38729,1267,3,5,7,1942,0,0,0,L,0,25MQ54,FIGUEROA ST,82ND ST,0,NA,Y,A,-,N,NA,NA,NA,NA,NA,NA,NA,NA,NA,Y,3,0,1,4,A,-,12,21453,A,N,D,C,A,A,H,-,A,A,0,NA,NA,NA,NA,Y,NA,D,22,0,1,0,0,0,0,0,0,0,-,-,NA,NA,LOS ANGELES,LOS ANGELES,-118.28273010253906,33.964290618896484
9501798,2022,2022-10-24,1942,2022-09-22,1705,39028,1209,4,5,7,1942,0,0,0,L,0,MX12,FLOWER ST,47TH ST,0,NA,Y,A,-,N,NA,NA,NA,NA,NA,NA,NA,NA,NA,Y,3,0,3,3,A,-,09,21802,A,F,D,C,A,A,H,-,A,A,0,NA,NA,NA,NA,Y,NA,A,07,0,1,2,0,0,0,0,0,0,-,-,NA,NA,LOS ANGELES,LOS ANGELES,-118.28150939941406,34.00102615356445
9501799,2022,2022-10-27,1942,2022-08-24,1245,39397,1824,3,5,7,1942,0,0,0,R,0,25TL25,CENTURY BL,CLOVIS AV,0,NA,Y,A,-,N,NA,NA,NA,NA,NA,NA,NA,NA,NA,N,3,0,1,2,A,-,03,22350,NA,N,B,C,A,A,H,-,A,D,0,NA,NA,NA,NA,Y,NA,A,07,0,1,0,0,0,0,0,0,0,-,-,NA,NA,LOS ANGELES,LOS ANGELES,-118.25653076171876,33.94548034667969
9501807,2022,2022-10-27,1942,2022-09-19,1555,34561,1008,1,5,7,1942,0,0,0,J,0,26TL74,BALBOA BL,SATICOY ST,0,NA,Y,A,-,N,NA,NA,NA,NA,NA,NA,NA,NA,NA,Y,2,0,6,3,A,-,12,21453,A,N,D,C,A,A,H,-,A,A,0,NA,NA,NA,NA,Y,NA,D,22,1,5,0,0,0,0,0,0,0,-,-,NA,NA,LOS ANGELES,LOS ANGELES,-118.50115966796876,34.20842361450195
95018078,2025,2026-01-19,9550,2025-12-20,1640,024058,NA,6,2,5,1969,0,1,1,NA,2,151,I-105 WESTBOUND,PARAMOUNT,500,E,N,A,-,Y,LA,NA,105,NA,R,15.034,H,NA,L,N,4,0,1,2,A,-,03,22350,NA,N,C,C,A,A,H,-,B,D,0,NA,NA,Y,NA,Y,NA,C,02,0,0,1,0,0,0,0,0,1,-,-,33.9127082824707,-118.15328216552734,LOS ANGELES,SOUTH GATE,-118.1532745361328,33.91264724731445
9501808,2022,2022-10-27,1942,2022-09-08,1800,43872,1099,4,5,7,1942,0,0,0,J,0,10A17W,SEPULVEDA BL,VALLEY MEADOW RD,200,N,N,A,-,N,NA,NA,NA,NA,NA,NA,NA,NA,NA,Y,2,0,3,3,A,-,03,22350,A,N,A,C,A,B,H,-,B,D,0,NA,NA,NA,NA,Y,NA,A,01,1,1,1,0,0,0,0,0,0,-,-,NA,NA,LOS ANGELES,LOS ANGELES,-118.4789810180664,34.1384391784668
95018096,2025,2026-01-19,9550,2025-07-25,2145,024363,NA,5,2,5,1919,0,1,3,NA,2,091,SR-91 W/B,GRIDLEY ROAD,340,E,N,A,-,Y,LA,NA,91,NA,R,17.635,H,NA,L,Y,4,0,2,2,A,-,03,22350,NA,F,C,C,A,A,H,-,C,D,0,NA,NA,NA,NA,Y,NA,A,01,0,0,2,0,0,0,0,0,0,-,-,33.87651824951172,-118.09042358398438,LOS ANGELES,CERRITOS,-118.09042358398438,33.87646484375
9501811,2022,2022-10-27,1942,2022-09-21,2315,40388,1001,3,5,7,1942,0,0,0,J,0,26T52W,WHIBUR AV,KEWICK ST,70,N,N,A,-,N,NA,NA,NA,NA,NA,NA,NA,NA,NA,Y,4,0,1,3,A,-,01,23152,A,N,C,E,A,A,H,-,C,A,0,NA,NA,NA,NA,Y,Y,A,07,0,0,1,0,0,0,0,0,0,-,-,NA,NA,LOS ANGELES,LOS ANGELES,NA,NA
9501812,2022,2022-11-07,1942,2022-09-23,1410,36678,10,5,5,7,1942,0,0,0,J,0,26M51,VENTURA BL,RESEDA BL,400,E,N,A,-,N,NA,NA,NA,NA,NA,NA,NA,NA,NA,Y,2,0,1,2,A,-,09,21801,A,N,D,C,A,A,H,-,A,D,0,NA,NA,NA,NA,Y,NA,D,22,1,0,0,0,0,0,0,0,0,-,-,NA,NA,LOS ANGELES,LOS ANGELES,-118.53488159179688,34.16829299926758
9501813,2022,2022-10-27,1942,2022-09-23,1912,38314,1005,5,5,7,1942,0,0,0,J,0,26T55W,WHITE OAK AV,SATICOY ST,0,NA,Y,A,-,N,NA,NA,NA,NA,NA,NA,NA,NA,NA,Y,3,0,1,2,A,-,12,21453,A,N,A,C,A,A,H,-,B,-,0,NA,NA,NA,NA,Y,NA,A,07,0,1,0,0,0,0,0,0,0,-,-,NA,NA,LOS ANGELES,LOS ANGELES,-118.5186004638672,34.208404541015625
9501814,2022,2022-10-26,1942,2022-09-23,0710,35471,1027,5,5,7,1942,0,0,0,J,0,26TL17,VANOWEN ST,LOUISE AV,0,NA,Y,A,-,N,NA,NA,NA,NA,NA,NA,NA,NA,NA,Y,2,0,1,3,A,-,08,22107,NA,N,A,C,A,A,H,-,A,A,0,NA,NA,NA,NA,Y,NA,A,07,1,0,0,0,0,0,0,0,0,-,-,NA,NA,LOS ANGELES,LOS ANGELES,-118.50985717773438,34.193878173828125
9501815,2022,2022-11-07,1942,2022-09-25,1425,40165,1047,7,5,7,1942,0,0,0,J,0,26TL73,BURBANK BL,BALBOA BL,370,W,N,A,-,N,NA,NA,NA,NA,NA,NA,NA,NA,NA,N,2,0,1,2,D,-,00,NA,NA,N,H,C,A,A,H,-,A,A,0,NA,NA,NA,Y,Y,NA,-,-,1,0,0,0,0,0,0,0,0,-,-,NA,NA,LOS ANGELES,LOS ANGELES,-118.50241088867188,34.172218322753906
9501820,2022,2022-10-27,1942,2022-09-29,1715,42092,0901,4,5,7,1942,0,0,0,I,0,9X44,SEPULVEDA BL,RAYMER ST,0,NA,Y,A,-,N,NA,NA,NA,NA,NA,NA,NA,NA,NA,Y,4,0,1,2,A,-,09,21801,A,N,A,C,A,A,H,-,A,A,0,NA,NA,NA,NA,Y,NA,A,01,0,0,1,0,0,0,0,0,0,-,-,NA,NA,LOS ANGELES,LOS ANGELES,-118.46615600585938,34.214202880859375
95018558,2025,2026-01-19,9540,2025-12-26,1654,024271,NA,5,2,9,1900,0,1,3,NA,1,143,SR-14 S/B,SIERRA HWY,280,S,N,C,-,Y,LA,NA,14,NA,R,25.093,H,NA,L,N,4,0,1,2,A,-,03,22350,NA,M,C,C,A,B,H,-,B,D,0,NA,NA,NA,NA,Y,NA,-,99,0,0,1,0,0,0,0,0,0,-,-,34.337989807128906,-118.50755310058594,LOS ANGELES,UNINCORPORATED,-118.50755310058594,34.337989807128906
95018563,2025,2026-01-19,9540,2025-12-25,1730,023767,NA,4,2,6,1985,0,1,1,NA,2,506,I-5 N/B,MAGIC MOUNTAIN PKY,2521,S,N,C,-,Y,LA,NA,5,NA,R,53.077,H,NA,R,Y,4,0,2,2,A,-,03,22350,NA,N,C,C,A,B,H,-,C,D,0,NA,NA,NA,NA,Y,NA,A,01,0,0,2,0,0,0,0,0,0,-,-,34.41672897338867,-118.57991790771484,LOS ANGELES,SANTA CLARITA,-118.57979583740234,34.416770935058594
95018565,2025,2026-01-19,9540,2025-12-13,1624,024271,NA,6,2,6,1985,0,1,3,NA,1,145,SR-14 S/B,CEDAR VALLEY WAY,1450,S,N,A,-,Y,LA,NA,14,NA,R,30.271,H,NA,L,Y,3,0,1,2,A,-,07,21658,A,N,B,2,A,A,H,-,A,D,0,NA,NA,NA,NA,Y,NA,-,-,0,1,0,0,0,0,0,0,0,-,-,34.397361755371094,-118.46412658691406,LOS ANGELES,SANTA CLARITA,-118.46412658691406,34.39735412597656
95018582,2025,2026-01-19,9550,2025-09-25,2256,024590,NA,4,3,5,1935,0,1,3,NA,2,091,SR-91,DOWNEY AVE,1135,E,N,A,-,Y,LA,NA,91,NA,R,14.33,H,NA,R,Y,4,0,3,3,A,-,03,22350,NA,N,C,C,A,A,H,-,C,D,0,NA,NA,NA,NA,Y,NA,A,07,0,0,3,0,0,0,0,0,0,-,-,33.8772087097168,-118.14762115478516,LOS ANGELES,LAKEWOOD,-118.14762115478516,33.87699508666992
95018583,2025,2026-01-19,9550,2025-12-28,2140,023883,NA,7,2,6,1949,0,1,1,NA,2,651,INTERSTATE 605 NORTHBOUND,FIRESTONE BOULEVARD.,200,N,N,A,-,Y,LA,NA,605,NA,R,8.489,H,NA,R,N,4,0,2,2,A,-,08,22107,NA,N,B,C,A,A,H,-,C,D,0,NA,NA,NA,NA,Y,NA,A,01,0,0,2,0,0,0,0,0,0,-,-,33.926029205322266,-118.1037368774414,LOS ANGELES,NORWALK,-118.10363006591795,33.92600631713867
9501863,2022,2022-11-01,1926,2022-09-26,0807,0136,3,1,5,5,1926,0,0,0,NA,0,NA,S ELWOOD AV,MYRTLE AV,75,N,N,A,-,N,NA,NA,NA,NA,NA,NA,NA,NA,NA,Y,3,0,1,1,A,-,08,22107,NA,N,F,I,A,A,H,-,A,D,0,NA,NA,NA,NA,Y,NA,A,01,0,1,0,0,0,0,0,0,0,-,-,34.13344955444336,-117.85076141357422,LOS ANGELES,GLENDORA,-117.85069274902344,34.13301467895508
95018913,2025,2026-01-19,9525,2025-12-30,1840,023661,NA,2,2,1,1934,0,1,1,NA,2,204,I-210 E/B (FOOTHILL FWY),I-605 (SAN GABRIEL RIVER FWY),150,E,N,A,-,Y,LA,NA,210,NA,R,36.507,H,NA,R,N,4,0,1,2,A,-,03,22350,NA,F,C,C,A,A,H,-,C,D,0,NA,NA,NA,NA,Y,NA,-,99,0,0,1,0,0,0,0,0,0,-,-,34.13385009765625,-117.95597076416016,LOS ANGELES,IRWINDALE,-117.95597839355467,34.133819580078125
95018949,2025,2026-01-19,9550,2025-12-26,2102,022789,NA,5,2,7,1941,0,1,1,NA,2,653,I-605 NB,SPRING STREET,40,S,N,A,-,Y,LA,NA,605,NA,R,0.273,H,NA,R,Y,2,0,1,2,A,-,03,22350,NA,N,B,C,A,B,H,-,C,D,0,NA,NA,NA,NA,Y,NA,D,22,1,0,0,0,0,0,0,0,0,-,-,33.81019973754883,-118.0812530517578,LOS ANGELES,LONG BEACH,-118.08133697509766,33.81019973754883
9501903,2022,2022-10-24,1942,2022-08-12,1710,38453,1762,5,5,7,1942,0,0,0,Q,0,17X66W,LASSEN ST,MASON AV,80,W,N,A,-,N,NA,NA,NA,NA,NA,NA,NA,NA,NA,Y,3,0,1,2,A,-,09,21804,A,N,D,C,A,A,H,-,A,D,0,NA,NA,NA,NA,Y,NA,A,01,0,1,0,0,0,0,0,0,0,-,-,NA,NA,LOS ANGELES,LOS ANGELES,-118.58006286621094,34.24998092651367
9501904,2022,2022-10-24,1942,2022-08-19,1240,41316,1791,5,5,7,1942,0,0,0,Q,0,26TL75,DE SOTO AV,CHASE ST,0,NA,Y,A,-,N,NA,NA,NA,NA,NA,NA,NA,NA,NA,Y,2,0,1,2,A,-,09,21801,A,N,A,C,A,A,H,-,A,A,0,NA,NA,Y,NA,Y,NA,A,01,1,0,0,0,0,0,0,0,1,-,-,NA,NA,LOS ANGELES,LOS ANGELES,-118.58851623535156,34.224552154541016
9501905,2022,2022-10-24,1942,2022-08-18,2305,36542,1755,4,5,7,1942,0,0,0,Q,0,17A23W,LASSEN ST,GARDEN GROVE AV,300,W,N,A,-,N,NA,NA,NA,NA,NA,NA,NA,NA,NA,N,3,0,1,2,A,-,03,22350,NA,N,C,C,A,A,H,-,C,D,0,NA,NA,Y,NA,Y,NA,C,02,0,1,0,0,0,0,0,0,1,-,-,NA,NA,LOS ANGELES,LOS ANGELES,-118.52999114990234,34.2499885559082
9501908,2022,2022-10-24,1941,2022-08-05,1414,11540,NA,5,5,7,1941,0,0,0,NA,0,NA,XIMENO AV,ANAHEIM ST,0,NA,Y,A,-,N,NA,NA,NA,NA,NA,NA,NA,NA,NA,N,4,0,1,2,A,-,03,22350,NA,N,C,C,A,A,H,-,A,A,0,NA,NA,NA,NA,Y,NA,A,NA,0,0,1,0,0,0,0,0,0,-,-,NA,NA,LOS ANGELES,LONG BEACH,-118.14154052734376,33.782596588134766
95019148,2025,2026-01-19,9545,2025-12-22,1250,024673,NA,1,1,9,1900,0,1,3,NA,2,031,SR-14 S/B,SIERRA HWY OVERCROSSING,575,N,N,A,-,Y,LA,NA,14,NA,R,52.275,H,NA,L,Y,2,0,1,2,A,-,08,22107,NA,N,D,E,A,A,D,-,A,A,0,NA,NA,NA,Y,Y,NA,D,22,1,0,0,0,0,0,0,0,0,-,-,34.488609313964844,-118.13857269287108,LOS ANGELES,UNINCORPORATED,-118.13861083984376,34.488643646240234
95019154,2025,2026-01-19,9545,2025-12-27,1728,024553,NA,6,2,9,1900,0,3,5,NA,2,004,PALMDALE BLVD,87TH STREET EAST,1240,W,N,A,-,N,NA,NA,NA,NA,NA,NA,NA,NA,NA,Y,3,0,4,1,A,-,03,22350,NA,F,E,J,A,D,C,-,C,A,0,NA,NA,NA,NA,Y,NA,A,01,0,1,3,0,0,0,0,0,0,-,-,34.57973098754883,-117.97792053222656,LOS ANGELES,UNINCORPORATED,-117.97785949707033,34.579734802246094
95019292,2025,2026-01-19,9590,2025-11-07,907,023764,NA,5,1,7,1942,0,1,1,NA,2,051,I-110 S/B (HARBOR FREEWAY),CENTURY BOULEVARD,2000,N,N,A,-,Y,LA,NA,110,NA,NA,15.572,H,NA,L,N,4,0,1,2,A,-,03,22350,NA,N,C,C,A,A,H,-,A,D,0,NA,NA,NA,NA,Y,NA,J,48,0,0,1,0,0,0,0,0,0,-,-,33.9539909362793,-118.28083038330078,LOS ANGELES,LOS ANGELES,-118.28077697753906,33.95399856567383
9501942,2022,2022-10-28,1972,2022-10-11,1913,21239,NA,2,5,6,1972,0,0,0,NA,0,NA,VAN NESS AV,164TH ST,0,NA,Y,A,-,N,NA,NA,NA,NA,NA,NA,NA,NA,NA,N,4,0,1,2,A,-,03,22350,NA,N,C,C,A,A,H,-,C,A,0,NA,NA,NA,NA,Y,NA,A,NA,0,0,1,0,0,0,0,0,0,-,-,NA,NA,LOS ANGELES,TORRANCE,-118.31787109375,33.88195037841797
9501945,2022,2022-11-07,1973,2022-07-07,1446,655,1973,4,5,1,1973,0,0,0,NA,0,002,DISTRICT BL,S DOWNEY RD,86,E,N,A,-,N,NA,NA,NA,NA,NA,NA,NA,NA,NA,N,4,0,1,3,A,-,05,21460,A,F,H,A,A,A,H,-,A,A,0,NA,NA,NA,NA,Y,NA,A,01,0,0,1,0,0,0,0,0,0,-,-,NA,NA,LOS ANGELES,VERNON,-118.2044677734375,34.000484466552734
9501957,2022,2022-12-08,1900,2022-10-18,1540,655208,1332,2,5,5,1908,0,0,0,NA,0,132A,SOMERSET BL,LIBLEN AV,20,W,N,A,-,N,NA,NA,NA,NA,NA,NA,NA,NA,NA,Y,2,0,2,5,A,-,03,22350,NA,N,A,C,A,A,H,-,A,D,0,NA,NA,NA,NA,Y,NA,A,07,1,1,0,0,0,0,0,0,0,-,-,NA,NA,LOS ANGELES,BELLFLOWER,-118.13668823242188,33.896541595458984
9501958,2022,2022-12-08,1942,2022-10-21,1855,41198,1665,5,5,7,1942,0,0,0,P,0,26T54W,SUNLAND BL,SUNLAND PARK DR,0,E,N,A,-,N,NA,NA,NA,NA,NA,NA,NA,NA,NA,N,3,0,1,2,A,-,08,22107,NA,N,D,C,A,A,H,-,C,A,0,NA,NA,Y,NA,Y,NA,A,01,0,1,0,0,0,0,0,0,1,-,-,NA,NA,LOS ANGELES,LOS ANGELES,-118.36788940429688,34.2392578125
9501959,2022,2022-12-08,1942,2022-10-13,0750,39217,1657,4,5,7,1942,0,0,0,P,0,26TL19,FOOTHILL BL,PLAINVIEW AV,0,NA,Y,A,-,N,NA,NA,NA,NA,NA,NA,NA,NA,NA,Y,2,0,3,4,A,-,12,21453,A,N,D,C,A,A,H,-,A,A,0,NA,NA,NA,NA,Y,NA,A,07,2,1,0,0,0,0,0,0,0,-,-,NA,NA,LOS ANGELES,LOS ANGELES,-118.29794311523438,34.254539489746094
9501968,2022,2022-12-27,1941,2022-08-25,2155,11514,NA,4,5,7,1941,0,0,0,NA,0,NA,WILLOW ST,ATLANTIC AV,0,NA,Y,A,-,N,NA,NA,NA,NA,NA,NA,NA,NA,NA,Y,4,0,1,2,A,-,08,22100,A,F,B,C,A,A,H,-,C,A,0,NA,NA,NA,NA,Y,NA,A,NA,0,0,1,0,0,0,0,0,0,-,-,NA,NA,LOS ANGELES,LONG BEACH,-118.18502807617188,33.80437088012695
9501969,2022,2022-12-27,1941,2022-08-16,1504,11097,NA,2,5,7,1941,0,0,0,NA,0,NA,CANDLEWOOD ST,PARK DR,0,NA,Y,A,-,N,NA,NA,NA,NA,NA,NA,NA,NA,NA,N,4,0,1,2,A,-,08,22107,NA,F,D,C,A,A,H,-,-,D,0,NA,NA,NA,NA,Y,NA,A,NA,0,0,1,0,0,0,0,0,0,-,-,NA,NA,LOS ANGELES,LONG BEACH,-118.1620635986328,33.85377883911133
9501970,2022,2023-01-18,1941,2022-08-08,1626,11201,NA,1,5,7,1941,0,0,0,NA,0,NA,W PACIFIC COAST HWY,SANTA FE AV,0,NA,Y,A,-,N,NA,NA,NA,NA,NA,NA,NA,NA,NA,N,3,0,1,3,A,-,03,22350,NA,F,C,B,B,A,H,-,A,A,0,Y,NA,NA,NA,Y,NA,A,NA,0,1,0,0,1,0,0,0,0,-,-,NA,NA,LOS ANGELES,LONG BEACH,-118.21546936035156,33.789859771728516
95019704,2025,2026-01-20,9550,2025-08-04,1540,023732,NA,1,2,9,1900,0,3,5,NA,2,001,NORWALK BOULEVARD,SARAGOSA STREET,0,NA,Y,A,-,N,NA,NA,NA,NA,NA,NA,NA,NA,NA,N,3,0,1,2,A,-,09,21804,A,F,H,G,A,A,H,-,A,A,0,NA,Y,NA,NA,Y,NA,L,04,0,1,0,0,0,0,1,0,0,-,-,33.977691650390625,-118.07599639892578,LOS ANGELES,UNINCORPORATED,-118.07579803466795,33.977718353271484