CASE_ID,ACCIDENT_YEAR,PROC_DATE,JURIS,COLLISION_DATE,COLLISION_TIME,OFFICER_ID,REPORTING_DISTRICT,DAY_OF_WEEK,CHP_SHIFT,POPULATION,CNTY_CITY_LOC,SPECIAL_COND,BEAT_TYPE,CHP_BEAT_TYPE,CITY_DIVISION_LAPD,CHP_BEAT_CLASS,BEAT_NUMBER,PRIMARY_RD,SECONDARY_RD,DISTANCE,DIRECTION,INTERSECTION,WEATHER_1,WEATHER_2,STATE_HWY_IND,CALTRANS_COUNTY,CALTRANS_DISTRICT,STATE_ROUTE,ROUTE_SUFFIX,POSTMILE_PREFIX,POSTMILE,LOCATION_TYPE,RAMP_INTERSECTION,SIDE_OF_HWY,TOW_AWAY,COLLISION_SEVERITY,NUMBER_KILLED,NUMBER_INJURED,PARTY_COUNT,PRIMARY_COLL_FACTOR,PCF_CODE_OF_VIOL,PCF_VIOL_CATEGORY,PCF_VIOLATION,PCF_VIOL_SUBSECTION,HIT_AND_RUN,TYPE_OF_COLLISION,MVIW,PED_ACTION,ROAD_SURFACE,ROAD_COND_1,ROAD_COND_2,LIGHTING,CONTROL_DEVICE,CHP_ROAD_TYPE,PEDESTRIAN_ACCIDENT,BICYCLE_ACCIDENT,MOTORCYCLE_ACCIDENT,TRUCK_ACCIDENT,NOT_PRIVATE_PROPERTY,ALCOHOL_INVOLVED,STWD_VEHTYPE_AT_FAULT,CHP_VEHTYPE_AT_FAULT,COUNT_SEVERE_INJ,COUNT_VISIBLE_INJ,COUNT_COMPLAINT_PAIN,COUNT_PED_KILLED,COUNT_PED_INJURED,COUNT_BICYCLIST_KILLED,COUNT_BICYCLIST_INJURED,COUNT_MC_KILLED,COUNT_MC_INJURED,PRIMARY_RAMP,SECONDARY_RAMP,LATITUDE,LONGITUDE,COUNTY,CITY,POINT_X,POINT_Y
9501971,2022,2022-12-28,1941,2022-08-19,2359,11653,NA,5,5,7,1941,0,0,0,NA,0,NA,BROADWAY,ALAMITOS AV,0,NA,Y,A,-,N,NA,NA,NA,NA,NA,NA,NA,NA,NA,Y,4,0,2,3,A,-,03,22350,NA,N,C,C,A,A,H,-,C,A,0,NA,NA,NA,NA,Y,NA,A,NA,0,0,2,0,0,0,0,0,0,-,-,NA,NA,LOS ANGELES,LONG BEACH,-118.18207550048828,33.769161224365234
9501972,2022,2022-12-28,1900,2022-08-22,0144,630453,1337,1,5,5,1908,0,0,0,NA,0,133T1,ALONDRA BL,BELLFLOWER BL,111,E,N,A,-,N,NA,NA,NA,NA,NA,NA,NA,NA,NA,Y,3,0,1,1,A,-,01,23152,A,N,E,I,A,A,H,-,C,D,0,NA,NA,NA,NA,Y,Y,A,07,0,1,0,0,0,0,0,0,0,-,-,NA,NA,LOS ANGELES,BELLFLOWER,-118.12493133544922,33.88935470581055
95019728,2025,2026-01-21,9550,2025-10-17,835,024626,NA,5,1,3,1964,0,1,1,NA,2,650,I-605 SOUTHBOUND,TELEGRAPH ROAD,2890,N,N,A,-,Y,LA,NA,605,NA,R,10.809,H,NA,L,Y,3,0,2,3,C,-,18,NA,NA,N,E,I,A,A,H,-,A,D,0,NA,NA,NA,Y,Y,NA,-,-,0,1,1,0,0,0,0,0,0,-,-,33.957069396972656,-118.08792114257813,LOS ANGELES,SANTA FE SPRINGS,-118.08780670166016,33.957027435302734
9501974,2022,2022-12-28,1942,2022-08-19,1705,42722,0218,5,5,7,1942,0,0,0,B,0,2A4,GLENDALE,PARK AV,0,NA,Y,A,-,N,NA,NA,NA,NA,NA,NA,NA,NA,NA,N,4,0,1,2,A,-,08,22108,NA,F,B,C,A,A,H,-,A,-,0,NA,NA,Y,NA,Y,NA,-,99,0,0,1,0,0,0,0,0,1,-,-,NA,NA,LOS ANGELES,LOS ANGELES,-118.26148223876952,34.075927734375
95019752,2025,2026-01-20,9550,2025-10-22,1355,024626,NA,3,1,6,1949,0,1,1,NA,2,651,I-605 NORTHBOUND,CECILIA STREET,280,S,N,A,-,Y,LA,NA,605,NA,R,8.872,H,NA,R,Y,4,0,1,2,A,-,07,21658,A,M,B,C,A,A,H,-,A,D,0,NA,NA,NA,NA,Y,NA,-,99,0,0,1,0,0,0,0,0,0,-,-,33.93135070800781,-118.1015625,LOS ANGELES,NORWALK,-118.1015625,33.93135070800781
95019754,2025,2026-01-20,9550,2025-12-08,2050,023854,NA,1,2,9,1900,0,2,4,NA,1,052,COLIMA ROAD WESTBOUND,NOGALES STREET,397,W,N,A,-,N,NA,NA,NA,NA,NA,NA,NA,NA,NA,N,2,0,1,2,A,-,11,21954,A,F,G,B,D,A,H,-,C,D,0,Y,NA,NA,NA,Y,NA,N,60,1,0,0,0,1,0,0,0,0,-,-,33.98788070678711,-117.89486694335938,LOS ANGELES,UNINCORPORATED,-117.89060974121094,33.987613677978516
9501978,2022,2022-12-27,1910,2022-09-27,1955,06002,NA,2,5,4,1910,0,0,0,NA,0,005,NORTH SANTA MONICA BL,N CANON DR,0,NA,Y,A,-,N,NA,NA,NA,NA,NA,NA,NA,NA,NA,Y,4,0,2,2,A,-,12,21453,A,N,D,C,A,A,H,-,C,A,0,NA,NA,NA,NA,Y,NA,A,01,0,0,2,0,0,0,0,0,0,-,-,34.072410583496094,-118.4025421142578,LOS ANGELES,BEVERLY HILLS,-118.4026336669922,34.07237243652344
9501979,2022,2022-12-27,1941,2022-09-03,1728,11656,NA,6,5,7,1941,0,0,0,NA,0,NA,ORANGE AV,14TH ST,160,NA,N,A,-,N,NA,NA,NA,NA,NA,NA,NA,NA,NA,Y,4,0,1,3,D,-,00,NA,NA,N,A,E,A,A,H,-,A,D,0,NA,NA,NA,NA,Y,NA,-,-,0,0,1,0,0,0,0,0,0,-,-,NA,NA,LOS ANGELES,LONG BEACH,-118.17636108398438,33.7844352722168
9501980,2022,2022-12-27,1941,2022-09-03,1010,11380,NA,6,5,7,1941,0,0,0,NA,0,NA,E STEARNS ST,E BELLFLOWER BL,0,E,N,A,-,N,NA,NA,NA,NA,NA,NA,NA,NA,NA,N,3,0,1,2,A,-,00,20001,NA,N,H,B,E,A,H,-,A,D,0,Y,NA,NA,NA,Y,NA,A,NA,0,1,0,0,1,0,0,0,0,-,-,NA,NA,LOS ANGELES,LONG BEACH,-118.12541961669922,33.796024322509766
9501981,2022,2023-01-12,1941,2022-09-03,1203,11380,NA,6,5,7,1941,0,0,0,NA,0,NA,7TH ST,W CAMPUS DR,0,NA,Y,A,-,N,NA,NA,NA,NA,NA,NA,NA,NA,NA,Y,3,0,1,2,A,-,11,21954,A,N,D,B,D,A,H,-,A,D,0,Y,NA,NA,NA,Y,NA,N,NA,0,1,0,0,1,0,0,0,0,-,-,NA,NA,LOS ANGELES,LONG BEACH,-118.11536407470705,33.77523422241211
9501982,2022,2023-01-14,1941,2022-09-04,2010,11647,NA,7,5,7,1941,0,0,0,NA,0,NA,WALNUT AV,3RD ST,8,S,N,A,-,N,NA,NA,NA,NA,NA,NA,NA,NA,NA,N,3,0,1,2,A,-,11,21954,A,N,G,B,D,A,H,-,C,A,0,Y,NA,NA,NA,Y,NA,N,NA,0,1,0,0,1,0,0,0,0,-,-,NA,NA,LOS ANGELES,LONG BEACH,-118.17201995849608,33.76955032348633
95019827,2025,2026-01-20,9540,2025-05-04,40,023751,NA,7,3,7,1942,0,1,1,NA,2,210,I-210 W/B (FOOTHILL FREEWAY),YARNELL ST,0.01,W,N,C,-,Y,LA,NA,210,NA,R,0.826,H,NA,L,Y,1,1,0,2,A,-,03,22350,NA,N,A,C,A,B,H,-,C,D,0,NA,NA,Y,NA,Y,NA,C,02,0,0,0,0,0,0,0,1,0,-,-,34.322959899902344,-118.47969818115234,LOS ANGELES,LOS ANGELES,-118.47969818115234,34.32295227050781
9501983,2022,2022-12-27,1941,2022-09-24,0353,11554,NA,6,5,7,1941,0,0,0,NA,0,NA,PACIFIC AV,W 6H ST,0,NA,Y,A,-,N,NA,NA,NA,NA,NA,NA,NA,NA,NA,Y,4,0,1,2,A,-,05,21651,C,F,D,C,A,A,H,-,C,A,0,NA,NA,NA,NA,Y,NA,A,NA,0,0,1,0,0,0,0,0,0,-,-,NA,NA,LOS ANGELES,LONG BEACH,NA,NA
95019833,2025,2026-01-20,9550,2025-12-21,1235,024763,NA,7,1,9,1900,0,2,4,NA,1,031,HACIENDA BOULEVARD,VILLA RITA DRIVE,50,S,N,A,-,N,NA,NA,NA,NA,NA,NA,NA,NA,NA,Y,2,0,3,2,A,-,03,22350,NA,N,A,C,A,A,H,-,A,D,0,NA,NA,NA,NA,Y,NA,A,07,3,0,0,0,0,0,0,0,0,-,-,33.94868087768555,-117.96468353271484,LOS ANGELES,UNINCORPORATED,-117.9644775390625,33.94852828979492
95019960,2025,2026-01-20,9590,2025-12-25,845,024688,NA,4,1,7,1942,0,1,1,NA,2,011,SR-110 S/B (ARROYO SECO PARKWAY),FIGUEORA STREET,200,S,N,B,-,Y,LA,NA,110,NA,NA,25.651,H,NA,L,Y,3,0,1,2,A,-,03,22350,NA,N,B,C,A,B,H,-,A,D,0,NA,NA,NA,NA,Y,NA,A,07,0,1,0,0,0,0,0,0,0,-,-,34.08116149902344,-118.2251205444336,LOS ANGELES,LOS ANGELES,-118.22512817382813,34.0811653137207
95019978,2025,2026-01-20,9590,2025-12-21,845,024681,NA,7,1,7,1942,0,1,1,NA,2,052,I-110 N/B (HARBOR FREEWAY),US-101 N/B (HOLLYWOOD FREEWAY),700,S,N,A,-,Y,LA,NA,101,NA,NA,1.656,H,NA,R,N,3,0,1,3,A,-,03,22350,NA,N,C,C,A,A,H,-,A,D,0,NA,NA,Y,NA,Y,NA,A,07,0,1,0,0,0,0,0,0,1,-,-,34.063438415527344,-118.24909210205078,LOS ANGELES,LOS ANGELES,-118.24925994873048,34.06332778930664
95020005,2025,2026-01-20,9590,2025-12-18,2114,024101,NA,4,2,7,1942,0,1,1,NA,2,040,I-5 (SANTA ANA FREEWAY),CONCORD STREET,206,N,N,A,-,Y,LA,NA,5,NA,NA,15.797,H,NA,R,N,4,0,1,2,A,-,03,22350,NA,N,C,C,A,A,H,-,C,D,0,NA,NA,NA,NA,Y,NA,A,01,0,0,1,0,0,0,0,0,0,-,-,34.0253791809082,-118.20549011230467,LOS ANGELES,LOS ANGELES,-118.20548248291016,34.02539825439453
95020018,2025,2026-01-20,9580,2025-12-26,1925,023272,NA,5,2,7,1942,0,1,2,NA,2,103,US-101 S/B TO I-405 S/B (SAN DIEGO FWY),I-405 S/B (SAN DIEGO FWY),528,N,N,B,-,Y,NA,NA,NA,NA,NA,NA,NA,NA,NA,N,2,0,1,2,A,-,08,22107,NA,N,B,C,A,B,H,-,A,D,0,NA,NA,NA,NA,Y,NA,D,22,1,0,0,0,0,0,0,0,0,-,-,34.15974044799805,-118.47000885009766,LOS ANGELES,LOS ANGELES,-118.4708251953125,34.161041259765625
95020059,2025,2026-01-20,9590,2025-11-27,539,023764,NA,4,3,7,1942,0,1,1,NA,2,050,I-110 NB (HARBOR FREEWAY),51ST STREET,750,N,N,A,-,Y,LA,NA,110,NA,NA,18.686,H,NA,R,N,4,0,1,5,A,-,08,22107,NA,M,B,C,A,A,H,-,C,D,0,NA,NA,NA,NA,Y,NA,A,01,0,0,1,0,0,0,0,0,0,-,-,33.99903106689453,-118.2807388305664,LOS ANGELES,LOS ANGELES,-118.28075408935548,33.99903106689453
95020156,2025,2026-01-20,9530,2025-12-26,1120,024345,NA,5,1,7,1942,0,1,1,NA,2,120,I-110 N/B (HARBOR FREEWAY) TO PACIFIC COAST HWY,PACIFIC COAST HWY.,340,S,N,A,-,Y,NA,NA,NA,NA,NA,NA,NA,NA,NA,Y,4,0,1,1,A,-,03,22350,NA,N,A,I,A,B,H,-,A,D,0,NA,NA,NA,NA,Y,NA,A,07,0,0,1,0,0,0,0,0,0,-,-,33.789520263671875,-118.28108978271484,LOS ANGELES,LOS ANGELES,-118.28194427490234,33.7905387878418
95020190,2025,2026-01-20,9575,2025-12-21,342,024163,NA,7,3,7,1942,0,1,1,NA,2,053,I-5 N/B (GOLDEN STATE FREEWAY),OSBORNE STREET,739,S,N,A,-,Y,LA,NA,5,NA,NA,37.281,H,NA,R,N,4,0,1,1,C,-,18,NA,NA,N,E,J,A,A,H,-,C,D,0,NA,NA,NA,NA,Y,NA,-,-,0,0,1,0,0,0,0,0,0,-,-,34.24325180053711,-118.4207000732422,LOS ANGELES,LOS ANGELES,-118.42072296142578,34.24323272705078
9502022,2022,2022-11-02,1942,2022-10-03,1950,43361,1974,1,5,7,1942,0,0,0,NA,0,19A85,VAN NUYS BL,OSBORNE ST,0,NA,N,A,-,N,NA,NA,NA,NA,NA,NA,NA,NA,NA,Y,4,0,1,3,A,-,01,23152,A,M,B,E,A,A,-,-,C,D,0,NA,NA,NA,NA,Y,Y,A,01,0,0,1,0,0,0,0,0,0,-,-,NA,NA,LOS ANGELES,LOS ANGELES,-118.45024871826172,34.23309326171875
95020245,2025,2026-01-20,9575,2025-12-26,2249,024158,NA,5,3,6,1925,0,1,3,NA,2,042,SR-134 W/B (VENTURA FREEWAY),GLENDALE AVE,330,W,N,C,-,Y,LA,NA,134,NA,R,7.803,H,NA,L,Y,4,0,1,1,A,-,01,23152,A,N,E,8,A,B,H,-,C,D,0,NA,NA,NA,NA,Y,Y,A,01,0,0,1,0,0,0,0,0,0,-,-,34.156280517578125,-118.24324035644533,LOS ANGELES,GLENDALE,-118.24325561523438,34.156227111816406
95020261,2025,2026-01-20,9530,2025-12-13,1136,024609,NA,6,1,7,1942,0,1,1,NA,2,110,I-110 N/B (HARBOR FREEWAY),190TH STREET,64.3,S,N,A,-,Y,LA,NA,110,NA,NA,9.083,H,NA,R,Y,4,0,1,3,A,-,01,23152,A,N,C,C,A,A,H,-,A,D,0,NA,NA,NA,NA,Y,Y,D,22,0,0,1,0,0,0,0,0,0,-,-,33.861480712890625,-118.28478240966795,LOS ANGELES,LOS ANGELES,-118.28478240966795,33.861480712890625
95020264,2025,2026-01-20,9530,2025-06-14,23,023673,NA,6,3,9,1900,0,3,5,NA,2,003,LIME AVE.,MYRRH ST.,33.89,N,N,A,-,N,NA,NA,NA,NA,NA,NA,NA,NA,NA,N,2,0,1,3,A,-,08,22107,NA,M,G,B,E,A,H,-,C,A,0,Y,NA,NA,NA,Y,NA,-,99,1,0,0,0,1,0,0,0,0,-,-,33.892601013183594,-118.19200897216795,LOS ANGELES,UNINCORPORATED,-118.19205474853516,33.89256286621094
9502041,2022,2022-10-25,1942,2022-09-30,1730,34561,1954,5,5,7,1942,0,0,0,NA,0,26TL74,DEVONSHIRE ST,LEMONA AV,115,E,N,A,-,N,NA,NA,NA,NA,NA,NA,NA,NA,NA,Y,1,1,0,2,A,-,03,22350,NA,N,C,C,A,A,H,-,A,A,0,NA,NA,Y,NA,Y,NA,C,02,0,0,0,0,0,0,0,1,0,-,-,NA,NA,LOS ANGELES,LOS ANGELES,-118.458251953125,34.25722885131836
9502045,2022,2022-10-24,1942,2022-09-01,1600,39028,0374,4,5,7,1942,0,0,0,C,0,MX16,ARLINGTON AV,KING BL,0,NA,Y,A,-,N,NA,NA,NA,NA,NA,NA,NA,NA,NA,Y,2,0,4,3,A,-,12,21453,A,N,D,C,A,A,H,-,A,A,0,NA,NA,NA,NA,Y,NA,A,01,1,3,0,0,0,0,0,0,0,-,-,NA,NA,LOS ANGELES,LOS ANGELES,-118.31824493408205,34.01081848144531
9502046,2022,2022-10-24,1942,2022-09-25,0135,43545,0398,7,5,7,1942,0,0,0,C,0,3A31,VERNON AV,FIGUEROA ST,0,NA,Y,A,-,N,NA,NA,NA,NA,NA,NA,NA,NA,NA,Y,3,0,4,3,A,-,01,23152,A,N,A,C,A,A,H,-,C,A,0,NA,NA,NA,NA,Y,Y,A,01,0,4,0,0,0,0,0,0,0,-,-,NA,NA,LOS ANGELES,LOS ANGELES,-118.2827377319336,34.003746032714844
95020460,2025,2026-01-20,9550,2025-07-27,230,024463,NA,7,3,9,1900,0,3,5,NA,2,005,SIERRA LEONE AVENUE,LOS PADRES DRIVE,100,N,N,A,-,N,NA,NA,NA,NA,NA,NA,NA,NA,NA,Y,2,0,2,4,A,-,08,22107,NA,N,C,4,A,A,H,-,C,D,0,NA,NA,NA,NA,Y,NA,A,01,1,1,0,0,0,0,0,0,0,-,-,33.98242950439453,-117.89952087402344,LOS ANGELES,UNINCORPORATED,-117.89945220947266,33.982425689697266
95020461,2025,2026-01-20,9575,2025-12-29,849,024270,NA,1,1,7,1942,0,1,1,NA,2,053,I-5 N/B (GOLDEN STATE FREEWAY),PAXTON ST.,277,S,N,A,-,Y,LA,NA,5,NA,NA,39.001,H,NA,R,Y,4,0,5,2,C,-,18,NA,NA,N,E,9,A,A,H,-,A,D,0,NA,NA,NA,NA,Y,NA,-,-,0,0,5,0,0,0,0,0,0,-,-,34.26210021972656,-118.44037628173828,LOS ANGELES,LOS ANGELES,-118.4403076171875,34.26213455200195
9502047,2022,2022-10-24,1942,2022-09-02,1550,44031,5A1,5,5,7,1942,0,0,0,NA,0,5A1,182ND ST,NORMANDIE AV,250,W,N,A,-,N,NA,NA,NA,NA,NA,NA,NA,NA,NA,N,2,0,1,3,A,-,03,22350,A,N,C,B,F,A,H,-,A,A,0,Y,NA,NA,NA,Y,NA,A,01,1,0,0,0,1,0,0,0,0,-,-,NA,NA,LOS ANGELES,LOS ANGELES,-118.30001068115234,33.86565399169922
9502048,2022,2022-10-24,1941,2022-09-21,1859,11226,NA,3,5,7,1941,0,0,0,NA,0,NA,W PACIFIC COAST HWY,PACIFIC AV,150,W,N,A,-,N,NA,NA,NA,NA,NA,NA,NA,NA,NA,Y,4,0,2,2,A,-,01,23152,B,M,-,C,A,-,H,-,B,D,0,NA,NA,NA,NA,Y,Y,A,NA,0,0,2,0,0,0,0,0,0,-,-,NA,NA,LOS ANGELES,LONG BEACH,-118.19422149658205,33.78987121582031
9502052,2022,2022-10-24,1900,2022-09-23,0800,411845,2228,5,5,3,1994,0,0,0,NA,0,222T1,KANAN RD,EAGLETON ST,0,NA,Y,A,-,N,NA,NA,NA,NA,NA,NA,NA,NA,NA,Y,3,0,3,3,A,-,09,21801,A,N,D,C,A,A,H,-,A,A,0,NA,NA,NA,NA,Y,NA,D,22,0,1,2,0,0,0,0,0,0,-,-,36.162139892578125,-118.75717163085938,LOS ANGELES,AGOURA HILLS,-118.7573013305664,34.1621208190918
9502053,2022,2022-10-24,1900,2022-09-14,1730,635554,2243,3,5,3,1989,0,0,0,NA,0,224T2,LAS VIRGENES RD,MUREAU RD,0,NA,Y,A,-,N,NA,NA,NA,NA,NA,NA,NA,NA,NA,Y,3,0,2,2,A,-,03,22350,NA,N,D,C,A,A,H,-,A,A,0,NA,NA,NA,NA,Y,NA,A,07,0,1,1,0,0,0,0,0,0,-,-,34.15245819091797,-118.6972198486328,LOS ANGELES,CALABASAS,-118.69725799560548,34.152462005615234
9502054,2022,2022-10-24,1900,2022-09-15,1035,467716,1013,4,5,3,1995,0,0,0,NA,0,101T3,KANAN DUME RD,GALAHAD DR,0,NA,Y,A,-,N,NA,NA,NA,NA,NA,NA,NA,NA,NA,Y,3,0,1,2,A,-,09,21802,A,N,D,C,A,A,H,-,A,D,0,NA,NA,NA,NA,Y,NA,A,01,0,1,0,0,0,0,0,0,0,-,-,NA,NA,LOS ANGELES,MALIBU,-118.79956817626952,34.02766799926758
95020744,2025,2026-01-20,9590,2025-11-23,307,024681,NA,7,3,7,1942,0,1,2,NA,2,073,US-101 S/B (HOLLYWOOD FREEWAY),FIGUEROA STREET,1000,N,N,A,-,Y,LA,NA,101,NA,NA,1.663,H,NA,L,Y,3,0,2,1,A,-,08,22107,NA,N,E,I,A,A,H,-,C,D,0,NA,NA,NA,NA,Y,NA,A,01,0,2,0,0,0,0,0,0,0,-,-,34.063140869140625,-118.24964904785156,LOS ANGELES,LOS ANGELES,-118.24945831298828,34.06325149536133
95020772,2025,2026-01-20,9550,2025-11-23,50,024640,NA,7,3,6,1920,0,1,1,NA,2,500,I-5 NORTHBOUND FROM LAKEWOOD BOULEVARD,LAKEWOOD BOULEVARD,180,N,N,A,-,Y,NA,NA,NA,NA,NA,NA,NA,NA,NA,Y,3,0,1,1,A,-,08,22107,NA,N,A,J,A,A,H,-,C,D,0,NA,NA,NA,NA,Y,NA,A,01,0,1,0,0,0,0,0,0,0,-,-,33.958778381347656,-118.11209869384766,LOS ANGELES,DOWNEY,-118.11211395263672,33.95825958251953
95020779,2025,2026-01-20,9550,2025-05-12,2229,023937,NA,1,3,7,1941,0,1,3,NA,2,090,STATE ROUTE 91 (EASTBOUND),CHERRY AVENUE,1214,E,N,A,-,Y,LA,NA,91,NA,R,13.325,H,NA,R,Y,1,1,0,4,A,-,03,22350,NA,F,C,C,E,A,H,-,E,D,0,Y,NA,NA,NA,Y,NA,A,01,0,0,0,1,0,0,0,0,0,-,-,33.87596893310547,-118.16500854492188,LOS ANGELES,LONG BEACH,-118.16500854492188,33.8759765625
95020927,2025,2026-01-20,9535,2025-09-04,832,024378,NA,4,1,6,1922,0,1,3,NA,2,621,SR-60 (POMONA FREEWAY) W/B,SANTA ANITA AVE,450,W,N,A,-,Y,LA,NA,60,NA,NA,10.149,H,NA,L,N,3,0,1,3,A,-,03,22350,NA,N,C,C,A,A,H,-,A,D,0,NA,NA,NA,Y,Y,NA,F,26,0,1,0,0,0,0,0,0,0,-,-,34.040191650390625,-118.0531768798828,LOS ANGELES,EL MONTE,-118.0531997680664,34.04011154174805
95020974,2025,2026-01-20,9530,2025-12-26,830,024512,NA,5,1,7,1941,0,1,3,NA,2,310,SR-91 E/B (ARTESIA FREEWAY),SANTA FE AVE,300,E,N,C,-,Y,LA,NA,91,NA,R,10.47,H,NA,R,N,3,0,2,2,A,-,03,22350,NA,N,D,C,A,B,H,-,A,D,0,NA,NA,NA,NA,Y,NA,A,01,0,2,0,0,0,0,0,0,0,-,-,33.87343978881836,-118.2133331298828,LOS ANGELES,LONG BEACH,-118.21332550048828,33.87339782714844
95021033,2025,2026-01-20,9530,2025-12-13,2255,024460,NA,6,3,9,1900,0,3,5,NA,2,002,EL SEGUNDO BOULEVARD (300 BLOCK),SAN PEDRO STREET,335,E,N,A,-,N,NA,NA,NA,NA,NA,NA,NA,NA,NA,N,2,0,1,2,A,-,11,21954,A,F,A,B,D,A,H,-,D,D,0,Y,NA,NA,NA,Y,NA,N,60,1,0,0,0,1,0,0,0,0,-,-,33.91645812988281,-118.2685089111328,LOS ANGELES,UNINCORPORATED,-118.26851654052734,33.916419982910156
95021080,2025,2026-01-20,9525,2025-09-26,347,023176,NA,5,3,6,1975,0,1,1,NA,2,104,I-10 EASTBOUND (SAN BERNARDINO FWY),WEST COVINA PARKWAY,1638,W,N,A,-,Y,LA,NA,10,NA,NA,34.182,H,NA,R,Y,1,1,0,1,A,-,08,22107,NA,N,E,I,A,A,H,-,C,D,0,NA,NA,NA,NA,Y,NA,D,22,0,0,0,0,0,0,0,0,0,-,-,34.07146072387695,-117.94780731201172,LOS ANGELES,WEST COVINA,-117.94782257080078,34.071563720703125
95021146,2025,2026-01-20,9525,2025-12-21,1800,024001,NA,7,2,6,1955,0,1,3,NA,2,072,STATE ROUTE 71 NORTHBOUND,RIO RANCHO ROAD OVERCROSSING,53,N,N,A,-,Y,LA,NA,71,NA,NA,3.588,H,NA,R,N,4,0,2,2,A,-,03,22350,NA,M,C,C,A,A,H,-,C,D,0,NA,NA,NA,NA,Y,NA,D,22,0,0,2,0,0,0,0,0,0,-,-,34.032100677490234,-117.75862121582033,LOS ANGELES,POMONA,-117.75875854492188,34.03199768066406
95021159,2025,2026-01-20,9550,2025-09-19,2225,024590,NA,5,3,5,1969,0,1,1,NA,2,151,I-105 W/B,GARFIELD AVE,59,E,N,A,-,Y,LA,NA,105,NA,R,14.146,H,NA,L,Y,4,0,1,3,A,-,03,22350,NA,N,C,C,A,A,H,-,A,D,0,NA,NA,NA,NA,Y,NA,A,01,0,0,1,0,0,0,0,0,0,-,-,33.91128921508789,-118.16860198974608,LOS ANGELES,SOUTH GATE,-118.16860198974608,33.911277770996094
95021176,2025,2026-01-20,9590,2025-11-23,22,024044,NA,7,3,9,1900,0,2,S,NA,2,904,ANGELES VISTA BOULEVARD (5200 S. BLOCK),KENISTON AVENUE,40,W,N,A,-,N,NA,NA,NA,NA,NA,NA,NA,NA,NA,Y,2,0,2,2,A,-,05,21650,NA,N,B,2,A,A,H,-,C,A,0,NA,NA,NA,NA,Y,Y,A,01,1,0,1,0,0,0,0,0,0,-,-,33.994808197021484,-118.34220123291016,LOS ANGELES,UNINCORPORATED,-118.34214782714844,33.99478530883789
95021298,2025,2026-01-20,9550,2025-11-24,1945,023782,NA,1,2,9,1900,0,1,1,NA,2,650,I-605 S/B TO WASHINGTON BLVD.,WASHINGTON BLVD,20,N,N,A,-,Y,NA,NA,NA,NA,NA,NA,NA,NA,NA,N,4,0,1,2,A,-,03,22350,NA,N,C,C,A,A,H,-,D,A,0,NA,NA,NA,NA,Y,NA,A,01,0,0,1,0,0,0,0,0,0,-,-,33.974910736083984,-118.08170318603516,LOS ANGELES,UNINCORPORATED,-118.08010864257813,33.974021911621094
95021299,2025,2026-01-20,9535,2025-11-15,1228,023070,NA,6,1,9,1900,0,1,1,NA,2,071,I-710 S/B (LONG BEACH FREEWAY),WHITTER BLVD,150,S,N,A,-,Y,LA,NA,710,NA,NA,23.741,H,NA,R,Y,4,0,2,4,A,-,03,22350,NA,N,C,C,A,B,H,-,A,D,0,NA,NA,NA,NA,Y,NA,A,01,0,0,2,0,0,0,0,0,0,-,-,34.02307891845703,-118.17253875732422,LOS ANGELES,UNINCORPORATED,-118.17259979248048,34.02309036254883
9502130,2022,2022-10-28,1942,2022-10-04,1430,39048,1775,2,5,7,1942,0,0,0,Q,0,26TL44,NORDHOFF ST,BALBOA BL,110,W,N,A,-,N,NA,NA,NA,NA,NA,NA,NA,NA,NA,N,4,0,2,2,A,-,08,22107,NA,N,B,C,A,A,H,-,A,A,0,NA,NA,NA,NA,Y,NA,A,01,0,0,2,0,0,0,0,0,0,-,-,NA,NA,LOS ANGELES,LOS ANGELES,-118.5028839111328,34.23575210571289
95021301,2025,2026-01-20,9535,2025-11-15,1305,023070,NA,6,1,5,1915,0,1,1,NA,2,075,I-710 S/B (LONG BEACH FREEWAY),COMPTON BLVD,360,S,N,C,-,Y,LA,NA,710,NA,NA,14.37,H,NA,L,Y,4,0,2,2,A,-,08,22107,NA,N,B,C,A,B,H,-,A,D,0,NA,NA,NA,NA,Y,NA,A,07,0,0,2,0,0,0,0,0,0,-,-,33.89514923095703,-118.18798065185548,LOS ANGELES,COMPTON,-118.1878662109375,33.895137786865234
9502131,2022,2022-10-27,1942,2022-10-03,0730,41274,NA,1,5,7,1942,0,0,0,NA,0,1676,NETTLETON ST,TERHUNE AV,0,NA,Y,A,-,N,NA,NA,NA,NA,NA,NA,NA,NA,NA,N,4,0,1,2,A,-,12,22450,A,F,G,B,B,A,H,-,A,A,0,Y,NA,NA,NA,Y,NA,-,NA,0,0,1,0,1,0,0,0,0,-,-,NA,NA,LOS ANGELES,LOS ANGELES,-118.36441040039064,34.22490310668945