CASE_ID,ACCIDENT_YEAR,PROC_DATE,JURIS,COLLISION_DATE,COLLISION_TIME,OFFICER_ID,REPORTING_DISTRICT,DAY_OF_WEEK,CHP_SHIFT,POPULATION,CNTY_CITY_LOC,SPECIAL_COND,BEAT_TYPE,CHP_BEAT_TYPE,CITY_DIVISION_LAPD,CHP_BEAT_CLASS,BEAT_NUMBER,PRIMARY_RD,SECONDARY_RD,DISTANCE,DIRECTION,INTERSECTION,WEATHER_1,WEATHER_2,STATE_HWY_IND,CALTRANS_COUNTY,CALTRANS_DISTRICT,STATE_ROUTE,ROUTE_SUFFIX,POSTMILE_PREFIX,POSTMILE,LOCATION_TYPE,RAMP_INTERSECTION,SIDE_OF_HWY,TOW_AWAY,COLLISION_SEVERITY,NUMBER_KILLED,NUMBER_INJURED,PARTY_COUNT,PRIMARY_COLL_FACTOR,PCF_CODE_OF_VIOL,PCF_VIOL_CATEGORY,PCF_VIOLATION,PCF_VIOL_SUBSECTION,HIT_AND_RUN,TYPE_OF_COLLISION,MVIW,PED_ACTION,ROAD_SURFACE,ROAD_COND_1,ROAD_COND_2,LIGHTING,CONTROL_DEVICE,CHP_ROAD_TYPE,PEDESTRIAN_ACCIDENT,BICYCLE_ACCIDENT,MOTORCYCLE_ACCIDENT,TRUCK_ACCIDENT,NOT_PRIVATE_PROPERTY,ALCOHOL_INVOLVED,STWD_VEHTYPE_AT_FAULT,CHP_VEHTYPE_AT_FAULT,COUNT_SEVERE_INJ,COUNT_VISIBLE_INJ,COUNT_COMPLAINT_PAIN,COUNT_PED_KILLED,COUNT_PED_INJURED,COUNT_BICYCLIST_KILLED,COUNT_BICYCLIST_INJURED,COUNT_MC_KILLED,COUNT_MC_INJURED,PRIMARY_RAMP,SECONDARY_RAMP,LATITUDE,LONGITUDE,COUNTY,CITY,POINT_X,POINT_Y
9502552,2022,2022-09-19,1900,2022-08-08,1949,626545,0534,1,5,5,1959,0,0,0,NA,0,53T1PM,GARVEY AV,BURTON AV,40,S,N,A,-,N,NA,NA,NA,NA,NA,NA,NA,NA,NA,N,3,0,1,5,A,-,08,22107,NA,F,B,C,A,A,H,-,B,D,0,NA,NA,NA,NA,Y,NA,-,99,0,1,0,0,0,0,0,0,0,-,-,34.062599182128906,-118.08000183105467,LOS ANGELES,ROSEMEAD,-118.08038330078124,34.062679290771484
9502553,2022,2022-09-16,1900,2022-08-29,1137,478087,0532,1,5,5,1959,0,0,0,NA,0,53T1AM,DEL MAR AV,HELLMAN AV,6,N,N,A,-,N,NA,NA,NA,NA,NA,NA,NA,NA,NA,N,3,0,1,2,A,-,10,21950,A,N,G,B,B,A,H,-,A,A,0,Y,NA,NA,NA,Y,NA,A,01,0,1,0,0,1,0,0,0,0,-,-,34.4197883605957,-118.59725189208984,LOS ANGELES,ROSEMEAD,-118.09954071044922,34.06987762451172
9502554,2022,2022-09-19,1900,2022-08-02,0855,626488,0541,2,5,3,1921,0,0,0,NA,0,58T1PM,BUENA VISTA ST,CENTRAL AV,102,N,N,A,-,N,NA,NA,NA,NA,NA,NA,NA,NA,NA,N,4,0,2,3,A,-,04,21703,NA,N,C,C,A,B,H,-,A,A,0,NA,NA,NA,NA,Y,NA,A,08,0,0,2,0,0,0,0,0,0,-,-,34.136260986328125,-117.97762298583984,LOS ANGELES,DUARTE,-117.97756958007813,34.13618850708008
9502555,2022,2022-09-16,1928,2022-08-07,2033,50425,508,7,5,5,1928,0,0,0,NA,0,502,CRENSHAW BL,118TH PL,56,S,N,A,-,N,NA,NA,NA,NA,NA,NA,NA,NA,NA,N,4,0,1,2,A,-,04,21703,NA,F,C,C,A,A,H,-,C,A,0,NA,NA,NA,NA,Y,NA,A,01,0,0,1,0,0,0,0,0,0,-,-,33.926551818847656,-118.32643127441406,LOS ANGELES,HAWTHORNE,-118.32659149169922,33.92635726928711
9502557,2022,2022-09-16,1928,2022-08-06,2042,50429,520,6,5,5,1928,0,0,0,NA,0,503,YUKON AV,ROSECRANS AV,315,N,N,A,-,N,NA,NA,NA,NA,NA,NA,NA,NA,NA,N,4,0,1,2,A,-,09,21804,A,N,D,C,A,A,H,-,C,D,0,NA,NA,NA,NA,Y,NA,A,01,0,0,1,0,0,0,0,0,0,-,-,33.901878356933594,-118.33519744873048,LOS ANGELES,HAWTHORNE,-118.3352279663086,33.902793884277344
9502558,2022,2022-09-16,1928,2022-08-08,0720,50423,530,1,5,5,1928,0,0,0,NA,0,501,HAWTHORNE BL,IMPERIAL HWY,0,NA,Y,A,-,N,NA,NA,NA,NA,NA,NA,NA,NA,NA,N,3,0,1,2,A,-,12,21453,A,N,D,G,A,A,H,-,A,A,0,NA,Y,NA,NA,Y,NA,L,04,0,1,0,0,0,0,1,0,0,-,-,33.93088150024414,-118.3527374267578,LOS ANGELES,HAWTHORNE,-118.35270690917967,33.93096160888672
9502559,2022,2022-09-16,1928,2022-08-26,1956,50430,528,5,5,5,1928,0,0,0,NA,0,501,EL SEGUNDO BL,INGLEWOOD AV,32,E,N,A,-,N,NA,NA,NA,NA,NA,NA,NA,NA,NA,N,2,0,1,2,A,-,08,22107,NA,N,D,C,A,A,H,-,C,A,0,NA,NA,Y,NA,Y,NA,A,01,1,0,0,0,0,0,0,0,1,-,-,33.91640090942383,-118.63127899169922,LOS ANGELES,HAWTHORNE,-118.36118316650392,33.91640853881836
9502560,2022,2022-09-19,1928,2022-08-21,2206,50414,509,7,5,5,1928,0,0,0,NA,0,502,EL SEGUNDO BL,CRANBROOK AV,0,NA,Y,A,-,N,NA,NA,NA,NA,NA,NA,NA,NA,NA,Y,4,0,4,5,A,-,08,22107,NA,N,B,E,A,A,H,-,C,A,0,NA,NA,NA,NA,Y,NA,A,01,0,0,4,0,0,0,0,0,0,-,-,33.91643142700195,-118.33605194091795,LOS ANGELES,HAWTHORNE,-118.33631134033205,33.916419982910156
9502593,2022,2022-09-21,1900,2022-08-28,1932,499039,1515,7,5,5,1954,0,0,0,NA,0,151T2,WASHINGTON BL,PASSONS BL,163,E,N,A,-,N,NA,NA,NA,NA,NA,NA,NA,NA,NA,Y,4,0,1,4,A,-,03,22350,NA,F,C,C,A,A,H,-,C,D,0,NA,NA,NA,NA,Y,Y,A,01,0,0,1,0,0,0,0,0,0,-,-,33.979148864746094,-118.08956909179688,LOS ANGELES,PICO RIVERA,-118.08973693847656,33.97908401489258
95026244,2025,2026-01-23,9565,2025-10-31,1900,024321,NA,5,2,9,1900,0,2,4,NA,2,021,VERMONT AVENUE,120TH STREET,0,NA,Y,A,-,N,NA,NA,NA,NA,NA,NA,NA,NA,NA,N,3,0,2,2,A,-,08,22100,B,F,D,2,A,A,H,-,C,A,0,NA,NA,NA,NA,Y,NA,A,01,0,1,1,0,0,0,0,0,0,-,-,33.923648834228516,-118.29151916503906,LOS ANGELES,UNINCORPORATED,-118.29180145263672,33.92369079589844
95026282,2025,2026-01-23,9540,2025-11-30,2200,023817,NA,7,3,9,1900,1,1,1,NA,2,510,I-5 N/B (GOLDEN STATE FREEWAY,VISTA DEL LAGO RD.,17424,S,N,A,-,Y,LA,NA,5,NA,R,71.153,H,NA,R,Y,3,0,8,3,A,-,01,23152,A,N,B,2,A,A,H,-,D,D,0,NA,NA,NA,NA,Y,Y,D,22,0,1,7,0,0,0,0,0,0,-,-,34.63330078125,-118.72943878173828,LOS ANGELES,UNINCORPORATED,-118.72945404052734,34.63328552246094
95026513,2025,2026-01-23,9550,2025-12-15,2345,022268,NA,1,3,3,1903,0,1,3,NA,2,091,SR-91 E/B W/OF I-605,I-605,900,W,N,E,-,Y,LA,NA,91,NA,R,16.614,H,NA,R,Y,4,0,1,2,A,-,03,22350,NA,N,B,I,A,A,H,-,D,D,0,NA,NA,NA,NA,Y,NA,A,01,0,0,1,0,0,0,0,0,0,-,-,33.8767204284668,-118.1081314086914,LOS ANGELES,ARTESIA,-118.10813903808594,33.876686096191406
95026587,2025,2026-01-23,9545,2025-12-14,1607,024391,NA,7,2,9,1900,0,3,5,NA,1,005,AVENUE Q-7,159TH STREET EAST,278,W,N,A,-,N,NA,NA,NA,NA,NA,NA,NA,NA,NA,N,3,0,2,2,A,-,03,22350,NA,M,B,C,A,A,H,-,A,D,0,NA,NA,NA,NA,Y,NA,A,01,0,2,0,0,0,0,0,0,0,-,-,34.581241607666016,-117.8471221923828,LOS ANGELES,UNINCORPORATED,-117.84702301025392,34.58122253417969
9502659,2022,2022-10-05,1928,2022-05-24,2008,50429,505,2,5,5,1928,0,0,0,NA,0,503,ROSECRANS AV,CRENSHAW BL,171,W,N,A,-,N,NA,NA,NA,NA,NA,NA,NA,NA,NA,N,4,0,1,2,A,-,09,21804,A,N,C,C,A,A,H,-,C,A,0,NA,NA,NA,NA,Y,NA,A,07,0,0,1,0,0,0,0,0,0,-,-,33.90187072753906,-118.32649230957033,LOS ANGELES,HAWTHORNE,-118.32709503173828,33.90193176269531
9502716,2022,2022-09-28,1941,2022-05-24,1934,11018,NA,2,5,7,1941,0,0,0,NA,0,NA,ORANGE AV,37TH ST,0,NA,Y,A,-,N,NA,NA,NA,NA,NA,NA,NA,NA,NA,N,4,0,2,2,A,-,08,22107,NA,N,D,C,A,A,H,-,A,A,0,NA,NA,NA,NA,Y,NA,-,NA,0,0,2,0,0,0,0,0,0,-,-,NA,NA,LOS ANGELES,LONG BEACH,-118.17633056640624,33.824195861816406
95027209,2025,2026-01-26,9575,2025-12-31,1420,023029,NA,3,2,6,1953,0,1,1,NA,2,063,I-210 W/B (FOOTHILL FREEWAY),ARROYO BOULEVARD,100,W,N,B,C,Y,LA,NA,210,NA,R,22.464,H,NA,L,Y,2,0,7,2,D,-,00,NA,NA,N,D,2,A,B,H,-,A,D,0,NA,NA,NA,NA,Y,NA,-,-,2,3,2,0,0,0,0,0,0,-,-,34.18149948120117,-118.16947174072266,LOS ANGELES,PASADENA,-118.16941833496094,34.18156814575195
9502721,2022,2022-09-16,1941,2022-06-27,2112,11018,NA,1,5,7,1941,0,0,0,NA,0,NA,HARBOR AV,67TH WY,0,NA,Y,A,-,N,NA,NA,NA,NA,NA,NA,NA,NA,NA,N,4,0,1,2,A,-,08,22107,NA,N,A,B,B,A,H,-,C,A,0,Y,NA,NA,NA,Y,NA,A,NA,0,0,1,0,1,0,0,0,0,-,-,NA,NA,LOS ANGELES,LONG BEACH,-118.20720672607422,33.876827239990234
9502722,2022,2022-09-16,1941,2022-06-19,0151,11244,NA,7,5,7,1941,0,0,0,NA,0,NA,ANAHEIM ST,GARDENIA AV,0,NA,Y,A,-,N,NA,NA,NA,NA,NA,NA,NA,NA,NA,N,3,0,1,2,D,-,00,NA,NA,N,D,C,A,A,H,-,C,A,0,NA,NA,Y,NA,Y,NA,-,-,0,1,0,0,0,0,0,0,1,-,-,NA,NA,LOS ANGELES,LONG BEACH,-118.16876983642578,33.78260803222656
9502735,2022,2022-09-16,1900,2022-06-14,1355,616178,1123,2,5,6,1992,0,0,0,NA,0,112T2,ELM AV,AVE J-15,10,N,N,A,-,N,NA,NA,NA,NA,NA,NA,NA,NA,NA,N,4,0,1,2,A,-,09,21801,A,N,A,C,A,A,H,-,A,D,0,NA,NA,NA,NA,Y,NA,-,NA,0,0,1,0,0,0,0,0,0,-,-,NA,NA,LOS ANGELES,LANCASTER,-118.14076232910156,34.67588806152344
9502736,2022,2022-09-16,1900,2022-06-02,1332,510509,1133,4,5,6,1992,0,0,0,NA,0,112T4,15TH ST EAST,AVE K,0,NA,Y,A,-,N,NA,NA,NA,NA,NA,NA,NA,NA,NA,Y,3,0,4,2,A,-,09,21801,A,N,B,C,A,A,H,-,A,A,0,NA,NA,NA,NA,Y,NA,-,NA,0,1,3,0,0,0,0,0,0,-,-,NA,NA,LOS ANGELES,LANCASTER,-118.10352325439452,34.6750373840332
9502738,2022,2022-09-16,1900,2022-06-20,1455,633784,1123,1,5,6,1992,0,0,0,NA,0,111T2,AVE J-4,10TH ST WEST,15,E,N,A,-,N,NA,NA,NA,NA,NA,NA,NA,NA,NA,N,3,0,1,2,A,-,08,22100,A,N,D,C,A,A,H,-,A,A,0,NA,NA,NA,NA,Y,NA,-,NA,0,1,0,0,0,0,0,0,0,-,-,NA,NA,LOS ANGELES,LANCASTER,-118.14794921875,34.6857795715332
9502739,2022,2022-09-16,1900,2022-06-17,1928,515339,1512,5,5,5,1954,0,0,0,NA,0,151T2,BEVERLY BL,DURFEE AV,0,NA,Y,A,-,N,NA,NA,NA,NA,NA,NA,NA,NA,NA,Y,3,0,1,2,A,-,01,23152,F,F,D,C,A,A,H,-,A,A,0,NA,NA,NA,NA,Y,Y,A,01,0,1,0,0,0,0,0,0,0,-,-,34.00899887084961,-118.07640075683594,LOS ANGELES,PICO RIVERA,-118.07634735107422,34.00910949707031
9502741,2022,2022-09-19,1900,2022-07-30,2030,404918,1812,6,5,2,1904,0,0,0,NA,0,184B,SAINT CATHERINE WY,ALTA VISTA,0,NA,Y,A,-,Y,NA,NA,NA,NA,NA,NA,NA,NA,NA,N,2,0,5,1,A,-,03,22350,NA,N,F,I,A,A,H,-,D,D,0,NA,NA,NA,NA,Y,NA,M,96,1,4,0,0,0,0,0,0,0,-,-,33.21255111694336,-118.20046997070313,LOS ANGELES,AVALON,NA,NA
9502743,2022,2022-09-16,1900,2022-07-24,0450,404918,1810,7,5,2,1904,0,0,0,NA,0,184B,CELMENTE AV,TREMONT ST,105,N,N,A,-,N,NA,NA,NA,NA,NA,NA,NA,NA,NA,N,3,0,1,1,A,-,03,22350,NA,N,E,I,A,A,H,-,D,D,0,NA,NA,NA,NA,Y,Y,M,96,0,1,0,0,0,0,0,0,0,-,-,33.20391082763672,-118.19593811035156,LOS ANGELES,AVALON,-118.32666778564452,33.33979797363281
9502745,2022,2022-09-19,1900,2022-07-08,1301,621509,0530,5,5,5,1959,0,0,0,NA,0,53T1D,WALNUT GROVE AV,VALLEY BL,13,S,N,A,-,N,NA,NA,NA,NA,NA,NA,NA,NA,NA,N,3,0,1,2,A,-,10,21950,A,N,G,B,B,A,H,-,A,A,0,Y,NA,NA,NA,Y,NA,A,01,0,1,0,0,1,0,0,0,0,-,-,34.080421447753906,-118.08194732666016,LOS ANGELES,ROSEMEAD,-118.08203887939452,34.08049392700195
9502746,2022,2022-09-19,1900,2022-07-07,0728,621509,0531,4,5,4,1971,0,0,0,NA,0,53T1D,LOWER AZUSA RD,HALIFAX RD,0,NA,Y,A,-,N,NA,NA,NA,NA,NA,NA,NA,NA,NA,Y,3,0,4,2,D,-,00,NA,NA,N,D,C,A,A,H,-,A,A,0,NA,NA,NA,NA,Y,NA,-,-,0,4,0,0,0,0,0,0,0,-,-,34.09197998046875,-118.03996276855467,LOS ANGELES,TEMPLE CITY,-118.03993988037108,34.09199905395508
9502753,2022,2022-09-19,1900,2022-07-22,2140,647596,1127,5,5,6,1992,0,0,0,NA,0,112T2,AVENUE J,40TH ST WEST,0,NA,Y,A,-,N,NA,NA,NA,NA,NA,NA,NA,NA,NA,Y,4,0,2,2,A,-,09,21801,A,N,D,C,A,A,H,-,C,A,0,NA,NA,NA,NA,Y,NA,A,01,0,0,2,0,0,0,0,0,0,-,-,34.68946075439453,-118.20127868652344,LOS ANGELES,LANCASTER,-118.20151519775392,34.68931198120117
9502754,2022,2022-09-19,1900,2022-07-06,2202,624934,1135,3,5,6,1992,0,0,0,NA,0,112T1,AVENUE I,30TH ST EAST,0,NA,Y,A,-,N,NA,NA,NA,NA,NA,NA,NA,NA,NA,Y,4,0,3,2,A,-,09,21801,A,N,A,C,A,A,H,-,C,A,0,NA,NA,NA,NA,Y,NA,A,07,0,0,3,0,0,0,0,0,0,-,-,NA,NA,LOS ANGELES,LANCASTER,-118.07708740234376,34.70442199707031
9502755,2022,2022-09-19,1900,2022-07-07,2043,647596,1132,4,5,6,1992,0,0,0,NA,0,1T2T2,AVENUE I,5TH ST EAST,196,W,N,A,-,N,NA,NA,NA,NA,NA,NA,NA,NA,NA,Y,4,0,1,4,A,-,04,21703,NA,M,C,C,A,A,H,-,C,D,0,NA,NA,Y,NA,Y,NA,A,01,0,0,1,0,0,0,0,0,1,-,-,34.704010009765625,-118.12238311767578,LOS ANGELES,LANCASTER,-118.1221923828125,34.704078674316406
9502756,2022,2022-09-16,1900,2022-07-01,1145,659186,1126,5,5,6,1992,0,0,0,NA,0,111T4,15TH ST,AVENUE K,0,NA,Y,A,-,N,NA,NA,NA,NA,NA,NA,NA,NA,NA,N,4,0,1,2,A,-,03,22350,NA,M,C,A,A,A,H,-,A,A,0,NA,NA,NA,NA,Y,NA,A,01,0,0,1,0,0,0,0,0,0,-,-,NA,NA,LOS ANGELES,LANCASTER,-118.1554718017578,34.67500305175781
9502758,2022,2022-09-19,1900,2022-07-31,1916,624926,1126,7,5,6,1992,0,0,0,NA,0,111T1,AVENUE J,10TH ST WEST,114,E,N,A,-,N,NA,NA,NA,NA,NA,NA,NA,NA,NA,Y,4,0,1,3,A,-,08,22107,NA,N,C,C,A,A,H,-,A,D,0,NA,NA,NA,NA,Y,NA,-,-,0,0,1,0,0,0,0,0,0,-,-,NA,NA,LOS ANGELES,LANCASTER,-118.14764404296876,34.689449310302734
9502777,2022,2022-09-16,1926,2022-08-23,1733,0177,4,2,5,5,1926,0,0,0,NA,0,NA,E GLADSTONE ST,S WILLOW AV,0,NA,Y,A,-,N,NA,NA,NA,NA,NA,NA,NA,NA,NA,N,3,0,1,2,A,-,09,21801,A,N,D,G,A,A,H,-,A,A,0,NA,Y,NA,NA,Y,NA,A,01,0,1,0,0,0,0,1,0,0,-,-,34.11391830444336,-117.83982849121094,LOS ANGELES,GLENDORA,-117.83982849121094,34.11394119262695
95027789,2025,2026-01-26,9550,2025-11-23,958,024558,NA,7,1,3,1903,0,1,3,NA,2,092,SR-91 WESTBOUND,PIONEER BOULEVARD,1510,E,N,A,-,Y,LA,NA,91,NA,R,18.395,H,NA,L,N,4,0,1,2,A,-,03,22350,NA,N,C,C,A,A,H,-,A,D,0,NA,NA,NA,NA,Y,NA,A,01,0,0,1,0,0,0,0,0,0,-,-,33.87662887573242,-118.07717895507813,LOS ANGELES,ARTESIA,-118.07717895507813,33.876529693603516
95027824,2025,2026-01-26,9535,2025-05-17,130,024064,NA,6,3,9,1900,0,1,1,NA,2,501,I-5 (SANTA ANA FREEWAY) S/B,DITMAN AVENUE,1000,N,N,A,-,Y,LA,NA,5,NA,NA,14.903,H,NA,L,Y,3,0,1,1,A,-,01,23152,A,N,E,I,A,A,H,-,C,D,0,NA,NA,NA,NA,Y,Y,A,07,0,1,0,0,0,0,0,0,0,-,-,34.0201416015625,-118.19130706787108,LOS ANGELES,UNINCORPORATED,-118.19131469726564,34.02006912231445
9502785,2022,2022-09-22,1926,2022-09-09,1629,0082,NA,5,5,5,1926,0,0,0,NA,0,NA,GRAND AV,CARROLL AV,0,NA,Y,B,-,N,NA,NA,NA,NA,NA,NA,NA,NA,NA,Y,3,0,2,2,D,-,00,NA,NA,N,D,C,A,B,D,-,A,D,0,NA,NA,NA,NA,Y,NA,-,-,0,2,0,0,0,0,0,0,0,-,-,34.13420867919922,-117.87207794189452,LOS ANGELES,GLENDORA,-117.87255096435548,34.13418197631836
9502786,2022,2022-09-22,1926,2022-09-01,1530,0162,4,4,5,5,1926,0,0,0,NA,0,004,N SUNFLOWER AV,ARROW HWY,25,N,N,A,-,N,NA,NA,NA,NA,NA,NA,NA,NA,NA,Y,4,0,1,2,C,-,18,NA,NA,N,B,C,A,A,H,-,A,A,0,NA,NA,NA,NA,Y,Y,-,-,0,0,1,0,0,0,0,0,0,-,-,34.10660934448242,-117.84636688232422,LOS ANGELES,GLENDORA,-117.84638214111328,34.1068000793457
9502791,2022,2022-09-23,1909,2022-09-08,1445,588,1909,4,5,4,1909,0,0,0,NA,0,NORTH,GAGE AV,JABONERIA RD,43,E,N,A,-,N,NA,NA,NA,NA,NA,NA,NA,NA,NA,Y,4,0,1,3,A,-,03,22350,NA,F,C,C,A,A,G,-,A,A,0,NA,NA,NA,NA,Y,NA,A,01,0,0,1,0,0,0,0,0,0,-,-,33.97434997558594,-118.15244293212892,LOS ANGELES,BELL GARDENS,-118.15249633789064,33.97437286376953
9502794,2022,2022-09-23,1967,2022-09-06,1421,157,NA,2,5,2,1967,0,0,0,NA,0,SOUTH,GAVIOTA AV,HILL ST,478,N,N,A,-,N,NA,NA,NA,NA,NA,NA,NA,NA,NA,N,3,0,1,2,D,-,00,NA,NA,N,G,B,D,A,H,-,A,D,0,Y,NA,NA,NA,Y,NA,-,-,0,1,0,0,1,0,0,0,0,-,-,NA,NA,LOS ANGELES,SIGNAL HILL,-118.1709213256836,33.798439025878906
9502814,2022,2022-09-16,1941,2022-07-31,1025,10819,NA,7,5,7,1941,0,0,0,NA,0,NA,ANAHEIM ST,SANTA FE AV,0,NA,Y,A,-,N,NA,NA,NA,NA,NA,NA,NA,NA,NA,Y,4,0,2,2,A,-,00,12500,A,N,D,C,A,A,H,-,A,A,0,NA,NA,NA,NA,Y,NA,-,NA,0,0,2,0,0,0,0,0,0,-,-,NA,NA,LOS ANGELES,LONG BEACH,-118.21549224853516,33.78274154663086
95028760,2025,2026-01-26,9550,2025-12-27,1134,024590,NA,6,1,6,1920,0,1,1,NA,2,500,I-5 N/B,PARAMOUNT BOULEVARD,1214,S,N,A,-,Y,LA,NA,5,NA,NA,8.731,H,NA,R,N,4,0,1,2,A,-,03,22350,NA,N,C,C,A,A,H,-,A,D,0,NA,NA,NA,NA,Y,NA,A,08,0,0,1,0,0,0,0,0,0,-,-,33.961971282958984,-118.11730194091795,LOS ANGELES,DOWNEY,-118.11730194091795,33.96196365356445
95028762,2025,2026-01-26,9550,2025-12-30,520,024157,NA,2,3,6,1949,0,1,1,NA,2,651,I-605 S/B TO I-105,FIRESTONE BLVD.,1003,S,N,A,-,Y,LA,NA,605,NA,R,8.206,H,NA,L,N,4,0,1,2,A,-,03,22350,NA,N,B,C,A,A,H,-,D,D,0,NA,NA,NA,NA,Y,NA,D,22,0,0,1,0,0,0,0,0,0,-,-,33.92205047607422,-118.1047821044922,LOS ANGELES,NORWALK,-118.10462951660156,33.92204666137695
95028771,2025,2026-01-26,9550,2025-12-29,530,024590,NA,1,3,9,1900,0,2,4,NA,1,011,WORKMAN MILL RD. N/B,PIONEER BOULEVARD,739,S,N,A,-,N,NA,NA,NA,NA,NA,NA,NA,NA,NA,N,4,0,2,2,A,-,03,22350,NA,N,C,C,A,A,H,-,B,D,0,NA,NA,NA,NA,Y,NA,A,01,0,0,2,0,0,0,0,0,0,-,-,34.0065803527832,-118.05576324462892,LOS ANGELES,UNINCORPORATED,-118.0558853149414,34.00680923461914
9502883,2022,2022-10-10,1900,2022-07-18,1021,606099,0974,1,5,4,1979,0,0,0,NA,0,92T3,SIERRA BONITA AV,WILLOUGHBY AV,0,NA,Y,A,-,N,NA,NA,NA,NA,NA,NA,NA,NA,NA,N,3,0,1,2,D,-,00,NA,NA,N,B,C,A,A,H,-,A,A,0,NA,NA,NA,NA,Y,NA,-,-,0,1,0,0,0,0,0,0,0,-,-,34.0871696472168,-118.35430145263672,LOS ANGELES,WEST HOLLYWOOD,-118.3542709350586,34.08713150024414
95028898,2025,2026-01-26,9530,2025-12-21,1910,023824,NA,7,2,9,1900,0,3,5,NA,2,001,FLORENCE AVE.,WILSON AVE.,0,NA,Y,A,-,N,NA,NA,NA,NA,NA,NA,NA,NA,NA,Y,4,0,1,2,A,-,01,23152,A,N,A,C,A,A,H,-,C,A,0,NA,NA,NA,NA,Y,Y,D,22,0,0,1,0,0,0,0,0,0,-,-,33.97475814819336,-118.23770904541016,LOS ANGELES,UNINCORPORATED,-118.23770904541016,33.9747200012207
9502890,2022,2022-10-10,1942,2022-08-19,0910,37540,1183,5,5,7,1942,0,0,0,K,0,24TL27,GLENDALE BL,SCOTT AV,0,NA,Y,A,-,N,NA,NA,NA,NA,NA,NA,NA,NA,NA,Y,2,0,1,3,A,-,09,21801,A,N,D,C,A,A,H,-,A,A,0,NA,NA,NA,Y,Y,NA,A,07,1,0,0,0,0,0,0,0,0,-,-,NA,NA,LOS ANGELES,LOS ANGELES,-118.26016998291016,34.08195495605469
95028911,2025,2026-01-26,9550,2025-08-27,1155,024626,NA,3,1,5,1919,0,1,3,NA,2,092,SR-91 WESTBOUND,NORWALK BOULEVARD,120,W,N,A,-,Y,LA,NA,91,NA,R,18.629,H,NA,L,N,4,0,1,2,D,-,00,NA,NA,N,B,C,A,A,H,-,A,D,0,NA,NA,NA,Y,Y,NA,-,-,0,0,1,0,0,0,0,0,0,-,-,33.87657928466797,-118.07311248779295,LOS ANGELES,CERRITOS,-118.07311248779295,33.87654113769531
95028928,2025,2026-01-26,9535,2025-11-22,1750,023604,NA,6,2,9,1900,0,1,1,NA,2,500,I-5 N/B (SANTA ANA FREEWAY),EASTERN AVENUE,41,S,N,A,-,Y,LA,NA,5,NA,NA,13.084,H,NA,R,N,4,0,1,2,A,-,03,22350,NA,N,C,C,A,A,H,-,A,D,0,NA,NA,NA,NA,Y,NA,A,01,0,0,1,0,0,0,0,0,0,-,-,34.01179885864258,-118.1619873046875,LOS ANGELES,UNINCORPORATED,-118.16199493408205,34.01179122924805
9502895,2022,2022-09-26,1900,2022-08-22,1251,606099,0986,1,5,4,1979,0,0,0,NA,0,92T3,SUNSET BL,SHERBOURNE DR,42,W,N,A,-,N,NA,NA,NA,NA,NA,NA,NA,NA,NA,N,4,0,2,2,A,-,03,22350,NA,N,C,C,A,A,H,-,A,A,0,NA,NA,NA,Y,Y,NA,F,25,0,0,2,0,0,0,0,0,0,-,-,34.09136962890625,-118.3821029663086,LOS ANGELES,WEST HOLLYWOOD,-118.3821258544922,34.09141540527344
9502903,2022,2022-09-26,1900,2022-08-21,0124,642948,0986,7,5,4,1979,0,0,0,NA,0,93T3,SUNSET BL,SUNSET PLAZA DR,206,W,N,A,-,N,NA,NA,NA,NA,NA,NA,NA,NA,NA,Y,4,0,1,2,A,-,08,22107,NA,N,E,E,A,A,H,-,C,D,0,NA,NA,NA,NA,Y,Y,D,22,0,0,1,0,0,0,0,0,0,-,-,34.09196090698242,-118.38030242919922,LOS ANGELES,WEST HOLLYWOOD,-118.38021850585938,34.09206771850586
9502907,2022,2022-09-26,1900,2022-08-12,1610,443069,0972,5,5,4,1979,0,0,0,NA,0,92T2,BEVERLY BL,ALMONT DR,82,W,N,A,-,N,NA,NA,NA,NA,NA,NA,NA,NA,NA,N,3,0,2,3,A,-,03,22350,NA,N,C,C,A,A,H,-,A,D,0,NA,NA,Y,NA,Y,NA,C,06,0,2,0,0,0,0,0,0,0,-,-,34.07722854614258,-118.38818359375,LOS ANGELES,WEST HOLLYWOOD,-118.38800811767578,34.07719039916992
95029087,2025,2026-01-26,9575,2025-12-18,415,024793,NA,4,3,5,1902,0,1,1,NA,2,065,I-210 E/B (FOOTHILL FREEWAY),BALDWIN AVENUE,1650,W,N,A,-,Y,LA,NA,210,NA,R,30.493,H,NA,R,Y,4,0,1,2,A,-,01,23152,F,N,C,C,A,A,H,-,C,D,0,NA,NA,NA,Y,Y,NA,A,07,0,0,1,0,0,0,0,0,0,-,-,34.1485595703125,-118.05581665039064,LOS ANGELES,ARCADIA,-118.05582427978516,34.14863967895508