CASE_ID,ACCIDENT_YEAR,PROC_DATE,JURIS,COLLISION_DATE,COLLISION_TIME,OFFICER_ID,REPORTING_DISTRICT,DAY_OF_WEEK,CHP_SHIFT,POPULATION,CNTY_CITY_LOC,SPECIAL_COND,BEAT_TYPE,CHP_BEAT_TYPE,CITY_DIVISION_LAPD,CHP_BEAT_CLASS,BEAT_NUMBER,PRIMARY_RD,SECONDARY_RD,DISTANCE,DIRECTION,INTERSECTION,WEATHER_1,WEATHER_2,STATE_HWY_IND,CALTRANS_COUNTY,CALTRANS_DISTRICT,STATE_ROUTE,ROUTE_SUFFIX,POSTMILE_PREFIX,POSTMILE,LOCATION_TYPE,RAMP_INTERSECTION,SIDE_OF_HWY,TOW_AWAY,COLLISION_SEVERITY,NUMBER_KILLED,NUMBER_INJURED,PARTY_COUNT,PRIMARY_COLL_FACTOR,PCF_CODE_OF_VIOL,PCF_VIOL_CATEGORY,PCF_VIOLATION,PCF_VIOL_SUBSECTION,HIT_AND_RUN,TYPE_OF_COLLISION,MVIW,PED_ACTION,ROAD_SURFACE,ROAD_COND_1,ROAD_COND_2,LIGHTING,CONTROL_DEVICE,CHP_ROAD_TYPE,PEDESTRIAN_ACCIDENT,BICYCLE_ACCIDENT,MOTORCYCLE_ACCIDENT,TRUCK_ACCIDENT,NOT_PRIVATE_PROPERTY,ALCOHOL_INVOLVED,STWD_VEHTYPE_AT_FAULT,CHP_VEHTYPE_AT_FAULT,COUNT_SEVERE_INJ,COUNT_VISIBLE_INJ,COUNT_COMPLAINT_PAIN,COUNT_PED_KILLED,COUNT_PED_INJURED,COUNT_BICYCLIST_KILLED,COUNT_BICYCLIST_INJURED,COUNT_MC_KILLED,COUNT_MC_INJURED,PRIMARY_RAMP,SECONDARY_RAMP,LATITUDE,LONGITUDE,COUNTY,CITY,POINT_X,POINT_Y
9508840,2022,2022-11-23,1900,2022-10-14,0748,623025,1126,5,5,6,1992,0,0,0,NA,0,111T1,20TH ST WEST,AV J,145,S,N,A,-,N,NA,NA,NA,NA,NA,NA,NA,NA,NA,Y,4,0,1,2,A,-,09,21804,A,N,D,C,A,A,H,-,A,A,0,NA,NA,NA,Y,Y,NA,F,26,0,0,1,0,0,0,0,0,0,-,-,34.68891906738281,-118.16548919677734,LOS ANGELES,LANCASTER,-118.16565704345705,34.689022064208984
9508844,2022,2022-11-03,1900,2022-09-24,0801,623025,1127,6,5,6,1992,0,0,0,NA,0,112T2,AVENUE J-8,42ND ST,190,E,N,A,-,N,NA,NA,NA,NA,NA,NA,NA,NA,NA,Y,4,0,1,2,A,-,08,22107,NA,N,B,E,A,A,H,-,A,D,0,NA,NA,NA,NA,Y,NA,A,01,0,0,1,0,0,0,0,0,0,-,-,34.68199920654297,-118.20519256591795,LOS ANGELES,LANCASTER,-118.20523071289064,34.68204116821289
9508848,2022,2022-11-23,1900,2022-10-02,1836,656370,1192,7,5,6,1992,0,0,0,NA,0,111T2,20TH ST WEST,AV L,0,NA,Y,A,-,N,NA,NA,NA,NA,NA,NA,NA,NA,NA,Y,3,0,5,2,A,-,09,21801,A,N,A,C,A,A,H,-,C,A,0,NA,NA,NA,NA,Y,NA,D,22,0,1,4,0,0,0,0,0,0,-,-,34.66035842895508,-118.1655502319336,LOS ANGELES,LANCASTER,-118.16564178466795,34.660404205322266
9508852,2022,2022-11-04,1900,2022-09-18,1606,629461,1120,7,5,6,1992,0,0,0,NA,0,112T2,AV G,50TH ST W,0,NA,Y,A,-,N,NA,NA,NA,NA,NA,NA,NA,NA,NA,Y,4,0,2,2,A,-,09,21802,A,N,D,C,A,A,H,-,A,D,0,NA,NA,NA,NA,Y,NA,D,22,0,0,2,0,0,0,0,0,0,-,-,NA,NA,LOS ANGELES,LANCASTER,-118.21958923339844,34.73305130004883
9509081,2022,2022-11-17,1900,2022-10-29,1547,655212,1122,6,5,6,1992,0,0,0,NA,0,112T2,10TH ST WEST,JACKMAN ST,0,NA,Y,A,-,N,NA,NA,NA,NA,NA,NA,NA,NA,NA,Y,3,0,1,2,A,-,12,21453,A,N,D,C,A,A,H,-,A,A,0,NA,NA,NA,NA,Y,NA,A,07,0,1,0,0,0,0,0,0,0,-,-,34.70000076293945,-118.14800262451172,LOS ANGELES,LANCASTER,-118.14810180664064,34.70081329345703
9509082,2022,2022-11-17,1900,2022-10-30,1454,629461,1131,7,5,6,1992,0,0,0,NA,0,111T2,AVENUE I,15TH ST EAST,86,W,N,A,-,N,NA,NA,NA,NA,NA,NA,NA,NA,NA,Y,4,0,2,2,A,-,09,21801,A,N,D,C,A,A,H,-,A,D,0,NA,NA,NA,NA,Y,NA,A,01,0,0,2,0,0,0,0,0,0,-,-,NA,NA,LOS ANGELES,LANCASTER,-118.10399627685548,34.704219818115234
9509083,2022,2022-11-17,1900,2022-10-30,1552,656740,1126,7,5,6,1992,0,0,0,NA,0,111A,AVENUE K,17TH ST WEST,282,W,N,A,-,N,NA,NA,NA,NA,NA,NA,NA,NA,NA,Y,4,0,1,2,A,-,03,22350,NA,N,C,C,A,A,H,-,A,D,0,NA,NA,NA,NA,Y,NA,A,01,0,0,1,0,0,0,0,0,0,-,-,NA,NA,LOS ANGELES,LANCASTER,-118.16219329833984,34.674991607666016
9509084,2022,2022-11-17,1900,2022-10-31,1604,610418,1126,1,5,6,1992,0,0,0,NA,0,111T1,AVENUE J,LORIMER AV,307,E,N,A,-,N,NA,NA,NA,NA,NA,NA,NA,NA,NA,Y,4,0,1,2,A,-,04,21703,NA,N,C,C,A,A,H,-,A,D,0,NA,NA,NA,NA,Y,NA,A,01,0,0,1,0,0,0,0,0,0,-,-,34.68935012817383,-118.15914154052734,LOS ANGELES,LANCASTER,-118.15911865234376,34.689422607421875
9509085,2022,2022-11-17,1900,2022-10-14,0829,623025,1135,5,5,6,1992,0,0,0,NA,0,111T1,30TH ST EAST,AVENUE I,10,S,N,A,-,N,NA,NA,NA,NA,NA,NA,NA,NA,NA,N,4,0,2,2,A,-,09,21802,B,N,C,C,A,A,H,-,A,A,0,NA,NA,NA,NA,Y,NA,A,01,0,0,2,0,0,0,0,0,0,-,-,34.704288482666016,-118.07711791992188,LOS ANGELES,LANCASTER,-118.07708740234376,34.70439147949219
9509086,2022,2022-11-17,1900,2022-10-30,1107,617242,1132,7,5,6,1992,0,0,0,NA,0,112T2,CHALLENGER WY,AVENUE J,0,NA,Y,A,-,N,NA,NA,NA,NA,NA,NA,NA,NA,NA,N,3,0,1,2,D,-,00,NA,NA,M,G,B,B,A,H,-,A,A,0,Y,NA,NA,NA,Y,NA,-,-,0,1,0,0,1,0,0,0,0,-,-,NA,NA,LOS ANGELES,LANCASTER,-118.11266326904295,34.689483642578125
9509087,2022,2022-11-21,1900,2022-10-14,1216,623025,1122,5,5,6,1992,0,0,0,NA,0,111T1,DATE AV,WEST OLDFIELD ST,10,S,N,A,-,N,NA,NA,NA,NA,NA,NA,NA,NA,NA,Y,4,0,1,2,A,-,08,22107,NA,M,B,C,A,A,H,-,A,A,0,NA,NA,NA,NA,Y,NA,A,01,0,0,1,0,0,0,0,0,0,-,-,34.69231033325195,-118.13986206054688,LOS ANGELES,LANCASTER,-118.13987731933594,34.692344665527344
9509109,2022,2022-11-30,1944,2022-10-24,0754,294,M4,1,5,4,1944,0,0,0,NA,0,003,BELL AV,35TH PL,0,NA,Y,A,-,N,NA,NA,NA,NA,NA,NA,NA,NA,NA,N,3,0,1,2,A,-,09,21801,A,N,B,G,A,A,H,-,A,D,0,NA,Y,NA,NA,Y,NA,L,04,0,1,0,0,0,0,1,0,0,-,-,33.900421142578125,-118.41191864013672,LOS ANGELES,MANHATTAN BEACH,-118.41194915771484,33.90046310424805
9509110,2022,2022-11-30,1944,2022-10-15,1824,383,M11,6,5,4,1944,0,0,0,NA,0,0M8,MANHATTAN BEACH BL,THE STRAND,0,NA,Y,A,-,N,NA,NA,NA,NA,NA,NA,NA,NA,NA,N,3,0,2,2,A,-,03,22350,NA,N,G,B,B,A,H,-,C,D,0,Y,Y,NA,NA,Y,NA,L,04,0,2,0,0,1,0,1,0,0,-,-,NA,NA,LOS ANGELES,MANHATTAN BEACH,-118.41175842285156,33.884395599365234
9509120,2022,2022-11-21,1900,2022-09-04,2350,624926,1127,7,5,6,1992,0,0,0,NA,0,111T2,AVENUE J,HALCOM AV,0,NA,Y,A,-,N,NA,NA,NA,NA,NA,NA,NA,NA,NA,N,4,0,1,2,D,-,00,NA,NA,M,D,G,A,A,H,-,C,D,0,NA,Y,NA,NA,Y,NA,-,-,0,0,1,0,0,0,1,0,0,-,-,NA,NA,LOS ANGELES,LANCASTER,-118.17726135253906,34.68933868408203
9509121,2022,2022-12-15,1902,2022-11-15,1205,830,14,2,5,5,1902,0,0,0,NA,0,002,2ND AV,GENOA AV,0,NA,Y,A,-,N,NA,NA,NA,NA,NA,NA,NA,NA,NA,Y,4,0,1,2,A,-,12,22450,A,N,D,C,A,A,H,-,A,A,0,NA,NA,NA,NA,Y,NA,-,NA,0,0,1,0,0,0,0,0,0,-,-,NA,NA,LOS ANGELES,ARCADIA,-118.02506256103516,34.13239288330078
9509127,2022,2022-12-14,1920,2022-11-11,1249,13321,1920,5,5,6,1920,0,0,0,NA,0,003,FIRESTONE BL,OLD RIVER SCHOOL RD,100,E,N,A,-,N,NA,NA,NA,NA,NA,NA,NA,NA,NA,N,4,0,2,2,D,-,00,NA,NA,M,C,C,A,A,H,-,A,A,0,NA,NA,NA,NA,Y,NA,-,-,0,0,2,0,0,0,0,0,0,-,-,NA,NA,LOS ANGELES,DOWNEY,-118.148681640625,33.94724655151367
9509128,2022,2022-12-14,1920,2022-11-04,0701,13022,NA,5,5,6,1920,0,0,0,NA,0,002,OLD RIVER SCHOOL RD,LAURA ST,102,S,N,A,-,N,NA,NA,NA,NA,NA,NA,NA,NA,NA,Y,4,0,1,4,A,-,08,22107,NA,M,B,C,A,A,H,-,A,A,0,NA,NA,NA,NA,Y,NA,A,01,0,0,1,0,0,0,0,0,0,-,-,NA,NA,LOS ANGELES,DOWNEY,-118.15592193603516,33.93756866455078
9509129,2022,2022-12-15,1920,2022-11-04,1331,13022,NA,5,5,6,1920,0,0,0,NA,0,005,FLORENCE AV,DOWNEY AV,436,E,N,A,-,N,NA,NA,NA,NA,NA,NA,NA,NA,NA,Y,4,0,2,4,A,-,03,22350,NA,N,C,C,A,A,H,-,A,A,0,NA,NA,NA,NA,Y,NA,A,01,0,0,2,0,0,0,0,0,0,-,-,NA,NA,LOS ANGELES,DOWNEY,-118.1244659423828,33.95089340209961
9509130,2022,2022-12-15,1920,2022-11-15,1326,13500,1920,2,5,6,1920,0,0,0,NA,0,002,FIRESTONE BL,RIVES AV,358,E,N,A,-,N,NA,NA,NA,NA,NA,NA,NA,NA,NA,Y,2,0,2,2,A,-,09,21801,A,N,D,C,A,A,H,-,A,D,0,NA,NA,NA,NA,Y,NA,A,01,1,0,1,0,0,0,0,0,0,-,-,NA,NA,LOS ANGELES,DOWNEY,-118.14112091064452,33.94434356689453
9509131,2022,2022-12-15,1920,2022-11-14,0648,13500,1920,1,5,6,1920,0,0,0,NA,0,005,FIRESTONE BL,PATTON RD,0,NA,Y,A,-,N,NA,NA,NA,NA,NA,NA,NA,NA,NA,Y,4,0,1,2,D,-,00,NA,NA,N,D,C,A,A,H,-,A,A,0,NA,NA,NA,NA,Y,NA,-,-,0,0,1,0,0,0,0,0,0,-,-,NA,NA,LOS ANGELES,DOWNEY,-118.1277313232422,33.93734359741211
9509132,2022,2022-12-21,1920,2022-11-14,1848,14133,1920,1,5,6,1920,0,0,0,NA,0,002,STEWART & GRAY RD,PARAMOUNT BL,434,W,N,A,-,N,NA,NA,NA,NA,NA,NA,NA,NA,NA,Y,3,0,2,2,A,-,09,21804,A,N,D,C,A,A,H,-,C,D,0,NA,NA,NA,NA,Y,NA,A,01,0,1,1,0,0,0,0,0,0,-,-,NA,NA,LOS ANGELES,DOWNEY,-118.1449966430664,33.9354248046875
9509133,2022,2022-12-14,1920,2022-11-15,0349,11967,NA,2,5,6,1920,0,0,0,NA,0,003,OLD RIVER SCHOOL RD,QUINN ST,65,N,N,A,-,N,NA,NA,NA,NA,NA,NA,NA,NA,NA,Y,3,0,1,3,A,-,08,22107,NA,N,C,E,A,A,H,-,C,D,0,NA,NA,NA,NA,Y,NA,A,01,0,1,0,0,0,0,0,0,0,-,-,NA,NA,LOS ANGELES,DOWNEY,-118.14389801025392,33.95424270629883
9509134,2022,2022-12-15,1920,2022-11-10,0659,11792,1920,4,5,6,1920,0,0,0,NA,0,006,DOWNEY AV,DONOVAN ST,0,NA,Y,A,-,N,NA,NA,NA,NA,NA,NA,NA,NA,NA,N,4,0,1,2,A,-,09,21802,NA,N,D,C,A,A,H,-,A,A,0,NA,NA,NA,NA,Y,NA,A,01,0,0,1,0,0,0,0,0,0,-,-,NA,NA,LOS ANGELES,DOWNEY,-118.14385986328124,33.92525863647461
9509135,2022,2022-12-15,1920,2022-11-10,0457,11241,1920,4,5,6,1920,0,0,0,NA,0,002,FIRESTONE BL,PARAMOUNT BL,0,NA,Y,A,-,N,NA,NA,NA,NA,NA,NA,NA,NA,NA,N,4,0,1,2,A,-,12,21453,A,N,D,C,A,A,H,-,C,A,0,NA,NA,NA,NA,Y,NA,A,01,0,0,1,0,0,0,0,0,0,-,-,NA,NA,LOS ANGELES,DOWNEY,-118.13795471191406,33.942771911621094
9509138,2022,2022-12-15,1900,2022-11-07,0701,649521,2116,1,5,5,1943,0,0,0,NA,0,212T4,ABBOTT RD,ATTANTIC AV,0,NA,Y,B,-,N,NA,NA,NA,NA,NA,NA,NA,NA,NA,Y,3,0,2,2,A,-,09,21801,A,N,A,C,A,B,H,-,B,A,0,NA,NA,NA,NA,Y,NA,A,01,0,1,1,0,0,0,0,0,0,-,-,33.933921813964844,-118.18235778808594,LOS ANGELES,LYNWOOD,-118.18247222900392,33.93396759033203
9509139,2022,2022-12-15,1900,2022-11-08,1918,652882,1192,2,5,6,1992,0,0,0,NA,0,111T1,30TH ST WEST,AVENUE L-8,0,NA,Y,C,-,N,NA,NA,NA,NA,NA,NA,NA,NA,NA,Y,4,0,3,2,D,-,00,NA,NA,N,D,C,A,B,H,-,C,A,0,NA,NA,NA,NA,Y,NA,-,-,0,0,3,0,0,0,0,0,0,-,-,NA,NA,LOS ANGELES,LANCASTER,-118.18325042724608,34.65296173095703
9509140,2022,2022-12-15,1900,2022-11-09,1432,610418,1122,3,5,6,1992,0,0,0,NA,0,112T1,LANCASTER BL,BEECH AV,0,NA,Y,A,-,N,NA,NA,NA,NA,NA,NA,NA,NA,NA,N,4,0,1,2,A,-,05,21651,B,N,B,G,A,A,H,-,A,A,0,NA,Y,NA,NA,Y,NA,A,08,0,0,1,0,0,0,1,0,0,-,-,NA,NA,LOS ANGELES,LANCASTER,-118.13829040527344,34.69830322265625
9509141,2022,2022-12-14,1900,2022-11-10,1704,610418,1127,4,5,6,1992,0,0,0,NA,0,111T1,AVENUE J-8,25TH ST WEST,492,E,N,A,-,N,NA,NA,NA,NA,NA,NA,NA,NA,NA,N,4,0,3,2,A,-,09,21804,A,N,B,C,A,A,H,-,B,D,0,NA,NA,NA,NA,Y,NA,A,01,0,0,3,0,0,0,0,0,0,-,-,NA,NA,LOS ANGELES,LANCASTER,-118.17308044433594,34.68218994140625
9509142,2022,2022-12-14,1900,2022-11-16,1739,610418,1135,3,5,6,1992,0,0,0,NA,0,111T1,CHALLENGER WY,AVENUE J-3,23,NA,N,A,-,N,NA,NA,NA,NA,NA,NA,NA,NA,NA,Y,4,0,1,1,A,-,01,23152,A,N,E,I,A,A,H,-,C,D,0,NA,NA,NA,NA,Y,Y,A,07,0,0,1,0,0,0,0,0,0,-,-,NA,NA,LOS ANGELES,LANCASTER,-118.11260986328124,34.686710357666016
9509143,2022,2022-12-14,1900,2022-11-17,1736,610418,1122,4,5,6,1992,0,0,0,NA,0,111T1,AVENUE J,DIVISION ST,329,W,N,A,-,N,NA,NA,NA,NA,NA,NA,NA,NA,NA,Y,4,0,3,2,A,-,09,21801,A,N,B,C,A,A,H,-,C,D,0,NA,NA,NA,NA,Y,NA,A,01,0,0,3,0,0,0,0,0,0,-,-,NA,NA,LOS ANGELES,LANCASTER,-118.13146209716795,34.68946838378906
9509144,2022,2022-12-14,1900,2022-11-18,1206,610418,1126,5,5,6,1992,0,0,0,NA,0,112T1,10TH ST WEST,AVENUE K-8,289,N,N,A,-,N,NA,NA,NA,NA,NA,NA,NA,NA,NA,Y,3,0,3,2,A,-,03,22350,NA,N,C,C,A,A,H,-,A,D,0,NA,NA,NA,NA,Y,NA,A,01,0,1,2,0,0,0,0,0,0,-,-,NA,NA,LOS ANGELES,LANCASTER,-118.14784240722656,34.66838073730469
9509145,2022,2022-12-14,1900,2022-11-04,1519,647596,1137,5,5,6,1992,0,0,0,NA,0,111T2,AVENUE K,17TH ST EAST,0,NA,Y,A,-,N,NA,NA,NA,NA,NA,NA,NA,NA,NA,Y,3,0,4,2,A,-,09,21802,A,N,D,C,A,A,H,-,A,A,0,NA,NA,NA,NA,Y,NA,A,01,0,1,3,0,0,0,0,0,0,-,-,34.67512893676758,-118.09709167480467,LOS ANGELES,LANCASTER,-118.09906768798828,34.67500305175781
9509146,2022,2022-12-14,1900,2022-11-07,1858,624926,1135,1,5,6,1992,0,0,0,NA,0,112T1,LANCASTER BL,25TH ST E,100,W,N,A,-,N,NA,NA,NA,NA,NA,NA,NA,NA,NA,Y,2,0,3,2,A,-,08,22107,NA,N,A,C,A,A,H,-,C,D,0,NA,NA,NA,NA,Y,NA,A,01,1,0,2,0,0,0,0,0,0,-,-,NA,NA,LOS ANGELES,LANCASTER,-118.08621215820313,34.697017669677734
9509147,2022,2022-12-14,1956,2022-11-03,1330,1272,9,4,5,5,1956,0,0,0,NA,0,001,ESPLANADE,SAPPHIRE ST,0,NA,Y,A,-,N,NA,NA,NA,NA,NA,NA,NA,NA,NA,N,3,0,1,3,A,-,17,21658,B,F,B,G,A,A,H,-,A,D,0,NA,Y,NA,NA,Y,NA,A,08,0,1,0,0,0,0,1,0,0,-,-,33.833580017089844,-118.38973999023438,LOS ANGELES,REDONDO BEACH,-118.38963317871094,33.83358383178711
9509148,2022,2022-12-14,1956,2022-11-07,1507,1381,31,1,5,5,1956,0,0,0,NA,0,002,ANITA ST,HARKNESS LN,0,NA,Y,B,-,N,NA,NA,NA,NA,NA,NA,NA,NA,NA,N,3,0,4,3,A,-,01,23152,A,N,D,C,A,A,H,-,A,A,0,NA,NA,NA,NA,Y,Y,A,01,0,1,3,0,0,0,0,0,0,-,-,33.8574104309082,-118.3811264038086,LOS ANGELES,REDONDO BEACH,-118.38113403320313,33.85735321044922
9509149,2022,2022-12-14,1956,2022-11-02,1206,1183,9,3,5,5,1956,0,0,0,NA,0,001,CATALINA AV,TOPAZ ST,35,N,N,A,-,N,NA,NA,NA,NA,NA,NA,NA,NA,NA,N,3,0,1,2,A,-,01,23152,A,N,C,C,A,A,H,-,A,A,0,NA,NA,NA,NA,Y,Y,A,01,0,1,0,0,0,0,0,0,0,-,-,NA,NA,LOS ANGELES,REDONDO BEACH,-118.388671875,33.8315544128418
9509164,2022,2022-12-06,1920,2022-10-29,1804,14191,1920,6,5,6,1920,0,0,0,NA,0,001,LAKEWOOD BL,DOWNEY LANDING,176,S,N,A,-,N,NA,NA,NA,NA,NA,NA,NA,NA,NA,N,4,0,2,3,A,-,03,22350,NA,N,C,C,A,A,H,-,C,D,0,NA,NA,NA,NA,Y,NA,A,01,0,0,2,0,0,0,0,0,0,-,-,NA,NA,LOS ANGELES,DOWNEY,NA,NA
9509165,2022,2022-12-06,1920,2022-10-30,1635,12329,1920,7,5,6,1920,0,0,0,NA,0,006,BROOKSHIRE AV,EUCALYPTUS ST,0,NA,Y,A,-,N,NA,NA,NA,NA,NA,NA,NA,NA,NA,Y,4,0,2,2,A,-,09,21801,A,N,D,C,A,A,H,-,A,D,0,NA,NA,NA,NA,Y,NA,A,01,0,0,2,0,0,0,0,0,0,-,-,NA,NA,LOS ANGELES,DOWNEY,-118.1413116455078,33.9227294921875
9509166,2022,2022-12-06,1920,2022-10-27,0908,13022,NA,4,5,6,1920,0,0,0,NA,0,001,BELLFLOWER BL,APOLLO WY,0,NA,Y,A,-,N,NA,NA,NA,NA,NA,NA,NA,NA,NA,Y,4,0,1,2,A,-,09,21801,A,N,D,C,A,A,H,-,A,A,0,NA,NA,NA,NA,Y,NA,A,01,0,0,1,0,0,0,0,0,0,-,-,NA,NA,LOS ANGELES,DOWNEY,-118.12549591064452,33.92265701293945
9509167,2022,2022-12-12,1920,2022-10-06,1737,13502,1920,4,5,6,1920,0,0,0,NA,0,004,FLORENCE AV,NEWVILLE AV,0,NA,Y,A,-,N,NA,NA,NA,NA,NA,NA,NA,NA,NA,Y,3,0,2,3,A,-,09,21801,A,N,D,C,A,A,H,-,A,A,0,NA,NA,NA,NA,Y,NA,A,01,0,1,1,0,0,0,0,0,0,-,-,NA,NA,LOS ANGELES,DOWNEY,-118.10434722900392,33.940738677978516
9509168,2022,2022-12-06,1920,2022-10-19,1048,13022,NA,3,5,6,1920,0,0,0,NA,0,002,IMPERIAL HWY,PARAMOUNT BL,366,W,N,A,-,N,NA,NA,NA,NA,NA,NA,NA,NA,NA,N,4,0,1,2,A,-,09,21804,A,N,D,C,A,A,H,-,A,A,0,NA,NA,NA,NA,Y,NA,A,01,0,0,1,0,0,0,0,0,0,-,-,NA,NA,LOS ANGELES,DOWNEY,-118.1530303955078,33.924583435058594
9509169,2022,2022-12-07,1920,2022-10-22,1553,13022,NA,6,5,6,1920,0,0,0,NA,0,004,BENFIELD AV,CECILIA ST,15,N,N,A,-,N,NA,NA,NA,NA,NA,NA,NA,NA,NA,N,4,0,2,2,A,-,08,22107,NA,N,B,C,A,A,H,-,A,A,0,NA,NA,NA,NA,Y,NA,A,01,0,0,2,0,0,0,0,0,0,-,-,NA,NA,LOS ANGELES,DOWNEY,-118.09832763671876,33.93206024169922
9509170,2022,2022-12-07,1920,2022-10-19,1005,13022,1920,3,5,6,1920,0,0,0,NA,0,004,TELEGRAPH RD,SERAPIS AV,159,W,N,A,-,N,NA,NA,NA,NA,NA,NA,NA,NA,NA,N,4,0,1,2,A,-,09,21804,A,N,D,G,A,A,H,-,A,A,0,NA,Y,NA,NA,Y,NA,A,01,0,0,1,0,0,0,1,0,0,-,-,NA,NA,LOS ANGELES,DOWNEY,-118.10689544677734,33.9587287902832
9509171,2022,2022-12-06,1920,2022-10-13,2156,11241,1920,4,5,6,1920,0,0,0,NA,0,006,PARAMOUNT BL,ALBIA ST,0,NA,Y,A,-,N,NA,NA,NA,NA,NA,NA,NA,NA,NA,Y,3,0,1,2,A,-,09,21802,A,N,D,C,A,A,H,-,C,A,0,NA,NA,NA,NA,Y,NA,A,01,0,1,0,0,0,0,0,0,0,-,-,NA,NA,LOS ANGELES,DOWNEY,-118.1465301513672,33.93123245239258
9509174,2022,2022-12-07,1900,2022-10-29,1029,654611,2111,6,5,5,1943,0,0,0,NA,0,212T4,LONG BEACH BL,TWEEDY BL,0,NA,Y,A,-,N,NA,NA,NA,NA,NA,NA,NA,NA,NA,Y,4,0,1,3,A,-,12,21453,A,N,A,C,A,A,H,-,C,A,0,NA,NA,NA,NA,Y,Y,A,01,0,0,1,0,0,0,0,0,0,-,-,NA,NA,LOS ANGELES,LYNWOOD,-118.21616363525392,33.94535446166992
9509175,2022,2022-12-06,1900,2022-10-14,1647,652882,1122,5,5,6,1992,0,0,0,NA,0,112T1,10TH ST WEST,NORBERRY ST,87,S,N,A,-,N,NA,NA,NA,NA,NA,NA,NA,NA,NA,Y,4,0,2,4,A,-,04,21703,NA,N,C,C,A,A,H,-,A,A,0,NA,NA,NA,NA,Y,NA,A,01,0,0,2,0,0,0,0,0,0,-,-,NA,NA,LOS ANGELES,LANCASTER,-118.14804840087892,34.6922607421875
9509176,2022,2022-12-07,1900,2022-10-14,2050,652882,1121,5,5,6,1992,0,0,0,NA,0,111T1,BEECH AV,AVENUE H-8,125,N,N,A,-,N,NA,NA,NA,NA,NA,NA,NA,NA,NA,Y,2,0,1,1,A,-,08,22107,NA,N,E,I,A,A,H,-,B,D,0,NA,NA,NA,NA,Y,NA,A,07,1,0,0,0,0,0,0,0,0,-,-,NA,NA,LOS ANGELES,LANCASTER,-118.13941955566406,34.7111930847168
9509177,2022,2022-12-07,1900,2022-10-31,2148,656401,1133,1,5,6,1992,0,0,0,NA,0,110E,AVENUE J,HANSTEAD AV,0,NA,Y,A,-,N,NA,NA,NA,NA,NA,NA,NA,NA,NA,Y,4,0,1,2,A,-,01,23152,A,N,B,C,A,A,H,-,C,D,0,NA,NA,NA,NA,Y,Y,A,01,0,0,1,0,0,0,0,0,0,-,-,NA,NA,LOS ANGELES,LANCASTER,-118.11550903320313,34.68947219848633
9509195,2022,2022-12-06,1956,2022-10-28,1607,1396,NA,5,5,5,1956,0,0,0,NA,0,NA,ARTESIA BL,FELTON LN,0,NA,Y,A,-,N,NA,NA,NA,NA,NA,NA,NA,NA,NA,N,3,0,2,2,A,-,09,21801,A,N,D,I,A,A,H,-,A,A,0,NA,NA,NA,NA,Y,Y,A,01,0,1,1,0,0,0,0,0,0,-,-,33.8727912902832,-118.36422729492188,LOS ANGELES,REDONDO BEACH,-118.36432647705078,33.87278747558594
9509196,2022,2022-12-06,1956,2022-10-30,2356,1375,38,7,5,5,1956,0,0,0,NA,0,003,AVIATION BL,ARTESIA BL,0,NA,Y,A,-,N,NA,NA,NA,NA,NA,NA,NA,NA,NA,Y,3,0,4,3,A,-,12,21453,A,N,-,C,A,A,H,-,C,A,0,NA,NA,NA,NA,Y,NA,A,01,0,1,3,0,0,0,0,0,0,-,-,33.87287139892578,-118.38162231445313,LOS ANGELES,REDONDO BEACH,-118.38160705566406,33.872779846191406
9509197,2022,2022-12-06,1956,2022-10-28,0034,1344,38,5,5,5,1956,0,0,0,NA,0,003,AVIATION BL,HUNTINGTON LN,34,S,N,A,-,N,NA,NA,NA,NA,NA,NA,NA,NA,NA,Y,3,0,1,1,A,-,01,23152,A,N,F,I,A,A,H,-,C,D,0,NA,NA,NA,NA,Y,Y,A,07,0,1,0,0,0,0,0,0,0,-,-,33.868011474609375,-118.38301849365234,LOS ANGELES,REDONDO BEACH,-118.38308715820313,33.86798095703125
9509249,2022,2022-12-20,1900,2022-11-14,0251,657215,2112,1,5,5,1943,0,0,0,NA,0,212K,LONG BEACH BL,IMPERIAL HWY,0,NA,Y,A,-,N,NA,NA,NA,NA,NA,NA,NA,NA,NA,N,4,0,1,2,A,-,08,22107,NA,N,D,C,A,A,H,-,C,A,0,NA,NA,NA,NA,Y,NA,A,01,0,0,1,0,0,0,0,0,0,-,-,NA,NA,LOS ANGELES,LYNWOOD,-118.21165466308594,33.930503845214844
9509394,2022,2022-11-18,1900,2022-08-07,1157,656370,1135,7,5,6,1992,0,0,0,NA,0,112T2,20TH ST EAST,LANCASTER BL,0,NA,Y,A,-,N,NA,NA,NA,NA,NA,NA,NA,NA,NA,Y,4,0,3,3,A,-,08,22107,NA,N,B,C,A,A,H,-,A,A,0,NA,NA,NA,NA,Y,NA,A,07,0,0,3,0,0,0,0,0,0,-,-,34.69694900512695,-118.0947036743164,LOS ANGELES,LANCASTER,-118.09481811523438,34.6968994140625
9509395,2022,2022-11-21,1900,2022-08-07,1339,656370,1135,7,5,6,1992,0,0,0,NA,0,112T2,CALSTON AV,EAST LINGARD ST,120,S,N,A,-,N,NA,NA,NA,NA,NA,NA,NA,NA,NA,N,4,0,1,2,A,-,08,22107,NA,N,B,J,A,A,H,-,A,D,0,NA,NA,NA,NA,Y,NA,A,01,0,0,1,0,0,0,0,0,0,-,-,34.69599151611328,-118.10723876953124,LOS ANGELES,LANCASTER,-118.10726165771484,34.695831298828125