CASE_ID,ACCIDENT_YEAR,PROC_DATE,JURIS,COLLISION_DATE,COLLISION_TIME,OFFICER_ID,REPORTING_DISTRICT,DAY_OF_WEEK,CHP_SHIFT,POPULATION,CNTY_CITY_LOC,SPECIAL_COND,BEAT_TYPE,CHP_BEAT_TYPE,CITY_DIVISION_LAPD,CHP_BEAT_CLASS,BEAT_NUMBER,PRIMARY_RD,SECONDARY_RD,DISTANCE,DIRECTION,INTERSECTION,WEATHER_1,WEATHER_2,STATE_HWY_IND,CALTRANS_COUNTY,CALTRANS_DISTRICT,STATE_ROUTE,ROUTE_SUFFIX,POSTMILE_PREFIX,POSTMILE,LOCATION_TYPE,RAMP_INTERSECTION,SIDE_OF_HWY,TOW_AWAY,COLLISION_SEVERITY,NUMBER_KILLED,NUMBER_INJURED,PARTY_COUNT,PRIMARY_COLL_FACTOR,PCF_CODE_OF_VIOL,PCF_VIOL_CATEGORY,PCF_VIOLATION,PCF_VIOL_SUBSECTION,HIT_AND_RUN,TYPE_OF_COLLISION,MVIW,PED_ACTION,ROAD_SURFACE,ROAD_COND_1,ROAD_COND_2,LIGHTING,CONTROL_DEVICE,CHP_ROAD_TYPE,PEDESTRIAN_ACCIDENT,BICYCLE_ACCIDENT,MOTORCYCLE_ACCIDENT,TRUCK_ACCIDENT,NOT_PRIVATE_PROPERTY,ALCOHOL_INVOLVED,STWD_VEHTYPE_AT_FAULT,CHP_VEHTYPE_AT_FAULT,COUNT_SEVERE_INJ,COUNT_VISIBLE_INJ,COUNT_COMPLAINT_PAIN,COUNT_PED_KILLED,COUNT_PED_INJURED,COUNT_BICYCLIST_KILLED,COUNT_BICYCLIST_INJURED,COUNT_MC_KILLED,COUNT_MC_INJURED,PRIMARY_RAMP,SECONDARY_RAMP,LATITUDE,LONGITUDE,COUNTY,CITY,POINT_X,POINT_Y
9509396,2022,2022-11-17,1900,2022-08-26,1931,623025,1127,5,5,6,1992,0,0,0,NA,0,111T2,LANCASTER BL,VALLEY CENTRAL WY,395,E,N,A,-,N,NA,NA,NA,NA,NA,NA,NA,NA,NA,Y,4,0,1,2,A,-,-,NA,NA,N,B,C,A,A,H,-,B,A,0,NA,NA,Y,NA,Y,NA,-,-,0,0,1,0,0,0,0,0,1,-,-,34.696781158447266,-118.17079162597656,LOS ANGELES,LANCASTER,-118.17057800292967,34.69668960571289
9509397,2022,2022-11-08,1900,2022-08-26,2058,624926,1192,5,5,6,1992,0,0,0,NA,0,111T1,AVENUE K-8,32ND ST WEST,25,E,N,A,-,N,NA,NA,NA,NA,NA,NA,NA,NA,NA,Y,4,0,1,1,A,-,08,22107,NA,N,E,I,A,A,H,-,C,D,0,NA,NA,NA,NA,Y,NA,A,01,0,0,1,0,0,0,0,0,0,-,-,NA,NA,LOS ANGELES,LANCASTER,-118.18782806396484,34.66754150390625
9509398,2022,2022-11-18,1900,2022-08-29,0817,656370,1134,1,5,6,1992,0,0,0,NA,0,112T2,DIVISION ST,AVENUE K-4,0,NA,Y,A,-,N,NA,NA,NA,NA,NA,NA,NA,NA,NA,Y,4,0,6,2,A,-,09,21801,A,N,B,C,A,A,H,-,A,A,0,NA,NA,NA,NA,Y,NA,A,01,0,0,6,0,0,0,0,0,0,-,-,34.67129135131836,-118.13011932373048,LOS ANGELES,LANCASTER,-118.1301727294922,34.674991607666016
9509399,2022,2022-11-08,1900,2022-08-12,0956,656370,1123,5,5,6,1992,0,0,0,NA,0,111T1,AVENUE J-8,HARDWOOD AV,0,NA,Y,A,-,N,NA,NA,NA,NA,NA,NA,NA,NA,NA,Y,4,0,3,2,D,-,00,NA,NA,N,B,C,A,A,H,-,A,D,0,NA,NA,NA,NA,Y,NA,-,-,0,0,3,0,0,0,0,0,0,-,-,34.68220138549805,-118.14436340332033,LOS ANGELES,LANCASTER,-118.14440155029295,34.682167053222656
9509400,2022,2022-11-08,1934,2022-08-04,0905,777,IRWPD,4,5,1,1934,0,0,0,NA,0,001,IRWINDALE AV,1ST ST,0,NA,Y,A,-,N,NA,NA,NA,NA,NA,NA,NA,NA,NA,Y,3,0,2,2,A,-,09,21801,A,N,D,C,A,A,H,-,A,A,0,NA,NA,NA,NA,Y,NA,A,07,0,1,1,0,0,0,0,0,0,-,-,34.12158966064453,-117.933837890625,LOS ANGELES,IRWINDALE,-117.93391418457033,34.12155532836914
9509401,2022,2022-11-08,1934,2022-08-20,0743,786,IRWPD,6,5,1,1934,0,0,0,NA,0,001,FOOTHILL BL,IRWINDALE AV,687,E,N,A,-,N,NA,NA,NA,NA,NA,NA,NA,NA,NA,N,3,0,1,2,A,-,03,22350,NA,N,C,C,A,A,H,-,A,A,0,NA,NA,NA,NA,Y,NA,A,01,0,1,0,0,0,0,0,0,0,-,-,NA,NA,LOS ANGELES,IRWINDALE,-117.93132019042967,34.13359069824219
9509402,2022,2022-11-10,1934,2022-08-18,1714,802,IRWPD,4,5,1,1934,0,0,0,NA,0,001,RIVERGRADE RD,COMMERCE DR,0,NA,Y,A,-,N,NA,NA,NA,NA,NA,NA,NA,NA,NA,Y,3,0,1,2,A,-,09,21801,A,N,B,C,A,A,H,-,A,D,0,NA,NA,NA,NA,Y,NA,A,07,0,1,0,0,0,0,0,0,0,-,-,34.10261154174805,-117.97958374023438,LOS ANGELES,IRWINDALE,-117.9814910888672,34.10114288330078
9509412,2022,2022-11-08,1934,2022-06-22,0654,777,IRWPD,3,5,1,1934,0,0,0,NA,0,001,LIVE OAK AV,LONGDEN AV,136,E,N,B,-,N,NA,NA,NA,NA,NA,NA,NA,NA,NA,Y,3,0,1,1,A,-,07,21658,A,N,E,I,A,A,H,-,A,D,0,NA,NA,NA,NA,Y,NA,A,01,0,1,0,0,0,0,0,0,0,-,-,34.10963821411133,-117.99684143066406,LOS ANGELES,IRWINDALE,-117.99844360351564,34.112030029296875
9509413,2022,2022-11-17,1900,2022-06-04,2035,656401,1126,6,5,6,1992,0,0,0,NA,0,111T1,AV J,20TH ST W,13,E,N,A,-,N,NA,NA,NA,NA,NA,NA,NA,NA,NA,Y,3,0,2,3,A,-,08,22107,NA,N,D,C,A,A,H,-,C,A,0,NA,NA,NA,NA,Y,Y,A,07,0,1,1,0,0,0,0,0,0,-,-,NA,NA,LOS ANGELES,LANCASTER,-118.16561889648438,34.68941879272461
9509414,2022,2022-11-09,1934,2022-07-20,1312,777,IRWPD,3,5,1,1934,0,0,0,NA,0,001,ARROW HWY,RIVERGRADE RD,0,NA,Y,A,-,N,NA,NA,NA,NA,NA,NA,NA,NA,NA,N,3,0,1,2,A,-,05,21650,1,N,D,G,A,A,H,-,A,D,0,NA,Y,NA,NA,Y,NA,L,04,0,1,0,0,0,0,1,0,0,-,-,34.110008239746094,-117.96666717529295,LOS ANGELES,IRWINDALE,-117.96664428710938,34.109989166259766
9509415,2022,2022-11-08,1934,2022-07-19,1551,777,IRWPD,2,5,1,1934,0,0,0,NA,0,001,BUENA VISTA ST,MIGUEL MIRANDA,2300,N,N,A,-,N,NA,NA,NA,NA,NA,NA,NA,NA,NA,Y,4,0,1,1,A,-,03,22350,NA,N,E,I,A,A,H,-,A,D,0,NA,NA,NA,NA,Y,NA,A,01,0,0,1,0,0,0,0,0,0,-,-,34.121009826660156,-117.97910308837892,LOS ANGELES,IRWINDALE,-117.97754669189452,34.123817443847656
9509424,2022,2022-11-15,1942,2022-07-27,0905,39436,0858,3,5,7,1942,0,0,0,H,0,27M31,CREST DR,PICO BL,10,S,N,A,-,N,NA,NA,NA,NA,NA,NA,NA,NA,NA,N,4,0,1,2,A,-,17,21228,A,N,D,C,A,A,H,-,A,D,0,NA,NA,NA,NA,Y,NA,M,94,0,0,1,0,0,0,0,0,0,-,-,NA,NA,LOS ANGELES,LOS ANGELES,-118.38783264160156,34.055259704589844
9509440,2022,2022-11-15,1942,2022-07-24,1040,42665,0825,7,5,7,1942,0,0,0,H,0,27TL23,SAN VICENTE BL,CARMELINA AV,0,NA,Y,A,-,N,NA,NA,NA,NA,NA,NA,NA,NA,NA,Y,4,0,2,2,A,-,09,21802,A,N,D,C,A,A,H,-,A,A,0,NA,NA,NA,NA,Y,NA,A,01,0,0,2,0,0,0,0,0,0,-,-,NA,NA,LOS ANGELES,LOS ANGELES,-118.47933197021484,34.05097961425781
9509442,2022,2022-11-15,1900,2022-06-05,1400,649397,1137,7,5,6,1992,0,0,0,NA,0,111T2,20TH ST EAST,AVE J-2,18,N,N,A,-,N,NA,NA,NA,NA,NA,NA,NA,NA,NA,NA,3,0,1,2,D,-,00,NA,NA,N,C,-,A,-,H,-,A,D,0,NA,NA,NA,NA,Y,NA,-,-,0,1,0,0,0,0,0,0,0,-,-,NA,NA,LOS ANGELES,LANCASTER,-118.09477996826172,34.68967819213867
9509443,2022,2022-11-16,1900,2022-10-25,1828,510509,1192,2,5,6,1992,0,0,0,NA,0,112T1,AVE K8,21ST STREET W,254,E,N,A,-,N,NA,NA,NA,NA,NA,NA,NA,NA,NA,Y,4,0,2,2,A,-,09,21801,A,N,B,C,A,A,H,-,C,D,0,NA,NA,NA,NA,Y,NA,A,01,0,0,2,0,0,0,0,0,0,-,-,NA,NA,LOS ANGELES,LANCASTER,-118.16717529296876,34.66764450073242
9509445,2022,2022-11-17,1900,2022-10-07,1102,623025,1159,5,5,6,1992,0,0,0,NA,0,111T1,60TH ST,AVENUE J,2300,N,N,A,-,N,NA,NA,NA,NA,NA,NA,NA,NA,NA,N,2,0,1,2,A,-,16,24002,A,N,E,J,A,A,H,-,A,D,0,NA,NA,Y,NA,Y,NA,E,22,1,0,0,0,0,0,0,0,1,-,-,34.6957893371582,-118.236572265625,LOS ANGELES,LANCASTER,-118.23665618896484,34.695655822753906
9509450,2022,2022-11-15,1942,2022-09-03,2205,41449,0788,6,5,7,1942,0,0,0,G,0,27T31W,CRENSHAW BL,WASHINGTON BL,128,S,N,A,-,N,NA,NA,NA,NA,NA,NA,NA,NA,NA,N,4,0,3,2,A,-,01,23152,A,N,C,C,A,A,H,-,C,A,0,NA,NA,NA,NA,Y,Y,A,07,0,0,3,0,0,0,0,0,0,-,-,NA,NA,LOS ANGELES,LOS ANGELES,-118.33124542236328,34.03954315185547
9509451,2022,2022-11-16,1900,2022-10-26,1421,656370,1127,3,5,6,1992,0,0,0,NA,0,112T1,AVE J8,25TH ST WEST,475,W,N,A,-,N,NA,NA,NA,NA,NA,NA,NA,NA,NA,Y,4,0,2,2,A,-,03,22350,NA,N,C,C,A,A,H,-,A,D,0,NA,NA,NA,NA,Y,NA,D,22,0,0,2,0,0,0,0,0,0,-,-,34.682159423828125,-118.17542266845705,LOS ANGELES,LANCASTER,-118.17628479003906,34.68217086791992
9509453,2022,2022-11-15,1962,2022-09-28,0721,113,1962,3,5,4,1962,0,0,0,NA,0,001,MISSION RD,SANTA ANITA ST,496,E,N,A,-,N,NA,NA,NA,NA,NA,NA,NA,NA,NA,NA,3,0,1,2,A,-,11,21956,NA,N,G,B,E,A,H,-,A,D,0,Y,NA,NA,NA,Y,NA,N,60,0,1,0,0,1,0,0,0,0,-,-,34.09431838989258,-118.11229705810548,LOS ANGELES,SAN GABRIEL,-118.11229705810548,34.09431076049805
9509454,2022,2022-11-15,1962,2022-09-28,1459,113,1962,3,5,4,1962,0,0,0,NA,0,004,VALLEY BL,LAFAYETTE ST,437,E,N,A,-,N,NA,NA,NA,NA,NA,NA,NA,NA,NA,NA,4,0,1,2,A,-,10,21952,NA,F,G,B,F,A,H,-,A,D,0,Y,NA,NA,NA,Y,NA,A,07,0,0,1,0,1,0,0,0,0,-,-,34.08002853393555,-118.0936279296875,LOS ANGELES,SAN GABRIEL,-118.09210205078124,34.08009338378906
9509455,2022,2022-11-17,1900,2022-10-27,1403,510509,1131,4,5,6,1992,0,0,0,NA,0,112T1,AVENUE I,TREVOR AV,120,W,N,A,-,N,NA,NA,NA,NA,NA,NA,NA,NA,NA,Y,4,0,3,2,C,-,18,NA,NA,N,A,C,A,-,H,-,A,A,0,NA,NA,NA,NA,Y,NA,-,-,0,0,3,0,0,0,0,0,0,-,-,NA,NA,LOS ANGELES,LANCASTER,-118.13494873046876,34.70396041870117
9509457,2022,2022-11-15,1962,2022-09-30,2339,158,1962,5,5,4,1962,0,0,0,NA,0,001,LAS TUNAS DR,SANTA ANITA ST,0,NA,Y,A,-,N,NA,NA,NA,NA,NA,NA,NA,NA,NA,NA,4,0,2,2,A,-,08,22107,NA,N,D,C,A,A,H,-,C,A,0,NA,NA,NA,NA,Y,NA,A,01,0,0,2,0,0,0,0,0,0,-,-,34.10247039794922,-118.10610198974608,LOS ANGELES,SAN GABRIEL,-118.10605621337892,34.10245895385742
9509458,2022,2022-11-15,1900,2022-09-09,0844,623025,1120,5,5,6,1992,0,0,0,NA,0,111T1,AVENUE I,30TH ST WEST,0,W,N,A,-,N,NA,NA,NA,NA,NA,NA,NA,NA,NA,N,3,0,1,2,A,-,03,22350,NA,N,C,C,A,A,H,-,A,A,0,NA,NA,NA,NA,Y,NA,A,01,0,1,0,0,0,0,0,0,0,-,-,34.7039909362793,-118.18424224853516,LOS ANGELES,LANCASTER,-118.18383026123048,34.704097747802734
9509461,2022,2022-11-15,1942,2022-08-24,0910,41139,1489,3,5,7,1942,0,0,0,N,0,27TL23,W CENTURY BL,AVIATION BL,250,E,N,A,-,N,NA,NA,NA,NA,NA,NA,NA,NA,NA,N,4,0,1,2,A,-,03,22350,NA,F,C,C,A,A,H,-,A,D,0,NA,NA,NA,NA,Y,NA,-,99,0,0,1,0,0,0,0,0,0,-,-,NA,NA,LOS ANGELES,LOS ANGELES,-118.37904357910156,33.94501876831055
9509462,2022,2022-12-06,1942,2022-08-22,1710,41493,1413,1,5,7,1942,0,0,0,N,0,27TL29,ELECTRIC AV,SANTA CLARA CT,156,E,N,A,-,N,NA,NA,NA,NA,NA,NA,NA,NA,NA,N,3,0,3,2,C,-,18,NA,NA,N,H,G,A,A,H,-,A,D,0,NA,Y,NA,NA,Y,NA,-,-,0,3,0,0,0,0,3,0,0,-,-,NA,NA,LOS ANGELES,LOS ANGELES,-118.4667739868164,33.991371154785156
9509465,2022,2022-11-15,1942,2022-08-06,0010,44455,1453,6,5,7,1942,0,0,0,N,0,14A45,GLENCOE AV,MAYXELLA AV,682,N,N,A,-,N,NA,NA,NA,NA,NA,NA,NA,NA,NA,N,3,0,1,2,A,-,11,21954,A,N,G,B,E,A,H,-,D,D,0,Y,NA,NA,NA,Y,NA,A,01,0,1,0,0,1,0,0,0,0,-,-,NA,NA,LOS ANGELES,LOS ANGELES,-118.4416732788086,33.98868179321289
9509466,2022,2022-11-23,1942,2022-08-03,1550,39746,1492,3,5,7,1942,0,0,0,N,0,27M152,VISTA DEL MAR,IMPERIAL HWY,350,N,N,A,-,N,NA,NA,NA,NA,NA,NA,NA,NA,NA,Y,3,0,2,1,A,-,03,22350,NA,N,E,I,A,A,H,-,A,D,0,NA,NA,NA,NA,Y,NA,A,01,0,1,1,0,0,0,0,0,0,-,-,NA,NA,LOS ANGELES,LOS ANGELES,-118.43543243408205,33.931766510009766
9509467,2022,2022-11-15,1942,2022-08-11,1835,42275,0666,4,5,7,1942,0,0,0,F,0,6A66,GOWER ST,LEXINGTON AV,0,NA,Y,A,-,N,NA,NA,NA,NA,NA,NA,NA,NA,NA,N,3,0,1,2,A,-,10,21950,A,F,G,B,B,A,H,-,A,D,0,Y,NA,NA,NA,Y,NA,-,99,0,1,0,0,1,0,0,0,0,-,-,NA,NA,LOS ANGELES,LOS ANGELES,-118.32228088378906,34.092559814453125
9509468,2022,2022-11-15,1942,2022-08-12,0710,41003,2045,5,5,7,1942,0,0,0,NA,0,27TL21,8TH ST,MARIPOSA AV,73,W,N,A,-,N,NA,NA,NA,NA,NA,NA,NA,NA,NA,N,4,0,1,2,A,-,05,21650,NA,F,A,C,A,A,H,-,A,A,0,NA,NA,NA,NA,Y,NA,-,99,0,0,1,0,0,0,0,0,0,-,-,NA,NA,LOS ANGELES,LOS ANGELES,-118.29897308349608,34.05772399902344
9509469,2022,2022-11-15,1900,2022-08-07,2319,649397,1120,7,5,6,1992,0,0,0,NA,0,112T2,AVENUE I,42ND ST,260,E,N,A,-,N,NA,NA,NA,NA,NA,NA,NA,NA,NA,Y,2,0,1,1,A,-,08,22107,NA,N,A,I,A,A,H,-,C,-,0,NA,NA,NA,NA,Y,NA,A,01,1,0,0,0,0,0,0,0,0,-,-,NA,NA,LOS ANGELES,LANCASTER,-118.2048797607422,34.660240173339844
9509470,2022,2022-11-18,1900,2022-08-31,0743,637499,1121,3,5,6,1992,0,0,0,NA,0,111T4,SIERRA HWY,AVENUE I,1118,N,N,A,-,N,NA,NA,NA,NA,NA,NA,NA,NA,NA,Y,4,0,1,2,A,-,03,22350,NA,N,C,C,A,A,H,-,A,D,0,NA,NA,NA,NA,Y,NA,-,-,0,0,1,0,0,0,0,0,0,-,-,NA,NA,LOS ANGELES,LANCASTER,-118.13832855224608,34.70697021484375
9509471,2022,2022-11-15,1900,2022-04-30,0052,652882,1125,6,5,6,1992,0,0,0,NA,0,112T2,20TH ST WEST,AVE J-8,657,N,N,A,-,N,NA,NA,NA,NA,NA,NA,NA,NA,NA,Y,4,0,1,2,D,-,00,NA,NA,N,D,C,A,A,H,-,C,A,0,NA,NA,NA,NA,Y,NA,-,-,0,0,1,0,0,0,0,0,0,-,-,NA,NA,LOS ANGELES,LANCASTER,-118.16560363769533,34.68400192260742
9509472,2022,2022-11-15,1900,2022-05-22,2221,656370,1125,7,5,6,1992,0,0,0,NA,0,112B,LANCASTER BL,15TH ST WEST,0,NA,Y,A,-,N,NA,NA,NA,NA,NA,NA,NA,NA,NA,Y,4,0,1,1,A,-,08,22107,NA,N,E,I,A,A,H,-,C,B,0,NA,NA,NA,NA,Y,NA,-,NA,0,0,1,0,0,0,0,0,0,-,-,34.69670104980469,-118.15705871582033,LOS ANGELES,LANCASTER,-118.15696716308594,34.6966552734375
9509473,2022,2022-11-15,1900,2022-05-27,1648,656370,1133,5,5,6,1992,0,0,0,NA,0,112B,DIVISION ST,AVE J,330,S,N,A,-,N,NA,NA,NA,NA,NA,NA,NA,NA,NA,Y,4,0,2,2,A,-,03,22350,NA,N,C,C,A,A,H,-,A,A,0,NA,NA,NA,NA,Y,NA,-,NA,0,0,2,0,0,0,0,0,0,-,-,34.6888313293457,-118.13031768798828,LOS ANGELES,LANCASTER,-118.1303482055664,34.688575744628906
9509475,2022,2022-11-15,1942,2022-06-16,0537,44688,1469,4,5,7,1942,0,0,0,N,0,14A67,CENTINELA AV,ALVERN ST,100,E,N,B,-,N,NA,NA,NA,NA,NA,NA,NA,NA,NA,N,4,0,1,2,A,-,11,21954,A,F,G,B,E,A,H,-,A,D,0,Y,NA,NA,NA,Y,Y,N,60,0,0,1,0,1,0,0,0,0,-,-,NA,NA,LOS ANGELES,LOS ANGELES,-118.37654113769533,33.97727584838867
9509476,2022,2022-11-15,1942,2022-07-31,1305,35221,2071,7,5,7,1942,0,0,0,NA,0,27M14W,VENICE BL,SAINT ANDREWS PL,0,NA,Y,A,-,N,NA,NA,NA,NA,NA,NA,NA,NA,NA,Y,4,0,5,2,A,-,09,21801,A,N,A,C,A,A,H,-,A,A,0,NA,NA,NA,NA,Y,NA,A,01,0,0,5,0,0,0,0,0,0,-,-,NA,NA,LOS ANGELES,LOS ANGELES,-118.31159973144533,34.04357147216797
9509477,2022,2022-11-15,1900,2022-07-22,1351,656370,1126,5,5,6,1992,0,0,0,NA,0,112T4,15TH ST WEST,AVE K-8,1209,N,N,A,-,N,NA,NA,NA,NA,NA,NA,NA,NA,NA,Y,3,0,2,2,A,-,08,22107,NA,N,B,E,A,A,H,-,A,D,0,NA,NA,NA,NA,Y,NA,-,NA,0,1,1,0,0,0,0,0,0,-,-,34.671451568603516,-118.15727996826172,LOS ANGELES,LANCASTER,-118.15699005126952,34.670928955078125
9509515,2022,2022-11-15,1900,2022-05-06,0804,626593,NA,5,5,6,1992,0,0,0,NA,0,112T2,13TH ST WEST,AVE J-8,206,N,N,A,-,N,NA,NA,NA,NA,NA,NA,NA,NA,NA,Y,4,0,1,2,A,-,08,22107,NA,N,D,C,A,A,H,-,A,A,0,NA,NA,NA,NA,Y,NA,A,01,0,0,1,0,0,0,0,0,0,-,-,34.682830810546875,-118.154541015625,LOS ANGELES,LANCASTER,-118.15457916259766,34.682743072509766
9509521,2022,2022-11-22,1900,2022-10-13,2042,647596,1126,4,5,6,1992,0,0,0,NA,0,112T1,AVENUE K-8,20TH ST WEST,88,E,N,A,-,N,NA,NA,NA,NA,NA,NA,NA,NA,NA,Y,4,0,2,2,A,-,08,22100,A,N,D,C,A,A,H,-,C,A,0,NA,NA,NA,NA,Y,NA,A,01,0,0,2,0,0,0,0,0,0,-,-,34.66767120361328,-118.1653289794922,LOS ANGELES,LANCASTER,-118.1654052734375,34.66767120361328
9509522,2022,2022-11-22,1900,2022-10-22,2135,610418,1135,6,5,6,1992,0,0,0,NA,0,111T1,25TH ST EAST,LANCASTER BL,0,NA,Y,A,-,N,NA,NA,NA,NA,NA,NA,NA,NA,NA,Y,4,0,1,2,A,-,09,21802,A,N,B,C,A,A,H,-,C,A,0,NA,NA,NA,NA,Y,NA,A,01,0,0,1,0,0,0,0,0,0,-,-,NA,NA,LOS ANGELES,LANCASTER,-118.08588409423828,34.69700622558594
9509523,2022,2022-11-22,1900,2022-10-24,1633,610418,1134,1,5,6,1992,0,0,0,NA,0,111T1,CHALLENGER WY,AVENUE K,156,S,N,A,-,N,NA,NA,NA,NA,NA,NA,NA,NA,NA,Y,4,0,2,2,A,-,03,22350,NA,N,C,C,A,A,H,-,A,A,0,NA,NA,NA,NA,Y,NA,A,01,0,0,2,0,0,0,0,0,0,-,-,NA,NA,LOS ANGELES,LANCASTER,-118.11238861083984,34.6745719909668
9509524,2022,2022-11-22,1900,2022-10-25,1144,617242,1122,2,5,6,1992,0,0,0,NA,0,112T2D,10TH ST WEST,NEWGROVE ST,390,N,N,A,-,N,NA,NA,NA,NA,NA,NA,NA,NA,NA,N,4,0,1,2,A,-,09,21801,A,N,D,C,A,A,H,-,A,D,0,NA,NA,NA,NA,Y,NA,A,01,0,0,1,0,0,0,0,0,0,-,-,NA,NA,LOS ANGELES,LANCASTER,-118.1480712890625,34.6945686340332
9509525,2022,2022-11-22,1900,2022-10-25,2004,656370,1137,2,5,6,1992,0,0,0,NA,0,111T2,20TH ST EAST,AVENHUE J-10,40,S,N,A,-,N,NA,NA,NA,NA,NA,NA,NA,NA,NA,Y,4,0,2,2,A,-,03,22350,NA,N,C,C,A,A,H,-,C,D,0,NA,NA,NA,NA,Y,NA,A,01,0,0,2,0,0,0,0,0,0,-,-,34.674949645996094,-118.09452056884766,LOS ANGELES,LANCASTER,-118.0951690673828,34.680419921875
9509526,2022,2022-11-22,1900,2022-10-26,0646,617242,1134,3,5,6,1992,0,0,0,NA,0,112T21,AVENUE K,DIVISION ST,360,E,N,A,-,N,NA,NA,NA,NA,NA,NA,NA,NA,NA,Y,4,0,2,3,A,-,03,22350,NA,N,C,C,A,A,H,-,A,D,0,NA,NA,NA,NA,Y,NA,A,07,0,0,2,0,0,0,0,0,0,-,-,NA,NA,LOS ANGELES,LANCASTER,-118.1301727294922,34.674991607666016
9509527,2022,2022-11-22,1900,2022-10-26,1313,656370,1133,3,5,6,1992,0,0,0,NA,0,112T1,AVENUE J-8,DIVISION ST,0,NA,Y,A,-,N,NA,NA,NA,NA,NA,NA,NA,NA,NA,Y,3,0,1,2,A,-,01,23152,A,M,B,C,A,A,H,-,A,D,0,NA,NA,NA,NA,Y,Y,A,01,0,1,0,0,0,0,0,0,0,-,-,34.681888580322266,-118.10150909423828,LOS ANGELES,LANCASTER,-118.13037109375,34.689483642578125
9509528,2022,2022-11-22,1900,2022-10-27,1415,617242,1124,4,5,6,1992,0,0,0,NA,0,112T2D,AVENUE M,15TH ST WEST,800,W,N,A,-,N,NA,NA,NA,NA,NA,NA,NA,NA,NA,Y,2,0,2,2,A,-,08,22107,NA,N,B,C,A,A,H,-,A,D,0,NA,NA,NA,NA,Y,NA,A,07,2,0,0,0,0,0,0,0,0,-,-,NA,NA,LOS ANGELES,LANCASTER,-118.15928649902344,34.645774841308594
9509529,2022,2022-11-22,1900,2022-10-28,1631,610415,1122,5,5,6,1992,0,0,0,NA,0,111T1,JACKMAN ST,10TH ST WEST,0,NA,Y,A,-,N,NA,NA,NA,NA,NA,NA,NA,NA,NA,N,4,0,1,2,A,-,12,21453,A,N,B,C,A,A,H,-,A,A,0,NA,NA,NA,NA,Y,NA,A,01,0,0,1,0,0,0,0,0,0,-,-,NA,NA,LOS ANGELES,LANCASTER,-118.14810180664064,34.70081329345703
9509530,2022,2022-11-23,1900,2022-10-28,1856,652882,1121,5,5,6,1992,0,0,0,NA,0,112T1,AVENUE H,10TH ST WEST,0,NA,Y,A,-,N,NA,NA,NA,NA,NA,NA,NA,NA,NA,Y,4,0,1,2,A,-,09,21801,A,N,D,C,A,A,H,-,C,A,0,NA,NA,NA,NA,Y,NA,A,01,0,0,1,0,0,0,0,0,0,-,-,NA,NA,LOS ANGELES,LANCASTER,-118.14842987060548,34.7185173034668
9509531,2022,2022-11-23,1900,2022-10-29,1245,530600,1137,6,5,6,1992,0,0,0,NA,0,112T2,20TH ST EAST,AVENUE J-8,0,NA,Y,A,-,N,NA,NA,NA,NA,NA,NA,NA,NA,NA,Y,4,0,2,2,A,-,09,21801,A,N,H,C,A,A,H,-,A,A,0,NA,NA,NA,NA,Y,NA,A,01,0,0,2,0,0,0,0,0,0,-,-,34.682350158691406,-118.09484100341795,LOS ANGELES,LANCASTER,-118.09471130371094,34.68232727050781
9509532,2022,2022-11-23,1900,2022-10-10,0529,651854,1132,1,5,6,1992,0,0,0,NA,0,111T1,CHALLENGER WY,KETTERING ST,242,E,N,A,-,N,NA,NA,NA,NA,NA,NA,NA,NA,NA,Y,4,0,2,1,A,-,08,22107,NA,N,A,I,A,A,H,-,B,-,0,NA,NA,NA,NA,Y,NA,A,07,0,0,2,0,0,0,0,0,0,-,-,34.69942092895508,-118.11254119873048,LOS ANGELES,LANCASTER,-118.11264801025392,34.70042037963867
9509533,2022,2022-11-23,1900,2022-10-17,0737,617242,1192,1,5,6,1992,0,0,0,NA,0,112T21,32ND ST WEST,AVENUE K-8,0,NA,Y,A,-,N,NA,NA,NA,NA,NA,NA,NA,NA,NA,Y,4,0,1,2,A,-,12,22450,A,N,D,C,A,A,H,-,A,A,0,NA,NA,NA,NA,Y,NA,A,07,0,0,1,0,0,0,0,0,0,-,-,NA,NA,LOS ANGELES,LANCASTER,-118.18791198730467,34.66754150390625
9509534,2022,2022-11-23,1900,2022-10-08,1906,623025,1135,6,5,6,1992,0,0,0,NA,0,112T1,AVENUE I,28TH ST EAST,120,E,N,A,-,N,NA,NA,NA,NA,NA,NA,NA,NA,NA,Y,4,0,1,2,A,-,17,22109,NA,N,C,C,A,A,H,-,B,D,0,NA,NA,NA,NA,Y,NA,A,08,0,0,1,0,0,0,0,0,0,-,-,34.704410552978516,-118.07894134521484,LOS ANGELES,LANCASTER,-118.07888793945313,34.70439529418945
9509543,2022,2022-11-30,1900,2022-10-09,2023,652882,1192,7,5,6,1992,0,0,0,NA,0,112T2,AVENUE L,TUMBLEWOOD WY,35,W,N,A,-,N,NA,NA,NA,NA,NA,NA,NA,NA,NA,N,3,0,1,2,A,-,03,22350,NA,M,C,G,A,A,H,-,D,D,0,NA,Y,NA,NA,Y,NA,D,22,0,1,0,0,0,0,1,0,0,-,-,NA,NA,LOS ANGELES,LANCASTER,-118.18517303466795,34.66025924682617