CASE_ID,ACCIDENT_YEAR,PROC_DATE,JURIS,COLLISION_DATE,COLLISION_TIME,OFFICER_ID,REPORTING_DISTRICT,DAY_OF_WEEK,CHP_SHIFT,POPULATION,CNTY_CITY_LOC,SPECIAL_COND,BEAT_TYPE,CHP_BEAT_TYPE,CITY_DIVISION_LAPD,CHP_BEAT_CLASS,BEAT_NUMBER,PRIMARY_RD,SECONDARY_RD,DISTANCE,DIRECTION,INTERSECTION,WEATHER_1,WEATHER_2,STATE_HWY_IND,CALTRANS_COUNTY,CALTRANS_DISTRICT,STATE_ROUTE,ROUTE_SUFFIX,POSTMILE_PREFIX,POSTMILE,LOCATION_TYPE,RAMP_INTERSECTION,SIDE_OF_HWY,TOW_AWAY,COLLISION_SEVERITY,NUMBER_KILLED,NUMBER_INJURED,PARTY_COUNT,PRIMARY_COLL_FACTOR,PCF_CODE_OF_VIOL,PCF_VIOL_CATEGORY,PCF_VIOLATION,PCF_VIOL_SUBSECTION,HIT_AND_RUN,TYPE_OF_COLLISION,MVIW,PED_ACTION,ROAD_SURFACE,ROAD_COND_1,ROAD_COND_2,LIGHTING,CONTROL_DEVICE,CHP_ROAD_TYPE,PEDESTRIAN_ACCIDENT,BICYCLE_ACCIDENT,MOTORCYCLE_ACCIDENT,TRUCK_ACCIDENT,NOT_PRIVATE_PROPERTY,ALCOHOL_INVOLVED,STWD_VEHTYPE_AT_FAULT,CHP_VEHTYPE_AT_FAULT,COUNT_SEVERE_INJ,COUNT_VISIBLE_INJ,COUNT_COMPLAINT_PAIN,COUNT_PED_KILLED,COUNT_PED_INJURED,COUNT_BICYCLIST_KILLED,COUNT_BICYCLIST_INJURED,COUNT_MC_KILLED,COUNT_MC_INJURED,PRIMARY_RAMP,SECONDARY_RAMP,LATITUDE,LONGITUDE,COUNTY,CITY,POINT_X,POINT_Y
9514677,2023,2024-07-18,1976,2023-11-16,853,525,NA,4,5,5,1976,0,0,0,NA,0,004,DITTMAR AV,SCOTT AV,0,NA,N,A,-,N,NA,NA,NA,NA,NA,NA,NA,NA,NA,N,3,0,1,2,A,-,12,22450,A,N,H,G,A,A,H,-,A,A,0,NA,Y,NA,NA,Y,NA,A,01,0,1,0,0,0,0,1,0,0,-,-,NA,NA,LOS ANGELES,WHITTIER,-118.00086212158205,33.93781280517578
9514678,2023,2024-02-26,1942,2023-11-27,400,45248,2015,1,5,7,1942,0,0,0,NA,0,20A25,BEVERLY BL,VERMONT AV,0,NA,Y,A,-,N,NA,NA,NA,NA,NA,NA,NA,NA,NA,N,3,0,1,2,A,-,10,21950,A,F,G,B,B,A,H,-,C,A,0,Y,NA,NA,NA,Y,NA,-,99,0,1,0,0,1,0,0,0,0,-,-,NA,NA,LOS ANGELES,LOS ANGELES,-118.29168701171876,34.07632064819336
9514680,2023,2024-02-26,1900,2023-11-16,1850,643298,14163,4,5,1,1932,0,0,0,NA,0,141T6,DON JULIAN RD,TURNBULL CANYON RD,0,NA,Y,A,-,N,NA,NA,NA,NA,NA,NA,NA,NA,NA,N,2,0,4,3,A,-,12,21453,A,N,D,C,A,A,H,-,C,A,0,NA,NA,NA,NA,Y,NA,A,07,1,3,0,0,0,0,0,0,0,-,-,34.02180862426758,-117.96993255615234,LOS ANGELES,INDUSTRY,-117.97000885009766,34.021827697753906
9514707,2023,2024-02-16,1900,2023-06-14,2206,630008,0251,3,5,4,1945,0,0,0,NA,0,28A,ATLANTIC BL,SLAUSON AV,0,NA,Y,B,C,N,NA,NA,NA,NA,NA,NA,NA,NA,NA,Y,3,0,5,2,A,-,09,21801,A,N,A,C,A,B,H,-,C,A,0,NA,NA,NA,NA,Y,NA,A,01,0,5,0,0,0,0,0,0,0,-,-,33.987098693847656,-118.18565368652344,LOS ANGELES,MAYWOOD,-118.18560791015624,33.98707962036133
9514722,2023,2024-02-12,1906,2023-09-19,1455,4465,1906,2,5,5,1906,0,0,0,NA,0,003,MERCED AV,DALEWOOD ST,20,S,N,A,-,N,NA,NA,NA,NA,NA,NA,NA,NA,NA,Y,3,0,2,2,A,-,03,22350,NA,F,C,C,A,A,H,-,A,D,0,NA,NA,NA,NA,Y,NA,A,01,0,1,1,0,0,0,0,0,0,-,-,34.07529067993164,-117.965087890625,LOS ANGELES,BALDWIN PARK,-117.96990203857422,34.078834533691406
9514724,2023,2024-02-12,1942,2023-09-05,2000,45313,0646,2,5,7,1942,0,0,0,F,0,6A63W3,SUNSET BL,LAS PALMAS AV,0,NA,Y,A,-,N,NA,NA,NA,NA,NA,NA,NA,NA,NA,N,4,0,1,2,A,-,12,21453,A,N,D,C,A,A,H,-,C,A,0,NA,NA,NA,NA,Y,NA,A,01,0,0,1,0,0,0,0,0,0,-,-,NA,NA,LOS ANGELES,LOS ANGELES,-118.33659362792967,34.097965240478516
9514726,2023,2024-02-12,1972,2023-09-05,922,22774,NA,2,5,6,1972,0,0,0,NA,0,NA,WESTERN AV,DEL AMO BL,50,S,N,A,-,N,NA,NA,NA,NA,NA,NA,NA,NA,NA,Y,4,0,2,2,A,-,03,22350,NA,N,A,C,A,A,H,-,A,A,0,NA,NA,NA,NA,Y,NA,A,01,0,0,2,0,0,0,0,0,0,-,-,NA,NA,LOS ANGELES,TORRANCE,-118.30938720703124,33.84672546386719
9514728,2023,2024-02-12,1942,2023-09-23,344,41054,0356,6,5,7,1942,0,0,0,C,0,31D122,WESTERN AV,JEFFERSON BL,55,N,N,A,-,N,NA,NA,NA,NA,NA,NA,NA,NA,NA,Y,2,0,1,2,A,-,01,23152,A,N,G,B,E,A,H,-,C,A,0,Y,NA,NA,NA,Y,Y,A,01,1,0,0,0,1,0,0,0,0,-,-,NA,NA,LOS ANGELES,LOS ANGELES,-118.30889129638672,34.025699615478516
9514732,2023,2024-02-12,1942,2023-09-08,2010,42901,0851,5,5,7,1942,0,0,0,H,0,27T33W,BROCKTON AV,IOWA AV,20,S,N,A,-,N,NA,NA,NA,NA,NA,NA,NA,NA,NA,N,4,0,1,2,A,-,03,22350,NA,F,G,B,E,A,H,-,C,D,0,Y,NA,NA,NA,Y,NA,-,99,0,0,1,0,1,0,0,0,0,-,-,NA,NA,LOS ANGELES,LOS ANGELES,-118.45877075195313,34.03852462768555
9514736,2023,2024-02-12,1942,2023-09-02,755,40157,0812,6,5,7,1942,0,0,0,H,0,27TL25,SUNSET BL,ROCKINGHAM AV,182,W,N,B,-,N,NA,NA,NA,NA,NA,NA,NA,NA,NA,Y,3,0,1,2,A,-,08,22107,NA,N,B,C,A,B,H,-,A,A,0,NA,NA,NA,NA,Y,NA,-,-,0,1,0,0,0,0,0,0,0,-,-,NA,NA,LOS ANGELES,LOS ANGELES,-118.49250030517578,34.05810546875
9514740,2023,2024-02-12,1942,2023-09-02,405,45290,0824,6,5,7,1942,0,0,0,H,0,8A1,SUNSET BL,AMALFI DR,100,E,N,C,-,N,NA,NA,NA,NA,NA,NA,NA,NA,NA,Y,3,0,1,1,A,-,03,22350,NA,N,E,I,A,B,H,-,C,A,0,NA,NA,NA,NA,Y,NA,A,07,0,1,0,0,0,0,0,0,0,-,-,NA,NA,LOS ANGELES,LOS ANGELES,-118.50933837890624,34.0462532043457
9514801,2022,2022-11-03,1900,2022-10-17,1750,652853,0613,1,5,6,1985,0,0,0,NA,0,62T1,SOLEDAD CANYON RD,WHITES CANYON RD,0,NA,Y,A,-,N,NA,NA,NA,NA,NA,NA,NA,NA,NA,Y,4,0,1,2,A,-,09,21806,A,N,D,C,A,A,H,-,B,A,0,NA,NA,NA,NA,Y,NA,A,01,0,0,1,0,0,0,0,0,0,-,-,34.41579055786133,-118.47271728515624,LOS ANGELES,SANTA CLARITA,-118.47216796875,34.41572189331055
9514825,2022,2022-12-19,1942,2022-11-15,1900,38273,1025,2,5,7,1942,0,0,0,J,0,26TL54,LINDLEY AV,GAULT ST,10,N,N,A,-,N,NA,NA,NA,NA,NA,NA,NA,NA,NA,N,3,0,1,2,A,-,03,22350,NA,F,C,C,A,A,H,-,C,A,0,NA,NA,NA,NA,Y,NA,-,99,0,1,0,0,0,0,0,0,0,-,-,NA,NA,LOS ANGELES,LOS ANGELES,-118.5272979736328,34.199337005615234
9514827,2022,2022-12-19,1942,2022-11-16,2145,39476,1504,3,5,7,1942,0,0,0,O,0,26T55W,SHERMAN WY,LANKERSHIM BL,27,E,N,A,-,N,NA,NA,NA,NA,NA,NA,NA,NA,NA,Y,4,0,3,2,A,-,03,22350,NA,F,C,C,A,A,H,-,C,A,0,NA,NA,NA,NA,Y,NA,A,01,0,0,3,0,0,0,0,0,0,-,-,NA,NA,LOS ANGELES,LOS ANGELES,-118.38768768310548,34.20119094848633
9514840,2023,2023-12-15,1941,2023-10-07,2054,10045,EAST,6,5,7,1941,0,0,0,NA,0,012,E ANAHEIM ST,CLARK AV,0,NA,Y,A,-,N,NA,NA,NA,NA,NA,NA,NA,NA,NA,N,4,0,1,2,D,-,00,NA,NA,N,D,C,A,A,H,-,D,A,0,NA,NA,NA,NA,Y,NA,-,-,0,0,1,0,0,0,0,0,0,-,-,33.782588958740234,-118.13416290283205,LOS ANGELES,LONG BEACH,-118.13414764404295,33.782588958740234
9514853,2022,2022-12-19,1942,2022-10-31,2050,42324,0998,1,5,7,1942,0,0,0,I,0,26T56W,VENTURA BL,ETHEL AV,336,E,N,A,-,N,NA,NA,NA,NA,NA,NA,NA,NA,NA,Y,2,0,1,2,A,-,08,22102,NA,N,B,C,A,A,H,-,C,D,0,NA,NA,Y,NA,Y,NA,A,01,1,0,0,0,0,0,0,0,1,-,-,NA,NA,LOS ANGELES,LOS ANGELES,-118.41725158691406,34.14570617675781
9514855,2022,2022-12-19,1942,2022-11-10,1755,43419,2144,4,5,7,1942,0,0,0,NA,0,21X39,SHOUP AV,VICTORY BL,0,NA,Y,A,-,N,NA,NA,NA,NA,NA,NA,NA,NA,NA,N,3,0,1,2,A,-,03,22350,NA,F,C,C,A,A,-,-,C,-,0,NA,NA,NA,NA,Y,NA,-,99,0,1,0,0,0,0,0,0,0,-,-,NA,NA,LOS ANGELES,LOS ANGELES,-118.61457061767578,34.18644714355469
9514860,2022,2022-12-19,1942,2022-11-15,0730,42916,1015,2,5,7,1942,0,0,0,J,0,10A21,SHERMAN WY,LINDLEY AV,240,E,N,A,-,N,NA,NA,NA,NA,NA,NA,NA,NA,NA,Y,4,0,1,3,A,-,03,22350,NA,F,C,C,A,A,H,-,A,D,0,NA,NA,NA,NA,Y,NA,A,01,0,0,1,0,0,0,0,0,0,-,-,NA,NA,LOS ANGELES,LOS ANGELES,-118.52650451660156,34.201080322265625
9514864,2022,2022-12-19,1942,2022-11-15,1720,34561,1591,2,5,7,1942,0,0,0,O,0,26TL74,VENTURA BL,GOODLAND AV,0,NA,Y,A,-,N,NA,NA,NA,NA,NA,NA,NA,NA,NA,N,3,0,1,2,A,-,09,21801,A,F,G,B,E,A,H,-,C,D,0,Y,NA,NA,NA,Y,NA,A,07,0,1,0,0,1,0,0,0,0,-,-,NA,NA,LOS ANGELES,LOS ANGELES,-118.41154479980467,34.14475631713867
9514867,2022,2023-01-03,1942,2022-11-15,1022,30921,1677,2,5,7,1942,0,0,0,P,0,26M22,VINE VALLEY DR,ORLAND DR,300,S,N,A,-,N,NA,NA,NA,NA,NA,NA,NA,NA,NA,Y,3,0,2,2,A,-,01,23152,A,N,A,E,A,-,H,-,A,D,0,NA,NA,NA,NA,Y,Y,A,07,0,1,1,0,0,0,0,0,0,-,-,NA,NA,LOS ANGELES,LOS ANGELES,-118.35901641845705,34.22675323486328
9514868,2022,2022-12-19,1942,2022-11-14,1500,41514,1985,1,5,7,1942,0,0,0,NA,0,26TL72,CHASE ST,TOBIAS AV,0,NA,Y,A,-,N,NA,NA,NA,NA,NA,NA,NA,NA,NA,N,3,0,1,2,A,-,01,23152,A,N,G,B,B,A,H,-,A,A,0,Y,NA,NA,NA,Y,NA,A,01,0,1,0,0,1,0,0,0,0,-,-,NA,NA,LOS ANGELES,LOS ANGELES,-118.4516830444336,34.22475051879883
9514889,2023,2024-02-28,1900,2023-09-30,1600,669717,1124,6,5,6,1992,0,0,0,NA,0,112,10TH ST WEST,AVENUE I,73,N,N,A,-,N,NA,NA,NA,NA,NA,NA,NA,NA,NA,N,4,0,2,2,A,-,09,21804,A,N,A,C,A,A,H,-,A,D,0,NA,NA,NA,NA,Y,NA,A,01,0,0,2,0,0,0,0,0,0,-,-,NA,NA,LOS ANGELES,LANCASTER,-118.14813232421876,34.70415115356445
9514890,2023,2024-03-08,1941,2023-09-07,1239,10931,WEST,4,5,7,1941,0,0,0,NA,0,004,E PACIFIC COAST HY,PINE AV,0,NA,N,A,-,Y,LA,7,1,-,-,6.441,I,5,N,N,3,0,1,2,A,-,11,21954,A,N,B,B,D,A,H,-,A,D,0,Y,NA,NA,NA,Y,NA,N,60,0,1,0,0,1,0,0,0,0,-,-,33.78987121582031,-118.19239044189452,LOS ANGELES,LONG BEACH,-118.19239807128906,33.789920806884766
9514891,2023,2024-02-28,1942,2023-09-13,330,41747,1822,3,5,7,1942,0,0,0,R,0,25T33,FIGUEROA ST,103RD ST,11,N,N,A,-,N,NA,NA,NA,NA,NA,NA,NA,NA,NA,Y,2,0,1,2,A,-,03,22350,NA,F,G,B,B,A,H,-,C,A,0,Y,NA,NA,NA,Y,NA,A,07,1,0,0,0,1,0,0,0,0,-,-,NA,NA,LOS ANGELES,LOS ANGELES,-118.28263092041016,33.94282913208008
9514892,2023,2024-03-02,1942,2023-08-17,1804,43610,2017,4,5,7,1942,0,0,0,NA,0,20A88,VERMONT AV,2ND ST,69,S,N,A,-,N,NA,NA,NA,NA,NA,NA,NA,NA,NA,N,4,0,1,2,A,-,09,21801,A,N,D,C,A,A,H,-,A,D,0,NA,NA,NA,NA,Y,NA,A,07,0,0,1,0,0,0,0,0,0,-,-,NA,NA,LOS ANGELES,LOS ANGELES,-118.29167175292967,34.0701904296875
9514897,2023,2024-03-16,1941,2023-06-17,1648,11576,EAST,6,5,7,1941,0,0,0,NA,0,010,POMONA AV,EAST 2ND ST,120,S,N,A,-,N,NA,NA,NA,NA,NA,NA,NA,NA,NA,Y,4,0,1,2,A,-,11,21954,A,N,G,B,D,A,H,-,A,D,0,Y,NA,NA,NA,Y,NA,N,60,0,0,1,0,1,0,0,0,0,-,-,33.759071350097656,-118.13204956054688,LOS ANGELES,LONG BEACH,-118.1322784423828,33.75874328613281
9514898,2023,2024-03-16,1900,2023-06-10,1820,643200,1132,6,5,6,1992,0,0,0,NA,0,111T1,LANCASTER BL,16TH ST EAST,45,E,N,B,-,N,NA,NA,NA,NA,NA,NA,NA,NA,NA,N,4,0,1,2,D,-,00,NA,NA,N,B,C,A,A,H,-,A,D,0,NA,NA,Y,NA,Y,NA,-,-,0,0,1,0,0,0,0,0,1,-,-,NA,NA,LOS ANGELES,LANCASTER,-118.10128784179688,34.69684982299805
9514899,2023,2024-03-16,1942,2023-06-20,1115,33599,1252,2,5,7,1942,0,0,0,L,0,25T23,FLORENCE AV,8TH AV,139,E,N,A,-,N,NA,NA,NA,NA,NA,NA,NA,NA,NA,Y,3,0,2,2,A,-,07,21658,A,N,A,C,A,A,H,-,A,A,0,NA,NA,NA,NA,Y,NA,A,01,0,1,1,0,0,0,0,0,0,-,-,NA,NA,LOS ANGELES,LOS ANGELES,-118.32606506347656,33.97455978393555
9514902,2023,2024-03-02,1900,2023-08-27,2202,658303,1321,7,5,5,1935,0,0,0,NA,0,132T2,CLARK AV,CANDLEWOOD ST,380,N,N,A,-,N,NA,NA,NA,NA,NA,NA,NA,NA,NA,Y,3,0,1,4,A,-,01,23152,A,N,B,E,A,A,H,-,C,D,0,NA,NA,NA,NA,Y,Y,A,01,0,1,0,0,0,0,0,0,0,-,-,NA,NA,LOS ANGELES,LAKEWOOD,-118.13378143310548,33.85470199584961
9514903,2023,2024-03-02,1941,2023-08-07,2000,11547,WEST,1,5,7,1941,0,0,0,NA,0,005,ATLANTIC AV,BETWEEN W 5TH ST AND W CEREZA WY,0,NA,Y,A,-,N,NA,NA,NA,NA,NA,NA,NA,NA,NA,Y,2,0,1,2,D,-,00,NA,NA,F,C,D,A,A,H,-,C,D,0,NA,NA,Y,NA,Y,NA,-,-,1,0,0,0,0,0,0,0,1,-,-,33.7846794128418,-118.1850128173828,LOS ANGELES,LONG BEACH,-118.19640350341795,33.7732048034668
9514907,2023,2024-03-02,1941,2023-08-06,1139,11568,EAST,7,5,7,1941,0,0,0,NA,0,015,E SPRING ST,E SPRING ST 6402,0,NA,N,A,-,N,NA,NA,NA,NA,NA,NA,NA,NA,NA,N,4,0,1,2,A,-,21,22106,NA,N,G,B,F,A,H,-,A,D,0,Y,NA,NA,NA,Y,NA,A,07,0,0,1,0,1,0,0,0,0,-,-,33.809810638427734,-118.10700988769533,LOS ANGELES,LONG BEACH,-118.119873046875,33.81067657470703
9514909,2023,2024-03-02,1941,2023-08-03,1817,11810,EAST,4,5,7,1941,0,0,0,NA,0,016,LAKEWOOD BL,DOUGLAS CENTER DR,15,S,N,A,-,N,NA,NA,NA,NA,NA,NA,NA,NA,NA,N,4,0,1,3,A,-,08,22107,NA,N,D,C,A,A,H,-,A,A,0,NA,NA,Y,NA,Y,NA,A,01,0,0,1,0,0,0,0,0,1,-,-,33.83034133911133,-118.14257049560548,LOS ANGELES,LONG BEACH,-118.14247894287108,33.830318450927734
9514910,2023,2024-03-02,1942,2023-08-25,640,34959,2088,5,5,7,1942,0,0,0,NA,0,27TL29,WASHINGTON BL,MAGNOLIA AV,108,E,N,A,-,N,NA,NA,NA,NA,NA,NA,NA,NA,NA,N,4,0,1,2,A,-,10,21954,B,F,G,B,E,A,H,-,A,D,0,Y,NA,NA,NA,Y,NA,-,99,0,0,1,0,1,0,0,0,0,-,-,NA,NA,LOS ANGELES,LOS ANGELES,-118.28606414794922,34.0400390625
9514911,2023,2024-03-02,1941,2023-08-21,1547,10938,EAST,1,5,7,1941,0,0,0,NA,0,010,EAST 2ND ST,BETWEEN QUINCY AV AND ROYCROFT AV,0,NA,N,A,-,N,NA,NA,NA,NA,NA,NA,NA,NA,NA,N,4,0,1,2,A,-,03,22350,NA,N,C,C,A,A,H,-,A,A,0,NA,NA,NA,NA,Y,NA,A,08,0,0,1,0,0,0,0,0,0,-,-,33.762088775634766,-118.13919830322266,LOS ANGELES,LONG BEACH,NA,NA
9514915,2023,2024-03-02,1942,2023-08-13,630,41729,1239,7,5,7,1942,0,0,0,L,0,25TL23,FIGUEROA ST,59TH ST,10,N,N,A,-,N,NA,NA,NA,NA,NA,NA,NA,NA,NA,Y,3,0,1,3,A,-,03,22350,NA,F,B,C,A,A,H,-,A,A,0,NA,NA,NA,NA,Y,Y,A,01,0,1,0,0,0,0,0,0,0,-,-,NA,NA,LOS ANGELES,LOS ANGELES,-118.2826690673828,33.987388610839844
9514917,2023,2024-02-28,1942,2023-09-02,1420,43137,2024,6,5,7,1942,0,0,0,NA,0,20A13,5TH ST,OXFORD AV,0,NA,Y,A,-,N,NA,NA,NA,NA,NA,NA,NA,NA,NA,N,3,0,1,2,A,-,17,21235,G,N,D,C,A,A,H,-,A,A,0,NA,NA,NA,NA,Y,NA,M,94,0,1,0,0,0,0,0,0,0,-,-,NA,NA,LOS ANGELES,LOS ANGELES,-118.307861328125,34.06533432006836
9514918,2023,2024-02-28,1942,2023-09-09,1025,42665,2062,6,5,7,1942,0,0,0,NA,0,27TL25,PICO BL,MANHATTAN PL,0,NA,Y,A,-,N,NA,NA,NA,NA,NA,NA,NA,NA,NA,Y,4,0,1,2,A,-,09,21802,A,N,D,C,A,A,H,-,A,A,0,NA,NA,NA,NA,Y,NA,A,08,0,0,1,0,0,0,0,0,0,-,-,NA,NA,LOS ANGELES,LOS ANGELES,-118.31015777587892,34.04719924926758
9514919,2023,2024-03-07,1941,2023-09-08,1350,10147,WEST,5,5,7,1941,0,0,0,NA,0,005,E PACIFIC COAST HY,OLIVE AV,0,NA,N,A,-,Y,LA,7,1,-,-,5.91,H,-,N,Y,2,0,1,3,A,-,03,22350,NA,N,C,C,A,A,H,-,A,A,0,NA,NA,Y,NA,Y,NA,C,02,1,0,0,0,0,0,0,0,1,-,-,33.789859771728516,-118.182861328125,LOS ANGELES,LONG BEACH,-118.18320465087892,33.7899169921875
9514920,2023,2024-03-07,1941,2023-09-26,1744,11805,EAST,2,5,7,1941,0,0,0,NA,0,012,CLARK AV,E PACIFIC COAST HY,0,NA,Y,A,-,Y,LA,7,1,-,-,2.871,I,5,S,N,4,0,1,2,A,-,03,22350,NA,N,C,C,A,A,H,-,A,A,0,NA,NA,NA,NA,Y,NA,A,01,0,0,1,0,0,0,0,0,0,-,-,33.783870697021484,-118.13416290283205,LOS ANGELES,LONG BEACH,-118.13413238525392,33.78376770019531
9514944,2023,2024-02-10,1900,2023-09-14,1110,656357,1264,4,5,3,1991,0,0,0,NA,0,121T1,FOOTHILL BL,LA CANADA PLAZA RD,163,E,N,-,-,N,NA,NA,NA,NA,NA,NA,NA,NA,NA,N,4,0,1,2,A,-,03,22350,NA,M,D,E,A,A,H,-,A,D,0,NA,NA,NA,NA,Y,NA,A,07,0,0,1,0,0,0,0,0,0,-,-,34.215660095214844,-118.2238311767578,LOS ANGELES,LA CANADA-FLINTRIDGE,-118.22398376464844,34.215518951416016
9514966,2023,2024-02-13,1941,2023-08-13,2130,10167,NORTH,7,5,7,1941,0,0,0,NA,0,021,SOUTH ST,JAYMILLS AV,0,NA,Y,A,-,N,NA,NA,NA,NA,NA,NA,NA,NA,NA,N,4,0,1,2,D,-,00,NA,NA,N,D,C,A,A,H,-,C,A,0,NA,NA,NA,NA,Y,NA,-,-,0,0,1,0,0,0,0,0,0,-,-,33.8603515625,-118.1927490234375,LOS ANGELES,LONG BEACH,-118.19276428222656,33.86035919189453
9514968,2023,2024-02-13,1942,2023-01-10,2300,45466,1245,2,5,7,1942,0,0,0,L,0,12A15,FLORENCE AV,WESTERN,40,E,N,A,-,N,NA,NA,NA,NA,NA,NA,NA,NA,NA,N,3,0,1,2,A,-,03,22350,NA,F,B,C,A,A,H,-,C,D,0,NA,NA,NA,NA,Y,NA,-,99,0,1,0,0,0,0,0,0,0,-,-,NA,NA,LOS ANGELES,LOS ANGELES,-118.30884552001952,33.974571228027344
9515054,2024,2024-06-24,1900,2024-01-09,1900,672481,1012,2,5,3,1995,0,0,0,NA,0,101T3,MERRITT DR,MORNING VIEW DR,250,E,N,A,-,N,NA,NA,NA,NA,NA,NA,NA,NA,NA,Y,2,0,3,1,A,-,03,22350,NA,N,E,J,A,A,H,-,C,D,0,NA,NA,NA,NA,Y,NA,A,01,1,2,0,0,0,0,0,0,0,-,-,34.0201416015625,-118.8265380859375,LOS ANGELES,MALIBU,-118.82650756835938,34.02059555053711
9515102,2023,2024-02-05,1900,2023-12-13,1423,651854,1124,3,5,6,1992,0,0,0,NA,0,111T1,SIERRA HWY,AVENUE K-8,0,S,N,A,-,N,NA,NA,NA,NA,NA,NA,NA,NA,NA,Y,2,0,1,2,A,-,09,21804,A,N,D,C,A,A,H,-,A,A,0,NA,NA,Y,NA,Y,NA,A,01,1,0,0,0,0,0,0,0,1,-,-,34.667579650878906,-118.13170623779295,LOS ANGELES,LANCASTER,-118.13294982910156,34.674983978271484
9515105,2023,2024-02-05,1928,2023-12-14,1811,50429,505,4,5,5,1928,0,0,0,NA,0,502,IMPERIAL HWY,BIRCH AV,0,NA,Y,A,-,N,NA,NA,NA,NA,NA,NA,NA,NA,NA,Y,4,0,1,2,A,-,01,23152,A,N,D,C,A,A,H,-,C,A,0,NA,NA,NA,NA,Y,Y,A,01,0,0,1,0,0,0,0,0,0,-,-,33.930938720703125,-118.35027313232422,LOS ANGELES,HAWTHORNE,-118.35030364990234,33.93096160888672
9515107,2023,2024-03-01,1913,2023-12-09,500,4221,05,6,5,4,1913,0,0,0,NA,0,NA,ARROW HWY,GENEVA AV,76,W,N,A,-,N,NA,NA,NA,NA,NA,NA,NA,NA,NA,Y,4,0,1,1,A,-,01,23152,A,N,E,I,A,A,H,-,C,A,0,NA,NA,NA,NA,Y,Y,A,01,0,0,1,0,0,0,0,0,0,-,-,NA,NA,LOS ANGELES,CLAREMONT,-117.72592163085938,34.09037780761719
9515110,2023,2024-02-13,1942,2023-12-21,2330,39855,1722,4,5,7,1942,0,0,0,Q,0,17A81,DEVONSHIRE ST,CANOGA AV,0,NA,N,C,-,N,NA,NA,NA,NA,NA,NA,NA,NA,NA,N,4,0,1,2,-,-,-,NA,NA,F,B,C,A,B,H,-,C,A,0,NA,NA,NA,NA,Y,NA,-,-,0,0,1,0,0,0,0,0,0,-,-,NA,NA,LOS ANGELES,LOS ANGELES,-118.59732818603516,34.257240295410156
9515111,2023,2024-02-14,1913,2023-12-14,2152,4202,47,4,5,4,1913,0,0,0,NA,0,003,SMITH DR,FLORAC AV,0,NA,Y,A,-,N,NA,NA,NA,NA,NA,NA,NA,NA,NA,Y,3,0,1,1,A,-,01,23152,G,N,A,I,A,A,H,-,C,D,0,NA,NA,NA,NA,Y,NA,A,01,0,1,0,0,0,0,0,0,0,-,-,NA,NA,LOS ANGELES,CLAREMONT,-117.74968719482422,34.114437103271484
9515119,2023,2024-02-06,1913,2023-12-06,835,4344,25,3,5,4,1913,0,0,0,NA,0,002,ARROW HWY,MILLS AV,203,W,N,A,-,N,NA,NA,NA,NA,NA,NA,NA,NA,NA,Y,4,0,1,2,A,-,01,23152,NA,M,C,E,A,A,H,-,A,A,0,NA,NA,NA,NA,Y,NA,A,01,0,0,1,0,0,0,0,0,0,-,-,NA,NA,LOS ANGELES,CLAREMONT,-117.70758819580078,34.092594146728516
9515123,2022,2022-11-28,1942,2022-09-16,1815,40476,2056,5,5,7,1942,0,0,0,NA,0,20XL6,VERMONT BL,12TH ST,0,NA,Y,A,-,N,NA,NA,NA,NA,NA,NA,NA,NA,NA,Y,4,0,1,2,A,-,03,22350,NA,F,A,C,A,A,H,-,B,D,0,NA,NA,NA,NA,Y,NA,D,22,0,0,1,0,0,0,0,0,0,-,-,NA,NA,LOS ANGELES,LOS ANGELES,-118.29161071777344,34.04912567138672
9515124,2022,2022-12-02,1942,2022-05-22,2024,41179,0711,7,5,7,1942,0,0,0,G,0,27Q11,LA CIENEGA BL,OAKWOOD AV,225,S,N,A,-,N,NA,NA,NA,NA,NA,NA,NA,NA,NA,Y,3,0,2,4,A,-,03,22350,A,N,E,I,A,A,H,-,C,D,0,NA,NA,NA,NA,Y,NA,D,22,0,1,1,0,0,0,0,0,0,-,-,NA,NA,LOS ANGELES,LOS ANGELES,-118.37660980224608,34.077491760253906
9515126,2022,2022-12-13,1942,2022-11-02,1935,39151,1881,3,5,7,1942,0,0,0,R,0,25T37,REDONDO BEACH BL,ORCHARD AV,68,W,N,A,-,N,NA,NA,NA,NA,NA,NA,NA,NA,NA,Y,3,0,4,5,A,-,01,23152,A,N,C,B,F,A,H,-,C,A,0,Y,NA,NA,NA,Y,NA,D,22,0,4,0,0,3,0,0,0,0,-,-,NA,NA,LOS ANGELES,LOS ANGELES,-118.2885513305664,33.89257049560547
9515128,2022,2022-12-02,1942,2022-05-16,0515,42157,0752,1,5,7,1942,0,0,0,G,0,27TL21,LA CIENEGA BL,WHITWORTH DR,396,S,N,A,-,N,NA,NA,NA,NA,NA,NA,NA,NA,NA,Y,3,0,1,2,A,-,08,22107,NA,N,C,E,A,A,H,-,C,A,0,NA,NA,NA,Y,Y,NA,F,21,0,1,0,0,0,0,0,0,0,-,-,NA,NA,LOS ANGELES,LOS ANGELES,-118.37620544433594,34.05595397949219
9515130,2022,2022-12-12,1941,2022-08-19,0337,11649,NA,5,5,7,1941,0,0,0,NA,0,NA,LONG BEACH BL,RT 710,0,NA,Y,A,-,Y,LA,7,710,-,-,11.819,R,4,N,Y,4,0,1,2,D,-,00,NA,NA,N,D,C,A,A,H,-,C,A,0,NA,NA,NA,Y,Y,NA,-,-,0,0,1,0,0,0,0,0,0,-,NF,NA,NA,LOS ANGELES,LONG BEACH,-118.2009048461914,33.86003112792969