CASE_ID,ACCIDENT_YEAR,PROC_DATE,JURIS,COLLISION_DATE,COLLISION_TIME,OFFICER_ID,REPORTING_DISTRICT,DAY_OF_WEEK,CHP_SHIFT,POPULATION,CNTY_CITY_LOC,SPECIAL_COND,BEAT_TYPE,CHP_BEAT_TYPE,CITY_DIVISION_LAPD,CHP_BEAT_CLASS,BEAT_NUMBER,PRIMARY_RD,SECONDARY_RD,DISTANCE,DIRECTION,INTERSECTION,WEATHER_1,WEATHER_2,STATE_HWY_IND,CALTRANS_COUNTY,CALTRANS_DISTRICT,STATE_ROUTE,ROUTE_SUFFIX,POSTMILE_PREFIX,POSTMILE,LOCATION_TYPE,RAMP_INTERSECTION,SIDE_OF_HWY,TOW_AWAY,COLLISION_SEVERITY,NUMBER_KILLED,NUMBER_INJURED,PARTY_COUNT,PRIMARY_COLL_FACTOR,PCF_CODE_OF_VIOL,PCF_VIOL_CATEGORY,PCF_VIOLATION,PCF_VIOL_SUBSECTION,HIT_AND_RUN,TYPE_OF_COLLISION,MVIW,PED_ACTION,ROAD_SURFACE,ROAD_COND_1,ROAD_COND_2,LIGHTING,CONTROL_DEVICE,CHP_ROAD_TYPE,PEDESTRIAN_ACCIDENT,BICYCLE_ACCIDENT,MOTORCYCLE_ACCIDENT,TRUCK_ACCIDENT,NOT_PRIVATE_PROPERTY,ALCOHOL_INVOLVED,STWD_VEHTYPE_AT_FAULT,CHP_VEHTYPE_AT_FAULT,COUNT_SEVERE_INJ,COUNT_VISIBLE_INJ,COUNT_COMPLAINT_PAIN,COUNT_PED_KILLED,COUNT_PED_INJURED,COUNT_BICYCLIST_KILLED,COUNT_BICYCLIST_INJURED,COUNT_MC_KILLED,COUNT_MC_INJURED,PRIMARY_RAMP,SECONDARY_RAMP,LATITUDE,LONGITUDE,COUNTY,CITY,POINT_X,POINT_Y
9517285,2022,2023-01-24,1942,2022-11-15,0830,41747,1232,2,5,7,1942,0,0,0,L,0,25TL23,ARLINGTON AV,60TH ST,0,NA,Y,A,-,N,NA,NA,NA,NA,NA,NA,NA,NA,NA,N,3,0,2,4,A,-,12,22450,A,F,D,C,A,A,H,-,A,A,0,NA,NA,NA,NA,Y,NA,D,22,0,2,0,0,0,0,0,0,0,-,-,NA,NA,LOS ANGELES,LOS ANGELES,-118.31867218017578,33.985477447509766
9517291,2022,2023-01-06,1900,2022-11-04,1735,655224,2826,5,5,5,1915,0,0,0,NA,0,283T1,PALMER ST,LONG BEACH BL,46,W,N,A,-,N,NA,NA,NA,NA,NA,NA,NA,NA,NA,N,3,0,1,2,A,-,08,22107,NA,F,B,A,A,A,H,-,A,A,0,NA,NA,NA,NA,Y,NA,A,01,0,1,0,0,0,0,0,0,0,-,-,33.89826965332031,-118.20838928222656,LOS ANGELES,COMPTON,-118.20834350585938,33.898319244384766
9517293,2022,2023-01-31,1942,2022-11-12,1120,33599,1263,6,5,7,1942,0,0,0,L,0,25T23,CIMARRON,79TH ST,0,NA,Y,A,-,N,NA,NA,NA,NA,NA,NA,NA,NA,NA,Y,3,0,2,2,A,-,09,21802,A,N,D,C,A,A,H,-,A,A,0,NA,NA,NA,NA,Y,NA,A,01,0,2,0,0,0,0,0,0,0,-,-,NA,NA,LOS ANGELES,LOS ANGELES,-118.31558227539064,33.96726989746094
9517305,2022,2023-01-24,1900,2022-11-02,1040,629494,1414,3,5,1,1932,0,0,0,NA,0,141T3,HACIENDA BL,VALLEY BL,110,S,N,C,-,N,NA,NA,NA,NA,NA,NA,NA,NA,NA,Y,3,0,3,5,A,-,03,22350,NA,N,C,C,A,B,H,-,A,A,0,NA,NA,NA,Y,Y,NA,A,01,0,3,0,0,0,0,0,0,0,-,-,NA,NA,LOS ANGELES,INDUSTRY,-117.95839691162108,34.0195426940918
9517307,2022,2023-01-04,1900,2022-11-27,0000,650100,1361,7,5,5,1952,0,0,0,NA,0,136D,N SOMERSET RANCH RD,GARFIELD AV,120,E,N,E,-,N,NA,NA,NA,NA,NA,NA,NA,NA,NA,N,4,0,1,2,A,-,03,22350,NA,M,C,C,A,A,H,-,C,A,0,NA,NA,NA,NA,Y,NA,D,22,0,0,1,0,0,0,0,0,0,-,-,NA,NA,LOS ANGELES,PARAMOUNT,-118.16851806640624,33.91053009033203
9517309,2022,2023-01-03,1900,2022-06-28,1604,604231,1412,2,5,1,1932,0,0,0,NA,0,141T5,VINELAND AV,MOCCASIN ST,100,N,N,A,-,N,NA,NA,NA,NA,NA,NA,NA,NA,NA,Y,3,0,1,2,A,-,09,21801,A,N,A,C,A,A,H,-,A,D,0,NA,NA,NA,Y,Y,NA,G,25,0,1,0,0,0,0,0,0,0,-,-,34.051979064941406,-117.98867797851564,LOS ANGELES,INDUSTRY,-117.98870849609376,34.05181884765625
9517313,2022,2023-01-03,1900,2022-08-26,2046,604231,1419,5,5,1,1932,0,0,0,NA,0,141T1,E WALNUT DR N,FAIRWAY DR,2640,E,N,A,-,N,NA,NA,NA,NA,NA,NA,NA,NA,NA,Y,2,0,1,2,A,-,03,22350,NA,N,D,C,A,A,H,-,D,D,0,NA,NA,NA,Y,Y,NA,A,01,1,0,0,0,0,0,0,0,0,-,-,33.9977912902832,-117.86451721191406,LOS ANGELES,INDUSTRY,-117.86211395263672,33.997962951660156
9517315,2022,2023-01-04,1900,2022-11-20,1118,647144,1327,7,5,5,1935,0,0,0,NA,0,132T1,207TH ST,SEINE AV,0,NA,Y,A,-,N,NA,NA,NA,NA,NA,NA,NA,NA,NA,N,4,0,1,2,D,-,00,NA,NA,N,C,C,A,A,H,-,A,D,0,NA,NA,NA,NA,Y,NA,-,-,0,0,1,0,0,0,0,0,0,-,-,NA,NA,LOS ANGELES,LAKEWOOD,-118.0786590576172,33.842350006103516
9517331,2022,2023-01-04,1900,2022-11-15,1350,656309,1334,2,5,5,1908,0,0,0,NA,0,133T2,FLOWER ST,ARDMORE AV,394,W,N,A,-,N,NA,NA,NA,NA,NA,NA,NA,NA,NA,N,4,0,1,2,A,-,21,22106,NA,M,G,B,E,A,H,-,A,D,0,Y,NA,NA,Y,Y,NA,F,21,0,0,1,0,1,0,0,0,0,-,-,NA,NA,LOS ANGELES,BELLFLOWER,-118.13042449951172,33.882080078125
9517337,2022,2023-02-01,1900,2022-12-03,0526,600059,1453,6,5,2,1999,0,0,0,NA,0,147B,HARBOR BL,PEPPERTREE DR,0,NA,Y,A,-,N,NA,NA,NA,NA,NA,NA,NA,NA,NA,Y,3,0,3,2,A,-,08,22107,NA,N,C,I,A,B,H,-,D,D,0,NA,NA,NA,NA,Y,NA,D,22,0,3,0,0,0,0,0,0,0,-,-,33.948421478271484,-117.93055725097656,LOS ANGELES,LA HABRA HEIGHTS,-117.93060302734376,33.948360443115234
9517343,2022,2023-01-04,1900,2022-11-24,1037,657379,1335,4,5,5,1908,0,0,0,NA,0,133K,DOWNEY AV,PARK ST,0,NA,Y,A,-,N,NA,NA,NA,NA,NA,NA,NA,NA,NA,Y,4,0,2,2,A,-,09,21801,A,N,D,C,A,A,H,-,A,D,0,NA,NA,NA,NA,Y,NA,A,01,0,0,2,0,0,0,0,0,0,-,-,33.878360748291016,-118.15131378173828,LOS ANGELES,BELLFLOWER,-118.15131378173828,33.87834930419922
9517346,2022,2023-02-01,1900,2022-12-16,1626,646171,2824,5,5,5,1915,0,0,0,NA,0,2824,SANTA FE AV,PALMER ST,0,NA,Y,A,-,N,NA,NA,NA,NA,NA,NA,NA,NA,NA,Y,4,0,1,2,A,-,12,21453,A,N,A,C,A,A,H,-,A,A,0,NA,NA,NA,NA,Y,NA,A,07,0,0,1,0,0,0,0,0,0,-,-,NA,NA,LOS ANGELES,COMPTON,-118.2159423828125,33.898319244384766
9517354,2022,2023-02-01,1900,2022-12-01,1017,647211,2813,4,5,5,1915,0,0,0,NA,0,282T1,WILLOW BROOK AV,WINONA ST,0,NA,Y,A,-,N,NA,NA,NA,NA,NA,NA,NA,NA,NA,Y,4,0,2,2,A,-,09,21802,A,N,D,D,A,A,H,-,A,D,0,NA,NA,NA,NA,Y,NA,D,22,0,0,2,0,0,0,0,0,0,-,-,33.907630920410156,-118.22720336914064,LOS ANGELES,COMPTON,-118.226806640625,33.907752990722656
9517363,2022,2023-01-24,1942,2022-08-21,0010,42758,1268,7,5,7,1942,0,0,0,L,0,12Z7,S SAN PEDRO ST,E 80TH ST,50,S,N,A,-,N,NA,NA,NA,NA,NA,NA,NA,NA,NA,N,3,0,1,3,A,-,05,21651,NA,M,A,C,A,A,-,-,C,A,0,NA,NA,NA,NA,Y,NA,A,01,0,1,0,0,0,0,0,0,0,-,-,NA,NA,LOS ANGELES,LOS ANGELES,-118.26954650878906,33.966312408447266
9517365,2022,2022-12-21,1942,2022-09-20,1700,43866,1203,2,5,7,1942,0,0,0,L,0,12X42W,WESTERN AV,W 48TH ST,0,NA,Y,A,-,N,NA,NA,NA,NA,NA,NA,NA,NA,NA,Y,4,0,2,2,A,-,12,21453,A,N,D,C,A,A,H,-,A,A,0,NA,NA,NA,NA,Y,NA,A,01,0,0,2,0,0,0,0,0,0,-,-,NA,NA,LOS ANGELES,LOS ANGELES,-118.30892944335938,34.000057220458984
9517390,2022,2022-12-22,1942,2022-08-07,1150,39397,1235,7,5,7,1942,0,0,0,L,0,25TL23,VERMONT AV,SLAUSON AV,100,W,N,A,-,N,NA,NA,NA,NA,NA,NA,NA,NA,NA,N,3,0,1,2,B,-,22,NA,NA,F,-,E,A,A,H,-,A,D,0,NA,NA,NA,NA,Y,NA,-,-,0,1,0,0,0,0,0,0,0,-,-,NA,NA,LOS ANGELES,LOS ANGELES,-118.29147338867188,33.98912811279297
9517395,2022,2022-12-22,1907,2022-09-21,2029,258,1,3,5,4,1907,0,0,0,NA,0,NA,FLORENCE AV,CALIFORNIA AV,19,W,N,A,-,N,NA,NA,NA,NA,NA,NA,NA,NA,NA,N,3,0,4,2,A,-,12,21453,A,N,D,D,A,A,H,-,C,A,0,NA,NA,NA,NA,Y,NA,A,01,0,3,1,0,0,0,0,0,0,-,-,33.97185134887695,-118.20214080810548,LOS ANGELES,BELL,-118.20223999023438,33.971805572509766
9517396,2022,2022-12-22,1942,2022-09-17,0115,44740,1263,6,5,7,1942,0,0,0,L,0,12A93,WESTERN AV,82ND ST,0,NA,Y,A,-,N,NA,NA,NA,NA,NA,NA,NA,NA,NA,Y,2,0,3,2,A,-,09,21801,A,N,D,C,A,A,H,-,C,D,0,NA,NA,NA,NA,Y,NA,A,01,1,2,0,0,0,0,0,0,0,-,-,NA,NA,LOS ANGELES,LOS ANGELES,-118.30900573730467,33.964569091796875
9517397,2022,2022-12-22,1907,2022-09-17,1656,251,1,6,5,4,1907,0,0,0,NA,0,NA,ORCHARD AV,GAGE AV,20,N,N,A,-,N,NA,NA,NA,NA,NA,NA,NA,NA,NA,Y,4,0,1,2,A,-,05,21651,NA,N,B,C,A,A,H,-,A,A,0,NA,NA,NA,NA,Y,NA,A,01,0,0,1,0,0,0,0,0,0,-,-,33.97911834716797,-118.20005035400392,LOS ANGELES,BELL,-118.19962310791016,33.97940444946289
9517398,2022,2022-12-22,1907,2022-09-16,1648,249,2,5,5,4,1907,0,0,0,NA,0,NA,WALKER AV,GAGE AV,305,S,N,A,-,N,NA,NA,NA,NA,NA,NA,NA,NA,NA,N,3,0,1,2,A,-,09,21801,NA,N,D,C,A,A,H,-,A,D,0,NA,NA,Y,NA,Y,NA,A,01,0,1,0,0,0,0,0,0,1,-,-,33.97544860839844,-118.17227172851564,LOS ANGELES,BELL,-118.1733627319336,33.97657012939453
9517399,2022,2022-12-22,1907,2022-09-28,0105,527,1,3,5,4,1907,0,0,0,NA,0,NA,ATLANTIC AV,BELL AV,0,NA,Y,A,-,N,NA,NA,NA,NA,NA,NA,NA,NA,NA,Y,3,0,3,2,A,-,01,23152,A,N,D,D,A,A,H,-,C,A,0,NA,NA,NA,NA,Y,Y,A,01,0,3,0,0,0,0,0,0,0,-,-,33.97439956665039,-118.18743896484376,LOS ANGELES,BELL,-118.18759155273438,33.974422454833984
9517406,2022,2022-12-22,1942,2022-10-30,1955,43551,1243,7,5,7,1942,0,0,0,L,0,12A31,FLORENCE,WESTERN,345,W,N,A,-,N,NA,NA,NA,NA,NA,NA,NA,NA,NA,Y,4,0,1,3,A,-,03,22350,NA,M,C,C,A,A,H,-,C,A,0,NA,NA,NA,NA,Y,NA,A,01,0,0,1,0,0,0,0,0,0,-,-,NA,NA,LOS ANGELES,LOS ANGELES,-118.31011199951172,33.974571228027344
9517417,2022,2023-01-30,1900,2022-12-09,1718,643298,1417,5,5,1,1932,0,0,0,NA,0,141T6,AZUSA AV,GEMINI ST,234,N,N,A,-,N,NA,NA,NA,NA,NA,NA,NA,NA,NA,N,4,0,2,2,A,-,07,21658,A,N,B,C,A,A,H,-,C,D,0,NA,NA,NA,NA,Y,NA,A,07,0,0,2,0,0,0,0,0,0,-,-,34.02001953125,-117.91960906982422,LOS ANGELES,INDUSTRY,-117.92015075683594,34.018619537353516
9517418,2022,2023-01-30,1900,2022-12-02,0630,646466,1430,5,5,4,1937,0,0,0,NA,0,143T1,AMAR RD,PUENTE AV,0,NA,Y,A,-,N,NA,NA,NA,NA,NA,NA,NA,NA,NA,Y,4,0,1,2,A,-,12,21453,A,N,D,C,A,B,H,-,B,A,0,NA,NA,NA,NA,Y,NA,A,01,0,0,1,0,0,0,0,0,0,-,-,34.05453109741211,-117.97796630859376,LOS ANGELES,LA PUENTE,-117.97810363769533,34.05452346801758
9517421,2022,2022-12-29,1942,2022-10-19,0130,44068,1208,3,5,7,1942,0,0,0,L,0,12A83,53RD ST,FIGUEROA ST,5,E,N,A,-,N,NA,NA,NA,NA,NA,NA,NA,NA,NA,N,3,0,1,2,A,-,03,22350,NA,F,D,G,A,A,-,-,C,D,0,NA,Y,NA,NA,Y,NA,-,99,0,1,0,0,0,0,1,0,0,-,-,NA,NA,LOS ANGELES,LOS ANGELES,-118.28268432617188,33.99420928955078
9517423,2022,2022-12-29,1942,2022-10-13,2355,42369,1255,4,5,7,1942,0,0,0,L,0,1245,S HALLDALE AV,W 7TH ST,300,S,N,A,-,N,NA,NA,NA,NA,NA,NA,NA,NA,NA,Y,3,0,1,2,A,-,03,22350,NA,N,B,E,A,A,H,-,C,D,0,NA,NA,NA,NA,Y,NA,A,01,0,1,0,0,0,0,0,0,0,-,-,NA,NA,LOS ANGELES,LOS ANGELES,NA,NA
9517424,2022,2022-12-29,1942,2022-10-27,0905,37146,1268,4,5,7,1942,0,0,0,L,0,25T21W,MANCHESTER AV,WALL ST,30,E,N,A,-,N,NA,NA,NA,NA,NA,NA,NA,NA,NA,N,3,0,1,2,A,-,03,22350,NA,F,C,C,A,A,H,-,A,A,0,NA,NA,NA,NA,Y,NA,-,99,0,1,0,0,0,0,0,0,0,-,-,NA,NA,LOS ANGELES,LOS ANGELES,-118.27156066894533,33.96009826660156
9517425,2022,2022-12-29,1900,2022-10-19,1955,656372,1335,3,5,5,1908,0,0,0,NA,0,133T1,BELLFLOWER BL,ROSE ST,5,S,N,A,-,N,NA,NA,NA,NA,NA,NA,NA,NA,NA,N,3,0,1,2,A,-,12,21453,A,N,A,B,A,A,H,-,C,A,0,NA,Y,NA,NA,Y,NA,L,04,0,1,0,0,0,0,1,0,0,-,-,NA,NA,LOS ANGELES,BELLFLOWER,-118.12522888183594,33.86963653564453
9517426,2022,2022-12-29,1900,2022-10-22,1920,636464,1334,6,5,5,1908,0,0,0,NA,0,133T1,ROSECRANS AV,CARPINTERO AV,30,W,N,A,-,N,NA,NA,NA,NA,NA,NA,NA,NA,NA,N,3,0,1,2,A,-,09,21804,A,N,D,C,A,A,H,-,C,A,0,NA,NA,NA,NA,Y,NA,A,01,0,1,0,0,0,0,0,0,0,-,-,NA,NA,LOS ANGELES,BELLFLOWER,-118.11431884765624,33.90203857421875
9517427,2022,2022-12-29,1900,2022-10-15,1533,648076,1349,6,5,3,1903,0,0,0,NA,0,134A,NORWALK BL,SOUTH ST,50,N,N,A,-,N,NA,NA,NA,NA,NA,NA,NA,NA,NA,Y,4,0,1,2,A,-,09,21804,A,N,B,C,A,A,H,-,A,-,0,NA,NA,NA,NA,Y,NA,A,01,0,0,1,0,0,0,0,0,0,-,-,NA,NA,LOS ANGELES,ARTESIA,-118.07234191894533,33.858665466308594
9517428,2022,2022-12-29,1900,2022-10-31,2009,657379,1337,1,5,5,1908,0,0,0,NA,0,133T2,WOODRUFF AV,FLORA VISTA ST,75,N,N,A,-,N,NA,NA,NA,NA,NA,NA,NA,NA,NA,Y,4,0,3,2,A,-,09,21801,A,N,D,C,A,A,H,-,C,A,0,NA,NA,NA,NA,Y,NA,A,07,0,0,3,0,0,0,0,0,0,-,-,NA,NA,LOS ANGELES,BELLFLOWER,-118.11731719970705,33.88209533691406
9517429,2022,2022-12-29,1900,2022-10-26,2000,654793,1364,3,5,5,1952,0,0,0,NA,0,136D,GARFIELD AV,ROSECRANS BL,266,N,N,A,-,N,NA,NA,NA,NA,NA,NA,NA,NA,NA,N,4,0,1,2,A,-,09,21804,A,N,D,C,A,A,H,-,D,D,0,NA,NA,Y,NA,Y,NA,A,01,0,0,1,0,0,0,0,0,1,-,-,NA,NA,LOS ANGELES,PARAMOUNT,-118.16886901855467,33.90433120727539
9517430,2022,2022-12-29,1900,2022-10-24,0224,630453,1322,1,5,5,1935,0,0,0,NA,0,132T1,CLARK AV,SOUTH ST,177,S,N,A,-,N,NA,NA,NA,NA,NA,NA,NA,NA,NA,N,4,0,1,1,A,-,03,22350,NA,N,E,I,A,A,H,-,C,D,0,NA,NA,NA,NA,Y,NA,A,01,0,0,1,0,0,0,0,0,0,-,-,NA,NA,LOS ANGELES,LAKEWOOD,-118.13377380371094,33.859806060791016
9517431,2022,2022-12-29,1900,2022-10-31,1451,657379,1334,1,5,5,1908,0,0,0,NA,0,133T2,BELLFLOWER BL,OAK ST,40,N,N,A,-,N,NA,NA,NA,NA,NA,NA,NA,NA,NA,N,4,0,1,2,A,-,17,22517,NA,N,-,C,A,A,H,-,A,D,0,NA,NA,NA,NA,Y,NA,A,01,0,0,1,0,0,0,0,0,0,-,-,NA,NA,LOS ANGELES,BELLFLOWER,-118.12531280517578,33.88475799560547
9517432,2022,2022-12-29,1900,2022-10-31,1820,657379,1334,1,5,5,1908,0,0,0,NA,0,133T2,BELLFLOWER BL,PARK ST,12,S,N,A,-,N,NA,NA,NA,NA,NA,NA,NA,NA,NA,Y,4,0,2,3,A,-,12,21453,A,N,D,C,A,A,H,-,C,A,0,NA,NA,NA,NA,Y,NA,A,01,0,0,2,0,0,0,0,0,0,-,-,NA,NA,LOS ANGELES,BELLFLOWER,-118.12525939941406,33.8784065246582
9517433,2022,2022-12-29,1900,2022-11-08,1000,548327,1332,2,5,5,1908,0,0,0,NA,0,133T1,CLARK AV,ROSECRANS AV,10,N,N,C,-,N,NA,NA,NA,NA,NA,NA,NA,NA,NA,N,4,0,1,2,A,-,03,22350,NA,N,C,C,A,B,H,-,A,A,0,NA,NA,NA,NA,Y,NA,A,01,0,0,1,0,0,0,0,0,0,-,-,NA,NA,LOS ANGELES,BELLFLOWER,-118.1340789794922,33.90412902832031
9517434,2022,2022-12-29,1900,2022-10-18,0743,660930,2846,2,5,5,1915,0,0,0,NA,0,282T1,ALONDRA BL,BRADFIELD AV,0,NA,Y,A,-,N,NA,NA,NA,NA,NA,NA,NA,NA,NA,Y,4,0,1,2,D,-,00,NA,NA,N,D,C,A,A,H,-,A,A,0,NA,NA,NA,NA,Y,NA,-,-,0,0,1,0,0,0,0,0,0,-,-,33.888771057128906,-118.20314025878906,LOS ANGELES,COMPTON,-118.20314025878906,33.88870620727539
9517435,2022,2022-12-29,1900,2022-11-09,1645,657379,1335,3,5,5,1908,0,0,0,NA,0,133,CLARK AV,CEDAR ST,30,S,N,A,-,N,NA,NA,NA,NA,NA,NA,NA,NA,NA,Y,4,0,1,2,A,-,09,21801,A,N,F,C,A,A,-,-,A,A,0,NA,NA,NA,NA,Y,NA,A,07,0,0,1,0,0,0,0,0,0,-,-,NA,NA,LOS ANGELES,BELLFLOWER,-118.13388824462892,33.87105941772461
9517436,2022,2022-12-29,1900,2022-11-05,1100,647539,1362,6,5,5,1952,0,0,0,NA,0,136D,MERKEL AV,N SOMERSET RANCH RD,0,NA,Y,A,-,N,NA,NA,NA,NA,NA,NA,NA,NA,NA,Y,2,0,3,2,A,-,12,21453,A,N,D,C,A,A,H,-,A,A,0,NA,NA,NA,NA,Y,NA,A,01,2,1,0,0,0,0,0,0,0,-,-,NA,NA,LOS ANGELES,PARAMOUNT,-118.15444946289064,33.91297912597656
9517437,2022,2022-12-29,1900,2022-11-21,0611,645885,2837,1,5,5,1915,0,0,0,NA,0,282T1,ARTESIA BL,ACACIA AV,278,W,N,A,-,N,NA,NA,NA,NA,NA,NA,NA,NA,NA,N,4,0,2,3,A,-,07,21658,A,F,C,A,A,A,H,-,A,D,0,NA,NA,NA,NA,Y,NA,-,99,0,0,2,0,0,0,0,0,0,-,-,NA,NA,LOS ANGELES,COMPTON,-118.22573852539064,33.873538970947266
9517439,2022,2022-12-29,1900,2022-11-06,0229,635144,2526,7,5,5,1915,0,0,0,NA,0,281T1,COMPTON BL,BULLIS RD,0,NA,Y,A,-,N,NA,NA,NA,NA,NA,NA,NA,NA,NA,Y,4,0,1,2,A,-,12,21453,A,N,D,C,A,A,H,-,C,A,0,NA,NA,NA,NA,Y,Y,A,01,0,0,1,0,0,0,0,0,0,-,-,33.895999908447266,-118.20655822753906,LOS ANGELES,COMPTON,-118.20659637451172,33.89601516723633
9517440,2022,2023-01-12,1900,2022-11-07,0810,642808,2822,1,5,5,1915,0,0,0,NA,0,281T1,ALAMEDA ST,MEALY ST,15,N,N,C,-,N,NA,NA,NA,NA,NA,NA,NA,NA,NA,Y,4,0,1,2,A,-,08,22107,NA,F,C,C,A,B,H,-,A,D,0,NA,NA,NA,NA,Y,NA,A,01,0,0,1,0,0,0,0,0,0,-,-,33.905799865722656,-118.2218780517578,LOS ANGELES,COMPTON,-118.22190856933594,33.90559005737305
9517483,2022,2023-01-27,1900,2022-11-07,0850,652731,1321,1,5,5,1935,0,0,0,NA,0,132B,WOODRUFF AV,HARDWICK ST,0,NA,Y,C,-,N,NA,NA,NA,NA,NA,NA,NA,NA,NA,Y,3,0,1,2,A,-,09,21802,A,N,D,C,A,B,H,-,A,A,0,NA,NA,NA,NA,Y,NA,A,07,0,1,0,0,0,0,0,0,0,-,-,NA,NA,LOS ANGELES,LAKEWOOD,-118.11695098876952,33.850738525390625
9517485,2022,2023-01-26,1900,2022-11-09,1420,658892,1327,3,5,5,1935,0,0,0,NA,0,132H,PIONEER BL,206TH ST,90,N,N,A,-,N,NA,NA,NA,NA,NA,NA,NA,NA,NA,Y,4,0,1,5,A,-,08,22107,NA,N,A,E,A,A,H,-,A,D,0,NA,NA,NA,NA,Y,NA,A,07,0,0,1,0,0,0,0,0,0,-,-,NA,NA,LOS ANGELES,LAKEWOOD,-118.08203887939452,33.84349822998047
9517486,2022,2023-01-27,1900,2022-11-07,2325,643735,1349,1,5,3,1903,0,0,0,NA,0,134A,SOUTH ST,NORWALK BL,10,E,N,C,-,N,NA,NA,NA,NA,NA,NA,NA,NA,NA,Y,4,0,2,2,A,-,09,21804,NA,N,D,C,A,B,H,-,C,D,0,NA,NA,NA,NA,Y,NA,A,01,0,0,2,0,0,0,0,0,0,-,-,NA,NA,LOS ANGELES,ARTESIA,-118.07230377197266,33.85852813720703
9517487,2022,2023-01-27,1900,2022-11-14,1435,656372,1332,1,5,5,1908,0,0,0,NA,0,133T1,CLARK AV,PRICHARD ST,150,N,N,A,-,N,NA,NA,NA,NA,NA,NA,NA,NA,NA,Y,3,0,1,2,A,-,09,21804,A,M,B,C,A,A,H,-,A,D,0,NA,NA,NA,NA,Y,NA,A,01,0,1,0,0,0,0,0,0,0,-,-,NA,NA,LOS ANGELES,BELLFLOWER,-118.13407135009766,33.90201950073242
9517488,2022,2023-01-27,1900,2022-11-07,1510,618671,1332,1,5,5,1908,0,0,0,NA,0,133T1,SOMERSET BL,CERRITOS AV,29,W,N,C,-,N,NA,NA,NA,NA,NA,NA,NA,NA,NA,Y,4,0,4,2,A,-,03,22350,NA,N,C,C,A,B,H,-,A,D,0,NA,NA,NA,NA,Y,NA,A,01,0,0,4,0,0,0,0,0,0,-,-,33.89651870727539,-118.1406707763672,LOS ANGELES,BELLFLOWER,-118.14097595214844,33.896522521972656
9517489,2022,2023-01-27,1900,2022-11-15,0918,650100,1369,2,5,5,1952,0,0,0,NA,0,16D,ALONDRA BL,PASSAGE AV,30,W,N,A,-,N,NA,NA,NA,NA,NA,NA,NA,NA,NA,Y,4,0,1,2,A,-,01,23152,A,N,C,E,A,A,H,-,A,D,0,NA,NA,NA,NA,Y,NA,A,01,0,0,1,0,0,0,0,0,0,-,-,NA,NA,LOS ANGELES,PARAMOUNT,-118.1488800048828,33.889190673828125
9517490,2022,2023-02-02,1900,2022-11-28,2100,646988,1328,1,5,5,1935,0,0,0,NA,0,132T1,DEL AMO BL,NORWALK BL,0,NA,Y,A,-,N,NA,NA,NA,NA,NA,NA,NA,NA,NA,Y,4,0,1,3,A,-,09,21800,D,N,D,C,A,A,H,-,C,B,0,NA,NA,NA,NA,Y,NA,A,01,0,0,1,0,0,0,0,0,0,-,-,NA,NA,LOS ANGELES,LAKEWOOD,-118.07212066650392,33.846031188964844
9517491,2022,2023-01-26,1900,2022-11-09,2000,655591,1328,3,5,5,1935,0,0,0,NA,0,132,BLOOMFIELD AV,215TH ST,486,N,N,A,-,N,NA,NA,NA,NA,NA,NA,NA,NA,NA,Y,2,0,1,5,A,-,01,23152,B,N,B,E,A,A,H,-,C,D,0,NA,NA,NA,NA,Y,Y,A,01,1,0,0,0,0,0,0,0,0,-,-,NA,NA,LOS ANGELES,LAKEWOOD,-118.06343841552734,33.83503341674805
9517492,2022,2023-01-27,1900,2022-11-22,1735,654683,1331,2,5,5,1908,0,0,0,NA,0,133T2,ROSECRANS AV,ARDIS AV,160,E,N,A,-,N,NA,NA,NA,NA,NA,NA,NA,NA,NA,Y,3,0,1,2,A,-,08,22107,NA,N,A,E,A,A,H,-,C,D,0,NA,NA,NA,NA,Y,NA,A,01,0,1,0,0,0,0,0,0,0,-,-,NA,NA,LOS ANGELES,BELLFLOWER,-118.1286392211914,33.902984619140625
9517493,2022,2023-01-26,1900,2022-11-14,1540,643411,1365,1,5,5,1952,0,0,0,NA,0,136,DOWNEY AV,ELBURG ST,0,NA,Y,A,-,N,NA,NA,NA,NA,NA,NA,NA,NA,NA,Y,2,0,2,2,A,-,09,21801,A,N,D,C,A,A,H,-,A,D,0,NA,NA,NA,NA,Y,NA,A,01,1,1,0,0,0,0,0,0,0,-,-,NA,NA,LOS ANGELES,PARAMOUNT,-118.15151214599608,33.90495300292969
9517494,2022,2023-01-27,1900,2022-11-12,1900,655591,1323,6,5,5,1935,0,0,0,NA,0,132,COVER ST,PARAMOUNT BL,0,NA,Y,A,-,N,NA,NA,NA,NA,NA,NA,NA,NA,NA,Y,3,0,1,2,A,-,09,21801,A,N,A,C,A,A,H,-,C,A,0,NA,NA,NA,NA,Y,NA,A,01,0,1,0,0,0,0,0,0,0,-,-,NA,NA,LOS ANGELES,LAKEWOOD,-118.1599578857422,33.82764434814453
9517495,2022,2023-01-26,1900,2022-11-16,1613,647144,1323,3,5,5,1935,0,0,0,NA,0,132T2,DEL AMO BL,PARAMOUNT BL,685,W,N,A,-,N,NA,NA,NA,NA,NA,NA,NA,NA,NA,Y,4,0,1,2,A,-,09,21802,A,N,D,C,A,A,H,-,A,B,0,NA,NA,NA,NA,Y,NA,A,07,0,0,1,0,0,0,0,0,0,-,-,NA,NA,LOS ANGELES,LAKEWOOD,-118.16213989257813,33.84701156616211