CASE_ID,ACCIDENT_YEAR,PROC_DATE,JURIS,COLLISION_DATE,COLLISION_TIME,OFFICER_ID,REPORTING_DISTRICT,DAY_OF_WEEK,CHP_SHIFT,POPULATION,CNTY_CITY_LOC,SPECIAL_COND,BEAT_TYPE,CHP_BEAT_TYPE,CITY_DIVISION_LAPD,CHP_BEAT_CLASS,BEAT_NUMBER,PRIMARY_RD,SECONDARY_RD,DISTANCE,DIRECTION,INTERSECTION,WEATHER_1,WEATHER_2,STATE_HWY_IND,CALTRANS_COUNTY,CALTRANS_DISTRICT,STATE_ROUTE,ROUTE_SUFFIX,POSTMILE_PREFIX,POSTMILE,LOCATION_TYPE,RAMP_INTERSECTION,SIDE_OF_HWY,TOW_AWAY,COLLISION_SEVERITY,NUMBER_KILLED,NUMBER_INJURED,PARTY_COUNT,PRIMARY_COLL_FACTOR,PCF_CODE_OF_VIOL,PCF_VIOL_CATEGORY,PCF_VIOLATION,PCF_VIOL_SUBSECTION,HIT_AND_RUN,TYPE_OF_COLLISION,MVIW,PED_ACTION,ROAD_SURFACE,ROAD_COND_1,ROAD_COND_2,LIGHTING,CONTROL_DEVICE,CHP_ROAD_TYPE,PEDESTRIAN_ACCIDENT,BICYCLE_ACCIDENT,MOTORCYCLE_ACCIDENT,TRUCK_ACCIDENT,NOT_PRIVATE_PROPERTY,ALCOHOL_INVOLVED,STWD_VEHTYPE_AT_FAULT,CHP_VEHTYPE_AT_FAULT,COUNT_SEVERE_INJ,COUNT_VISIBLE_INJ,COUNT_COMPLAINT_PAIN,COUNT_PED_KILLED,COUNT_PED_INJURED,COUNT_BICYCLIST_KILLED,COUNT_BICYCLIST_INJURED,COUNT_MC_KILLED,COUNT_MC_INJURED,PRIMARY_RAMP,SECONDARY_RAMP,LATITUDE,LONGITUDE,COUNTY,CITY,POINT_X,POINT_Y
9517920,2022,2022-12-14,1906,2022-11-10,0918,2841,1906,4,5,5,1906,0,0,0,NA,0,003,BALDWIN PARK BL,TRACY ST,255,S,N,A,-,N,NA,NA,NA,NA,NA,NA,NA,NA,NA,N,3,0,1,2,A,-,05,21650,1,N,D,G,A,A,H,-,-,A,0,NA,Y,NA,NA,Y,NA,-,NA,0,1,0,0,0,0,1,0,0,-,-,NA,NA,LOS ANGELES,BALDWIN PARK,-117.98029327392578,34.06904220581055
9517928,2022,2022-12-20,1942,2022-10-14,1600,44069,1764,5,5,7,1942,0,0,0,Q,0,17A99,CORBIN AV,PLUMMER ST,270,N,N,A,-,N,NA,NA,NA,NA,NA,NA,NA,NA,NA,Y,3,0,1,3,A,-,01,23152,F,N,B,C,A,A,H,-,A,D,0,NA,NA,NA,NA,Y,NA,A,01,0,1,0,0,0,0,0,0,0,-,-,NA,NA,LOS ANGELES,LOS ANGELES,-118.5623016357422,34.24346160888672
9517941,2022,2022-12-08,1942,2022-10-13,0745,38326,1791,4,5,7,1942,0,0,0,Q,0,26TL28,DESOTO AV,CHASE ST,330,N,N,A,-,N,NA,NA,NA,NA,NA,NA,NA,NA,NA,Y,4,0,1,2,A,-,03,22350,NA,N,D,C,A,A,H,-,A,D,0,NA,NA,NA,NA,Y,NA,A,01,0,0,1,0,0,0,0,0,0,-,-,NA,NA,LOS ANGELES,LOS ANGELES,-118.58851623535156,34.22545623779297
9517942,2022,2022-12-08,1942,2022-10-14,0130,44536,1785,5,5,7,1942,0,0,0,Q,0,17A67,DEARBORN ST,RESEDA BL,0,NA,Y,A,-,N,NA,NA,NA,NA,NA,NA,NA,NA,NA,Y,4,0,1,1,A,-,03,22350,NA,N,A,I,A,A,H,-,C,A,0,NA,NA,NA,NA,Y,NA,A,01,0,0,1,0,0,0,0,0,0,-,-,NA,NA,LOS ANGELES,LOS ANGELES,-118.53607940673828,34.23731231689453
9517943,2022,2022-12-08,1942,2022-10-22,0445,44844,1727,6,5,7,1942,0,0,0,Q,0,17A81W,TAMPA AV,TUNNEY AV,100,S,N,A,-,N,NA,NA,NA,NA,NA,NA,NA,NA,NA,Y,3,0,1,1,A,-,01,23152,A,N,A,I,A,A,H,-,C,A,0,NA,NA,NA,NA,Y,Y,A,01,0,1,0,0,0,0,0,0,0,-,-,NA,NA,LOS ANGELES,LOS ANGELES,-118.55553436279295,34.26007843017578
9517944,2022,2022-12-08,1942,2022-10-24,1600,39933,1794,1,5,7,1942,0,0,0,Q,0,26M62,PARTHENIA ST,AMIGO AV,0,NA,Y,A,-,N,NA,NA,NA,NA,NA,NA,NA,NA,NA,N,2,0,1,2,A,-,09,21802,A,N,D,C,A,A,H,-,A,D,0,NA,NA,NA,NA,Y,NA,A,01,1,0,0,0,0,0,0,0,0,-,-,NA,NA,LOS ANGELES,LOS ANGELES,-118.53829193115234,34.228233337402344
9517947,2022,2022-12-08,1900,2022-10-24,1400,430275,1516,1,5,5,1954,0,0,0,NA,0,151T1,SLAUSON AV,PARAMOUNT PL,0,NA,Y,A,-,N,NA,NA,NA,NA,NA,NA,NA,NA,NA,Y,3,0,1,2,A,-,09,21801,A,N,-,C,A,A,H,-,A,D,0,NA,NA,NA,NA,Y,NA,A,01,0,1,0,0,0,0,0,0,0,-,-,33.972999572753906,-118.11129760742188,LOS ANGELES,PICO RIVERA,-118.11151123046876,33.972984313964844
9517948,2022,2022-12-08,1900,2022-10-21,1715,499039,1514,5,5,5,1954,0,0,0,NA,0,151T2,ROSEMEAD BL,WHITTIER BL,95,S,N,A,-,N,NA,NA,NA,NA,NA,NA,NA,NA,NA,Y,4,0,4,3,A,-,03,22350,NA,N,C,C,A,A,H,-,A,A,0,NA,NA,NA,NA,Y,NA,A,01,0,0,4,0,0,0,0,0,0,-,-,34.00096893310547,-118.08396911621094,LOS ANGELES,PICO RIVERA,-118.08390045166016,34.00099563598633
9517960,2022,2022-12-08,1900,2022-10-08,1948,654794,1332,6,5,5,1908,0,0,0,NA,0,133T1,ALONDRA BL,BLAINE AV,90,E,N,A,-,N,NA,NA,NA,NA,NA,NA,NA,NA,NA,N,4,0,1,2,A,-,07,21658,A,N,D,C,A,A,H,-,C,D,0,NA,NA,NA,NA,Y,NA,A,07,0,0,1,0,0,0,0,0,0,-,-,NA,NA,LOS ANGELES,BELLFLOWER,-118.12610626220705,33.88935089111328
9517987,2022,2022-12-05,1900,2022-09-02,1720,643769,0334,5,5,4,1939,0,0,0,NA,0,035,MANHATTAN BEACH BL,FREEMAN AV,0,NA,Y,A,-,N,NA,NA,NA,NA,NA,NA,NA,NA,NA,N,3,0,1,2,A,-,12,21453,A,N,D,C,A,A,H,-,A,A,0,NA,NA,NA,NA,Y,NA,-,-,0,1,0,0,0,0,0,0,0,-,-,33.53144073486328,-118.2056121826172,LOS ANGELES,LAWNDALE,-118.3489227294922,33.8873291015625
9517988,2022,2022-12-01,1942,2022-09-09,1830,38088,0396,5,5,7,1942,0,0,0,C,0,25MX87,43RD ST,VERMONT AV,5,W,N,B,C,N,NA,NA,NA,NA,NA,NA,NA,NA,NA,N,4,0,1,2,A,-,11,21453,D,F,G,B,B,B,H,-,A,A,0,Y,NA,NA,NA,Y,NA,N,60,0,0,1,0,1,0,0,0,0,-,-,NA,NA,LOS ANGELES,LOS ANGELES,-118.29156494140624,34.005470275878906
9517989,2022,2022-12-01,1942,2022-09-08,2210,42011,0374,4,5,7,1942,0,0,0,C,0,25T31W,39TH ST,VAN NESS AV,0,NA,Y,A,-,N,NA,NA,NA,NA,NA,NA,NA,NA,NA,N,4,0,1,2,A,-,09,21802,NA,F,D,C,A,A,H,-,C,A,0,NA,NA,NA,NA,Y,NA,-,99,0,0,1,0,0,0,0,0,0,-,-,NA,NA,LOS ANGELES,LOS ANGELES,-118.3170928955078,34.014617919921875
9517990,2022,2022-12-01,1942,2022-09-12,0025,35722,1862,1,5,7,1942,0,0,0,R,0,5A11,SAN PEDRO ST,119TH ST,0,NA,Y,A,-,N,NA,NA,NA,NA,NA,NA,NA,NA,NA,Y,3,0,2,2,A,-,12,22450,A,N,D,C,A,A,H,-,C,A,0,NA,NA,NA,NA,Y,NA,A,01,0,1,1,0,0,0,0,0,0,-,-,NA,NA,LOS ANGELES,LOS ANGELES,-118.26956939697266,33.92466354370117
9517991,2022,2022-12-02,1942,2022-09-14,1540,38306,1259,3,5,7,1942,0,0,0,L,0,25MX18,SAN PEDRO ST,74TH ST,70,N,N,A,-,N,NA,NA,NA,NA,NA,NA,NA,NA,NA,Y,4,0,1,2,A,-,03,22350,NA,F,C,C,A,A,H,-,A,D,0,NA,NA,NA,NA,Y,NA,A,01,0,0,1,0,0,0,0,0,0,-,-,NA,NA,LOS ANGELES,LOS ANGELES,-118.26956939697266,33.973182678222656
9517992,2022,2022-12-01,1942,2022-09-07,0805,38111,1256,3,5,7,1942,0,0,0,L,0,25TL29,74TH ST,VERMONT AV,540,E,N,A,-,N,NA,NA,NA,NA,NA,NA,NA,NA,NA,N,4,0,1,4,A,-,03,22350,NA,F,D,E,-,A,H,-,A,D,0,Y,NA,NA,NA,Y,Y,-,99,0,0,1,0,1,0,0,0,0,-,-,NA,NA,LOS ANGELES,LOS ANGELES,-118.29012298583984,33.972679138183594
9517993,2022,2022-12-01,1942,2022-09-19,1420,41923,1255,1,5,7,1942,0,0,0,L,0,25TL21,NORMANDIE AV,74TH ST,0,NA,Y,A,-,N,NA,NA,NA,NA,NA,NA,NA,NA,NA,Y,3,0,1,2,A,-,09,21802,A,F,D,C,A,A,H,-,A,A,0,NA,NA,NA,NA,Y,NA,-,99,0,1,0,0,0,0,0,0,0,-,-,NA,NA,LOS ANGELES,LOS ANGELES,-118.30030822753906,33.972713470458984
9517994,2022,2022-12-01,1942,2022-09-13,2355,41933,1273,2,5,7,1942,0,0,0,L,0,25T31,NORMANDIE AV,W 90TH PL,62,S,N,A,-,N,NA,NA,NA,NA,NA,NA,NA,NA,NA,Y,3,0,1,2,A,-,05,21651,A,F,A,C,A,A,H,-,C,A,0,NA,NA,NA,NA,Y,NA,-,99,0,1,0,0,0,0,0,0,0,-,-,NA,NA,LOS ANGELES,LOS ANGELES,-118.30026245117188,33.95491027832031
9517996,2022,2022-12-02,1900,2022-09-19,1350,455303,1511,1,5,5,1954,0,0,0,NA,0,151T1,BEVERLY BL,ROSEMEAD BL,21,W,N,A,-,N,NA,NA,NA,NA,NA,NA,NA,NA,NA,Y,4,0,1,3,A,-,12,21453,A,N,D,C,A,A,H,-,A,A,0,NA,NA,NA,NA,Y,Y,A,01,0,0,1,0,0,0,0,0,0,-,-,34.010589599609375,-118.08081817626952,LOS ANGELES,PICO RIVERA,-118.08090209960938,34.01054763793945
9517997,2022,2022-12-02,1941,2022-09-02,1703,11418,NA,5,5,7,1941,0,0,0,NA,0,NA,CLARK AV,E GARFORD ST,0,NA,Y,A,-,N,NA,NA,NA,NA,NA,NA,NA,NA,NA,N,3,0,1,2,-,-,-,NA,NA,N,D,B,A,A,H,-,A,D,0,NA,NA,NA,NA,Y,NA,-,-,0,1,0,0,0,0,0,0,0,-,-,NA,NA,LOS ANGELES,LONG BEACH,-118.134033203125,33.792022705078125
9517998,2022,2022-12-08,1941,2022-09-04,2134,6159,NA,7,5,7,1941,0,0,0,NA,0,NA,QUEENS WAY DR,HARBOR SCENIC DR,0,NA,Y,A,-,N,NA,NA,NA,NA,NA,NA,NA,NA,NA,Y,3,0,1,2,A,-,05,21651,B,N,A,C,A,A,H,-,C,A,0,NA,NA,NA,NA,Y,NA,-,-,0,1,0,0,0,0,0,0,0,-,-,NA,NA,LOS ANGELES,LONG BEACH,-118.20350646972656,33.75950622558594
9517999,2022,2022-12-02,1941,2022-09-03,0854,11013,NA,6,5,7,1941,0,0,0,NA,0,NA,MARTIN LUTHER KING JR AV,11TH ST,0,NA,Y,A,-,N,NA,NA,NA,NA,NA,NA,NA,NA,NA,N,4,0,2,2,A,-,09,21804,A,N,D,C,A,A,H,-,A,B,0,NA,NA,NA,NA,Y,NA,A,NA,0,0,2,0,0,0,0,0,0,-,-,NA,NA,LOS ANGELES,LONG BEACH,-118.18067932128906,33.78078842163086
9518000,2022,2022-12-02,1941,2022-09-03,0854,10920,NA,6,5,7,1941,0,0,0,NA,0,NA,OCEAN BL,CHESTNUT AV,0,NA,Y,A,-,N,NA,NA,NA,NA,NA,NA,NA,NA,NA,Y,3,0,5,2,A,-,12,21453,A,N,D,C,A,A,H,-,A,A,0,NA,NA,NA,NA,Y,NA,A,NA,0,4,1,0,0,0,0,0,0,-,-,NA,NA,LOS ANGELES,LONG BEACH,-118.19640350341795,33.76730728149414
9518100,2022,2023-01-19,1900,2022-05-22,1220,647537,1322,7,5,5,1935,0,0,0,NA,0,132,ASHWORTH ST,BELLFLOWER BL,0,NA,Y,A,-,N,NA,NA,NA,NA,NA,NA,NA,NA,NA,N,4,0,2,3,A,-,12,21453,A,M,D,C,A,A,H,-,A,A,0,NA,NA,NA,NA,Y,NA,A,07,0,0,2,0,0,0,0,0,0,-,-,NA,NA,LOS ANGELES,LAKEWOOD,-118.12538146972656,33.867916107177734
9518102,2022,2023-01-19,1900,2022-04-03,1230,646514,1336,7,5,5,1908,0,0,0,NA,0,133,WOODRUFF AV,BEVERLY AV,0,NA,Y,A,-,N,NA,NA,NA,NA,NA,NA,NA,NA,NA,Y,4,0,1,2,A,-,03,22350,NA,N,H,C,A,A,H,-,A,D,0,NA,NA,NA,NA,Y,NA,A,01,0,0,1,0,0,0,0,0,0,-,-,33.902000427246094,-118.11900329589844,LOS ANGELES,BELLFLOWER,-118.11729431152344,33.875728607177734
9518103,2022,2023-01-19,1942,2022-08-19,2135,42277,0766,5,5,7,1942,0,0,0,G,0,27T33,VENICE BL,CRENSHAW BL,0,NA,Y,A,-,N,NA,NA,NA,NA,NA,NA,NA,NA,NA,Y,2,0,2,3,A,-,09,21801,NA,N,D,C,A,A,H,-,C,A,0,NA,NA,NA,NA,Y,Y,A,01,1,0,1,0,0,0,0,0,0,-,-,NA,NA,LOS ANGELES,LOS ANGELES,-118.32840728759766,34.04469680786133
9518104,2022,2023-02-08,1900,2022-06-26,0700,606970,1416,7,5,1,1932,0,0,0,NA,0,141T5,ALBATROSS RD,ALMAHURST ST,0,NA,Y,A,-,N,NA,NA,NA,NA,NA,NA,NA,NA,NA,N,3,0,1,2,A,-,09,21802,A,M,D,G,A,A,H,-,A,A,0,NA,Y,NA,NA,Y,NA,-,99,0,1,0,0,0,0,1,0,0,-,-,33.991920471191406,-117.92407989501952,LOS ANGELES,INDUSTRY,-117.92411041259766,33.99199295043945
9518105,2022,2023-01-19,1942,2022-07-19,1205,42834,1452,2,5,7,1942,0,0,0,N,0,27TL48,VIA DOLCE,ROMA CT,0,NA,Y,A,-,N,NA,NA,NA,NA,NA,NA,NA,NA,NA,Y,2,0,1,2,A,-,01,23152,A,N,D,C,A,A,H,-,A,A,0,NA,NA,NA,NA,Y,Y,A,01,1,0,0,0,0,0,0,0,0,-,-,NA,NA,LOS ANGELES,LOS ANGELES,-118.45958709716795,33.97528839111328
9518106,2022,2023-01-19,1942,2022-08-09,1730,41671,0849,2,5,7,1942,0,0,0,H,0,27TL48,WOOSTER ST,OLYMPIC BL,0,NA,Y,A,-,N,NA,NA,NA,NA,NA,NA,NA,NA,NA,Y,3,0,3,2,A,-,09,21802,A,N,D,C,A,A,H,-,A,A,0,NA,NA,NA,NA,Y,NA,A,07,0,2,1,0,0,0,0,0,0,-,-,NA,NA,LOS ANGELES,LOS ANGELES,-118.38243865966795,34.059356689453125
9518107,2022,2023-01-19,1900,2022-09-26,1820,647537,1321,1,5,5,1935,0,0,0,NA,0,132T1,WOODRUFF AV,DASHWOOD ST,10,N,N,A,-,N,NA,NA,NA,NA,NA,NA,NA,NA,NA,N,3,0,2,2,A,-,03,22350,NA,N,B,C,A,A,H,-,B,D,0,NA,NA,Y,NA,Y,NA,C,02,0,2,0,0,0,0,0,0,2,-,-,NA,NA,LOS ANGELES,LAKEWOOD,-118.11705017089844,33.85220718383789
9518108,2022,2023-01-19,1942,2022-07-20,1415,42397,1441,3,5,7,1942,0,0,0,N,0,27TL44,SOUTH VENICE BL,DELL AV,0,NA,Y,A,-,N,NA,NA,NA,NA,NA,NA,NA,NA,NA,Y,4,0,1,2,A,-,00,22452,A,F,D,C,A,A,H,-,A,A,0,NA,NA,NA,NA,Y,NA,A,08,0,0,1,0,0,0,0,0,0,-,-,NA,NA,LOS ANGELES,LOS ANGELES,-118.46762847900392,33.98577117919922
9518109,2022,2023-01-19,1941,2022-09-19,1747,10993,WEST,1,5,7,1941,0,0,0,NA,0,003,E WILLOW ST,PINE AV,0,NA,Y,A,-,N,NA,NA,NA,NA,NA,NA,NA,NA,NA,Y,4,0,2,2,-,-,-,NA,NA,N,A,C,A,A,H,-,A,D,0,NA,NA,NA,NA,Y,NA,-,-,0,0,2,0,0,0,0,0,0,-,-,33.80438995361328,-118.19255828857422,LOS ANGELES,LONG BEACH,-118.19255828857422,33.8043327331543
9518110,2022,2023-01-19,1941,2022-09-03,1039,11547,NA,6,5,7,1941,0,0,0,NA,0,NA,ANAHEIM ST,OBISPO AV,0,NA,Y,A,-,N,NA,NA,NA,NA,NA,NA,NA,NA,NA,Y,4,0,1,3,A,-,08,22107,NA,N,D,C,A,A,H,-,A,A,0,NA,NA,NA,NA,Y,NA,A,NA,0,0,1,0,0,0,0,0,0,-,-,NA,NA,LOS ANGELES,LONG BEACH,-118.15459442138672,33.782596588134766
9518111,2022,2023-01-19,1942,2022-09-01,2040,42340,0765,4,5,7,1942,0,0,0,G,0,7A47,PICO BL,WEST BL,50,E,N,A,-,N,NA,NA,NA,NA,NA,NA,NA,NA,NA,N,3,0,1,2,A,-,21,22106,NA,F,G,B,E,A,H,-,C,D,0,Y,NA,NA,NA,Y,NA,-,99,0,1,0,0,1,0,0,0,0,-,-,NA,NA,LOS ANGELES,LOS ANGELES,-118.33359527587892,34.048484802246094
9518112,2022,2023-01-19,1941,2022-09-22,0734,10167,NORTH,4,5,7,1941,0,0,0,NA,0,020,E BIXBY RD,ORANGE AV,0,NA,Y,A,-,N,NA,NA,NA,NA,NA,NA,NA,NA,NA,N,3,0,1,2,A,-,10,21950,A,F,G,B,B,A,H,-,A,A,0,Y,NA,NA,NA,Y,NA,A,07,0,1,0,0,1,0,0,0,0,-,-,33.82670974731445,-118.17630767822266,LOS ANGELES,LONG BEACH,-118.17633056640624,33.826690673828125
9518113,2022,2023-01-19,1942,2022-10-31,1840,44299,0881,1,5,7,1942,0,0,0,H,0,27TL35,BUNDY DR,PICO BL,15,N,N,A,-,N,NA,NA,NA,NA,NA,NA,NA,NA,NA,N,4,0,1,2,A,-,08,22107,NA,F,D,C,A,A,H,-,C,A,0,NA,NA,NA,NA,Y,NA,-,99,0,0,1,0,0,0,0,0,0,-,-,NA,NA,LOS ANGELES,LOS ANGELES,-118.45023345947266,34.02939987182617
9518114,2022,2023-01-19,1942,2022-10-31,1310,44332,0721,1,5,7,1942,0,0,0,G,0,7A21W2,3RD ST,WILLAMAN DR,0,NA,Y,A,-,N,NA,NA,NA,NA,NA,NA,NA,NA,NA,N,2,0,1,2,A,-,03,22350,NA,N,D,G,A,A,H,-,A,A,0,NA,Y,NA,NA,Y,NA,A,07,1,0,0,0,0,0,1,0,0,-,-,NA,NA,LOS ANGELES,LOS ANGELES,-118.38059997558594,34.073604583740234
9518115,2022,2023-01-19,1900,2022-11-06,1154,658546,1320,7,5,5,1935,0,0,0,NA,0,132T1,DOWNEY AV,ECKLESON ST,0,NA,Y,A,-,N,NA,NA,NA,NA,NA,NA,NA,NA,NA,Y,4,0,2,2,A,-,09,21802,A,N,D,C,A,A,H,-,A,A,0,NA,NA,NA,NA,Y,NA,A,01,0,0,2,0,0,0,0,0,0,-,-,NA,NA,LOS ANGELES,LAKEWOOD,-118.1513900756836,33.84865951538086
9518116,2022,2023-01-19,1942,2022-10-28,0325,43371,0639,5,5,7,1942,0,0,0,F,0,27T33,KINGSLEY DR,FRANKLIN AV,93,S,N,A,-,N,NA,NA,NA,NA,NA,NA,NA,NA,NA,Y,4,0,1,9,A,-,03,22350,NA,M,B,E,A,A,H,-,C,D,0,NA,NA,NA,NA,Y,NA,A,01,0,0,1,0,0,0,0,0,0,-,-,NA,NA,LOS ANGELES,LOS ANGELES,-118.3034896850586,34.10514450073242
9518166,2022,2023-01-26,1942,2022-10-21,1705,43644,0363,5,5,7,1942,0,0,0,C,0,3A1,MARTIN LUTHER KING JR BL,HILLCREST DR,300,E,N,A,-,N,NA,NA,NA,NA,NA,NA,NA,NA,NA,Y,3,0,1,2,A,-,08,22102,NA,F,B,C,A,A,H,-,A,D,0,NA,NA,NA,NA,Y,NA,-,99,0,1,0,0,0,0,0,0,0,-,-,NA,NA,LOS ANGELES,LOS ANGELES,-118.3432846069336,34.01579666137695
9518168,2022,2023-02-03,1900,2022-12-06,1924,476466,0612,2,5,6,1985,0,0,0,NA,0,61T1,WHITES CANYON RD,SOLEDAD CANYON RD,138,S,N,A,-,N,NA,NA,NA,NA,NA,NA,NA,NA,NA,Y,4,0,1,2,A,-,09,21804,A,N,D,C,A,A,H,-,C,D,0,NA,NA,NA,NA,Y,NA,D,22,0,0,1,0,0,0,0,0,0,-,-,34.41516876220703,-118.47200775146484,LOS ANGELES,SANTA CLARITA,-118.47226715087892,34.41535186767578
9518172,2022,2023-01-27,1900,2022-11-16,1919,652853,0622,3,5,6,1985,0,0,0,NA,0,62T1,RAILROAD AV,13TH ST,100,S,N,A,-,N,NA,NA,NA,NA,NA,NA,NA,NA,NA,N,4,0,1,2,A,-,03,22350,NA,N,C,C,A,A,H,-,C,A,0,NA,NA,NA,NA,Y,NA,A,01,0,0,1,0,0,0,0,0,0,-,-,34.384429931640625,-118.53103637695313,LOS ANGELES,SANTA CLARITA,-118.53110504150392,34.38443374633789
9518178,2022,2023-03-01,1942,2022-12-07,1311,39028,1801,3,5,7,1942,0,0,0,R,0,MX57,HOOVER ST,MANCHESTER,0,NA,Y,A,-,N,NA,NA,NA,NA,NA,NA,NA,NA,NA,N,4,0,1,2,A,-,01,23152,A,F,-,C,A,A,H,-,A,A,0,NA,NA,NA,NA,Y,Y,D,22,0,0,1,0,0,0,0,0,0,-,-,NA,NA,LOS ANGELES,LOS ANGELES,-118.28705596923828,33.960052490234375
9518188,2022,2023-02-03,1938,2022-12-01,0855,1215,AREA1,4,5,4,1938,0,0,0,NA,0,001,ESPERANZA DR,BASELINE RD,88,N,N,A,-,N,NA,NA,NA,NA,NA,NA,NA,NA,NA,Y,4,0,1,2,A,-,03,22350,NA,N,C,C,A,A,H,-,A,A,0,NA,NA,NA,NA,Y,NA,A,01,0,0,1,0,0,0,0,0,0,-,-,NA,NA,LOS ANGELES,LA VERNE,-117.76593780517578,34.121910095214844
9518199,2022,2023-02-07,1900,2022-12-29,0433,636448,1622,4,5,5,1977,0,0,0,NA,0,160TE,ALAMEDA ST,HARRISON ST,222,N,N,A,-,N,NA,NA,NA,NA,NA,NA,NA,NA,NA,Y,2,0,1,2,A,-,03,22350,NA,N,C,C,A,A,H,-,C,D,0,NA,NA,NA,Y,Y,NA,A,01,1,0,0,0,0,0,0,0,0,-,-,33.838321685791016,-118.2235107421875,LOS ANGELES,CARSON,-118.2233428955078,33.838260650634766
9518207,2023,2023-02-15,1900,2023-01-02,946,606663,1610,1,5,5,1977,0,0,0,NA,0,16UT,BROADWAY,GARDENA BL,209,S,N,B,-,N,NA,NA,NA,NA,NA,NA,NA,NA,NA,Y,3,0,1,2,A,-,00,21084,A,N,D,C,A,A,H,-,A,A,0,NA,NA,NA,NA,Y,NA,D,22,0,1,0,0,0,0,0,0,0,-,-,33.88100051879883,-118.27799987792967,LOS ANGELES,CARSON,-118.2781982421875,33.881385803222656
9518213,2023,2023-02-08,1942,2023-01-03,1130,38940,1754,2,5,7,1942,0,0,0,Q,0,26M49,RESEDA BL,DEVONSHIRE ST,90,N,N,B,-,N,NA,NA,NA,NA,NA,NA,NA,NA,NA,N,4,0,1,2,A,-,01,23153,A,N,C,C,A,B,H,-,A,A,0,NA,NA,NA,NA,Y,Y,D,22,0,0,1,0,0,0,0,0,0,-,-,NA,NA,LOS ANGELES,LOS ANGELES,-118.53609466552734,34.25750732421875
9518233,2023,2023-02-15,1942,2023-01-11,1400,39473,0929,3,5,7,1942,0,0,0,I,0,26TL45,VICTORY BL,FULTON AV,100,E,N,B,-,N,NA,NA,NA,NA,NA,NA,NA,NA,NA,Y,3,0,1,2,A,-,01,23152,A,N,A,C,A,A,H,-,A,A,0,NA,NA,NA,NA,Y,Y,D,22,0,1,0,0,0,0,0,0,0,-,-,NA,NA,LOS ANGELES,LOS ANGELES,-118.42217254638672,34.18667984008789
9518281,2023,2023-02-15,1900,2023-01-08,820,635401,1430,7,5,4,1937,0,0,0,NA,0,143T1,TEMPLE AV,PUENTE AV,0,NA,Y,A,-,N,NA,NA,NA,NA,NA,NA,NA,NA,NA,Y,3,0,1,2,A,-,12,21453,A,N,D,C,A,A,H,-,A,A,0,NA,NA,NA,NA,Y,NA,-,-,0,1,0,0,0,0,0,0,0,-,-,34.05064010620117,-117.98174285888672,LOS ANGELES,LA PUENTE,-117.98188018798828,34.050628662109375
9518284,2023,2023-02-15,1900,2023-01-01,230,046157,1453,7,5,2,1999,0,0,0,NA,0,147,HARBOR BL,PEPPERTREE DR,240,S,N,C,-,N,NA,NA,NA,NA,NA,NA,NA,NA,NA,Y,3,0,1,1,A,-,03,22350,NA,N,B,I,A,B,-,-,D,D,0,NA,NA,NA,NA,Y,NA,A,01,0,1,0,0,0,0,0,0,0,-,-,33.947731018066406,-117.93096923828124,LOS ANGELES,LA HABRA HEIGHTS,-117.93098449707033,33.947784423828125
9518285,2023,2023-02-15,1941,2023-01-07,840,11542,NORTH,6,5,7,1941,0,0,0,NA,0,020,CHERRY AV,DEL AMO BL,0,NA,Y,A,-,N,NA,NA,NA,NA,NA,NA,NA,NA,NA,Y,3,0,1,2,A,-,07,21658,A,M,B,D,A,A,H,-,A,A,0,NA,NA,NA,NA,Y,NA,-,NA,0,1,0,0,0,0,0,0,0,-,-,33.84695053100586,-118.1676025390625,LOS ANGELES,LONG BEACH,-118.16746520996094,33.846866607666016
9518289,2023,2023-02-15,1942,2023-01-10,2255,41396,1981,2,5,7,1942,0,0,0,NA,0,26T57W,LANGDON AV,ROSCOE BL,746,N,N,B,-,N,NA,NA,NA,NA,NA,NA,NA,NA,NA,Y,4,0,1,2,A,-,01,23152,A,N,B,E,A,A,H,-,C,D,0,NA,NA,NA,NA,Y,Y,A,01,0,0,1,0,0,0,0,0,0,-,-,NA,NA,LOS ANGELES,LOS ANGELES,-118.46991729736328,34.22343444824219
9518290,2023,2023-02-15,1942,2023-01-04,1830,44276,NA,3,5,7,1942,0,0,0,NA,0,19A43,BLEDSOE ST,HADDON AV,0,NA,Y,C,-,N,NA,NA,NA,NA,NA,NA,NA,NA,NA,Y,4,0,2,3,A,-,01,23152,A,N,B,C,A,B,H,-,C,D,0,NA,NA,NA,NA,Y,Y,-,NA,0,0,2,0,0,0,0,0,0,-,-,NA,NA,LOS ANGELES,LOS ANGELES,-118.4703369140625,34.30076217651367
9518291,2023,2023-02-15,1942,2023-01-01,445,39217,1905,7,5,7,1942,0,0,0,NA,0,26TL19,FOOTHILL BL,SAYRE ST,0,NA,Y,A,-,N,NA,NA,NA,NA,NA,NA,NA,NA,NA,Y,2,0,3,2,A,-,01,23152,A,N,A,C,A,B,H,-,C,A,0,NA,NA,NA,NA,Y,Y,A,01,1,0,2,0,0,0,0,0,0,-,-,NA,NA,LOS ANGELES,LOS ANGELES,-118.43378448486328,34.31013488769531
9518292,2023,2023-02-15,1942,2023-01-10,2250,41396,1981,2,5,7,1942,0,0,0,NA,0,26T57W,SEPULVEDA BL,ROSCOE BL,43,N,N,B,-,N,NA,NA,NA,NA,NA,NA,NA,NA,NA,Y,4,0,2,2,A,-,01,23152,A,F,B,C,A,A,H,-,C,A,0,NA,NA,NA,NA,Y,Y,A,01,0,0,2,0,0,0,0,0,0,-,-,NA,NA,LOS ANGELES,LOS ANGELES,-118.46773529052734,34.22150802612305