CASE_ID,ACCIDENT_YEAR,PROC_DATE,JURIS,COLLISION_DATE,COLLISION_TIME,OFFICER_ID,REPORTING_DISTRICT,DAY_OF_WEEK,CHP_SHIFT,POPULATION,CNTY_CITY_LOC,SPECIAL_COND,BEAT_TYPE,CHP_BEAT_TYPE,CITY_DIVISION_LAPD,CHP_BEAT_CLASS,BEAT_NUMBER,PRIMARY_RD,SECONDARY_RD,DISTANCE,DIRECTION,INTERSECTION,WEATHER_1,WEATHER_2,STATE_HWY_IND,CALTRANS_COUNTY,CALTRANS_DISTRICT,STATE_ROUTE,ROUTE_SUFFIX,POSTMILE_PREFIX,POSTMILE,LOCATION_TYPE,RAMP_INTERSECTION,SIDE_OF_HWY,TOW_AWAY,COLLISION_SEVERITY,NUMBER_KILLED,NUMBER_INJURED,PARTY_COUNT,PRIMARY_COLL_FACTOR,PCF_CODE_OF_VIOL,PCF_VIOL_CATEGORY,PCF_VIOLATION,PCF_VIOL_SUBSECTION,HIT_AND_RUN,TYPE_OF_COLLISION,MVIW,PED_ACTION,ROAD_SURFACE,ROAD_COND_1,ROAD_COND_2,LIGHTING,CONTROL_DEVICE,CHP_ROAD_TYPE,PEDESTRIAN_ACCIDENT,BICYCLE_ACCIDENT,MOTORCYCLE_ACCIDENT,TRUCK_ACCIDENT,NOT_PRIVATE_PROPERTY,ALCOHOL_INVOLVED,STWD_VEHTYPE_AT_FAULT,CHP_VEHTYPE_AT_FAULT,COUNT_SEVERE_INJ,COUNT_VISIBLE_INJ,COUNT_COMPLAINT_PAIN,COUNT_PED_KILLED,COUNT_PED_INJURED,COUNT_BICYCLIST_KILLED,COUNT_BICYCLIST_INJURED,COUNT_MC_KILLED,COUNT_MC_INJURED,PRIMARY_RAMP,SECONDARY_RAMP,LATITUDE,LONGITUDE,COUNTY,CITY,POINT_X,POINT_Y
9518669,2022,2023-02-02,1900,2022-12-10,1510,652895,0455,6,5,6,1949,0,0,0,NA,0,45T1P,LIGGETT ST,GARD AV,100,W,N,A,-,N,NA,NA,NA,NA,NA,NA,NA,NA,NA,Y,3,0,1,2,A,-,03,22350,NA,N,A,E,A,A,H,-,A,D,0,NA,NA,NA,NA,Y,NA,A,01,0,1,0,0,0,0,0,0,0,-,-,NA,NA,LOS ANGELES,NORWALK,-118.0890884399414,33.90131759643555
9518670,2022,2023-02-02,1900,2022-12-12,1550,652895,0456,1,5,6,1949,0,0,0,NA,0,45T1,NAVA ST,ELAINE AV,155,W,N,A,-,N,NA,NA,NA,NA,NA,NA,NA,NA,NA,Y,3,0,2,3,A,-,16,24002,A,N,F,E,A,A,H,-,A,D,0,NA,NA,NA,NA,Y,NA,A,07,0,2,0,0,0,0,0,0,0,-,-,NA,NA,LOS ANGELES,NORWALK,-118.07821655273438,33.8890266418457
9518671,2022,2023-02-09,1900,2022-12-27,2250,624614,0451,2,5,6,1949,0,0,0,NA,0,43T1,FIRESTONE BL,RT 605,360,W,N,C,-,N,NA,NA,NA,NA,NA,NA,NA,NA,NA,Y,3,0,3,1,A,-,08,22107,NA,N,A,I,A,B,H,-,C,A,0,NA,NA,NA,NA,Y,NA,A,01,0,3,0,0,0,0,0,0,0,-,-,NA,NA,LOS ANGELES,NORWALK,-118.1049346923828,33.92534637451172
9518672,2022,2023-02-02,1976,2022-12-31,1017,532,NA,6,5,5,1976,0,0,0,NA,0,004,LEFFINGWELL RD,SANTA GERTRUDES AV,86,W,N,C,-,N,NA,NA,NA,NA,NA,NA,NA,NA,NA,Y,4,0,1,1,A,-,03,22350,NA,N,E,I,A,B,H,-,A,D,0,NA,NA,NA,NA,Y,NA,A,01,0,0,1,0,0,0,0,0,0,-,-,NA,NA,LOS ANGELES,WHITTIER,-117.99349975585938,33.931121826171875
9518673,2022,2023-02-02,1976,2022-12-27,0039,592,NA,2,5,5,1976,0,0,0,NA,0,NA,NORWALK BL,ORANGE GROVE AV,21,N,N,A,-,N,NA,NA,NA,NA,NA,NA,NA,NA,NA,Y,2,0,1,1,A,-,03,22350,NA,N,F,A,A,A,H,-,C,D,0,NA,NA,Y,NA,Y,NA,C,02,1,0,0,0,0,0,0,0,1,-,-,NA,NA,LOS ANGELES,WHITTIER,-118.05825805664064,33.99579620361328
9518674,2022,2023-02-02,1976,2022-12-26,1751,501,NA,1,5,5,1976,0,0,0,NA,0,002,MAR VISTA ST,MILTON AV,79,W,N,A,-,N,NA,NA,NA,NA,NA,NA,NA,NA,NA,N,2,0,1,2,A,-,11,21954,A,N,G,B,D,A,H,-,C,D,0,Y,NA,NA,NA,Y,NA,N,60,1,0,0,0,1,0,0,0,0,-,-,NA,NA,LOS ANGELES,WHITTIER,-118.0399932861328,33.97367858886719
9518675,2022,2023-02-02,1976,2022-12-26,1415,241,NA,1,5,5,1976,0,0,0,NA,0,004,COLIMA RD,CASINO DR,39,S,N,A,-,N,NA,NA,NA,NA,NA,NA,NA,NA,NA,Y,4,0,1,2,A,-,03,22350,NA,N,C,C,A,A,H,-,A,D,0,NA,NA,NA,NA,Y,NA,A,07,0,0,1,0,0,0,0,0,0,-,-,NA,NA,LOS ANGELES,WHITTIER,-117.98441314697266,33.97529602050781
9518676,2022,2023-02-02,1976,2022-12-25,1730,477,NA,7,5,5,1976,0,0,0,NA,0,003,ENRAMADA AV,MAR VISTA ST,400,S,N,A,-,N,NA,NA,NA,NA,NA,NA,NA,NA,NA,Y,4,0,1,2,A,-,01,23152,A,N,C,E,A,A,H,-,D,D,0,NA,NA,NA,NA,Y,Y,A,01,0,0,1,0,0,0,0,0,0,-,-,NA,NA,LOS ANGELES,WHITTIER,-118.00628662109376,33.962120056152344
9518677,2022,2023-02-02,1976,2022-12-17,1046,561,NA,6,5,5,1976,0,0,0,NA,0,001,BEVERLY BL,WASHINGTON AV,0,NA,Y,A,-,N,NA,NA,NA,NA,NA,NA,NA,NA,NA,Y,4,0,2,2,A,-,09,21802,A,N,D,C,A,A,H,-,A,A,0,NA,NA,NA,NA,Y,NA,A,07,0,0,2,0,0,0,0,0,0,-,-,NA,NA,LOS ANGELES,WHITTIER,-118.03498077392578,33.98811340332031
9518678,2022,2023-02-02,1976,2022-12-13,1434,597,1976,2,5,5,1976,0,0,0,NA,0,002,PICKERING AV,HADLEY ST,0,NA,Y,A,-,N,NA,NA,NA,NA,NA,NA,NA,NA,NA,N,2,0,1,2,A,-,12,21453,A,N,H,G,A,A,H,-,A,A,0,NA,Y,NA,NA,Y,NA,L,04,1,0,0,0,0,0,1,0,0,-,-,NA,NA,LOS ANGELES,WHITTIER,-118.04206085205078,33.98271179199219
9518679,2022,2023-02-02,1976,2022-12-13,0717,379,NA,2,5,5,1976,0,0,0,NA,0,004,LAMBERT RD,GUNN AV,0,NA,Y,A,-,N,NA,NA,NA,NA,NA,NA,NA,NA,NA,Y,4,0,1,4,A,-,12,21453,A,N,D,C,A,A,H,-,A,A,0,NA,NA,NA,NA,Y,NA,A,07,0,0,1,0,0,0,0,0,0,-,-,NA,NA,LOS ANGELES,WHITTIER,-118.02469635009766,33.94902420043945
9518691,2022,2023-01-31,1900,2022-12-13,1830,509018,1517,2,5,5,1954,0,0,0,NA,0,1900,PASSONS BL,REX RD,9,S,N,A,-,N,NA,NA,NA,NA,NA,NA,NA,NA,NA,N,3,0,1,2,A,-,08,22100,NA,F,G,B,C,A,H,-,B,D,0,Y,NA,NA,NA,Y,NA,A,01,0,1,0,0,1,0,0,0,0,-,-,33.973201751708984,-118.09410095214844,LOS ANGELES,PICO RIVERA,-118.09423828125,33.973228454589844
9518692,2022,2023-01-31,1900,2022-12-16,1551,621336,1510,5,5,5,1954,0,0,0,NA,0,151T3,BEVERLY RD,ROSEMEAD BL,112,W,N,A,-,N,NA,NA,NA,NA,NA,NA,NA,NA,NA,Y,4,0,2,2,A,-,09,21804,A,N,B,C,A,A,H,-,A,D,0,NA,NA,NA,NA,Y,NA,A,01,0,0,2,0,0,0,0,0,0,-,-,34.00809860229492,-118.08228302001952,LOS ANGELES,PICO RIVERA,-118.08209991455078,34.00798416137695
9518693,2022,2023-01-31,1900,2022-12-30,1711,621336,1514,5,5,5,1954,0,0,0,NA,0,151T3,MINES AV,ROSEMEAD BL,30,W,N,A,-,N,NA,NA,NA,NA,NA,NA,NA,NA,NA,N,4,0,1,2,A,-,08,22107,NA,N,B,C,A,A,-,-,C,D,0,NA,NA,Y,NA,Y,NA,A,01,0,0,1,0,0,0,0,0,1,-,-,33.99235916137695,-118.09042358398438,LOS ANGELES,PICO RIVERA,-118.0900650024414,33.99209976196289
9518695,2022,2023-01-30,1900,2022-12-09,2141,621336,1512,5,5,5,1954,0,0,0,NA,0,151T3,WHITTIER BL,GREGG RD,768,E,N,A,-,N,NA,NA,NA,NA,NA,NA,NA,NA,NA,Y,4,0,1,3,A,-,08,22107,NA,M,B,C,A,A,H,-,A,D,0,NA,NA,NA,NA,Y,NA,A,01,0,0,1,0,0,0,0,0,0,-,-,33.99681091308594,-118.0739517211914,LOS ANGELES,PICO RIVERA,-118.07210540771484,33.9954719543457
9518705,2022,2023-01-26,1900,2022-11-09,2338,621336,1517,3,5,5,1954,0,0,0,NA,0,151T3,ROSEMEAD BL,WASHINGTON BL,35,S,N,A,-,N,NA,NA,NA,NA,NA,NA,NA,NA,NA,N,3,0,1,2,A,-,08,22107,A,M,D,C,A,B,H,-,C,D,0,NA,NA,NA,NA,Y,NA,A,07,0,1,0,0,0,0,0,0,0,-,-,33.98305130004883,-118.09725952148438,LOS ANGELES,PICO RIVERA,-118.09711456298828,33.98308563232422
9518714,2022,2023-01-27,1910,2022-11-02,2011,04223,NA,3,5,4,1910,0,0,0,NA,0,004,N BEVERLY DR,W LOMITAS AV,0,NA,Y,A,-,N,NA,NA,NA,NA,NA,NA,NA,NA,NA,N,4,0,2,2,A,-,12,22450,A,N,D,C,A,A,A,-,C,A,0,NA,NA,NA,NA,Y,Y,A,01,0,0,2,0,0,0,0,0,0,-,-,NA,NA,LOS ANGELES,BEVERLY HILLS,-118.41165161132813,34.07964324951172
9518715,2022,2023-01-26,1910,2022-11-30,0600,443,NA,3,5,4,1910,0,0,0,NA,0,009,LA CIENEGA BL,WILSHIRE BL,189,S,N,A,-,N,NA,NA,NA,NA,NA,NA,NA,NA,NA,Y,4,0,2,2,A,-,08,22107,NA,N,D,C,A,A,H,-,C,A,0,NA,NA,NA,NA,Y,NA,A,01,0,0,2,0,0,0,0,0,0,-,-,NA,NA,LOS ANGELES,BEVERLY HILLS,-118.37621307373048,34.06466293334961
9518742,2023,2023-02-16,1951,2023-01-19,2138,754,712,4,5,3,1951,0,0,0,NA,0,002,PALOS VERDES DR,PALOS VERDES DR 200,46,N,N,A,-,N,NA,NA,NA,NA,NA,NA,NA,NA,NA,Y,3,0,2,2,A,-,09,21802,A,N,A,C,A,A,H,-,D,A,0,NA,NA,NA,NA,Y,NA,A,01,0,1,1,0,0,0,0,0,0,-,-,NA,NA,LOS ANGELES,PALOS VERDES EST,-118.38771057128906,33.801509857177734
9518743,2023,2023-02-15,1942,2023-01-10,1930,42460,1657,2,5,7,1942,0,0,0,P,0,26Q45,GLENOAKS BL,PENROSE ST,315,S,N,A,-,N,NA,NA,NA,NA,NA,NA,NA,NA,NA,N,2,0,1,2,A,-,11,21955,NA,N,G,B,D,A,H,-,C,A,0,Y,NA,NA,NA,Y,NA,N,60,1,0,0,0,1,0,0,0,0,-,-,NA,NA,LOS ANGELES,LOS ANGELES,-118.36753082275392,34.23090362548828
9518744,2023,2023-02-15,1942,2023-01-10,1400,41125,1658,2,5,7,1942,0,0,0,P,0,26M59,FOOTHILL BL,APPERSON ST,200,S,N,A,-,N,NA,NA,NA,NA,NA,NA,NA,NA,NA,Y,4,0,1,2,A,-,09,21804,A,N,D,C,A,B,H,-,A,D,0,NA,NA,NA,NA,Y,Y,-,99,0,0,1,0,0,0,0,0,0,-,-,NA,NA,LOS ANGELES,LOS ANGELES,-118.2990493774414,34.25558090209961
9518745,2023,2023-02-15,1942,2023-01-02,1630,37954,1962,1,5,7,1942,0,0,0,NA,0,19A79,NORDHOFF ST,BURNET AV,27,E,N,C,-,N,NA,NA,NA,NA,NA,NA,NA,NA,NA,Y,3,0,1,2,A,-,08,22107,NA,F,-,C,A,B,H,-,B,D,0,NA,NA,NA,NA,Y,NA,-,NA,0,1,0,0,0,0,0,0,0,-,-,NA,NA,LOS ANGELES,LOS ANGELES,-118.4631576538086,34.23550033569336
9518746,2023,2023-08-15,1942,2023-01-11,650,40065,1985,3,5,7,1942,0,0,0,NA,0,26TL16,PARTHENIA ST,VESPER AV,0,NA,Y,A,-,N,NA,NA,NA,NA,NA,NA,NA,NA,NA,Y,3,0,2,2,A,-,12,22450,A,F,D,C,A,A,H,-,C,A,0,NA,NA,NA,NA,Y,NA,D,22,0,1,1,0,0,0,0,0,0,-,-,NA,NA,LOS ANGELES,LOS ANGELES,-118.45030212402344,34.22710037231445
9518747,2023,2023-07-26,1942,2023-01-01,730,39192,1794,7,5,7,1942,0,0,0,Q,0,26TL23,RESEDA BL,PARTHENIA ST,30,N,N,B,-,N,NA,NA,NA,NA,NA,NA,NA,NA,NA,Y,3,0,1,2,A,-,05,21650,NA,F,B,C,A,A,H,-,A,D,0,NA,NA,NA,NA,Y,NA,A,01,0,1,0,0,0,0,0,0,0,-,-,NA,NA,LOS ANGELES,LOS ANGELES,-118.5360870361328,34.22833251953125
9518784,2023,2023-02-10,1900,2023-01-05,1330,403161,1414,4,5,1,1932,0,0,0,NA,0,141T6,VALLEY BL,HACIENDA BL,41,W,N,A,-,N,NA,NA,NA,NA,NA,NA,NA,NA,NA,N,4,0,2,2,A,-,04,21703,NA,N,C,A,A,A,H,-,A,A,0,NA,NA,NA,NA,Y,NA,A,07,0,0,2,0,0,0,0,0,0,-,-,34.01996994018555,-117.9586181640625,LOS ANGELES,INDUSTRY,-117.9582290649414,34.01980972290039
9518790,2023,2023-02-10,1900,2023-01-07,1816,608904,0456,6,5,6,1949,0,0,0,NA,0,43T1PM,IBEX AV,ROSECRANS AV,0,S,N,A,-,N,NA,NA,NA,NA,NA,NA,NA,NA,NA,N,4,0,1,2,A,-,03,22350,NA,N,E,E,A,A,H,-,C,D,0,NA,NA,NA,NA,Y,NA,A,01,0,0,1,0,0,0,0,0,0,-,-,NA,NA,LOS ANGELES,NORWALK,-118.07416534423828,33.902191162109375
9518791,2023,2023-02-10,1900,2023-01-12,1540,643386,0461,4,5,4,1936,0,0,0,NA,0,46T1/P,VALLEY VIEW AV,ADOREE ST,210,S,N,A,-,N,NA,NA,NA,NA,NA,NA,NA,NA,NA,Y,4,0,1,2,A,-,03,22350,NA,N,C,C,A,A,H,-,A,D,0,NA,NA,NA,NA,Y,NA,A,01,0,0,1,0,0,0,0,0,0,-,-,NA,NA,LOS ANGELES,LA MIRADA,-118.0293426513672,33.91342544555664
9518834,2023,2023-03-02,1920,2023-01-04,744,13118,1920,3,5,6,1920,0,0,0,NA,0,002,GARFIELD AV,GARDENDALE ST,0,NA,Y,B,-,N,NA,NA,NA,NA,NA,NA,NA,NA,NA,Y,3,0,2,2,D,-,00,NA,NA,N,B,C,A,B,H,-,A,A,0,NA,NA,NA,NA,Y,NA,-,-,0,1,1,0,0,0,0,0,0,-,-,NA,NA,LOS ANGELES,DOWNEY,-118.1689910888672,33.922943115234375
9518838,2023,2023-03-02,1920,2023-01-19,1654,14072,1920,4,5,6,1920,0,0,0,NA,0,004,FLORENCE AV,WOODRUFF AV,0,NA,Y,C,-,N,NA,NA,NA,NA,NA,NA,NA,NA,NA,Y,3,0,2,2,A,-,12,21453,A,N,D,C,A,B,H,-,A,A,0,NA,NA,NA,NA,Y,NA,D,22,0,2,0,0,0,0,0,0,0,-,-,NA,NA,LOS ANGELES,DOWNEY,-118.11036682128906,33.94403839111328
9518855,2022,2023-02-09,1900,2022-12-23,1930,652853,0631,5,5,6,1985,0,0,0,NA,0,62T1,SIERRA HWY,LINDA VISTA ST,1100,W,N,A,-,N,NA,NA,NA,NA,NA,NA,NA,NA,NA,Y,2,0,2,3,A,-,01,23152,A,N,D,C,A,A,H,-,C,D,0,NA,NA,NA,NA,Y,Y,A,07,1,1,0,0,0,0,0,0,0,-,-,34.43410110473633,-118.44154357910156,LOS ANGELES,SANTA CLARITA,-118.44139099121094,34.43217468261719
9518863,2022,2023-02-27,1900,2022-12-23,1550,627961,0612,5,5,6,1985,0,0,0,NA,0,61T1P,SIERRA HWY,SKYLINE RANCH RD,0,NA,Y,A,-,N,NA,NA,NA,NA,NA,NA,NA,NA,NA,Y,4,0,2,3,A,-,03,22350,NA,N,C,C,A,A,H,-,A,A,0,NA,NA,NA,NA,Y,NA,D,22,0,0,2,0,0,0,0,0,0,-,-,34.253700256347656,-118.26499938964844,LOS ANGELES,SANTA CLARITA,-118.44741058349608,34.42677307128906
9518864,2022,2023-02-07,1900,2022-12-21,1630,656409,1326,3,5,5,1935,0,0,0,NA,0,132,DEL AMO BL,KNOXVILLE AV,0,NA,Y,A,-,N,NA,NA,NA,NA,NA,NA,NA,NA,NA,Y,3,0,1,2,A,-,08,22107,NA,N,-,E,A,A,H,-,A,D,0,NA,NA,NA,NA,Y,NA,A,01,0,1,0,0,0,0,0,0,0,-,-,NA,NA,LOS ANGELES,LAKEWOOD,-118.1050262451172,33.8470573425293
9518870,2022,2023-02-10,1901,2022-11-17,2335,125,4,4,5,5,1901,0,0,0,NA,0,001,MAIN ST,CHAPEL AV,0,NA,Y,A,-,N,NA,NA,NA,NA,NA,NA,NA,NA,NA,N,3,0,2,2,A,-,12,21453,A,N,D,C,A,A,H,-,C,A,0,NA,NA,NA,NA,Y,NA,D,72,0,1,1,0,0,0,0,0,0,-,-,34.09661102294922,-118.12368011474608,LOS ANGELES,ALHAMBRA,-118.1236572265625,34.09659957885742
9518871,2022,2023-02-06,1900,2022-12-22,1750,652853,0628,4,5,6,1985,0,0,0,NA,0,62T1,NEWHALL AV,4TH ST,85,W,N,A,-,N,NA,NA,NA,NA,NA,NA,NA,NA,NA,Y,3,0,1,1,A,-,08,22107,NA,N,E,I,A,A,H,-,C,D,0,NA,NA,NA,NA,Y,NA,D,22,0,1,0,0,0,0,0,0,0,-,-,34.3760986328125,-118.52557373046876,LOS ANGELES,SANTA CLARITA,-118.52550506591795,34.3761100769043
9518872,2022,2023-02-06,1900,2022-12-21,1640,655208,1320,3,5,5,1935,0,0,0,NA,0,1320,CHERRY AV,53RD ST,65,S,N,A,-,N,NA,NA,NA,NA,NA,NA,NA,NA,NA,N,3,0,1,2,A,-,03,22350,NA,M,C,C,A,A,H,-,A,D,0,NA,NA,NA,NA,Y,NA,D,22,0,1,0,0,0,0,0,0,0,-,-,NA,NA,LOS ANGELES,LAKEWOOD,-118.16766357421876,33.85246276855469
9518875,2022,2023-02-07,1900,2022-12-22,1140,641133,0612,4,5,6,1985,0,0,0,NA,0,061,SOLEDAD CANYON RD,RUETHER AV,0,NA,Y,A,-,N,NA,NA,NA,NA,NA,NA,NA,NA,NA,Y,4,0,1,2,A,-,12,21453,A,N,A,C,A,A,H,-,A,A,0,NA,NA,NA,NA,Y,NA,I,11,0,0,1,0,0,0,0,0,0,-,-,34.42073059082031,-118.49858856201172,LOS ANGELES,SANTA CLARITA,-118.49846649169922,34.420806884765625
9518922,2022,2023-03-07,1910,2022-12-27,1406,443,NA,2,5,4,1910,0,0,0,NA,0,004,WILSHIRE BL,TRENTON DR,0,NA,Y,C,-,N,NA,NA,NA,NA,NA,NA,NA,NA,NA,Y,3,0,2,2,A,-,09,21801,A,N,D,C,A,B,H,-,A,A,0,NA,NA,NA,NA,Y,NA,A,01,0,1,1,0,0,0,0,0,0,-,-,NA,NA,LOS ANGELES,BEVERLY HILLS,-118.41304779052734,34.06707000732422
9518929,2022,2023-03-08,1900,2022-12-30,0239,622484,1432,5,5,4,1937,0,0,0,NA,0,143T2,HACIENDA BL,TEMPLE AV,21,N,N,A,-,N,NA,NA,NA,NA,NA,NA,NA,NA,NA,Y,3,0,3,2,A,-,12,21453,A,F,D,C,A,A,H,-,C,A,0,NA,NA,NA,NA,Y,NA,A,01,0,3,0,0,0,0,0,0,0,-,-,34.03023147583008,-117.95382690429688,LOS ANGELES,LA PUENTE,-117.95391082763672,34.03033447265625
9518935,2022,2023-03-07,1900,2022-12-16,1600,652895,0451,5,5,6,1949,0,0,0,NA,0,45T1P,PIONEER BL,IMPERIAL HWY,107,N,N,A,-,N,NA,NA,NA,NA,NA,NA,NA,NA,NA,Y,4,0,3,5,A,-,03,22350,NA,N,D,C,A,A,H,-,A,D,0,NA,NA,Y,NA,Y,NA,A,01,0,0,3,0,0,0,0,0,2,-,-,NA,NA,LOS ANGELES,NORWALK,-118.08189392089844,33.91738510131836
9518991,2022,2023-01-31,1910,2022-12-31,2245,05102,NA,6,5,4,1910,0,0,0,NA,0,005,SOUTH SANTA MONICA BL,N RODEO DR,0,NA,Y,C,-,N,NA,NA,NA,NA,NA,NA,NA,NA,NA,Y,4,0,2,2,A,-,12,22450,A,N,D,C,A,B,H,-,C,B,0,NA,NA,NA,NA,Y,NA,A,01,0,0,2,0,0,0,0,0,0,-,-,NA,NA,LOS ANGELES,BEVERLY HILLS,-118.40435791015624,34.07059860229492
9518992,2022,2023-01-31,1910,2022-12-14,2323,05475,NA,3,5,4,1910,0,0,0,NA,0,005,NORTH SANTA MONICA BL,N CANON DR,0,NA,Y,A,-,N,NA,NA,NA,NA,NA,NA,NA,NA,NA,N,3,0,1,2,A,-,03,22350,NA,N,D,J,A,A,H,-,C,A,0,NA,NA,Y,NA,Y,NA,C,03,0,1,0,0,0,0,0,0,1,-,-,34.420101165771484,-118.24960327148438,LOS ANGELES,BEVERLY HILLS,-118.4026336669922,34.07237243652344
9518993,2022,2023-01-31,1910,2022-12-21,1630,443,NA,3,5,4,1910,0,0,0,NA,0,005,N CANON DR,DAYTON WY,143,N,N,A,-,N,NA,NA,NA,NA,NA,NA,NA,NA,NA,N,4,0,2,3,A,-,09,21804,A,N,A,B,D,A,H,-,A,A,0,Y,NA,NA,NA,Y,NA,A,01,0,0,2,0,2,0,0,0,0,-,-,NA,NA,LOS ANGELES,BEVERLY HILLS,-118.39983367919922,34.06952667236328
9519051,2023,2023-03-07,1941,2023-01-25,2232,10925,WEST,3,5,7,1941,0,0,0,NA,0,003,ATLANTIC AV,E 31ST ST,298,N,N,A,-,N,NA,NA,NA,NA,NA,NA,NA,NA,NA,Y,3,0,2,2,A,-,01,23153,A,N,D,C,A,A,H,-,C,A,0,NA,NA,NA,NA,Y,Y,A,01,0,1,1,0,0,0,0,0,0,-,-,33.81346130371094,-118.18502044677734,LOS ANGELES,LONG BEACH,-118.18502807617188,33.81429672241211
9519053,2022,2023-02-13,1900,2022-11-30,1315,644141,1327,3,5,5,1935,0,0,0,NA,0,132T2,207TH ST,ALBURTIS AV,0,NA,Y,A,-,N,NA,NA,NA,NA,NA,NA,NA,NA,NA,Y,3,0,1,2,A,-,09,21802,A,N,D,C,A,A,H,-,A,D,0,NA,NA,NA,NA,Y,NA,D,22,0,1,0,0,0,0,0,0,0,-,-,NA,NA,LOS ANGELES,LAKEWOOD,-118.0841827392578,33.84233856201172
9519054,2023,2023-02-06,1900,2023-01-02,1723,640991,1335,1,5,5,1908,0,0,0,NA,0,133T2,DOWNEY AV,RAMONA AV,10,N,N,C,-,N,NA,NA,NA,NA,NA,NA,NA,NA,NA,N,4,0,2,2,A,-,09,21801,A,N,D,C,A,B,H,-,D,D,0,NA,NA,NA,NA,Y,NA,D,22,0,0,2,0,0,0,0,0,0,-,-,NA,NA,LOS ANGELES,BELLFLOWER,-118.15129089355467,33.87291717529297
9519055,2023,2023-03-07,1941,2023-01-01,58,11554,SOUTH,7,5,7,1941,0,0,0,NA,0,008,ALAMITOS AV,OCEAN BL,6,N,N,A,-,N,NA,NA,NA,NA,NA,NA,NA,NA,NA,Y,3,0,2,3,D,-,00,NA,NA,F,D,C,A,B,H,-,C,A,0,NA,NA,NA,Y,Y,NA,-,-,0,2,0,0,0,0,0,0,0,-,-,33.76612091064453,-118.18300628662108,LOS ANGELES,LONG BEACH,-118.18309783935548,33.76638412475586
9519057,2023,2023-02-06,1900,2023-01-03,1700,656409,1336,2,5,5,1908,0,0,0,NA,0,133T2,ARTESIA BL,ARTESIA CT,50,E,N,C,-,N,NA,NA,NA,NA,NA,NA,NA,NA,NA,Y,3,0,1,2,A,-,01,23152,A,N,A,C,A,B,H,-,C,D,0,NA,NA,NA,NA,Y,Y,D,22,0,1,0,0,0,0,0,0,0,-,-,NA,NA,LOS ANGELES,BELLFLOWER,-118.1217803955078,33.87474822998047
9519058,2023,2023-02-06,1910,2023-01-09,1656,03209,NA,1,5,4,1910,0,0,0,NA,0,004,NORTH SANTA MONICA BL,LINDEN DR,150,E,N,C,-,N,NA,NA,NA,NA,NA,NA,NA,NA,NA,N,4,0,1,2,A,-,03,22350,NA,M,C,C,A,B,-,-,C,A,0,NA,NA,NA,NA,Y,NA,D,23,0,0,1,0,0,0,0,0,0,-,-,NA,NA,LOS ANGELES,BEVERLY HILLS,-118.4083251953125,34.068477630615234
9519061,2023,2023-02-27,1900,2023-01-05,916,656409,1322,4,5,5,1935,0,0,0,NA,0,132T2,LAKEWOOD BL,HEDDA ST,365,S,N,C,-,N,NA,NA,NA,NA,NA,NA,NA,NA,NA,Y,3,0,1,2,A,-,04,21703,NA,N,C,C,A,B,H,-,A,D,0,NA,NA,NA,NA,Y,NA,D,22,0,1,0,0,0,0,0,0,0,-,-,NA,NA,LOS ANGELES,LAKEWOOD,-118.14244079589844,33.86309814453125
9519072,2023,2023-03-09,1953,2023-01-16,1459,0809,1953,1,5,6,1953,0,0,0,NA,0,003,MENTOR AV,MARKET ALLEY,0,NA,Y,A,-,N,NA,NA,NA,NA,NA,NA,NA,NA,NA,N,4,0,1,2,A,-,08,22107,NA,N,E,-,A,A,H,-,A,A,0,NA,NA,NA,Y,Y,NA,F,21,0,0,1,0,0,0,0,0,0,-,-,NA,NA,LOS ANGELES,PASADENA,-118.130859375,34.146514892578125
9519078,2023,2023-03-07,1900,2023-01-13,1800,606646,0530,5,5,5,1959,0,0,0,NA,0,53T1PM,ENCINITA AV,MISSION DR,14,N,N,A,-,N,NA,NA,NA,NA,NA,NA,NA,NA,NA,N,4,0,1,2,A,-,10,21950,A,N,G,B,B,A,H,-,C,A,0,Y,NA,NA,NA,Y,NA,D,22,0,0,1,0,1,0,0,0,0,-,-,34.0826416015625,-118.06758880615234,LOS ANGELES,ROSEMEAD,-118.067626953125,34.08256530761719
9519083,2022,2023-03-13,1942,2022-10-14,0805,38556,1821,5,5,7,1942,0,0,0,R,0,25T27W,VERMONT AV,CENTURY BL,0,NA,Y,B,-,N,NA,NA,NA,NA,NA,NA,NA,NA,NA,N,3,0,3,3,A,-,12,21453,NA,F,D,C,A,A,H,-,A,A,0,NA,NA,NA,NA,Y,NA,D,22,0,3,0,0,0,0,0,0,0,-,-,NA,NA,LOS ANGELES,LOS ANGELES,-118.29191589355467,33.94548797607422
9519085,2022,2023-02-22,1900,2022-10-25,1508,643959,1367,2,5,5,1952,0,0,0,NA,0,136A,JEFFERSON ST,MINNESOTA AV,5,W,N,A,-,N,NA,NA,NA,NA,NA,NA,NA,NA,NA,N,4,0,2,2,A,-,04,21703,NA,N,C,C,A,A,H,-,A,D,0,NA,NA,NA,Y,Y,NA,A,01,0,0,2,0,0,0,0,0,0,-,-,NA,NA,LOS ANGELES,PARAMOUNT,-118.16677856445313,33.89289855957031
9519097,2022,2023-02-22,1900,2022-10-19,1055,658546,1366,3,5,5,1952,0,0,0,NA,0,136B,ALONDRA BL,HOME DEPOT,8,E,N,A,-,N,NA,NA,NA,NA,NA,NA,NA,NA,NA,N,2,0,1,2,A,-,08,22107,NA,N,G,G,A,A,-,-,A,-,0,NA,Y,NA,Y,Y,NA,F,25,1,0,0,0,0,0,1,0,0,-,-,NA,NA,LOS ANGELES,PARAMOUNT,NA,NA
9519108,2023,2023-02-24,1900,2023-01-31,1628,635554,1010,2,5,3,1995,0,0,0,NA,0,101T2,PACIFIC COAST HWY,EL MATADOR BEACH RD,100,E,N,A,-,Y,LA,7,1,-,-,58.84,H,-,S,Y,4,0,2,2,A,-,08,22105,NA,N,D,C,A,A,H,-,A,D,0,NA,NA,NA,NA,Y,NA,A,07,0,0,2,0,0,0,0,0,0,-,-,34.03976058959961,-118.87532043457033,LOS ANGELES,MALIBU,-118.87529754638672,34.039703369140625