CASE_ID,ACCIDENT_YEAR,PROC_DATE,JURIS,COLLISION_DATE,COLLISION_TIME,OFFICER_ID,REPORTING_DISTRICT,DAY_OF_WEEK,CHP_SHIFT,POPULATION,CNTY_CITY_LOC,SPECIAL_COND,BEAT_TYPE,CHP_BEAT_TYPE,CITY_DIVISION_LAPD,CHP_BEAT_CLASS,BEAT_NUMBER,PRIMARY_RD,SECONDARY_RD,DISTANCE,DIRECTION,INTERSECTION,WEATHER_1,WEATHER_2,STATE_HWY_IND,CALTRANS_COUNTY,CALTRANS_DISTRICT,STATE_ROUTE,ROUTE_SUFFIX,POSTMILE_PREFIX,POSTMILE,LOCATION_TYPE,RAMP_INTERSECTION,SIDE_OF_HWY,TOW_AWAY,COLLISION_SEVERITY,NUMBER_KILLED,NUMBER_INJURED,PARTY_COUNT,PRIMARY_COLL_FACTOR,PCF_CODE_OF_VIOL,PCF_VIOL_CATEGORY,PCF_VIOLATION,PCF_VIOL_SUBSECTION,HIT_AND_RUN,TYPE_OF_COLLISION,MVIW,PED_ACTION,ROAD_SURFACE,ROAD_COND_1,ROAD_COND_2,LIGHTING,CONTROL_DEVICE,CHP_ROAD_TYPE,PEDESTRIAN_ACCIDENT,BICYCLE_ACCIDENT,MOTORCYCLE_ACCIDENT,TRUCK_ACCIDENT,NOT_PRIVATE_PROPERTY,ALCOHOL_INVOLVED,STWD_VEHTYPE_AT_FAULT,CHP_VEHTYPE_AT_FAULT,COUNT_SEVERE_INJ,COUNT_VISIBLE_INJ,COUNT_COMPLAINT_PAIN,COUNT_PED_KILLED,COUNT_PED_INJURED,COUNT_BICYCLIST_KILLED,COUNT_BICYCLIST_INJURED,COUNT_MC_KILLED,COUNT_MC_INJURED,PRIMARY_RAMP,SECONDARY_RAMP,LATITUDE,LONGITUDE,COUNTY,CITY,POINT_X,POINT_Y
9519112,2022,2023-03-06,1900,2022-11-14,1230,517840,1012,1,5,3,1995,0,0,0,NA,0,101T1,RT 1,KANAN DUME RD,0,NA,Y,A,-,Y,LA,7,1,-,-,54.02,I,5,N,Y,1,1,2,3,A,-,12,21453,NA,N,D,C,A,A,H,-,A,A,0,NA,NA,Y,NA,Y,NA,A,01,1,1,0,0,0,0,0,0,1,-,-,34.021568298339844,-118.80265808105467,LOS ANGELES,MALIBU,-118.80258941650392,34.02155303955078
9519113,2022,2023-02-07,1900,2022-12-28,0555,616065,1322,3,5,5,1935,0,0,0,NA,0,132B1E,S ST,WOODRUFF AV,61,W,N,B,-,N,NA,NA,NA,NA,NA,NA,NA,NA,NA,Y,3,0,1,2,A,-,03,22350,NA,N,D,C,A,B,H,-,C,D,0,NA,NA,NA,NA,Y,NA,A,01,0,1,0,0,0,0,0,0,0,-,-,NA,NA,LOS ANGELES,LAKEWOOD,NA,NA
9519114,2023,2023-03-07,1941,2023-01-09,1520,11230,NORTH,1,5,7,1941,0,0,0,NA,0,024,CHERRY AV,SOUTH ST,0,NA,Y,B,-,N,NA,NA,NA,NA,NA,NA,NA,NA,NA,Y,2,0,4,4,A,-,00,21543,C,M,D,C,A,B,H,-,A,A,0,NA,NA,NA,NA,Y,NA,A,01,2,2,0,0,0,0,0,0,0,-,-,33.860130310058594,-118.16860198974608,LOS ANGELES,LONG BEACH,-118.16855621337892,33.86014938354492
9519117,2022,2023-02-06,1900,2022-12-28,1540,650100,1367,3,5,5,1952,0,0,0,NA,0,136A,TEXACO AV,JEFFERSON ST,120,N,N,A,-,N,NA,NA,NA,NA,NA,NA,NA,NA,NA,N,4,0,1,2,A,-,08,22107,NA,N,B,E,A,A,H,-,B,D,0,NA,NA,NA,NA,Y,NA,D,22,0,0,1,0,0,0,0,0,0,-,-,NA,NA,LOS ANGELES,PARAMOUNT,-118.17191314697266,33.89305877685547
9519181,2023,2023-03-04,1920,2023-01-17,826,13321,1920,2,5,6,1920,0,0,0,NA,0,006,DOWNEY AV,IOWA ST,0,NA,Y,A,-,N,NA,NA,NA,NA,NA,NA,NA,NA,NA,N,4,0,1,2,A,-,09,21802,A,N,D,C,A,A,H,-,A,A,0,NA,NA,NA,NA,Y,NA,A,01,0,0,1,0,0,0,0,0,0,-,-,NA,NA,LOS ANGELES,DOWNEY,-118.13462066650392,33.937767028808594
9519182,2023,2023-03-13,1920,2023-01-19,1913,14072,1920,4,5,6,1920,0,0,0,NA,0,001,LAKEWOOD BL,FIRESTONE BL,0,NA,Y,C,-,N,NA,NA,NA,NA,NA,NA,NA,NA,NA,Y,4,0,2,3,A,-,09,21453,C,N,D,C,A,B,H,-,C,A,0,NA,NA,NA,NA,Y,NA,A,01,0,0,2,0,0,0,0,0,0,-,-,NA,NA,LOS ANGELES,DOWNEY,-118.12395477294922,33.93549728393555
9519183,2023,2023-03-04,1920,2023-01-20,1450,13965,NA,5,5,6,1920,0,0,0,NA,0,006,STEWART AND GRAY RD,DOWNEY AV,248,E,N,A,-,N,NA,NA,NA,NA,NA,NA,NA,NA,NA,N,4,0,1,3,A,-,03,22350,NA,N,C,C,A,A,H,-,A,A,0,NA,NA,NA,NA,Y,NA,A,01,0,0,1,0,0,0,0,0,0,-,-,NA,NA,LOS ANGELES,DOWNEY,-118.1379623413086,33.9317741394043
9519184,2023,2023-03-04,1920,2023-01-20,1414,14072,1920,5,5,6,1920,0,0,0,NA,0,005,FLORENCE AV,LA REINA AV,0,NA,Y,A,-,N,NA,NA,NA,NA,NA,NA,NA,NA,NA,N,4,0,2,2,A,-,09,21801,NA,N,D,C,A,A,H,-,A,A,0,NA,NA,NA,NA,Y,NA,A,01,0,0,2,0,0,0,0,0,0,-,-,NA,NA,LOS ANGELES,DOWNEY,-118.12688446044922,33.951995849609375
9519185,2023,2023-03-04,1920,2023-01-21,1520,14072,1920,6,5,6,1920,0,0,0,NA,0,003,PARAMOUNT BL,6TH ST,107,N,N,A,-,N,NA,NA,NA,NA,NA,NA,NA,NA,NA,N,4,0,1,2,A,-,07,21658,A,N,B,C,A,A,H,-,A,A,0,NA,NA,NA,NA,Y,NA,A,01,0,0,1,0,0,0,0,0,0,-,-,NA,NA,LOS ANGELES,DOWNEY,-118.13431549072266,33.947669982910156
9519186,2023,2023-03-04,1920,2023-01-22,352,14133,1920,7,5,6,1920,0,0,0,NA,0,002,STEWART AND GRAY RD,HERITAGE CIR,435,W,N,A,-,N,NA,NA,NA,NA,NA,NA,NA,NA,NA,Y,4,0,1,3,A,-,08,22107,NA,N,C,E,A,A,H,-,C,D,0,NA,NA,NA,NA,Y,NA,A,01,0,0,1,0,0,0,0,0,0,-,-,NA,NA,LOS ANGELES,DOWNEY,-118.15850067138672,33.9425048828125
9519187,2023,2023-03-04,1920,2023-01-17,751,14315,1920,2,5,6,1920,0,0,0,NA,0,003,OLD RIVER SCHOOL RD,FIRESTONE BL,0,NA,Y,A,-,N,NA,NA,NA,NA,NA,NA,NA,NA,NA,N,4,0,1,2,A,-,12,21457,A,N,D,C,A,A,G,-,A,A,0,NA,NA,NA,NA,Y,NA,A,07,0,0,1,0,0,0,0,0,0,-,-,NA,NA,LOS ANGELES,DOWNEY,-118.14900207519533,33.94718933105469
9519188,2023,2023-03-13,1920,2023-01-11,1926,14050,1920,3,5,6,1920,0,0,0,NA,0,001,LAKEWOOD BL,IMPERIAL HWY,0,NA,Y,A,-,N,NA,NA,NA,NA,NA,NA,NA,NA,NA,N,4,0,1,3,A,-,03,22350,NA,N,C,C,A,A,H,-,C,A,0,NA,NA,NA,NA,Y,NA,A,07,0,0,1,0,0,0,0,0,0,-,-,NA,NA,LOS ANGELES,DOWNEY,-118.13765716552734,33.91695785522461
9519258,2023,2023-02-15,1900,2023-01-23,1530,526692,NA,1,5,1,1932,0,0,0,NA,0,141T2,TEMPLE AV,GREYCLIFF AV,141,E,N,A,-,N,NA,NA,NA,NA,NA,NA,NA,NA,NA,N,4,0,1,2,A,-,09,21804,A,N,D,C,A,A,H,-,A,D,0,NA,NA,NA,NA,Y,NA,A,01,0,0,1,0,0,0,0,0,0,-,-,34.02806854248047,-117.93840026855467,LOS ANGELES,INDUSTRY,-117.93851470947266,34.02805709838867
9519344,2022,2023-02-01,1941,2022-06-11,1546,11021,NA,6,5,7,1941,0,0,0,NA,0,NA,67TH WY,LONG BEACH BL,0,NA,Y,A,-,N,NA,NA,NA,NA,NA,NA,NA,NA,NA,N,4,0,1,4,A,-,08,22107,NA,N,B,C,A,A,H,-,A,D,0,NA,NA,Y,NA,Y,NA,C,NA,0,0,1,0,0,0,0,0,1,-,-,NA,NA,LOS ANGELES,LONG BEACH,-118.20352172851564,33.876827239990234
9519361,2023,2023-02-07,1900,2023-01-16,1215,630203,0530,1,5,5,1959,0,0,0,NA,0,52FAM,ENCINITA AV,LOWER AZUSA RD,0,NA,Y,B,-,N,NA,NA,NA,NA,NA,NA,NA,NA,NA,Y,3,0,3,2,A,-,12,21453,A,N,D,C,A,A,H,-,A,A,0,NA,NA,NA,NA,Y,NA,A,01,0,3,0,0,0,0,0,0,0,-,-,34.08795166015625,-118.06774139404295,LOS ANGELES,ROSEMEAD,-118.06768035888672,34.08797836303711
9519362,2023,2023-02-07,1900,2023-01-14,1822,636454,0533,6,5,5,1959,0,0,0,NA,0,53T1PM,SAN GABRIEL BL,GARVEY AV,203,N,N,C,-,N,NA,NA,NA,NA,NA,NA,NA,NA,NA,N,3,0,1,2,A,-,10,21950,A,N,G,B,F,B,H,-,C,D,0,Y,NA,NA,NA,Y,NA,A,01,0,1,0,0,1,0,0,0,0,-,-,34.06332015991211,-118.09040832519533,LOS ANGELES,ROSEMEAD,-118.09052276611328,34.06319808959961
9519363,2023,2023-02-07,1900,2023-01-17,625,643389,0531,2,5,5,1959,0,0,0,NA,0,53T1AM,ELLIS LN,TEMPLE CITY BL,3,W,N,A,-,N,NA,NA,NA,NA,NA,NA,NA,NA,NA,Y,3,0,1,1,A,-,03,22350,NA,N,E,I,A,A,H,-,A,D,0,NA,NA,NA,NA,Y,NA,A,01,0,1,0,0,0,0,0,0,0,-,-,34.080230712890625,-118.05880737304688,LOS ANGELES,ROSEMEAD,-118.05866241455078,34.08015823364258
9519364,2023,2023-02-07,1900,2023-01-14,1633,543338,0561,6,5,3,1968,0,0,0,NA,0,55P,POTRERO AV,LERMA RD,368,N,N,B,C,N,NA,NA,NA,NA,NA,NA,NA,NA,NA,Y,3,0,1,1,A,-,03,22350,NA,N,H,A,A,B,H,-,B,D,0,NA,NA,NA,NA,Y,NA,A,01,0,1,0,0,0,0,0,0,0,-,-,34.0429801940918,-118.05557250976564,LOS ANGELES,SOUTH EL MONTE,-118.05564880371094,34.04294967651367
9519365,2023,2023-02-07,1900,2023-01-13,203,647444,0525,5,5,4,1971,0,0,0,NA,0,52T1PM,LOWER AZUSA RD,ARDEN WY,0,NA,N,A,-,N,NA,NA,NA,NA,NA,NA,NA,NA,NA,N,3,0,1,2,A,-,09,21802,A,N,D,C,A,A,H,-,B,A,0,NA,NA,Y,NA,Y,NA,A,01,0,1,0,0,0,0,0,0,0,-,-,34.091861724853516,-118.04044342041016,LOS ANGELES,TEMPLE CITY,-118.04102325439452,34.09184646606445
9519366,2023,2023-02-07,1900,2023-01-09,1648,487834,0521,1,5,4,1971,0,0,0,NA,0,52T1PM,ELM AV,ROSEMEAD BL,140,E,N,C,-,N,NA,NA,NA,NA,NA,NA,NA,NA,NA,NA,4,0,1,2,A,-,10,21950,A,N,G,B,C,B,H,-,C,D,0,Y,NA,NA,NA,Y,NA,A,01,0,0,1,0,1,0,0,0,0,-,-,34.1048583984375,-118.07298278808594,LOS ANGELES,TEMPLE CITY,-118.0730209350586,34.10491180419922
9519367,2023,2023-02-07,1900,2023-01-13,800,633749,0562,5,5,3,1968,0,0,0,NA,0,55T1AM,THIENES AV,PENN MAR AV,9,E,N,A,-,N,NA,NA,NA,NA,NA,NA,NA,NA,NA,N,3,0,1,2,A,-,10,21950,A,N,G,B,B,A,H,-,A,A,0,Y,NA,NA,NA,Y,NA,A,01,0,1,0,0,1,0,0,0,0,-,-,34.04600143432617,-118.03600311279295,LOS ANGELES,SOUTH EL MONTE,-118.03653717041016,34.046180725097656
9519368,2023,2023-02-07,1900,2023-01-22,2138,642121,0524,7,5,4,1971,0,0,0,NA,0,53T1PM,LOWER AZUSA RD,TEMPLE CITY BL,0,NA,Y,A,-,N,NA,NA,NA,NA,NA,NA,NA,NA,NA,Y,3,0,1,2,A,-,09,21801,A,N,D,C,A,A,H,-,C,A,0,NA,NA,NA,NA,Y,NA,A,01,0,1,0,0,0,0,0,0,0,-,-,34.08951187133789,-118.05724334716795,LOS ANGELES,TEMPLE CITY,-118.0573272705078,34.0894889831543
9519369,2023,2023-02-07,1900,2023-01-18,735,432997,0561,3,5,3,1968,0,0,0,NA,0,55T1AM,VACCO ST,CENTRAL AV,12,E,N,A,-,N,NA,NA,NA,NA,NA,NA,NA,NA,NA,N,4,0,1,2,A,-,08,22107,NA,N,A,C,A,A,H,-,A,A,0,NA,NA,NA,NA,Y,NA,A,07,0,0,1,0,0,0,0,0,0,-,-,34.047401428222656,-118.04680633544922,LOS ANGELES,SOUTH EL MONTE,-118.04686737060548,34.047359466552734
9519370,2023,2023-02-21,1900,2023-01-20,816,606776,0521,5,5,4,1971,0,0,0,NA,0,57AAM,LONGDEN AV,GOLDEN WEST AV,0,NA,Y,A,-,N,NA,NA,NA,NA,NA,NA,NA,NA,NA,N,3,0,1,2,A,-,11,21950,B,N,B,B,-,A,H,-,A,A,0,Y,NA,NA,NA,Y,NA,N,60,0,1,0,0,1,0,0,0,0,-,-,34.11442184448242,-118.0579071044922,LOS ANGELES,TEMPLE CITY,-118.05799865722656,34.114463806152344
9519371,2023,2023-02-07,1910,2023-01-19,809,03494,NA,4,5,4,1910,0,0,0,NA,0,005,SANTA MONICA BL,BEVERLY DR,0,NA,Y,A,-,N,NA,NA,NA,NA,NA,NA,NA,NA,NA,N,4,0,1,2,A,-,12,21453,A,N,D,C,A,A,H,-,A,A,0,NA,NA,NA,NA,Y,NA,A,01,0,0,1,0,0,0,0,0,0,-,-,NA,NA,LOS ANGELES,BEVERLY HILLS,-118.40367126464844,34.07167053222656
9519372,2023,2023-02-07,1910,2023-01-12,2001,05309,NA,4,5,4,1910,0,0,0,NA,0,005,WILSHIRE BL,SPALDING DR,61,N,N,A,-,N,NA,NA,NA,NA,NA,NA,NA,NA,NA,N,4,0,2,2,A,-,22,23123,A,N,C,C,A,A,H,-,C,A,0,NA,NA,NA,NA,Y,NA,A,01,0,0,2,0,0,0,0,0,0,-,-,NA,NA,LOS ANGELES,BEVERLY HILLS,-118.40892028808594,34.067081451416016
9519373,2023,2023-02-17,1910,2023-01-18,1807,05439,NA,3,5,4,1910,0,0,0,NA,0,004,N BEVERLY DR,CARMELITA AV,0,NA,Y,A,-,N,NA,NA,NA,NA,NA,NA,NA,NA,NA,Y,4,0,2,2,A,-,12,22450,A,N,D,C,A,-,H,-,C,A,0,NA,NA,NA,NA,Y,NA,A,01,0,0,2,0,0,0,0,0,0,-,-,34.07434844970703,-118.40676879882813,LOS ANGELES,BEVERLY HILLS,-118.4069366455078,34.07429885864258
9519374,2023,2023-02-07,1910,2023-01-22,1356,01755,NA,7,5,4,1910,0,0,0,NA,0,009,WILSHIRE BL,CLARK DR,120,E,N,A,-,N,NA,NA,NA,NA,NA,NA,NA,NA,NA,N,4,0,1,2,A,-,08,22107,NA,N,B,C,A,A,H,-,A,D,0,NA,NA,NA,NA,Y,NA,A,01,0,0,1,0,0,0,0,0,0,-,-,NA,NA,LOS ANGELES,BEVERLY HILLS,-118.38430786132813,34.06707000732422
9519375,2023,2023-02-07,1910,2023-01-26,818,03494,NA,4,5,4,1910,0,0,0,NA,0,007,BEVERLY BL,CIVIC CENTER DR,157,E,N,A,-,N,NA,NA,NA,NA,NA,NA,NA,NA,NA,N,4,0,1,3,A,-,07,21658,A,N,D,C,A,A,H,-,A,A,0,NA,NA,NA,NA,Y,NA,A,01,0,0,1,0,0,0,0,0,0,-,-,NA,NA,LOS ANGELES,BEVERLY HILLS,-118.39442443847656,34.077171325683594
9519376,2023,2023-02-07,1910,2023-01-26,931,03209,NA,4,5,4,1910,0,0,0,NA,0,005,OLYMPIC BL,SPALDING DR,0,NA,Y,A,-,N,NA,NA,NA,NA,NA,NA,NA,NA,NA,N,4,0,1,2,A,-,10,21950,A,N,G,B,B,A,H,-,A,A,0,Y,NA,NA,NA,Y,NA,A,01,0,0,1,0,1,0,0,0,0,-,-,NA,NA,LOS ANGELES,BEVERLY HILLS,-118.408935546875,34.059688568115234
9519377,2023,2023-02-24,1910,2023-01-08,1326,03438,NA,7,5,4,1910,0,0,0,NA,0,007,N BEVERLY DR,BRIGHTON WY,80,S,N,B,-,N,NA,NA,NA,NA,NA,NA,NA,NA,NA,Y,3,0,1,2,A,-,11,21955,NA,N,B,B,D,A,H,-,A,D,0,Y,NA,NA,NA,Y,NA,N,60,0,1,0,0,1,0,0,0,0,-,-,NA,NA,LOS ANGELES,BEVERLY HILLS,-118.4018096923828,34.06977081298828
9519378,2023,2023-02-07,1900,2023-01-11,1400,600588,1320,3,5,5,1935,0,0,0,NA,0,132T1P,DEL AMO BL,DOWNEY AV,51,E,N,B,-,N,NA,NA,NA,NA,NA,NA,NA,NA,NA,N,3,0,2,2,A,-,21,22106,NA,N,C,C,A,A,H,-,A,A,0,NA,NA,NA,NA,Y,NA,A,01,0,2,0,0,0,0,0,0,0,-,-,NA,NA,LOS ANGELES,LAKEWOOD,-118.15103912353516,33.8469123840332
9519379,2023,2023-02-07,1900,2023-01-05,1532,644141,1335,4,5,5,1908,0,0,0,NA,0,133A,BELLFLOWER BL,ROSE ST,0,NA,Y,B,-,N,NA,NA,NA,NA,NA,NA,NA,NA,NA,Y,3,0,1,2,A,-,12,21453,A,N,D,C,A,A,H,-,B,A,0,NA,NA,NA,NA,Y,NA,A,01,0,1,0,0,0,0,0,0,0,-,-,NA,NA,LOS ANGELES,BELLFLOWER,-118.12522888183594,33.86964416503906
9519468,2022,2023-02-06,1900,2022-12-12,1840,654688,1352,1,5,3,1927,0,0,0,NA,0,135B,NORWALK BL,214TH ST,0,NA,Y,A,-,N,NA,NA,NA,NA,NA,NA,NA,NA,NA,Y,4,0,1,3,A,-,09,21801,A,M,A,C,A,A,H,-,C,A,0,NA,NA,NA,NA,Y,NA,A,01,0,0,1,0,0,0,0,0,0,-,-,NA,NA,LOS ANGELES,HAWAIIAN GARDENS,-118.07203674316406,33.835086822509766
9519521,2023,2023-02-24,1900,2023-01-27,1749,628829,1028,5,5,3,1995,0,0,0,NA,0,101T3,RT 1,COASTLINE DR,854,W,N,A,-,Y,LA,7,1,-,-,40.23,H,-,S,N,4,0,1,2,A,-,03,22350,NA,N,C,D,A,A,H,-,B,D,0,NA,NA,NA,NA,Y,NA,-,-,0,0,1,0,0,0,0,0,0,-,-,34.04199981689453,-118.57122039794922,LOS ANGELES,MALIBU,-118.57042694091795,34.042049407958984
9519525,2022,2023-02-14,1976,2022-12-15,1005,535,NA,4,5,3,1964,0,0,0,NA,0,003,CARMENITA RD,EXCELSIOR DR,355,S,N,A,-,N,NA,NA,NA,NA,NA,NA,NA,NA,NA,N,3,0,1,2,A,-,21,22106,NA,N,C,C,A,A,H,-,A,A,0,NA,NA,NA,NA,Y,NA,A,01,0,1,0,0,0,0,0,0,0,-,-,NA,NA,LOS ANGELES,SANTA FE SPRINGS,-118.04672241210938,33.894229888916016
9519528,2022,2023-02-14,1941,2022-11-18,1902,11263,EAST,5,5,7,1941,0,0,0,NA,0,012,EAST 7TH ST,REDONDO AV,35,E,N,A,-,N,NA,NA,NA,NA,NA,NA,NA,NA,NA,N,3,0,1,2,A,-,04,21703,NA,N,C,C,A,A,G,-,C,A,0,NA,NA,NA,NA,Y,NA,D,22,0,1,0,0,0,0,0,0,0,-,-,33.77534103393555,-118.15242004394533,LOS ANGELES,LONG BEACH,-118.15230560302734,33.77534103393555
9519533,2022,2023-02-14,1976,2022-12-24,0849,883,NA,6,5,3,1964,0,0,0,NA,0,003,VALLEYVIEW AV,ROSECRANS AV,210,S,N,A,-,N,NA,NA,NA,NA,NA,NA,NA,NA,NA,Y,4,0,2,2,A,-,03,22350,NA,N,C,C,A,A,H,-,A,D,0,NA,NA,NA,NA,Y,NA,D,22,0,0,2,0,0,0,0,0,0,-,-,NA,NA,LOS ANGELES,SANTA FE SPRINGS,-118.0292510986328,33.90187454223633
9519537,2022,2023-02-14,1976,2022-12-25,1559,465,NA,7,5,3,1964,0,0,0,NA,0,NA,FLORENCE AV,BLOOMFIELD AV,78,W,N,A,-,N,NA,NA,NA,NA,NA,NA,NA,NA,NA,Y,3,0,2,2,A,-,03,22350,NA,N,C,C,A,A,H,-,A,A,0,NA,NA,NA,NA,Y,NA,A,01,0,2,0,0,0,0,0,0,0,-,-,NA,NA,LOS ANGELES,SANTA FE SPRINGS,-118.06431579589844,33.93535232543945
9519553,2023,2023-02-24,1928,2023-01-29,1026,50400,503,7,5,5,1928,0,0,0,NA,0,502,PRAIRIE AV,BROADWAY,125,N,N,A,-,N,NA,NA,NA,NA,NA,NA,NA,NA,NA,Y,4,0,1,2,A,-,03,22350,NA,N,B,C,A,A,H,-,A,D,0,NA,NA,Y,Y,Y,NA,C,02,0,0,1,0,0,0,0,0,1,-,-,33.92005920410156,-118.34397888183594,LOS ANGELES,HAWTHORNE,-118.34387969970705,33.9204216003418
9519554,2022,2023-02-17,1900,2022-12-23,1000,634170,0246,5,5,3,1914,0,0,0,NA,0,27T,GARFIELD AV,26TH ST,0,NA,Y,A,-,N,NA,NA,NA,NA,NA,NA,NA,NA,NA,Y,4,0,1,3,A,-,09,21800,NA,N,D,C,A,A,H,-,A,D,0,NA,NA,NA,Y,Y,NA,D,22,0,0,1,0,0,0,0,0,0,-,-,NA,NA,LOS ANGELES,COMMERCE,-118.1381378173828,33.98703384399414
9519555,2022,2023-02-22,1900,2022-08-06,1321,628715,0244,6,5,3,1914,0,0,0,NA,0,27T/P,WASHINGTON BL,LEO AV,10,E,N,A,-,N,NA,NA,NA,NA,NA,NA,NA,NA,NA,N,4,0,3,2,A,-,03,22350,NA,N,C,C,A,A,H,-,A,A,0,NA,NA,NA,NA,Y,NA,-,-,0,0,3,0,0,0,0,0,0,-,-,33.99747848510742,-118.15168762207033,LOS ANGELES,COMMERCE,-118.15171813964844,33.997589111328125
9519563,2023,2023-02-24,1942,2023-01-01,400,41923,1881,7,5,7,1942,0,0,0,R,0,25TL37,FIGUEROA ST,152ND ST,219,N,N,B,-,N,NA,NA,NA,NA,NA,NA,NA,NA,NA,Y,2,0,1,1,A,-,03,22350,NA,N,E,I,A,B,H,-,C,D,0,NA,NA,NA,NA,Y,NA,D,22,1,0,0,0,0,0,0,0,0,-,-,NA,NA,LOS ANGELES,LOS ANGELES,-118.28317260742188,33.89529800415039
9519571,2022,2023-02-15,1942,2022-12-22,1400,40971,18422,4,5,7,1942,0,0,0,R,0,5MQ5,IMPERIAL HWY,MAIN ST,15,E,N,A,-,N,NA,NA,NA,NA,NA,NA,NA,NA,NA,Y,4,0,1,2,A,-,09,21804,A,F,D,C,A,A,H,-,A,A,0,NA,NA,NA,NA,Y,NA,-,99,0,0,1,0,0,0,0,0,0,-,-,NA,NA,LOS ANGELES,LOS ANGELES,-118.41592407226564,33.93128967285156
9519582,2022,2023-02-13,1900,2022-12-17,1140,600172,0262,6,5,4,1917,0,0,0,NA,0,28HDAY,ATLANTIC AV,FLORENCE AV,0,NA,N,A,-,N,NA,NA,NA,NA,NA,NA,NA,NA,NA,Y,4,0,1,2,A,-,06,21755,A,N,B,C,A,A,H,-,A,D,0,NA,NA,NA,NA,Y,NA,D,22,0,0,1,0,0,0,0,0,0,-,-,NA,NA,LOS ANGELES,CUDAHY,-118.18804931640624,33.97030258178711
9519596,2023,2023-02-27,1956,2023-01-26,1639,1292,20,4,5,5,1956,0,0,0,NA,0,002,RT 1,N CATALINA AV,71,S,N,A,-,Y,LA,7,1,-,-,20.54,H,-,N,Y,4,0,1,2,A,-,03,22350,NA,N,C,C,A,A,H,-,A,D,0,NA,NA,NA,NA,Y,NA,D,22,0,0,1,0,0,0,0,0,0,-,-,NA,NA,LOS ANGELES,REDONDO BEACH,-118.38983917236328,33.85327911376953
9519597,2022,2023-02-10,1942,2022-12-19,2135,41721,1047,1,5,7,1942,0,0,0,J,0,10A17,LINDLEY AV,HART ST,100,N,N,A,-,N,NA,NA,NA,NA,NA,NA,NA,NA,NA,Y,3,0,1,3,A,-,01,23152,A,N,B,E,A,A,H,-,C,D,0,NA,NA,NA,NA,Y,Y,D,22,0,1,0,0,0,0,0,0,0,-,-,NA,NA,LOS ANGELES,LOS ANGELES,-118.52729034423828,34.19775390625
9519602,2023,2023-02-23,1900,2023-01-29,1733,625547,2224,7,5,3,1994,0,0,0,NA,0,226A,AGOURA RD,KANAN RD,390,W,N,B,-,N,NA,NA,NA,NA,NA,NA,NA,NA,NA,Y,3,0,1,2,A,-,08,22107,NA,N,D,C,A,A,H,-,B,D,0,NA,NA,NA,NA,Y,NA,A,01,0,1,0,0,0,0,0,0,0,-,-,34.14347839355469,-118.76396942138672,LOS ANGELES,AGOURA HILLS,-118.76303863525392,34.14347839355469
9519603,2023,2023-03-06,1900,2023-01-19,1631,625556,2220,4,5,3,1994,0,0,0,NA,0,222T1,REYES ADOBE RD,CANWOOD ST,80,S,N,A,-,N,NA,NA,NA,NA,NA,NA,NA,NA,NA,Y,3,0,1,2,A,-,08,22107,NA,N,D,C,A,A,H,-,A,A,0,NA,NA,Y,NA,Y,NA,A,01,0,1,0,0,0,0,0,0,1,-,-,34.147769927978516,-118.78118133544922,LOS ANGELES,AGOURA HILLS,-118.78119659423828,34.14778137207031
9519604,2023,2023-03-09,1900,2023-01-16,857,519439,2226,1,5,3,1994,0,0,0,NA,0,222T1,REYES ADOBE RD,STONECREST DR,147,N,N,B,-,N,NA,NA,NA,NA,NA,NA,NA,NA,NA,Y,4,0,1,1,A,-,03,22350,A,N,E,I,A,B,H,-,A,D,0,NA,NA,NA,NA,Y,NA,A,08,0,0,1,0,0,0,0,0,0,-,-,34.15834045410156,-118.78230285644533,LOS ANGELES,AGOURA HILLS,-118.78221893310548,34.158504486083984
9519605,2023,2023-03-06,1900,2023-01-20,1430,650291,2246,5,5,3,1989,0,0,0,NA,0,224T1,PARKWAY CALABASAS,PASEO PRIMARIO,0,NA,Y,A,-,N,NA,NA,NA,NA,NA,NA,NA,NA,NA,Y,3,0,2,2,A,-,12,21453,NA,N,D,C,A,A,H,-,A,A,0,NA,NA,NA,NA,Y,NA,A,07,0,1,1,0,0,0,0,0,0,-,-,NA,NA,LOS ANGELES,CALABASAS,-118.66287994384766,34.139854431152344
9519606,2023,2023-02-17,1928,2023-01-21,839,50430,522,6,5,5,1928,0,0,0,NA,0,503,ROSECRANS AV,PRAIRIE AV,116,E,N,A,-,N,NA,NA,NA,NA,NA,NA,NA,NA,NA,N,4,0,2,3,A,-,03,22350,NA,N,A,C,A,A,H,-,A,A,0,NA,NA,NA,NA,Y,NA,A,01,0,0,2,0,0,0,0,0,0,-,-,33.90190124511719,-118.34396362304688,LOS ANGELES,HAWTHORNE,-118.34349060058594,33.90190887451172
9519607,2023,2023-03-09,1928,2023-01-25,2014,50414,533,3,5,5,1928,0,0,0,NA,0,503,147TH ST,CERISE AV,184,E,N,A,-,N,NA,NA,NA,NA,NA,NA,NA,NA,NA,N,3,0,1,2,A,-,05,21202,A,N,C,E,A,A,H,-,C,D,0,NA,Y,NA,NA,Y,NA,L,04,0,1,0,0,0,0,1,0,0,-,-,33.89828872680664,-118.3330078125,LOS ANGELES,HAWTHORNE,-118.33244323730467,33.89827346801758