CASE_ID,ACCIDENT_YEAR,PROC_DATE,JURIS,COLLISION_DATE,COLLISION_TIME,OFFICER_ID,REPORTING_DISTRICT,DAY_OF_WEEK,CHP_SHIFT,POPULATION,CNTY_CITY_LOC,SPECIAL_COND,BEAT_TYPE,CHP_BEAT_TYPE,CITY_DIVISION_LAPD,CHP_BEAT_CLASS,BEAT_NUMBER,PRIMARY_RD,SECONDARY_RD,DISTANCE,DIRECTION,INTERSECTION,WEATHER_1,WEATHER_2,STATE_HWY_IND,CALTRANS_COUNTY,CALTRANS_DISTRICT,STATE_ROUTE,ROUTE_SUFFIX,POSTMILE_PREFIX,POSTMILE,LOCATION_TYPE,RAMP_INTERSECTION,SIDE_OF_HWY,TOW_AWAY,COLLISION_SEVERITY,NUMBER_KILLED,NUMBER_INJURED,PARTY_COUNT,PRIMARY_COLL_FACTOR,PCF_CODE_OF_VIOL,PCF_VIOL_CATEGORY,PCF_VIOLATION,PCF_VIOL_SUBSECTION,HIT_AND_RUN,TYPE_OF_COLLISION,MVIW,PED_ACTION,ROAD_SURFACE,ROAD_COND_1,ROAD_COND_2,LIGHTING,CONTROL_DEVICE,CHP_ROAD_TYPE,PEDESTRIAN_ACCIDENT,BICYCLE_ACCIDENT,MOTORCYCLE_ACCIDENT,TRUCK_ACCIDENT,NOT_PRIVATE_PROPERTY,ALCOHOL_INVOLVED,STWD_VEHTYPE_AT_FAULT,CHP_VEHTYPE_AT_FAULT,COUNT_SEVERE_INJ,COUNT_VISIBLE_INJ,COUNT_COMPLAINT_PAIN,COUNT_PED_KILLED,COUNT_PED_INJURED,COUNT_BICYCLIST_KILLED,COUNT_BICYCLIST_INJURED,COUNT_MC_KILLED,COUNT_MC_INJURED,PRIMARY_RAMP,SECONDARY_RAMP,LATITUDE,LONGITUDE,COUNTY,CITY,POINT_X,POINT_Y
9524313,2022,2023-02-06,1941,2022-10-01,1757,11516,SOUTH,6,5,7,1941,0,0,0,NA,0,008,ATLANTIC AV,EAST 7TH ST,0,NA,Y,A,-,N,NA,NA,NA,NA,NA,NA,NA,NA,NA,NA,3,0,4,3,A,-,12,21453,A,N,D,C,A,A,H,-,A,A,0,NA,NA,NA,NA,Y,NA,A,01,0,2,2,0,0,0,0,0,0,-,-,33.77534866333008,-118.18502807617188,LOS ANGELES,LONG BEACH,-118.18505096435548,33.77534484863281
9524314,2022,2022-12-19,1941,2022-10-07,1525,5761,WEST,5,5,7,1941,0,0,0,NA,0,001,W WILLOW ST,CASPIAN AV,20,N,N,A,-,N,NA,NA,NA,NA,NA,NA,NA,NA,NA,Y,3,0,1,2,A,-,09,21801,A,N,D,C,A,A,H,-,A,A,0,NA,NA,NA,NA,Y,NA,A,01,0,1,0,0,0,0,0,0,0,-,-,33.804378509521484,-118.21219635009766,LOS ANGELES,LONG BEACH,-118.21218872070313,33.80438995361328
9524315,2022,2022-12-28,1941,2022-10-01,2010,11512,EAST,6,5,7,1941,0,0,0,NA,0,013,2ND ST,STUDEBAKER RD,18,W,N,A,-,N,NA,NA,NA,NA,NA,NA,NA,NA,NA,Y,3,0,1,4,D,-,00,NA,NA,M,B,C,A,A,H,-,C,D,0,NA,NA,NA,NA,Y,NA,-,-,0,1,0,0,0,0,0,0,0,-,-,33.759639739990234,-118.10385894775392,LOS ANGELES,LONG BEACH,-118.10391998291016,33.75956726074219
9524326,2022,2022-12-13,1942,2022-08-23,1840,44769,2142,2,5,7,1942,0,0,0,NA,0,21A2,VAN OWEN ST,WOODLAKE AV,20,E,N,A,-,N,NA,NA,NA,NA,NA,NA,NA,NA,NA,Y,3,0,3,2,A,-,09,21801,NA,N,D,C,A,A,H,-,A,A,0,NA,NA,NA,NA,Y,NA,-,NA,0,1,2,0,0,0,0,0,0,-,-,NA,NA,LOS ANGELES,LOS ANGELES,-118.63143157958984,34.19371032714844
9524328,2022,2022-12-12,1941,2022-08-05,1036,10922,NA,5,5,7,1941,0,0,0,NA,0,NA,7TH ST,SANTIAGO AV,0,NA,Y,-,-,N,NA,NA,NA,NA,NA,NA,NA,NA,NA,Y,4,0,1,2,A,-,09,21801,A,N,D,C,A,A,-,-,A,A,0,NA,NA,NA,NA,Y,NA,A,NA,0,0,1,0,0,0,0,0,0,-,-,NA,NA,LOS ANGELES,LONG BEACH,-118.12852478027344,33.775352478027344
9524383,2022,2022-12-27,1909,2022-11-17,0852,588,1909,4,5,4,1909,0,0,0,NA,0,NORTH,GAGE AV,CHALET DR E,0,NA,Y,A,-,N,NA,NA,NA,NA,NA,NA,NA,NA,NA,Y,4,0,1,2,A,-,09,21801,A,N,D,C,A,A,H,-,A,A,0,NA,NA,NA,NA,Y,NA,A,01,0,0,1,0,0,0,0,0,0,-,-,33.972679138183594,-118.1367416381836,LOS ANGELES,BELL GARDENS,-118.13705444335938,33.972679138183594
9524386,2022,2022-12-27,1955,2022-11-27,0047,42270,86,7,5,6,1955,0,0,0,NA,0,004,TOWNE AV,FRANKLIN AV,1056,S,N,A,-,N,NA,NA,NA,NA,NA,NA,NA,NA,NA,Y,3,0,1,1,A,-,08,22107,NA,N,E,I,A,A,H,-,C,A,0,NA,NA,NA,NA,Y,NA,A,01,0,1,0,0,0,0,0,0,0,-,-,34.04090881347656,-117.74073028564452,LOS ANGELES,POMONA,-117.7406768798828,34.037899017333984
9524399,2022,2022-12-28,1900,2022-11-23,0829,606663,1621,3,5,5,1977,0,0,0,NA,0,168T,CARSON ST,ARNOLD CENTER RD,502,E,N,A,-,N,NA,NA,NA,NA,NA,NA,NA,NA,NA,Y,4,0,2,2,A,-,04,21703,NA,N,C,C,A,A,H,-,A,D,0,NA,NA,NA,NA,Y,NA,A,01,0,0,2,0,0,0,0,0,0,-,-,33.83100128173828,-118.22799682617188,LOS ANGELES,CARSON,-118.22894287109376,33.83184814453125
9524411,2022,2022-12-13,1941,2022-09-08,2100,11656,NA,4,5,7,1941,0,0,0,NA,0,NA,HILL ST,MLK AV,144,W,N,A,-,N,NA,NA,NA,NA,NA,NA,NA,NA,NA,Y,2,0,1,2,A,-,00,21720,NA,N,A,C,A,A,H,-,C,D,0,NA,NA,NA,NA,Y,NA,M,NA,1,0,0,0,0,0,0,0,0,-,-,NA,NA,LOS ANGELES,LONG BEACH,-118.18118286132813,33.79713439941406
9524412,2022,2022-12-29,1941,2022-09-14,1217,11349,NA,3,5,7,1941,0,0,0,NA,0,NA,OCEAN BL,CHERRY AV,89,E,N,A,-,N,NA,NA,NA,NA,NA,NA,NA,NA,NA,Y,3,0,1,2,A,-,07,21658,A,N,D,C,A,A,H,-,A,A,0,NA,NA,NA,NA,Y,NA,A,NA,0,1,0,0,0,0,0,0,0,-,-,NA,NA,LOS ANGELES,LONG BEACH,-118.16814422607422,33.764469146728516
9524413,2022,2022-12-13,1941,2022-09-09,1306,10147,NA,5,5,7,1941,0,0,0,NA,0,NA,ELM AV,WILLOW ST,0,NA,Y,A,-,N,NA,NA,NA,NA,NA,NA,NA,NA,NA,N,3,0,1,2,-,-,-,NA,NA,N,D,G,A,A,H,-,A,A,0,NA,Y,NA,NA,Y,NA,-,-,0,1,0,0,0,0,1,0,0,-,-,NA,NA,LOS ANGELES,LONG BEACH,-118.18826293945313,33.804351806640625
9524414,2022,2022-12-12,1941,2022-09-09,1232,10920,NA,5,5,7,1941,0,0,0,NA,0,NA,LONG BEACH BL,4TH ST,0,NA,Y,A,-,N,NA,NA,NA,NA,NA,NA,NA,NA,NA,N,3,0,1,2,A,-,12,21453,A,N,H,J,A,A,H,-,A,A,0,NA,NA,Y,NA,Y,NA,C,NA,0,1,0,0,0,0,0,0,1,-,-,NA,NA,LOS ANGELES,LONG BEACH,-118.18948364257813,33.771724700927734
9524415,2022,2022-12-12,1941,2022-09-10,1248,11512,NA,6,5,7,1941,0,0,0,NA,0,NA,REDONDO AV,BROADWAY,0,NA,Y,A,-,N,NA,NA,NA,NA,NA,NA,NA,NA,NA,Y,4,0,5,3,A,-,03,22350,NA,N,C,C,A,A,H,-,A,D,0,NA,NA,NA,NA,Y,NA,A,NA,0,0,5,0,0,0,0,0,0,-,-,NA,NA,LOS ANGELES,LONG BEACH,-118.15243530273438,33.76445388793945
9524416,2022,2022-12-12,1941,2022-09-10,1231,11512,NA,6,5,7,1941,0,0,0,NA,0,NA,JUNIPERO AV,BROADWAY,0,NA,Y,A,-,N,NA,NA,NA,NA,NA,NA,NA,NA,NA,N,4,0,1,2,A,-,03,22350,NA,N,C,G,A,A,H,-,A,A,0,NA,Y,NA,NA,Y,NA,-,NA,0,0,1,0,0,0,1,0,0,-,-,NA,NA,LOS ANGELES,LONG BEACH,-118.16580963134766,33.766929626464844
9524417,2022,2022-12-12,1941,2022-09-11,1903,11521,NA,7,5,7,1941,0,0,0,NA,0,NA,7TH ST,ORANGE AV,0,NA,Y,A,-,N,NA,NA,NA,NA,NA,NA,NA,NA,NA,Y,4,0,2,2,A,-,09,21801,A,N,D,C,A,A,H,-,A,A,0,NA,NA,NA,NA,Y,NA,A,NA,0,0,2,0,0,0,0,0,0,-,-,NA,NA,LOS ANGELES,LONG BEACH,-118.17638397216795,33.77534484863281
9524418,2022,2022-12-12,1941,2022-09-27,1010,11015,NA,2,5,7,1941,0,0,0,NA,0,NA,BELLFLOWER BL,LOS COYOTES DIAGONAL,0,NA,Y,A,-,N,NA,NA,NA,NA,NA,NA,NA,NA,NA,Y,4,0,1,2,A,-,12,21453,A,N,D,C,A,A,H,-,A,A,0,NA,NA,NA,Y,Y,NA,F,NA,0,0,1,0,0,0,0,0,0,-,-,NA,NA,LOS ANGELES,LONG BEACH,-118.1253662109375,33.802120208740234
9524419,2022,2022-12-12,1941,2022-09-19,1835,5572,EAST,1,5,7,1941,0,0,0,NA,0,013,EAST 7TH ST,W CAMPUS DR,0,NA,Y,A,-,N,NA,NA,NA,NA,NA,NA,NA,NA,NA,Y,3,0,1,2,A,-,03,22350,NA,N,C,C,A,A,H,-,A,A,0,NA,NA,NA,NA,Y,NA,A,01,0,1,0,0,0,0,0,0,0,-,-,33.77531814575195,-118.1152801513672,LOS ANGELES,LONG BEACH,-118.11536407470705,33.77523422241211
9524420,2022,2022-12-12,1941,2022-09-28,1941,10920,SOUTH,3,5,7,1941,0,0,0,NA,0,008,ATLANTIC AV,E BROADWAY,36,S,N,A,-,N,NA,NA,NA,NA,NA,NA,NA,NA,NA,N,3,0,1,3,C,-,18,NA,NA,N,H,C,A,A,H,-,C,A,0,NA,NA,Y,NA,Y,NA,-,-,0,1,0,0,0,0,0,0,1,-,-,33.7692985534668,-118.18504333496094,LOS ANGELES,LONG BEACH,-118.18504333496094,33.769203186035156
9524435,2022,2022-12-13,1941,2022-09-09,2052,11099,NA,5,5,7,1941,0,0,0,NA,0,NA,NORWALK BL,E WARDLOW RD,417,N,N,C,-,N,NA,NA,NA,NA,NA,NA,NA,NA,NA,Y,4,0,1,2,A,-,09,21804,A,N,B,C,A,B,H,-,C,D,0,NA,NA,NA,NA,Y,NA,A,NA,0,0,1,0,0,0,0,0,0,-,-,NA,NA,LOS ANGELES,LONG BEACH,-118.07180786132813,33.81875228881836
9524438,2022,2022-12-12,1941,2022-08-30,1610,5755,NA,2,5,7,1941,0,0,0,NA,0,NA,SAN GABRIEL RIVER BIKE TRL,CARSON ST,200,S,N,A,-,N,NA,NA,NA,NA,NA,NA,NA,NA,NA,N,2,0,1,2,A,-,03,22350,NA,F,C,G,A,A,H,-,A,D,0,NA,Y,Y,NA,Y,NA,C,NA,1,0,0,0,0,0,1,0,0,-,-,NA,NA,LOS ANGELES,LONG BEACH,-118.08375549316406,33.83100128173828
9524439,2022,2022-12-13,1900,2022-08-14,0450,656401,1192,7,5,6,1992,0,0,0,NA,0,111T1,AVE L,35TH ST W,0,NA,Y,A,-,N,NA,NA,NA,NA,NA,NA,NA,NA,NA,N,4,0,1,2,A,-,09,21800,A,M,B,C,A,A,H,-,C,A,0,NA,NA,NA,NA,Y,Y,-,NA,0,0,1,0,0,0,0,0,0,-,-,NA,NA,LOS ANGELES,LANCASTER,-118.1923599243164,34.66022491455078
9524463,2022,2022-12-23,1941,2022-09-10,1630,10363,NA,6,5,7,1941,0,0,0,NA,0,NA,PACIFIC COAST HWY,WALNUT AV,0,NA,Y,A,-,Y,LA,7,1,-,-,13.359,I,5,S,Y,3,0,2,3,A,-,12,21453,A,N,D,C,A,B,H,-,A,A,0,NA,NA,NA,NA,Y,NA,A,NA,0,2,0,0,0,0,0,0,0,-,-,NA,NA,LOS ANGELES,LONG BEACH,-118.3120574951172,33.7894287109375
9524553,2022,2022-12-23,1941,2022-09-21,0440,11386,NA,3,5,7,1941,0,0,0,NA,0,NA,RT 22,SAN GABRIEL BRIDGE,200,W,N,A,-,Y,LA,7,22,-,-,1.38,H,-,W,Y,4,0,1,2,A,-,03,22350,NA,N,C,C,A,A,H,-,C,D,0,NA,NA,NA,NA,Y,NA,A,NA,0,0,1,0,0,0,0,0,0,-,-,NA,NA,LOS ANGELES,LONG BEACH,-118.09900665283205,33.77438735961914
9524554,2022,2022-12-16,1941,2022-09-08,0743,10968,NA,4,5,7,1941,0,0,0,NA,0,NA,TRIBUNE CT,PACIFIC COAST HWY,0,NA,Y,A,-,N,NA,NA,NA,NA,NA,NA,NA,NA,NA,N,4,0,1,2,D,-,00,NA,NA,N,A,B,E,A,H,-,A,D,0,Y,NA,Y,NA,Y,NA,-,-,0,0,1,0,1,0,0,0,0,-,-,NA,NA,LOS ANGELES,LONG BEACH,-118.19171905517578,33.78987121582031
9524555,2022,2022-12-13,1941,2022-09-04,0753,11417,NA,7,5,7,1941,0,0,0,NA,0,NA,ATLANTIC AV,3RD ST,0,NA,Y,A,-,N,NA,NA,NA,NA,NA,NA,NA,NA,NA,N,4,0,1,2,A,-,00,20001,NA,F,D,C,A,A,H,-,A,A,0,NA,NA,NA,NA,Y,NA,A,NA,0,0,1,0,0,0,0,0,0,-,-,NA,NA,LOS ANGELES,LONG BEACH,-118.1850357055664,33.770511627197266
9524561,2022,2022-12-21,1910,2022-11-22,2009,05475,NA,2,5,4,1910,0,0,0,NA,0,005,SANTA MONICA BL,REXFORD DR,0,NA,Y,A,-,N,NA,NA,NA,NA,NA,NA,NA,NA,NA,Y,3,0,3,2,A,-,12,21453,A,N,D,C,A,A,H,-,C,A,0,NA,NA,NA,NA,Y,NA,A,01,0,1,2,0,0,0,0,0,0,-,-,34.425201416015625,-118.24220275878906,LOS ANGELES,BEVERLY HILLS,-118.40061950683594,34.07375717163086
9524562,2022,2022-12-21,1910,2022-11-22,1329,443,NA,2,5,4,1910,0,0,0,NA,0,009,OLYMPIC BL,DOHENY DR,0,NA,Y,A,-,N,NA,NA,NA,NA,NA,NA,NA,NA,NA,N,4,0,2,2,A,-,03,22350,NA,N,C,C,A,A,H,-,A,A,0,NA,NA,NA,NA,Y,NA,A,01,0,0,2,0,0,0,0,0,0,-,-,NA,NA,LOS ANGELES,BEVERLY HILLS,-118.38980102539064,34.059356689453125
9524563,2022,2022-12-27,1910,2022-11-21,1644,04267,NA,1,5,4,1910,0,0,0,NA,0,005,REXFORD DR,GREGORY WY,0,NA,Y,A,-,N,NA,NA,NA,NA,NA,NA,NA,NA,NA,Y,4,0,1,2,A,-,09,21800,A,N,D,C,A,A,H,-,B,D,0,NA,NA,NA,NA,Y,NA,-,NA,0,0,1,0,0,0,0,0,0,-,-,34.06222915649414,-118.39391326904295,LOS ANGELES,BEVERLY HILLS,-118.39388275146484,34.06221008300781
9524564,2022,2022-12-21,1910,2022-11-22,1419,04267,NA,2,5,4,1910,0,0,0,NA,0,004,WILSHIRE BL,TRENTON DR,0,NA,Y,A,-,N,NA,NA,NA,NA,NA,NA,NA,NA,NA,Y,4,0,2,2,A,-,09,21801,A,N,D,C,A,A,H,-,A,D,0,NA,NA,NA,NA,Y,NA,A,01,0,0,2,0,0,0,0,0,0,-,-,34.67155075073242,-118.41307067871094,LOS ANGELES,BEVERLY HILLS,-118.41304779052734,34.06707000732422
9524565,2022,2022-12-27,1910,2022-11-22,1736,443,NA,2,5,4,1910,0,0,0,NA,0,009,LA CIENEGA BL,CLIFTON WY,0,NA,Y,A,-,N,NA,NA,NA,NA,NA,NA,NA,NA,NA,Y,4,0,1,3,A,-,09,21801,A,N,D,C,A,A,H,-,C,A,0,NA,NA,NA,NA,Y,NA,A,01,0,0,1,0,0,0,0,0,0,-,-,NA,NA,LOS ANGELES,BEVERLY HILLS,-118.37635040283205,34.06930923461914
9524569,2022,2022-12-21,1910,2022-11-23,1125,443,NA,3,5,4,1910,0,0,0,NA,0,009,S MAPLE DR,OLYMPIC BL,305,S,N,A,-,N,NA,NA,NA,NA,NA,NA,NA,NA,NA,N,3,0,1,2,A,-,21,22106,NA,N,D,C,A,A,H,-,A,A,0,NA,NA,NA,NA,Y,NA,A,01,0,1,0,0,0,0,0,0,0,-,-,NA,NA,LOS ANGELES,BEVERLY HILLS,-118.3928451538086,34.05851364135742
9524570,2022,2022-12-27,1910,2022-11-28,1706,04267,NA,1,5,4,1910,0,0,0,NA,0,009,WILSHIRE BL,CARSON RD,0,NA,Y,A,-,N,NA,NA,NA,NA,NA,NA,NA,NA,NA,N,3,0,1,2,A,-,10,21950,A,N,D,B,B,A,H,-,C,D,0,Y,NA,NA,NA,Y,NA,A,01,0,1,0,0,1,0,0,0,0,-,-,34.06584930419922,-118.37946319580078,LOS ANGELES,BEVERLY HILLS,-118.37943267822266,34.066009521484375
9524571,2022,2023-01-04,1910,2022-11-21,0812,443,NA,1,5,4,1910,0,0,0,NA,0,009,LA CIENEGA BL,CLIFTON WY,0,NA,Y,A,-,N,NA,NA,NA,NA,NA,NA,NA,NA,NA,Y,3,0,10,5,A,-,09,21801,A,N,A,C,A,A,H,-,A,A,0,NA,Y,NA,Y,Y,NA,A,08,0,3,7,0,0,0,1,0,0,-,-,NA,NA,LOS ANGELES,BEVERLY HILLS,-118.37635040283205,34.06930923461914
9524572,2022,2022-12-21,1900,2022-11-05,1244,543338,0560,6,5,3,1968,0,0,0,NA,0,55T1 D,CHICO AV,RUSH ST,929,N,N,A,-,N,NA,NA,NA,NA,NA,NA,NA,NA,NA,Y,2,0,4,3,A,-,03,22350,NA,F,C,E,A,A,H,-,A,D,0,NA,NA,NA,NA,Y,NA,A,01,1,3,0,0,0,0,0,0,0,-,-,34.05440139770508,-118.05999755859376,LOS ANGELES,SOUTH EL MONTE,-118.05998992919922,34.054378509521484
9524573,2022,2022-12-21,1900,2022-11-04,1055,606776,0540,5,5,3,1921,0,0,0,NA,0,58T1AM,MOUNTAIN AV,MERIDIAN ST,0,NA,Y,A,-,N,NA,NA,NA,NA,NA,NA,NA,NA,NA,N,4,0,2,2,A,-,09,21804,A,N,D,C,A,A,H,-,A,D,0,NA,NA,NA,NA,Y,NA,A,07,0,0,2,0,0,0,0,0,0,-,-,34.12213134765625,-117.99053192138672,LOS ANGELES,DUARTE,-117.99054718017578,34.12211227416992
9524574,2022,2022-12-21,1900,2022-11-14,1648,6179453,0541,1,5,3,1921,0,0,0,NA,0,58T1PM,CENTRAL AV,HIGHLAND AV,831,W,N,A,-,N,NA,NA,NA,NA,NA,NA,NA,NA,NA,Y,3,0,1,2,A,-,09,21804,A,N,D,C,A,A,H,-,B,D,0,NA,NA,NA,NA,Y,NA,A,07,0,1,0,0,0,0,0,0,0,-,-,34.13605880737305,-117.96951293945313,LOS ANGELES,DUARTE,-117.9693603515625,34.13603973388672
9524575,2022,2022-12-21,1900,2022-11-16,1204,532124,0525,3,5,4,1971,0,0,0,NA,0,52T1 D,LOWER AZUSA RD,BALDWIN AV,0,NA,Y,A,-,N,NA,NA,NA,NA,NA,NA,NA,NA,NA,Y,4,0,2,2,D,-,00,NA,NA,N,A,C,A,A,H,-,A,A,0,NA,NA,NA,NA,Y,NA,-,-,0,0,2,0,0,0,0,0,0,-,-,34.0907096862793,-118.04888916015624,LOS ANGELES,TEMPLE CITY,-118.04896545410156,34.0906867980957
9524576,2022,2022-12-21,1900,2022-11-20,1725,627716,0533,7,5,5,1959,0,0,0,NA,0,53T1PM,WALNUT GROVE AV,GARVEY AV,24,N,N,A,-,N,NA,NA,NA,NA,NA,NA,NA,NA,NA,Y,3,0,2,2,A,-,08,22107,NA,F,C,C,A,A,H,-,B,A,0,NA,NA,NA,NA,Y,NA,A,08,0,2,0,0,0,0,0,0,0,-,-,34.062870025634766,-118.08204650878906,LOS ANGELES,ROSEMEAD,-118.0819854736328,34.062744140625
9524577,2022,2022-12-21,1900,2022-11-13,2001,630203,0562,7,5,3,1968,0,0,0,NA,0,57FPM,PECK RD,DURFEE AV,0,NA,Y,A,-,N,NA,NA,NA,NA,NA,NA,NA,NA,NA,Y,3,0,2,2,A,-,09,21801,A,M,D,C,A,A,H,-,C,A,0,NA,NA,NA,NA,Y,NA,A,01,0,2,0,0,0,0,0,0,0,-,-,34.03630065917969,-118.03848266601564,LOS ANGELES,SOUTH EL MONTE,-118.03855895996094,34.0362548828125
9524578,2022,2022-12-21,1900,2022-11-18,1600,642121,0533,5,5,5,1959,0,0,0,NA,0,1600,WALNUT GROVE AV,HELLMAN AV,0,NA,Y,A,-,N,NA,NA,NA,NA,NA,NA,NA,NA,NA,Y,4,0,1,2,A,-,12,21453,A,N,D,C,A,A,H,-,A,A,0,NA,NA,NA,NA,Y,NA,A,01,0,0,1,0,0,0,0,0,0,-,-,34.06999969482422,-118.08212280273438,LOS ANGELES,ROSEMEAD,-118.0820541381836,34.069950103759766
9524579,2022,2022-12-21,1900,2022-11-03,1910,609674,0562,4,5,3,1968,0,0,0,NA,0,55T1PM,RUSH ST,DURFEE AV,0,NA,Y,A,-,N,NA,NA,NA,NA,NA,NA,NA,NA,NA,Y,3,0,1,2,A,-,08,22107,NA,N,A,C,A,A,H,-,C,A,0,NA,NA,NA,NA,Y,NA,A,01,0,1,0,0,0,0,0,0,0,-,-,34.045738220214844,-118.02987670898438,LOS ANGELES,SOUTH EL MONTE,-118.02989959716795,34.04572296142578
9524580,2022,2022-12-21,1900,2022-11-15,0757,543338,0561,2,5,3,1968,0,0,0,NA,0,55T1D,MERCED AV,RUSH ST,0,NA,Y,A,-,N,NA,NA,NA,NA,NA,NA,NA,NA,NA,N,3,0,1,2,A,-,17,21235,G,N,G,B,A,A,H,-,A,A,0,NA,NA,NA,NA,Y,NA,M,94,0,1,0,0,0,0,0,0,0,-,-,NA,NA,LOS ANGELES,SOUTH EL MONTE,-118.0512924194336,34.05186080932617
9524581,2022,2023-01-03,1942,2022-11-19,1240,39473,1641,6,5,7,1942,0,0,0,P,0,0LA,AMBOY AV,CARL ST,0,NA,Y,A,-,N,NA,NA,NA,NA,NA,NA,NA,NA,NA,Y,3,0,1,2,A,-,03,22350,NA,F,A,C,A,A,H,-,A,A,0,NA,NA,NA,NA,Y,NA,-,99,0,1,0,0,0,0,0,0,0,-,-,NA,NA,LOS ANGELES,LOS ANGELES,-118.42892456054688,34.25848388671875
9524582,2022,2023-01-03,1942,2022-11-21,2230,42344,1501,1,5,7,1942,0,0,0,O,0,26T32,SATICOY ST,ETHEL AV,315,E,N,A,-,N,NA,NA,NA,NA,NA,NA,NA,NA,NA,Y,3,0,3,2,A,-,05,21651,B,F,A,C,A,A,H,-,C,D,0,NA,NA,NA,NA,Y,Y,-,99,0,3,0,0,0,0,0,0,0,-,-,NA,NA,LOS ANGELES,LOS ANGELES,-118.41716766357422,34.20716857910156
9524583,2022,2023-01-03,1942,2022-11-18,0955,40065,1018,5,5,7,1942,0,0,0,J,0,26TL16,ROSCOE BL,LINDLEY AV,0,E,N,A,-,N,NA,NA,NA,NA,NA,NA,NA,NA,NA,N,4,0,1,2,A,-,12,21453,A,F,D,G,A,A,H,-,A,A,0,NA,Y,NA,NA,Y,NA,-,99,0,0,1,0,0,0,1,0,0,-,-,NA,NA,LOS ANGELES,LOS ANGELES,-118.52735900878906,34.22085189819336
9524585,2022,2022-12-23,1942,2022-11-20,2230,38996,1792,7,5,7,1942,0,0,0,Q,0,26T53,ROSCOE BL,AURA AV,130,W,N,A,-,N,NA,NA,NA,NA,NA,NA,NA,NA,NA,NA,2,0,1,2,A,-,01,23152,A,N,E,E,A,A,H,-,C,D,0,NA,NA,NA,NA,Y,Y,A,01,1,0,0,0,0,0,0,0,0,-,-,NA,NA,LOS ANGELES,LOS ANGELES,-118.55509185791016,34.220458984375
9524586,2022,2023-01-11,1942,2022-11-20,1900,44954,1989,7,5,7,1942,0,0,0,NA,0,19A66,ARLETA,SHELDON,0,NA,Y,A,-,N,NA,NA,NA,NA,NA,NA,NA,NA,NA,Y,4,0,1,1,A,-,01,23152,A,N,E,I,A,A,H,-,C,A,0,NA,NA,NA,NA,Y,Y,A,01,0,0,1,0,0,0,0,0,0,-,-,NA,NA,LOS ANGELES,LOS ANGELES,-118.41119384765624,34.22748565673828
9524587,2022,2022-12-27,1942,2022-11-20,1300,38326,0915,7,5,7,1942,0,0,0,I,0,26TL17,VAN NUYS BL,HARTLAND ST,25,N,N,A,-,N,NA,NA,NA,NA,NA,NA,NA,NA,NA,Y,4,0,1,2,A,-,04,21703,NA,F,C,C,A,A,H,-,A,A,0,NA,NA,NA,NA,Y,NA,A,01,0,0,1,0,0,0,0,0,0,-,-,NA,NA,LOS ANGELES,LOS ANGELES,-118.4487533569336,34.19520950317383
9524589,2022,2022-12-23,1942,2022-11-18,2110,33504,1645,5,5,7,1942,0,0,0,P,0,26T55,SAN FERNANDO RD,OSBORNE ST,0,NA,Y,A,-,N,NA,NA,NA,NA,NA,NA,NA,NA,NA,Y,2,0,2,2,A,-,01,23152,A,N,D,C,A,A,H,-,C,B,0,NA,NA,NA,NA,Y,Y,A,01,1,1,0,0,0,0,0,0,0,-,-,NA,NA,LOS ANGELES,LOS ANGELES,-118.40950775146484,34.254180908203125
9524590,2022,2022-12-23,1942,2022-11-21,1430,39048,0984,1,5,7,1942,0,0,0,I,0,26TL44,VENTURA BL,CEDROS AV,50,E,N,A,-,N,NA,NA,NA,NA,NA,NA,NA,NA,NA,N,4,0,1,4,A,-,01,23152,A,F,B,E,A,A,H,-,A,D,0,NA,NA,NA,NA,Y,Y,A,01,0,0,1,0,0,0,0,0,0,-,-,NA,NA,LOS ANGELES,LOS ANGELES,-118.45288848876952,34.151611328125
9524591,2022,2022-12-23,1900,2022-11-06,0028,649397,1126,7,5,6,1992,0,0,0,NA,0,112T2,17TH ST WEST,AVENUE J-12,67,S,N,A,-,N,NA,NA,NA,NA,NA,NA,NA,NA,NA,Y,3,0,1,2,A,-,08,22107,NA,M,A,C,A,A,H,-,C,D,0,NA,NA,NA,NA,Y,NA,A,01,0,1,0,0,0,0,0,0,0,-,-,34.67853927612305,-118.16153717041016,LOS ANGELES,LANCASTER,-118.16126251220705,34.677486419677734
9524592,2022,2022-12-23,1900,2022-11-21,1224,617242,1127,1,5,6,1992,0,0,0,NA,0,112T2,AVENUE J,40TH ST WEST,0,NA,Y,A,-,N,NA,NA,NA,NA,NA,NA,NA,NA,NA,Y,4,0,2,2,D,-,00,NA,NA,N,D,C,A,A,H,-,A,A,0,NA,NA,NA,NA,Y,NA,-,-,0,0,2,0,0,0,0,0,0,-,-,34.68928146362305,-118.20146942138672,LOS ANGELES,LANCASTER,-118.20151519775392,34.68931198120117
9524593,2022,2022-12-22,1900,2022-11-28,0819,617242,1132,1,5,6,1992,0,0,0,NA,0,112T21,3RD ST EAST,KETTERING ST,0,NA,Y,A,-,N,NA,NA,NA,NA,NA,NA,NA,NA,NA,N,4,0,2,2,A,-,04,21703,NA,N,B,C,A,A,H,-,A,D,0,NA,NA,NA,NA,Y,NA,A,01,0,0,2,0,0,0,0,0,0,-,-,NA,NA,LOS ANGELES,LANCASTER,-118.12598419189452,34.70036315917969
9524594,2022,2022-12-22,1900,2022-11-27,1224,647596,1135,7,5,6,1992,0,0,0,NA,0,112T1,20TH ST EAST,LANCASTER BL,0,NA,Y,A,-,N,NA,NA,NA,NA,NA,NA,NA,NA,NA,Y,4,0,2,3,A,-,12,21453,A,N,D,C,A,A,H,-,A,A,0,NA,NA,NA,NA,Y,NA,A,01,0,0,2,0,0,0,0,0,0,-,-,34.69681930541992,-118.0947723388672,LOS ANGELES,LANCASTER,-118.09481811523438,34.6968994140625