CASE_ID,ACCIDENT_YEAR,PROC_DATE,JURIS,COLLISION_DATE,COLLISION_TIME,OFFICER_ID,REPORTING_DISTRICT,DAY_OF_WEEK,CHP_SHIFT,POPULATION,CNTY_CITY_LOC,SPECIAL_COND,BEAT_TYPE,CHP_BEAT_TYPE,CITY_DIVISION_LAPD,CHP_BEAT_CLASS,BEAT_NUMBER,PRIMARY_RD,SECONDARY_RD,DISTANCE,DIRECTION,INTERSECTION,WEATHER_1,WEATHER_2,STATE_HWY_IND,CALTRANS_COUNTY,CALTRANS_DISTRICT,STATE_ROUTE,ROUTE_SUFFIX,POSTMILE_PREFIX,POSTMILE,LOCATION_TYPE,RAMP_INTERSECTION,SIDE_OF_HWY,TOW_AWAY,COLLISION_SEVERITY,NUMBER_KILLED,NUMBER_INJURED,PARTY_COUNT,PRIMARY_COLL_FACTOR,PCF_CODE_OF_VIOL,PCF_VIOL_CATEGORY,PCF_VIOLATION,PCF_VIOL_SUBSECTION,HIT_AND_RUN,TYPE_OF_COLLISION,MVIW,PED_ACTION,ROAD_SURFACE,ROAD_COND_1,ROAD_COND_2,LIGHTING,CONTROL_DEVICE,CHP_ROAD_TYPE,PEDESTRIAN_ACCIDENT,BICYCLE_ACCIDENT,MOTORCYCLE_ACCIDENT,TRUCK_ACCIDENT,NOT_PRIVATE_PROPERTY,ALCOHOL_INVOLVED,STWD_VEHTYPE_AT_FAULT,CHP_VEHTYPE_AT_FAULT,COUNT_SEVERE_INJ,COUNT_VISIBLE_INJ,COUNT_COMPLAINT_PAIN,COUNT_PED_KILLED,COUNT_PED_INJURED,COUNT_BICYCLIST_KILLED,COUNT_BICYCLIST_INJURED,COUNT_MC_KILLED,COUNT_MC_INJURED,PRIMARY_RAMP,SECONDARY_RAMP,LATITUDE,LONGITUDE,COUNTY,CITY,POINT_X,POINT_Y
9525091,2022,2022-12-15,1900,2022-11-16,1645,540343,0815,3,5,4,1960,0,0,0,NA,0,81K1,SAN DIMAS AV,GLADSTONE ST,0,NA,Y,A,-,N,NA,NA,NA,NA,NA,NA,NA,NA,NA,N,3,0,1,2,A,-,12,21453,NA,N,D,C,A,A,H,-,A,A,0,NA,NA,NA,NA,Y,NA,A,01,0,1,0,0,0,0,0,0,0,-,-,34.1138916015625,-117.80705261230467,LOS ANGELES,SAN DIMAS,-117.80712890625,34.113922119140625
9525092,2022,2022-12-08,1900,2022-10-30,1845,605584,0815,7,5,4,1960,0,0,0,NA,0,81T2,BONITA AV,IGLESIA ST,201,W,N,A,-,N,NA,NA,NA,NA,NA,NA,NA,NA,NA,N,3,0,1,2,A,-,11,21954,A,N,G,B,D,A,H,-,C,D,0,Y,NA,NA,NA,Y,NA,N,60,0,1,0,0,1,0,0,0,0,-,-,34.1043586730957,-117.80181121826172,LOS ANGELES,SAN DIMAS,-117.80557250976564,34.10668182373047
9525118,2022,2022-12-29,1976,2022-11-12,1827,516,NA,6,5,3,1964,0,0,0,NA,0,002,FLORENCE AV,RT 5,0,NA,Y,A,-,Y,LA,7,5,-,-,6.201,R,4,N,N,4,0,2,2,A,-,12,21453,A,N,D,C,A,A,H,-,C,A,0,NA,NA,Y,NA,Y,NA,-,-,0,0,2,0,0,0,0,0,2,-,NF,NA,NA,LOS ANGELES,SANTA FE SPRINGS,-118.09100341796876,33.93305969238281
9525219,2022,2023-02-17,1900,2022-12-19,2030,658636,040,1,5,4,1936,0,0,0,NA,0,46T1,ADELFA DR,SANTA GERTRUDES AV,0,NA,Y,A,-,N,NA,NA,NA,NA,NA,NA,NA,NA,NA,Y,4,0,1,2,A,-,09,21453,C,N,D,C,A,A,H,-,C,A,0,NA,NA,NA,NA,Y,NA,-,-,0,0,1,0,0,0,0,0,0,-,-,NA,NA,LOS ANGELES,LA MIRADA,-117.99991607666016,33.8935661315918
9525240,2023,2023-02-24,1900,2023-01-21,32,609742,1624,6,5,5,1977,0,0,0,NA,0,167,MAIN ST,223RD ST,443,S,N,A,-,N,NA,NA,NA,NA,NA,NA,NA,NA,NA,Y,2,0,1,2,A,-,01,23152,A,N,C,E,A,A,H,-,C,A,0,NA,NA,NA,NA,Y,Y,D,22,1,0,0,0,0,0,0,0,0,-,-,33.82310104370117,-118.2756576538086,LOS ANGELES,CARSON,-118.27584075927734,33.8231315612793
9525283,2023,2023-09-07,1953,2023-02-20,1054,8091,1953,1,5,6,1953,0,0,0,NA,0,004,CORSON ST,SIERRA MADRE BL,0,NA,Y,A,-,N,NA,NA,NA,NA,NA,NA,NA,NA,NA,Y,4,0,1,2,A,-,08,22107,NA,N,D,C,A,A,H,-,A,A,0,NA,NA,NA,NA,Y,NA,A,01,0,0,1,0,0,0,0,0,0,-,-,NA,NA,LOS ANGELES,PASADENA,-118.09583282470705,34.15176773071289
9525285,2022,2023-03-20,1941,2022-11-02,1336,10015,SOUTH,3,5,7,1941,0,0,0,NA,0,009,E 3RD ST,LONG BEACH BL,0,NA,Y,A,-,N,NA,NA,NA,NA,NA,NA,NA,NA,NA,Y,4,0,4,2,A,-,08,22107,NA,N,D,-,A,A,H,-,A,A,0,NA,NA,NA,NA,Y,NA,A,01,0,0,4,0,0,0,0,0,0,-,-,33.77050018310547,-118.18937683105467,LOS ANGELES,LONG BEACH,-118.18946838378906,33.770511627197266
9525289,2022,2023-03-13,1941,2022-11-04,1726,11523,2,5,5,7,1941,0,0,0,NA,0,011,GLADYS AV,PACIFIC COAST HWY,0,NA,Y,A,-,N,NA,NA,NA,NA,NA,NA,NA,NA,NA,Y,4,0,1,2,A,-,09,21801,A,N,D,C,A,A,H,-,B,D,0,NA,NA,NA,NA,Y,NA,D,22,0,0,1,0,0,0,0,0,0,-,-,33.78984832763672,-118.1578369140625,LOS ANGELES,LONG BEACH,-118.15785217285156,33.789859771728516
9525293,2023,2023-03-14,1941,2023-01-24,1632,11140,WEST,2,5,7,1941,0,0,0,NA,0,004,LONG BEACH BL,E 19TH ST,0,NA,Y,A,-,N,NA,NA,NA,NA,NA,NA,NA,NA,NA,Y,3,0,1,2,A,-,08,22107,NA,N,B,-,A,A,H,-,A,A,0,NA,NA,NA,NA,Y,NA,-,NA,0,1,0,0,0,0,0,0,0,-,-,33.791690826416016,-118.18937683105467,LOS ANGELES,LONG BEACH,-118.18949127197266,33.79168701171875
9525297,2022,2023-03-20,1941,2022-11-11,0000,11142,NORTH,5,5,7,1941,0,0,0,NA,0,024,PARAMOUNT BL,67TH ST,0,NA,Y,A,-,N,NA,NA,NA,NA,NA,NA,NA,NA,NA,N,3,0,1,2,A,-,03,22350,NA,F,C,C,A,A,H,-,C,D,0,NA,NA,NA,NA,Y,NA,A,01,0,1,0,0,0,0,0,0,0,-,-,33.87696075439453,-118.16001129150392,LOS ANGELES,LONG BEACH,-118.16001129150392,33.87697982788086
9525303,2022,2023-03-23,1942,2022-12-15,0750,37511,0774,4,5,7,1942,0,0,0,G,0,27TL29,WASHINGTON BL,SYCAMORE AV,0,NA,Y,A,-,N,NA,NA,NA,NA,NA,NA,NA,NA,NA,Y,2,0,1,2,A,-,09,21802,A,N,D,C,A,A,H,-,A,A,0,NA,NA,Y,NA,Y,NA,H,13,1,0,0,0,0,0,0,0,1,-,-,NA,NA,LOS ANGELES,LOS ANGELES,-118.35076141357422,34.040950775146484
9525304,2022,2023-04-24,1942,2022-10-06,0905,40957,0517,4,5,7,1942,0,0,0,E,0,25T23,PACIFIC COAST HWY,EUBANK AV,0,NA,Y,B,-,Y,LA,7,1,-,-,10.123,I,5,S,Y,3,0,1,2,A,-,09,21801,A,N,D,C,A,A,H,-,A,A,0,NA,NA,NA,NA,Y,NA,D,22,0,1,0,0,0,0,0,0,0,-,-,NA,NA,LOS ANGELES,LOS ANGELES,-118.25620269775392,33.791542053222656
9525305,2022,2023-03-13,1941,2022-09-14,1502,6017,SOUTH,3,5,7,1941,0,0,0,NA,0,007,ALAMITOS AV,11TH ST,79,S,N,A,-,N,NA,NA,NA,NA,NA,NA,NA,NA,NA,Y,3,0,1,2,B,-,22,NA,NA,N,D,C,A,A,H,-,A,D,0,NA,NA,NA,NA,Y,NA,A,01,0,1,0,0,0,0,0,0,0,-,-,33.780799865722656,-118.17849731445313,LOS ANGELES,LONG BEACH,-118.17858123779295,33.78057098388672
9525307,2022,2023-03-27,1942,2022-06-14,1015,41139,0726,2,5,7,1942,0,0,0,G,0,27TL33,3RD ST,COCHRAN AV,0,NA,Y,A,-,N,NA,NA,NA,NA,NA,NA,NA,NA,NA,Y,4,0,2,4,A,-,09,21801,A,N,D,C,A,A,H,-,A,A,0,NA,NA,NA,NA,Y,NA,A,01,0,0,2,0,0,0,0,0,0,-,-,NA,NA,LOS ANGELES,LOS ANGELES,-118.34722137451172,34.069175720214844
9525310,2023,2023-03-21,1972,2023-02-11,855,20866,NA,6,5,6,1972,0,0,0,NA,0,NA,ROLLING HILLS RD,WHIFFLETREE LN,10,E,N,A,-,N,NA,NA,NA,NA,NA,NA,NA,NA,NA,N,4,0,1,2,A,-,03,22350,NA,N,C,C,A,A,H,-,A,A,0,NA,NA,NA,NA,Y,NA,D,NA,0,0,1,0,0,0,0,0,0,-,-,NA,NA,LOS ANGELES,TORRANCE,-118.34515380859376,33.792999267578125
9525315,2022,2023-03-27,1942,2022-06-19,2200,43420,0773,7,5,7,1942,0,0,0,G,0,7A53,BURNSIDE AV,VENICE BL,90,S,N,A,-,N,NA,NA,NA,NA,NA,NA,NA,NA,NA,Y,4,0,1,4,A,-,08,22107,NA,F,C,E,A,A,H,-,D,D,0,NA,NA,NA,NA,Y,NA,A,01,0,0,1,0,0,0,0,0,0,-,-,NA,NA,LOS ANGELES,LOS ANGELES,-118.3564453125,34.044090270996094
9525316,2023,2023-03-17,1942,2023-01-22,140,44200,1346,7,5,7,1942,0,0,0,M,0,13A27,S CENTRAL AV,VERNON AV,0,NA,Y,A,-,N,NA,NA,NA,NA,NA,NA,NA,NA,NA,Y,4,0,1,3,A,-,12,21453,A,F,D,C,A,A,H,-,C,A,0,NA,NA,NA,NA,Y,NA,A,01,0,0,1,0,0,0,0,0,0,-,-,NA,NA,LOS ANGELES,LOS ANGELES,-118.25649261474608,34.00392532348633
9525323,2022,2023-03-09,1942,2022-11-04,1720,32820,1469,5,5,7,1942,0,0,0,N,0,14A56,ALVERN ST,ALVERN CIR,0,NA,Y,A,-,N,NA,NA,NA,NA,NA,NA,NA,NA,NA,Y,2,0,1,2,A,-,06,21750,A,N,D,C,A,A,H,-,A,A,0,NA,NA,Y,NA,Y,NA,C,02,1,0,0,0,0,0,0,0,1,-,-,NA,NA,LOS ANGELES,LOS ANGELES,-118.37667846679688,33.97615051269531
9525331,2022,2023-03-23,1942,2022-12-22,1800,44035,0784,4,5,7,1942,0,0,0,G,0,27T31W,REDONDO BL,21ST ST,520,S,N,A,-,N,NA,NA,NA,NA,NA,NA,NA,NA,NA,N,2,0,2,2,A,-,08,22103,NA,N,D,C,A,A,H,-,C,A,0,NA,NA,Y,NA,Y,NA,D,22,1,1,0,0,0,0,0,0,2,-,-,NA,NA,LOS ANGELES,LOS ANGELES,-118.35411834716795,34.03794860839844
9525339,2023,2023-03-25,1942,2023-02-09,1911,39360,1821,4,5,7,1942,0,0,0,R,0,25T33W,VERMONT AV,CENTURY BL,13,N,N,A,-,N,NA,NA,NA,NA,NA,NA,NA,NA,NA,N,3,0,1,2,A,-,12,21453,NA,F,D,C,A,A,H,-,C,A,0,NA,NA,NA,NA,Y,NA,-,99,0,1,0,0,0,0,0,0,0,-,-,NA,NA,LOS ANGELES,LOS ANGELES,-118.29191589355467,33.945526123046875
9525343,2023,2023-03-09,1942,2023-02-09,600,41729,1841,4,5,7,1942,0,0,0,R,0,25T27,IMPERIAL HWY,HOOVER AV,0,NA,Y,A,-,N,NA,NA,NA,NA,NA,NA,NA,NA,NA,Y,3,0,2,3,A,-,12,21453,A,F,D,C,A,A,H,-,A,A,0,NA,NA,NA,NA,Y,NA,A,07,0,2,0,0,0,0,0,0,0,-,-,NA,NA,LOS ANGELES,LOS ANGELES,-118.2869873046875,33.93098831176758
9525351,2022,2023-03-23,1942,2022-12-12,0215,40957,0587,1,5,7,1942,0,0,0,E,0,25T35,PACIFIC AV,26TH ST,227,N,N,B,C,N,NA,NA,NA,NA,NA,NA,NA,NA,NA,Y,3,0,1,4,A,-,01,23152,A,N,C,E,A,B,H,-,C,D,0,NA,NA,NA,NA,Y,Y,A,07,0,1,0,0,0,0,0,0,0,-,-,NA,NA,LOS ANGELES,LOS ANGELES,-118.28797149658205,33.72123336791992
9525362,2022,2023-02-03,1942,2022-11-24,0001,41122,0517,4,5,7,1942,0,0,0,E,0,5A25,BANNING BL,E M ST,0,NA,Y,A,-,N,NA,NA,NA,NA,NA,NA,NA,NA,NA,Y,3,0,1,4,A,-,01,23152,F,N,C,E,A,A,H,-,C,D,0,NA,NA,NA,NA,Y,NA,A,01,0,1,0,0,0,0,0,0,0,-,-,NA,NA,LOS ANGELES,LOS ANGELES,-118.25862884521484,33.78907775878906
9525390,2022,2024-02-16,1942,2022-11-27,0425,38050,1351,7,5,7,1942,0,0,0,M,0,24T33,BROADWAY,40TH PL,24,S,N,A,-,N,NA,NA,NA,NA,NA,NA,NA,NA,NA,Y,2,0,1,4,A,-,05,21650,NA,F,G,B,F,A,H,-,C,D,0,Y,NA,NA,NA,Y,NA,A,01,1,0,0,0,0,0,0,0,0,-,-,NA,NA,LOS ANGELES,LOS ANGELES,-118.27835845947266,34.01006317138672
9525391,2022,2023-02-03,1941,2022-11-02,2213,11248,EAST,3,5,7,1941,0,0,0,NA,0,014,OUTER TRAFFIC CR,LOS COYOTES DIAGONAL,0,NA,Y,A,-,N,NA,NA,NA,NA,NA,NA,NA,NA,NA,Y,3,0,2,2,A,-,12,21453,A,N,D,C,A,A,H,-,C,A,0,NA,NA,NA,NA,Y,NA,A,01,0,2,0,0,0,0,0,0,0,-,-,33.79093933105469,-118.14098358154295,LOS ANGELES,LONG BEACH,-118.14102172851564,33.79102325439453
9525392,2022,2023-02-03,1941,2022-11-27,1501,10836,NORTH,7,5,7,1941,0,0,0,NA,0,021,LONG BEACH BL,W MARKET ST,0,NA,Y,A,-,N,NA,NA,NA,NA,NA,NA,NA,NA,NA,Y,3,0,1,2,A,-,12,21453,A,N,D,C,A,A,D,-,A,A,0,NA,NA,NA,NA,Y,NA,A,01,0,1,0,0,0,0,0,0,0,-,-,33.854278564453125,-118.19660949707033,LOS ANGELES,LONG BEACH,-118.19660949707033,33.85429382324219
9525393,2022,2023-02-03,1942,2022-11-26,0830,44924,0565,6,5,7,1942,0,0,0,E,0,5A55,9TH ST,GAFFEY,0,NA,Y,A,-,N,NA,NA,NA,NA,NA,NA,NA,NA,NA,N,3,0,1,2,A,-,12,22450,A,N,D,G,A,A,H,-,A,A,0,NA,Y,NA,NA,Y,NA,A,08,0,1,0,0,0,0,1,0,0,-,-,NA,NA,LOS ANGELES,LOS ANGELES,-118.2923583984375,33.73604965209961
9525394,2022,2023-02-03,1942,2022-11-21,1050,41729,9999,1,5,7,1942,0,0,0,NA,0,25T27,OCEAN BL,CHESTNUT PL,42,W,N,A,-,N,NA,NA,NA,NA,NA,NA,NA,NA,NA,N,3,0,1,2,A,-,03,22350,NA,N,C,C,A,A,H,-,A,A,0,NA,NA,NA,NA,Y,NA,A,01,0,1,0,0,0,0,0,0,0,-,-,NA,NA,LOS ANGELES,LOS ANGELES,-118.19654083251952,33.767189025878906
9525395,2022,2023-02-03,1942,2022-11-26,1130,45046,0529,6,5,7,1942,0,0,0,E,0,5A17,ALAMEDA ST,ANAHEIM ST,0,NA,Y,A,-,N,NA,NA,NA,NA,NA,NA,NA,NA,NA,N,3,0,1,2,A,-,12,21453,A,F,G,G,A,A,H,-,A,A,0,NA,Y,NA,NA,Y,NA,-,99,0,1,0,0,0,0,1,0,0,-,-,NA,NA,LOS ANGELES,LOS ANGELES,-118.24522399902344,33.78093338012695
9525396,2022,2023-02-03,1942,2022-11-08,1700,44947,1259,2,5,7,1942,0,0,0,L,0,12A31W,73RD ST,AVALON BL,0,NA,Y,C,-,N,NA,NA,NA,NA,NA,NA,NA,NA,NA,N,3,0,1,2,A,-,09,21802,A,N,-,C,A,B,F,-,B,D,0,NA,NA,NA,NA,Y,NA,A,07,0,1,0,0,0,0,0,0,0,-,-,NA,NA,LOS ANGELES,LOS ANGELES,-118.2651824951172,33.9738655090332
9525397,2022,2023-02-03,1942,2022-11-07,1245,42424,0516,1,5,7,1942,0,0,0,E,0,5A25,AVALON BL,E M ST,0,NA,Y,A,-,N,NA,NA,NA,NA,NA,NA,NA,NA,NA,N,2,0,1,2,A,-,05,21650,1,N,H,G,A,A,H,-,A,A,0,NA,Y,NA,NA,Y,NA,L,04,1,0,0,0,0,0,1,0,0,-,-,NA,NA,LOS ANGELES,LOS ANGELES,-118.2631378173828,33.78882598876953
9525398,2022,2023-02-03,1942,2022-11-23,1830,43994,0564,3,5,7,1942,0,0,0,E,0,5X48,PACIFIC AV,2ND ST,0,NA,Y,A,-,N,NA,NA,NA,NA,NA,NA,NA,NA,NA,N,2,0,1,2,A,-,11,21955,NA,N,G,B,D,A,H,-,C,A,0,Y,NA,NA,NA,Y,NA,N,60,1,0,0,0,1,0,0,0,0,-,-,NA,NA,LOS ANGELES,LOS ANGELES,-118.28790283203124,33.7424201965332
9525399,2022,2023-02-15,1942,2022-11-03,0930,37350,1836,4,5,7,1942,0,0,0,R,0,1836,COMPTON AV,103RD ST S,25,S,N,-,-,N,NA,NA,NA,NA,NA,NA,NA,NA,NA,N,3,0,1,2,A,-,11,21954,A,F,G,B,D,-,-,-,A,A,0,Y,NA,NA,NA,Y,NA,N,60,0,1,0,0,1,0,0,0,0,-,-,NA,NA,LOS ANGELES,LOS ANGELES,-118.24620819091795,33.94316101074219
9525401,2022,2023-02-15,1942,2022-11-25,2230,41126,0625,5,5,7,1942,0,0,0,F,0,27T33W,HIGHLAND AV,FRANKLIN PL,0,NA,Y,A,-,N,NA,NA,NA,NA,NA,NA,NA,NA,NA,Y,4,0,2,2,A,-,12,21453,A,F,D,C,A,A,H,-,C,A,0,NA,NA,NA,NA,Y,NA,A,01,0,0,2,0,0,0,0,0,0,-,-,NA,NA,LOS ANGELES,LOS ANGELES,-118.33834075927734,34.10416030883789
9525402,2022,2023-02-03,1942,2022-11-26,1945,44299,0625,6,5,7,1942,0,0,0,F,0,27TL31,HIGHLAND AV,FRANKLIN AV,360,N,N,A,-,N,NA,NA,NA,NA,NA,NA,NA,NA,NA,N,2,0,1,2,A,-,11,21955,NA,F,G,B,D,A,H,-,C,A,0,Y,NA,NA,NA,Y,NA,N,60,1,0,0,0,1,0,0,0,0,-,-,NA,NA,LOS ANGELES,LOS ANGELES,-118.33753967285156,34.1048469543457
9525403,2022,2023-02-03,1942,2022-11-17,1900,42665,0784,4,5,7,1942,0,0,0,G,0,27T33,LA BREA AV,23RD ST,11,N,N,A,-,N,NA,NA,NA,NA,NA,NA,NA,NA,NA,N,2,0,2,3,A,-,10,21950,A,N,G,B,B,A,H,-,C,A,0,Y,NA,NA,NA,Y,NA,A,07,1,1,0,0,2,0,0,0,0,-,-,NA,NA,LOS ANGELES,LOS ANGELES,-118.34949493408205,34.0358772277832
9525404,2022,2023-02-07,1942,2022-11-03,1925,41126,0713,4,5,7,1942,0,0,0,G,0,27TL49,THE GROVE DR,BEVERLY BL,8,S,N,A,-,N,NA,NA,NA,NA,NA,NA,NA,NA,NA,N,4,0,1,2,A,-,10,21950,A,F,G,B,B,A,H,-,C,A,0,Y,NA,NA,NA,Y,NA,-,99,0,0,1,0,1,0,0,0,0,-,-,NA,NA,LOS ANGELES,LOS ANGELES,-118.35633850097656,34.076107025146484
9525405,2022,2023-02-07,1942,2022-11-06,1845,34882,0713,7,5,7,1942,0,0,0,G,0,27M116,FAIRFAX AV,OAKWOOD AV,0,NA,Y,B,-,N,NA,NA,NA,NA,NA,NA,NA,NA,NA,N,4,0,1,2,A,-,09,21801,A,F,D,C,A,A,H,-,C,A,0,NA,NA,Y,NA,Y,NA,-,99,0,0,1,0,0,0,0,0,1,-,-,NA,NA,LOS ANGELES,LOS ANGELES,-118.36148071289064,34.07820129394531
9525406,2022,2023-06-01,1942,2022-11-18,1525,42618,0705,5,5,7,1942,0,0,0,G,0,27TL44,LA BREA AV,CLINTON ST,9,S,N,A,-,N,NA,NA,NA,NA,NA,NA,NA,NA,NA,N,2,0,1,2,A,-,10,21950,A,N,G,B,B,A,H,-,A,A,0,Y,NA,NA,NA,Y,NA,A,07,1,0,0,0,1,0,0,0,0,-,-,NA,NA,LOS ANGELES,LOS ANGELES,-118.34406280517578,34.081825256347656
9525407,2022,2023-02-07,1942,2022-11-01,0600,40157,0668,2,5,7,1942,0,0,0,F,0,27TL21,WESTERN AV,VIRGINIA AV,0,NA,Y,A,-,N,NA,NA,NA,NA,NA,NA,NA,NA,NA,N,2,0,1,2,A,-,10,21950,A,N,G,B,B,A,H,-,B,A,0,Y,NA,NA,NA,Y,NA,A,01,1,0,0,0,1,0,0,0,0,-,-,NA,NA,LOS ANGELES,LOS ANGELES,-118.30918884277344,34.0917854309082
9525408,2022,2023-02-15,1942,2022-11-07,2130,42286,0626,1,5,7,1942,0,0,0,F,0,27T35W,CAHUENGA BL,DIX ST,190,N,N,B,-,N,NA,NA,NA,NA,NA,NA,NA,NA,NA,N,2,0,1,2,A,-,11,21954,A,N,G,B,D,A,H,-,C,D,0,Y,NA,NA,NA,Y,NA,A,07,1,0,0,0,1,0,0,0,0,-,-,NA,NA,LOS ANGELES,LOS ANGELES,-118.33068084716795,34.1063117980957
9525409,2022,2023-02-07,1942,2022-11-11,0450,44826,0784,5,5,7,1942,0,0,0,G,0,7A53,LA BREA AV,WASHINGTON BL,20,S,N,A,-,N,NA,NA,NA,NA,NA,NA,NA,NA,NA,Y,4,0,1,2,A,-,04,21703,NA,F,B,C,A,A,H,-,B,A,0,NA,NA,Y,NA,Y,Y,-,99,0,0,1,0,0,0,0,0,1,-,-,NA,NA,LOS ANGELES,LOS ANGELES,-118.34754180908205,34.040348052978516
9525410,2022,2023-02-07,1942,2022-11-07,1715,44698,0759,1,5,7,1942,0,0,0,G,0,7A32W7,BRONSON AV,PICO BL,186,N,N,B,-,N,NA,NA,NA,NA,NA,NA,NA,NA,NA,Y,2,0,1,3,A,-,09,21801,A,N,B,C,A,B,H,-,C,D,0,NA,NA,NA,NA,Y,NA,A,01,1,0,0,0,0,0,0,0,0,-,-,NA,NA,LOS ANGELES,LOS ANGELES,-118.32553100585938,34.04772186279297
9525411,2022,2023-02-07,1942,2022-11-10,0045,37528,0842,4,5,7,1942,0,0,0,H,0,8A53,FEDERAL AV,WILSHIRE BL,0,NA,Y,A,-,N,NA,NA,NA,NA,NA,NA,NA,NA,NA,Y,4,0,1,2,A,-,01,23152,A,N,D,C,A,A,H,-,C,A,0,NA,NA,NA,NA,Y,NA,A,07,0,0,1,0,0,0,0,0,0,-,-,NA,NA,LOS ANGELES,LOS ANGELES,-118.4591827392578,34.05078125
9525412,2022,2023-02-07,1942,2022-11-14,0020,43958,0758,1,5,7,1942,0,0,0,G,0,27T31,PICO BL,WINDSOR BL,83,E,N,A,-,N,NA,NA,NA,NA,NA,NA,NA,NA,NA,Y,3,0,2,1,A,-,01,23152,A,F,E,I,A,A,H,-,C,D,0,NA,NA,NA,NA,Y,Y,A,01,0,2,0,0,0,0,0,0,0,-,-,NA,NA,LOS ANGELES,LOS ANGELES,-118.3298568725586,34.048118591308594
9525413,2022,2023-02-07,1942,2022-11-05,0150,43371,0766,6,5,7,1942,0,0,0,G,0,27T33W,VENICE BL,LA FAYETTE PARK PL,0,NA,Y,A,-,N,NA,NA,NA,NA,NA,NA,NA,NA,NA,Y,2,0,2,2,A,-,12,21453,A,N,D,C,A,A,H,-,C,D,0,NA,NA,NA,NA,Y,NA,A,01,1,0,1,0,0,0,0,0,0,-,-,NA,NA,LOS ANGELES,LOS ANGELES,-118.33377075195313,34.04640579223633
9525414,2022,2023-02-07,1942,2022-11-20,0710,43958,0677,7,5,7,1942,0,0,0,F,0,27T25W,WESTERN AV,MELROSE AV,0,NA,Y,A,-,N,NA,NA,NA,NA,NA,NA,NA,NA,NA,Y,3,0,3,2,A,-,01,23152,A,N,D,C,A,A,H,-,A,A,0,NA,NA,NA,NA,Y,Y,A,01,0,1,2,0,0,0,0,0,0,-,-,NA,NA,LOS ANGELES,LOS ANGELES,-118.3091278076172,34.08351135253906
9525415,2022,2023-02-09,1942,2022-12-01,1325,39844,2079,4,5,7,1942,0,0,0,NA,0,27M145,S VERMONT AV,W PICO BL,10,S,N,A,-,N,NA,NA,NA,NA,NA,NA,NA,NA,NA,N,2,0,1,2,A,-,11,21950,B,N,G,B,B,A,H,-,A,A,0,Y,NA,NA,NA,Y,NA,N,60,1,0,0,0,1,0,0,0,0,-,-,NA,NA,LOS ANGELES,LOS ANGELES,-118.29160308837892,34.04723358154297
9525416,2022,2023-03-01,1942,2022-12-01,2100,38090,2088,4,5,7,1942,0,0,0,NA,0,27T31,VERMONT AV,WASHINGTON BL,235,N,N,A,-,N,NA,NA,NA,NA,NA,NA,NA,NA,NA,Y,4,0,3,3,A,-,01,23152,A,N,C,C,A,A,H,-,C,A,0,NA,NA,NA,NA,Y,Y,A,07,0,0,3,0,0,0,0,0,0,-,-,NA,NA,LOS ANGELES,LOS ANGELES,-118.29157257080078,34.040653228759766
9525417,2022,2023-04-27,1942,2022-12-04,2320,40008,0162,7,5,7,1942,0,0,0,A,0,24TL34,W 8TH ST,S HILL ST,61,W,N,A,-,N,NA,NA,NA,NA,NA,NA,NA,NA,NA,Y,2,0,1,5,A,-,03,22350,NA,F,C,E,A,A,H,-,C,A,0,NA,NA,Y,NA,Y,NA,A,01,1,0,0,0,0,0,0,0,1,-,-,NA,NA,LOS ANGELES,LOS ANGELES,-118.25598907470705,34.044551849365234
9525418,2022,2023-02-09,1942,2022-12-07,1330,36238,1363,3,5,7,1942,0,0,0,M,0,24TL54,WADSWORTH AV,50TH ST,165,S,N,A,-,N,NA,NA,NA,NA,NA,NA,NA,NA,NA,N,3,0,1,2,A,-,11,21954,A,F,G,B,D,A,H,-,A,D,0,Y,NA,NA,NA,Y,NA,N,60,0,1,0,0,1,0,0,0,0,-,-,NA,NA,LOS ANGELES,LOS ANGELES,-118.25868225097656,33.99715805053711
9525419,2022,2023-02-27,1942,2022-12-07,0750,41629,1362,3,5,7,1942,0,0,0,M,0,24TL43,WALL ST,51ST ST,0,NA,Y,A,-,N,NA,NA,NA,NA,NA,NA,NA,NA,NA,N,3,0,1,2,A,-,10,21950,A,F,G,B,-,A,H,-,A,A,0,Y,NA,NA,NA,Y,Y,-,99,0,1,0,0,1,0,0,0,0,-,-,NA,NA,LOS ANGELES,LOS ANGELES,-118.27178955078124,33.99650955200195
9525420,2022,2023-02-09,1942,2022-12-01,1750,45062,0647,4,5,7,1942,0,0,0,F,0,6A66,VINE ST,HOLLYWOOD BL,254,S,N,A,-,N,NA,NA,NA,NA,NA,NA,NA,NA,NA,N,2,0,1,2,A,-,17,22517,NA,N,H,G,A,A,H,-,C,D,0,NA,Y,NA,NA,Y,NA,A,01,1,0,0,0,0,0,1,0,0,-,-,NA,NA,LOS ANGELES,LOS ANGELES,-118.32672119140624,34.10090255737305
9525421,2022,2023-02-13,1942,2022-12-26,1030,37146,0503,1,5,7,1942,0,0,0,E,0,25TL23,PACIFIC COAST HWY,FIGUEROA ST,200,W,N,A,-,N,NA,NA,NA,NA,NA,NA,NA,NA,NA,N,2,0,1,2,A,-,11,21956,A,F,G,B,E,A,H,-,A,D,0,Y,NA,NA,NA,Y,NA,N,60,1,0,0,0,1,0,0,0,0,-,-,NA,NA,LOS ANGELES,LOS ANGELES,-118.28176879882813,33.7905387878418
9525422,2022,2023-02-09,1942,2022-12-07,0820,39395,1331,3,5,7,1942,0,0,0,M,0,24TL28,HILL ST,JEFFERSON BL,0,NA,Y,A,-,N,NA,NA,NA,NA,NA,NA,NA,NA,NA,Y,4,0,3,3,A,-,09,21801,A,N,D,C,A,A,H,-,A,A,0,NA,NA,NA,NA,Y,NA,A,01,0,0,3,0,0,0,0,0,0,-,-,NA,NA,LOS ANGELES,LOS ANGELES,-118.27490997314452,34.01966857910156