CASE_ID,ACCIDENT_YEAR,PROC_DATE,JURIS,COLLISION_DATE,COLLISION_TIME,OFFICER_ID,REPORTING_DISTRICT,DAY_OF_WEEK,CHP_SHIFT,POPULATION,CNTY_CITY_LOC,SPECIAL_COND,BEAT_TYPE,CHP_BEAT_TYPE,CITY_DIVISION_LAPD,CHP_BEAT_CLASS,BEAT_NUMBER,PRIMARY_RD,SECONDARY_RD,DISTANCE,DIRECTION,INTERSECTION,WEATHER_1,WEATHER_2,STATE_HWY_IND,CALTRANS_COUNTY,CALTRANS_DISTRICT,STATE_ROUTE,ROUTE_SUFFIX,POSTMILE_PREFIX,POSTMILE,LOCATION_TYPE,RAMP_INTERSECTION,SIDE_OF_HWY,TOW_AWAY,COLLISION_SEVERITY,NUMBER_KILLED,NUMBER_INJURED,PARTY_COUNT,PRIMARY_COLL_FACTOR,PCF_CODE_OF_VIOL,PCF_VIOL_CATEGORY,PCF_VIOLATION,PCF_VIOL_SUBSECTION,HIT_AND_RUN,TYPE_OF_COLLISION,MVIW,PED_ACTION,ROAD_SURFACE,ROAD_COND_1,ROAD_COND_2,LIGHTING,CONTROL_DEVICE,CHP_ROAD_TYPE,PEDESTRIAN_ACCIDENT,BICYCLE_ACCIDENT,MOTORCYCLE_ACCIDENT,TRUCK_ACCIDENT,NOT_PRIVATE_PROPERTY,ALCOHOL_INVOLVED,STWD_VEHTYPE_AT_FAULT,CHP_VEHTYPE_AT_FAULT,COUNT_SEVERE_INJ,COUNT_VISIBLE_INJ,COUNT_COMPLAINT_PAIN,COUNT_PED_KILLED,COUNT_PED_INJURED,COUNT_BICYCLIST_KILLED,COUNT_BICYCLIST_INJURED,COUNT_MC_KILLED,COUNT_MC_INJURED,PRIMARY_RAMP,SECONDARY_RAMP,LATITUDE,LONGITUDE,COUNTY,CITY,POINT_X,POINT_Y
9525962,2022,2023-02-08,1901,2022-10-20,0154,214,24,4,5,5,1901,0,0,0,NA,0,003,ATLANTIC BL,MCLEAN ST,15,S,N,A,-,N,NA,NA,NA,NA,NA,NA,NA,NA,NA,Y,3,0,1,1,A,-,01,23152,A,N,E,I,A,A,H,-,C,D,0,NA,NA,NA,NA,Y,Y,A,01,0,1,0,0,0,0,0,0,0,-,-,34.10055160522461,-118.13469696044922,LOS ANGELES,ALHAMBRA,-118.13468933105467,34.10044860839844
9525964,2022,2023-02-08,1900,2022-10-11,0820,634400,1322,2,5,5,1935,0,0,0,NA,0,132T2,WOODRUFF AV,REVA ST,0,NA,Y,A,-,N,NA,NA,NA,NA,NA,NA,NA,NA,NA,N,3,0,1,2,A,-,05,21650,1,N,D,G,A,A,H,-,A,D,0,NA,Y,NA,NA,Y,NA,L,04,0,1,0,0,0,0,1,0,0,-,-,NA,NA,LOS ANGELES,LAKEWOOD,-118.11721801757813,33.86737823486328
9525966,2022,2023-02-08,1941,2022-10-09,1230,11154,WEST,7,5,7,1941,0,0,0,NA,0,004,W PACIFIC COAST HWY,PACIFIC AV,50,E,N,A,-,N,NA,NA,NA,NA,NA,NA,NA,NA,NA,Y,3,0,1,2,A,-,08,22107,NA,N,D,C,A,A,H,-,A,A,0,NA,NA,NA,NA,Y,NA,A,07,0,1,0,0,0,0,0,0,0,-,-,33.789859771728516,-118.19374084472656,LOS ANGELES,LONG BEACH,-118.19356536865234,33.78987121582031
9525967,2022,2023-02-21,1941,2022-10-09,1833,11316,NORTH,7,5,7,1941,0,0,0,NA,0,021,52ND ST,LONG BEACH BL,0,NA,Y,A,-,N,NA,NA,NA,NA,NA,NA,NA,NA,NA,Y,3,0,1,2,A,-,12,21453,A,N,D,C,A,A,H,-,A,A,0,NA,NA,NA,NA,Y,NA,A,07,0,1,0,0,0,0,0,0,0,-,-,33.8502311706543,-118.1950912475586,LOS ANGELES,LONG BEACH,-118.19522094726564,33.85045623779297
9525970,2022,2023-02-08,1942,2022-10-09,1600,38233,0514,7,5,7,1942,0,0,0,E,0,25MX85,FIGUEROA ST,W L ST,27,N,N,A,-,N,NA,NA,NA,NA,NA,NA,NA,NA,NA,N,3,0,1,2,A,-,10,21950,NA,F,G,B,C,A,H,-,A,A,0,Y,NA,NA,NA,Y,NA,-,99,0,1,0,0,1,0,0,0,0,-,-,NA,NA,LOS ANGELES,LOS ANGELES,-118.28076934814452,33.786102294921875
9525971,2022,2023-02-08,1942,2022-10-07,2022,43680,0667,5,5,7,1942,0,0,0,F,0,6A67,BRONSON AV,SANTA MONICA BL,0,NA,Y,A,-,N,NA,NA,NA,NA,NA,NA,NA,NA,NA,N,3,0,1,2,A,-,-,NA,NA,F,G,B,B,A,H,-,C,A,0,Y,NA,NA,NA,Y,NA,-,99,0,1,0,0,1,0,0,0,0,-,-,NA,NA,LOS ANGELES,LOS ANGELES,-118.31794738769533,34.09074783325195
9525972,2022,2023-02-08,1942,2022-10-17,1330,41671,0666,1,5,7,1942,0,0,0,F,0,27TL44,SUNSET BL,SEWARD ST,45,E,N,-,-,N,NA,NA,NA,NA,NA,NA,NA,NA,NA,N,4,0,1,2,A,-,03,22350,NA,F,C,C,A,A,H,-,A,D,0,NA,NA,NA,NA,Y,NA,-,99,0,0,1,0,0,0,0,0,0,-,-,NA,NA,LOS ANGELES,LOS ANGELES,-118.33303833007813,34.09798812866211
9525973,2022,2023-02-08,1942,2022-10-19,1655,43448,0643,3,5,7,1942,0,0,0,F,0,6X21,SUNSET BL,FULLER AV,10,W,N,A,-,N,NA,NA,NA,NA,NA,NA,NA,NA,NA,N,3,0,1,2,A,-,00,21760,A,N,H,G,A,A,H,-,A,D,0,NA,Y,NA,NA,Y,NA,-,99,0,1,0,0,0,0,1,0,0,-,-,NA,NA,LOS ANGELES,LOS ANGELES,-118.349609375,34.097999572753906
9525974,2022,2023-02-08,1942,2022-10-10,1400,34882,0677,1,5,7,1942,0,0,0,F,0,27M116,SANTA MONICA BL,BRONSON AV,0,NA,Y,A,-,N,NA,NA,NA,NA,NA,NA,NA,NA,NA,Y,4,0,1,2,A,-,08,22107,NA,F,D,C,A,A,H,-,A,D,0,NA,NA,NA,NA,Y,NA,-,99,0,0,1,0,0,0,0,0,0,-,-,NA,NA,LOS ANGELES,LOS ANGELES,-118.31794738769533,34.09074783325195
9525975,2022,2023-02-08,1942,2022-10-12,1510,41671,0646,3,5,7,1942,0,0,0,F,0,27TL48,SUNSET BL,CAHUENGA BL,120,W,N,A,-,N,NA,NA,NA,NA,NA,NA,NA,NA,NA,N,4,0,1,2,A,-,03,22350,NA,F,C,C,A,A,H,-,A,D,0,NA,NA,NA,NA,Y,NA,-,99,0,0,1,0,0,0,0,0,0,-,-,NA,NA,LOS ANGELES,LOS ANGELES,-118.32988739013672,34.097999572753906
9525976,2022,2023-02-08,1942,2022-10-08,1010,41126,0636,6,5,7,1942,0,0,0,F,0,27TL25,YUCCA ST,GRACE AV,22,S,N,A,-,N,NA,NA,NA,NA,NA,NA,NA,NA,NA,N,3,0,1,2,A,-,11,21954,A,F,G,B,D,-,H,-,A,A,0,Y,NA,NA,NA,Y,NA,-,99,0,1,0,0,1,0,0,0,0,-,-,NA,NA,LOS ANGELES,LOS ANGELES,-118.33179473876952,34.10386276245117
9525977,2022,2023-02-08,1942,2022-10-10,0150,39854,2036,1,5,7,1942,0,0,0,NA,0,20A39,VERMONT AV,8TH ST,35,N,N,A,-,N,NA,NA,NA,NA,NA,NA,NA,NA,NA,N,4,0,1,2,A,-,01,23152,A,N,C,C,A,A,H,-,C,A,0,NA,NA,NA,NA,Y,Y,A,01,0,0,1,0,0,0,0,0,0,-,-,NA,NA,LOS ANGELES,LOS ANGELES,-118.29164886474608,34.057857513427734
9525979,2022,2023-02-07,1942,2022-09-11,1715,39028,1822,7,5,7,1942,0,0,0,R,0,25MX12,MAIN ST,CENTURY BL,12,S,N,A,-,N,NA,NA,NA,NA,NA,NA,NA,NA,NA,N,4,0,1,2,A,-,10,21950,NA,F,G,B,B,A,H,-,A,A,0,Y,NA,NA,NA,Y,NA,-,99,0,0,1,0,1,0,0,0,0,-,-,NA,NA,LOS ANGELES,LOS ANGELES,-118.27388763427734,33.945526123046875
9525980,2022,2023-02-07,1942,2022-09-20,2320,44861,1839,2,5,7,1942,0,0,0,R,0,18A49,105TH ST,JUNIPER ST,0,NA,Y,A,-,N,NA,NA,NA,NA,NA,NA,NA,NA,NA,N,3,0,1,2,A,-,12,22450,A,M,B,C,A,A,H,-,C,D,0,NA,NA,NA,NA,Y,NA,-,99,0,1,0,0,0,0,0,0,0,-,-,NA,NA,LOS ANGELES,LOS ANGELES,-118.23277282714844,33.940555572509766
9525981,2022,2023-02-21,1942,2022-09-24,1915,44873,1821,6,5,7,1942,0,0,0,R,0,18A35,HOOVER ST,101ST ST,0,NA,Y,A,-,N,NA,NA,NA,NA,NA,NA,NA,NA,NA,N,4,0,1,2,A,-,08,22107,NA,N,B,C,A,A,H,-,C,D,0,NA,NA,NA,NA,Y,NA,A,01,0,0,1,0,0,0,0,0,0,-,-,NA,NA,LOS ANGELES,LOS ANGELES,-118.28695678710938,33.94460678100586
9525982,2022,2023-02-08,1941,2022-09-04,1723,11600,NA,7,5,7,1941,0,0,0,NA,0,NA,WILLOW ST,PACIFIC AV,0,NA,Y,A,-,N,NA,NA,NA,NA,NA,NA,NA,NA,NA,Y,4,0,2,2,A,-,03,22350,NA,N,A,C,A,A,H,-,A,A,0,NA,NA,NA,NA,Y,NA,A,NA,0,0,2,0,0,0,0,0,0,-,-,NA,NA,LOS ANGELES,LONG BEACH,-118.19371032714844,33.8043327331543
9525983,2022,2023-02-21,1941,2022-09-22,0823,10922,SOUTH,4,5,7,1941,0,0,0,NA,0,011,E ANAHEIM ST,CHERRY AV,0,NA,Y,A,-,N,NA,NA,NA,NA,NA,NA,NA,NA,NA,Y,3,0,1,2,A,-,09,21801,A,N,D,C,A,A,H,-,A,A,0,NA,NA,NA,NA,Y,NA,A,01,0,1,0,0,0,0,0,0,0,-,-,33.78261184692383,-118.16764831542967,LOS ANGELES,LONG BEACH,-118.16766357421876,33.78260803222656
9525984,2022,2023-02-07,1941,2022-09-30,1244,11661,SOUTH,5,5,7,1941,0,0,0,NA,0,008,EAST 7TH ST,WALNUT AV,0,NA,Y,A,-,N,NA,NA,NA,NA,NA,NA,NA,NA,NA,Y,3,0,1,3,D,-,00,NA,NA,N,B,E,A,A,H,-,A,A,0,NA,NA,NA,NA,Y,Y,-,-,0,1,0,0,0,0,0,0,0,-,-,33.77534103393555,-118.17201232910156,LOS ANGELES,LONG BEACH,-118.17202758789064,33.775352478027344
9525985,2022,2023-03-07,1941,2022-09-30,0833,11542,3,5,5,7,1941,0,0,0,NA,0,020,CHERRY AV,E DEL AMO BL,0,NA,Y,B,-,N,NA,NA,NA,NA,NA,NA,NA,NA,NA,NA,3,0,2,4,A,-,03,22349,A,N,C,C,A,A,H,-,A,A,0,NA,NA,NA,NA,Y,NA,A,01,0,2,0,0,0,0,0,0,0,-,-,33.84693908691406,-118.16758728027344,LOS ANGELES,LONG BEACH,-118.16746520996094,33.846866607666016
9525986,2022,2023-02-21,1941,2022-09-30,1616,11021,3,5,5,7,1941,0,0,0,NA,0,023,MARKER ST,MURIEL AV,0,NA,N,A,-,N,NA,NA,NA,NA,NA,NA,NA,NA,NA,NA,4,0,1,2,A,-,06,21750,NA,N,E,E,A,A,H,-,A,D,0,NA,NA,NA,NA,Y,NA,M,94,0,0,1,0,0,0,0,0,0,-,-,33.87491989135742,-118.19712829589844,LOS ANGELES,LONG BEACH,-118.20053863525392,33.87513732910156
9525987,2022,2023-02-07,1941,2022-09-20,0707,11347,2,2,5,7,1941,0,0,0,NA,0,009,7TH ST,OHIO AV,0,NA,N,A,-,N,NA,NA,NA,NA,NA,NA,NA,NA,NA,N,3,0,2,5,D,-,00,NA,NA,N,C,C,A,A,H,-,A,A,0,NA,NA,NA,NA,Y,NA,-,-,0,2,0,0,0,0,0,0,0,-,-,NA,NA,LOS ANGELES,LONG BEACH,-118.16006469726564,33.775352478027344
9525988,2022,2023-03-07,1941,2022-09-01,0801,11093,NORTH,4,5,7,1941,0,0,0,NA,0,020,E BIXBY RD,LEMON AV,0,NA,Y,A,-,N,NA,NA,NA,NA,NA,NA,NA,NA,NA,NA,3,0,1,2,A,-,06,21750,NA,N,B,C,A,A,H,-,A,D,0,NA,NA,NA,NA,Y,Y,A,01,0,1,0,0,0,0,0,0,0,-,-,33.82670974731445,-118.1784896850586,LOS ANGELES,LONG BEACH,-118.1785125732422,33.826698303222656
9525989,2022,2023-02-09,1941,2022-09-18,2145,11231,SOUTH,7,5,7,1941,0,0,0,NA,0,008,EAST 4TH ST,LIME AV,0,NA,Y,A,-,N,NA,NA,NA,NA,NA,NA,NA,NA,NA,NA,3,0,1,2,A,-,09,21801,A,F,D,G,A,A,H,-,C,A,0,NA,Y,NA,NA,Y,NA,A,01,0,1,0,0,0,0,1,0,0,-,-,33.77172088623047,-118.18370056152344,LOS ANGELES,LONG BEACH,-118.18370056152344,33.771724700927734
9525990,2022,2023-03-07,1941,2022-09-30,1235,6117,NORTH,5,5,7,1941,0,0,0,NA,0,021,ATLANTIC AV,MARKET ST,40,S,N,A,-,N,NA,NA,NA,NA,NA,NA,NA,NA,NA,Y,3,0,1,2,A,-,08,22107,NA,N,D,C,A,A,H,-,A,D,0,NA,NA,NA,NA,Y,NA,A,01,0,1,0,0,0,0,0,0,0,-,-,33.85417938232422,-118.18496704101564,LOS ANGELES,LONG BEACH,-118.18499755859376,33.85422897338867
9525992,2022,2023-02-07,1942,2022-08-15,1855,42664,2054,1,5,7,1942,0,0,0,NA,0,27T33,KINGSLEY DR,OLYMPIC BL,0,NA,Y,A,-,N,NA,NA,NA,NA,NA,NA,NA,NA,NA,N,4,0,1,2,A,-,09,21802,A,N,H,G,A,-,H,-,A,A,0,NA,Y,NA,NA,Y,NA,A,01,0,0,1,0,0,0,1,0,0,-,-,NA,NA,LOS ANGELES,LOS ANGELES,-118.30315399169922,34.052635192871094
9525993,2022,2023-02-08,1942,2022-08-12,1520,45019,2023,5,5,7,1942,0,0,0,NA,0,20453W,3RD ST,VERMONT AV,50,E,N,A,-,N,NA,NA,NA,NA,NA,NA,NA,NA,NA,Y,3,0,2,3,A,-,07,21658,A,N,B,C,F,A,H,-,A,D,0,Y,NA,NA,NA,Y,NA,A,01,0,2,0,0,1,0,0,0,0,-,-,NA,NA,LOS ANGELES,LOS ANGELES,-118.29148864746094,34.06904983520508
9525994,2022,2023-02-07,1942,2022-08-10,0800,41139,2015,3,5,7,1942,0,0,0,NA,0,27TL23,N NEW HAMPSHIRE AV,1ST ST,130,N,N,A,-,N,NA,NA,NA,NA,NA,NA,NA,NA,NA,N,4,0,1,2,A,-,03,22350,NA,N,C,C,A,-,H,-,A,D,0,NA,NA,NA,NA,Y,NA,A,01,0,0,1,0,0,0,0,0,0,-,-,NA,NA,LOS ANGELES,LOS ANGELES,-118.29293060302734,34.073097229003906
9525995,2022,2023-02-07,1942,2022-08-01,0810,41139,2041,1,5,7,1942,0,0,0,NA,0,27TL23,OLYMPIC BL,BRONSON AV,0,NA,Y,A,-,N,NA,NA,NA,NA,NA,NA,NA,NA,NA,Y,4,0,3,2,A,-,09,21801,A,N,D,C,A,A,H,-,A,D,0,NA,NA,NA,NA,Y,NA,A,07,0,0,3,0,0,0,0,0,0,-,-,NA,NA,LOS ANGELES,LOS ANGELES,-118.32186889648438,34.054264068603516
9525996,2022,2023-02-07,1942,2022-08-03,1455,41376,2014,3,5,7,1942,0,0,0,NA,0,27TL46,3RD ST,KINGSLEY DR,0,NA,Y,A,-,N,NA,NA,NA,NA,NA,NA,NA,NA,NA,Y,3,0,3,2,A,-,12,21453,A,N,D,C,A,A,H,-,A,A,0,NA,NA,NA,NA,Y,NA,A,01,0,1,2,0,0,0,0,0,0,-,-,NA,NA,LOS ANGELES,LOS ANGELES,-118.30290985107422,34.06901550292969
9525997,2022,2023-02-07,1942,2022-07-22,0955,41003,1494,5,5,7,1942,0,0,0,N,0,27TL25,SEPULVEDA BL,IMPERIAL HWY,781,N,N,A,-,N,NA,NA,NA,NA,NA,NA,NA,NA,NA,N,4,0,1,2,A,-,08,22101,NA,F,B,C,A,-,H,-,A,A,0,NA,NA,NA,NA,Y,NA,-,99,0,0,1,0,0,0,0,0,0,-,-,NA,NA,LOS ANGELES,LOS ANGELES,-118.396240234375,33.93301010131836
9525998,2022,2023-02-07,1942,2022-07-27,2120,38310,1494,3,5,7,1942,0,0,0,N,0,14ZL92,104TH ST,AVIATION BL,0,NA,Y,A,-,N,NA,NA,NA,NA,NA,NA,NA,NA,NA,N,3,0,1,2,A,-,03,22350,NA,N,G,B,E,A,H,-,C,D,0,Y,NA,NA,NA,Y,NA,A,08,0,1,0,0,1,0,0,0,0,-,-,NA,NA,LOS ANGELES,LOS ANGELES,-118.37890625,33.942222595214844
9525999,2022,2023-02-07,1972,2022-03-24,0449,21306,NA,4,5,6,1972,0,0,0,NA,0,NA,235TH ST,ARLINGTON AV,1000,W,N,A,-,N,NA,NA,NA,NA,NA,NA,NA,NA,NA,Y,4,0,1,2,A,-,01,23152,A,N,D,E,A,A,H,-,C,D,0,NA,NA,NA,NA,Y,Y,A,NA,0,0,1,0,0,0,0,0,0,-,-,NA,NA,LOS ANGELES,TORRANCE,-118.32320404052734,33.81275177001953
9526000,2022,2023-02-07,1972,2022-03-25,2313,22315,NA,5,5,6,1972,0,0,0,NA,0,NA,CRENSHAW BL,PLAZA DEL AMO,0,NA,Y,A,-,N,NA,NA,NA,NA,NA,NA,NA,NA,NA,Y,3,0,1,1,A,-,01,23152,A,N,E,I,A,A,H,-,C,A,0,NA,NA,NA,NA,Y,NA,A,NA,0,1,0,0,0,0,0,0,0,-,-,NA,NA,LOS ANGELES,TORRANCE,-118.3285675048828,33.82707595825195
9526037,2022,2023-02-08,1941,2022-08-08,1229,10770,NA,1,5,7,1941,0,0,0,NA,0,NA,LONG BEACH BL,36TH ST,8,N,N,A,-,N,NA,NA,NA,NA,NA,NA,NA,NA,NA,Y,4,0,1,2,A,-,12,21453,A,N,D,C,A,A,H,-,A,A,0,NA,NA,NA,NA,Y,NA,A,NA,0,0,1,0,0,0,0,0,0,-,-,NA,NA,LOS ANGELES,LONG BEACH,-118.18934631347656,33.82216262817383
9526050,2023,2023-02-09,1900,2023-01-13,859,612141,0453,5,5,6,1949,0,0,0,NA,0,43T1D,IMPERIAL HWY,ORR AND DAY RD,24,E,N,A,-,N,NA,NA,NA,NA,NA,NA,NA,NA,NA,Y,4,0,1,2,A,-,09,21801,A,N,D,C,A,A,H,-,A,D,0,NA,NA,NA,NA,Y,NA,A,01,0,0,1,0,0,0,0,0,0,-,-,NA,NA,LOS ANGELES,NORWALK,-118.09164428710938,33.91709899902344
9526051,2023,2023-02-08,1900,2023-01-09,2215,627975,0468,1,5,4,1936,0,0,0,NA,0,46T1,BEACH BL,ROSECRANS AV,6,N,N,B,C,N,NA,NA,NA,NA,NA,NA,NA,NA,NA,Y,4,0,1,2,A,-,03,22350,NA,N,C,C,A,B,H,-,C,A,0,NA,NA,NA,NA,Y,NA,A,01,0,0,1,0,0,0,0,0,0,-,-,NA,NA,LOS ANGELES,LA MIRADA,-117.98719787597656,33.89625549316406
9526055,2023,2023-02-08,1942,2023-01-24,1010,36755,2126,2,5,7,1942,0,0,0,NA,0,26TL27,DE SOTO AV,SATICOY ST,0,NA,Y,A,-,N,NA,NA,NA,NA,NA,NA,NA,NA,NA,Y,3,0,3,2,A,-,01,23153,A,N,A,C,A,A,H,-,A,A,0,NA,NA,NA,NA,Y,Y,A,01,0,1,2,0,0,0,0,0,0,-,-,NA,NA,LOS ANGELES,LOS ANGELES,-118.58848571777344,34.208335876464844
9526056,2023,2023-02-08,1942,2023-01-19,1650,40165,1613,4,5,7,1942,0,0,0,P,0,26TL73,PIERCE ST,DRONFIELD AV,50,E,N,B,C,N,NA,NA,NA,NA,NA,NA,NA,NA,NA,Y,3,0,1,1,A,-,08,22107,NA,F,A,I,A,B,H,-,C,D,0,NA,NA,NA,NA,Y,NA,A,01,0,1,0,0,0,0,0,0,0,-,-,NA,NA,LOS ANGELES,LOS ANGELES,-118.40187072753906,34.275577545166016
9526057,2023,2023-02-08,1942,2023-01-20,1920,37304,0974,5,5,7,1942,0,0,0,I,0,26TL56,VAN NUYS BL,MILBANKS ST,290,N,N,A,-,N,NA,NA,NA,NA,NA,NA,NA,NA,NA,Y,2,0,1,2,A,-,11,21954,A,F,G,B,D,A,H,-,C,D,0,Y,NA,NA,NA,Y,NA,N,60,1,0,0,0,1,0,0,0,0,-,-,NA,NA,LOS ANGELES,LOS ANGELES,-118.44869995117188,34.15382385253906
9526058,2023,2023-02-08,1942,2023-01-19,1957,37304,2185,4,5,7,1942,0,0,0,NA,0,26T56W,MULHOLLAND DR,TOPANGA CANYON BL,155,W,N,C,-,N,NA,NA,NA,NA,NA,NA,NA,NA,NA,N,4,0,1,2,A,-,01,23152,A,N,B,C,A,B,H,-,C,A,0,NA,NA,NA,NA,Y,Y,A,01,0,0,1,0,0,0,0,0,0,-,-,NA,NA,LOS ANGELES,LOS ANGELES,-118.605224609375,34.15134048461914
9526059,2023,2023-02-08,1942,2023-01-15,2230,41179,1675,7,5,7,1942,0,0,0,P,0,26TL34,NORRIS AV,PENROSE AV,0,NA,Y,C,-,N,NA,NA,NA,NA,NA,NA,NA,NA,NA,Y,3,0,2,2,A,-,12,22450,NA,F,A,C,A,B,F,-,C,A,0,NA,NA,NA,NA,Y,NA,A,01,0,2,0,0,0,0,0,0,0,-,-,NA,NA,LOS ANGELES,LOS ANGELES,-118.37172698974608,34.22896957397461
9526060,2023,2023-02-08,1942,2023-01-22,610,41158,2189,7,5,7,1942,0,0,0,NA,0,26TL25,QUAKERTOWN AV,VENTURA BL,610,S,N,A,-,N,NA,NA,NA,NA,NA,NA,NA,NA,NA,Y,3,0,1,1,A,-,01,23152,A,N,E,I,A,A,H,-,C,D,0,NA,NA,NA,NA,Y,Y,A,07,0,1,0,0,0,0,0,0,0,-,-,NA,NA,LOS ANGELES,LOS ANGELES,-118.56964111328124,34.16971206665039
9526061,2023,2023-02-08,1942,2023-01-19,1155,39154,1755,4,5,7,1942,0,0,0,Q,0,26TL43,LASSEN ST,RESEDA BL,0,NA,Y,A,-,N,NA,NA,NA,NA,NA,NA,NA,NA,NA,N,4,0,2,2,A,-,12,21453,A,F,D,C,A,A,H,-,A,A,0,NA,NA,NA,NA,Y,Y,-,99,0,0,2,0,0,0,0,0,0,-,-,NA,NA,LOS ANGELES,LOS ANGELES,-118.5360870361328,34.24998474121094
9526064,2023,2023-02-08,1931,2023-01-13,1706,5332,1931,5,5,5,1931,0,0,0,NA,0,001,SANTA FE AV,SLAUSON AV,152,S,N,A,-,N,NA,NA,NA,NA,NA,NA,NA,NA,NA,N,4,0,1,3,A,-,08,22107,NA,N,B,E,A,A,H,-,A,D,0,NA,NA,NA,NA,Y,NA,A,01,0,0,1,0,0,0,0,0,0,-,-,NA,NA,LOS ANGELES,HUNTINGTON PARK,-118.23033142089844,33.988792419433594
9526138,2022,2023-02-10,1941,2022-12-17,1233,11576,EAST,6,5,7,1941,0,0,0,NA,0,012,REDONDO AV,EAST 10TH ST,0,NA,Y,A,-,N,NA,NA,NA,NA,NA,NA,NA,NA,NA,Y,3,0,3,4,C,-,18,NA,NA,N,C,C,A,A,H,-,A,A,0,NA,NA,NA,NA,Y,NA,-,-,0,3,0,0,0,0,0,0,0,-,-,33.778968811035156,-118.15242004394533,LOS ANGELES,LONG BEACH,-118.15243530273438,33.778987884521484
9526141,2023,2023-02-28,1941,2023-01-11,2210,10045,EAST,3,5,7,1941,0,0,0,NA,0,010,2ND ST,NIETO AV,0,NA,Y,A,-,N,NA,NA,NA,NA,NA,NA,NA,NA,NA,Y,4,0,3,2,A,-,09,21801,A,F,D,C,A,A,H,-,C,A,0,NA,NA,NA,NA,Y,NA,D,22,0,0,3,0,0,0,0,0,0,-,-,33.76042175292969,-118.1352081298828,LOS ANGELES,LONG BEACH,-118.13525390625,33.7603759765625
9526148,2023,2023-02-27,1900,2023-01-19,1500,430275,1519,4,5,5,1954,0,0,0,NA,0,151T1,TELEGRAPH RD,CORD AV,433,E,N,B,-,N,NA,NA,NA,NA,NA,NA,NA,NA,NA,N,3,0,1,2,A,-,09,21801,A,N,D,C,A,A,H,-,A,D,0,NA,NA,NA,NA,Y,NA,A,01,0,1,0,0,0,0,0,0,0,-,-,33.95370101928711,-118.09880065917967,LOS ANGELES,PICO RIVERA,-118.10030364990234,33.95420837402344
9526162,2023,2023-04-14,1906,2023-02-15,837,4425,1906,3,5,5,1906,0,0,0,NA,0,003,PUENTE A VENUE,BALDWIN PARK  TOWNE CTR,0,NA,Y,A,-,N,NA,NA,NA,NA,NA,NA,NA,NA,NA,Y,4,0,2,3,A,-,12,21453,A,N,D,C,A,A,H,-,A,A,0,NA,NA,NA,NA,Y,NA,A,07,0,0,2,0,0,0,0,0,0,-,-,NA,NA,LOS ANGELES,BALDWIN PARK,NA,NA
9526176,2023,2023-04-12,1941,2023-02-14,0,11800,EAST,2,5,7,1941,0,0,0,NA,0,010,56TH PL,OCEAN BL,116,E,N,A,-,N,NA,NA,NA,NA,NA,NA,NA,NA,NA,Y,3,0,2,3,A,-,01,23153,A,N,A,C,A,A,H,-,C,D,0,NA,NA,NA,NA,Y,Y,D,22,0,2,0,0,0,0,0,0,0,-,-,33.75033950805664,-118.12625122070313,LOS ANGELES,LONG BEACH,-118.12610626220705,33.7505989074707
9526199,2022,2023-03-09,1976,2022-11-20,1926,589,NA,7,5,3,1964,0,0,0,NA,0,001,PIONEER BL,RIVERA RD,184,S,N,A,-,N,NA,NA,NA,NA,NA,NA,NA,NA,NA,Y,3,0,1,2,A,-,07,21658,A,N,D,C,A,A,H,-,C,A,0,NA,NA,Y,NA,Y,NA,D,22,0,1,0,0,0,0,0,0,1,-,-,NA,NA,LOS ANGELES,SANTA FE SPRINGS,-118.08287811279295,33.96460723876953
9526203,2023,2023-03-06,1976,2023-01-24,1117,579,NA,2,5,3,1964,0,0,0,NA,0,002,FLORENCE AV,BLOOMFIELD AV,108,W,N,A,-,N,NA,NA,NA,NA,NA,NA,NA,NA,NA,Y,4,0,1,3,A,-,07,21658,A,N,B,C,A,A,H,-,A,D,0,NA,NA,NA,Y,Y,NA,A,01,0,0,1,0,0,0,0,0,0,-,-,NA,NA,LOS ANGELES,SANTA FE SPRINGS,-118.06441497802734,33.935359954833984
9526207,2023,2023-03-03,1976,2023-01-26,1940,577,NA,4,5,3,1964,0,0,0,NA,0,NA,TELEGRAPH RD,SHOEMAKER AV,0,NA,Y,A,-,N,NA,NA,NA,NA,NA,NA,NA,NA,NA,Y,3,0,1,2,A,-,09,21801,A,N,D,C,A,A,H,-,C,A,0,NA,NA,NA,NA,Y,NA,A,01,0,1,0,0,0,0,0,0,0,-,-,NA,NA,LOS ANGELES,SANTA FE SPRINGS,-118.05528259277344,33.94179916381836
9526216,2022,2023-03-13,1941,2022-11-27,2241,11663,1,7,5,7,1941,0,0,0,NA,0,008,EAST 6TH ST,ATLANTIC AV,0,NA,Y,A,-,N,NA,NA,NA,NA,NA,NA,NA,NA,NA,N,3,0,1,2,D,-,00,NA,NA,F,G,G,A,A,H,-,C,A,0,NA,Y,NA,Y,Y,NA,-,-,0,1,0,0,0,0,1,0,0,-,-,33.774131774902344,-118.18502044677734,LOS ANGELES,LONG BEACH,-118.18505096435548,33.774147033691406
9526220,2022,2023-03-09,1941,2022-11-17,0743,10922,EAST,4,5,7,1941,0,0,0,NA,0,011,EAST 15TH ST,STANTON PL,30,W,N,A,-,N,NA,NA,NA,NA,NA,NA,NA,NA,NA,N,3,0,1,2,A,-,05,21650,NA,F,A,C,A,A,H,-,A,D,0,NA,NA,NA,NA,Y,NA,I,11,0,1,0,0,0,0,0,0,0,-,-,33.78622817993164,-118.1647491455078,LOS ANGELES,LONG BEACH,-118.16487121582033,33.78622817993164