CASE_ID,ACCIDENT_YEAR,PROC_DATE,JURIS,COLLISION_DATE,COLLISION_TIME,OFFICER_ID,REPORTING_DISTRICT,DAY_OF_WEEK,CHP_SHIFT,POPULATION,CNTY_CITY_LOC,SPECIAL_COND,BEAT_TYPE,CHP_BEAT_TYPE,CITY_DIVISION_LAPD,CHP_BEAT_CLASS,BEAT_NUMBER,PRIMARY_RD,SECONDARY_RD,DISTANCE,DIRECTION,INTERSECTION,WEATHER_1,WEATHER_2,STATE_HWY_IND,CALTRANS_COUNTY,CALTRANS_DISTRICT,STATE_ROUTE,ROUTE_SUFFIX,POSTMILE_PREFIX,POSTMILE,LOCATION_TYPE,RAMP_INTERSECTION,SIDE_OF_HWY,TOW_AWAY,COLLISION_SEVERITY,NUMBER_KILLED,NUMBER_INJURED,PARTY_COUNT,PRIMARY_COLL_FACTOR,PCF_CODE_OF_VIOL,PCF_VIOL_CATEGORY,PCF_VIOLATION,PCF_VIOL_SUBSECTION,HIT_AND_RUN,TYPE_OF_COLLISION,MVIW,PED_ACTION,ROAD_SURFACE,ROAD_COND_1,ROAD_COND_2,LIGHTING,CONTROL_DEVICE,CHP_ROAD_TYPE,PEDESTRIAN_ACCIDENT,BICYCLE_ACCIDENT,MOTORCYCLE_ACCIDENT,TRUCK_ACCIDENT,NOT_PRIVATE_PROPERTY,ALCOHOL_INVOLVED,STWD_VEHTYPE_AT_FAULT,CHP_VEHTYPE_AT_FAULT,COUNT_SEVERE_INJ,COUNT_VISIBLE_INJ,COUNT_COMPLAINT_PAIN,COUNT_PED_KILLED,COUNT_PED_INJURED,COUNT_BICYCLIST_KILLED,COUNT_BICYCLIST_INJURED,COUNT_MC_KILLED,COUNT_MC_INJURED,PRIMARY_RAMP,SECONDARY_RAMP,LATITUDE,LONGITUDE,COUNTY,CITY,POINT_X,POINT_Y
9526687,2022,2023-02-17,1941,2022-11-15,1821,11244,SOUTH,2,5,7,1941,0,0,0,NA,0,008,ELM AV,E BROADWAY/E 3RD ST,172,N,N,A,-,N,NA,NA,NA,NA,NA,NA,NA,NA,NA,Y,3,0,1,2,A,-,09,21804,A,N,D,C,A,A,H,-,C,A,0,NA,NA,NA,NA,Y,NA,A,01,0,1,0,0,0,0,0,0,0,-,-,33.77001953125,-118.1873016357422,LOS ANGELES,LONG BEACH,-118.18767547607422,33.76975631713867
9526689,2022,2023-02-21,1941,2022-10-13,0520,10846,NA,4,5,7,1941,0,0,0,NA,0,NA,REDONDO AV,7TH ST,0,NA,Y,A,-,N,NA,NA,NA,NA,NA,NA,NA,NA,NA,Y,4,0,1,2,A,-,12,21453,A,N,D,C,A,A,H,-,C,A,0,NA,NA,NA,NA,Y,NA,A,NA,0,0,1,0,0,0,0,0,0,-,-,NA,NA,LOS ANGELES,LONG BEACH,-118.15242004394533,33.77534484863281
9526690,2022,2023-02-21,1942,2022-10-30,1000,35936,1822,7,5,7,1942,0,0,0,R,0,25TL27,BROADWAY,83RD ST,102,S,N,A,-,N,NA,NA,NA,NA,NA,NA,NA,NA,NA,N,3,0,1,2,A,-,07,21658,A,F,D,C,A,A,H,-,A,D,0,NA,NA,NA,NA,Y,NA,-,99,0,1,0,0,0,0,0,0,0,-,-,NA,NA,LOS ANGELES,LOS ANGELES,-118.2782974243164,33.963890075683594
9526691,2022,2023-02-21,1942,2022-10-05,2110,42282,1871,3,5,7,1942,0,0,0,R,0,25T33W,ROSECRANS AV,DENVER AV,230,NA,N,A,-,N,NA,NA,NA,NA,NA,NA,NA,NA,NA,N,3,0,1,2,A,-,09,21804,A,F,D,G,A,A,H,-,C,D,0,NA,Y,NA,NA,Y,NA,-,99,0,1,0,0,0,0,1,0,0,-,-,NA,NA,LOS ANGELES,LOS ANGELES,-118.28434753417967,33.9017219543457
9526693,2022,2023-02-21,1972,2022-10-31,2320,22331,NA,1,5,6,1972,0,0,0,NA,0,NA,MAPLE AV,NADINE CIR,0,NA,Y,A,-,N,NA,NA,NA,NA,NA,NA,NA,NA,NA,Y,4,0,1,2,A,-,01,23152,A,N,A,C,A,A,H,-,C,A,0,NA,NA,NA,NA,Y,Y,A,NA,0,0,1,0,0,0,0,0,0,-,-,NA,NA,LOS ANGELES,TORRANCE,-118.3411102294922,33.81831741333008
9526694,2022,2023-02-21,1942,2022-10-31,0140,39297,0338,1,5,7,1942,0,0,0,C,0,3A99,VERMONT AV,JEFFERSON BL,0,NA,Y,A,-,N,NA,NA,NA,NA,NA,NA,NA,NA,NA,Y,3,0,1,2,A,-,03,22350,NA,N,E,I,A,A,H,-,C,A,0,NA,NA,NA,NA,Y,NA,A,01,0,1,0,0,0,0,0,0,0,-,-,NA,NA,LOS ANGELES,LOS ANGELES,-118.29151916503906,34.025508880615234
9526703,2022,2023-02-21,1941,2022-10-07,1445,5755,2,5,5,7,1941,0,0,0,NA,0,016,COVER ST,BAYER AV,0,NA,Y,A,-,N,NA,NA,NA,NA,NA,NA,NA,NA,NA,Y,3,0,2,2,A,-,09,21802,NA,N,D,C,A,A,H,-,A,A,0,NA,NA,NA,NA,Y,NA,A,01,0,2,0,0,0,0,0,0,0,-,-,33.82769012451172,-118.1445083618164,LOS ANGELES,LONG BEACH,-118.14452362060548,33.82769775390625
9526704,2022,2023-02-21,1941,2022-10-29,0233,11654,NORTH,6,5,7,1941,0,0,0,NA,0,024,E ARTESIA BL,PARAMOUNT BL,0,NA,Y,A,-,N,NA,NA,NA,NA,NA,NA,NA,NA,NA,Y,3,0,2,2,D,-,00,NA,NA,N,D,C,A,A,H,-,C,A,0,NA,NA,NA,NA,Y,NA,-,-,0,2,0,0,0,0,0,0,0,-,-,33.874691009521484,-118.15998840332033,LOS ANGELES,LONG BEACH,-118.16000366210938,33.8746223449707
9526705,2022,2023-02-21,1941,2022-10-04,1457,11134,EAST,2,5,7,1941,0,0,0,NA,0,009,E BROADWAY,OBISPO AV,0,NA,Y,A,-,N,NA,NA,NA,NA,NA,NA,NA,NA,NA,Y,4,0,1,2,A,-,09,21804,A,N,D,C,A,A,H,-,A,D,0,NA,NA,NA,NA,Y,NA,A,01,0,0,1,0,0,0,0,0,0,-,-,33.764591217041016,-118.54595184326172,LOS ANGELES,LONG BEACH,-118.15460205078124,33.76457977294922
9526706,2022,2023-03-03,1941,2022-10-15,1917,11656,WEST,6,5,7,1941,0,0,0,NA,0,002,SANTA FE AV,PARADE ST,0,N,N,C,-,Y,LA,7,1,-,-,7.771,I,6,N,NA,4,0,1,2,A,-,08,22107,NA,N,D,C,A,B,H,-,C,D,0,NA,NA,NA,NA,Y,NA,A,01,0,0,1,0,0,0,0,0,0,-,-,33.79029083251953,-118.21543121337892,LOS ANGELES,LONG BEACH,-118.21546936035156,33.7899169921875
9526707,2022,2023-02-21,1900,2022-10-15,2130,633262,0334,6,5,4,1939,0,0,0,NA,0,35T1,MANHATTAN BEACH BL,PRAIRIE AV,0,NA,Y,A,-,N,NA,NA,NA,NA,NA,NA,NA,NA,NA,N,3,0,1,2,A,-,09,21801,A,N,D,C,A,A,H,-,C,A,0,NA,NA,Y,NA,Y,NA,A,01,0,1,0,0,0,0,0,0,1,-,-,33.88737106323242,-118.34387969970705,LOS ANGELES,LAWNDALE,-118.34383392333984,33.887393951416016
9526708,2022,2023-02-23,1942,2022-10-04,1030,38556,333,2,5,7,1942,0,0,0,NA,0,25TL27,BUCKINGHAM RD,28TH ST,0,NA,Y,A,-,N,NA,NA,NA,NA,NA,NA,NA,NA,NA,N,3,0,1,2,A,-,12,22450,A,F,D,C,A,A,H,-,A,A,0,NA,NA,NA,NA,Y,NA,-,99,0,1,0,0,0,0,0,0,0,-,-,NA,NA,LOS ANGELES,LOS ANGELES,-118.3405532836914,34.031105041503906
9526709,2022,2023-02-23,1942,2022-10-01,1100,41923,0316,6,5,7,1942,0,0,0,C,0,25TL25,WESTERN AV,22ND ST,85,N,N,A,-,N,NA,NA,NA,NA,NA,NA,NA,NA,NA,N,3,0,1,2,A,-,07,21658,A,F,D,C,A,A,H,-,A,D,0,NA,NA,NA,NA,Y,NA,-,99,0,1,0,0,0,0,0,0,0,-,-,NA,NA,LOS ANGELES,LOS ANGELES,-118.30892944335938,34.036563873291016
9526715,2022,2023-02-22,1900,2022-10-06,1915,646044,0332,4,5,4,1939,0,0,0,NA,0,35T1,MARINE AV,BURIN AV,0,NA,Y,A,-,N,NA,NA,NA,NA,NA,NA,NA,NA,NA,N,2,0,1,2,A,-,10,21950,A,F,G,B,B,A,H,-,C,D,0,Y,NA,NA,NA,Y,NA,A,07,1,0,0,0,1,0,0,0,0,-,-,33.89468002319336,-118.3537368774414,LOS ANGELES,LAWNDALE,-118.35385131835938,33.89463806152344
9526716,2022,2023-02-22,1942,2022-10-02,2300,43826,0375,7,5,7,1942,0,0,0,C,0,3A57W3,MARTIN LUTHER KING JR BL,BRIGHTON AV,30,W,N,A,-,N,NA,NA,NA,NA,NA,NA,NA,NA,NA,N,3,0,3,2,A,-,04,21703,NA,F,C,C,A,A,H,-,C,D,0,NA,NA,NA,NA,Y,NA,-,99,0,3,0,0,0,0,0,0,0,-,-,NA,NA,LOS ANGELES,LOS ANGELES,-118.30134582519533,34.010860443115234
9526717,2022,2023-02-22,1942,2022-10-04,2245,44905,1824,2,5,7,1942,0,0,0,R,0,18A49,CENTRAL AV,CENTURY BL,0,NA,Y,A,-,N,NA,NA,NA,NA,NA,NA,NA,NA,NA,Y,4,0,1,2,A,-,09,21801,B,N,A,C,A,A,H,-,C,A,0,NA,NA,NA,NA,Y,NA,A,01,0,0,1,0,0,0,0,0,0,-,-,NA,NA,LOS ANGELES,LOS ANGELES,-118.25408172607422,33.94565963745117
9526725,2022,2023-03-22,1941,2022-10-22,2159,11543,WEST,6,5,7,1941,0,0,0,NA,0,003,E 31ST ST,LONG BEACH BL,0,NA,Y,A,-,N,NA,NA,NA,NA,NA,NA,NA,NA,NA,Y,4,0,2,2,A,-,08,22107,NA,N,D,C,A,A,H,-,C,D,0,NA,NA,NA,NA,Y,NA,A,71,0,0,2,0,0,0,0,0,0,-,-,33.81346130371094,-118.18936920166016,LOS ANGELES,LONG BEACH,-118.18939971923828,33.81341552734375
9526726,2022,2023-03-23,1941,2022-10-31,1822,11667,1,1,5,7,1941,0,0,0,NA,0,006,EAST 7TH ST,LONG BEACH BL,0,NA,Y,A,-,N,NA,NA,NA,NA,NA,NA,NA,NA,NA,Y,4,0,1,2,A,-,12,21453,A,F,D,C,A,A,H,-,C,A,0,NA,NA,NA,NA,Y,NA,-,-,0,0,1,0,0,0,0,0,0,-,-,33.77534103393555,-118.18937683105467,LOS ANGELES,LONG BEACH,-118.18946075439452,33.77534484863281
9526729,2023,2023-04-26,1900,2023-03-04,2000,530052,2224,6,5,3,1994,0,0,0,NA,0,222A,AGOURA RD,REYES ADOBE RD,500,W,N,A,-,N,NA,NA,NA,NA,NA,NA,NA,NA,NA,Y,3,0,3,1,A,-,03,22350,NA,N,A,I,A,A,H,-,C,D,0,NA,NA,NA,NA,Y,NA,D,22,0,3,0,0,0,0,0,0,0,-,-,34.08710861206055,-118.47039031982422,LOS ANGELES,AGOURA HILLS,-118.78255462646484,34.14520263671875
9526736,2023,2023-03-28,1942,2023-02-18,2025,44317,1015,6,5,7,1942,0,0,0,J,0,10A3,VALERIO ST,GARDEN GROVE AV,0,NA,Y,-,-,N,NA,NA,NA,NA,NA,NA,NA,NA,NA,Y,4,0,1,2,A,-,03,22350,NA,F,D,C,A,-,-,-,-,-,0,NA,NA,NA,NA,Y,NA,D,22,0,0,1,0,0,0,0,0,0,-,-,NA,NA,LOS ANGELES,LOS ANGELES,-118.52950286865234,34.204769134521484
9526737,2023,2023-03-22,1942,2023-02-18,1800,40398,1003,6,5,7,1942,0,0,0,J,0,26M63,RESEDA BL,LANARK ST,190,S,N,A,-,N,NA,NA,NA,NA,NA,NA,NA,NA,NA,Y,3,0,1,2,A,-,07,21658,A,F,C,C,A,A,H,-,C,D,0,NA,NA,Y,NA,Y,NA,D,22,0,1,0,0,0,0,0,0,1,-,-,NA,NA,LOS ANGELES,LOS ANGELES,-118.53607177734376,34.21693801879883
9526738,2023,2023-03-29,1941,2023-01-25,1357,10842,WEST,3,5,7,1941,0,0,0,NA,0,004,PINE AV,EAST PACIFIC COAST HWY,0,NA,Y,A,-,Y,LA,7,1,-,-,6.441,I,5,N,Y,4,0,3,3,D,-,00,NA,NA,N,A,D,A,A,H,-,A,A,0,NA,NA,NA,NA,Y,NA,-,-,0,0,3,0,0,0,0,0,0,-,-,33.78987121582031,-118.19239044189452,LOS ANGELES,LONG BEACH,-118.19239807128906,33.789920806884766
9526739,2022,2023-03-23,1941,2022-12-15,1025,11093,NORTH,4,5,7,1941,0,0,0,NA,0,020,WALNUT AV,WARDLOW RD,195,N,N,A,-,N,NA,NA,NA,NA,NA,NA,NA,NA,NA,N,3,0,1,2,C,-,18,NA,NA,N,G,B,E,A,H,-,A,D,0,Y,NA,NA,NA,Y,NA,-,-,0,1,0,0,1,0,0,0,0,-,-,33.81227111816406,-118.17102813720705,LOS ANGELES,LONG BEACH,-118.17198944091795,33.819454193115234
9526740,2022,2023-03-22,1941,2022-10-07,0620,10792,NORTH,5,5,7,1941,0,0,0,NA,0,020,ATLANTIC AV,ATLANTIC AV 4262,0,NA,Y,A,-,N,NA,NA,NA,NA,NA,NA,NA,NA,NA,Y,3,0,1,2,A,-,08,22107,NA,N,C,E,A,A,G,-,B,D,0,NA,NA,NA,Y,Y,NA,A,01,0,1,0,0,0,0,0,0,0,-,-,33.83369064331055,-118.18498229980467,LOS ANGELES,LONG BEACH,-118.18893432617188,33.88365936279297
9526743,2022,2023-03-24,1941,2022-12-26,0816,10819,WEST,1,5,7,1941,0,0,0,NA,0,001,SANTA FE AV,W 31ST ST,32,S,N,A,-,N,NA,NA,NA,NA,NA,NA,NA,NA,NA,N,2,0,1,2,A,-,21,22106,NA,N,C,C,A,A,H,-,A,A,0,NA,NA,NA,NA,Y,NA,D,22,1,0,0,0,0,0,0,0,0,-,-,33.81399154663086,-118.21546173095705,LOS ANGELES,LONG BEACH,-118.21539306640624,33.81389236450195
9526747,2022,2023-03-24,1941,2022-10-04,0000,5869,PORT,2,5,7,1941,0,0,0,NA,0,025,PICO AV,BROADWAY,0,NA,-,A,-,N,NA,NA,NA,NA,NA,NA,NA,NA,NA,Y,3,0,1,2,A,-,09,21801,NA,N,D,C,A,A,H,-,A,D,0,NA,NA,NA,NA,Y,NA,D,22,0,1,0,0,0,0,0,0,0,-,-,33.76803970336914,-118.20944213867188,LOS ANGELES,LONG BEACH,-118.2096710205078,33.767478942871094
9526751,2023,2023-03-28,1900,2023-02-21,1817,602259,0454,2,5,6,1949,0,0,0,NA,0,43T1,WALNUT ST,FUNSTON AV,79,W,N,B,C,N,NA,NA,NA,NA,NA,NA,NA,NA,NA,Y,4,0,1,2,A,-,21,22106,NA,N,D,C,A,B,H,-,C,D,0,NA,NA,NA,NA,Y,NA,D,22,0,0,1,0,0,0,0,0,0,-,-,NA,NA,LOS ANGELES,NORWALK,-118.07562255859376,33.90425491333008
9526753,2023,2023-04-27,1900,2023-03-03,1630,643386,0472,5,5,4,1936,0,0,0,NA,0,46T1P,VALLEY VIEW AV,ROSECRANS AV,171,S,N,A,-,N,NA,NA,NA,NA,NA,NA,NA,NA,NA,N,3,0,1,2,A,-,08,22107,NA,N,D,C,A,A,H,-,A,D,0,NA,NA,Y,NA,Y,NA,D,22,0,1,0,0,0,0,0,0,1,-,-,NA,NA,LOS ANGELES,LA MIRADA,-118.0292510986328,33.901981353759766
9526759,2023,2023-03-28,1900,2023-02-10,810,612141,0453,5,5,6,1949,0,0,0,NA,0,43T1D,PIONEER BL,ANGELL ST,0,NA,Y,A,-,N,NA,NA,NA,NA,NA,NA,NA,NA,NA,Y,4,0,1,2,A,-,09,21802,A,N,D,C,A,A,H,-,A,D,0,NA,NA,NA,NA,Y,NA,D,22,0,0,1,0,0,0,0,0,0,-,-,NA,NA,LOS ANGELES,NORWALK,-118.0820770263672,33.91056823730469
9526761,2023,2023-03-28,1900,2023-02-28,740,618405,0454,2,5,6,1949,0,0,0,NA,0,43T1,BLOOMFIELD AV,CIVIC CENTER DR,250,S,N,A,-,N,NA,NA,NA,NA,NA,NA,NA,NA,NA,N,3,0,1,3,A,-,03,22350,NA,N,B,C,A,B,H,-,A,D,0,NA,NA,Y,NA,Y,NA,C,02,0,1,0,0,0,0,0,0,1,-,-,NA,NA,LOS ANGELES,NORWALK,-118.06466674804688,33.91392517089844
9526765,2023,2023-04-26,1900,2023-03-03,2125,647476,0454,5,5,6,1949,0,0,0,NA,0,43T1PM,GREENSTONE AV,MANSA DR,147,S,N,A,-,N,NA,NA,NA,NA,NA,NA,NA,NA,NA,N,2,0,1,2,A,-,03,22350,NA,N,B,E,A,A,H,-,C,D,0,NA,NA,Y,Y,Y,NA,C,02,1,0,0,0,0,0,0,0,1,-,-,NA,NA,LOS ANGELES,NORWALK,-118.05818939208984,33.90570831298828
9526770,2023,2023-03-28,1942,2023-02-07,1135,33169,2076,2,5,7,1942,0,0,0,NA,0,27M11,PICO BL,KENMORE AV,100,W,N,A,-,N,NA,NA,NA,NA,NA,NA,NA,NA,NA,N,4,0,2,2,A,-,04,21703,NA,F,C,C,A,A,H,-,A,D,0,NA,NA,NA,NA,Y,NA,-,99,0,0,2,0,0,0,0,0,0,-,-,NA,NA,LOS ANGELES,LOS ANGELES,-118.2973403930664,34.04725646972656
9526773,2023,2023-03-28,1942,2023-02-13,1855,40899,2019,1,5,7,1942,0,0,0,NA,0,27Q14,VIRGIL AV,2ND ST,430,N,N,A,-,N,NA,NA,NA,NA,NA,NA,NA,NA,NA,N,2,0,1,3,A,-,11,21954,A,N,G,B,D,A,H,-,D,D,0,Y,NA,NA,NA,Y,NA,N,60,1,0,0,0,1,0,0,0,0,-,-,NA,NA,LOS ANGELES,LOS ANGELES,-118.28678131103516,34.07157516479492
9526775,2023,2023-04-05,1942,2023-02-07,1140,41516,0679,2,5,7,1942,0,0,0,F,0,27TL44,SANTA MONICA BL,ARDMORE AV,30,W,N,A,-,N,NA,NA,NA,NA,NA,NA,NA,NA,NA,N,4,0,2,2,A,-,07,21658,A,F,H,J,A,A,H,-,A,D,0,NA,NA,NA,NA,Y,NA,-,99,0,0,2,0,0,0,0,0,0,-,-,NA,NA,LOS ANGELES,LOS ANGELES,-118.3019561767578,34.090816497802734
9526788,2022,2023-03-24,1942,2022-12-31,1200,41003,2076,6,5,7,1942,0,0,0,NA,0,27TL44,VERMONT AV,WASHINGTON BL,40,N,N,C,-,N,NA,NA,NA,NA,NA,NA,NA,NA,NA,N,4,0,1,2,A,-,04,21703,NA,F,C,C,A,B,H,-,A,A,0,NA,NA,NA,NA,Y,NA,D,22,0,0,1,0,0,0,0,0,0,-,-,NA,NA,LOS ANGELES,LOS ANGELES,-118.29157257080078,34.04011917114258
9526790,2022,2023-03-29,1900,2022-11-05,1135,652805,2841,6,5,5,1915,0,0,0,NA,0,282T1,WILMINGTON AV,ARTESIA BL WEST,0,NA,Y,A,-,N,NA,NA,NA,NA,NA,NA,NA,NA,NA,N,4,0,1,2,A,-,03,22350,NA,F,B,C,A,A,H,-,A,A,0,NA,NA,NA,Y,Y,NA,F,24,0,0,1,0,0,0,0,0,0,-,-,33.874488830566406,-118.23622894287108,LOS ANGELES,COMPTON,-118.23612213134766,33.8743782043457
9526793,2023,2023-04-20,1900,2023-01-12,500,635144,2845,4,5,5,1915,0,0,0,NA,0,281T1,ARTESIA BL,SUSANA RD,0,NA,Y,A,-,N,NA,NA,NA,NA,NA,NA,NA,NA,NA,Y,4,0,1,2,A,-,09,21801,A,N,D,C,A,A,H,-,C,A,0,NA,NA,NA,NA,Y,NA,A,01,0,0,1,0,0,0,0,0,0,-,-,33.874210357666016,-118.20719909667967,LOS ANGELES,COMPTON,-118.20716857910156,33.87419128417969
9526796,2023,2023-04-06,1942,2023-01-09,250,42251,2134,1,5,7,1942,0,0,0,NA,0,26T52-,TOPANGA CANYON BL,COHASSET ST,61,S,N,C,-,Y,LA,7,27,-,-,14.89,H,-,N,Y,3,0,1,1,A,-,01,23152,A,N,E,I,A,B,H,-,C,D,0,NA,NA,NA,NA,Y,Y,D,22,0,1,0,0,0,0,0,0,0,-,-,NA,NA,LOS ANGELES,LOS ANGELES,-118.60588836669922,34.20616149902344
9526827,2023,2023-04-14,1928,2023-01-02,2115,50406,514,1,5,5,1928,0,0,0,NA,0,504,ROSECRANS AV,INGLEWOOD AV,70,E,N,A,-,N,NA,NA,NA,NA,NA,NA,NA,NA,NA,Y,4,0,2,2,A,-,01,23152,A,N,D,C,A,A,H,-,C,A,0,NA,NA,NA,NA,Y,Y,D,22,0,0,2,0,0,0,0,0,0,-,-,33.90187072753906,-118.3612823486328,LOS ANGELES,HAWTHORNE,-118.36105346679688,33.90182113647461
9526842,2022,2023-03-27,1972,2022-08-05,2226,15885,NA,5,5,6,1972,0,0,0,NA,0,NA,235 B ST,CRENSHAW,435,E,N,A,-,N,NA,NA,NA,NA,NA,NA,NA,NA,NA,Y,4,0,1,3,A,-,05,21650,NA,N,A,C,A,A,H,-,C,D,0,NA,NA,NA,NA,Y,Y,D,NA,0,0,1,0,0,0,0,0,0,-,-,NA,NA,LOS ANGELES,TORRANCE,NA,NA
9526843,2022,2023-04-14,1972,2022-08-07,0250,15885,NA,7,5,6,1972,0,0,0,NA,0,NA,ROLLING HILLS WY,DALE MEAD,0,NA,Y,A,-,N,NA,NA,NA,NA,NA,NA,NA,NA,NA,Y,3,0,1,2,A,-,01,23152,A,N,B,F,A,A,H,-,C,D,0,NA,NA,NA,NA,Y,Y,A,NA,0,1,0,0,0,0,0,0,0,-,-,NA,NA,LOS ANGELES,TORRANCE,-118.33637237548828,33.79277801513672
9526851,2023,2023-09-07,1953,2023-02-03,1808,2037,1953,5,5,6,1953,0,0,0,NA,0,003,COLORADO BL,BONNIE AV,0,NA,Y,A,-,N,NA,NA,NA,NA,NA,NA,NA,NA,NA,N,4,0,1,2,A,-,01,23152,A,N,C,C,A,A,H,-,A,A,0,NA,NA,NA,NA,Y,Y,D,22,0,0,1,0,0,0,0,0,0,-,-,NA,NA,LOS ANGELES,PASADENA,-118.11573028564452,34.145999908447266
9526853,2023,2023-09-06,1953,2023-02-01,1625,1011,1953,3,5,6,1953,0,0,0,NA,0,004,FAIR OAKS AV,DAYTON ST,0,NA,Y,A,-,N,NA,NA,NA,NA,NA,NA,NA,NA,NA,N,4,0,1,2,A,-,10,21950,NA,N,G,B,B,A,H,-,A,D,0,Y,NA,NA,NA,Y,NA,D,22,0,0,1,0,1,0,0,0,0,-,-,NA,NA,LOS ANGELES,PASADENA,-118.15045166015624,34.14363479614258
9526869,2023,2023-03-27,1926,2023-02-21,836,0082,NA,2,5,5,1926,0,0,0,NA,0,NA,RT 66,VERMONT AV,400,W,N,B,-,N,NA,NA,NA,NA,NA,NA,NA,NA,NA,N,4,0,1,2,A,-,09,21801,A,N,D,C,A,A,H,-,A,D,0,NA,NA,NA,NA,Y,NA,A,01,0,0,1,0,0,0,0,0,0,-,-,34.12873077392578,-117.86740112304688,LOS ANGELES,GLENDORA,-117.86872100830078,34.12868881225586
9526871,2023,2023-03-15,1926,2023-02-16,632,0087,4,4,5,5,1926,0,0,0,NA,0,004,S LONE HILL AV,RT 210,25,S,N,A,-,Y,LA,7,210,-,R,44.35,R,4,E,N,3,0,1,2,A,-,03,22350,NA,N,C,C,A,A,H,-,A,A,0,NA,NA,NA,NA,Y,NA,A,01,0,1,0,0,0,0,0,0,0,-,EO,34.12089920043945,-117.82904052734376,LOS ANGELES,GLENDORA,-117.82652282714844,34.1207160949707
9526875,2023,2023-03-25,1902,2023-02-21,454,816,5,2,5,5,1902,0,0,0,NA,0,038,LOWER AZUSA RD,QUARRY RD,0,NA,Y,A,-,N,NA,NA,NA,NA,NA,NA,NA,NA,NA,Y,4,0,1,2,A,-,09,21801,NA,N,D,C,A,A,H,-,C,A,0,NA,NA,NA,NA,Y,NA,A,01,0,0,1,0,0,0,0,0,0,-,-,NA,NA,LOS ANGELES,ARCADIA,NA,NA
9526892,2023,2023-02-28,1962,2023-01-09,1228,113,1962,1,5,4,1962,0,0,0,NA,0,004,VALLEY BL,DELTA AV,0,NA,Y,C,-,N,NA,NA,NA,NA,NA,NA,NA,NA,NA,NA,4,0,1,2,A,-,10,21950,A,N,G,B,B,B,H,-,A,A,0,Y,NA,NA,NA,Y,NA,D,72,0,0,1,0,1,0,0,0,0,-,-,34.08032989501953,-118.0864715576172,LOS ANGELES,SAN GABRIEL,-118.0863800048828,34.080352783203125
9526910,2022,2023-02-28,1962,2022-10-01,1627,154,1962,6,5,4,1962,0,0,0,NA,0,004,MISSION RD,GRAND AV,0,NA,Y,A,-,N,NA,NA,NA,NA,NA,NA,NA,NA,NA,N,4,0,1,2,A,-,09,21802,A,N,D,C,A,A,H,-,A,A,0,NA,NA,NA,Y,Y,NA,F,26,0,0,1,0,0,0,0,0,0,-,-,34.09170913696289,-118.09294128417967,LOS ANGELES,SAN GABRIEL,-118.09288787841795,34.091712951660156
9526923,2022,2023-03-14,1962,2022-11-17,1951,157,1962,4,5,4,1962,0,0,0,NA,0,001,MISSION RD,RAMONA ST,0,NA,Y,A,-,N,NA,NA,NA,NA,NA,NA,NA,NA,NA,N,4,0,1,2,A,-,01,23153,A,F,-,C,A,A,H,-,C,A,0,NA,NA,NA,Y,Y,Y,F,26,0,0,1,0,0,0,0,0,0,-,-,34.096038818359375,-118.1077880859375,LOS ANGELES,SAN GABRIEL,-118.10771942138672,34.09661865234375
9526924,2022,2023-03-06,1962,2022-11-03,1821,150,1962,4,5,4,1962,0,0,0,NA,0,004,DEL MAR AV,WELLS ST,95,N,N,A,-,N,NA,NA,NA,NA,NA,NA,NA,NA,NA,N,4,0,1,3,A,-,03,22350,NA,N,C,C,A,A,H,-,C,A,0,NA,NA,NA,Y,Y,NA,A,07,0,0,1,0,0,0,0,0,0,-,-,34.08443069458008,-118.0996322631836,LOS ANGELES,SAN GABRIEL,-118.09957122802734,34.08504867553711
9526927,2022,2023-03-07,1905,2022-07-22,1630,1136,443,5,5,4,1905,0,0,0,NA,0,061,E ARROW HWY,AZUSA AV,1145,E,N,A,-,N,NA,NA,NA,NA,NA,NA,NA,NA,NA,N,3,0,1,2,A,-,11,21955,NA,N,G,B,D,A,H,-,A,D,0,Y,NA,NA,NA,Y,NA,N,60,0,1,0,0,1,0,0,0,0,-,-,34.10676956176758,-117.90531158447266,LOS ANGELES,AZUSA,-117.90382385253906,34.10674285888672
9526928,2022,2023-03-15,1905,2022-12-31,1735,1210,215,6,5,4,1905,0,0,0,NA,0,002,W 5TH ST,N VIRGINIA AV,26,E,N,C,-,N,NA,NA,NA,NA,NA,NA,NA,NA,NA,N,3,0,1,2,A,-,11,21954,A,N,G,B,D,B,H,-,C,A,0,Y,NA,NA,NA,Y,Y,N,60,0,1,0,0,1,0,0,0,0,-,-,34.12990951538086,-117.91793823242188,LOS ANGELES,AZUSA,-117.91786193847656,34.12989044189453
9526929,2022,2023-03-06,1905,2022-12-28,1718,1186,211,3,5,4,1905,0,0,0,NA,0,002,SAN GABRIEL AV,4TH ST,0,NA,Y,A,-,N,NA,NA,NA,NA,NA,NA,NA,NA,NA,Y,2,0,2,4,A,-,09,21802,A,N,B,C,A,A,H,-,C,A,0,NA,NA,Y,NA,Y,NA,A,01,1,0,1,0,0,0,0,0,1,-,-,34.1280403137207,-117.90885162353516,LOS ANGELES,AZUSA,-117.90885925292967,34.128055572509766