CASE_ID,ACCIDENT_YEAR,PROC_DATE,JURIS,COLLISION_DATE,COLLISION_TIME,OFFICER_ID,REPORTING_DISTRICT,DAY_OF_WEEK,CHP_SHIFT,POPULATION,CNTY_CITY_LOC,SPECIAL_COND,BEAT_TYPE,CHP_BEAT_TYPE,CITY_DIVISION_LAPD,CHP_BEAT_CLASS,BEAT_NUMBER,PRIMARY_RD,SECONDARY_RD,DISTANCE,DIRECTION,INTERSECTION,WEATHER_1,WEATHER_2,STATE_HWY_IND,CALTRANS_COUNTY,CALTRANS_DISTRICT,STATE_ROUTE,ROUTE_SUFFIX,POSTMILE_PREFIX,POSTMILE,LOCATION_TYPE,RAMP_INTERSECTION,SIDE_OF_HWY,TOW_AWAY,COLLISION_SEVERITY,NUMBER_KILLED,NUMBER_INJURED,PARTY_COUNT,PRIMARY_COLL_FACTOR,PCF_CODE_OF_VIOL,PCF_VIOL_CATEGORY,PCF_VIOLATION,PCF_VIOL_SUBSECTION,HIT_AND_RUN,TYPE_OF_COLLISION,MVIW,PED_ACTION,ROAD_SURFACE,ROAD_COND_1,ROAD_COND_2,LIGHTING,CONTROL_DEVICE,CHP_ROAD_TYPE,PEDESTRIAN_ACCIDENT,BICYCLE_ACCIDENT,MOTORCYCLE_ACCIDENT,TRUCK_ACCIDENT,NOT_PRIVATE_PROPERTY,ALCOHOL_INVOLVED,STWD_VEHTYPE_AT_FAULT,CHP_VEHTYPE_AT_FAULT,COUNT_SEVERE_INJ,COUNT_VISIBLE_INJ,COUNT_COMPLAINT_PAIN,COUNT_PED_KILLED,COUNT_PED_INJURED,COUNT_BICYCLIST_KILLED,COUNT_BICYCLIST_INJURED,COUNT_MC_KILLED,COUNT_MC_INJURED,PRIMARY_RAMP,SECONDARY_RAMP,LATITUDE,LONGITUDE,COUNTY,CITY,POINT_X,POINT_Y
9527208,2023,2023-02-28,1942,2023-02-09,2115,38131,1506,4,5,7,1942,0,0,0,O,0,26T34,SHERMAN WY,VINELAND AV,127,W,N,A,-,N,NA,NA,NA,NA,NA,NA,NA,NA,NA,Y,3,0,1,3,A,-,01,23152,A,N,B,E,A,A,H,-,C,A,0,NA,NA,NA,NA,Y,Y,D,22,0,1,0,0,0,0,0,0,0,-,-,NA,NA,LOS ANGELES,LOS ANGELES,-118.37074279785156,34.20117950439453
9527212,2022,2023-03-01,1942,2022-12-16,1650,40398,1799,5,5,7,1942,0,0,0,Q,0,26M63,PARTHENIA ST,HASKELL AV,0,NA,Y,A,-,N,NA,NA,NA,NA,NA,NA,NA,NA,NA,N,2,0,1,2,A,-,09,21801,A,N,D,C,A,A,H,-,A,A,0,NA,NA,NA,NA,Y,NA,D,22,1,0,0,0,0,0,0,0,0,-,-,NA,NA,LOS ANGELES,LOS ANGELES,-118.47640228271484,34.22832489013672
9527215,2023,2023-03-02,1900,2023-01-27,950,533363,2611,5,5,6,1950,0,0,0,NA,0,261T1,AV Q,CARRIAGE WY,0,NA,Y,A,-,N,NA,NA,NA,NA,NA,NA,NA,NA,NA,Y,4,0,1,2,A,-,09,21801,A,N,A,C,A,A,H,-,A,D,0,NA,NA,NA,NA,Y,NA,D,22,0,0,1,0,0,0,0,0,0,-,-,34.58713912963867,-118.1360321044922,LOS ANGELES,PALMDALE,-118.13601684570313,34.58710861206055
9527228,2023,2023-02-28,1942,2023-02-02,1230,41514,1759,4,5,7,1942,0,0,0,Q,0,26T72,HASKELL AV,LASSEN ST,0,NA,Y,A,-,N,NA,NA,NA,NA,NA,NA,NA,NA,NA,Y,2,0,4,5,A,-,12,21453,A,N,D,C,A,A,H,-,A,A,0,NA,NA,NA,NA,Y,NA,D,22,1,1,2,0,0,0,0,0,0,-,-,NA,NA,LOS ANGELES,LOS ANGELES,-118.47617340087892,34.25010299682617
9527231,2023,2023-02-25,1900,2023-02-03,1736,622105,2612,5,5,6,1950,0,0,0,NA,0,262T2,RANCHO VISTA BL,HOMERIDGE DR,0,NA,Y,A,-,N,NA,NA,NA,NA,NA,NA,NA,NA,NA,Y,3,0,2,2,A,-,09,21802,A,N,D,C,A,A,H,-,C,A,0,NA,NA,NA,NA,Y,NA,D,22,0,2,0,0,0,0,0,0,0,-,-,34.613990783691406,-118.20181274414064,LOS ANGELES,PALMDALE,-118.20182800292967,34.61393737792969
9527232,2023,2023-03-07,1942,2023-02-05,2345,42417,1514,7,5,7,1942,0,0,0,O,0,15A3,GENTRY AV,VANOWEN ST,20,N,N,A,-,N,NA,NA,NA,NA,NA,NA,NA,NA,NA,N,3,0,2,2,A,-,01,23152,A,N,D,C,A,A,H,-,C,D,0,NA,NA,NA,NA,Y,Y,A,07,0,2,0,0,0,0,0,0,0,-,-,NA,NA,LOS ANGELES,LOS ANGELES,-118.39322662353516,34.19399642944336
9527236,2023,2023-02-28,1942,2023-02-02,1925,38131,1798,4,5,7,1942,0,0,0,Q,0,26T32,PARTHENIA ST,HASKELL AV,55,E,N,A,-,N,NA,NA,NA,NA,NA,NA,NA,NA,NA,Y,4,0,1,4,A,-,01,23152,A,N,C,E,A,A,H,-,C,A,0,NA,NA,NA,NA,Y,Y,A,01,0,0,1,0,0,0,0,0,0,-,-,NA,NA,LOS ANGELES,LOS ANGELES,-118.47621917724608,34.22832107543945
9527253,2023,2023-03-02,1976,2023-01-05,627,535,NA,4,5,3,1964,0,0,0,NA,0,002,FLORENCE AV,PAINTER AV,0,NA,Y,B,C,N,NA,NA,NA,NA,NA,NA,NA,NA,NA,Y,4,0,2,2,A,-,09,21801,A,N,D,C,A,B,H,-,B,A,0,NA,NA,NA,NA,Y,NA,D,22,0,0,2,0,0,0,0,0,0,-,-,NA,NA,LOS ANGELES,SANTA FE SPRINGS,-118.05137634277344,33.935569763183594
9527255,2023,2023-02-21,1970,2023-01-22,1434,215,SPB2,7,5,4,1970,0,0,0,NA,0,002,MISSION ST,FAIR OAKS AV,75,W,N,A,-,N,NA,NA,NA,NA,NA,NA,NA,NA,NA,N,4,0,1,3,A,-,21,22106,NA,N,C,C,A,A,H,-,A,A,0,NA,NA,NA,Y,Y,NA,F,26,0,0,1,0,0,0,0,0,0,-,-,NA,NA,LOS ANGELES,SOUTH PASADENA,-118.15059661865234,34.115840911865234
9527256,2023,2023-03-01,1942,2023-02-02,950,42818,1617,4,5,7,1942,0,0,0,P,0,26TL15,FOOTHILL BL,SHERMAN GROVE AV,0,NA,Y,A,-,N,NA,NA,NA,NA,NA,NA,NA,NA,NA,Y,3,0,2,3,A,-,12,21453,A,N,A,C,A,A,H,-,A,A,0,NA,NA,NA,NA,Y,NA,A,01,0,2,0,0,0,0,0,0,0,-,-,NA,NA,LOS ANGELES,LOS ANGELES,-118.32012176513672,34.25972366333008
9527262,2022,2023-02-17,1900,2022-11-23,0230,617762,1413,3,5,1,1932,0,0,0,NA,0,141T1,DON JULIAN RD,9TH AV,244,W,N,A,-,N,NA,NA,NA,NA,NA,NA,NA,NA,NA,Y,1,1,1,2,A,-,08,22107,NA,N,C,E,A,-,H,-,C,D,0,NA,NA,NA,Y,Y,Y,A,07,1,0,0,0,0,0,0,0,0,-,-,34.02479934692383,-117.97441864013672,LOS ANGELES,INDUSTRY,-117.97413635253906,34.024681091308594
9527264,2023,2023-02-27,1900,2023-01-18,2058,635825,2619,3,5,6,1950,0,0,0,NA,0,263T1,RANCHO VISTA BL,10TH ST WEST,38,E,N,A,-,N,NA,NA,NA,NA,NA,NA,NA,NA,NA,Y,3,0,5,3,A,-,03,22350,NA,N,C,C,A,A,H,-,C,A,0,NA,NA,NA,NA,Y,NA,D,22,0,5,0,0,0,0,0,0,0,-,-,34.601951599121094,-118.1474380493164,LOS ANGELES,PALMDALE,-118.1476821899414,34.60173416137695
9527321,2023,2023-02-23,1900,2023-01-26,813,64951,2113,4,5,5,1943,0,0,0,NA,0,212T4,ABBOTT RD,STANDARD AV,0,NA,Y,A,-,N,NA,NA,NA,NA,NA,NA,NA,NA,NA,Y,3,0,2,2,A,-,12,22450,NA,M,D,C,A,A,H,-,A,A,0,NA,NA,NA,NA,Y,NA,A,01,0,2,0,0,0,0,0,0,0,-,-,33.93505096435547,-118.193603515625,LOS ANGELES,LYNWOOD,-118.19361114501952,33.934959411621094
9527322,2023,2023-03-02,1900,2023-01-07,200,654686,2113,6,5,5,1943,0,0,0,NA,0,212T4,ATLANTIC AV,IMPERIAL HWY,0,NA,Y,A,-,N,NA,NA,NA,NA,NA,NA,NA,NA,NA,Y,4,0,1,2,D,-,00,NA,NA,N,D,C,A,A,H,-,C,A,0,NA,NA,NA,NA,Y,NA,-,-,0,0,1,0,0,0,0,0,0,-,-,NA,NA,LOS ANGELES,LYNWOOD,-118.18360900878906,33.930728912353516
9527323,2023,2023-03-02,1970,2023-01-12,958,169,SPB4,4,5,4,1970,0,0,0,NA,0,004,HUNTINGTON DR,GARFIELD AV,0,NA,Y,A,-,N,NA,NA,NA,NA,NA,NA,NA,NA,NA,Y,4,0,1,2,A,-,12,21453,A,N,D,C,A,A,H,-,A,A,0,NA,NA,NA,NA,Y,NA,A,08,0,0,1,0,0,0,0,0,0,-,-,NA,NA,LOS ANGELES,SOUTH PASADENA,-118.13535308837892,34.10650634765625
9527324,2023,2023-03-02,1970,2023-01-25,813,169,SPB2,3,5,4,1970,0,0,0,NA,0,002,FREMONT AV,OXLEY ST,0,NA,Y,A,-,N,NA,NA,NA,NA,NA,NA,NA,NA,NA,Y,4,0,1,2,A,-,09,21802,A,N,D,C,A,A,H,-,A,A,0,NA,NA,NA,NA,Y,NA,-,NA,0,0,1,0,0,0,0,0,0,-,-,NA,NA,LOS ANGELES,SOUTH PASADENA,-118.1531219482422,34.11370849609375
9527326,2023,2023-03-02,1970,2023-01-08,2112,218,NA,7,5,4,1970,0,0,0,NA,0,004,HUNTINGTON DR,GARFIELD AV,0,NA,Y,A,-,N,NA,NA,NA,NA,NA,NA,NA,NA,NA,Y,3,0,1,2,A,-,12,21453,A,N,D,C,A,A,H,-,C,A,0,NA,NA,NA,NA,Y,NA,A,01,0,1,0,0,0,0,0,0,0,-,-,NA,NA,LOS ANGELES,SOUTH PASADENA,-118.13535308837892,34.10650634765625
9527328,2023,2023-03-02,1976,2023-01-26,818,535,NA,4,5,3,1964,0,0,0,NA,0,002,FLORENCE AV,ORR AND DAY RD,0,NA,Y,A,-,N,NA,NA,NA,NA,NA,NA,NA,NA,NA,Y,3,0,3,2,A,-,12,21453,A,N,D,C,A,A,H,-,A,A,0,NA,NA,NA,NA,Y,NA,A,07,0,3,0,0,0,0,0,0,0,-,-,NA,NA,LOS ANGELES,SANTA FE SPRINGS,-118.09062957763672,33.93538284301758
9527329,2023,2023-02-23,1976,2023-01-24,1556,219,NA,2,5,3,1964,0,0,0,NA,0,003,12600 FIRESTONE BL,BLOOMFIELD AV,36,E,N,A,-,N,NA,NA,NA,NA,NA,NA,NA,NA,NA,Y,4,0,1,1,A,-,08,22107,NA,N,E,I,A,A,H,-,A,D,0,NA,NA,NA,NA,Y,NA,A,07,0,0,1,0,0,0,0,0,0,-,-,NA,NA,LOS ANGELES,SANTA FE SPRINGS,-118.06387329101564,33.90160369873047
9527330,2023,2023-03-02,1976,2023-01-25,717,219,NA,3,5,3,1964,0,0,0,NA,0,001,WASHINGTON BL,NORWALK BL,387,E,N,A,-,N,NA,NA,NA,NA,NA,NA,NA,NA,NA,N,4,0,2,2,A,-,03,22350,NA,N,C,C,A,A,H,-,A,D,0,NA,NA,NA,NA,Y,NA,A,07,0,0,2,0,0,0,0,0,0,-,-,NA,NA,LOS ANGELES,SANTA FE SPRINGS,-118.07276153564452,33.97222900390625
9527331,2023,2023-03-06,1976,2023-01-23,1640,579,NA,1,5,3,1964,0,0,0,NA,0,002,FLORENCE AV,NORWALK BL,0,NA,Y,A,-,N,NA,NA,NA,NA,NA,NA,NA,NA,NA,Y,3,0,1,2,A,-,09,21801,A,N,D,C,A,A,H,-,A,A,0,NA,NA,NA,NA,Y,NA,A,01,0,1,0,0,0,0,0,0,0,-,-,NA,NA,LOS ANGELES,SANTA FE SPRINGS,-118.07271575927734,33.93534469604492
9527332,2023,2023-03-02,1976,2023-01-24,1307,410,NA,2,5,3,1964,0,0,0,NA,0,001,SANTA FE SPRINGS RD,ANN ST,0,NA,Y,A,-,N,NA,NA,NA,NA,NA,NA,NA,NA,NA,N,4,0,1,2,A,-,09,21802,A,N,D,C,A,A,H,-,A,A,0,NA,NA,NA,NA,Y,NA,A,01,0,0,1,0,0,0,0,0,0,-,-,NA,NA,LOS ANGELES,SANTA FE SPRINGS,-118.05461883544922,33.955047607421875
9527333,2023,2023-03-01,1976,2023-01-13,1620,543,1976,5,5,3,1964,0,0,0,NA,0,001,TELEGRAPH RD,GREENLEAF AV,0,NA,Y,A,-,N,NA,NA,NA,NA,NA,NA,NA,NA,NA,Y,3,0,2,2,A,-,12,21453,A,N,D,C,A,A,H,-,A,A,0,NA,NA,NA,NA,Y,NA,A,01,0,1,1,0,0,0,0,0,0,-,-,NA,NA,LOS ANGELES,SANTA FE SPRINGS,-118.05526733398438,33.941932678222656
9527334,2023,2023-03-01,1976,2023-01-20,1047,883,NA,5,5,3,1964,0,0,0,NA,0,003,VALLEY VIEW AV,ALONDRA BL,501,S,N,A,-,N,NA,NA,NA,NA,NA,NA,NA,NA,NA,Y,4,0,1,2,A,-,09,21801,A,N,D,C,A,A,H,-,A,D,0,NA,NA,NA,NA,Y,NA,A,01,0,0,1,0,0,0,0,0,0,-,-,NA,NA,LOS ANGELES,SANTA FE SPRINGS,-118.0289306640625,33.88913345336914
9527335,2023,2023-03-02,1976,2023-01-10,234,543,NA,2,5,3,1964,0,0,0,NA,0,002,FLORENCE AV,PIONEER BL,0,NA,Y,B,C,N,NA,NA,NA,NA,NA,NA,NA,NA,NA,Y,4,0,2,2,A,-,09,21800,D,N,D,C,A,B,H,-,C,B,0,NA,NA,NA,NA,Y,NA,-,-,0,0,2,0,0,0,0,0,0,-,-,NA,NA,LOS ANGELES,SANTA FE SPRINGS,-118.08184051513672,33.93531799316406
9527336,2023,2023-03-02,1976,2023-01-13,1345,767,NA,5,5,3,1964,0,0,0,NA,0,002,NORWALK BL,MORA DR,10,S,N,A,-,N,NA,NA,NA,NA,NA,NA,NA,NA,NA,N,4,0,1,2,A,-,12,21453,NA,N,D,C,A,A,H,-,A,A,0,NA,NA,NA,NA,Y,NA,A,01,0,0,1,0,0,0,0,0,0,-,-,NA,NA,LOS ANGELES,SANTA FE SPRINGS,-118.07270050048828,33.93992233276367
9527337,2023,2023-03-02,1900,2023-01-30,541,636459,0644,1,5,6,1985,0,0,0,NA,0,62T1,VALENCIA BL,MAGIC MOUNTAIN PKWY,0,NA,Y,A,-,N,NA,NA,NA,NA,NA,NA,NA,NA,NA,Y,4,0,1,2,D,-,00,NA,NA,N,D,C,A,B,H,-,C,A,0,NA,NA,NA,NA,Y,NA,-,-,0,0,1,0,0,0,0,0,0,-,-,34.24580001831055,-118.32589721679688,LOS ANGELES,SANTA CLARITA,-118.54984283447266,34.41596221923828
9527338,2023,2023-03-02,1976,2023-01-02,1707,219,NA,1,5,3,1964,0,0,0,NA,0,002,EAST FLORENCE AV,BLOOMFIELD AV,114,E,N,C,-,N,NA,NA,NA,NA,NA,NA,NA,NA,NA,Y,4,0,1,2,A,-,03,22350,NA,N,C,C,A,B,H,-,C,D,0,NA,NA,NA,NA,Y,NA,A,01,0,0,1,0,0,0,0,0,0,-,-,NA,NA,LOS ANGELES,SANTA FE SPRINGS,-118.06368255615234,33.935325622558594
9527339,2023,2023-03-06,1900,2023-01-26,1910,625432,0627,4,5,6,1985,0,0,0,NA,0,62T1,DOCKWEILER DR,FERN DR,177,W,N,A,-,N,NA,NA,NA,NA,NA,NA,NA,NA,NA,Y,3,0,2,2,A,-,08,22107,NA,N,B,C,A,A,H,-,C,D,0,NA,NA,NA,NA,Y,NA,A,01,0,1,1,0,0,0,0,0,0,-,-,34.37657928466797,-118.50885009765624,LOS ANGELES,SANTA CLARITA,-118.50881958007813,34.37648391723633
9527340,2023,2023-02-23,1900,2023-01-16,2010,647475,0645,1,5,6,1985,0,0,0,NA,0,64T1,RYE CANYON RD,AVENUE CROCKER,224,W,N,B,-,N,NA,NA,NA,NA,NA,NA,NA,NA,NA,Y,4,0,2,1,A,-,08,22107,NA,N,E,I,A,B,H,-,C,D,0,NA,NA,NA,NA,Y,NA,A,01,0,0,2,0,0,0,0,0,0,-,-,34.43878173828125,-118.58544158935548,LOS ANGELES,SANTA CLARITA,-118.5853271484375,34.433799743652344
9527341,2023,2023-03-01,1900,2023-01-28,230,625597,2610,6,5,6,1950,0,0,0,NA,0,263T1,AVENUE R,13TH ST EAST,0,NA,Y,A,-,N,NA,NA,NA,NA,NA,NA,NA,NA,NA,Y,2,0,1,1,A,-,01,23152,A,N,E,I,A,A,H,-,C,D,0,NA,NA,NA,NA,Y,Y,A,01,1,0,0,0,0,0,0,0,0,-,-,34.57270050048828,-118.1052017211914,LOS ANGELES,PALMDALE,-118.10511016845705,34.572635650634766
9527342,2023,2023-03-01,1900,2023-01-20,1913,652853,0627,5,5,6,1985,0,0,0,NA,0,62T1,NEWHALL AV,2ND ST,0,NA,Y,A,-,N,NA,NA,NA,NA,NA,NA,NA,NA,NA,Y,4,0,1,2,D,-,00,NA,NA,M,C,C,A,A,H,-,C,D,0,NA,NA,NA,NA,Y,NA,-,-,0,0,1,0,0,0,0,0,0,-,-,34.3750114440918,-118.52285003662108,LOS ANGELES,SANTA CLARITA,-118.52288818359376,34.3749885559082
9527343,2023,2023-03-01,1900,2023-01-26,1604,545108,2621,4,5,6,1950,0,0,0,NA,0,262T1,AVENUE M,30TH ST E,0,NA,Y,A,G,N,NA,NA,NA,NA,NA,NA,NA,NA,NA,Y,2,0,2,3,A,-,09,21801,A,N,A,C,A,A,H,-,A,A,0,NA,NA,NA,NA,Y,NA,A,07,1,1,0,0,0,0,0,0,0,-,-,34.64604187011719,-118.07655334472656,LOS ANGELES,PALMDALE,-118.07659149169922,34.64601135253906
9527344,2023,2023-03-01,1900,2023-01-27,406,639633,2607,5,5,6,1950,0,0,0,NA,0,263T1,AVENUE R,47TH ST EAST,0,NA,Y,A,-,N,NA,NA,NA,NA,NA,NA,NA,NA,NA,Y,4,0,3,3,A,-,12,21453,A,N,D,C,A,A,H,-,C,A,0,NA,NA,NA,NA,Y,NA,A,01,0,0,3,0,0,0,0,0,0,-,-,34.572750091552734,-118.04496002197266,LOS ANGELES,PALMDALE,-118.04499816894533,34.57280731201172
9527345,2023,2023-03-07,1900,2023-01-21,1755,625597,2610,6,5,6,1950,0,0,0,NA,0,263T1,SIERRA HWY,AVENUE R,0,NA,Y,A,-,N,NA,NA,NA,NA,NA,NA,NA,NA,NA,N,4,0,1,2,A,-,03,22350,NA,N,C,C,A,A,H,-,C,A,0,NA,NA,NA,NA,Y,NA,A,01,0,0,1,0,0,0,0,0,0,-,-,34.57270050048828,-118.1156005859375,LOS ANGELES,PALMDALE,-118.11551666259766,34.57258987426758
9527346,2023,2023-03-09,1900,2023-01-25,1420,545108,2627,3,5,6,1950,0,0,0,NA,0,262T1,AVENUE L,20TH ST EAST,0,NA,Y,A,-,N,NA,NA,NA,NA,NA,NA,NA,NA,NA,Y,2,0,2,2,A,-,12,21453,A,N,D,C,A,A,H,-,A,A,0,NA,NA,NA,NA,Y,NA,-,-,2,0,0,0,0,0,0,0,0,-,-,34.66056823730469,-118.09449768066406,LOS ANGELES,PALMDALE,-118.0945281982422,34.6605110168457
9527347,2023,2023-03-01,1900,2023-01-31,2105,527069,2610,2,5,6,1950,0,0,0,NA,0,261T1,AVENUE S,SIERRA HWY,0,NA,Y,A,-,N,NA,NA,NA,NA,NA,NA,NA,NA,NA,Y,3,0,2,1,C,-,18,NA,NA,N,E,J,A,A,H,-,C,A,0,NA,NA,NA,NA,Y,NA,-,-,0,2,0,0,0,0,0,0,0,-,-,34.55801010131836,-118.114013671875,LOS ANGELES,PALMDALE,-118.11418914794922,34.55805587768555
9527348,2023,2023-03-01,1900,2023-01-19,1300,625597,2619*,4,5,6,1950,0,0,0,NA,0,263T1,10TH ST W,AVENUE N,0,NA,Y,A,-,N,NA,NA,NA,NA,NA,NA,NA,NA,NA,N,4,0,1,2,A,-,03,22350,NA,N,C,C,A,A,H,-,A,A,0,NA,NA,NA,NA,Y,NA,A,01,0,0,1,0,0,0,0,0,0,-,-,34.63140106201172,-118.14769744873048,LOS ANGELES,PALMDALE,-118.14769744873048,34.63120651245117
9527349,2023,2023-03-01,1900,2023-01-09,1657,652853,0629,1,5,6,1985,0,0,0,NA,0,62T1,LYONS AV,ARCADIA ST,0,NA,Y,C,-,N,NA,NA,NA,NA,NA,NA,NA,NA,NA,N,4,0,1,2,A,-,09,21801,A,N,D,C,A,B,H,-,C,D,0,NA,NA,NA,NA,Y,NA,A,07,0,0,1,0,0,0,0,0,0,-,-,34.38003921508789,-118.53692626953124,LOS ANGELES,SANTA CLARITA,-118.5367431640625,34.380062103271484
9527350,2023,2023-03-01,1900,2023-01-30,744,567578,2627,1,5,6,1950,0,0,0,NA,0,263T1,AVE M,20TH ST E,0,NA,Y,B,-,N,NA,NA,NA,NA,NA,NA,NA,NA,NA,Y,3,0,2,3,A,-,09,21801,A,N,D,C,A,A,H,-,A,A,0,NA,NA,NA,NA,Y,NA,A,01,0,2,0,0,0,0,0,0,0,-,-,34.64604187011719,-118.09441375732422,LOS ANGELES,PALMDALE,-118.09442138671876,34.64597702026367
9527351,2023,2023-03-01,1900,2023-01-26,1230,649521,2113,4,5,5,1943,0,0,0,NA,0,212T4,MARTIN LUTHER KING JR BL,MURIEL DR,498,W,N,A,-,N,NA,NA,NA,NA,NA,NA,NA,NA,NA,N,3,0,1,2,A,-,03,22350,NA,N,D,E,A,A,H,-,A,D,0,NA,NA,Y,NA,Y,NA,C,02,0,1,0,0,0,0,0,0,1,-,-,33.925811767578125,-118.19483184814452,LOS ANGELES,LYNWOOD,-118.1948013305664,33.925689697265625
9527352,2023,2023-03-01,1900,2023-01-26,816,643896,2114,4,5,5,1943,0,0,0,NA,0,212B1,MARTIN LUTHER KING JR BL,BEECHWOOD AV,0,NA,Y,A,-,N,NA,NA,NA,NA,NA,NA,NA,NA,NA,Y,4,0,2,2,A,-,09,21801,A,N,A,C,A,A,H,-,A,D,0,NA,NA,NA,NA,Y,NA,A,01,0,0,2,0,0,0,0,0,0,-,-,NA,NA,LOS ANGELES,LYNWOOD,-118.19357299804688,33.92478942871094
9527413,2022,2023-03-01,1900,2022-08-27,2330,546543,0246,6,5,3,1914,0,0,0,NA,0,0EM,SLAUSON AV,BOXFORD AV,2640,NA,N,A,-,N,NA,NA,NA,NA,NA,NA,NA,NA,NA,NA,3,0,1,2,A,-,10,21950,A,F,-,B,-,A,H,-,C,D,0,Y,NA,NA,NA,Y,NA,-,NA,0,1,0,0,1,0,0,0,0,-,-,33.97999954223633,-118.12999725341795,LOS ANGELES,COMMERCE,-118.15106201171876,33.98463821411133
9527415,2022,2023-03-28,1900,2022-08-12,1645,639073,0241,5,5,3,1914,0,0,0,NA,0,27T1,LA VERNE AV / TELEGRAPH RD,FRASER AV,150,W,N,A,-,N,NA,NA,NA,NA,NA,NA,NA,NA,NA,Y,4,0,1,2,A,-,06,21750,A,F,D,C,A,A,H,-,A,D,0,NA,NA,NA,NA,Y,NA,A,01,0,0,1,0,0,0,0,0,0,-,-,NA,NA,LOS ANGELES,COMMERCE,-118.16468811035156,34.01324462890625
9527416,2022,2023-02-22,1900,2022-08-26,1200,634170,0244,5,5,3,1914,0,0,0,NA,0,27T,WASHINGTON BL,TELEGRAPH RD,300,W,N,A,-,N,NA,NA,NA,NA,NA,NA,NA,NA,NA,N,4,0,1,2,A,-,04,21703,NA,N,C,-,A,A,H,-,A,A,0,NA,NA,NA,NA,Y,NA,A,01,0,0,1,0,0,0,0,0,0,WO,-,NA,NA,LOS ANGELES,COMMERCE,-118.14458465576172,33.995269775390625
9527417,2022,2023-02-22,1900,2022-08-29,1313,642921,0250,1,5,4,1945,0,0,0,NA,0,2BT,CORONA AV,54TH ST,0,NA,Y,A,-,N,NA,NA,NA,NA,NA,NA,NA,NA,NA,N,4,0,1,4,A,-,09,21802,A,N,D,C,A,A,H,-,A,D,0,NA,NA,Y,NA,Y,NA,A,07,0,0,1,0,0,0,0,0,0,-,-,33.992919921875,-118.19365692138672,LOS ANGELES,MAYWOOD,-118.19368743896484,33.99283981323242
9527418,2022,2023-02-22,1900,2022-08-20,1100,634170,0242,6,5,3,1914,0,0,0,NA,0,27T,OLYMPIC BL,GERHART AV,30,W,N,A,-,N,NA,NA,NA,NA,NA,NA,NA,NA,NA,N,3,0,2,3,A,-,03,22350,NA,N,C,C,A,A,H,-,A,A,0,NA,NA,NA,NA,Y,NA,-,-,0,2,0,0,0,0,0,0,0,-,-,NA,NA,LOS ANGELES,COMMERCE,-118.1475830078125,34.01399612426758
9527421,2022,2023-02-22,1942,2022-09-24,1513,43644,LA,6,5,7,1942,0,0,0,NA,0,3A1,WESTERN AV,36TH PL,0,NA,Y,A,-,N,NA,NA,NA,NA,NA,NA,NA,NA,NA,N,3,0,1,2,A,-,10,21950,A,F,G,B,B,A,H,-,A,A,0,Y,NA,NA,NA,Y,NA,-,99,0,1,0,0,1,0,0,0,0,-,-,NA,NA,LOS ANGELES,LOS ANGELES,-118.30891418457033,34.021881103515625
9527423,2022,2023-02-22,1942,2022-09-23,1535,41579,0379,5,5,7,1942,0,0,0,C,0,25MX88,BUDLONG AV,BROWNING BL,130,N,N,A,-,N,NA,NA,NA,NA,NA,NA,NA,NA,NA,N,3,0,1,2,A,-,05,21651,B,F,C,G,A,A,H,-,A,A,0,NA,Y,NA,NA,Y,NA,-,99,0,1,0,0,0,0,1,0,0,-,-,NA,NA,LOS ANGELES,LOS ANGELES,-118.29589080810548,34.01246643066406
9527426,2023,2023-02-25,1900,2023-02-01,1323,65584,0812,3,5,4,1960,0,0,0,NA,0,8172,SAN DIMAS AV,BONITA AV,0,NA,Y,A,-,N,NA,NA,NA,NA,NA,NA,NA,NA,NA,N,4,0,1,2,A,-,03,22350,NA,N,C,C,A,A,H,-,A,D,0,NA,NA,NA,NA,Y,NA,A,01,0,0,1,0,0,0,0,0,0,-,-,34.10667037963867,-117.80713653564452,LOS ANGELES,SAN DIMAS,-117.80712127685548,34.1066780090332
9527427,2023,2023-02-25,1970,2023-02-07,1405,169,SPB4,2,5,4,1970,0,0,0,NA,0,004,HUNTINGTON DR,GARFIELD AV,0,NA,Y,A,-,N,NA,NA,NA,NA,NA,NA,NA,NA,NA,Y,3,0,4,4,A,-,12,21453,A,N,D,C,A,A,H,-,A,A,0,NA,NA,NA,NA,Y,NA,A,01,0,1,3,0,0,0,0,0,0,-,-,NA,NA,LOS ANGELES,SOUTH PASADENA,-118.13535308837892,34.10650634765625
9527432,2023,2023-02-25,1900,2023-02-03,1750,613777,0611,5,5,6,1985,0,0,0,NA,0,63T1,STEINWAY ST,ASHBORO DR,0,NA,Y,A,-,N,NA,NA,NA,NA,NA,NA,NA,NA,NA,N,4,0,1,2,A,-,09,21801,A,N,D,C,A,A,H,-,C,A,0,NA,NA,NA,NA,Y,NA,A,01,0,0,1,0,0,0,0,0,0,-,-,34.43560028076172,-118.4802017211914,LOS ANGELES,SANTA CLARITA,-118.48023986816406,34.43571853637695
9527441,2022,2023-02-22,1942,2022-12-26,1915,36087,1907,1,5,7,1942,0,0,0,NA,0,26T35,POLK ST,PHILLIPPI AV,43,W,N,B,-,N,NA,NA,NA,NA,NA,NA,NA,NA,NA,N,2,0,1,2,A,-,11,21954,A,N,G,B,E,A,H,-,C,D,0,Y,NA,NA,NA,Y,Y,N,60,1,0,0,0,1,0,0,0,0,-,-,NA,NA,LOS ANGELES,LOS ANGELES,-118.44542694091795,34.31141662597656