CASE_ID,ACCIDENT_YEAR,PROC_DATE,JURIS,COLLISION_DATE,COLLISION_TIME,OFFICER_ID,REPORTING_DISTRICT,DAY_OF_WEEK,CHP_SHIFT,POPULATION,CNTY_CITY_LOC,SPECIAL_COND,BEAT_TYPE,CHP_BEAT_TYPE,CITY_DIVISION_LAPD,CHP_BEAT_CLASS,BEAT_NUMBER,PRIMARY_RD,SECONDARY_RD,DISTANCE,DIRECTION,INTERSECTION,WEATHER_1,WEATHER_2,STATE_HWY_IND,CALTRANS_COUNTY,CALTRANS_DISTRICT,STATE_ROUTE,ROUTE_SUFFIX,POSTMILE_PREFIX,POSTMILE,LOCATION_TYPE,RAMP_INTERSECTION,SIDE_OF_HWY,TOW_AWAY,COLLISION_SEVERITY,NUMBER_KILLED,NUMBER_INJURED,PARTY_COUNT,PRIMARY_COLL_FACTOR,PCF_CODE_OF_VIOL,PCF_VIOL_CATEGORY,PCF_VIOLATION,PCF_VIOL_SUBSECTION,HIT_AND_RUN,TYPE_OF_COLLISION,MVIW,PED_ACTION,ROAD_SURFACE,ROAD_COND_1,ROAD_COND_2,LIGHTING,CONTROL_DEVICE,CHP_ROAD_TYPE,PEDESTRIAN_ACCIDENT,BICYCLE_ACCIDENT,MOTORCYCLE_ACCIDENT,TRUCK_ACCIDENT,NOT_PRIVATE_PROPERTY,ALCOHOL_INVOLVED,STWD_VEHTYPE_AT_FAULT,CHP_VEHTYPE_AT_FAULT,COUNT_SEVERE_INJ,COUNT_VISIBLE_INJ,COUNT_COMPLAINT_PAIN,COUNT_PED_KILLED,COUNT_PED_INJURED,COUNT_BICYCLIST_KILLED,COUNT_BICYCLIST_INJURED,COUNT_MC_KILLED,COUNT_MC_INJURED,PRIMARY_RAMP,SECONDARY_RAMP,LATITUDE,LONGITUDE,COUNTY,CITY,POINT_X,POINT_Y
9527442,2022,2023-02-22,1942,2022-12-26,1000,45123,1021,1,5,7,1942,0,0,0,J,0,10A21,GAULT ST,AURA AV,81,W,N,A,-,N,NA,NA,NA,NA,NA,NA,NA,NA,NA,N,3,0,1,2,A,-,11,21954,A,N,G,B,E,A,H,-,A,D,0,Y,NA,NA,NA,Y,NA,N,60,0,1,0,0,1,0,0,0,0,-,-,NA,NA,LOS ANGELES,LOS ANGELES,-118.55487823486328,34.19957733154297
9527443,2022,2023-02-22,1942,2022-12-17,1900,42251,1964,6,5,7,1942,0,0,0,NA,0,26T52W,VAN NUYS BL,PLUMMER ST,91,S,N,B,-,N,NA,NA,NA,NA,NA,NA,NA,NA,NA,Y,2,0,1,1,A,-,03,22350,NA,N,H,I,A,A,H,-,C,D,0,NA,NA,Y,NA,Y,NA,C,02,1,0,0,0,0,0,0,0,1,-,-,NA,NA,LOS ANGELES,LOS ANGELES,-118.45023345947266,34.242431640625
9527444,2022,2023-02-22,1942,2022-12-14,1145,32774,1935,3,5,7,1942,0,0,0,NA,0,26TL77,AZTEC ST,BRADLEY AV,325,E,N,A,-,N,NA,NA,NA,NA,NA,NA,NA,NA,NA,N,2,0,1,2,A,-,03,22350,NA,N,G,B,F,A,H,-,A,D,0,Y,NA,NA,NA,Y,NA,A,01,1,0,0,0,1,0,0,0,0,-,-,NA,NA,LOS ANGELES,LOS ANGELES,-118.44546508789064,34.29560470581055
9527445,2022,2023-02-22,1942,2022-12-13,1315,39048,1966,2,5,7,1942,0,0,0,NA,0,26TL44,TERRA BELLA ST,WOODMAN AV,0,E,N,A,-,N,NA,NA,NA,NA,NA,NA,NA,NA,NA,Y,3,0,1,1,A,-,08,22107,NA,N,E,I,A,A,H,-,A,A,0,NA,NA,NA,NA,Y,NA,A,01,0,1,0,0,0,0,0,0,0,-,-,NA,NA,LOS ANGELES,LOS ANGELES,-118.44352722167967,34.239933013916016
9527446,2022,2023-02-23,1942,2022-12-21,1930,38613,1913,3,5,7,1942,0,0,0,NA,0,26T32,POLK ST,GLENOAKS BL,0,NA,Y,A,-,N,NA,NA,NA,NA,NA,NA,NA,NA,NA,Y,2,0,3,2,A,-,09,21801,A,N,D,C,A,A,H,-,C,A,0,NA,NA,Y,NA,Y,NA,A,08,1,2,0,0,0,0,0,0,1,-,-,NA,NA,LOS ANGELES,LOS ANGELES,-118.44969177246094,34.307613372802734
9527450,2022,2023-02-23,1907,2022-12-12,1739,246,2,1,5,4,1907,0,0,0,NA,0,NA,FLORENCE AV,WALKER AV,142,E,N,A,-,N,NA,NA,NA,NA,NA,NA,NA,NA,NA,N,3,0,1,2,A,-,03,22350,NA,N,C,C,A,A,H,-,A,A,0,NA,NA,NA,NA,Y,NA,A,01,0,1,0,0,0,0,0,0,0,-,-,33.96881866455078,-118.1739501953125,LOS ANGELES,BELL,-118.17352294921876,33.96876907348633
9527506,2022,2023-03-01,1900,2022-10-02,0357,630214,1431,7,5,4,1937,0,0,0,NA,0,143T2,HACIENDA BL,SANTA ORO AV,55,N,N,A,-,N,NA,NA,NA,NA,NA,NA,NA,NA,NA,Y,4,0,1,2,A,-,08,22107,NA,N,B,C,A,A,H,-,C,D,0,NA,NA,NA,NA,Y,NA,A,01,0,0,1,0,0,0,0,0,0,-,-,34.031368255615234,-117.95258331298828,LOS ANGELES,LA PUENTE,-117.95266723632813,34.031341552734375
9527521,2022,2023-02-23,1901,2022-06-25,0307,196,3,6,5,5,1901,0,0,0,NA,0,001,N STONEMAN,WOODWARD,15,S,N,A,-,N,NA,NA,NA,NA,NA,NA,NA,NA,NA,Y,3,0,1,1,A,-,08,22107,NA,N,E,I,A,A,H,-,C,D,0,NA,NA,NA,NA,Y,Y,A,01,0,1,0,0,0,0,0,0,0,-,-,NA,NA,LOS ANGELES,ALHAMBRA,-118.12734222412108,34.098182678222656
9527522,2022,2023-03-02,1901,2022-06-11,0603,175,22,6,5,5,1901,0,0,0,NA,0,003,LA PALOMA AV,POPLAR BL,425,S,N,A,-,N,NA,NA,NA,NA,NA,NA,NA,NA,NA,Y,4,0,1,2,D,-,00,NA,NA,N,B,E,A,A,H,-,B,D,0,NA,NA,NA,NA,Y,NA,-,-,0,0,1,0,0,0,0,0,0,-,-,34.09138870239258,-118.15312957763672,LOS ANGELES,ALHAMBRA,-118.1530990600586,34.090206146240234
9527523,2022,2023-02-23,1901,2022-07-07,1100,287,18,4,5,5,1901,0,0,0,NA,0,004,MARGUERITA AV,RAMONA RD,200,N,N,A,-,N,NA,NA,NA,NA,NA,NA,NA,NA,NA,N,4,0,1,2,A,-,08,22107,NA,F,B,E,A,A,H,-,A,D,0,NA,NA,NA,NA,Y,NA,-,99,0,0,1,0,0,0,0,0,0,-,-,34.07176971435547,-118.1381378173828,LOS ANGELES,ALHAMBRA,-118.1381607055664,34.07231903076172
9527524,2022,2023-02-22,1941,2022-07-30,1401,11512,NA,6,5,7,1941,0,0,0,NA,0,NA,XIMENO AV,6TH ST,0,NA,Y,A,-,N,NA,NA,NA,NA,NA,NA,NA,NA,NA,N,4,0,1,2,A,-,03,22350,NA,N,C,C,A,A,H,-,A,A,0,NA,NA,NA,NA,Y,NA,A,NA,0,0,1,0,0,0,0,0,0,-,-,NA,NA,LOS ANGELES,LONG BEACH,-118.14157104492188,33.77350616455078
9527525,2022,2023-02-23,1901,2022-07-15,1537,268,18,5,5,5,1901,0,0,0,NA,0,004,OLIVE AV,NORWOOD PL,0,NA,Y,A,-,N,NA,NA,NA,NA,NA,NA,NA,NA,NA,N,3,0,1,2,A,-,09,21802,A,N,D,G,A,A,H,-,A,A,0,NA,Y,NA,NA,Y,NA,L,04,0,1,0,0,0,0,1,0,0,-,-,34.07587814331055,-118.13600158691406,LOS ANGELES,ALHAMBRA,-118.135986328125,34.075870513916016
9527526,2022,2023-02-23,1901,2022-07-30,1000,170,22,6,5,5,1901,0,0,0,NA,0,003,MAIN ST,WESTMONT DR,215,E,N,A,-,N,NA,NA,NA,NA,NA,NA,NA,NA,NA,N,3,0,1,1,A,-,03,22350,NA,N,H,J,A,A,B,-,A,D,0,NA,NA,Y,NA,Y,NA,C,02,0,1,0,0,0,0,0,0,1,-,-,34.09416961669922,-118.15952301025392,LOS ANGELES,ALHAMBRA,-118.15897369384766,34.094303131103516
9527527,2022,2023-02-23,1900,2022-08-25,0830,634400,1322,4,5,5,1935,0,0,0,NA,0,132T2,WOODRUFF AV,REVA ST,0,NA,Y,A,-,N,NA,NA,NA,NA,NA,NA,NA,NA,NA,N,3,0,1,2,A,-,05,21650,1,N,D,G,A,A,H,-,A,D,0,NA,Y,NA,NA,Y,NA,L,04,0,1,0,0,0,0,1,0,0,-,-,NA,NA,LOS ANGELES,LAKEWOOD,-118.11721801757813,33.86737823486328
9527528,2022,2023-02-23,1901,2022-08-09,0852,218,24,2,5,5,1901,0,0,0,NA,0,003,ALHAMBRA RD,MARGUERITA AV,45,E,N,A,-,N,NA,NA,NA,NA,NA,NA,NA,NA,NA,Y,2,0,1,2,A,-,10,21950,A,N,G,B,B,A,H,-,A,A,0,Y,NA,NA,NA,Y,NA,A,01,1,0,0,0,1,0,0,0,0,-,-,34.098751068115234,-118.13841247558594,LOS ANGELES,ALHAMBRA,-118.13821411132813,34.09872055053711
9527529,2022,2023-03-01,1900,2022-08-30,1642,643734,NA,2,5,4,1917,0,0,0,NA,0,26T,LIVE OAK ST,BEAR AV,950,E,N,A,-,N,NA,NA,NA,NA,NA,NA,NA,NA,NA,N,4,0,1,2,A,-,09,21804,A,N,-,C,A,A,H,-,A,D,0,NA,NA,NA,NA,Y,NA,A,01,0,0,1,0,0,0,0,0,0,-,-,NA,NA,LOS ANGELES,CUDAHY,-118.19674682617188,33.96891403198242
9527552,2022,2023-02-22,1942,2022-12-27,2205,42344,1749,2,5,7,1942,0,0,0,Q,0,26T32W,WOODLEY AV,SAN JOSE ST,400,N,N,C,-,N,NA,NA,NA,NA,NA,NA,NA,NA,NA,Y,4,0,2,3,A,-,08,22107,NA,N,B,C,A,B,H,-,C,D,0,NA,NA,NA,NA,Y,Y,A,01,0,0,2,0,0,0,0,0,0,-,-,NA,NA,LOS ANGELES,LOS ANGELES,-118.48480987548828,34.26212692260742
9527553,2022,2023-02-22,1900,2022-12-25,2320,649100,0816,7,5,4,1960,0,0,0,NA,0,86K1,VALLEY CENTER AV,BADILLO ST,0,NA,Y,A,C,N,NA,NA,NA,NA,NA,NA,NA,NA,NA,NA,2,0,3,2,A,-,12,21453,A,N,D,C,A,-,H,-,A,A,0,NA,NA,NA,NA,Y,NA,A,01,1,2,0,0,0,0,0,0,0,-,-,34.0974006652832,-117.83766174316406,LOS ANGELES,SAN DIMAS,-117.83763885498048,34.09730911254883
9527558,2022,2023-02-22,1900,2022-12-02,1840,634734,2112,5,5,5,1943,0,0,0,NA,0,212T3,IMPERIAL HWY,MARTIN LUTHER KING JR BL,0,NA,Y,C,-,N,NA,NA,NA,NA,NA,NA,NA,NA,NA,N,4,0,1,2,A,-,12,21453,NA,N,D,C,A,B,H,-,C,A,0,NA,NA,NA,NA,Y,NA,A,01,0,0,1,0,0,0,0,0,0,-,-,33.9310417175293,-118.20285034179688,LOS ANGELES,LYNWOOD,-118.20298004150392,33.93140411376953
9527560,2022,2023-02-22,1942,2022-12-26,1005,38940,1723,1,5,7,1942,0,0,0,Q,0,26M49,LASSEN ST,MASON AV,0,NA,Y,A,-,N,NA,NA,NA,NA,NA,NA,NA,NA,NA,Y,3,0,2,2,A,-,12,21453,A,N,D,C,A,A,H,-,A,A,0,NA,NA,NA,NA,Y,Y,A,01,0,2,0,0,0,0,0,0,0,-,-,NA,NA,LOS ANGELES,LOS ANGELES,-118.57980346679688,34.249977111816406
9527561,2022,2023-02-22,1942,2022-12-13,0625,40876,1788,2,5,7,1942,0,0,0,Q,0,26TL26,NORDHOFF ST,LOUISE AV,12,E,N,A,-,N,NA,NA,NA,NA,NA,NA,NA,NA,NA,N,3,0,1,2,D,-,00,NA,NA,N,G,B,B,A,H,-,B,A,0,Y,NA,NA,NA,Y,Y,-,-,0,1,0,0,1,0,0,0,0,-,-,NA,NA,LOS ANGELES,LOS ANGELES,-118.51122283935548,34.23576736450195
9527563,2022,2023-02-21,1941,2022-09-16,0842,11512,EAST,5,5,7,1941,0,0,0,NA,0,012,CLARK AV,ANAHEIM RD,0,NA,Y,A,-,N,NA,NA,NA,NA,NA,NA,NA,NA,NA,NA,3,0,1,2,D,-,00,NA,NA,N,D,C,A,A,H,-,A,D,0,NA,NA,Y,NA,Y,NA,-,-,0,1,0,0,0,0,0,0,1,-,-,33.78445816040039,-118.13406372070313,LOS ANGELES,LONG BEACH,-118.1340789794922,33.784488677978516
9527564,2022,2023-02-21,1942,2022-09-20,0730,35393,357,2,5,7,1942,0,0,0,NA,0,25T21,EXPOSITION BL,VERMONT AV,0,NA,Y,A,-,N,NA,NA,NA,NA,NA,NA,NA,NA,NA,N,3,0,1,2,A,-,10,21950,A,F,G,B,B,A,H,-,A,A,0,Y,NA,NA,NA,Y,NA,-,99,0,1,0,0,1,0,0,0,0,-,-,NA,NA,LOS ANGELES,LOS ANGELES,-118.29153442382813,34.01817321777344
9527565,2022,2023-02-21,1942,2022-09-27,1000,42645,0363,2,5,7,1942,0,0,0,C,0,25T23,39TH ST,VICTORIA AV,0,NA,Y,A,-,N,NA,NA,NA,NA,NA,NA,NA,NA,NA,Y,3,0,1,2,A,-,09,21801,A,N,D,C,A,A,H,-,A,A,0,NA,NA,NA,NA,Y,NA,A,01,0,1,0,0,0,0,0,0,0,-,-,NA,NA,LOS ANGELES,LOS ANGELES,-118.33705902099608,34.014923095703125
9527566,2022,2023-02-21,1942,2022-09-10,2355,43705,0309,6,5,7,1942,0,0,0,C,0,2A46W5,WASHINGTON BL,OAK ST,291,W,N,A,-,N,NA,NA,NA,NA,NA,NA,NA,NA,NA,Y,2,0,4,2,A,-,09,21801,A,N,A,C,A,A,H,-,C,D,0,NA,NA,NA,NA,Y,NA,A,07,1,1,2,0,0,0,0,0,0,-,-,NA,NA,LOS ANGELES,LOS ANGELES,-118.27842712402344,34.037269592285156
9527567,2022,2023-02-21,1900,2022-09-24,2230,637362,1418,6,5,1,1932,0,0,0,NA,0,141T5P,NOGALES ST,ARENTH AV,0,NA,Y,A,-,N,NA,NA,NA,NA,NA,NA,NA,NA,NA,N,4,0,1,2,A,-,12,21453,A,N,D,C,A,A,H,-,C,A,0,NA,NA,NA,NA,Y,NA,A,01,0,0,1,0,0,0,0,0,0,-,-,34.00128936767578,-117.887939453125,LOS ANGELES,INDUSTRY,-117.88787078857422,34.001243591308594
9527568,2022,2023-02-21,1972,2022-09-23,1516,22341,NA,5,5,6,1972,0,0,0,NA,0,NA,TORRANCE BL,ARLINGTON AV,0,NA,Y,A,-,N,NA,NA,NA,NA,NA,NA,NA,NA,NA,N,2,0,1,2,A,-,17,21451,A,N,G,B,B,A,H,-,A,A,0,Y,NA,NA,NA,Y,NA,A,NA,1,0,0,0,1,0,0,0,0,-,-,NA,NA,LOS ANGELES,TORRANCE,-118.32048797607422,33.83641815185547
9527570,2022,2023-02-21,1900,2022-09-26,1949,656655,0333,1,5,4,1939,0,0,0,NA,0,35T1,HAWTHORNE BL,MANHATTAN BEACH BL,43,N,N,A,-,N,NA,NA,NA,NA,NA,NA,NA,NA,NA,Y,3,0,1,2,A,-,03,22350,NA,N,C,C,A,A,H,-,C,A,0,NA,NA,NA,NA,Y,NA,A,01,0,1,0,0,0,0,0,0,0,-,-,33.88761901855469,-118.35275268554688,LOS ANGELES,LAWNDALE,-118.35272979736328,33.887447357177734
9527576,2022,2023-02-21,1942,2022-09-29,2156,41054,1823,4,5,7,1942,0,0,0,R,0,31D122,TOWNE AV,97TH ST,10,N,N,A,-,N,NA,NA,NA,NA,NA,NA,NA,NA,NA,Y,3,0,2,5,A,-,05,21650,NA,N,B,C,A,A,H,-,C,D,0,NA,NA,NA,NA,Y,Y,A,07,0,2,0,0,0,0,0,0,0,-,-,NA,NA,LOS ANGELES,LOS ANGELES,-118.2673568725586,33.94834899902344
9527577,2022,2023-02-21,1941,2022-09-20,1016,11347,2,2,5,7,1941,0,0,0,NA,0,009,OBISPO AV,BTWN WINNIPEG PL & COLORADO ST,0,NA,-,A,-,N,NA,NA,NA,NA,NA,NA,NA,NA,NA,NA,3,0,1,2,D,-,00,NA,NA,F,C,G,A,A,H,-,A,A,0,NA,Y,NA,NA,Y,NA,-,-,0,1,0,0,0,0,1,0,0,-,-,33.76974105834961,-118.15487670898438,LOS ANGELES,LONG BEACH,-118.15462493896484,33.76966857910156
9527584,2023,2023-02-25,1942,2023-02-02,1935,37613,1754,4,5,7,1942,0,0,0,Q,0,26TL76,LASSEN ST,WINNETKA AV,0,NA,Y,A,-,N,NA,NA,NA,NA,NA,NA,NA,NA,NA,Y,3,0,1,2,A,-,01,23152,A,N,D,C,A,A,H,-,C,A,0,NA,NA,NA,NA,Y,Y,A,01,0,1,0,0,0,0,0,0,0,-,-,NA,NA,LOS ANGELES,LOS ANGELES,-118.57122039794922,34.24998474121094
9527585,2023,2023-02-25,1942,2023-02-02,2100,42627,2139,4,5,7,1942,0,0,0,NA,0,21A29,WINNETKA AV,LEADWELL ST,300,S,-,A,-,N,NA,NA,NA,NA,NA,NA,NA,NA,NA,Y,4,0,1,2,A,-,08,22107,NA,F,G,C,A,A,H,-,C,A,0,NA,NA,NA,NA,Y,NA,A,01,0,0,1,0,0,0,0,0,0,-,-,NA,NA,LOS ANGELES,LOS ANGELES,-118.57097625732422,34.2026481628418
9527586,2023,2023-02-25,1942,2023-02-07,2010,41396,1535,2,5,7,1942,0,0,0,O,0,26T57W,COLLINS ST,CAMELLIA AV,138,E,N,B,-,N,NA,NA,NA,NA,NA,NA,NA,NA,NA,Y,4,0,1,2,A,-,01,23152,A,F,C,C,A,A,H,-,C,D,0,NA,NA,NA,NA,Y,Y,A,01,0,0,1,0,0,0,0,0,0,-,-,NA,NA,LOS ANGELES,LOS ANGELES,-118.38178253173828,34.1739616394043
9527587,2023,2023-02-25,1942,2023-02-01,1750,44489,1544,3,5,7,1942,0,0,0,O,0,15U1,RIVERSIDE DR,LAURELGROVE AV,0,NA,Y,A,-,N,NA,NA,NA,NA,NA,NA,NA,NA,NA,N,4,0,1,2,A,-,08,22107,NA,F,-,G,A,A,H,-,B,D,0,NA,Y,NA,NA,Y,NA,-,99,0,0,1,0,0,0,1,0,0,-,-,NA,NA,LOS ANGELES,LOS ANGELES,-118.40087127685548,34.15761184692383
9527588,2023,2023-02-25,1942,2023-02-03,2200,40388,1785,5,5,7,1942,0,0,0,Q,0,26T52W,PARTHENIA ST,LINDLEY AV,0,NA,Y,A,-,N,NA,NA,NA,NA,NA,NA,NA,NA,NA,Y,2,0,1,3,A,-,09,21801,A,F,H,A,A,A,H,-,C,A,0,NA,NA,Y,NA,Y,NA,-,99,1,0,0,0,0,0,0,0,1,-,-,NA,NA,LOS ANGELES,LOS ANGELES,-118.52735137939452,34.228675842285156
9527589,2023,2023-03-01,1942,2023-02-03,2330,43381,0969,5,5,7,1942,0,0,0,I,0,9XL16,COLDWATER CANYON AV,RT 101,0,NA,Y,A,-,Y,LA,7,101,-,-,13.765,R,4,N,Y,4,0,1,2,A,-,03,22350,NA,F,B,C,A,A,H,-,C,A,0,NA,NA,NA,NA,Y,NA,A,01,0,0,1,0,0,0,0,0,0,-,NF,NA,NA,LOS ANGELES,LOS ANGELES,-118.41171264648438,34.156822204589844
9527590,2023,2023-02-25,1942,2023-02-04,1515,42324,1005,6,5,7,1942,0,0,0,J,0,26T73W,ROSCOE BL,ZELZAH AV,0,NA,Y,A,-,N,NA,NA,NA,NA,NA,NA,NA,NA,NA,Y,3,0,2,3,A,-,10,21950,A,F,G,B,B,A,H,-,A,A,0,Y,NA,NA,NA,Y,NA,A,01,0,1,1,0,2,0,0,0,0,-,-,NA,NA,LOS ANGELES,LOS ANGELES,-118.52298736572266,34.220916748046875
9527591,2023,2023-02-25,1942,2023-02-04,1220,34265,1636,6,5,7,1942,0,0,0,P,0,26TL46,WENTWORTH ST,RADWIN AV,0,NA,Y,A,-,N,NA,NA,NA,NA,NA,NA,NA,NA,NA,Y,4,0,1,2,A,-,12,22450,A,F,B,C,A,A,H,-,A,A,0,NA,NA,NA,NA,Y,NA,-,99,0,0,1,0,0,0,0,0,0,-,-,NA,NA,LOS ANGELES,LOS ANGELES,-118.33830261230467,34.26388168334961
9527592,2023,2023-02-25,1942,2023-02-01,1930,41778,LOS A,3,5,7,1942,0,0,0,NA,0,9XL66,VICTORY BL,COLDWATER CANYON,80,W,-,A,-,N,NA,NA,NA,NA,NA,NA,NA,NA,NA,N,4,0,1,2,A,-,08,22107,NA,F,B,C,A,A,-,-,C,A,0,NA,NA,NA,NA,Y,NA,-,NA,0,0,1,0,0,0,0,0,0,-,-,NA,NA,LOS ANGELES,LOS ANGELES,-118.41407775878906,34.18667984008789
9527593,2023,2023-02-25,1942,2023-02-03,1945,38314,1617,5,5,7,1942,0,0,0,P,0,26TL34,FOOTHILL BL,QUILL AV,50,W,N,A,-,N,NA,NA,NA,NA,NA,NA,NA,NA,NA,N,3,0,1,2,A,-,01,23152,A,N,C,C,A,A,H,-,C,D,0,NA,NA,NA,NA,Y,Y,A,07,0,1,0,0,0,0,0,0,0,-,-,NA,NA,LOS ANGELES,LOS ANGELES,-118.31699371337892,34.25968933105469
9527594,2023,2023-02-25,1942,2023-02-05,40,44653,LOS A,7,5,7,1942,0,0,0,NA,0,1501,COLDWATER CANYON,ELKWOOD,0,NA,Y,A,-,N,NA,NA,NA,NA,NA,NA,NA,NA,NA,N,4,0,1,2,A,-,03,22350,NA,F,C,C,A,A,H,-,C,A,0,NA,NA,NA,NA,Y,NA,-,NA,0,0,1,0,0,0,0,0,0,-,-,NA,NA,LOS ANGELES,LOS ANGELES,-118.41439056396484,34.21204376220703
9527595,2023,2023-02-25,1942,2023-02-03,2200,36087,1764,5,5,7,1942,0,0,0,Q,0,26T54,CORBIN AV,PRAIRIE ST,39,S,N,A,-,N,NA,NA,NA,NA,NA,NA,NA,NA,NA,N,2,0,1,2,A,-,11,21954,A,N,G,B,E,A,H,-,C,A,0,Y,NA,NA,NA,Y,NA,N,60,1,0,0,0,1,0,0,0,0,-,-,NA,NA,LOS ANGELES,LOS ANGELES,-118.56230926513672,34.23903274536133
9527596,2023,2023-02-25,1942,2023-02-06,2250,33504,009,1,5,7,1942,0,0,0,NA,0,26T55W,WOODMAN AV,WOODMAN PL,30,N,N,A,G,N,NA,NA,NA,NA,NA,NA,NA,NA,NA,Y,4,0,1,3,A,-,01,23152,A,N,C,C,A,A,-,-,C,A,0,NA,NA,NA,NA,Y,Y,A,01,0,0,1,0,0,0,0,0,0,-,-,NA,NA,LOS ANGELES,LOS ANGELES,-118.43124389648438,34.20730209350586
9527597,2023,2023-02-25,1942,2023-02-02,2010,41514,0905,4,5,7,1942,0,0,0,I,0,26T72,SHERMAN WY,KESTER AV,800,E,N,A,-,N,NA,NA,NA,NA,NA,NA,NA,NA,NA,Y,2,0,1,3,A,-,08,22107,NA,N,B,E,A,A,H,-,C,D,0,NA,NA,NA,NA,Y,NA,A,07,1,0,0,0,0,0,0,0,0,-,-,34.20130157470703,-118.4542999267578,LOS ANGELES,LOS ANGELES,-118.45481872558594,34.201141357421875
9527598,2023,2023-02-25,1942,2023-02-03,1755,41514,1924,5,5,7,1942,0,0,0,NA,0,26T72,HUBBARD ST,HERRICK AV,640,E,N,A,-,N,NA,NA,NA,NA,NA,NA,NA,NA,NA,N,2,0,1,2,A,-,11,21954,A,N,G,B,D,A,H,-,C,D,0,Y,NA,NA,NA,Y,NA,N,60,1,0,0,0,1,0,0,0,0,-,-,34.29679870605469,-118.44180297851564,LOS ANGELES,LOS ANGELES,-118.44076538085938,34.298095703125
9527599,2023,2023-02-25,1900,2023-02-01,1100,646466,1432,3,5,4,1937,0,0,0,NA,0,143T1,TEMPLE AV,STIMSON AV,0,NA,Y,A,-,N,NA,NA,NA,NA,NA,NA,NA,NA,NA,Y,4,0,1,2,A,-,10,21950,A,M,G,B,B,A,H,-,A,A,0,Y,NA,NA,NA,Y,NA,A,08,0,0,1,0,1,0,0,0,0,-,-,34.028018951416016,-117.94898986816406,LOS ANGELES,LA PUENTE,-117.94911193847656,34.0280647277832
9527600,2023,2023-02-25,1942,2023-02-04,330,44674,1739,6,5,7,1942,0,0,0,Q,0,17A67,WOODLEY AV,SAN FERNANDO MISSION BL,2030,S,N,A,-,N,NA,NA,NA,NA,NA,NA,NA,NA,NA,Y,2,0,1,1,A,-,01,23152,A,N,A,J,A,A,H,-,C,D,0,NA,NA,NA,NA,Y,Y,A,07,1,0,0,0,0,0,0,0,0,-,-,NA,NA,LOS ANGELES,LOS ANGELES,-118.48476409912108,34.266353607177734
9527601,2023,2023-03-06,1942,2023-01-25,1330,36171,0152,3,5,7,1942,0,0,0,A,0,24TL53,7TH ST,HILL ST,0,NA,Y,A,-,N,NA,NA,NA,NA,NA,NA,NA,NA,NA,N,4,0,1,2,A,-,08,22107,NA,N,B,C,A,A,H,-,A,D,0,NA,NA,NA,NA,Y,NA,I,11,0,0,1,0,0,0,0,0,0,-,-,NA,NA,LOS ANGELES,LOS ANGELES,-118.25449371337892,34.045928955078125
9527609,2023,2023-03-07,1942,2023-01-05,1620,34458,0111,4,5,7,1942,0,0,0,A,0,24TL53,BROADWAY,COLLEGE ST,20,S,N,A,D,N,NA,NA,NA,NA,NA,NA,NA,NA,NA,N,4,0,1,2,A,-,21,22106,NA,F,B,C,A,B,H,-,A,D,0,NA,NA,NA,NA,Y,NA,-,99,0,0,1,0,0,0,0,0,0,-,-,NA,NA,LOS ANGELES,LOS ANGELES,-118.2375030517578,34.06398010253906
9527613,2023,2023-03-06,1942,2023-01-28,1450,39889,0192,6,5,7,1942,0,0,0,A,0,24MQ39,S HILL ST,VENICE BL,95,S,N,A,-,N,NA,NA,NA,NA,NA,NA,NA,NA,NA,N,2,0,1,2,A,-,05,21650,1,N,A,G,A,A,H,-,A,D,0,NA,Y,NA,Y,Y,NA,L,04,1,0,0,0,0,0,1,0,0,-,-,NA,NA,LOS ANGELES,LOS ANGELES,-118.26473236083984,34.03450012207031
9527629,2022,2023-02-27,1942,2022-12-16,0150,44528,1352,5,5,7,1942,0,0,0,M,0,13A13W,VERNON AV,WALL ST,15,E,N,A,-,N,NA,NA,NA,NA,NA,NA,NA,NA,NA,Y,3,0,2,5,A,-,03,22350,NA,F,A,D,A,A,H,-,C,D,0,NA,NA,NA,NA,Y,NA,A,01,0,2,0,0,0,0,0,0,0,-,-,NA,NA,LOS ANGELES,LOS ANGELES,-118.27171325683594,34.003841400146484
9527681,2023,2023-02-27,1900,2023-01-28,820,608904,0461,6,5,4,1936,0,0,0,NA,0,46T1/D,VALLEY VIEW AV,ADOREE ST,575,N,N,A,-,N,NA,NA,NA,NA,NA,NA,NA,NA,NA,N,4,0,2,2,A,-,09,21804,A,N,D,C,A,A,H,-,A,D,0,NA,NA,NA,NA,Y,NA,A,07,0,0,2,0,0,0,0,0,0,-,-,NA,NA,LOS ANGELES,LA MIRADA,-118.02937316894533,33.91557693481445
9527682,2023,2023-02-27,1900,2023-01-11,1000,653926,0453,3,5,6,1949,0,0,0,NA,0,43T2,ROSECRANS AV,JERSEY AV,0,NA,Y,A,-,N,NA,NA,NA,NA,NA,NA,NA,NA,NA,N,4,0,1,2,A,-,09,21801,A,M,D,C,A,A,H,-,A,D,0,NA,NA,NA,NA,Y,NA,A,01,0,0,1,0,0,0,0,0,0,-,-,NA,NA,LOS ANGELES,NORWALK,-118.08641052246094,33.90211868286133
9527683,2023,2023-02-27,1900,2023-01-18,1545,652895,0451,3,5,6,1949,0,0,0,NA,0,45T1/P,HOXIE AV,DOWNEY NORWALK RD,20,N,N,A,-,N,NA,NA,NA,NA,NA,NA,NA,NA,NA,N,3,0,1,2,A,-,11,21954,A,N,G,B,D,A,H,-,A,D,0,Y,NA,NA,NA,Y,NA,N,60,0,1,0,0,1,0,0,0,0,-,-,NA,NA,LOS ANGELES,NORWALK,-118.10370635986328,33.92265319824219
9527684,2023,2023-02-27,1900,2023-01-12,800,616179,0454,4,5,6,1949,0,0,0,NA,0,43T1,BLOOMFIELD AV,HACIENDA DR,0,NA,Y,A,-,N,NA,NA,NA,NA,NA,NA,NA,NA,NA,N,4,0,1,2,A,-,08,22107,NA,N,D,C,A,A,H,-,A,D,0,NA,NA,Y,NA,Y,NA,A,01,0,0,1,0,0,0,0,0,0,-,-,NA,NA,LOS ANGELES,NORWALK,-118.06466674804688,33.913700103759766