CASE_ID,ACCIDENT_YEAR,PROC_DATE,JURIS,COLLISION_DATE,COLLISION_TIME,OFFICER_ID,REPORTING_DISTRICT,DAY_OF_WEEK,CHP_SHIFT,POPULATION,CNTY_CITY_LOC,SPECIAL_COND,BEAT_TYPE,CHP_BEAT_TYPE,CITY_DIVISION_LAPD,CHP_BEAT_CLASS,BEAT_NUMBER,PRIMARY_RD,SECONDARY_RD,DISTANCE,DIRECTION,INTERSECTION,WEATHER_1,WEATHER_2,STATE_HWY_IND,CALTRANS_COUNTY,CALTRANS_DISTRICT,STATE_ROUTE,ROUTE_SUFFIX,POSTMILE_PREFIX,POSTMILE,LOCATION_TYPE,RAMP_INTERSECTION,SIDE_OF_HWY,TOW_AWAY,COLLISION_SEVERITY,NUMBER_KILLED,NUMBER_INJURED,PARTY_COUNT,PRIMARY_COLL_FACTOR,PCF_CODE_OF_VIOL,PCF_VIOL_CATEGORY,PCF_VIOLATION,PCF_VIOL_SUBSECTION,HIT_AND_RUN,TYPE_OF_COLLISION,MVIW,PED_ACTION,ROAD_SURFACE,ROAD_COND_1,ROAD_COND_2,LIGHTING,CONTROL_DEVICE,CHP_ROAD_TYPE,PEDESTRIAN_ACCIDENT,BICYCLE_ACCIDENT,MOTORCYCLE_ACCIDENT,TRUCK_ACCIDENT,NOT_PRIVATE_PROPERTY,ALCOHOL_INVOLVED,STWD_VEHTYPE_AT_FAULT,CHP_VEHTYPE_AT_FAULT,COUNT_SEVERE_INJ,COUNT_VISIBLE_INJ,COUNT_COMPLAINT_PAIN,COUNT_PED_KILLED,COUNT_PED_INJURED,COUNT_BICYCLIST_KILLED,COUNT_BICYCLIST_INJURED,COUNT_MC_KILLED,COUNT_MC_INJURED,PRIMARY_RAMP,SECONDARY_RAMP,LATITUDE,LONGITUDE,COUNTY,CITY,POINT_X,POINT_Y
9530613,2022,2022-12-15,1931,2022-11-07,0332,5731,1931,1,5,5,1931,0,0,0,NA,0,001,SLAUSON AV,MALABAR ST,206,E,N,A,-,N,NA,NA,NA,NA,NA,NA,NA,NA,NA,Y,4,0,1,2,A,-,09,21804,A,N,D,C,A,A,H,-,C,D,0,NA,NA,NA,NA,Y,NA,A,01,0,0,1,0,0,0,0,0,0,-,-,NA,NA,LOS ANGELES,HUNTINGTON PARK,-118.22713470458984,33.98920822143555
9530614,2022,2022-12-14,1931,2022-11-04,0939,5349,1931,5,5,5,1931,0,0,0,NA,0,004,OLIVE ST,STATE ST,73,E,N,A,-,N,NA,NA,NA,NA,NA,NA,NA,NA,NA,N,4,0,1,2,A,-,11,21954,A,N,G,B,D,A,H,-,A,D,0,Y,NA,NA,NA,Y,NA,N,60,0,0,1,0,1,0,0,0,0,-,-,NA,NA,LOS ANGELES,HUNTINGTON PARK,-118.2101821899414,33.966758728027344
9530631,2022,2022-12-13,1900,2022-10-10,1711,515235,1413,1,5,1,1932,0,0,0,NA,0,141T5P,7TH AV,DON JULIAN RD,642,N,N,A,-,N,NA,NA,NA,NA,NA,NA,NA,NA,NA,Y,4,0,1,2,A,-,04,21703,NA,N,A,C,A,B,H,-,A,D,0,NA,NA,NA,NA,Y,NA,A,08,0,0,1,0,0,0,0,0,0,-,-,34.03049850463867,-117.97917175292967,LOS ANGELES,INDUSTRY,-117.97917938232422,34.03044128417969
9530632,2022,2022-12-13,1900,2022-10-15,1745,551881,1453,6,5,2,1999,0,0,0,NA,0,141T5,HACIENDA RD,EAST RD,523,S,N,B,-,N,NA,NA,NA,NA,NA,NA,NA,NA,NA,Y,2,0,1,1,A,-,08,22107,NA,N,B,I,A,A,H,-,C,D,0,NA,NA,Y,NA,Y,Y,C,02,1,0,0,0,0,0,0,0,1,-,-,33.954551696777344,-117.95886993408205,LOS ANGELES,LA HABRA HEIGHTS,-117.95815277099608,33.95595932006836
9530637,2022,2022-12-13,1934,2022-10-29,1944,802,IRWPD,6,5,1,1934,0,0,0,NA,0,001,VINCENT AV,EDISON POLE #E3633421,1200,S,N,A,-,N,NA,NA,NA,NA,NA,NA,NA,NA,NA,Y,3,0,1,2,A,-,03,22350,NA,N,B,C,A,A,H,-,D,D,0,NA,NA,NA,NA,Y,NA,A,01,0,1,0,0,0,0,0,0,0,-,-,34.106971740722656,-117.92537689208984,LOS ANGELES,IRWINDALE,NA,NA
9530638,2022,2022-12-13,1934,2022-10-27,1654,750,NA,4,5,1,1934,0,0,0,NA,0,001,ARROW HWY,RT 605,0,NA,Y,A,-,N,NA,NA,NA,NA,NA,NA,NA,NA,NA,N,3,0,1,3,A,-,03,22350,NA,M,C,C,A,A,H,-,A,D,0,NA,NA,NA,NA,Y,NA,-,NA,0,1,0,0,0,0,0,0,0,-,-,NA,NA,LOS ANGELES,IRWINDALE,-117.97766876220705,34.11494827270508
9530639,2022,2023-01-10,1934,2022-10-13,2302,802,IRWPD,4,5,1,1934,0,0,0,NA,0,001,RT 210,IRWINDALE AV,47,W,N,A,-,Y,LA,7,210,-,R,38.068,R,4,W,N,3,0,1,1,C,-,18,NA,NA,N,G,B,A,A,H,-,C,A,0,NA,NA,NA,NA,Y,NA,-,-,0,1,0,0,0,0,0,0,0,WF,-,NA,NA,LOS ANGELES,IRWINDALE,-117.93016052246094,34.13075637817383
9530641,2022,2022-12-06,1926,2022-10-29,1037,0136,4,6,5,5,1926,0,0,0,NA,0,004,E AUTO CENTRE DR,LONE HILL AV,659,E,N,A,-,N,NA,NA,NA,NA,NA,NA,NA,NA,NA,N,4,0,1,2,A,-,09,21801,A,N,D,C,A,A,H,-,A,A,0,NA,NA,NA,NA,Y,NA,A,01,0,0,1,0,0,0,0,0,0,-,-,34.116661071777344,-117.82607269287108,LOS ANGELES,GLENDORA,-117.82687377929688,34.117584228515625
9530642,2022,2022-12-08,1926,2022-10-30,0619,0175,2,7,5,5,1926,0,0,0,NA,0,002,RT 66,VERMONT AV,0,NA,Y,A,-,N,NA,NA,NA,NA,NA,NA,NA,NA,NA,Y,3,0,1,2,D,-,00,NA,NA,N,D,C,A,A,H,-,A,A,0,NA,NA,NA,NA,Y,NA,-,-,0,1,0,0,0,0,0,0,0,-,-,34.12866973876953,-117.86740112304688,LOS ANGELES,GLENDORA,-117.86740112304688,34.128692626953125
9530643,2022,2022-12-16,1900,2022-10-27,0455,607713,1614,4,5,5,1977,0,0,0,NA,0,160T,FIGUEROA ST,RT 405,0,NA,Y,A,-,Y,LA,7,405,-,-,12.63,R,4,N,Y,3,0,1,2,A,-,09,21802,A,N,D,C,A,A,H,-,C,A,0,NA,NA,NA,NA,Y,NA,A,01,0,1,0,0,0,0,0,0,0,-,-,33.85514831542969,-118.28170776367188,LOS ANGELES,CARSON,-118.28052520751952,33.8535041809082
9530644,2022,2022-12-06,1900,2022-10-18,1854,640413,1630,2,5,5,1977,0,0,0,NA,0,164T1,CENTRAL AV,ALBERTONI ST,79,S,N,A,-,N,NA,NA,NA,NA,NA,NA,NA,NA,NA,N,3,0,1,2,A,-,11,21456,A,N,G,B,B,A,H,-,C,A,0,Y,NA,NA,NA,Y,NA,N,60,0,1,0,0,1,0,0,0,0,-,-,NA,NA,LOS ANGELES,CARSON,-118.24877166748048,33.872562408447266
9530645,2022,2022-12-06,1900,2022-10-26,1035,657316,1618,3,5,5,1977,0,0,0,NA,0,168T,AVALON BL,221ST ST,0,NA,Y,A,-,N,NA,NA,NA,NA,NA,NA,NA,NA,NA,N,3,0,1,2,A,-,12,22450,A,N,D,G,A,A,H,-,A,A,0,NA,Y,NA,NA,Y,NA,L,04,0,1,0,0,0,0,1,0,0,-,-,33.82661819458008,-118.26377105712892,LOS ANGELES,CARSON,-118.26373291015624,33.82659912109375
9530646,2022,2022-12-06,1900,2022-10-20,0807,621411,1614,4,5,5,1977,0,0,0,NA,0,1647,VICTORIA ST,COLTMAN AV,0,NA,Y,A,-,N,NA,NA,NA,NA,NA,NA,NA,NA,NA,N,4,0,1,2,A,-,21,22106,NA,N,H,G,A,-,H,-,A,A,0,NA,Y,NA,NA,Y,NA,A,01,0,0,1,0,0,0,1,0,0,-,-,33.86627960205078,-118.27356719970705,LOS ANGELES,CARSON,-118.27359771728516,33.86629867553711
9530652,2022,2022-11-28,1946,2022-09-04,0839,P21,NA,7,5,4,1946,0,0,0,NA,0,002,DUARTE,PILGRIM PL,29,E,N,A,-,N,NA,NA,NA,NA,NA,NA,NA,NA,NA,Y,4,0,1,1,A,-,08,22107,NA,N,E,I,A,A,H,-,A,D,0,NA,NA,NA,NA,Y,NA,-,-,0,0,1,0,0,0,0,0,0,-,-,NA,NA,LOS ANGELES,MONROVIA,-118.0136260986328,34.13209533691406
9530653,2022,2022-11-28,1946,2022-09-04,2240,P18,1946,7,5,4,1946,0,0,0,NA,0,002,MYRTLE,EVERGREEN,0,NA,Y,A,-,N,NA,NA,NA,NA,NA,NA,NA,NA,NA,N,4,0,1,2,A,-,12,21453,A,N,D,C,A,A,H,-,D,A,0,NA,NA,NA,NA,Y,NA,A,01,0,0,1,0,0,0,0,0,0,-,-,NA,NA,LOS ANGELES,MONROVIA,-118.00080108642578,34.135074615478516
9530654,2022,2022-11-28,1946,2022-09-05,1519,P31,NA,1,5,4,1946,0,0,0,NA,0,002,W DUARTE,8TH,23,W,N,A,-,N,NA,NA,NA,NA,NA,NA,NA,NA,NA,Y,4,0,1,2,A,-,08,22107,NA,N,D,C,A,A,H,-,A,D,0,NA,NA,NA,NA,Y,NA,A,01,0,0,1,0,0,0,0,0,0,-,-,NA,NA,LOS ANGELES,MONROVIA,-118.01580810546876,34.13174819946289
9530655,2022,2022-11-29,1946,2022-09-09,1128,P10,1946,5,5,4,1946,0,0,0,NA,0,003,MYRTLE,DUARTE,200,S,N,A,-,N,NA,NA,NA,NA,NA,NA,NA,NA,NA,Y,4,0,1,3,A,-,01,23152,A,N,C,C,A,A,H,-,A,D,0,NA,NA,NA,NA,Y,Y,A,01,0,0,1,0,0,0,0,0,0,-,-,NA,NA,LOS ANGELES,MONROVIA,-118.00086212158205,34.131622314453125
9530656,2022,2022-11-28,1946,2022-09-09,1913,P8,1946,5,5,4,1946,0,0,0,NA,0,002,HUNTINGTON,PRIMROSE,6,S,N,A,C,N,NA,NA,NA,NA,NA,NA,NA,NA,NA,Y,3,0,4,2,A,-,09,21804,A,N,D,C,A,B,H,-,C,D,0,NA,NA,NA,NA,Y,NA,A,01,0,4,0,0,0,0,0,0,0,-,-,NA,NA,LOS ANGELES,MONROVIA,-118.00302886962892,34.140350341796875
9530657,2022,2022-11-28,1946,2022-09-13,0747,P36,1946,2,5,4,1946,0,0,0,NA,0,001,FOOTHILL,MCKINLEY,52,W,N,B,-,N,NA,NA,NA,NA,NA,NA,NA,NA,NA,Y,4,0,1,2,A,-,03,22350,NA,N,C,C,A,A,H,-,A,D,0,NA,NA,NA,NA,Y,NA,A,01,0,0,1,0,0,0,0,0,0,-,-,NA,NA,LOS ANGELES,MONROVIA,-118.01656341552734,34.15116882324219
9530658,2022,2022-11-28,1946,2022-09-15,1944,P5,PASAD,4,5,4,1946,0,0,0,NA,0,002,MYRTLE,EVERGREEN,0,NA,Y,A,-,N,NA,NA,NA,NA,NA,NA,NA,NA,NA,N,4,0,2,2,A,-,12,21453,A,N,D,C,A,A,H,-,C,A,0,NA,NA,NA,NA,Y,NA,A,07,0,0,2,0,0,0,0,0,0,-,-,NA,NA,LOS ANGELES,MONROVIA,-118.00080108642578,34.135074615478516
9530659,2022,2022-11-28,1946,2022-09-16,0902,P3,1946,5,5,4,1946,0,0,0,NA,0,001,FOOTHILL,IVY,0,NA,Y,A,-,N,NA,NA,NA,NA,NA,NA,NA,NA,NA,Y,3,0,1,2,A,-,09,21801,NA,N,D,C,A,A,H,-,A,A,0,NA,NA,NA,NA,Y,NA,A,01,0,1,0,0,0,0,0,0,0,-,-,NA,NA,LOS ANGELES,MONROVIA,-117.99883270263672,34.15137481689453
9530660,2022,2022-11-28,1946,2022-09-20,0843,P5,PASAD,2,5,4,1946,0,0,0,NA,0,003,DUARTE,SHAMROCK,0,NA,Y,A,-,N,NA,NA,NA,NA,NA,NA,NA,NA,NA,N,4,0,2,2,A,-,09,21801,A,N,D,C,A,A,H,-,A,A,0,NA,NA,NA,NA,Y,NA,A,01,0,0,2,0,0,0,0,0,0,-,-,NA,NA,LOS ANGELES,MONROVIA,-117.99070739746094,34.13224792480469
9530671,2022,2022-12-05,1900,2022-09-19,2100,623660,1629,1,5,5,1977,0,0,0,NA,0,164T1,MAIN ST,FRANCISCO ST,106,N,N,A,-,N,NA,NA,NA,NA,NA,NA,NA,NA,NA,Y,4,0,2,2,A,-,03,22350,NA,N,C,C,A,A,H,-,C,D,0,NA,NA,NA,Y,Y,NA,A,01,0,0,2,0,0,0,0,0,0,-,-,33.85063171386719,-118.28047943115234,LOS ANGELES,CARSON,-118.28046417236328,33.850582122802734
9530675,2022,2022-12-20,1900,2022-11-12,1152,623660,1621,6,5,5,1977,0,0,0,NA,0,168T,WILMINGTON AV,DOMINGUEZ ST,194,S,N,A,-,N,NA,NA,NA,NA,NA,NA,NA,NA,NA,Y,4,0,1,2,A,-,03,22350,NA,N,C,C,A,-,H,-,A,A,0,NA,NA,NA,NA,Y,NA,D,22,0,0,1,0,0,0,0,0,0,-,-,NA,NA,LOS ANGELES,CARSON,-118.23697662353516,33.83871078491211
9530682,2022,2023-01-06,1934,2022-11-15,0606,782,IRWPD,2,5,1,1934,0,0,0,NA,0,NA,AVENIDA BARBOSA,ARROW HWY,300,N,N,A,-,N,NA,NA,NA,NA,NA,NA,NA,NA,NA,Y,3,0,1,2,A,-,09,21801,A,N,D,C,A,A,H,-,A,D,0,NA,NA,NA,NA,Y,NA,I,11,0,1,0,0,0,0,0,0,0,-,-,NA,NA,LOS ANGELES,IRWINDALE,-117.98303985595705,34.1152229309082
9530695,2022,2022-12-20,1900,2022-11-02,1435,643298,1432,3,5,4,1937,0,0,0,NA,0,134T1,AMAR RD,UNRUH AV,0,NA,Y,A,-,N,NA,NA,NA,NA,NA,NA,NA,NA,NA,N,3,0,1,2,A,-,09,21801,A,N,D,C,A,A,H,-,A,A,0,NA,NA,NA,NA,Y,NA,D,22,0,1,0,0,0,0,0,0,0,-,-,34.03839874267578,-117.95358276367188,LOS ANGELES,LA PUENTE,-117.95367431640624,34.03834915161133
9530698,2022,2022-12-21,1934,2022-11-04,1234,800,IRWPD,5,5,1,1934,0,0,0,NA,0,NA,FOOTHILL BL,IRWINDALE AV,0,NA,Y,A,-,N,NA,NA,NA,NA,NA,NA,NA,NA,NA,N,4,0,1,2,A,-,12,21453,A,N,D,C,A,A,H,-,A,A,0,NA,NA,NA,NA,Y,NA,D,22,0,0,1,0,0,0,0,0,0,-,-,34.133758544921875,-117.93372344970705,LOS ANGELES,IRWINDALE,-117.9335708618164,34.133697509765625
9530736,2022,2022-12-02,1900,2022-10-31,0850,655224,2826,1,5,5,1915,0,0,0,NA,0,283T1,BULLIS RD,COMPTON BL,506,N,N,A,-,N,NA,NA,NA,NA,NA,NA,NA,NA,NA,Y,3,0,4,4,A,-,03,22350,NA,N,D,C,A,A,H,-,A,D,0,NA,NA,NA,NA,Y,NA,A,01,0,3,1,0,0,0,0,0,0,-,-,33.89751052856445,-118.20665740966795,LOS ANGELES,COMPTON,-118.20659637451172,33.896018981933594
9530737,2022,2022-12-01,1900,2022-10-27,1900,655224,2840,4,5,5,1915,0,0,0,NA,0,283T1,ALONDRA BL,TAMARIND AV,12,W,N,A,-,N,NA,NA,NA,NA,NA,NA,NA,NA,NA,N,3,0,1,2,A,-,10,21950,A,N,G,B,B,A,H,-,D,A,0,Y,NA,NA,NA,Y,NA,A,07,0,1,0,0,1,0,0,0,0,-,-,33.888641357421875,-118.22164916992188,LOS ANGELES,COMPTON,-118.22154998779295,33.88859939575195
9530738,2022,2022-12-01,1900,2022-10-28,1000,647211,2835,5,5,5,1915,0,0,0,NA,0,282T1,COMPTON BL,ACACIA AV,0,NA,Y,A,-,N,NA,NA,NA,NA,NA,NA,NA,NA,NA,N,4,0,1,2,A,-,10,21950,A,N,G,B,B,A,H,-,A,A,0,Y,NA,NA,NA,Y,NA,A,01,0,0,1,0,1,0,0,0,0,-,-,33.89595031738281,-118.22633361816406,LOS ANGELES,COMPTON,-118.22646331787108,33.89598083496094
9530739,2022,2022-12-02,1900,2022-10-12,1603,645885,2812,3,5,5,1915,0,0,0,NA,0,283T2,EL SEGUNDO BL,PARMALEE AV,480,W,N,A,-,N,NA,NA,NA,NA,NA,NA,NA,NA,NA,N,4,0,4,2,D,-,00,NA,NA,N,B,C,A,A,H,-,A,D,0,NA,NA,NA,NA,Y,NA,-,-,0,0,4,0,0,0,0,0,0,-,-,33.916290283203125,-118.25115966796876,LOS ANGELES,COMPTON,-118.2514190673828,33.916324615478516
9530740,2022,2022-12-01,1900,2022-10-23,1620,659092,2835,7,5,5,1915,0,0,0,NA,0,283T2,WILMINGTON AV,LAUREL ST,0,NA,Y,A,-,N,NA,NA,NA,NA,NA,NA,NA,NA,NA,N,4,0,1,2,A,-,10,21950,A,N,G,B,B,-,H,-,A,A,0,Y,NA,NA,NA,Y,NA,A,01,0,0,1,0,1,0,0,0,0,-,-,33.8927116394043,-118.2374267578125,LOS ANGELES,COMPTON,-118.23736572265624,33.89277648925781
9530781,2022,2022-12-02,1942,2022-05-10,1840,39844,2081,2,5,7,1942,0,0,0,NA,0,27MQ14,WEST WASHINGTON BL,S WILTON PL,75,E,N,A,-,N,NA,NA,NA,NA,NA,NA,NA,NA,NA,N,4,0,1,2,A,-,11,21954,A,N,G,B,D,-,H,-,A,A,0,Y,NA,NA,NA,Y,NA,N,60,0,0,1,0,1,0,0,0,0,-,-,NA,NA,LOS ANGELES,LOS ANGELES,-118.31417083740234,34.03990936279297
9530783,2022,2022-12-02,1942,2022-05-17,2130,38333,2079,2,5,7,1942,0,0,0,NA,0,27Q3,VENICE BL,MAGNOLIA AV,137,E,N,A,-,N,NA,NA,NA,NA,NA,NA,NA,NA,NA,N,3,0,1,2,A,-,09,21804,A,F,H,G,A,A,H,-,C,D,0,NA,Y,NA,NA,Y,NA,-,99,0,1,0,0,0,0,1,0,0,-,-,NA,NA,LOS ANGELES,LOS ANGELES,-118.2859344482422,34.0442008972168
9530784,2022,2022-12-06,1942,2022-05-18,1508,39844,2044,3,5,7,1942,0,0,0,NA,0,27MQ14,W 8TH ST,S KINGSLEY DR,0,NA,Y,A,-,N,NA,NA,NA,NA,NA,NA,NA,NA,NA,Y,3,0,1,2,A,-,09,21804,A,N,D,C,A,A,H,-,A,B,0,NA,NA,NA,NA,Y,NA,A,01,0,1,0,0,0,0,0,0,0,-,-,NA,NA,LOS ANGELES,LOS ANGELES,-118.30307006835938,34.057701110839844
9530785,2022,2022-12-02,1942,2022-05-26,1605,34882,2081,4,5,7,1942,0,0,0,NA,0,27M116,VENICE BL,VAN NESS AV,0,NA,Y,A,-,N,NA,NA,NA,NA,NA,NA,NA,NA,NA,Y,4,0,3,2,A,-,09,21802,A,N,D,C,A,-,H,-,A,A,0,NA,NA,NA,NA,Y,NA,A,01,0,0,3,0,0,0,0,0,0,-,-,NA,NA,LOS ANGELES,LOS ANGELES,-118.31642150878906,34.04356384277344
9530786,2022,2022-12-02,1942,2022-05-26,0735,41126,2076,4,5,7,1942,0,0,0,NA,0,27TL27,WASHINGTON BL,NEW HAMPSHIRE AV,0,NA,Y,A,-,N,NA,NA,NA,NA,NA,NA,NA,NA,NA,N,3,0,1,2,A,-,04,21703,NA,F,H,G,A,A,H,-,A,D,0,NA,Y,NA,NA,Y,NA,-,99,0,1,0,0,0,0,1,0,0,-,-,NA,NA,LOS ANGELES,LOS ANGELES,-118.29236602783205,34.040008544921875
9530787,2022,2022-12-02,1942,2022-05-23,0510,44174,2071,1,5,7,1942,0,0,0,NA,0,20A71,VENICE BL,GRAMERCY PL,10,E,N,A,-,N,NA,NA,NA,NA,NA,NA,NA,NA,NA,Y,4,0,1,2,A,-,08,22107,NA,N,B,E,A,A,H,-,C,D,0,NA,NA,NA,NA,Y,NA,A,07,0,0,1,0,0,0,0,0,0,-,-,NA,NA,LOS ANGELES,LOS ANGELES,-118.31300354003906,34.04356002807617
9530788,2022,2022-12-02,1942,2022-05-22,1750,42834,2039,7,5,7,1942,0,0,0,NA,0,27TL44,WESTMORELAND AV,7TH ST,0,NA,Y,A,-,N,NA,NA,NA,NA,NA,NA,NA,NA,NA,N,4,0,1,2,A,-,10,21950,A,N,G,B,B,A,H,-,A,A,0,Y,NA,NA,NA,Y,NA,A,01,0,0,1,0,1,0,0,0,0,-,-,NA,NA,LOS ANGELES,LOS ANGELES,-118.28907775878906,34.05978012084961
9530789,2022,2022-12-02,1942,2022-05-27,0725,38007,2015,5,5,7,1942,0,0,0,NA,0,27M37,N NORMANDIE AV,W 1ST ST,185,N,N,B,-,N,NA,NA,NA,NA,NA,NA,NA,NA,NA,N,3,0,1,2,A,-,11,21954,A,N,G,B,D,A,H,-,A,A,0,Y,NA,NA,NA,Y,NA,N,60,0,1,0,0,1,0,0,0,0,-,-,NA,NA,LOS ANGELES,LOS ANGELES,-118.30039978027344,34.07328796386719
9530790,2022,2022-12-06,1942,2022-05-29,1855,37966,2044,7,5,7,1942,0,0,0,NA,0,27TL42,IROLO ST,8TH ST,298,S,N,A,-,N,NA,NA,NA,NA,NA,NA,NA,NA,NA,N,4,0,1,3,A,-,05,21460,A,F,B,E,A,A,H,-,A,A,0,NA,NA,NA,NA,Y,NA,-,99,0,0,1,0,0,0,0,0,0,-,-,NA,NA,LOS ANGELES,LOS ANGELES,-118.3009033203125,34.05691146850586
9530791,2022,2022-12-06,1942,2022-05-30,1540,41376,2034,1,5,7,1942,0,0,0,NA,0,27TL46,8TH ST,KINGSLEY DR,0,NA,Y,A,-,N,NA,NA,NA,NA,NA,NA,NA,NA,NA,Y,3,0,2,2,A,-,09,21801,A,N,D,C,A,A,H,-,A,A,0,NA,NA,NA,NA,Y,NA,A,01,0,1,1,0,0,0,0,0,0,-,-,NA,NA,LOS ANGELES,LOS ANGELES,-118.30307006835938,34.057701110839844
9530792,2022,2022-12-02,1942,2022-05-30,0200,44737,2027,1,5,7,1942,0,0,0,NA,0,20A45,KENMORE AV,6TH ST,30,S,N,A,-,N,NA,NA,NA,NA,NA,NA,NA,NA,NA,N,4,0,1,2,A,-,11,21954,A,F,G,B,E,A,H,-,C,D,0,Y,NA,NA,NA,Y,NA,N,60,0,0,1,0,1,0,0,0,0,-,-,NA,NA,LOS ANGELES,LOS ANGELES,-118.296630859375,34.06351852416992
9530793,2022,2022-12-02,1942,2022-05-01,1809,38333,1412,7,5,7,1942,0,0,0,N,0,27Q3,PACIFIC AV,SUNSET AV,0,NA,Y,A,-,N,NA,NA,NA,NA,NA,NA,NA,NA,NA,N,4,0,1,2,A,-,10,21950,A,F,G,B,B,A,H,-,A,A,0,Y,NA,NA,NA,Y,NA,-,99,0,0,1,0,1,0,0,0,0,-,-,NA,NA,LOS ANGELES,LOS ANGELES,-118.47721862792967,33.993927001953125
9530794,2022,2022-12-02,1942,2022-05-23,0850,41003,0713,1,5,7,1942,0,0,0,G,0,27TL25,BEVERLY BL,STANLEY AV,0,NA,Y,A,-,N,NA,NA,NA,NA,NA,NA,NA,NA,NA,Y,3,0,1,2,A,-,09,21801,A,F,D,C,A,A,H,-,A,A,0,NA,NA,Y,NA,Y,NA,-,99,0,1,0,0,0,0,0,0,1,-,-,NA,NA,LOS ANGELES,LOS ANGELES,-118.35633850097656,34.076133728027344
9530795,2022,2022-12-06,1942,2022-05-24,1710,38013,0705,2,5,7,1942,0,0,0,G,0,27M147,LA BREA AV,WARING AV,0,NA,Y,A,-,N,NA,NA,NA,NA,NA,NA,NA,NA,NA,Y,3,0,3,2,A,-,09,21801,A,N,A,C,A,A,H,-,A,A,0,NA,NA,NA,NA,Y,NA,A,01,0,3,0,0,0,0,0,0,0,-,-,NA,NA,LOS ANGELES,LOS ANGELES,-118.34407806396484,34.08525085449219
9530796,2022,2022-12-02,1942,2022-05-28,2215,44299,0721,6,5,7,1942,0,0,0,G,0,27T31W,SAN VICENTE BL,LA CIENEGA BL,40,E,N,A,-,N,NA,NA,NA,NA,NA,NA,NA,NA,NA,N,4,0,1,2,A,-,11,21954,A,N,G,B,E,A,H,-,C,A,0,Y,NA,NA,NA,Y,NA,N,60,0,0,1,0,1,0,0,0,0,-,-,NA,NA,LOS ANGELES,LOS ANGELES,-118.37640380859376,34.07101058959961
9530797,2022,2022-12-06,1942,2022-05-31,0829,34251,0749,2,5,7,1942,0,0,0,G,0,NA,8TH ST,CRENSHAW BL,0,NA,Y,A,-,N,NA,NA,NA,NA,NA,NA,NA,NA,NA,Y,4,0,2,2,A,-,12,21453,A,N,D,C,A,A,H,-,A,A,0,NA,NA,NA,NA,Y,NA,A,08,0,0,2,0,0,0,0,0,0,-,-,NA,NA,LOS ANGELES,LOS ANGELES,-118.32052612304688,34.059112548828125
9530798,2022,2022-12-02,1942,2022-05-06,1650,41376,0743,5,5,7,1942,0,0,0,G,0,27TL48,OLYMPIC BL,SAN VICENTE BL,0,NA,Y,A,-,N,NA,NA,NA,NA,NA,NA,NA,NA,NA,N,4,0,1,2,A,-,08,22100,A,F,B,C,A,A,H,-,A,A,0,NA,NA,NA,NA,Y,NA,-,99,0,0,1,0,0,0,0,0,0,-,-,NA,NA,LOS ANGELES,LOS ANGELES,-118.36287689208984,34.05803298950195
9530799,2022,2022-12-12,1942,2022-05-08,1250,41376,2023,7,5,7,1942,0,0,0,NA,0,21TL44,5TH ST,ARDMORE AV,130,E,N,A,-,N,NA,NA,NA,NA,NA,NA,NA,NA,NA,N,3,0,1,2,A,-,09,21804,A,F,H,C,A,A,H,-,A,D,0,NA,Y,NA,NA,Y,NA,-,99,0,1,0,0,0,0,1,0,0,-,-,NA,NA,LOS ANGELES,LOS ANGELES,-118.30115509033205,34.06535339355469
9530800,2022,2022-12-06,1942,2022-05-09,2040,43023,2088,1,5,7,1942,0,0,0,NA,0,20A97,VERMONT,VENICE BL,50,S,N,A,-,N,NA,NA,NA,NA,NA,NA,NA,NA,NA,Y,3,0,1,3,A,-,04,21703,NA,F,C,C,A,A,H,-,C,A,0,NA,NA,NA,NA,Y,NA,A,01,0,1,0,0,0,0,0,0,0,-,-,NA,NA,LOS ANGELES,LOS ANGELES,-118.29160308837892,34.044124603271484
9530801,2022,2022-12-05,1942,2022-05-06,2147,44694,0721,5,5,7,1942,0,0,0,G,0,7A21,LA CIENECA BL,COLGATE AV,215,S,N,A,-,N,NA,NA,NA,NA,NA,NA,NA,NA,NA,N,2,0,1,2,A,-,11,21955,NA,N,G,B,D,A,H,-,C,A,0,Y,NA,NA,NA,Y,NA,N,60,1,0,0,0,1,0,0,0,0,-,-,NA,NA,LOS ANGELES,LOS ANGELES,-118.37637329101564,34.07024002075195
9530803,2022,2022-12-05,1942,2022-05-10,1550,41376,0759,2,5,7,1942,0,0,0,G,0,271246,NORTON AV,PICO BL,0,NA,Y,A,-,N,NA,NA,NA,NA,NA,NA,NA,NA,NA,N,4,0,1,2,A,-,10,21950,A,F,G,B,B,A,H,-,A,A,0,Y,NA,NA,NA,Y,NA,-,99,0,0,1,0,1,0,0,0,0,-,-,NA,NA,LOS ANGELES,LOS ANGELES,-118.32384490966795,34.04756546020508
9530804,2022,2022-12-05,1942,2022-05-10,1505,42157,0738,2,5,7,1942,0,0,0,G,0,27TL21,HAUSER BL,3RD ST,32,S,N,A,-,N,NA,NA,NA,NA,NA,NA,NA,NA,NA,N,4,0,1,2,A,-,04,21703,NA,F,C,C,A,A,H,-,A,A,0,NA,NA,NA,NA,Y,NA,-,99,0,0,1,0,0,0,0,0,0,-,-,NA,NA,LOS ANGELES,LOS ANGELES,-118.35108184814452,34.06983184814453
9530805,2022,2022-12-08,1942,2022-05-13,1700,37540,0737,5,5,7,1942,0,0,0,G,0,24T33,LA BREA AV,WILSHIRE BL,5,S,N,A,-,N,NA,NA,NA,NA,NA,NA,NA,NA,NA,N,4,0,1,2,A,-,08,22107,NA,F,H,G,A,A,H,-,A,D,0,NA,Y,NA,NA,Y,NA,-,-,0,0,1,0,0,0,1,0,0,-,-,NA,NA,LOS ANGELES,LOS ANGELES,-118.34405517578124,34.06217575073242