CASE_ID,ACCIDENT_YEAR,PROC_DATE,JURIS,COLLISION_DATE,COLLISION_TIME,OFFICER_ID,REPORTING_DISTRICT,DAY_OF_WEEK,CHP_SHIFT,POPULATION,CNTY_CITY_LOC,SPECIAL_COND,BEAT_TYPE,CHP_BEAT_TYPE,CITY_DIVISION_LAPD,CHP_BEAT_CLASS,BEAT_NUMBER,PRIMARY_RD,SECONDARY_RD,DISTANCE,DIRECTION,INTERSECTION,WEATHER_1,WEATHER_2,STATE_HWY_IND,CALTRANS_COUNTY,CALTRANS_DISTRICT,STATE_ROUTE,ROUTE_SUFFIX,POSTMILE_PREFIX,POSTMILE,LOCATION_TYPE,RAMP_INTERSECTION,SIDE_OF_HWY,TOW_AWAY,COLLISION_SEVERITY,NUMBER_KILLED,NUMBER_INJURED,PARTY_COUNT,PRIMARY_COLL_FACTOR,PCF_CODE_OF_VIOL,PCF_VIOL_CATEGORY,PCF_VIOLATION,PCF_VIOL_SUBSECTION,HIT_AND_RUN,TYPE_OF_COLLISION,MVIW,PED_ACTION,ROAD_SURFACE,ROAD_COND_1,ROAD_COND_2,LIGHTING,CONTROL_DEVICE,CHP_ROAD_TYPE,PEDESTRIAN_ACCIDENT,BICYCLE_ACCIDENT,MOTORCYCLE_ACCIDENT,TRUCK_ACCIDENT,NOT_PRIVATE_PROPERTY,ALCOHOL_INVOLVED,STWD_VEHTYPE_AT_FAULT,CHP_VEHTYPE_AT_FAULT,COUNT_SEVERE_INJ,COUNT_VISIBLE_INJ,COUNT_COMPLAINT_PAIN,COUNT_PED_KILLED,COUNT_PED_INJURED,COUNT_BICYCLIST_KILLED,COUNT_BICYCLIST_INJURED,COUNT_MC_KILLED,COUNT_MC_INJURED,PRIMARY_RAMP,SECONDARY_RAMP,LATITUDE,LONGITUDE,COUNTY,CITY,POINT_X,POINT_Y
9532354,2022,2022-11-21,1941,2022-08-10,1310,11359,NA,3,5,7,1941,0,0,0,NA,0,NA,OCEAN BL,JUNIPERO AV,0,NA,Y,A,-,N,NA,NA,NA,NA,NA,NA,NA,NA,NA,N,3,0,1,2,-,-,-,NA,NA,N,G,G,A,A,H,-,A,A,0,NA,Y,NA,NA,Y,NA,-,-,0,1,0,0,0,0,1,0,0,-,-,NA,NA,LOS ANGELES,LONG BEACH,-118.1666259765625,33.76419448852539
9532355,2022,2022-11-17,1941,2022-08-12,1758,10221,NA,5,5,7,1941,0,0,0,NA,0,NA,SOUTH ST,ELM AV,0,NA,Y,A,-,N,NA,NA,NA,NA,NA,NA,NA,NA,NA,Y,4,0,1,2,A,-,09,21801,A,N,D,C,A,A,H,-,A,D,0,NA,NA,NA,NA,Y,NA,A,NA,0,0,1,0,0,0,0,0,0,-,-,NA,NA,LOS ANGELES,LONG BEACH,-118.18843841552734,33.86006164550781
9532356,2022,2022-11-17,1941,2022-08-09,0735,11656,NA,2,5,7,1941,0,0,0,NA,0,NA,BELLFLOWER BL,PALM RD,0,NA,Y,A,-,N,NA,NA,NA,NA,NA,NA,NA,NA,NA,Y,3,0,2,2,A,-,08,22107,NA,N,A,C,A,A,H,-,A,D,0,NA,NA,NA,NA,Y,NA,A,NA,0,1,1,0,0,0,0,0,0,-,-,NA,NA,LOS ANGELES,LONG BEACH,-118.12223815917967,33.77798080444336
9532357,2022,2022-11-17,1941,2022-08-23,1644,5825,NA,2,5,7,1941,0,0,0,NA,0,NA,WARDLOW RD,E NORWALK BL,24,W,N,A,-,N,NA,NA,NA,NA,NA,NA,NA,NA,NA,Y,3,0,1,2,A,-,12,21453,A,N,D,C,A,A,H,-,A,A,0,NA,NA,NA,NA,Y,NA,A,NA,0,1,0,0,0,0,0,0,0,-,-,NA,NA,LOS ANGELES,LONG BEACH,-118.07188415527344,33.817596435546875
9532358,2022,2022-11-17,1941,2022-08-08,0007,11674,NA,1,5,7,1941,0,0,0,NA,0,NA,OCEAN BL,KENNEBEC AV,54,E,N,A,-,N,NA,NA,NA,NA,NA,NA,NA,NA,NA,Y,3,0,1,2,A,-,05,21651,B,N,B,C,A,A,H,-,C,D,0,NA,NA,NA,NA,Y,Y,B,NA,0,1,0,0,0,0,0,0,0,-,-,NA,NA,LOS ANGELES,LONG BEACH,-118.16473388671876,33.76377868652344
9532359,2022,2022-11-17,1941,2022-08-21,1150,11366,NA,7,5,7,1941,0,0,0,NA,0,NA,ANAHEIM ST,GLADYS AV,0,NA,Y,A,-,N,NA,NA,NA,NA,NA,NA,NA,NA,NA,N,2,0,1,2,D,-,00,NA,NA,N,G,B,D,A,H,-,A,D,0,Y,NA,NA,NA,Y,NA,-,-,1,0,0,0,1,0,0,0,0,-,-,NA,NA,LOS ANGELES,LONG BEACH,-118.15785980224608,33.782596588134766
9532360,2022,2022-11-17,1941,2022-08-09,1419,10772,NA,2,5,7,1941,0,0,0,NA,0,NA,WALNUT AV,N 16TH ST,38,N,N,A,-,N,NA,NA,NA,NA,NA,NA,NA,NA,NA,N,4,0,1,2,A,-,03,22350,NA,N,C,E,A,A,H,-,A,D,0,NA,NA,NA,NA,Y,NA,D,NA,0,0,1,0,0,0,0,0,0,-,-,NA,NA,LOS ANGELES,LONG BEACH,-118.17202758789064,33.78713607788086
9532368,2022,2022-12-02,1941,2022-08-10,2133,6278,NA,3,5,7,1941,0,0,0,NA,0,NA,LEES AV,9TH ST,0,NA,Y,A,-,N,NA,NA,NA,NA,NA,NA,NA,NA,NA,N,4,0,1,2,D,-,00,NA,NA,N,A,-,A,A,H,-,C,D,0,NA,Y,NA,NA,Y,NA,-,-,0,0,1,0,0,0,1,0,0,-,-,NA,NA,LOS ANGELES,LONG BEACH,-118.10240936279295,33.779518127441406
9532379,2022,2022-11-18,1900,2022-09-17,2135,626045,1900,6,5,6,1949,0,0,0,NA,0,43A,SHOEMAKER AV,ALONDRA BL,0,NA,Y,A,-,N,NA,NA,NA,NA,NA,NA,NA,NA,NA,Y,4,0,1,2,A,-,03,22350,NA,F,C,C,A,A,H,-,C,A,0,NA,NA,NA,NA,Y,NA,-,99,0,0,1,0,0,0,0,0,0,-,-,NA,NA,LOS ANGELES,NORWALK,-118.05538177490234,33.88773727416992
9532380,2022,2022-11-28,1941,2022-07-16,1617,11523,NA,6,5,7,1941,0,0,0,NA,0,NA,STEARNS ST,LOS COYOTES DIAGONAL,0,NA,Y,A,-,N,NA,NA,NA,NA,NA,NA,NA,NA,NA,N,3,0,1,2,A,-,09,21802,A,N,G,G,A,A,H,-,A,A,0,NA,Y,NA,NA,Y,NA,A,NA,0,1,0,0,0,0,1,0,0,-,-,NA,NA,LOS ANGELES,LONG BEACH,-118.13507843017578,33.79608154296875
9532381,2022,2022-11-28,1941,2022-07-18,1037,10364,NA,1,5,7,1941,0,0,0,NA,0,NA,PARKCREST ST,SAN ANSELINE AV,600,E,N,A,-,N,NA,NA,NA,NA,NA,NA,NA,NA,NA,N,3,0,1,2,A,-,03,22350,NA,N,D,C,A,A,H,-,A,D,0,NA,Y,NA,NA,Y,NA,-,NA,0,1,0,0,0,0,1,0,0,-,-,NA,NA,LOS ANGELES,LONG BEACH,-118.1189193725586,33.83024978637695
9532382,2022,2022-11-28,1941,2022-07-17,1115,11339,NA,7,5,7,1941,0,0,0,NA,0,NA,ANAHEIM ST,WALNUT AV,0,NA,Y,A,-,N,NA,NA,NA,NA,NA,NA,NA,NA,NA,NA,4,0,2,3,A,-,10,21950,A,N,H,B,B,A,H,-,A,A,0,Y,NA,NA,NA,Y,NA,A,NA,0,0,2,0,2,0,0,0,0,-,-,NA,NA,LOS ANGELES,LONG BEACH,-118.1719970703125,33.78260803222656
9532383,2022,2022-12-06,1941,2022-07-23,2200,11365,NA,6,5,7,1941,0,0,0,NA,0,NA,BROADWAY,REDONDO AV,0,NA,-,A,-,N,NA,NA,NA,NA,NA,NA,NA,NA,NA,N,4,0,1,2,A,-,09,21804,A,N,A,C,A,A,H,-,C,A,0,NA,NA,NA,NA,Y,NA,A,NA,0,0,1,0,0,0,0,0,0,-,-,NA,NA,LOS ANGELES,LONG BEACH,-118.15243530273438,33.76445388793945
9532384,2022,2022-11-28,1941,2022-07-15,1133,10922,NA,5,5,7,1941,0,0,0,NA,0,NA,WILLOW ST,JOSIE AV,60,E,N,A,-,N,NA,NA,NA,NA,NA,NA,NA,NA,NA,N,4,0,1,2,A,-,09,21804,A,N,B,C,A,A,H,-,A,D,0,NA,NA,NA,NA,Y,NA,A,NA,0,0,1,0,0,0,0,0,0,-,-,NA,NA,LOS ANGELES,LONG BEACH,-118.10509490966795,33.803157806396484
9532385,2022,2022-11-28,1941,2022-07-14,0852,5968,NA,4,5,7,1941,0,0,0,NA,0,NA,7TH ST,MAIN AV,0,W,N,A,-,N,NA,NA,NA,NA,NA,NA,NA,NA,NA,N,4,0,1,2,A,-,03,22350,NA,F,B,D,A,A,G,-,A,D,0,NA,NA,NA,NA,Y,NA,A,NA,0,0,1,0,0,0,0,0,0,-,-,NA,NA,LOS ANGELES,LONG BEACH,-122.51524353027344,37.542022705078125
9532386,2022,2022-11-28,1941,2022-07-16,2055,11097,NA,6,5,7,1941,0,0,0,NA,0,NA,DOWNEY AV,ARTESIA BL,0,NA,Y,A,-,N,NA,NA,NA,NA,NA,NA,NA,NA,NA,N,3,0,1,2,A,-,11,21955,NA,F,A,B,D,A,-,-,C,A,0,Y,NA,NA,NA,Y,Y,-,NA,0,1,0,0,1,0,0,0,0,-,-,NA,NA,LOS ANGELES,LONG BEACH,-118.15129089355467,33.87466049194336
9532387,2022,2022-11-28,1941,2022-07-10,1902,11572,SOUTH,7,5,7,1941,0,0,0,NA,0,006,SHORELINE VILLAGE DR,SHORELINE DR,53,S,N,A,-,N,NA,NA,NA,NA,NA,NA,NA,NA,NA,Y,3,0,1,2,A,-,17,22517,NA,N,H,C,A,A,H,-,A,A,0,NA,NA,Y,NA,Y,NA,N,60,0,1,0,0,0,0,0,0,1,-,-,33.761871337890625,-118.18936157226564,LOS ANGELES,LONG BEACH,-118.18932342529295,33.761653900146484
9532388,2022,2022-11-28,1941,2022-07-16,0920,11277,NA,6,5,7,1941,0,0,0,NA,0,NA,LONG BEACH BL,ROOSEVELT RD,9,N,N,A,-,N,NA,NA,NA,NA,NA,NA,NA,NA,NA,Y,3,0,2,2,A,-,08,22107,NA,F,D,C,A,A,H,-,A,A,0,NA,NA,NA,NA,Y,NA,D,NA,0,1,1,0,0,0,0,0,0,-,-,NA,NA,LOS ANGELES,LONG BEACH,-118.18934631347656,33.82899475097656
9532389,2022,2022-11-28,1941,2022-08-23,0008,11381,NA,2,5,7,1941,0,0,0,NA,0,NA,CEDAR AV,19TH ST,0,NA,Y,A,-,N,NA,NA,NA,NA,NA,NA,NA,NA,NA,Y,4,0,2,2,A,-,03,22350,NA,N,C,-,A,A,H,-,C,D,0,NA,NA,NA,NA,Y,NA,A,NA,0,0,2,0,0,0,0,0,0,-,-,NA,NA,LOS ANGELES,LONG BEACH,-118.19512939453124,33.79167938232422
9532391,2022,2022-11-28,1941,2022-08-15,1435,10365,NA,1,5,7,1941,0,0,0,NA,0,NA,BELLFLOWER BL,23RD ST,0,NA,Y,A,-,N,NA,NA,NA,NA,NA,NA,NA,NA,NA,Y,2,0,1,1,D,-,00,NA,NA,N,E,I,A,A,H,-,A,D,0,NA,NA,NA,NA,Y,NA,-,-,1,0,0,0,0,0,0,0,0,-,-,NA,NA,LOS ANGELES,LONG BEACH,-118.12557220458984,33.79902267456055
9532392,2022,2022-11-28,1941,2022-08-11,1304,11341,NA,4,5,7,1941,0,0,0,NA,0,NA,W WILLOW ST,DAISY AV,63,W,N,A,-,N,NA,NA,NA,NA,NA,NA,NA,NA,NA,N,4,0,2,3,A,-,09,21804,A,N,B,C,A,A,H,-,A,D,0,NA,NA,NA,NA,Y,NA,A,NA,0,0,2,0,0,0,0,0,0,-,-,NA,NA,LOS ANGELES,LONG BEACH,-118.19935607910156,33.80434036254883
9532393,2022,2022-11-28,1941,2022-08-30,1215,10364,NA,2,5,7,1941,0,0,0,NA,0,NA,PALO VERDE,WILLOW ST,0,NA,Y,A,-,N,NA,NA,NA,NA,NA,NA,NA,NA,NA,Y,3,0,2,2,A,-,03,22350,NA,N,C,C,A,A,H,-,A,A,0,NA,NA,NA,NA,Y,NA,-,NA,0,2,0,0,0,0,0,0,0,-,-,NA,NA,LOS ANGELES,LONG BEACH,-118.1079330444336,33.80329895019531
9532394,2022,2022-12-06,1941,2022-08-16,0947,10953,NA,2,5,7,1941,0,0,0,NA,0,NA,WILLOW ST,BELLFLOWER BL,0,NA,Y,A,-,N,NA,NA,NA,NA,NA,NA,NA,NA,NA,Y,4,0,2,2,A,-,12,21453,A,N,D,C,A,A,H,-,A,A,0,NA,NA,NA,NA,Y,NA,A,NA,0,0,2,0,0,0,0,0,0,-,-,NA,NA,LOS ANGELES,LONG BEACH,-118.12535858154295,33.80318832397461
9532395,2022,2022-11-28,1941,2022-08-14,1325,10819,NA,7,5,7,1941,0,0,0,NA,0,NA,PACIFIC AV,27TH ST,0,NA,Y,A,-,N,NA,NA,NA,NA,NA,NA,NA,NA,NA,N,3,0,1,2,A,-,10,21950,A,F,H,B,B,A,H,-,A,A,0,Y,NA,NA,NA,Y,NA,A,NA,0,1,0,0,1,0,0,0,0,-,-,NA,NA,LOS ANGELES,LONG BEACH,-118.19371032714844,33.80622482299805
9532396,2022,2022-11-28,1941,2022-08-25,1220,10364,NA,4,5,7,1941,0,0,0,NA,0,NA,10TH ST,CHERRY AV,0,NA,Y,A,-,N,NA,NA,NA,NA,NA,NA,NA,NA,NA,Y,3,0,2,3,A,-,12,21453,NA,N,A,C,A,A,H,-,A,A,0,NA,NA,NA,NA,Y,NA,A,NA,0,1,1,0,0,0,0,0,0,-,-,NA,NA,LOS ANGELES,LONG BEACH,-118.16766357421876,33.77897262573242
9532422,2022,2022-11-16,1900,2022-09-21,0705,649504,0472,3,5,4,1936,0,0,0,NA,0,46T1,ROSECRANS AV,BIOLA AV,22,E,N,A,-,N,NA,NA,NA,NA,NA,NA,NA,NA,NA,Y,4,0,1,2,A,-,07,21658,A,N,B,C,A,A,H,-,A,A,0,NA,NA,NA,NA,Y,NA,A,01,0,0,1,0,0,0,0,0,0,-,-,NA,NA,LOS ANGELES,LA MIRADA,-118.01924896240234,33.90052032470703
9532471,2022,2022-11-21,1941,2022-08-21,1807,10925,NA,7,5,7,1941,0,0,0,NA,0,NA,ANAHEIM ST,LIME AV,0,NA,Y,A,-,N,NA,NA,NA,NA,NA,NA,NA,NA,NA,N,4,0,2,2,A,-,03,22350,NA,F,-,-,A,A,D,H,A,-,0,NA,NA,NA,NA,Y,NA,A,NA,0,0,2,0,0,0,0,0,0,-,-,NA,NA,LOS ANGELES,LONG BEACH,-118.18395233154295,33.78260803222656
9532499,2022,2022-12-02,1976,2022-10-19,1612,499,NA,3,5,3,1964,0,0,0,NA,0,002,FLORENCE AV,PIONEER BL,435,E,N,A,-,N,NA,NA,NA,NA,NA,NA,NA,NA,NA,Y,4,0,3,4,A,-,09,21801,A,N,D,C,A,A,H,-,A,D,0,NA,NA,NA,NA,Y,NA,D,22,0,0,3,0,0,0,0,0,0,-,-,NA,NA,LOS ANGELES,SANTA FE SPRINGS,-118.08040618896484,33.93531036376953
9532503,2022,2022-12-02,1976,2022-10-20,0827,535,NA,4,5,3,1964,0,0,0,NA,0,002,PIONEER BL,FLORENCE AV,225,N,N,A,-,N,NA,NA,NA,NA,NA,NA,NA,NA,NA,Y,4,0,1,2,A,-,03,22350,NA,N,C,C,A,A,H,-,A,A,0,NA,NA,NA,NA,Y,NA,D,22,0,0,1,0,0,0,0,0,0,-,-,NA,NA,LOS ANGELES,SANTA FE SPRINGS,-118.0819091796875,33.9359245300293
9532513,2022,2022-12-12,1938,2022-10-11,0753,1215,AREA3,2,5,4,1938,0,0,0,NA,0,003,ARROW HWY,E ST,291,E,N,A,-,N,NA,NA,NA,NA,NA,NA,NA,NA,NA,N,4,0,1,2,A,-,04,21703,NA,N,C,C,A,A,D,-,A,D,0,NA,NA,NA,Y,Y,NA,F,25,0,0,1,0,0,0,0,0,0,-,-,NA,NA,LOS ANGELES,LA VERNE,-117.76851654052734,34.09703063964844
9532541,2022,2022-12-16,1900,2022-10-16,1345,603497,1015,7,5,3,1995,0,0,0,NA,0,101A,PACIFIC COAST HWY,WEBB WY,620,W,N,A,-,Y,LA,7,1,-,-,47.56,H,-,S,N,4,0,2,2,A,-,04,21703,NA,N,C,-,A,A,H,-,A,D,0,NA,NA,NA,NA,Y,NA,D,22,0,0,2,0,0,0,0,0,0,-,-,34.0347785949707,-118.6933135986328,LOS ANGELES,MALIBU,-118.69337463378906,34.03489303588867
9532542,2022,2022-12-16,1909,2022-10-25,0126,599,1906,2,5,4,1909,0,0,0,NA,0,SOUTH,SCOUT AV,FRY ST,296,S,N,A,-,N,NA,NA,NA,NA,NA,NA,NA,NA,NA,N,3,0,2,5,A,-,08,22107,NA,N,C,E,A,A,H,-,C,D,0,NA,NA,NA,NA,Y,NA,I,11,0,1,1,0,0,0,0,0,0,-,-,33.96432876586914,-118.14080810546876,LOS ANGELES,BELL GARDENS,-118.1417236328125,33.96380615234375
9532549,2022,2022-12-14,1900,2022-10-27,1522,538328,1013,4,5,3,1995,0,0,0,NA,0,101T3,PACIFIC COAST HWY,BONSALL DR,1574,E,N,A,-,Y,LA,7,1,-,-,54.6,H,-,S,Y,2,0,1,2,A,-,05,21650,NA,N,A,G,A,A,H,-,A,D,0,NA,Y,NA,Y,Y,NA,L,04,1,0,0,0,0,0,1,0,0,-,-,34.02019119262695,-118.81233978271484,LOS ANGELES,MALIBU,-118.81237030029295,34.020164489746094
9532571,2022,2022-12-14,1972,2022-11-08,1811,21239,NA,2,5,6,1972,0,0,0,NA,0,NA,182ND ST,TUKON AV,0,NA,Y,C,-,N,NA,NA,NA,NA,NA,NA,NA,NA,NA,N,3,0,1,2,A,-,10,21950,A,N,G,B,B,B,H,-,C,A,0,Y,NA,NA,NA,Y,NA,A,NA,0,1,0,0,1,0,0,0,0,-,-,NA,NA,LOS ANGELES,TORRANCE,NA,NA
9532573,2022,2022-12-14,1972,2022-11-04,2115,19939,NA,5,5,6,1972,0,0,0,NA,0,NA,MADRONA AV,EMERALD ST,0,NA,Y,A,-,N,NA,NA,NA,NA,NA,NA,NA,NA,NA,Y,4,0,1,2,A,-,12,21453,A,N,D,C,A,A,H,-,C,A,0,NA,NA,NA,NA,Y,NA,D,NA,0,0,1,0,0,0,0,0,0,-,-,NA,NA,LOS ANGELES,TORRANCE,-118.34484100341795,33.84137725830078
9532574,2022,2022-12-14,1972,2022-11-06,1706,22273,NA,7,5,6,1972,0,0,0,NA,0,NA,SEPULVEDA BL,MADISON ST,0,NA,Y,A,-,N,NA,NA,NA,NA,NA,NA,NA,NA,NA,Y,4,0,2,2,-,-,-,NA,NA,N,D,C,A,A,H,-,B,A,0,NA,NA,NA,NA,Y,NA,-,-,0,0,2,0,0,0,0,0,0,-,-,NA,NA,LOS ANGELES,TORRANCE,-118.34773254394533,33.82525634765625
9532576,2022,2022-12-14,1972,2022-11-04,1154,22116,NA,5,5,6,1972,0,0,0,NA,0,NA,CALLE MIRAMAR,CAMINO DE ENCANTO,0,NA,Y,A,-,N,NA,NA,NA,NA,NA,NA,NA,NA,NA,N,4,0,1,2,A,-,21,22106,NA,N,C,G,A,A,H,-,A,D,0,NA,Y,NA,NA,Y,NA,A,NA,0,0,1,0,0,0,1,0,0,-,-,NA,NA,LOS ANGELES,TORRANCE,-118.3874969482422,33.81123733520508
9532577,2022,2022-12-14,1906,2022-11-04,2240,4422,NA,5,5,5,1906,0,0,0,NA,0,002,RAMONA BL,LA RICA AV,22,E,N,A,-,N,NA,NA,NA,NA,NA,NA,NA,NA,NA,Y,4,0,2,2,A,-,03,22350,NA,N,C,C,A,A,H,-,C,A,0,NA,NA,NA,NA,Y,NA,A,01,0,0,2,0,0,0,0,0,0,-,-,NA,NA,LOS ANGELES,BALDWIN PARK,-117.96645355224608,34.08507537841797
9532581,2022,2022-11-29,1931,2022-10-20,1549,5331,1931,4,5,5,1931,0,0,0,NA,0,001,SLAUSON AV,SANTA FE AV,80,W,N,A,-,N,NA,NA,NA,NA,NA,NA,NA,NA,NA,Y,2,0,1,2,A,-,08,22107,NA,N,B,C,A,A,H,-,A,A,0,NA,NA,Y,NA,Y,NA,C,02,1,0,0,0,0,0,0,0,1,-,-,NA,NA,LOS ANGELES,HUNTINGTON PARK,-118.23032379150392,33.98920822143555
9532583,2022,2022-11-29,1900,2022-10-08,1240,641913,0455,6,5,6,1949,0,0,0,NA,0,43U1,STUDEBAKER RD,ALONDRA BL,0,NA,Y,A,-,N,NA,NA,NA,NA,NA,NA,NA,NA,NA,Y,4,0,1,3,A,-,12,21453,A,N,B,C,A,A,H,-,A,A,0,NA,NA,NA,NA,Y,NA,A,07,0,0,1,0,0,0,0,0,0,-,-,NA,NA,LOS ANGELES,NORWALK,-118.09998321533205,33.88759994506836
9532584,2022,2022-12-01,1900,2022-10-21,1915,639454,0455,5,5,6,1949,0,0,0,NA,0,43T1P,STUDEBAKER RD,BARNWALL ST,0,NA,Y,A,-,N,NA,NA,NA,NA,NA,NA,NA,NA,NA,N,4,0,1,2,A,-,12,21453,A,N,D,C,A,A,H,-,C,A,0,NA,NA,NA,NA,Y,NA,A,01,0,0,1,0,0,0,0,0,0,-,-,NA,NA,LOS ANGELES,NORWALK,-118.10001373291016,33.89114761352539
9532585,2022,2023-01-03,1900,2022-10-12,1217,504713,0456,3,5,6,1949,0,0,0,NA,0,43T1D,ROSECRANS AV,FUNSTON AV,0,NA,Y,A,-,N,NA,NA,NA,NA,NA,NA,NA,NA,NA,Y,4,0,1,2,A,-,12,21457,A,N,B,C,A,A,H,-,A,A,0,NA,NA,NA,NA,Y,NA,-,-,0,0,1,0,0,0,0,0,0,-,-,NA,NA,LOS ANGELES,NORWALK,-118.07714080810548,33.90217208862305
9532587,2022,2022-12-01,1900,2022-10-21,1612,639454,0456,5,5,6,1949,0,0,0,NA,0,43T1P,CHESHIRE ST,NORWALK BL,13,E,N,A,-,N,NA,NA,NA,NA,NA,NA,NA,NA,NA,N,4,0,1,2,A,-,10,21950,A,N,G,B,B,A,H,-,A,A,0,Y,NA,NA,NA,Y,NA,A,01,0,0,1,0,1,0,0,0,0,-,-,NA,NA,LOS ANGELES,NORWALK,-118.07284545898438,33.89039993286133
9532588,2022,2022-12-01,1900,2022-10-20,2051,639454,0451,4,5,6,1949,0,0,0,NA,0,43T1P,IMPERIAL HWY,FIRESTONE BL,26,E,N,A,-,N,NA,NA,NA,NA,NA,NA,NA,NA,NA,N,4,0,1,2,A,-,10,21950,A,M,G,B,B,A,H,-,C,A,0,Y,NA,NA,NA,Y,Y,-,99,0,0,1,0,1,0,0,0,0,-,-,NA,NA,LOS ANGELES,NORWALK,-118.090087890625,33.91709899902344
9532589,2022,2022-12-01,1900,2022-10-07,1730,608904,0463,5,5,4,1936,0,0,0,NA,0,46TRPM,SANTA GERTRUDES AV,IMPERIAL HWY,295,S,N,A,-,N,NA,NA,NA,NA,NA,NA,NA,NA,NA,N,4,0,1,3,A,-,09,21804,A,M,B,C,A,A,H,-,A,D,0,NA,NA,NA,NA,Y,NA,A,01,0,0,1,0,0,0,0,0,0,-,-,NA,NA,LOS ANGELES,LA MIRADA,-117.9943618774414,33.91646957397461
9532590,2022,2022-12-01,1900,2022-10-24,1150,659209,0458,1,5,6,1949,0,0,0,NA,0,48B,PIONEER BL,164TH ST,140,N,N,A,-,N,NA,NA,NA,NA,NA,NA,NA,NA,NA,N,3,0,1,2,A,-,05,21650,NA,M,D,G,A,A,H,-,A,D,0,NA,Y,NA,NA,Y,NA,L,04,0,1,0,0,0,0,1,0,0,-,-,NA,NA,LOS ANGELES,NORWALK,-118.08245086669922,33.88276290893555
9532592,2022,2022-11-28,1900,2022-10-22,1040,489533,0463,6,5,4,1936,0,0,0,NA,0,46T1,IMPERIAL HWY,LA MIRADA BL,531,E,N,A,-,N,NA,NA,NA,NA,NA,NA,NA,NA,NA,Y,4,0,1,1,A,-,03,22350,NA,N,E,I,A,A,H,-,A,D,0,NA,NA,NA,NA,Y,NA,A,07,0,0,1,0,0,0,0,0,0,-,-,NA,NA,LOS ANGELES,LA MIRADA,-118.01024627685548,33.91712951660156
9532605,2022,2022-11-29,1900,2022-10-23,1958,651177,2242,7,5,3,1989,0,0,0,NA,0,224T2,LOST HILLS RD,LAS VIRGENES RD,45,E,N,A,-,N,NA,NA,NA,NA,NA,NA,NA,NA,NA,N,4,0,1,2,A,-,03,22350,NA,N,C,C,A,A,H,-,C,A,0,NA,NA,NA,NA,Y,NA,A,07,0,0,1,0,0,0,0,0,0,-,-,34.12602996826172,-118.70603942871094,LOS ANGELES,CALABASAS,-118.7057876586914,34.125789642333984
9532606,2022,2022-12-08,1938,2022-10-03,1413,1395,NA,1,5,4,1938,0,0,0,NA,0,001,ESPERANZA DR,BLACKBIRD LN,31,S,N,A,-,N,NA,NA,NA,NA,NA,NA,NA,NA,NA,Y,3,0,1,1,A,-,08,22107,NA,N,F,I,A,A,H,-,A,D,0,NA,NA,NA,NA,Y,NA,A,07,0,1,0,0,0,0,0,0,0,-,-,NA,NA,LOS ANGELES,LA VERNE,-117.75807189941406,34.133419036865234
9532607,2022,2022-11-29,1900,2022-10-18,1045,525862,1015,2,5,3,1995,0,0,0,NA,0,101T1D,PCH,SERRA RD,30,E,N,A,-,N,NA,NA,NA,NA,NA,NA,NA,NA,NA,N,3,0,1,2,A,-,04,21703,NA,N,C,D,A,A,H,-,A,D,0,NA,NA,Y,NA,Y,NA,C,03,0,1,0,0,0,0,0,0,1,-,-,34.08509063720703,-118.68041229248048,LOS ANGELES,MALIBU,-118.68048095703124,34.034996032714844
9532608,2022,2022-11-29,1900,2022-10-31,2130,644588,2241,1,5,3,1989,0,0,0,NA,0,224,LAS VIRGENES RD,AGOURA RD,0,NA,Y,A,-,N,NA,NA,NA,NA,NA,NA,NA,NA,NA,Y,4,0,3,2,A,-,01,23152,A,N,C,C,A,A,H,-,C,A,0,NA,NA,NA,NA,Y,Y,A,01,0,0,3,0,0,0,0,0,0,-,-,34.143348693847656,-118.69844818115234,LOS ANGELES,CALABASAS,-118.69828033447266,34.143821716308594
9532609,2022,2022-11-29,1900,2022-10-03,1715,507732,2260,1,5,2,1993,0,0,0,NA,0,226,THREE SPRINGS DR,KIRSTEN LEE DR,0,NA,Y,A,-,N,NA,NA,NA,NA,NA,NA,NA,NA,NA,N,3,0,1,2,A,-,08,22107,NA,N,B,G,A,A,H,-,A,D,0,NA,Y,NA,NA,Y,NA,L,04,0,1,0,0,0,0,1,0,0,-,-,34.13190841674805,-118.84066009521484,LOS ANGELES,WESTLAKE VILLAGE,-118.8406982421875,34.13192367553711
9532610,2022,2022-11-29,1900,2022-10-05,1537,656786,2260,3,5,3,1989,0,0,0,NA,0,224,DARDENNE ST,DAGURRE AV,1000,E,N,A,-,N,NA,NA,NA,NA,NA,NA,NA,NA,NA,N,3,0,1,2,A,-,08,22107,NA,N,D,G,A,A,H,-,A,D,0,NA,Y,NA,NA,Y,NA,-,-,0,1,0,0,0,0,1,0,0,-,-,34.13895034790039,-118.6156768798828,LOS ANGELES,CALABASAS,-118.61729431152344,34.13859176635742
9532611,2022,2022-11-29,1976,2022-10-28,1600,465,NA,5,5,3,1964,0,0,0,NA,0,NA,ROSECRANS AV,BEST AV,500,E,N,A,-,N,NA,NA,NA,NA,NA,NA,NA,NA,NA,Y,3,0,1,2,A,-,08,22107,NA,N,D,C,A,A,H,-,A,D,0,NA,NA,NA,NA,Y,NA,A,01,0,1,0,0,0,0,0,0,0,-,-,NA,NA,LOS ANGELES,SANTA FE SPRINGS,-118.04439544677734,33.902488708496094
9532613,2022,2022-11-29,1976,2022-10-21,0801,883,NA,5,5,3,1964,0,0,0,NA,0,003,CARMENITA RD,ORDEN DR,36,N,N,B,-,N,NA,NA,NA,NA,NA,NA,NA,NA,NA,Y,3,0,2,2,A,-,03,22350,NA,N,C,C,A,A,H,-,A,D,0,NA,NA,NA,NA,Y,NA,A,01,0,1,1,0,0,0,0,0,0,-,-,NA,NA,LOS ANGELES,SANTA FE SPRINGS,-118.04678344726564,33.911808013916016
9532614,2022,2022-11-29,1976,2022-10-25,1833,746,NA,2,5,3,1964,0,0,0,NA,0,002,TELEGRAPH RD,MINA ST,60,N,N,A,-,N,NA,NA,NA,NA,NA,NA,NA,NA,NA,N,4,0,3,2,A,-,09,21804,A,N,D,C,A,A,H,-,C,D,0,NA,NA,NA,NA,Y,NA,-,-,0,0,3,0,0,0,0,0,0,-,-,NA,NA,LOS ANGELES,SANTA FE SPRINGS,-118.04507446289064,33.93928909301758