CASE_ID,ACCIDENT_YEAR,PROC_DATE,JURIS,COLLISION_DATE,COLLISION_TIME,OFFICER_ID,REPORTING_DISTRICT,DAY_OF_WEEK,CHP_SHIFT,POPULATION,CNTY_CITY_LOC,SPECIAL_COND,BEAT_TYPE,CHP_BEAT_TYPE,CITY_DIVISION_LAPD,CHP_BEAT_CLASS,BEAT_NUMBER,PRIMARY_RD,SECONDARY_RD,DISTANCE,DIRECTION,INTERSECTION,WEATHER_1,WEATHER_2,STATE_HWY_IND,CALTRANS_COUNTY,CALTRANS_DISTRICT,STATE_ROUTE,ROUTE_SUFFIX,POSTMILE_PREFIX,POSTMILE,LOCATION_TYPE,RAMP_INTERSECTION,SIDE_OF_HWY,TOW_AWAY,COLLISION_SEVERITY,NUMBER_KILLED,NUMBER_INJURED,PARTY_COUNT,PRIMARY_COLL_FACTOR,PCF_CODE_OF_VIOL,PCF_VIOL_CATEGORY,PCF_VIOLATION,PCF_VIOL_SUBSECTION,HIT_AND_RUN,TYPE_OF_COLLISION,MVIW,PED_ACTION,ROAD_SURFACE,ROAD_COND_1,ROAD_COND_2,LIGHTING,CONTROL_DEVICE,CHP_ROAD_TYPE,PEDESTRIAN_ACCIDENT,BICYCLE_ACCIDENT,MOTORCYCLE_ACCIDENT,TRUCK_ACCIDENT,NOT_PRIVATE_PROPERTY,ALCOHOL_INVOLVED,STWD_VEHTYPE_AT_FAULT,CHP_VEHTYPE_AT_FAULT,COUNT_SEVERE_INJ,COUNT_VISIBLE_INJ,COUNT_COMPLAINT_PAIN,COUNT_PED_KILLED,COUNT_PED_INJURED,COUNT_BICYCLIST_KILLED,COUNT_BICYCLIST_INJURED,COUNT_MC_KILLED,COUNT_MC_INJURED,PRIMARY_RAMP,SECONDARY_RAMP,LATITUDE,LONGITUDE,COUNTY,CITY,POINT_X,POINT_Y
9534744,2022,2023-02-01,1900,2022-12-29,1547,404918,1811,4,5,2,1904,0,0,0,NA,0,184B,SAINT CATHERINE WY,MARILLA AV,1500,W,N,B,-,N,NA,NA,NA,NA,NA,NA,NA,NA,NA,Y,3,0,1,1,A,-,08,22107,NA,N,E,I,A,A,H,-,A,D,0,NA,NA,NA,NA,Y,NA,-,NA,0,1,0,0,0,0,0,0,0,-,-,33.348201751708984,-118.32716369628906,LOS ANGELES,AVALON,-118.326945,33.345084
9534755,2022,2023-01-17,1913,2022-10-12,1239,4019,27,3,5,4,1913,0,0,0,NA,0,002,ARROW HWY,COLLEGE,17,W,N,A,-,N,NA,NA,NA,NA,NA,NA,NA,NA,NA,Y,3,0,1,2,A,-,09,21801,NA,N,-,C,A,A,H,-,A,A,0,NA,NA,NA,NA,Y,NA,A,07,0,1,0,0,0,0,0,0,0,-,-,NA,NA,LOS ANGELES,CLAREMONT,-117.71489715576172,34.09043884277344
9534765,2022,2023-01-24,1900,2022-11-04,1923,486588,1262,5,5,3,1991,0,0,0,NA,0,121,GOULD AV,FOOTHILL BL,325,N,N,-,-,N,NA,NA,NA,NA,NA,NA,NA,NA,NA,N,3,0,1,2,A,-,00,21954,NA,N,G,B,D,A,H,-,C,D,0,Y,NA,NA,NA,Y,NA,N,60,0,1,0,0,1,0,0,0,0,-,-,34.20050811767578,-118.18924713134766,LOS ANGELES,LA CANADA-FLINTRIDGE,-118.18921661376952,34.20027160644531
9534766,2022,2023-01-24,1900,2022-11-10,0104,486588,1260,4,5,3,1991,0,0,0,NA,0,122A,FOOTHILL BL,HILLARD AV,0,NA,Y,-,-,N,NA,NA,NA,NA,NA,NA,NA,NA,NA,Y,3,0,1,1,A,-,01,23152,A,N,E,I,A,A,H,-,C,A,0,NA,NA,NA,NA,Y,Y,A,07,0,1,0,0,0,0,0,0,0,-,-,34.2115592956543,-118.21540069580078,LOS ANGELES,LA CANADA-FLINTRIDGE,-118.21546936035156,34.211483001708984
9534782,2022,2023-01-18,1941,2022-10-18,1600,5948,SOUTH,2,5,7,1941,0,0,0,NA,0,007,EAST 10TH ST,ATLANTIC AV,0,NA,Y,A,-,N,NA,NA,NA,NA,NA,NA,NA,NA,NA,N,4,0,1,2,C,-,18,NA,NA,N,H,B,B,A,H,-,A,B,0,Y,NA,NA,NA,Y,NA,-,-,0,0,1,0,1,0,0,0,0,-,-,33.778968811035156,-118.18502807617188,LOS ANGELES,LONG BEACH,-118.18505096435548,33.77898025512695
9534802,2022,2023-02-01,1920,2022-12-07,0404,13299,NA,3,5,6,1920,0,0,0,NA,0,006,BIRCHDALE AV,DONOVAN ST,0,NA,Y,A,-,N,NA,NA,NA,NA,NA,NA,NA,NA,NA,Y,4,0,2,2,A,-,09,21802,A,N,D,C,A,A,H,-,C,A,0,NA,NA,NA,NA,Y,NA,A,08,0,0,2,0,0,0,0,0,0,-,-,NA,NA,LOS ANGELES,DOWNEY,-118.13883972167967,33.922332763671875
9534821,2022,2023-01-20,1941,2022-10-04,1430,11349,2,2,5,7,1941,0,0,0,NA,0,012,E 11TH ST,TERMINO AV,0,NA,Y,A,-,N,NA,NA,NA,NA,NA,NA,NA,NA,NA,N,4,0,4,3,D,-,00,NA,NA,N,D,C,A,A,H,-,A,D,0,NA,NA,NA,NA,Y,NA,-,-,0,0,4,0,0,0,0,0,0,-,-,33.778961181640625,-118.14588165283205,LOS ANGELES,LONG BEACH,-118.14588928222656,33.780799865722656
9534873,2022,2023-02-08,1900,2022-12-14,1745,627290,2111,3,5,5,1943,0,0,0,NA,0,212T2,AGNES AV,BULLIS RD,0,NA,Y,A,-,N,NA,NA,NA,NA,NA,NA,NA,NA,NA,N,4,0,1,2,A,-,09,21800,A,N,H,C,A,A,H,-,B,D,0,NA,NA,NA,NA,Y,NA,A,07,0,0,1,0,0,0,0,0,0,-,-,33.91777038574219,-118.20379638671876,LOS ANGELES,LYNWOOD,-118.20384216308594,33.91774368286133
9534874,2022,2023-02-08,1900,2022-12-09,1537,651200,2113,5,5,5,1943,0,0,0,NA,0,212B,JACKSON AV,PENDLETON AV,19,S,N,A,-,N,NA,NA,NA,NA,NA,NA,NA,NA,NA,N,4,0,1,1,A,-,03,22350,NA,N,E,I,A,A,H,-,A,D,0,NA,NA,NA,NA,Y,NA,A,01,0,0,1,0,0,0,0,0,0,-,-,NA,NA,LOS ANGELES,LYNWOOD,-118.18917083740234,33.93280029296875
9534875,2022,2023-02-08,1900,2022-12-25,1558,619539,2115,7,5,5,1943,0,0,0,NA,0,212D,IMPERIAL HWY,ATLANTIC AV,261,W,N,A,-,N,NA,NA,NA,NA,NA,NA,NA,NA,NA,N,4,0,1,2,A,-,09,21804,A,N,A,E,A,A,H,-,A,A,0,NA,NA,Y,NA,Y,NA,A,01,0,0,1,0,0,0,0,0,1,-,-,33.930850982666016,-118.18453979492188,LOS ANGELES,LYNWOOD,-118.18446350097656,33.9307861328125
9534876,2022,2023-02-08,1900,2022-12-16,1005,655505,2111,5,5,5,1943,0,0,0,NA,0,212T4,LONG BEACH BL,IMPERIAL HWY,0,NA,Y,A,-,N,NA,NA,NA,NA,NA,NA,NA,NA,NA,Y,4,0,1,2,A,-,09,21801,A,N,A,C,A,A,H,-,A,A,0,NA,NA,NA,NA,Y,NA,A,01,0,0,1,0,0,0,0,0,0,-,-,33.93050003051758,-118.21150970458984,LOS ANGELES,LYNWOOD,-118.21165466308594,33.930503845214844
9534878,2022,2023-02-08,1900,2022-12-15,1150,657367,2111,4,5,5,1943,0,0,0,NA,0,212T4,IMPERIAL HWY,STATE ST,0,NA,Y,A,-,N,NA,NA,NA,NA,NA,NA,NA,NA,NA,N,4,0,1,3,A,-,09,21801,A,N,A,C,A,A,H,-,A,A,0,NA,NA,NA,NA,Y,NA,A,01,0,0,1,0,0,0,0,0,0,-,-,NA,NA,LOS ANGELES,LYNWOOD,-118.21644592285156,33.930458068847656
9534949,2022,2023-02-04,1900,2022-12-22,1546,623190,2116,4,5,5,1943,0,0,0,NA,0,212D1,SANTA FE AV,WEBER AV,0,NA,Y,A,-,N,NA,NA,NA,NA,NA,NA,NA,NA,NA,Y,4,0,2,2,A,-,03,22350,NA,N,B,C,A,A,H,-,-,A,0,NA,NA,NA,NA,Y,NA,A,01,0,0,2,0,0,0,0,0,0,-,-,33.92041015625,-118.2181396484375,LOS ANGELES,LYNWOOD,-118.21810150146484,33.9203987121582
9534981,2022,2023-02-08,1972,2022-12-09,1048,22097,NA,5,5,6,1972,0,0,0,NA,0,NA,AMIE AV,TORRANCE BL,0,NA,Y,A,-,N,NA,NA,NA,NA,NA,NA,NA,NA,NA,N,4,0,1,2,A,-,10,21950,A,N,G,B,-,A,H,-,A,A,0,Y,NA,NA,NA,Y,NA,A,01,0,0,1,0,1,0,0,0,0,-,-,NA,NA,LOS ANGELES,TORRANCE,-118.34935760498048,33.837589263916016
9534983,2022,2023-02-01,1972,2022-12-27,0446,21899,NA,2,5,6,1972,0,0,0,NA,0,NA,182ND,DOTY,300,W,N,A,-,N,NA,NA,NA,NA,NA,NA,NA,NA,NA,Y,4,0,1,2,A,-,03,22350,NA,N,A,E,A,A,H,-,C,D,0,NA,NA,NA,NA,Y,NA,-,NA,0,0,1,0,0,0,0,0,0,-,-,NA,NA,LOS ANGELES,TORRANCE,-118.34092712402344,33.86554718017578
9534984,2022,2023-02-01,1972,2022-12-13,0604,22097,NA,2,5,6,1972,0,0,0,NA,0,NA,WESTERN AV,212TH ST,0,NA,Y,A,-,N,NA,NA,NA,NA,NA,NA,NA,NA,NA,Y,4,0,2,2,A,-,09,21802,A,N,D,C,A,A,H,-,B,A,0,NA,NA,NA,NA,Y,NA,A,01,0,0,2,0,0,0,0,0,0,-,-,NA,NA,LOS ANGELES,TORRANCE,-118.30912017822266,33.83735275268555
9534985,2022,2023-02-01,1972,2022-12-26,1508,21239,NA,1,5,6,1972,0,0,0,NA,0,NA,TORRANCE BL,ALACIA AV,0,NA,Y,A,-,N,NA,NA,NA,NA,NA,NA,NA,NA,NA,Y,4,0,1,2,A,-,09,21802,A,N,D,C,A,A,H,-,A,A,0,NA,NA,NA,NA,Y,NA,A,01,0,0,1,0,0,0,0,0,0,-,-,NA,NA,LOS ANGELES,TORRANCE,-118.32632446289064,33.83637237548828
9534986,2022,2023-02-01,1972,2022-12-17,0006,22176,NA,6,5,6,1972,0,0,0,NA,0,NA,CALLE DE ARBOLES,CALLE DE ARBOLES 5102,0,NA,-,A,-,N,NA,NA,NA,NA,NA,NA,NA,NA,NA,Y,4,0,1,1,A,-,08,22107,NA,N,E,I,A,A,H,-,C,D,0,NA,NA,NA,NA,Y,NA,-,-,0,0,1,0,0,0,0,0,0,-,-,NA,NA,LOS ANGELES,TORRANCE,NA,NA
9534987,2022,2023-02-01,1928,2022-12-31,1429,50410,509,6,5,5,1928,0,0,0,NA,0,502,EL SEGUNDO BL,DOTY AV,0,NA,Y,B,-,N,NA,NA,NA,NA,NA,NA,NA,NA,NA,Y,4,0,1,2,A,-,08,22107,NA,N,B,C,A,B,H,-,A,D,0,NA,NA,NA,NA,Y,NA,A,01,0,0,1,0,0,0,0,0,0,-,-,33.91643142700195,-118.33954620361328,LOS ANGELES,HAWTHORNE,-118.33956146240234,33.916419982910156
9534988,2022,2023-02-01,1928,2022-12-27,1343,50376,531,2,5,5,1928,0,0,0,NA,0,501,IMPERIAL HWY,EUCALYPTUS AV,0,NA,Y,C,-,N,NA,NA,NA,NA,NA,NA,NA,NA,NA,Y,3,0,2,2,A,-,09,21801,A,N,D,C,A,B,H,-,A,A,0,NA,NA,NA,NA,Y,NA,A,07,0,2,0,0,0,0,0,0,0,-,-,33.930931091308594,-118.3591079711914,LOS ANGELES,HAWTHORNE,-118.35914611816406,33.93095397949219
9534989,2022,2023-02-14,1900,2022-12-01,1233,621411,1610,4,5,5,1977,0,0,0,NA,0,164T,MAIN ST,GARDENA BL,37,S,N,A,-,N,NA,NA,NA,NA,NA,NA,NA,NA,NA,Y,4,0,1,4,A,-,03,22350,NA,N,B,E,A,A,H,-,A,D,0,NA,NA,NA,NA,Y,NA,A,01,0,0,1,0,0,0,0,0,0,-,-,33.881778717041016,-118.2759017944336,LOS ANGELES,CARSON,-118.27578735351564,33.88190841674805
9534990,2022,2023-02-01,1900,2022-12-01,2300,626633,1629,4,5,5,1977,0,0,0,NA,0,160T,AVALON BL,DEL AMO BL,0,NA,Y,B,-,N,NA,NA,NA,NA,NA,NA,NA,NA,NA,N,3,0,1,2,A,-,10,21950,A,F,G,B,B,A,H,-,C,A,0,Y,NA,NA,NA,Y,NA,A,01,0,1,0,0,1,0,0,0,0,-,-,33.847660064697266,-118.26580810546876,LOS ANGELES,CARSON,-118.2649154663086,33.84761428833008
9534992,2022,2023-02-01,1900,2022-12-02,2033,657187,1626,5,5,5,1977,0,0,0,NA,0,168T,ALAMEDA ST,DEL AMO BL,533,S,N,C,-,N,NA,NA,NA,NA,NA,NA,NA,NA,NA,Y,4,0,1,2,A,-,09,21801,A,N,D,C,A,B,H,-,C,D,0,NA,NA,NA,NA,Y,NA,A,07,0,0,1,0,0,0,0,0,0,-,-,33.84469985961914,-118.22093963623048,LOS ANGELES,CARSON,-118.22088623046876,33.844844818115234
9534993,2022,2023-02-01,1900,2022-12-11,2250,654870,2112,7,5,5,1943,0,0,0,NA,0,212E1,BULLIS RD,LUGO AV,30,S,N,A,-,N,NA,NA,NA,NA,NA,NA,NA,NA,NA,N,2,0,1,2,A,-,01,23152,A,N,C,C,A,A,H,-,C,A,0,NA,NA,NA,NA,Y,Y,A,01,1,0,0,0,0,0,0,0,0,-,-,NA,NA,LOS ANGELES,LYNWOOD,-118.20133209228516,33.922813415527344
9535003,2022,2023-01-17,1900,2022-11-29,1056,641006,2228,2,5,3,1994,0,0,0,NA,0,222,KANAN RD,LARO DR,0,NA,Y,A,-,N,NA,NA,NA,NA,NA,NA,NA,NA,NA,Y,3,0,2,2,A,-,12,21453,A,N,A,C,A,A,H,-,A,A,0,NA,NA,NA,NA,Y,NA,-,-,0,2,0,0,0,0,0,0,0,-,-,34.159358978271484,-118.75672149658205,LOS ANGELES,AGOURA HILLS,-118.75669097900392,34.1594352722168
9535021,2023,2023-02-17,1925,2023-01-01,102,26160,208,7,5,6,1925,0,0,0,NA,0,001,WESTERN AV,VICTORY BL,0,NA,Y,C,-,N,NA,NA,NA,NA,NA,NA,NA,NA,NA,N,3,0,1,2,A,-,05,21202,A,N,D,G,A,B,H,-,C,A,0,NA,Y,NA,NA,Y,NA,L,04,0,1,0,0,0,0,1,0,0,-,-,34.161128997802734,-118.3001708984375,LOS ANGELES,GLENDALE,-118.30020141601564,34.161136627197266
9535033,2023,2023-02-17,1928,2023-01-02,1037,50324,509,1,5,5,1928,0,0,0,NA,0,502,CRENSHAW BL,JACK NORTHROP AV,0,NA,Y,A,-,N,NA,NA,NA,NA,NA,NA,NA,NA,NA,Y,4,0,1,1,A,-,08,22107,NA,N,E,I,A,A,H,-,A,A,0,NA,NA,NA,NA,Y,NA,A,01,0,0,1,0,0,0,0,0,0,-,-,NA,NA,LOS ANGELES,HAWTHORNE,-118.32651519775392,33.91968536376953
9535034,2023,2023-02-17,1972,2023-01-02,2302,22330,NA,1,5,6,1972,0,0,0,NA,0,NA,TORRANCE BL,CRENSHAW BL,0,NA,Y,B,C,N,NA,NA,NA,NA,NA,NA,NA,NA,NA,N,3,0,1,2,A,-,12,21453,A,N,D,C,A,B,H,-,C,A,0,NA,NA,NA,NA,Y,NA,A,NA,0,1,0,0,0,0,0,0,0,-,-,NA,NA,LOS ANGELES,TORRANCE,-118.32871246337892,33.83633804321289
9535141,2022,2023-02-09,1973,2022-12-27,0828,555,1973,2,5,1,1973,0,0,0,NA,0,001,E 46TH ST,SEVILLE AV,20,E,N,A,-,N,NA,NA,NA,NA,NA,NA,NA,NA,NA,Y,2,0,1,1,A,-,05,21651,A,N,E,I,A,A,H,-,A,D,0,NA,NA,NA,NA,Y,NA,A,01,1,0,0,0,0,0,0,0,0,-,-,NA,NA,LOS ANGELES,VERNON,-118.22232055664064,34.00175857543945
9535142,2022,2023-07-26,1973,2022-12-24,0035,667,1973,6,5,1,1973,0,0,0,NA,0,001,S ALAMEDA ST,E 48TH ST,30,W,N,A,-,N,NA,NA,NA,NA,NA,NA,NA,NA,NA,Y,1,1,0,1,A,-,01,23152,A,N,A,I,A,A,H,-,C,D,0,NA,NA,NA,NA,Y,Y,A,01,0,0,0,0,0,0,0,0,0,-,-,NA,NA,LOS ANGELES,VERNON,-118.23865509033205,34.00060272216797
9535143,2022,2023-02-13,1973,2022-12-22,1852,646,1973,4,5,1,1973,0,0,0,NA,0,002,S BOYLE AV,E SLAUSON AV,417,N,N,A,-,N,NA,NA,NA,NA,NA,NA,NA,NA,NA,N,4,0,1,2,A,-,05,21202,A,N,D,G,A,A,H,-,C,D,0,NA,Y,NA,NA,Y,NA,L,04,0,0,1,0,0,0,1,0,0,-,-,NA,NA,LOS ANGELES,VERNON,-118.21280670166016,33.990333557128906
9535144,2022,2023-02-09,1973,2022-12-21,2200,665,1973,3,5,1,1973,0,0,0,NA,0,003,BANDINI BL,S INDIANA ST,1320,E,N,A,-,N,NA,NA,NA,NA,NA,NA,NA,NA,NA,Y,4,0,1,2,A,-,09,21801,A,N,D,C,A,A,H,-,D,D,0,NA,NA,NA,NA,Y,NA,A,01,0,0,1,0,0,0,0,0,0,-,-,NA,NA,LOS ANGELES,VERNON,-118.18990325927734,34.00326919555664
9535145,2022,2023-02-09,1973,2022-12-21,1534,575,1973,3,5,1,1973,0,0,0,NA,0,002,RANDOLPH ST,S BOYLE AV,0,NA,Y,A,-,N,NA,NA,NA,NA,NA,NA,NA,NA,NA,N,4,0,1,2,A,-,12,21453,A,M,D,C,A,A,H,-,A,A,0,NA,NA,NA,NA,Y,NA,A,01,0,0,1,0,0,0,0,0,0,-,-,NA,NA,LOS ANGELES,VERNON,-118.21260833740234,33.98433303833008
9535146,2022,2023-02-09,1973,2022-12-19,0213,660,1973,1,5,1,1973,0,0,0,NA,0,001,LEONIS BL,SEVILLE AV,2,S,N,A,-,N,NA,NA,NA,NA,NA,NA,NA,NA,NA,Y,4,0,1,1,A,-,01,23152,A,N,E,I,A,A,H,-,C,A,0,NA,NA,NA,NA,Y,Y,A,01,0,0,1,0,0,0,0,0,0,-,-,NA,NA,LOS ANGELES,VERNON,-118.22238159179688,34.000030517578125
9535147,2022,2023-02-09,1973,2022-12-16,1637,648,1973,5,5,1,1973,0,0,0,NA,0,001,SEVILLE AV,E 46TH ST,4,S,N,A,-,N,NA,NA,NA,NA,NA,NA,NA,NA,NA,N,3,0,1,2,A,-,09,21802,NA,N,D,G,A,A,H,-,A,A,0,NA,Y,NA,NA,Y,NA,A,01,0,1,0,0,0,0,1,0,0,-,-,NA,NA,LOS ANGELES,VERNON,-118.2223892211914,34.001747131347656
9535148,2022,2023-02-13,1973,2022-12-12,1344,638,1973,1,5,1,1973,0,0,0,NA,0,002,E 26TH ST,S SOTO ST,1289,E,N,A,-,N,NA,NA,NA,NA,NA,NA,NA,NA,NA,N,4,0,2,2,A,-,03,22350,NA,N,C,C,A,A,H,-,A,D,0,NA,NA,NA,NA,Y,NA,A,01,0,0,2,0,0,0,0,0,0,-,-,NA,NA,LOS ANGELES,VERNON,-118.21585083007813,34.01339340209961
9535149,2022,2023-02-09,1973,2022-12-07,1737,568,1973,3,5,1,1973,0,0,0,NA,0,002,LEONIS BL,S DOWNEY RD,0,NA,Y,A,-,N,NA,NA,NA,NA,NA,NA,NA,NA,NA,Y,4,0,3,2,A,-,09,21801,A,N,D,C,A,A,H,-,C,A,0,NA,NA,NA,NA,Y,NA,A,01,0,0,3,0,0,0,0,0,0,-,-,NA,NA,LOS ANGELES,VERNON,-118.20474243164064,34.00028991699219
9535150,2022,2023-02-09,1973,2022-12-06,0401,660,1973,2,5,1,1973,0,0,0,NA,0,002,S SOTO ST,E 26TH ST,160,S,N,A,-,N,NA,NA,NA,NA,NA,NA,NA,NA,NA,Y,4,0,1,1,A,-,07,21658,A,N,E,I,A,A,H,-,C,A,0,NA,NA,NA,NA,Y,NA,A,01,0,0,1,0,0,0,0,0,0,-,-,NA,NA,LOS ANGELES,VERNON,-118.21989440917967,34.013973236083984
9535151,2022,2023-02-09,1973,2022-12-04,0845,639,1973,7,5,1,1973,0,0,0,NA,0,002,LEONIS BL,S DOWNEY RD,0,NA,Y,B,-,N,NA,NA,NA,NA,NA,NA,NA,NA,NA,N,4,0,1,2,A,-,08,22107,NA,N,B,C,A,A,H,-,A,A,0,NA,NA,NA,NA,Y,NA,A,01,0,0,1,0,0,0,0,0,0,-,-,NA,NA,LOS ANGELES,VERNON,-118.20474243164064,34.00028991699219
9535152,2022,2023-02-09,1973,2022-12-02,1652,661,1973,5,5,1,1973,0,0,0,NA,0,002,E SLAUSON AV,ALCOA AV,21,S,N,A,-,N,NA,NA,NA,NA,NA,NA,NA,NA,NA,NA,4,0,2,2,A,-,03,22350,NA,F,C,C,A,A,H,-,C,A,0,NA,NA,NA,NA,Y,NA,A,01,0,0,2,0,0,0,0,0,0,-,-,NA,NA,LOS ANGELES,VERNON,-118.20844268798828,33.98918914794922
9535153,2022,2023-02-09,1973,2022-12-02,0825,661,1973,5,5,1,1973,0,0,0,NA,0,002,E 26TH ST,SIERRA PINE AV,5,E,N,C,-,N,NA,NA,NA,NA,NA,NA,NA,NA,NA,N,4,0,1,1,A,-,03,22350,NA,N,A,I,A,B,H,-,A,D,0,NA,NA,NA,NA,Y,NA,A,01,0,0,1,0,0,0,0,0,0,-,-,NA,NA,LOS ANGELES,VERNON,-118.21174621582033,34.012447357177734
9535161,2022,2023-02-10,1973,2022-11-30,1013,636,1973,3,5,1,1973,0,0,0,NA,0,001,S SANTA FE AV,E 25TH ST,50,N,N,A,-,N,NA,NA,NA,NA,NA,NA,NA,NA,NA,N,4,0,1,2,A,-,03,22350,NA,N,C,C,A,A,H,-,A,A,0,NA,NA,NA,NA,Y,NA,A,07,0,0,1,0,0,0,0,0,0,-,-,NA,NA,LOS ANGELES,VERNON,-118.2303466796875,34.0146484375
9535162,2022,2023-02-13,1973,2022-11-30,0640,623,1973,3,5,1,1973,0,0,0,NA,0,003,SOUTH ATLANTIC BL,DISTRICT BL,0,NA,Y,B,-,N,NA,NA,NA,NA,NA,NA,NA,NA,NA,Y,4,0,1,2,A,-,09,21801,A,N,D,C,A,A,H,-,B,A,0,NA,NA,NA,NA,Y,NA,A,01,0,0,1,0,0,0,0,0,0,-,-,NA,NA,LOS ANGELES,VERNON,-118.1829071044922,33.993682861328125
9535163,2022,2023-02-10,1973,2022-11-24,2306,647,1973,4,5,1,1973,0,0,0,NA,0,002,MALBURG WY,E SLAUSON AV,367,S,N,A,-,N,NA,NA,NA,NA,NA,NA,NA,NA,NA,Y,4,0,1,1,A,-,01,23152,A,N,E,I,A,A,H,-,C,D,0,NA,NA,NA,NA,Y,Y,A,01,0,0,1,0,0,0,0,0,0,-,-,NA,NA,LOS ANGELES,VERNON,-118.20468902587892,33.988128662109375
9535164,2022,2023-02-10,1973,2022-11-21,1635,668,1973,1,5,1,1973,0,0,0,NA,0,001,S SANTA FE AV,E 28TH ST,232,S,N,A,-,N,NA,NA,NA,NA,NA,NA,NA,NA,NA,N,4,0,2,2,A,-,08,21460,5,N,D,C,A,A,H,-,A,A,0,NA,NA,NA,NA,Y,NA,A,01,0,0,2,0,0,0,0,0,0,-,-,NA,NA,LOS ANGELES,VERNON,-118.23030853271484,34.01121520996094
9535165,2022,2023-02-17,1973,2022-11-21,1552,668,1973,1,5,1,1973,0,0,0,NA,0,001,LEONIS BL,SEVILLE AV,210,S,N,A,-,N,NA,NA,NA,NA,NA,NA,NA,NA,NA,N,4,0,2,2,A,-,08,22107,NA,N,D,C,A,A,H,-,A,A,0,NA,NA,NA,NA,Y,NA,A,01,0,0,2,0,0,0,0,0,0,-,-,NA,NA,LOS ANGELES,VERNON,-118.22238159179688,34.000030517578125
9535166,2022,2023-02-13,1973,2022-11-06,1454,646,1973,7,5,1,1973,0,0,0,NA,0,002,S SOTO ST,E 46TH ST,11,N,N,A,-,N,NA,NA,NA,NA,NA,NA,NA,NA,NA,N,4,0,1,2,A,-,12,22450,A,N,D,C,A,A,H,-,A,A,0,NA,NA,NA,NA,Y,NA,A,01,0,0,1,0,0,0,0,0,0,-,-,NA,NA,LOS ANGELES,VERNON,-118.21965026855467,34.001888275146484
9535167,2022,2023-02-10,1973,2022-11-08,0855,658,1973,2,5,1,1973,0,0,0,NA,0,002,EAST WASHINGTON BL,S DOWNEY RD,2593,E,N,C,-,N,NA,NA,NA,NA,NA,NA,NA,NA,NA,Y,4,0,1,2,A,-,08,22107,NA,N,D,C,A,B,H,-,A,D,0,NA,NA,NA,NA,Y,NA,A,07,0,0,1,0,0,0,0,0,0,-,-,NA,NA,LOS ANGELES,VERNON,-118.1991729736328,34.01288986206055
9535168,2022,2023-02-10,1973,2022-11-04,1546,648,1973,5,5,1,1973,0,0,0,NA,0,002,E 37TH ST,S SOTO ST,173,W,N,A,-,N,NA,NA,NA,NA,NA,NA,NA,NA,NA,Y,4,0,3,3,A,-,03,22350,NA,N,C,C,A,A,H,-,A,A,0,NA,NA,NA,NA,Y,NA,A,07,0,0,3,0,0,0,0,0,0,-,-,NA,NA,LOS ANGELES,VERNON,-118.22030639648438,34.008941650390625
9535169,2022,2023-02-10,1973,2022-11-04,1456,648,1973,5,5,1,1973,0,0,0,NA,0,002,S SOTO ST,FRUITLAND AV,265,N,N,A,-,N,NA,NA,NA,NA,NA,NA,NA,NA,NA,N,4,0,1,2,A,-,03,22350,NA,M,C,C,A,A,H,-,A,A,0,NA,NA,NA,NA,Y,NA,A,01,0,0,1,0,0,0,0,0,0,-,-,NA,NA,LOS ANGELES,VERNON,-118.21952056884766,33.997135162353516
9535170,2022,2023-02-10,1973,2022-11-03,0414,647,1973,4,5,1,1973,0,0,0,NA,0,003,DISTRICT BL,LOMA VISTA AV,236,W,N,A,-,N,NA,NA,NA,NA,NA,NA,NA,NA,NA,Y,4,0,1,3,A,-,09,21804,A,N,D,C,A,A,H,-,C,D,0,NA,NA,NA,NA,Y,NA,A,07,0,0,1,0,0,0,0,0,0,-,-,NA,NA,LOS ANGELES,VERNON,-118.19817352294922,33.999759674072266
9535187,2023,2023-02-15,1900,2023-01-03,430,624013,0624,2,5,6,1985,0,0,0,NA,0,62T1,LYONS AV,ORCHARD VILLAGE RD,0,NA,Y,C,-,N,NA,NA,NA,NA,NA,NA,NA,NA,NA,Y,3,0,1,1,A,-,08,22107,NA,N,E,I,A,B,H,-,C,A,0,NA,NA,NA,NA,Y,NA,A,01,0,1,0,0,0,0,0,0,0,-,-,34.37989044189453,-118.54118347167967,LOS ANGELES,SANTA CLARITA,-118.54087829589844,34.37982940673828
9535195,2023,2023-02-15,1910,2023-01-29,1915,05438,NA,7,5,4,1910,0,0,0,NA,0,006,N BEVERLY DR,N REXFORD DR,0,NA,Y,C,-,N,NA,NA,NA,NA,NA,NA,NA,NA,NA,Y,4,0,1,2,A,-,09,21801,A,N,B,C,A,B,H,-,C,D,0,NA,NA,NA,NA,Y,NA,A,01,0,0,1,0,0,0,0,0,0,-,-,34.08723068237305,-118.41269683837892,LOS ANGELES,BEVERLY HILLS,-118.41267395019533,34.08717727661133
9535196,2023,2023-02-15,1910,2023-01-27,1543,03494,NA,5,5,4,1910,0,0,0,NA,0,007,OLYMPIC BL,ELM DR,0,NA,Y,A,-,N,NA,NA,NA,NA,NA,NA,NA,NA,NA,Y,3,0,1,2,A,-,09,21802,A,N,D,C,A,A,H,-,A,A,0,NA,NA,NA,NA,Y,NA,A,01,0,1,0,0,0,0,0,0,0,-,-,NA,NA,LOS ANGELES,BEVERLY HILLS,-118.39492797851564,34.059356689453125
9535197,2023,2023-02-15,1910,2023-01-20,1551,03494,NA,5,5,4,1910,0,0,0,NA,0,007,WILSHIRE BL,CRESCENT DR,0,NA,Y,A,-,N,NA,NA,NA,NA,NA,NA,NA,NA,NA,N,3,0,1,2,A,-,12,21453,A,N,A,C,A,A,H,-,A,A,0,NA,NA,Y,NA,Y,NA,C,02,0,1,0,0,0,0,0,0,1,-,-,NA,NA,LOS ANGELES,BEVERLY HILLS,-118.39575958251952,34.06705093383789