CASE_ID,ACCIDENT_YEAR,PROC_DATE,JURIS,COLLISION_DATE,COLLISION_TIME,OFFICER_ID,REPORTING_DISTRICT,DAY_OF_WEEK,CHP_SHIFT,POPULATION,CNTY_CITY_LOC,SPECIAL_COND,BEAT_TYPE,CHP_BEAT_TYPE,CITY_DIVISION_LAPD,CHP_BEAT_CLASS,BEAT_NUMBER,PRIMARY_RD,SECONDARY_RD,DISTANCE,DIRECTION,INTERSECTION,WEATHER_1,WEATHER_2,STATE_HWY_IND,CALTRANS_COUNTY,CALTRANS_DISTRICT,STATE_ROUTE,ROUTE_SUFFIX,POSTMILE_PREFIX,POSTMILE,LOCATION_TYPE,RAMP_INTERSECTION,SIDE_OF_HWY,TOW_AWAY,COLLISION_SEVERITY,NUMBER_KILLED,NUMBER_INJURED,PARTY_COUNT,PRIMARY_COLL_FACTOR,PCF_CODE_OF_VIOL,PCF_VIOL_CATEGORY,PCF_VIOLATION,PCF_VIOL_SUBSECTION,HIT_AND_RUN,TYPE_OF_COLLISION,MVIW,PED_ACTION,ROAD_SURFACE,ROAD_COND_1,ROAD_COND_2,LIGHTING,CONTROL_DEVICE,CHP_ROAD_TYPE,PEDESTRIAN_ACCIDENT,BICYCLE_ACCIDENT,MOTORCYCLE_ACCIDENT,TRUCK_ACCIDENT,NOT_PRIVATE_PROPERTY,ALCOHOL_INVOLVED,STWD_VEHTYPE_AT_FAULT,CHP_VEHTYPE_AT_FAULT,COUNT_SEVERE_INJ,COUNT_VISIBLE_INJ,COUNT_COMPLAINT_PAIN,COUNT_PED_KILLED,COUNT_PED_INJURED,COUNT_BICYCLIST_KILLED,COUNT_BICYCLIST_INJURED,COUNT_MC_KILLED,COUNT_MC_INJURED,PRIMARY_RAMP,SECONDARY_RAMP,LATITUDE,LONGITUDE,COUNTY,CITY,POINT_X,POINT_Y
9535854,2022,2023-02-14,1973,2022-10-31,0242,568,1973,1,5,1,1973,0,0,0,NA,0,002,LEONIS BL,BOYLE AV,647,W,N,A,-,N,NA,NA,NA,NA,NA,NA,NA,NA,NA,Y,4,0,1,1,A,-,07,21658,A,N,A,I,A,A,H,-,C,D,0,NA,NA,NA,NA,Y,NA,A,01,0,0,1,0,0,0,0,0,0,-,-,NA,NA,LOS ANGELES,VERNON,-118.21521759033205,34.0001106262207
9535855,2022,2023-02-14,1973,2022-10-28,1823,575,1973,5,5,1,1973,0,0,0,NA,0,003,DISTRICT BL,LOMA VISTA AV,0,NA,Y,A,-,N,NA,NA,NA,NA,NA,NA,NA,NA,NA,Y,3,0,1,2,A,-,08,22107,NA,N,D,C,A,A,H,-,C,A,0,NA,NA,NA,NA,Y,NA,A,01,0,1,0,0,0,0,0,0,0,-,-,NA,NA,LOS ANGELES,VERNON,-118.19740295410156,33.99967956542969
9535856,2022,2023-02-14,1973,2022-10-28,1804,661,1973,5,5,1,1973,0,0,0,NA,0,001,S SANTA FE AV,PACIFIC BL,110,N,N,A,-,N,NA,NA,NA,NA,NA,NA,NA,NA,NA,N,4,0,1,2,A,-,10,21952,NA,N,D,B,F,A,H,-,B,D,0,Y,NA,NA,NA,Y,NA,A,01,0,0,1,0,1,0,0,0,0,-,-,NA,NA,LOS ANGELES,VERNON,-118.23023986816406,34.00425338745117
9535857,2022,2023-02-14,1973,2022-10-20,1451,659,1973,4,5,1,1973,0,0,0,NA,0,002,ALCOA AV,FRUITLAND AV,295,S,N,A,-,N,NA,NA,NA,NA,NA,NA,NA,NA,NA,N,3,0,1,2,A,-,21,22106,NA,N,G,B,F,A,H,-,A,D,0,Y,NA,NA,NA,Y,NA,A,01,0,1,0,0,1,0,0,0,0,-,-,NA,NA,LOS ANGELES,VERNON,-118.2086181640625,33.99576187133789
9535858,2022,2023-02-14,1973,2022-10-18,1600,555,1973,2,5,1,1973,0,0,0,NA,0,003,DISTRICT BL,CORONA AV,240,E,N,A,-,N,NA,NA,NA,NA,NA,NA,NA,NA,NA,Y,4,0,1,1,A,-,03,22350,NA,N,E,I,A,A,H,-,A,D,0,NA,NA,NA,NA,Y,NA,A,01,0,0,1,0,0,0,0,0,0,-,-,NA,NA,LOS ANGELES,VERNON,-118.19245147705078,33.99916076660156
9535859,2022,2023-02-14,1973,2022-10-16,0731,668,1973,7,5,1,1973,0,0,0,NA,0,001,E 37TH ST,S SANTA FE AV,23,E,N,A,-,N,NA,NA,NA,NA,NA,NA,NA,NA,NA,Y,4,0,1,2,A,-,12,21453,A,N,D,C,A,A,H,-,A,A,0,NA,NA,NA,NA,Y,NA,A,01,0,0,1,0,0,0,0,0,0,-,-,NA,NA,LOS ANGELES,VERNON,-118.23021697998048,34.008941650390625
9535860,2022,2023-02-14,1973,2022-10-05,0630,656,1973,3,5,1,1973,0,0,0,NA,0,002,S BOYLE AV,E SLAUSON AV,10,W,N,A,-,N,NA,NA,NA,NA,NA,NA,NA,NA,NA,Y,4,0,1,2,A,-,08,22107,NA,F,D,C,A,A,H,-,A,A,0,NA,NA,NA,NA,Y,NA,-,99,0,0,1,0,0,0,0,0,0,-,-,NA,NA,LOS ANGELES,VERNON,-118.21279907226564,33.98918914794922
9535861,2022,2023-02-13,1973,2022-10-02,1710,639,1973,7,5,1,1973,0,0,0,NA,0,002,EAST WASHINGTON BL,S GRANDE VISTA AV,0,NA,Y,A,-,N,NA,NA,NA,NA,NA,NA,NA,NA,NA,Y,4,0,6,2,D,-,00,NA,NA,N,D,C,A,A,H,-,A,A,0,NA,NA,NA,NA,Y,NA,-,-,0,0,6,0,0,0,0,0,0,-,-,NA,NA,LOS ANGELES,VERNON,-118.20761871337892,34.01390838623047
9535878,2022,2023-02-14,1942,2022-12-06,1200,32774,1506,2,5,7,1942,0,0,0,O,0,26TL77,VINELAND AV,SHERMAN WY,0,NA,Y,A,-,N,NA,NA,NA,NA,NA,NA,NA,NA,NA,Y,2,0,4,3,A,-,09,21801,A,N,D,C,A,A,H,-,A,D,0,NA,NA,NA,NA,Y,NA,A,07,1,1,2,0,0,0,0,0,0,-,-,NA,NA,LOS ANGELES,LOS ANGELES,-118.37032318115234,34.20117950439453
9535880,2022,2023-02-14,1938,2022-12-12,1711,1269,NA,1,5,4,1938,0,0,0,NA,0,003,ESPERANZA DR,BASELINE RD,0,NA,Y,A,-,N,NA,NA,NA,NA,NA,NA,NA,NA,NA,Y,4,0,1,2,A,-,09,21801,A,N,D,C,A,A,H,-,C,A,0,NA,NA,NA,NA,Y,NA,A,01,0,0,1,0,0,0,0,0,0,-,-,NA,NA,LOS ANGELES,LA VERNE,-117.76596832275392,34.121673583984375
9535902,2023,2023-03-07,1909,2023-01-27,846,624,1909,5,5,4,1909,0,0,0,NA,0,NORTH,JABONERIA RD,GAGE AV,15,S,N,-,-,N,NA,NA,NA,NA,NA,NA,NA,NA,NA,N,4,0,1,2,A,-,10,21950,A,N,G,B,B,A,H,-,A,A,0,Y,NA,NA,NA,Y,NA,A,01,0,0,1,0,1,0,0,0,0,-,-,33.97441101074219,-118.15264129638672,LOS ANGELES,BELL GARDENS,-118.15266418457033,33.9743537902832
9535924,2023,2023-03-15,1902,2023-01-28,1102,826,21,6,5,5,1902,0,0,0,NA,0,004,SUNSET BL,HUNTINGTON DR,0,NA,Y,A,-,N,NA,NA,NA,NA,NA,NA,NA,NA,NA,Y,3,0,3,3,A,-,12,21453,A,N,D,C,A,A,H,-,A,A,0,NA,NA,NA,NA,Y,NA,-,-,0,1,2,0,0,0,0,0,0,-,-,NA,NA,LOS ANGELES,ARCADIA,-118.06514739990234,34.13107681274414
9535925,2023,2023-03-09,1902,2023-01-30,1408,756,32,1,5,5,1902,0,0,0,NA,0,005,TYLER AV,LIVE OAK AV,197,S,N,B,-,N,NA,NA,NA,NA,NA,NA,NA,NA,NA,Y,4,0,1,2,A,-,09,21804,A,N,D,C,A,A,H,-,A,D,0,NA,NA,NA,NA,Y,NA,A,07,0,0,1,0,0,0,0,0,0,-,-,NA,NA,LOS ANGELES,ARCADIA,-118.02456665039064,34.10763931274414
9535932,2023,2023-03-09,1931,2023-01-25,809,5315,1931,3,5,5,1931,0,0,0,NA,0,002,RANDOLPH ST,ARBUTUS AV,0,NA,Y,A,-,N,NA,NA,NA,NA,NA,NA,NA,NA,NA,NA,4,0,1,2,A,-,10,21950,A,N,G,B,B,A,H,-,-,A,0,Y,NA,NA,NA,Y,NA,A,01,0,0,1,0,1,0,0,0,0,-,-,NA,NA,LOS ANGELES,HUNTINGTON PARK,-118.21483612060548,33.98452377319336
9535933,2023,2023-03-09,1931,2023-01-28,1427,5252,1931,6,5,5,1931,0,0,0,NA,0,004,STATE ST,ZOE AV,153,S,N,A,-,N,NA,NA,NA,NA,NA,NA,NA,NA,NA,Y,3,0,1,3,A,-,09,21806,A,N,D,C,A,A,H,-,A,D,0,NA,NA,NA,NA,Y,NA,A,01,0,1,0,0,0,0,0,0,0,-,-,NA,NA,LOS ANGELES,HUNTINGTON PARK,-118.21251678466795,33.97896957397461
9535934,2023,2023-03-09,1931,2023-01-20,1504,5332,1931,5,5,5,1931,0,0,0,NA,0,002,RANDOLPH ST,HOOD AV,0,NA,Y,A,-,N,NA,NA,NA,NA,NA,NA,NA,NA,NA,NA,4,0,1,2,A,-,09,21804,A,N,B,D,A,A,H,-,A,D,0,NA,NA,Y,NA,Y,NA,A,01,0,0,1,0,0,0,0,0,0,-,-,NA,NA,LOS ANGELES,HUNTINGTON PARK,-118.20960998535156,33.98365020751953
9535935,2023,2023-03-09,1900,2023-01-30,1725,626048,1610,1,5,5,1977,0,0,0,NA,0,164,ALONDRA BL,FIGUEROA ST,0,NA,Y,A,-,N,NA,NA,NA,NA,NA,NA,NA,NA,NA,N,3,0,2,2,A,-,12,21453,A,N,D,C,A,B,H,-,C,A,0,NA,NA,NA,NA,Y,NA,A,01,0,2,0,0,0,0,0,0,0,-,-,33.885520935058594,-118.28270721435548,LOS ANGELES,CARSON,-118.2827606201172,33.885475158691406
9535936,2023,2023-03-09,1900,2023-01-27,1820,640413,1610,5,5,5,1977,0,0,0,NA,0,164T1,ALBERTONI ST,MAIN ST,0,NA,Y,A,-,N,NA,NA,NA,NA,NA,NA,NA,NA,NA,N,4,0,1,2,A,-,09,21453,B,N,C,-,A,A,H,-,C,A,0,NA,NA,NA,NA,Y,NA,A,01,0,0,1,0,0,0,0,0,0,-,-,33.871158599853516,-118.27529907226564,LOS ANGELES,CARSON,-118.27555847167967,33.871246337890625
9535937,2023,2023-03-09,1900,2023-01-26,1800,640413,1626,4,5,5,1977,0,0,0,NA,0,164T1,WILMINGTON AV,223RD ST,517,S,N,A,-,N,NA,NA,NA,NA,NA,NA,NA,NA,NA,N,2,0,1,2,A,-,17,21228,NA,M,H,C,A,A,H,-,C,A,0,NA,NA,NA,NA,Y,NA,M,94,1,0,0,0,0,0,0,0,0,WO,-,33.822879791259766,-118.24333190917967,LOS ANGELES,CARSON,-118.24344635009766,33.82307434082031
9535938,2023,2023-03-09,1900,2023-01-12,1620,640413,1611,4,5,5,1977,0,0,0,NA,0,164T1,MCKINLEY AV,163RD ST,0,NA,Y,A,-,N,NA,NA,NA,NA,NA,NA,NA,NA,NA,N,4,0,1,2,A,-,09,21804,A,N,H,G,A,A,H,-,A,D,0,NA,Y,NA,NA,Y,NA,L,04,0,0,1,0,0,0,1,0,0,-,-,33.88462829589844,-118.25920104980467,LOS ANGELES,CARSON,-118.25920867919922,33.884586334228516
9535939,2023,2023-03-14,1900,2023-01-26,1839,658258,1620,4,5,5,1977,0,0,0,NA,0,167T1,DEL AMO BL,LEAPWOOD AV,509,W,N,A,-,N,NA,NA,NA,NA,NA,NA,NA,NA,NA,Y,3,0,1,2,A,-,09,21801,A,N,D,C,A,A,H,-,C,D,0,NA,NA,Y,NA,Y,NA,A,01,0,1,0,0,0,0,0,0,1,-,-,33.84661865234375,-118.25875854492188,LOS ANGELES,CARSON,-118.26036834716795,33.84685516357422
9535940,2023,2023-03-09,1900,2023-01-29,2200,657187,1616,7,5,5,1977,0,0,0,NA,0,164T1,CENTRAL AV,DIMONDALE DR,530,N,N,B,-,N,NA,NA,NA,NA,NA,NA,NA,NA,NA,Y,4,0,2,2,A,-,01,23152,A,M,A,D,A,B,H,-,C,B,0,NA,NA,NA,NA,Y,Y,A,01,0,0,2,0,0,0,0,0,0,-,-,33.850440979003906,-118.24849700927734,LOS ANGELES,CARSON,-118.24859619140624,33.850364685058594
9536008,2022,2022-12-23,1900,2022-11-26,1235,525042,1012,6,5,3,1995,0,0,0,NA,0,101T4,RT 1,CAVALLERI RD,0,NA,Y,A,-,Y,LA,7,1,-,-,54.111,I,5,N,Y,4,0,1,2,A,-,09,21804,NA,N,B,C,A,A,H,-,A,A,0,NA,NA,NA,NA,Y,NA,A,01,0,0,1,0,0,0,0,0,0,-,-,34.021339416503906,-118.80400848388672,LOS ANGELES,MALIBU,-118.80457305908205,34.0221061706543
9536010,2022,2022-12-23,1900,2022-11-23,1330,550490,2611,3,5,6,1950,0,0,0,NA,0,263T1,DIVISION ST,PALMDALE BL,0,NA,Y,A,-,Y,LA,7,138,-,-,43.681,I,5,W,N,4,0,2,2,A,-,09,21801,A,N,D,C,A,A,H,-,A,A,0,NA,NA,NA,NA,Y,NA,A,01,0,0,2,0,0,0,0,0,0,-,-,34.57984161376953,-118.12963104248048,LOS ANGELES,PALMDALE,-118.12958526611328,34.579891204833984
9536012,2022,2022-12-23,1900,2022-11-26,1308,624459,1016,6,5,3,1995,0,0,0,NA,0,101A,PACIFIC COAST HWY,PACIFIC COAST HWY 22660,0,NA,-,A,-,Y,LA,7,1,-,-,46.07,H,-,S,N,4,0,1,2,A,-,08,22100,A,N,H,G,A,A,H,-,A,D,0,NA,Y,NA,NA,Y,NA,A,01,0,0,1,0,0,0,1,0,0,-,-,34.039241790771484,-118.66886901855467,LOS ANGELES,MALIBU,-118.66896057128906,34.039424896240234
9536016,2022,2022-12-23,1900,2022-11-28,0835,622013,1016,1,5,3,1995,0,0,0,NA,0,101T4,RT 1,CARBON CANYON RD,200,N,N,A,-,Y,LA,7,1,-,-,45.02,H,-,S,N,4,0,2,2,A,-,03,22350,NA,N,C,C,A,A,H,-,A,A,0,NA,NA,NA,NA,Y,NA,A,01,0,0,2,0,0,0,0,0,0,-,-,34.03807067871094,-118.65081787109376,LOS ANGELES,MALIBU,-118.6510772705078,34.03818893432617
9536020,2022,2022-12-23,1900,2022-11-03,1514,517840,1015,4,5,3,1995,0,0,0,NA,0,101T3,RT 1,MALIBU PIER,182,E,N,A,-,Y,LA,7,1,-,-,46.5,H,-,S,Y,3,0,1,3,A,-,03,22350,NA,N,C,C,A,A,H,-,A,D,0,NA,NA,NA,NA,Y,NA,A,01,0,1,0,0,0,0,0,0,0,-,-,34.03789138793945,-118.67584991455078,LOS ANGELES,MALIBU,-118.6762237548828,34.03771209716797
9536024,2022,2022-12-23,1900,2022-11-18,1749,635554,1012,5,5,3,1995,0,0,0,NA,0,101T2,PACIFIC COAST HWY,WESTWARD BEACH RD,0,NA,Y,A,-,Y,LA,7,1,-,-,54.911,I,5,S,Y,3,0,3,3,A,-,09,21804,A,N,D,C,A,A,H,-,C,D,0,NA,NA,NA,NA,Y,NA,A,01,0,1,2,0,0,0,0,0,0,-,-,34.0172004699707,-118.81664276123048,LOS ANGELES,MALIBU,-118.81633758544922,34.01729965209961
9536028,2022,2022-12-23,1900,2022-11-24,1029,635554,1014,4,5,3,1995,0,0,0,NA,0,101T4,PACIFIC COAST HWY,CORRAL CANYON RD,400,E,N,A,-,Y,LA,7,1,-,-,50.3,H,-,N,Y,2,0,3,2,A,-,08,22107,NA,N,A,E,A,A,H,-,A,D,0,NA,NA,NA,NA,Y,NA,D,22,2,1,0,0,0,0,0,0,0,-,-,NA,NA,LOS ANGELES,MALIBU,-118.74164581298828,34.033348083496094
9536045,2022,2022-12-28,1900,2022-11-21,1707,644565,1123,1,5,6,1992,0,0,0,NA,0,112T2,SIERRA HWY,AVENUE J-8,0,NA,Y,A,-,N,NA,NA,NA,NA,NA,NA,NA,NA,NA,Y,4,0,3,2,A,-,09,21801,A,N,D,C,A,A,H,-,C,D,0,NA,NA,NA,NA,Y,NA,A,07,0,0,3,0,0,0,0,0,0,-,-,NA,NA,LOS ANGELES,LANCASTER,-118.1340103149414,34.682167053222656
9536055,2022,2022-12-20,1900,2022-09-07,0840,643769,0332,3,5,4,1939,0,0,0,NA,0,35T1,MANSEL AV,156TH ST,0,NA,Y,A,-,N,NA,NA,NA,NA,NA,NA,NA,NA,NA,N,2,0,1,2,A,-,10,21950,NA,N,G,B,B,A,H,-,A,A,0,Y,NA,NA,NA,Y,NA,A,01,1,0,0,0,1,0,0,0,0,-,-,33.88959884643555,-118.35581970214844,LOS ANGELES,LAWNDALE,-118.35584259033205,33.88966369628906
9536059,2022,2022-12-23,1941,2022-10-18,0745,10785,EAST,2,5,7,1941,0,0,0,NA,0,011,EAST PACIFIC COAST HWY,MOLINO AV,0,NA,Y,A,-,Y,LA,7,1,-,-,4.641,I,5,S,Y,3,0,2,2,A,-,09,21802,NA,N,D,C,A,A,H,-,A,D,0,NA,NA,NA,NA,Y,NA,A,01,0,2,0,0,0,0,0,0,0,-,-,33.789859771728516,-118.16120910644533,LOS ANGELES,LONG BEACH,-118.16119384765624,33.7898063659668
9536065,2022,2022-12-28,1902,2022-11-09,1044,532124,0599,3,5,5,1902,0,0,0,NA,0,52T1D,SANTA ANITA AV,FREER ST,0,NA,Y,A,-,N,NA,NA,NA,NA,NA,NA,NA,NA,NA,Y,4,0,2,2,A,-,12,21453,A,N,D,C,A,A,H,-,A,A,0,NA,NA,NA,NA,Y,NA,A,01,0,0,2,0,0,0,0,0,0,-,-,34.10044860839844,-118.02918243408205,LOS ANGELES,ARCADIA,-118.02914428710938,34.100460052490234
9536069,2022,2022-12-28,1905,2022-11-24,1110,797,IRWPD,4,5,4,1905,0,0,0,NA,0,NA,AZUSA AV,PARAMOUNT ST,0,NA,Y,A,-,N,NA,NA,NA,NA,NA,NA,NA,NA,NA,Y,3,0,2,2,A,-,09,21802,A,N,D,C,A,A,H,-,A,A,0,NA,NA,NA,NA,Y,NA,A,01,0,2,0,0,0,0,0,0,0,-,-,NA,NA,LOS ANGELES,AZUSA,-117.90756225585938,34.11800003051758
9536072,2022,2023-01-03,1976,2022-11-04,1955,557,1976,5,5,5,1976,0,0,0,NA,0,003,WHITTIER BL,CALMADA AV,0,NA,Y,A,-,Y,LA,7,72,-,-,2.848,I,5,S,Y,4,0,1,2,A,-,03,22350,NA,N,D,C,A,A,H,-,C,A,0,NA,NA,Y,NA,Y,NA,C,02,0,0,1,0,0,0,0,0,1,-,-,NA,NA,LOS ANGELES,WHITTIER,-118.0212173461914,33.95652770996094
9536078,2022,2023-01-06,1900,2022-11-13,1600,650291,1015,7,5,3,1995,0,0,0,NA,0,101T2,RT 1,SERRA RD,1451,E,N,A,-,Y,LA,7,1,-,-,46.53,H,-,N,N,4,0,1,2,A,-,01,23152,NA,N,C,C,A,A,H,-,B,A,0,NA,NA,NA,NA,Y,Y,A,01,0,0,1,0,0,0,0,0,0,-,-,NA,NA,LOS ANGELES,MALIBU,-118.67679595947266,34.03755187988281
9536140,2022,2023-01-03,1900,2022-11-24,1728,641904,1016,4,5,3,1995,0,0,0,NA,0,101E,PACIFIC COAST HWY,RAMBLA VISTA,100,E,N,A,G,Y,LA,7,1,-,-,44.82,H,-,N,Y,2,0,1,2,A,-,07,21658,NA,N,G,E,A,A,H,-,C,A,0,NA,NA,NA,NA,Y,NA,A,01,1,0,0,0,0,0,0,0,0,-,-,34.03871154785156,-118.64739990234376,LOS ANGELES,MALIBU,-118.64762878417967,34.038455963134766
9536144,2022,2023-01-03,1900,2022-11-26,1615,507732,1015,6,5,3,1995,0,0,0,NA,0,101T1,RT 1,CROSS CREEK,171.11,E,N,A,-,Y,LA,7,1,-,-,46.97,H,-,N,N,2,0,1,3,A,-,07,21658,A,N,B,C,A,A,H,-,A,D,0,NA,NA,Y,NA,Y,NA,O,05,1,0,0,0,0,0,0,0,1,-,-,34.03445816040039,-118.68472290039064,LOS ANGELES,MALIBU,-118.68366241455078,34.03458023071289
9536147,2022,2023-01-03,1941,2022-09-07,1653,6278,NA,3,5,7,1941,0,0,0,NA,0,NA,PACIFIC COAST HWY,JUNIPERO AV,0,NA,Y,A,-,Y,LA,7,1,-,-,4.771,I,5,S,Y,3,0,1,2,A,-,08,22107,NA,N,A,C,A,A,H,-,A,A,0,NA,NA,NA,NA,Y,NA,A,NA,0,1,0,0,0,0,0,0,0,-,-,NA,NA,LOS ANGELES,LONG BEACH,-118.16331481933594,33.78980255126953
9536148,2022,2023-01-03,1976,2022-11-22,1003,275,1976,2,5,5,1976,0,0,0,NA,0,002,S PICKERING AV,WHITTIER BL,2,N,N,A,-,Y,LA,7,72,-,-,4.28,I,5,N,N,4,0,1,2,A,-,10,21950,A,N,G,B,B,A,H,-,A,A,0,Y,NA,NA,NA,Y,NA,A,01,0,0,1,0,1,0,0,0,0,-,-,NA,NA,LOS ANGELES,WHITTIER,-118.04209136962892,33.968536376953125
9536151,2022,2023-01-03,1956,2022-10-28,1540,1390,23,5,5,5,1956,0,0,0,NA,0,002,DIAMOND ST,PACIFIC COAST HWY,0,NA,Y,A,-,Y,LA,7,1,-,-,19.941,I,6,N,N,4,0,1,2,A,-,03,22350,NA,F,G,G,F,A,H,-,A,D,0,Y,Y,NA,NA,Y,NA,L,04,0,0,1,0,1,0,0,0,0,-,-,33.84497833251953,-118.38728332519533,LOS ANGELES,REDONDO BEACH,-118.38726043701172,33.8449821472168
9536159,2022,2022-12-28,1946,2022-10-29,1029,P3,NA,6,5,4,1946,0,0,0,NA,0,001,GRAND AV,PROSPECT AV,273,N,N,A,-,N,NA,NA,NA,NA,NA,NA,NA,NA,NA,N,3,0,1,2,A,-,00,22102,A,N,D,G,A,A,H,-,A,D,0,NA,Y,NA,NA,Y,NA,L,04,0,1,0,0,0,0,1,0,0,-,-,NA,NA,LOS ANGELES,MONROVIA,-117.9924545288086,34.15937042236328
9536162,2022,2023-01-03,1956,2022-12-09,1655,1292,24,5,5,5,1956,0,0,0,NA,0,002,RT 1,N CATALINA AV,0,NA,Y,A,-,Y,LA,7,1,-,-,20.558,I,5,N,Y,3,0,2,2,A,-,12,21453,A,N,D,C,A,A,H,-,B,A,0,NA,NA,Y,NA,Y,NA,A,01,0,1,1,0,0,0,0,0,1,-,-,NA,NA,LOS ANGELES,REDONDO BEACH,-118.38990783691406,33.85350799560547
9536176,2022,2023-01-03,1920,2022-12-03,1333,13321,1920,6,5,6,1920,0,0,0,NA,0,001,LAKEWOOD BL,RT 105,0,NA,Y,A,-,Y,LA,7,105,-,R,15.968,R,1,W,N,3,0,1,2,A,-,12,21453,A,M,G,B,B,A,H,-,A,A,0,Y,NA,NA,NA,Y,NA,A,07,0,1,0,0,1,0,0,0,0,-,WF,NA,NA,LOS ANGELES,DOWNEY,-118.13706207275392,33.91324234008789
9536177,2022,2023-01-03,1900,2022-11-18,0800,604216,0560,5,5,3,1968,0,0,0,NA,0,55A/AM,RT 164,FERN ST,0,NA,Y,A,-,Y,LA,7,164,-,-,4.557,I,5,N,Y,4,0,3,2,A,-,09,21801,A,N,A,C,A,A,H,-,A,D,0,NA,NA,NA,NA,Y,NA,A,01,0,0,3,0,0,0,0,0,0,-,-,34.05908966064453,-118.06437683105467,LOS ANGELES,SOUTH EL MONTE,-118.06423950195313,34.05907440185547
9536180,2022,2023-01-10,1920,2022-12-02,1626,14050,1920,5,5,6,1920,0,0,0,NA,0,006,LAKEWOOD BL,RT 105,0,NA,N,A,-,N,NA,NA,NA,NA,NA,NA,NA,NA,NA,N,4,0,1,3,A,-,03,22350,NA,N,C,C,A,A,H,-,A,A,0,NA,NA,NA,NA,Y,NA,A,08,0,0,1,0,0,0,0,0,0,-,-,NA,NA,LOS ANGELES,DOWNEY,-118.14051818847656,33.91324996948242
9536184,2022,2023-01-03,1920,2022-12-11,2321,14050,1920,7,5,6,1920,0,0,0,NA,0,006,LAURELDALE AV,SOMERSET RANCH RD S,0,NA,Y,A,-,N,NA,NA,NA,NA,NA,NA,NA,NA,NA,Y,2,0,1,1,A,-,01,23152,A,N,A,I,A,A,H,-,C,A,0,NA,NA,NA,NA,Y,Y,A,01,1,0,0,0,0,0,0,0,0,-,-,NA,NA,LOS ANGELES,DOWNEY,-118.14826965332033,33.91239547729492
9536217,2022,2023-01-03,1900,2022-12-03,1621,625556,1014,6,5,3,1995,0,0,0,NA,0,101T1,PACIFIC COAST HWY,JOHN TYLER,0,NA,Y,A,-,Y,LA,7,1,-,-,48.491,I,5,N,Y,3,0,2,2,A,-,08,22100,B,N,A,C,A,A,H,-,A,A,0,NA,NA,NA,NA,Y,NA,A,01,0,2,0,0,0,0,0,0,0,-,-,34.03432846069336,-118.70990753173828,LOS ANGELES,MALIBU,-118.7099838256836,34.03428268432617
9536219,2022,2023-01-03,1900,2022-11-24,1620,551881,1418,4,5,1,1932,0,0,0,NA,0,141T5,RT 60,FULLERTON RD,22,W,N,A,-,Y,LA,7,60,-,-,19.297,R,1,E,N,4,0,3,2,A,-,21,22106,NA,N,C,C,A,A,H,-,A,A,0,NA,NA,NA,NA,Y,NA,A,01,0,0,3,0,0,0,0,0,0,EF,-,33.99296951293945,-117.90553283691406,LOS ANGELES,INDUSTRY,-117.90835571289064,33.99408721923828
9536221,2022,2023-01-03,1900,2022-12-08,1729,467716,1014,4,5,3,1995,0,0,0,NA,0,101T1,RT 1,CORRAL CANYON,2640,S,N,A,-,Y,LA,7,1,-,-,49.95,H,-,S,Y,3,0,1,2,A,-,01,23152,A,N,D,C,A,A,H,-,D,D,0,NA,NA,NA,NA,Y,Y,A,01,0,1,0,0,0,0,0,0,0,-,-,34.033599853515625,-118.73513793945313,LOS ANGELES,MALIBU,-118.73512268066406,34.033424377441406
9536227,2022,2023-01-03,1920,2022-11-26,1711,14050,1920,6,5,6,1920,0,0,0,NA,0,006,DOWNEY AV,FIRESTONE BL,0,NA,Y,A,-,N,NA,NA,NA,NA,NA,NA,NA,NA,NA,N,4,0,1,2,D,-,00,NA,NA,N,D,G,A,-,H,-,C,A,0,NA,Y,NA,NA,Y,NA,-,-,0,0,1,0,0,0,1,0,0,-,-,NA,NA,LOS ANGELES,DOWNEY,-118.1331787109375,33.94007110595703
9536228,2022,2023-01-10,1976,2022-11-15,1032,589,NA,2,5,5,1976,0,0,0,NA,0,004,WHITTIER BL,SCOTT AV,0,NA,Y,A,-,Y,LA,7,72,-,-,1.498,I,5,N,N,4,0,1,2,A,-,10,21950,A,N,G,B,B,A,H,-,A,A,0,Y,NA,NA,NA,Y,NA,A,01,0,0,1,0,1,0,0,0,0,-,-,NA,NA,LOS ANGELES,WHITTIER,-118.00076293945313,33.94707489013672
9536232,2022,2023-01-10,1976,2022-11-14,2050,560,NA,1,5,5,1976,0,0,0,NA,0,002,WASHINGTON BL,WHITTIER BL,153,W,N,A,-,N,NA,NA,NA,NA,NA,NA,NA,NA,NA,Y,4,0,1,2,A,-,08,22107,NA,F,D,C,A,A,H,-,C,A,0,NA,NA,Y,NA,Y,NA,A,01,0,0,1,0,0,0,0,0,1,-,-,NA,NA,LOS ANGELES,WHITTIER,-118.04369354248048,33.968116760253906
9536233,2022,2023-01-03,1900,2022-12-11,1554,636465,0521,7,5,4,1971,0,0,0,NA,0,52T1/P,ROSEMEAD BL,EMPEROR AV,0,NA,Y,A,-,N,NA,NA,NA,NA,NA,NA,NA,NA,NA,Y,2,0,1,2,A,-,09,21804,B,N,D,C,A,A,H,-,A,A,0,NA,NA,Y,NA,Y,NA,A,01,1,0,0,0,0,0,0,0,1,-,-,34.07014846801758,-118.07312774658205,LOS ANGELES,TEMPLE CITY,-118.07315826416016,34.11689376831055