CASE_ID,ACCIDENT_YEAR,PROC_DATE,JURIS,COLLISION_DATE,COLLISION_TIME,OFFICER_ID,REPORTING_DISTRICT,DAY_OF_WEEK,CHP_SHIFT,POPULATION,CNTY_CITY_LOC,SPECIAL_COND,BEAT_TYPE,CHP_BEAT_TYPE,CITY_DIVISION_LAPD,CHP_BEAT_CLASS,BEAT_NUMBER,PRIMARY_RD,SECONDARY_RD,DISTANCE,DIRECTION,INTERSECTION,WEATHER_1,WEATHER_2,STATE_HWY_IND,CALTRANS_COUNTY,CALTRANS_DISTRICT,STATE_ROUTE,ROUTE_SUFFIX,POSTMILE_PREFIX,POSTMILE,LOCATION_TYPE,RAMP_INTERSECTION,SIDE_OF_HWY,TOW_AWAY,COLLISION_SEVERITY,NUMBER_KILLED,NUMBER_INJURED,PARTY_COUNT,PRIMARY_COLL_FACTOR,PCF_CODE_OF_VIOL,PCF_VIOL_CATEGORY,PCF_VIOLATION,PCF_VIOL_SUBSECTION,HIT_AND_RUN,TYPE_OF_COLLISION,MVIW,PED_ACTION,ROAD_SURFACE,ROAD_COND_1,ROAD_COND_2,LIGHTING,CONTROL_DEVICE,CHP_ROAD_TYPE,PEDESTRIAN_ACCIDENT,BICYCLE_ACCIDENT,MOTORCYCLE_ACCIDENT,TRUCK_ACCIDENT,NOT_PRIVATE_PROPERTY,ALCOHOL_INVOLVED,STWD_VEHTYPE_AT_FAULT,CHP_VEHTYPE_AT_FAULT,COUNT_SEVERE_INJ,COUNT_VISIBLE_INJ,COUNT_COMPLAINT_PAIN,COUNT_PED_KILLED,COUNT_PED_INJURED,COUNT_BICYCLIST_KILLED,COUNT_BICYCLIST_INJURED,COUNT_MC_KILLED,COUNT_MC_INJURED,PRIMARY_RAMP,SECONDARY_RAMP,LATITUDE,LONGITUDE,COUNTY,CITY,POINT_X,POINT_Y
9537538,2022,2023-03-08,1942,2022-11-14,0215,35688,1253,1,5,7,1942,0,0,0,L,0,25TL37,WESTERN AV,78TH ST,162,N,N,A,-,N,NA,NA,NA,NA,NA,NA,NA,NA,NA,N,2,0,1,3,A,-,02,21654,A,N,D,B,E,A,H,-,C,A,0,Y,NA,NA,NA,Y,NA,N,60,1,0,0,0,1,0,0,0,0,-,-,NA,NA,LOS ANGELES,LOS ANGELES,-118.30901336669922,33.969512939453125
9537568,2022,2023-01-10,1900,2022-11-21,1739,611702,2116,1,5,5,1943,0,0,0,NA,0,212K,SANTA FE AV,WEBER ST,0,NA,Y,A,-,N,NA,NA,NA,NA,NA,NA,NA,NA,NA,N,4,0,1,2,A,-,09,21802,A,N,D,C,A,A,H,-,C,A,0,NA,NA,NA,NA,Y,NA,A,01,0,0,1,0,0,0,0,0,0,-,-,NA,NA,LOS ANGELES,LYNWOOD,-118.21810150146484,33.9203987121582
9537601,2022,2023-01-31,1942,2022-12-03,1855,43432,1821,6,5,7,1942,0,0,0,R,0,25T31W,FIGUEROA ST,101ST ST,80,N,N,A,-,N,NA,NA,NA,NA,NA,NA,NA,NA,NA,Y,4,0,1,3,A,-,01,23152,A,N,C,C,A,A,H,-,C,D,0,NA,NA,NA,NA,Y,Y,A,01,0,0,1,0,0,0,0,0,0,-,-,NA,NA,LOS ANGELES,LOS ANGELES,-118.28263854980467,33.94485092163086
9537602,2022,2023-01-31,1900,2022-12-03,1755,533418,2316,6,5,5,1919,0,0,0,NA,0,230T,183RD ST,CARMENITA RD,0,NA,Y,B,-,N,NA,NA,NA,NA,NA,NA,NA,NA,NA,Y,4,0,1,2,A,-,12,21453,A,N,D,C,A,A,H,-,C,A,0,NA,NA,NA,NA,Y,NA,A,01,0,0,1,0,0,0,0,0,0,-,-,33.865928649902344,-118.04637908935548,LOS ANGELES,CERRITOS,-118.0464096069336,33.86592102050781
9537603,2022,2023-01-31,1942,2022-12-04,0125,39151,1826,7,5,7,1942,0,0,0,R,0,25T35,CENTURY BL,SUCCESS AV,0,NA,Y,A,-,N,NA,NA,NA,NA,NA,NA,NA,NA,NA,N,3,0,1,3,A,-,01,23152,A,N,D,C,A,A,H,-,C,A,0,NA,NA,NA,NA,Y,Y,A,01,0,1,0,0,0,0,0,0,0,-,-,NA,NA,LOS ANGELES,LOS ANGELES,-118.24915313720705,33.94560623168945
9537641,2022,2023-01-23,1900,2022-12-04,1830,533418,2316,7,5,5,1919,0,0,0,NA,0,230T,MARQUARDT AV,183RD ST,0,NA,Y,C,-,N,NA,NA,NA,NA,NA,NA,NA,NA,NA,Y,4,0,1,2,A,-,09,21801,A,N,D,C,A,B,H,-,C,A,0,NA,NA,NA,NA,Y,NA,A,01,0,0,1,0,0,0,0,0,0,-,-,33.86600112915039,-118.03769683837892,LOS ANGELES,CERRITOS,-118.03768920898438,33.8659553527832
9537642,2022,2023-01-23,1900,2022-12-04,1900,533418,2316,7,5,5,1919,0,0,0,NA,0,230T,ARTESIA BL,BLOOMFIELD AV,47,E,N,C,-,N,NA,NA,NA,NA,NA,NA,NA,NA,NA,N,4,0,2,2,A,-,21,22106,NA,N,C,C,A,B,H,-,C,A,0,NA,NA,NA,NA,Y,NA,A,08,0,0,2,0,0,0,0,0,0,-,-,33.87321853637695,-118.06365966796876,LOS ANGELES,CERRITOS,-118.06379699707033,33.873069763183594
9537643,2022,2023-01-31,1931,2022-12-08,1530,5264,1931,4,5,5,1931,0,0,0,NA,0,002,61ST ST,GIFFORD AV,0,NA,Y,A,-,N,NA,NA,NA,NA,NA,NA,NA,NA,NA,N,4,0,1,2,A,-,10,21950,A,N,G,B,C,A,H,-,A,D,0,Y,NA,NA,NA,Y,NA,A,01,0,0,1,0,1,0,0,0,0,-,-,NA,NA,LOS ANGELES,HUNTINGTON PARK,-118.19284057617188,33.984214782714844
9537644,2022,2023-01-23,1931,2022-12-02,0823,5347,1931,5,5,5,1931,0,0,0,NA,0,001,GAGE AV,ALBANY ST,9,W,N,C,-,N,NA,NA,NA,NA,NA,NA,NA,NA,NA,N,4,0,1,2,A,-,10,21950,A,M,G,B,B,B,H,-,A,D,0,Y,NA,NA,NA,Y,NA,A,01,0,0,1,0,1,0,0,0,0,-,-,NA,NA,LOS ANGELES,HUNTINGTON PARK,-118.23261260986328,33.98163986206055
9537647,2022,2023-01-30,1942,2022-12-02,1635,40042,0473,5,5,7,1942,0,0,0,D,0,24MQ34,BOYLE AV,WHITTIER BL,375,S,N,B,-,Y,LA,7,5,-,-,16.902,R,4,N,N,3,0,1,2,A,-,09,21802,A,F,D,C,A,A,H,-,B,A,0,NA,NA,NA,NA,Y,NA,-,99,0,1,0,0,0,0,0,0,0,-,-,NA,NA,LOS ANGELES,LOS ANGELES,-118.22096252441406,34.033687591552734
9537648,2022,2023-01-23,1942,2022-12-04,2030,39062,0162,7,5,7,1942,0,0,0,A,0,24T31,9TH ST,FLOWER ST,0,NA,Y,B,-,N,NA,NA,NA,NA,NA,NA,NA,NA,NA,N,4,0,1,2,A,-,07,21658,A,N,B,C,A,B,H,-,C,A,0,NA,NA,NA,NA,Y,NA,A,01,0,0,1,0,0,0,0,0,0,-,-,NA,NA,LOS ANGELES,LOS ANGELES,-118.26139831542967,34.04580307006836
9537649,2022,2023-01-23,1942,2022-12-01,2210,41068,0249,4,5,7,1942,0,0,0,B,0,24T31,LUCAS AV,WILSHIRE BL,11,S,N,A,-,N,NA,NA,NA,NA,NA,NA,NA,NA,NA,N,3,0,1,2,D,-,00,NA,NA,F,G,B,B,A,H,-,C,D,0,Y,NA,NA,NA,Y,NA,-,-,0,1,0,0,1,0,0,0,0,-,-,NA,NA,LOS ANGELES,LOS ANGELES,-118.26490783691406,34.052982330322266
9537650,2022,2023-01-23,1942,2022-12-06,2200,41068,0455,2,5,7,1942,0,0,0,D,0,24T32,SOTO ST,MICHIGAN AV,157,N,N,A,-,N,NA,NA,NA,NA,NA,NA,NA,NA,NA,N,2,0,1,2,A,-,09,21804,NA,N,D,C,A,A,H,-,C,D,0,NA,NA,Y,NA,Y,NA,A,01,1,0,0,0,0,0,0,0,1,-,-,NA,NA,LOS ANGELES,LOS ANGELES,-118.20867919921876,34.04541778564453
9537651,2022,2023-01-23,1942,2022-12-06,1635,38171,0491,2,5,7,1942,0,0,0,D,0,24TL53,SOTO ST,12TH ST,0,NA,N,A,-,N,NA,NA,NA,NA,NA,NA,NA,NA,NA,N,3,0,1,2,A,-,03,22350,NA,F,C,C,A,A,H,-,B,D,0,NA,NA,NA,NA,Y,NA,-,99,0,1,0,0,0,0,0,0,0,-,-,NA,NA,LOS ANGELES,LOS ANGELES,-118.22011566162108,34.021942138671875
9537652,2022,2023-01-23,1942,2022-12-05,2300,38825,0246,1,5,7,1942,0,0,0,B,0,2ZL41,8TH ST,ALVARADO ST,0,NA,Y,A,-,N,NA,NA,NA,NA,NA,NA,NA,NA,NA,Y,3,0,1,2,A,-,03,22350,NA,F,D,C,A,A,H,-,C,A,0,NA,NA,NA,NA,Y,NA,A,01,0,1,0,0,0,0,0,0,0,-,-,NA,NA,LOS ANGELES,LOS ANGELES,-118.27783966064452,34.054893493652344
9537653,2022,2023-01-23,1942,2022-12-06,1640,35571,1372,2,5,7,1942,0,0,0,M,0,24MQ38,SAN PEDRO ST,E 57TH ST,0,NA,Y,A,-,N,NA,NA,NA,NA,NA,NA,NA,NA,NA,N,3,0,1,2,A,-,12,22450,A,F,A,B,B,A,H,-,A,D,0,Y,NA,NA,NA,Y,Y,-,99,0,1,0,0,1,0,0,0,0,-,-,NA,NA,LOS ANGELES,LOS ANGELES,-118.27012634277344,33.99067687988281
9537654,2022,2023-01-23,1942,2022-12-06,1445,42932,0236,2,5,7,1942,0,0,0,B,0,24TL51,ALVARADO ST,VALLEY ST,0,NA,Y,A,-,N,NA,NA,NA,NA,NA,NA,NA,NA,NA,N,4,0,1,4,A,-,03,22350,NA,F,B,C,A,A,H,-,A,D,0,NA,NA,NA,NA,Y,NA,-,99,0,0,1,0,0,0,0,0,0,-,-,NA,NA,LOS ANGELES,LOS ANGELES,-118.2715072631836,34.06483840942383
9537655,2022,2023-01-23,1942,2022-12-06,2115,39062,0135,2,5,7,1942,0,0,0,A,0,24T34,LOS ANGELES ST,3RD ST,0,NA,Y,A,-,N,NA,NA,NA,NA,NA,NA,NA,NA,NA,Y,3,0,1,2,A,-,10,21950,A,F,G,B,B,A,D,E,C,A,0,Y,NA,NA,NA,Y,NA,-,99,0,1,0,0,1,0,0,0,0,-,-,NA,NA,LOS ANGELES,LOS ANGELES,-118.24475860595705,34.04853057861328
9537656,2022,2023-01-23,1942,2022-12-02,0725,42926,1317,5,5,7,1942,0,0,0,M,0,24TL26,WASHINGTON BL,HOOPER AV,0,NA,Y,C,-,N,NA,NA,NA,NA,NA,NA,NA,NA,NA,Y,4,0,1,3,A,-,09,21453,C,F,D,C,A,B,H,-,A,D,0,NA,NA,NA,NA,Y,NA,-,99,0,0,1,0,0,0,0,0,0,-,-,NA,NA,LOS ANGELES,LOS ANGELES,-118.24605560302734,34.021888732910156
9537657,2022,2023-01-23,1942,2022-12-05,0825,32973,1346,1,5,7,1942,0,0,0,M,0,24TL21,VERNON AV,COMPTON AV,0,NA,Y,A,-,N,NA,NA,NA,NA,NA,NA,NA,NA,NA,N,3,0,1,2,A,-,10,21950,A,F,G,B,B,A,H,-,A,A,0,Y,NA,NA,NA,Y,NA,-,99,0,1,0,0,1,0,0,0,0,-,-,NA,NA,LOS ANGELES,LOS ANGELES,-118.24774169921876,34.00389862060547
9537658,2022,2023-01-23,1942,2022-12-03,1325,40289,1101,6,5,7,1942,0,0,0,K,0,24TL53,ZOO DR,RIVERSIDE DR,2640,E,N,A,-,N,NA,NA,NA,NA,NA,NA,NA,NA,NA,Y,4,0,1,1,A,-,01,23152,A,N,E,I,A,A,H,-,A,D,0,NA,NA,NA,NA,Y,Y,A,07,0,0,1,0,0,0,0,0,0,-,-,NA,NA,LOS ANGELES,LOS ANGELES,-118.28614807128906,34.151912689208984
9537685,2022,2023-01-12,1900,2022-11-11,1600,656309,1336,5,5,5,1908,0,0,0,NA,0,133T1,PALO VERDE AV,FELSON ST,0,NA,Y,A,-,N,NA,NA,NA,NA,NA,NA,NA,NA,NA,Y,4,0,2,2,A,-,09,21801,A,N,D,C,A,A,H,-,A,D,0,NA,NA,NA,NA,Y,NA,A,07,0,0,2,0,0,0,0,0,0,-,-,NA,NA,LOS ANGELES,BELLFLOWER,-118.10848999023438,33.86888122558594
9537688,2022,2023-01-06,1970,2022-08-04,1739,169,SPB1,4,5,4,1970,0,0,0,NA,0,001,ORANGE GROVE AV,ORANGE GROVE TER,0,NA,Y,A,-,N,NA,NA,NA,NA,NA,NA,NA,NA,NA,Y,4,0,1,1,A,-,08,22107,NA,N,E,I,A,A,H,-,A,D,0,NA,NA,NA,NA,Y,NA,D,22,0,0,1,0,0,0,0,0,0,-,-,NA,NA,LOS ANGELES,SOUTH PASADENA,-118.16050720214844,34.12023162841797
9537693,2022,2023-01-06,1900,2022-09-23,0702,658892,1332,5,5,5,1908,0,0,0,NA,0,133T1,ROSECRANS AV,CERRITOS AV,238,E,N,A,-,N,NA,NA,NA,NA,NA,NA,NA,NA,NA,N,4,0,1,2,A,-,03,22350,NA,N,B,C,A,A,H,-,A,D,0,NA,NA,NA,NA,Y,NA,A,07,0,0,1,0,0,0,0,0,0,-,-,33.90398025512695,-118.13538360595705,LOS ANGELES,BELLFLOWER,-118.13504791259766,33.90407180786133
9537694,2022,2023-02-02,1910,2022-12-08,0909,03494,NA,4,5,4,1910,0,0,0,NA,0,004,BENEDICT CANYON DR,CHEVY CHASE DR,160,S,N,A,-,N,NA,NA,NA,NA,NA,NA,NA,NA,NA,N,4,0,1,2,A,-,08,22107,NA,N,B,G,A,A,H,-,A,D,0,NA,Y,NA,NA,Y,NA,D,22,0,0,1,0,0,0,1,0,0,-,-,NA,NA,LOS ANGELES,BEVERLY HILLS,-118.42123413085938,34.08429718017578
9537698,2022,2023-01-18,1910,2022-11-18,0508,05301,NA,5,5,4,1910,0,0,0,NA,0,005,WILSHIRE BL,N RODEO DR,141,E,N,A,-,N,NA,NA,NA,NA,NA,NA,NA,NA,NA,N,4,0,1,2,A,-,02,22400,A,N,E,C,A,-,H,-,C,A,0,NA,NA,NA,NA,Y,NA,M,44,0,0,1,0,0,0,0,0,0,-,-,NA,NA,LOS ANGELES,BEVERLY HILLS,-118.4006118774414,34.06706619262695
9537701,2022,2023-01-12,1900,2022-11-11,1704,654794,1334,5,5,5,1908,0,0,0,NA,0,132D,CLARK AV,ALONDRA BL,0,NA,Y,A,-,N,NA,NA,NA,NA,NA,NA,NA,NA,NA,Y,3,0,2,2,A,-,12,21453,A,M,D,C,A,A,H,-,C,A,0,NA,NA,NA,NA,Y,NA,D,22,0,2,0,0,0,0,0,0,0,-,-,NA,NA,LOS ANGELES,BELLFLOWER,-118.13397979736328,33.88930130004883
9537702,2022,2023-01-31,1910,2022-12-08,0902,03209,NA,4,5,4,1910,0,0,0,NA,0,005,OLYMPIC BL,SPALDING DR,0,NA,Y,A,-,N,NA,NA,NA,NA,NA,NA,NA,NA,NA,N,3,0,1,2,A,-,10,21950,A,N,G,B,B,A,H,-,A,A,0,Y,NA,NA,Y,Y,NA,F,26,0,1,0,0,1,0,0,0,0,-,-,NA,NA,LOS ANGELES,BEVERLY HILLS,-118.408935546875,34.059688568115234
9537706,2022,2023-01-31,1910,2022-12-07,1315,443,NA,3,5,4,1910,0,0,0,NA,0,004,BEVERLY DR,LEXINGTON DR,826,S,N,A,-,N,NA,NA,NA,NA,NA,NA,NA,NA,NA,Y,2,0,2,2,A,-,03,22350,NA,N,F,C,A,A,D,-,A,A,0,NA,NA,NA,NA,Y,NA,A,01,1,0,1,0,0,0,0,0,0,-,-,NA,NA,LOS ANGELES,BEVERLY HILLS,-118.41210174560548,34.0833740234375
9537709,2022,2023-01-12,1900,2022-11-26,1710,652793,1351,6,5,3,1927,0,0,0,NA,0,135B,226TH ST,JOILET AV,10,N,N,A,-,N,NA,NA,NA,NA,NA,NA,NA,NA,NA,Y,3,0,1,2,A,-,09,21802,A,N,D,C,A,A,H,-,C,A,0,NA,NA,NA,NA,Y,NA,D,22,0,1,0,0,0,0,0,0,0,-,-,NA,NA,LOS ANGELES,HAWAIIAN GARDENS,-118.07436370849608,33.82400894165039
9537710,2022,2023-02-06,1910,2022-12-16,1351,03209,NA,5,5,4,1910,0,0,0,NA,0,004,N CRESCENT DR,LEXINGTON RD,437,S,N,A,-,N,NA,NA,NA,NA,NA,NA,NA,NA,NA,Y,4,0,1,2,A,-,03,22350,NA,N,E,E,A,A,H,-,A,D,0,NA,NA,NA,NA,Y,NA,A,01,0,0,1,0,0,0,0,0,0,-,-,NA,NA,LOS ANGELES,BEVERLY HILLS,-118.41690063476564,34.083740234375
9537713,2022,2023-01-06,1900,2022-11-28,2150,655591,1334,1,5,5,1908,0,0,0,NA,0,133K,BELLFLOWER BL,FLOWER ST,0,NA,Y,A,-,N,NA,NA,NA,NA,NA,NA,NA,NA,NA,Y,4,0,1,2,A,-,01,23152,B,N,C,C,A,A,H,-,C,A,0,NA,NA,NA,NA,Y,Y,D,22,0,0,1,0,0,0,0,0,0,-,-,NA,NA,LOS ANGELES,BELLFLOWER,-118.12528228759766,33.882057189941406
9537714,2022,2023-01-31,1910,2022-12-23,0854,03209,NA,5,5,4,1910,0,0,0,NA,0,004,SUNSET BL,N BEVERLY DR,0,NA,Y,A,-,N,NA,NA,NA,NA,NA,NA,NA,NA,NA,Y,4,0,2,3,A,-,09,21801,A,N,D,C,A,A,H,-,A,A,0,NA,NA,NA,NA,Y,NA,I,11,0,0,2,0,0,0,0,0,0,-,-,NA,NA,LOS ANGELES,BEVERLY HILLS,-118.41201782226564,34.08165740966797
9537716,2022,2023-01-18,1976,2022-11-21,1340,531,NA,1,5,3,1964,0,0,0,NA,0,001,PIONEER BL,ENTERPRISE AV,24,N,N,A,-,N,NA,NA,NA,NA,NA,NA,NA,NA,NA,N,3,0,1,3,A,-,09,21801,A,F,D,C,A,A,H,-,A,D,0,NA,NA,Y,Y,Y,NA,A,07,0,1,0,0,0,0,0,0,1,-,-,NA,NA,LOS ANGELES,SANTA FE SPRINGS,-118.08297729492188,33.963504791259766
9537718,2022,2023-11-17,1900,2022-11-12,1030,621337,0470,6,5,4,1936,0,0,0,NA,0,46T1,ROSECRANS AV,ADELFA DR,0,NA,Y,A,-,N,NA,NA,NA,NA,NA,NA,NA,NA,NA,Y,4,0,3,2,A,-,12,21453,A,N,D,C,A,A,H,-,A,A,0,NA,NA,NA,NA,Y,NA,-,-,0,0,3,0,0,0,0,0,0,-,-,NA,NA,LOS ANGELES,LA MIRADA,-118.00521850585938,33.898895263671875
9537720,2022,2023-01-12,1976,2022-11-28,1357,219,NA,1,5,3,1964,0,0,0,NA,0,003,VALLEYVIEW AV,RT 5,40,N,N,B,-,Y,LA,7,5,-,-,1.087,R,4,S,N,4,0,1,2,A,-,03,22350,NA,N,C,C,A,A,H,-,A,A,0,NA,NA,NA,NA,Y,NA,D,22,0,0,1,0,0,0,0,0,0,-,SF,NA,NA,LOS ANGELES,SANTA FE SPRINGS,-118.02715301513672,33.88306427001953
9537724,2022,2023-01-18,1976,2022-11-29,0809,410,NA,2,5,3,1964,0,0,0,NA,0,001,SORENSEN AV,WASHINGTON BL,300,S,N,A,-,N,NA,NA,NA,NA,NA,NA,NA,NA,NA,Y,4,0,1,2,A,-,08,22107,NA,N,D,C,A,A,H,-,A,D,0,NA,NA,NA,NA,Y,NA,A,01,0,0,1,0,0,0,0,0,0,-,-,NA,NA,LOS ANGELES,SANTA FE SPRINGS,-118.06009674072266,33.968509674072266
9537725,2022,2023-01-11,1900,2022-09-17,1225,652887,1336,6,5,5,1908,0,0,0,NA,0,133T1,ARTESIA BL,BELLFLOWER BL,200,E,N,B,-,N,NA,NA,NA,NA,NA,NA,NA,NA,NA,Y,3,0,1,2,A,-,08,22107,NA,N,B,E,A,A,H,-,A,A,0,NA,NA,NA,NA,Y,NA,A,07,0,1,0,0,0,0,0,0,0,-,-,33.874908447265625,-118.12409210205078,LOS ANGELES,BELLFLOWER,-118.12456512451172,33.874839782714844
9537726,2022,2023-02-02,1900,2022-12-08,0145,624614,0454,4,5,6,1949,0,0,0,NA,0,43T1,FRONT ST,SAN ANTONIO DR,150,W,N,A,-,N,NA,NA,NA,NA,NA,NA,NA,NA,NA,Y,4,0,1,2,A,-,08,22107,NA,M,C,E,A,A,H,-,C,D,0,NA,NA,NA,NA,Y,NA,A,07,0,0,1,0,0,0,0,0,0,-,-,NA,NA,LOS ANGELES,NORWALK,-118.0767822265625,33.908870697021484
9537728,2022,2023-02-02,1976,2022-12-06,2222,239,WPD,2,5,3,1964,0,0,0,NA,0,003,ROSECRANS AV,VALLEY VIEW AV,0,NA,Y,A,-,N,NA,NA,NA,NA,NA,NA,NA,NA,NA,Y,4,0,1,2,A,-,12,21453,A,N,D,C,A,-,H,-,C,A,0,NA,NA,NA,NA,Y,NA,A,01,0,0,1,0,0,0,0,0,0,-,-,NA,NA,LOS ANGELES,SANTA FE SPRINGS,-118.0292510986328,33.90245056152344
9537729,2022,2023-01-06,1900,2022-09-24,1003,652887,1349,6,5,3,1903,0,0,0,NA,0,134A,ACADEMY WY,NORWALK BL,120,E,N,A,-,N,NA,NA,NA,NA,NA,NA,NA,NA,NA,N,4,0,1,2,A,-,08,22107,NA,N,C,E,A,A,H,-,A,D,0,NA,NA,NA,NA,Y,NA,A,01,0,0,1,0,0,0,0,0,0,-,-,33.85417175292969,-118.07142639160156,LOS ANGELES,ARTESIA,-118.072258,33.854856
9537733,2022,2023-01-06,1900,2022-10-11,1600,654793,1364,2,5,5,1952,0,0,0,NA,0,136E,TEXACO AV,ALONDRA BL,165,N,N,A,-,N,NA,NA,NA,NA,NA,NA,NA,NA,NA,N,2,0,2,3,A,-,09,21804,A,N,D,B,F,A,H,-,B,D,0,Y,Y,NA,NA,Y,NA,D,22,1,1,0,0,1,0,1,0,0,-,-,NA,NA,LOS ANGELES,PARAMOUNT,-118.17189025878906,33.88954162597656
9537738,2022,2023-02-02,1900,2022-12-05,0025,612130,0467,1,5,4,1936,0,0,0,NA,0,46T1E,IMPERIAL HWY,BREEZEWOOD DR,8,E,N,B,-,N,NA,NA,NA,NA,NA,NA,NA,NA,NA,Y,4,0,1,2,A,-,01,23152,A,N,C,C,A,B,H,-,C,D,0,NA,NA,NA,NA,Y,Y,A,01,0,0,1,0,0,0,0,0,0,-,-,NA,NA,LOS ANGELES,LA MIRADA,-117.99051666259766,33.91730499267578
9537822,2022,2023-01-13,1902,2022-12-17,0108,785,20,6,5,5,1902,0,0,0,NA,0,004,HUNTINGTON DR,HOLLY AV,93,W,N,A,-,N,NA,NA,NA,NA,NA,NA,NA,NA,NA,Y,3,0,1,1,A,-,01,23152,A,N,A,I,A,A,H,-,C,A,0,NA,NA,NA,NA,Y,Y,A,01,0,1,0,0,0,0,0,0,0,-,-,NA,NA,LOS ANGELES,ARCADIA,-118.04623413085938,34.13151931762695
9537824,2022,2023-01-12,1900,2022-12-01,1411,613235,1333,4,5,5,1908,0,0,0,NA,0,133T1,MCNAB AV,ROSECRANS AV,275,S,N,A,-,N,NA,NA,NA,NA,NA,NA,NA,NA,NA,N,4,0,2,2,A,-,03,22350,NA,N,D,C,A,A,H,-,A,D,0,NA,NA,NA,NA,Y,NA,A,07,0,0,2,0,0,0,0,0,0,-,-,33.900169372558594,-118.11318206787108,LOS ANGELES,BELLFLOWER,-118.11309814453124,33.90128707885742
9537825,2022,2023-01-12,1900,2022-12-03,1720,654794,1320,6,5,5,1935,0,0,0,NA,0,132D,DOWNEY AV,CANDLEWOOD ST,0,NA,Y,A,-,N,NA,NA,NA,NA,NA,NA,NA,NA,NA,Y,4,0,4,2,A,-,09,21801,A,N,A,C,A,A,H,-,C,A,0,NA,NA,NA,NA,Y,NA,A,01,0,0,4,0,0,0,0,0,0,-,-,NA,NA,LOS ANGELES,LAKEWOOD,-118.1511459350586,33.853858947753906
9537826,2022,2023-01-12,1900,2022-12-03,1810,629510,1328,6,5,5,1908,0,0,0,NA,0,132T2,BLOOMFIELD AV,CENTRALIA ST,6,S,N,A,-,N,NA,NA,NA,NA,NA,NA,NA,NA,NA,Y,4,0,5,2,A,-,03,22350,NA,N,C,C,A,A,H,-,C,D,0,NA,NA,NA,NA,Y,NA,A,01,0,0,5,0,0,0,0,0,0,-,-,NA,NA,LOS ANGELES,BELLFLOWER,-118.0634765625,33.8387451171875
9537862,2022,2022-12-22,1907,2022-09-22,1258,249,2,4,5,4,1907,0,0,0,NA,0,NA,FLORENCE AV,SHERMAN WY,6,W,N,A,-,N,NA,NA,NA,NA,NA,NA,NA,NA,NA,N,4,0,2,2,A,-,03,22350,NA,N,C,C,A,A,H,-,A,A,0,NA,NA,NA,NA,Y,NA,A,01,0,0,2,0,0,0,0,0,0,-,-,33.969390869140625,-118.17640686035156,LOS ANGELES,BELL,-118.17613220214844,33.969051361083984
9537863,2022,2022-12-22,1941,2022-09-15,1900,6278,EAST,4,5,7,1941,0,0,0,NA,0,015,STEARNS ST,PALO VERDE AV,0,NA,Y,A,-,N,NA,NA,NA,NA,NA,NA,NA,NA,NA,Y,4,0,1,2,D,-,00,NA,NA,N,A,C,A,A,H,-,A,A,0,NA,NA,NA,NA,Y,NA,-,-,0,0,1,0,0,0,0,0,0,-,-,33.795440673828125,-118.1079330444336,LOS ANGELES,LONG BEACH,-118.10794830322266,33.795448303222656
9537864,2022,2022-12-22,1941,2022-09-28,2036,11366,EAST,3,5,7,1941,0,0,0,NA,0,013,MARGO AV & 7TH ST,NORTH GREENWAY,350,W,N,A,-,N,NA,NA,NA,NA,NA,NA,NA,NA,NA,Y,4,0,1,2,A,-,04,21703,NA,N,C,C,A,A,H,-,C,A,0,NA,NA,NA,NA,Y,NA,A,01,0,0,1,0,0,0,0,0,0,-,-,33.775028228759766,-118.11174774169922,LOS ANGELES,LONG BEACH,-118.11199188232422,33.77401351928711
9537865,2022,2022-12-22,1941,2022-09-28,1912,11248,2,3,5,7,1941,0,0,0,NA,0,012,EAST 7TH ST,PARK AV,3,E,N,A,-,N,NA,NA,NA,NA,NA,NA,NA,NA,NA,N,3,0,1,2,D,-,00,NA,NA,N,G,B,D,A,H,-,C,A,0,Y,NA,NA,NA,Y,NA,-,-,0,1,0,0,1,0,0,0,0,-,-,33.77532958984375,-118.13717651367188,LOS ANGELES,LONG BEACH,-118.13745880126952,33.775360107421875
9537866,2022,2022-12-23,1941,2022-09-28,1726,10848,NA,3,5,7,1941,0,0,0,NA,0,NA,BROADWAY,GAVIOTA AV,0,NA,Y,A,-,N,NA,NA,NA,NA,NA,NA,NA,NA,NA,N,3,0,2,2,A,-,08,22107,NA,N,A,J,A,A,H,-,A,D,0,NA,NA,NA,NA,Y,NA,A,NA,0,2,0,0,0,0,0,0,0,-,-,NA,NA,LOS ANGELES,LONG BEACH,-118.17148590087892,33.767757415771484
9537867,2022,2022-12-23,1941,2022-09-28,0142,10063,NA,3,5,7,1941,0,0,0,NA,0,NA,XIMENO AV,11TH ST,246,S,N,A,-,N,NA,NA,NA,NA,NA,NA,NA,NA,NA,Y,3,0,1,3,A,-,22,23123,A,N,B,E,A,A,H,-,C,D,0,NA,NA,NA,NA,Y,NA,A,NA,0,1,0,0,0,0,0,0,0,-,-,NA,NA,LOS ANGELES,LONG BEACH,-118.14154815673828,33.78011703491211
9537873,2022,2022-12-22,1900,2022-09-20,1800,637378,0331,2,5,4,1939,0,0,0,NA,0,35T1,MARINE AV,EASTWOOD AV,0,NA,Y,A,-,N,NA,NA,NA,NA,NA,NA,NA,NA,NA,N,3,0,1,2,A,-,09,21802,A,N,D,C,A,A,H,-,A,A,0,NA,NA,NA,NA,Y,NA,A,01,0,1,0,0,0,0,0,0,0,-,-,33.894588470458984,-118.34755706787108,LOS ANGELES,LAWNDALE,-118.34754180908205,33.894649505615234
9537874,2022,2023-01-03,1900,2022-09-12,1405,656655,0333,1,5,4,1939,0,0,0,NA,0,35T1,HAWTHORNE BL,170TH ST,12,S,N,A,-,N,NA,NA,NA,NA,NA,NA,NA,NA,NA,Y,3,0,1,2,A,-,22,23123,A,N,C,C,A,A,H,-,A,A,0,NA,NA,NA,NA,Y,NA,A,07,0,1,0,0,0,0,0,0,0,-,-,33.87662887573242,-118.35269927978516,LOS ANGELES,LAWNDALE,-118.35270690917967,33.8765983581543