CASE_ID,ACCIDENT_YEAR,PROC_DATE,JURIS,COLLISION_DATE,COLLISION_TIME,OFFICER_ID,REPORTING_DISTRICT,DAY_OF_WEEK,CHP_SHIFT,POPULATION,CNTY_CITY_LOC,SPECIAL_COND,BEAT_TYPE,CHP_BEAT_TYPE,CITY_DIVISION_LAPD,CHP_BEAT_CLASS,BEAT_NUMBER,PRIMARY_RD,SECONDARY_RD,DISTANCE,DIRECTION,INTERSECTION,WEATHER_1,WEATHER_2,STATE_HWY_IND,CALTRANS_COUNTY,CALTRANS_DISTRICT,STATE_ROUTE,ROUTE_SUFFIX,POSTMILE_PREFIX,POSTMILE,LOCATION_TYPE,RAMP_INTERSECTION,SIDE_OF_HWY,TOW_AWAY,COLLISION_SEVERITY,NUMBER_KILLED,NUMBER_INJURED,PARTY_COUNT,PRIMARY_COLL_FACTOR,PCF_CODE_OF_VIOL,PCF_VIOL_CATEGORY,PCF_VIOLATION,PCF_VIOL_SUBSECTION,HIT_AND_RUN,TYPE_OF_COLLISION,MVIW,PED_ACTION,ROAD_SURFACE,ROAD_COND_1,ROAD_COND_2,LIGHTING,CONTROL_DEVICE,CHP_ROAD_TYPE,PEDESTRIAN_ACCIDENT,BICYCLE_ACCIDENT,MOTORCYCLE_ACCIDENT,TRUCK_ACCIDENT,NOT_PRIVATE_PROPERTY,ALCOHOL_INVOLVED,STWD_VEHTYPE_AT_FAULT,CHP_VEHTYPE_AT_FAULT,COUNT_SEVERE_INJ,COUNT_VISIBLE_INJ,COUNT_COMPLAINT_PAIN,COUNT_PED_KILLED,COUNT_PED_INJURED,COUNT_BICYCLIST_KILLED,COUNT_BICYCLIST_INJURED,COUNT_MC_KILLED,COUNT_MC_INJURED,PRIMARY_RAMP,SECONDARY_RAMP,LATITUDE,LONGITUDE,COUNTY,CITY,POINT_X,POINT_Y
9540951,2022,2023-02-01,1913,2022-10-20,1227,4321,01,4,5,4,1913,0,0,0,NA,0,NA,INDIAN HILL BL,AUTO CENTER DR,0,NA,Y,A,-,N,NA,NA,NA,NA,NA,NA,NA,NA,NA,Y,4,0,1,2,A,-,09,21453,C,N,D,C,A,A,H,-,A,A,0,NA,NA,NA,NA,Y,NA,A,01,0,0,1,0,0,0,0,0,0,-,-,NA,NA,LOS ANGELES,CLAREMONT,-117.71935272216795,34.08066940307617
9540952,2022,2023-01-18,1913,2022-10-21,1640,4256,21,5,5,4,1913,0,0,0,NA,0,002,BONITA AV,COLLEGE AV,0,NA,Y,A,-,N,NA,NA,NA,NA,NA,NA,NA,NA,NA,N,4,0,1,2,A,-,11,21950,B,F,G,B,B,A,H,-,A,A,0,Y,NA,NA,NA,Y,NA,N,60,0,0,1,0,1,0,0,0,0,-,-,NA,NA,LOS ANGELES,CLAREMONT,-117.71492767333984,34.09660720825195
9540954,2022,2023-01-25,1941,2022-10-28,0047,10912,SOUTH,5,5,7,1941,0,0,0,NA,0,006,W 6TH ST,CHESTNUT AV,0,NA,Y,A,-,N,NA,NA,NA,NA,NA,NA,NA,NA,NA,Y,3,0,1,2,A,-,03,22350,NA,N,C,C,A,A,H,-,C,A,0,NA,NA,Y,NA,Y,NA,C,02,0,1,0,0,0,0,0,0,1,-,-,33.774131774902344,-118.19637298583984,LOS ANGELES,LONG BEACH,-118.19635772705078,33.774139404296875
9540955,2022,2023-01-20,1941,2022-10-18,0910,10938,EAST,2,5,7,1941,0,0,0,NA,0,018,WARDLOW RD,CLAREMONT AV,250,W,N,A,-,N,NA,NA,NA,NA,NA,NA,NA,NA,NA,NA,3,0,3,2,A,-,03,22350,NA,N,C,E,A,A,H,-,A,D,0,NA,NA,NA,NA,Y,NA,A,01,0,3,0,0,0,0,0,0,0,-,-,33.8176383972168,-118.0790786743164,LOS ANGELES,LONG BEACH,-118.07894897460938,33.81766128540039
9540956,2022,2023-01-19,1941,2022-10-06,0510,10130,NA,4,5,7,1941,0,0,0,NA,0,NA,ANAHEIM ST,HARBOR AV,0,NA,Y,A,-,N,NA,NA,NA,NA,NA,NA,NA,NA,NA,Y,4,0,1,2,D,-,00,NA,NA,N,D,C,A,A,H,-,C,A,0,NA,NA,NA,NA,Y,NA,-,-,0,0,1,0,0,0,0,0,0,-,-,NA,NA,LOS ANGELES,LONG BEACH,-118.21051025390624,33.78268051147461
9540959,2022,2023-01-20,1941,2022-10-01,2139,11661,SOUTH,6,5,7,1941,0,0,0,NA,0,006,E ANAHEIM ST,LONG BEACH BL,0,NA,Y,A,-,N,NA,NA,NA,NA,NA,NA,NA,NA,NA,NA,4,0,3,2,B,-,22,NA,NA,N,C,C,A,A,H,-,C,A,0,NA,NA,NA,NA,Y,NA,A,01,0,0,3,0,0,0,0,0,0,-,-,33.782588958740234,-118.18939208984376,LOS ANGELES,LONG BEACH,-118.18949127197266,33.78260803222656
9540981,2022,2023-01-31,1941,2022-12-06,1805,5825,2,2,5,7,1941,0,0,0,NA,0,018,NORWALK BL,WARDLOW RD,0,N,N,A,-,N,NA,NA,NA,NA,NA,NA,NA,NA,NA,Y,3,0,1,2,A,-,05,21651,A,N,D,C,A,A,H,-,C,A,0,NA,NA,NA,NA,Y,NA,A,01,0,1,0,0,0,0,0,0,0,-,-,NA,NA,LOS ANGELES,LONG BEACH,-118.07180786132813,33.81760787963867
9540982,2022,2023-02-06,1941,2022-12-05,1720,11230,3,1,5,7,1941,0,0,0,NA,0,022,ORANGE AV,SOUTH ST,0,NA,Y,A,-,N,NA,NA,NA,NA,NA,NA,NA,NA,NA,Y,3,0,3,3,A,-,08,22107,NA,N,A,C,A,A,H,-,C,D,0,NA,NA,NA,NA,Y,NA,A,01,0,3,0,0,0,0,0,0,0,-,-,NA,NA,LOS ANGELES,LONG BEACH,-118.17729949951172,33.860107421875
9540983,2022,2023-02-08,1941,2022-12-28,1851,10045,EAST,3,5,7,1941,0,0,0,NA,0,015,PALO VERDE AV,BARBANELL ST,108,N,N,A,-,N,NA,NA,NA,NA,NA,NA,NA,NA,NA,Y,4,0,1,3,A,-,-,NA,NA,N,B,E,A,A,H,-,C,D,0,NA,NA,NA,NA,Y,Y,A,01,0,0,1,0,0,0,0,0,0,-,-,33.805259704589844,-118.10790252685548,LOS ANGELES,LONG BEACH,-118.10792541503906,33.80555725097656
9540984,2022,2023-02-08,1941,2022-12-24,1734,11130,EAST,6,5,7,1941,0,0,0,NA,0,017,PALO VERDE AV,E WARDLOW RD,0,NA,Y,A,-,N,NA,NA,NA,NA,NA,NA,NA,NA,NA,Y,3,0,2,2,A,-,01,23153,B,N,D,C,A,A,H,-,C,B,0,NA,NA,NA,NA,Y,Y,A,07,0,2,0,0,0,0,0,0,0,-,-,33.81882095336914,-118.10784912109376,LOS ANGELES,LONG BEACH,-118.10787200927734,33.81875991821289
9540985,2022,2023-01-31,1900,2022-12-27,1058,434609,0815,2,5,4,1960,0,0,0,NA,0,81T1,SAN DIMAS AV,ARROW HWY,11,N,N,A,-,N,NA,NA,NA,NA,NA,NA,NA,NA,NA,Y,4,0,2,2,A,-,08,22107,NA,N,-,C,A,A,H,-,A,A,0,NA,NA,NA,NA,Y,NA,A,01,0,0,2,0,0,0,0,0,0,-,-,34.102840423583984,-117.80709075927734,LOS ANGELES,SAN DIMAS,-117.80712890625,34.10300064086914
9540986,2022,2023-01-31,1941,2022-12-21,1546,10848,1,3,5,7,1941,0,0,0,NA,0,007,10TH ST,ATLANTIC AV,0,NA,Y,A,-,N,NA,NA,NA,NA,NA,NA,NA,NA,NA,Y,3,0,2,2,-,-,-,NA,NA,N,D,C,A,A,H,-,A,A,0,NA,NA,NA,NA,Y,NA,-,-,0,2,0,0,0,0,0,0,0,-,-,NA,NA,LOS ANGELES,LONG BEACH,-118.18505096435548,33.77898025512695
9540987,2022,2023-02-01,1900,2022-12-30,1230,434609,0815,5,5,4,1960,0,0,0,NA,0,81T1,ARROW HWY,WALNUT AV,41,E,N,A,-,N,NA,NA,NA,NA,NA,NA,NA,NA,NA,Y,4,0,2,2,A,-,03,22350,NA,N,C,C,A,A,H,-,A,A,0,NA,NA,NA,NA,Y,NA,A,01,0,0,2,0,0,0,0,0,0,-,-,34.103790283203125,-117.80258178710938,LOS ANGELES,SAN DIMAS,-117.80264282226564,34.10313034057617
9540988,2022,2023-01-31,1900,2022-12-14,0557,434609,0813,3,5,4,1960,0,0,0,NA,0,81T1,BONITA AV,SAN DIMAS CANYON RD,115,W,N,A,-,N,NA,NA,NA,NA,NA,NA,NA,NA,NA,N,2,0,1,2,A,-,10,21950,A,N,G,B,B,A,H,-,C,A,0,Y,NA,NA,NA,Y,NA,A,01,1,0,0,0,1,0,0,0,0,-,-,34.10675811767578,-117.79425048828124,LOS ANGELES,SAN DIMAS,-117.79396057128906,34.10668182373047
9540989,2022,2023-02-08,1942,2022-12-23,1835,38131,1601,5,5,7,1942,0,0,0,P,0,21T56,PAXTON ST,GLENOAKS BL,0,NA,Y,A,-,N,NA,NA,NA,NA,NA,NA,NA,NA,NA,N,3,0,2,2,A,-,01,23152,A,N,D,C,-,A,H,-,C,A,0,Y,NA,NA,NA,Y,Y,A,01,0,2,0,0,1,0,0,0,0,-,-,NA,NA,LOS ANGELES,LOS ANGELES,-118.41800689697266,34.2796516418457
9540990,2022,2023-01-31,1942,2022-12-20,2020,43272,2136,2,5,7,1942,0,0,0,NA,0,26T35W,CANOGA AV,COHASSET ST,95,S,N,A,-,N,NA,NA,NA,NA,NA,NA,NA,NA,NA,N,3,0,1,2,A,-,10,21954,B,M,G,B,D,A,H,-,C,D,0,Y,NA,NA,NA,Y,NA,-,99,0,1,0,0,1,0,0,0,0,-,-,NA,NA,LOS ANGELES,LOS ANGELES,-118.59751892089844,34.20621109008789
9540992,2022,2023-01-31,1942,2022-12-23,1840,42242,1966,5,5,7,1942,0,0,0,NA,0,19X34,NORDHOFF ST,WOODMAN AV,435,E,N,A,-,N,NA,NA,NA,NA,NA,NA,NA,NA,NA,Y,4,0,1,2,A,-,01,23152,A,F,C,C,A,A,H,-,C,D,0,NA,NA,NA,NA,Y,Y,A,01,0,0,1,0,0,0,0,0,0,-,-,NA,NA,LOS ANGELES,LOS ANGELES,-118.43900299072266,34.235328674316406
9540995,2022,2023-01-31,1953,2022-12-22,1035,8585,PASAD,4,5,6,1953,0,0,0,NA,0,004,CORSON ST,WALNUT ST,0,NA,Y,A,-,N,NA,NA,NA,NA,NA,NA,NA,NA,NA,Y,4,0,2,2,A,-,12,21453,NA,N,D,C,A,A,H,-,A,A,0,NA,NA,NA,NA,Y,NA,A,08,0,0,2,0,0,0,0,0,0,-,-,NA,NA,LOS ANGELES,PASADENA,-118.1535873413086,34.149635314941406
9540996,2022,2023-01-31,1953,2022-12-21,1030,5651,1953,3,5,6,1953,0,0,0,NA,0,003,MARENGO AV,LOS ROBLES AV,830,N,N,A,-,N,NA,NA,NA,NA,NA,NA,NA,NA,NA,Y,4,0,1,1,A,-,03,22350,NA,N,E,I,A,A,H,-,A,D,0,NA,NA,NA,NA,Y,NA,A,07,0,0,1,0,0,0,0,0,0,-,-,NA,NA,LOS ANGELES,PASADENA,-118.14120483398438,34.12051773071289
9540997,2022,2023-01-31,1953,2022-12-19,1355,5970,1953,1,5,6,1953,0,0,0,NA,0,1L31,ROSEMEAD BL,HALSTEAD ST,200,E,N,A,-,N,NA,NA,NA,NA,NA,NA,NA,NA,NA,Y,4,0,1,2,A,-,08,22107,NA,N,D,C,A,A,H,-,A,A,0,NA,NA,NA,NA,Y,NA,A,01,0,0,1,0,0,0,0,0,0,-,-,NA,NA,LOS ANGELES,PASADENA,-118.07810974121094,34.15442657470703
9540998,2022,2023-01-31,1953,2022-12-31,1158,3055,1953,6,5,6,1953,0,0,0,NA,0,002,WASHINGTON BL,MENTOR AV,0,NA,Y,C,-,N,NA,NA,NA,NA,NA,NA,NA,NA,NA,N,4,0,2,2,A,-,03,22350,NA,N,C,C,A,B,H,-,A,D,0,NA,NA,NA,NA,Y,NA,A,01,0,0,2,0,0,0,0,0,0,-,-,NA,NA,LOS ANGELES,PASADENA,-118.1309814453125,34.16898727416992
9540999,2022,2023-01-31,1953,2022-12-31,1509,7508,1953,6,5,6,1953,0,0,0,NA,0,001,HOWARD ST,LINCOLN AV,0,NA,Y,A,-,N,NA,NA,NA,NA,NA,NA,NA,NA,NA,Y,4,0,1,2,A,-,03,22350,NA,N,D,C,A,A,H,-,A,A,0,NA,NA,NA,NA,Y,NA,A,01,0,0,1,0,0,0,0,0,0,-,-,NA,NA,LOS ANGELES,PASADENA,-118.1596221923828,34.17357635498047
9541000,2022,2023-01-31,1953,2022-12-27,1711,7791,1953,2,5,6,1953,0,0,0,NA,0,004,FAIR OAKS AV,COLUMBIA ST,100,N,N,C,-,N,NA,NA,NA,NA,NA,NA,NA,NA,NA,Y,3,0,1,5,A,-,09,21801,A,N,A,C,A,B,H,-,C,A,0,NA,NA,NA,NA,Y,NA,A,01,0,1,0,0,0,0,0,0,0,-,-,NA,NA,LOS ANGELES,PASADENA,-118.15028381347656,34.12429428100586
9541021,2022,2023-01-23,1941,2022-11-29,2308,11362,NORTH,2,5,7,1941,0,0,0,NA,0,023,BUTLER AV,ARTESIA BL,0,NA,Y,A,-,N,NA,NA,NA,NA,NA,NA,NA,NA,NA,Y,3,0,1,2,A,-,09,21801,A,N,D,C,A,A,H,-,C,A,0,NA,NA,NA,NA,Y,NA,A,01,0,1,0,0,0,0,0,0,0,-,-,33.8743782043457,-118.19690704345705,LOS ANGELES,LONG BEACH,-118.19696807861328,33.874237060546875
9541022,2022,2023-01-30,1941,2022-11-07,1230,11154,WEST,1,5,7,1941,0,0,0,NA,0,004,PINE AV,EAST PACIFIC COAST HWY,0,N,N,B,-,N,NA,NA,NA,NA,NA,NA,NA,NA,NA,N,4,0,1,2,A,-,06,21750,NA,N,B,D,A,A,H,-,A,D,0,NA,NA,NA,NA,Y,NA,A,01,0,0,1,0,0,0,0,0,0,-,-,33.792728424072266,-118.19200897216795,LOS ANGELES,LONG BEACH,-118.19239044189452,33.78987121582031
9541024,2022,2023-01-24,1941,2022-11-01,1640,11410,SOUTH,2,5,7,1941,0,0,0,NA,0,007,E ANAHEIM ST,WALNUT AV,0,NA,Y,A,-,N,NA,NA,NA,NA,NA,NA,NA,NA,NA,NA,3,0,1,2,D,-,00,NA,NA,M,A,B,B,A,H,-,A,A,0,Y,NA,NA,NA,Y,NA,-,-,0,1,0,0,1,0,0,0,0,-,-,33.78261184692383,-118.1719970703125,LOS ANGELES,LONG BEACH,-118.1719970703125,33.78260803222656
9541031,2022,2023-01-20,1953,2022-11-16,1513,5651,1953,3,5,6,1953,0,0,0,NA,0,002,FAIR OAKS AV,CORSON ST,0,NA,Y,A,-,N,NA,NA,NA,NA,NA,NA,NA,NA,NA,Y,4,0,1,3,A,-,12,21453,A,N,D,D,A,A,H,-,A,A,0,NA,NA,NA,NA,Y,NA,A,01,0,0,1,0,0,0,0,0,0,-,-,NA,NA,LOS ANGELES,PASADENA,-118.15050506591795,34.150978088378906
9541033,2022,2023-01-30,1941,2022-11-29,1010,10938,2,2,5,7,1941,0,0,0,NA,0,016,LAKEWOOD BL,E CARSON ST,17,N,N,A,-,N,NA,NA,NA,NA,NA,NA,NA,NA,NA,Y,3,0,3,2,A,-,03,22350,NA,N,C,C,A,A,H,-,A,A,0,NA,NA,NA,NA,Y,NA,D,22,0,3,0,0,0,0,0,0,0,-,-,33.83235168457031,-118.14254760742188,LOS ANGELES,LONG BEACH,-118.14263916015624,33.83233642578125
9541035,2022,2023-01-20,1941,2022-11-03,1230,11526,EAST,4,5,7,1941,0,0,0,NA,0,014,EAST PACIFIC COAST HWY,OUTER TRAFFIC CIR,0,NA,Y,A,-,N,NA,NA,NA,NA,NA,NA,NA,NA,NA,N,4,0,1,2,D,-,00,NA,NA,N,C,C,A,A,H,-,A,D,0,NA,NA,NA,NA,Y,NA,-,-,0,0,1,0,0,0,0,0,0,-,-,33.78984832763672,-118.14427947998048,LOS ANGELES,LONG BEACH,-118.14431762695313,33.789852142333984
9541036,2022,2023-01-20,1941,2022-11-10,1820,11133,SOUTH,4,5,7,1941,0,0,0,NA,0,008,ORANGE AV,EAST 7TH ST,0,NA,Y,A,-,N,NA,NA,NA,NA,NA,NA,NA,NA,NA,N,3,0,1,2,A,-,08,22107,NA,N,B,B,B,A,H,-,C,A,0,Y,NA,NA,NA,Y,NA,A,07,0,1,0,0,1,0,0,0,0,-,-,33.77534866333008,-118.17633819580078,LOS ANGELES,LONG BEACH,-118.17638397216795,33.77534484863281
9541044,2022,2023-02-06,1941,2022-10-03,1703,11004,NORTH,1,5,7,1941,0,0,0,NA,0,021,LONG BEACH BL,W 53RD ST,145,N,N,A,-,N,NA,NA,NA,NA,NA,NA,NA,NA,NA,Y,3,0,1,3,A,-,07,21658,A,N,B,C,A,A,H,-,A,D,0,NA,NA,NA,Y,Y,NA,A,01,0,1,0,0,0,0,0,0,0,-,-,33.85279846191406,-118.19609832763672,LOS ANGELES,LONG BEACH,-118.19607543945313,33.85280990600586
9541046,2022,2023-03-22,1900,2022-09-21,0820,642083,1332,3,5,5,1908,0,0,0,NA,0,133B,LAKEWOOD BL,SOMMERSET BL,0,NA,Y,A,-,N,NA,NA,NA,NA,NA,NA,NA,NA,NA,Y,3,0,6,3,A,-,03,22350,NA,N,F,C,A,A,H,-,A,A,0,NA,NA,Y,NA,Y,NA,D,22,0,2,4,0,0,0,0,0,4,-,-,NA,NA,LOS ANGELES,BELLFLOWER,-118.14265441894533,33.89651870727539
9541050,2022,2023-02-04,1900,2022-12-13,1321,620747,1323,2,5,5,1935,0,0,0,NA,0,132T1,DEL AMO BL,CHERRY AV,0,NA,Y,A,-,N,NA,NA,NA,NA,NA,NA,NA,NA,NA,Y,4,0,1,2,D,-,00,NA,NA,N,D,D,A,A,H,-,A,A,0,NA,NA,NA,NA,Y,NA,-,-,0,0,1,0,0,0,0,0,0,-,-,NA,NA,LOS ANGELES,LAKEWOOD,-118.16746520996094,33.84701919555664
9541052,2022,2023-01-24,1942,2022-09-20,2145,43958,0881,2,5,7,1942,0,0,0,H,0,27T31,OLYMPIC BL,BARRY AV,79,E,N,A,-,N,NA,NA,NA,NA,NA,NA,NA,NA,NA,Y,4,0,2,2,A,-,01,23152,A,N,B,E,A,A,H,-,C,A,0,NA,NA,NA,Y,Y,Y,A,01,0,0,2,0,0,0,0,0,0,-,-,NA,NA,LOS ANGELES,LOS ANGELES,-118.4466552734375,34.034934997558594
9541056,2022,2023-01-26,1942,2022-07-20,0835,42665,0806,3,5,7,1942,0,0,0,H,0,27TL27,HILGARD AV,SUNSET BL,45,S,N,A,-,N,NA,NA,NA,NA,NA,NA,NA,NA,NA,Y,2,0,2,4,A,-,03,22350,NA,N,F,C,A,A,H,-,A,D,0,NA,NA,NA,Y,Y,NA,F,24,2,0,0,0,0,0,0,0,0,-,-,NA,NA,LOS ANGELES,LOS ANGELES,-118.43936920166016,34.078163146972656
9541062,2022,2023-02-04,1900,2022-12-16,1745,646988,1335,5,5,5,1908,0,0,0,NA,0,133T2,PARK ST,LAKEWOOD BL,300,E,N,A,-,N,NA,NA,NA,NA,NA,NA,NA,NA,NA,Y,4,0,1,3,A,-,08,22107,NA,N,B,E,A,A,-,-,C,D,0,NA,NA,NA,NA,Y,NA,A,01,0,0,1,0,0,0,0,0,0,-,-,NA,NA,LOS ANGELES,BELLFLOWER,-118.1416473388672,33.87839126586914
9541064,2022,2023-01-30,1942,2022-08-04,1630,37806,0808,4,5,7,1942,0,0,0,H,0,31D124,ROBMAR DR,BEVERLY DR,140,W,N,A,-,N,NA,NA,NA,NA,NA,NA,NA,NA,NA,Y,2,0,1,3,A,-,21,22106,NA,N,G,B,E,A,H,-,A,D,0,Y,NA,NA,NA,Y,NA,D,22,1,0,0,0,1,0,0,0,0,-,-,NA,NA,LOS ANGELES,LOS ANGELES,-118.41519165039064,34.09675979614258
9541065,2022,2023-02-04,1900,2022-12-04,1654,657379,1335,7,5,5,1908,0,0,0,NA,0,133H,ROSE ST,CLARK AV,250,E,N,C,-,N,NA,NA,NA,NA,NA,NA,NA,NA,NA,N,4,0,1,2,A,-,01,23152,A,M,D,E,A,B,H,-,C,A,0,NA,NA,NA,NA,Y,Y,A,01,0,0,1,0,0,0,0,0,0,-,-,34.162391662597656,-118.35140991210938,LOS ANGELES,BELLFLOWER,-118.13304901123048,33.869598388671875
9541076,2022,2023-01-30,1941,2022-10-05,1630,5970,WEST,3,5,7,1941,0,0,0,NA,0,025,SANTA FE AV,W ANAHEIM ST,31,W,N,A,-,N,NA,NA,NA,NA,NA,NA,NA,NA,NA,N,4,0,1,2,A,-,03,22350,NA,F,C,C,A,A,H,-,A,A,0,NA,NA,NA,NA,Y,NA,D,22,0,0,1,0,0,0,0,0,0,-,-,33.78274154663086,-118.21549224853516,LOS ANGELES,LONG BEACH,-118.21549224853516,33.78274154663086
9541080,2022,2023-02-03,1941,2022-12-27,1518,10519,WEST,2,5,7,1941,0,0,0,NA,0,005,ATLANTIC AV,E 25TH WY,0,NA,N,C,-,N,NA,NA,NA,NA,NA,NA,NA,NA,NA,N,4,0,2,2,A,-,07,21658,A,N,B,C,A,B,H,-,A,A,0,NA,NA,NA,NA,Y,NA,D,22,0,0,2,0,0,0,0,0,0,-,-,33.80128860473633,-118.18498992919922,LOS ANGELES,LONG BEACH,-118.18502807617188,33.80255126953125
9541088,2022,2023-01-27,1941,2022-11-12,0913,11146,SOUTH,6,5,7,1941,0,0,0,NA,0,006,MAGNOLIA AV,W 3RD ST,0,NA,Y,A,-,N,NA,NA,NA,NA,NA,NA,NA,NA,NA,Y,3,0,1,5,A,-,09,21801,A,N,B,C,A,A,H,-,A,D,0,NA,NA,NA,NA,Y,NA,A,01,0,1,0,0,0,0,0,0,0,-,-,33.77050018310547,-118.19803619384766,LOS ANGELES,LONG BEACH,-118.19803619384766,33.770511627197266
9541093,2022,2023-01-27,1900,2022-11-30,2010,656791,1366,3,5,5,1952,0,0,0,NA,0,136E,GUNDRY AV,ALONDRA BL,0,NA,Y,A,-,N,NA,NA,NA,NA,NA,NA,NA,NA,NA,N,3,0,1,2,A,-,10,21950,A,N,G,B,B,A,H,-,C,A,0,Y,NA,NA,NA,Y,NA,D,22,0,1,0,0,1,0,0,0,0,-,-,33.88991165161133,-118.17479705810548,LOS ANGELES,PARAMOUNT,-118.17476654052734,33.889068603515625
9541099,2022,2023-01-25,1941,2022-10-07,0947,10045,NA,5,5,7,1941,0,0,0,NA,0,NA,PALO VERDE AV,BARBANELL ST,147,N,N,A,-,N,NA,NA,NA,NA,NA,NA,NA,NA,NA,Y,3,0,1,2,A,-,07,21658,A,N,D,E,A,A,H,-,A,D,0,NA,NA,NA,NA,Y,Y,A,NA,0,1,0,0,0,0,0,0,0,-,-,NA,NA,LOS ANGELES,LONG BEACH,-118.10792541503906,33.8056640625
9541100,2022,2023-01-30,1941,2022-10-18,0937,10365,EAST,2,5,7,1941,0,0,0,NA,0,014,LOS COYOTES DI,FERRO ST,0,NA,Y,A,-,N,NA,NA,NA,NA,NA,NA,NA,NA,NA,N,2,0,1,2,D,-,00,NA,NA,N,G,B,D,A,H,-,A,D,0,Y,NA,NA,NA,Y,NA,-,-,1,0,0,0,1,0,0,0,0,-,-,33.79486083984375,-118.13581085205078,LOS ANGELES,LONG BEACH,NA,NA
9541103,2022,2023-01-27,1942,2022-11-30,1455,41671,0626,3,5,7,1942,0,0,0,F,0,27TL42,FRANKLIN AV,CAHUENGA BL,0,NA,Y,B,-,N,NA,NA,NA,NA,NA,NA,NA,NA,NA,N,3,0,1,2,A,-,10,21950,A,N,G,B,B,A,H,-,A,A,0,Y,NA,NA,NA,Y,NA,I,20,0,1,0,0,1,0,0,0,0,-,-,NA,NA,LOS ANGELES,LOS ANGELES,-118.33039093017578,34.10523986816406
9541104,2022,2023-02-13,1941,2022-12-13,1611,10546,WEST,2,5,7,1941,0,0,0,NA,0,005,EAST PACIFIC COAST HWY,MYRTLE AV,46,E,N,A,-,Y,LA,7,1,-,-,5.81,H,-,S,Y,3,0,1,2,A,-,08,22107,NA,N,D,C,A,A,H,-,A,D,0,NA,NA,Y,NA,Y,NA,D,22,0,1,0,0,0,0,0,0,1,-,-,33.78955841064453,-118.1813735961914,LOS ANGELES,LONG BEACH,-118.18146514892578,33.7898063659668
9541134,2023,2023-02-15,1902,2023-01-02,1132,779,29,1,5,5,1902,0,0,0,NA,0,005,LONGDEN AV,EL MONTE AV,0,NA,Y,A,-,N,NA,NA,NA,NA,NA,NA,NA,NA,NA,Y,4,0,1,2,D,-,00,NA,NA,N,D,C,A,A,H,-,A,D,0,NA,NA,NA,NA,Y,NA,-,-,0,0,1,0,0,0,0,0,0,-,-,NA,NA,LOS ANGELES,ARCADIA,-118.0383758544922,34.114105224609375
9541161,2022,2023-01-25,1900,2022-12-22,1707,656791,1364,4,5,5,1952,0,0,0,NA,0,136E,ALONDRA BL,ORANGE AV,60,E,N,A,-,N,NA,NA,NA,NA,NA,NA,NA,NA,NA,N,4,0,2,2,A,-,04,21703,NA,N,C,C,A,A,H,-,C,D,0,NA,NA,NA,NA,Y,NA,A,01,0,0,2,0,0,0,0,0,0,-,-,33.88917922973633,-118.17619323730467,LOS ANGELES,PARAMOUNT,-118.17734527587892,33.8891716003418
9541162,2022,2023-01-25,1900,2022-12-23,1604,647602,1329,5,5,5,1935,0,0,0,NA,0,132T2,LAKEWOOD BL,HARDWICK ST,0,NA,Y,A,-,N,NA,NA,NA,NA,NA,NA,NA,NA,NA,Y,2,0,2,2,A,-,09,21801,A,N,A,C,A,A,H,-,A,A,0,NA,NA,NA,NA,Y,NA,A,01,1,1,0,0,0,0,0,0,0,-,-,33.85049057006836,-118.14270782470705,LOS ANGELES,LAKEWOOD,-118.14242553710938,33.85044860839844
9541164,2022,2023-01-25,1900,2022-12-21,1733,658546,1328,3,5,5,1935,0,0,0,NA,0,132A,CENTRALIA ST,NORWALK BL,0,NA,Y,A,-,N,NA,NA,NA,NA,NA,NA,NA,NA,NA,N,2,0,1,2,A,-,10,21950,A,N,G,B,B,A,H,-,C,A,0,Y,NA,NA,NA,Y,NA,A,01,1,0,0,0,1,0,0,0,0,-,-,33.83879852294922,-118.0722198486328,LOS ANGELES,LAKEWOOD,-118.07208251953124,33.838741302490234
9541165,2022,2023-02-07,1941,2022-12-22,1121,10574,SOUTH,4,5,7,1941,0,0,0,NA,0,008,ATLANTIC AV,7TH,0,NA,Y,A,-,N,NA,NA,NA,NA,NA,NA,NA,NA,NA,Y,3,0,2,2,A,-,12,21453,A,N,D,C,A,A,H,-,A,A,0,NA,NA,NA,Y,Y,NA,A,01,0,2,0,0,0,0,0,0,0,-,-,33.77534866333008,-118.18502807617188,LOS ANGELES,LONG BEACH,-118.18505096435548,33.77534484863281
9541167,2022,2023-01-25,1900,2022-12-28,0630,551881,1430,3,5,4,1937,0,0,0,NA,0,141T3,SUNSET AV,PRICHARD ST,0,NA,Y,B,-,N,NA,NA,NA,NA,NA,NA,NA,NA,NA,Y,4,0,1,2,A,-,09,21802,A,N,D,C,A,A,H,-,B,A,0,NA,NA,NA,NA,Y,NA,A,01,0,0,1,0,0,0,0,0,0,-,-,34.038818359375,-117.9700164794922,LOS ANGELES,LA PUENTE,-117.97020721435548,34.038936614990234
9541169,2022,2023-01-25,1941,2022-12-22,1000,10013,EAST,4,5,7,1941,0,0,0,NA,0,017,PALO VERDE AV,WARDLOW RD,0,NA,Y,A,-,N,NA,NA,NA,NA,NA,NA,NA,NA,NA,Y,4,0,2,2,A,-,12,21453,A,N,D,C,A,A,H,-,A,A,0,NA,NA,NA,NA,Y,Y,A,07,0,0,2,0,0,0,0,0,0,-,-,33.81882095336914,-118.10784912109376,LOS ANGELES,LONG BEACH,-118.10787200927734,33.81875991821289