CASE_ID,ACCIDENT_YEAR,PROC_DATE,JURIS,COLLISION_DATE,COLLISION_TIME,OFFICER_ID,REPORTING_DISTRICT,DAY_OF_WEEK,CHP_SHIFT,POPULATION,CNTY_CITY_LOC,SPECIAL_COND,BEAT_TYPE,CHP_BEAT_TYPE,CITY_DIVISION_LAPD,CHP_BEAT_CLASS,BEAT_NUMBER,PRIMARY_RD,SECONDARY_RD,DISTANCE,DIRECTION,INTERSECTION,WEATHER_1,WEATHER_2,STATE_HWY_IND,CALTRANS_COUNTY,CALTRANS_DISTRICT,STATE_ROUTE,ROUTE_SUFFIX,POSTMILE_PREFIX,POSTMILE,LOCATION_TYPE,RAMP_INTERSECTION,SIDE_OF_HWY,TOW_AWAY,COLLISION_SEVERITY,NUMBER_KILLED,NUMBER_INJURED,PARTY_COUNT,PRIMARY_COLL_FACTOR,PCF_CODE_OF_VIOL,PCF_VIOL_CATEGORY,PCF_VIOLATION,PCF_VIOL_SUBSECTION,HIT_AND_RUN,TYPE_OF_COLLISION,MVIW,PED_ACTION,ROAD_SURFACE,ROAD_COND_1,ROAD_COND_2,LIGHTING,CONTROL_DEVICE,CHP_ROAD_TYPE,PEDESTRIAN_ACCIDENT,BICYCLE_ACCIDENT,MOTORCYCLE_ACCIDENT,TRUCK_ACCIDENT,NOT_PRIVATE_PROPERTY,ALCOHOL_INVOLVED,STWD_VEHTYPE_AT_FAULT,CHP_VEHTYPE_AT_FAULT,COUNT_SEVERE_INJ,COUNT_VISIBLE_INJ,COUNT_COMPLAINT_PAIN,COUNT_PED_KILLED,COUNT_PED_INJURED,COUNT_BICYCLIST_KILLED,COUNT_BICYCLIST_INJURED,COUNT_MC_KILLED,COUNT_MC_INJURED,PRIMARY_RAMP,SECONDARY_RAMP,LATITUDE,LONGITUDE,COUNTY,CITY,POINT_X,POINT_Y
9541399,2022,2023-01-11,1900,2022-11-04,1206,647211,2814,5,5,5,1915,0,0,0,NA,0,282T1,W PALMER ST,ARANBE AV,0,NA,Y,A,-,N,NA,NA,NA,NA,NA,NA,NA,NA,NA,Y,4,0,3,2,A,-,09,21802,A,N,D,C,A,A,H,-,A,D,0,NA,NA,NA,NA,Y,NA,A,01,0,0,3,0,0,0,0,0,0,-,-,33.898441314697266,-118.23203277587892,LOS ANGELES,COMPTON,-118.23200988769533,33.89841079711914
9541400,2022,2023-01-11,1900,2022-11-09,1545,653518,2814,3,5,5,1915,0,0,0,NA,0,283T1,ELM ST,ACACIA AV,14,W,N,A,-,N,NA,NA,NA,NA,NA,NA,NA,NA,NA,Y,4,0,1,2,A,-,09,21802,A,N,D,C,A,A,H,-,A,A,0,NA,NA,NA,NA,Y,NA,A,01,0,0,1,0,0,0,0,0,0,-,-,33.90061950683594,-118.22711181640624,LOS ANGELES,COMPTON,-118.2271728515625,33.90058898925781
9541466,2022,2023-01-24,1900,2022-12-02,1510,647476,0455,5,5,6,1949,0,0,0,NA,0,43T1P,NORWALK BL,EXCELSIOR DR,36,S,N,A,-,N,NA,NA,NA,NA,NA,NA,NA,NA,NA,Y,4,0,1,3,A,-,08,22107,NA,N,A,C,A,A,H,-,A,A,0,NA,NA,NA,NA,Y,NA,A,01,0,0,1,0,0,0,0,0,0,-,-,NA,NA,LOS ANGELES,NORWALK,-118.0729522705078,33.89482116699219
9541504,2022,2023-02-02,1900,2022-12-01,1455,616068,0452,4,5,6,1949,0,0,0,NA,0,43T1P,PIONEER BL,CREWE ST,0,NA,Y,B,-,N,NA,NA,NA,NA,NA,NA,NA,NA,NA,N,4,0,1,2,A,-,08,22107,NA,N,D,C,A,A,H,-,A,A,0,NA,NA,NA,NA,Y,NA,A,08,0,0,1,0,0,0,0,0,0,-,-,NA,NA,LOS ANGELES,NORWALK,-118.08187103271484,33.920719146728516
9541517,2022,2023-02-06,1900,2022-12-04,1742,658636,0465,7,5,4,1936,0,0,0,NA,0,46T1P,LA MIRADA BL,ALONDRA BL,0,NA,Y,C,-,N,NA,NA,NA,NA,NA,NA,NA,NA,NA,Y,4,0,1,2,A,-,09,21453,C,N,D,C,A,B,H,-,C,A,0,NA,NA,NA,NA,Y,NA,A,01,0,0,1,0,0,0,0,0,0,-,-,NA,NA,LOS ANGELES,LA MIRADA,-117.9993896484375,33.88816833496094
9541521,2022,2023-01-03,1900,2022-10-24,1330,618169,0456,1,5,6,1949,0,0,0,NA,0,43T1,MADRIS AV,ROSECRANS AV,555,S,N,A,-,N,NA,NA,NA,NA,NA,NA,NA,NA,NA,N,2,0,1,2,A,-,08,22107,NA,N,G,B,F,A,H,-,A,D,0,Y,NA,NA,NA,Y,NA,A,01,1,0,0,0,1,0,0,0,0,-,-,NA,NA,LOS ANGELES,NORWALK,-118.07015991210938,33.900699615478516
9541535,2022,2023-01-03,1900,2022-10-28,0900,646466,1431,5,5,4,1937,0,0,0,NA,0,143T1,AMAR RD,SUNSET AV,0,NA,Y,A,-,N,NA,NA,NA,NA,NA,NA,NA,NA,NA,Y,3,0,1,2,A,-,09,21801,A,N,D,C,A,A,H,-,A,A,0,NA,NA,NA,NA,Y,NA,A,01,0,1,0,0,0,0,0,0,0,-,-,34.045318603515625,-117.96317291259766,LOS ANGELES,LA PUENTE,-117.96314239501952,34.045345306396484
9541536,2022,2023-01-03,1900,2022-10-23,1758,248440,1811,7,5,2,1904,0,0,0,NA,0,184A,MARILLA AV,CRESCENT AV,300,W,N,A,-,N,NA,NA,NA,NA,NA,NA,NA,NA,NA,N,2,0,5,1,A,-,03,22350,NA,N,F,I,A,A,H,-,A,D,0,NA,NA,NA,NA,Y,NA,M,96,1,4,0,0,0,0,0,0,0,-,-,NA,NA,LOS ANGELES,AVALON,-118.32796478271484,33.345054626464844
9541576,2022,2022-12-27,1942,2022-07-14,0015,41072,0392,4,5,7,1942,0,0,0,C,0,25T37,CRENSHAW BL,VERNON AV,20,S,N,A,-,N,NA,NA,NA,NA,NA,NA,NA,NA,NA,Y,2,0,2,2,A,-,11,21453,D,N,G,B,B,A,H,-,C,A,0,Y,NA,NA,NA,Y,NA,N,60,1,1,0,0,1,0,0,0,0,-,-,NA,NA,LOS ANGELES,LOS ANGELES,-118.33084106445313,34.003604888916016
9541580,2022,2022-12-27,1900,2022-09-27,1540,617372,0466,2,5,4,1936,0,0,0,NA,0,46T1P,TROJAN WY,DESMAN RD,0,NA,Y,A,-,N,NA,NA,NA,NA,NA,NA,NA,NA,NA,Y,3,0,2,2,A,-,09,21802,A,N,D,C,A,A,H,-,A,A,0,NA,NA,NA,NA,Y,NA,-,NA,0,1,1,0,0,0,0,0,0,-,-,NA,NA,LOS ANGELES,LA MIRADA,-118.01583862304688,33.8815803527832
9541585,2022,2022-12-28,1900,2022-09-14,1734,630214,1410,3,5,1,1932,0,0,0,NA,0,141K1,PELLISSIER PL,PECK RD,0,NA,Y,A,-,N,NA,NA,NA,NA,NA,NA,NA,NA,NA,Y,4,0,1,2,A,-,12,21453,NA,N,A,C,A,A,H,-,A,A,0,NA,NA,NA,NA,Y,NA,A,01,0,0,1,0,0,0,0,0,0,-,-,NA,NA,LOS ANGELES,INDUSTRY,-118.03787231445313,34.02521896362305
9541586,2022,2022-12-28,1900,2022-09-20,1135,635401,1434,2,5,4,1937,0,0,0,NA,0,143T1,OLD VALLEY BL,ALBERT ST,560,E,N,A,-,N,NA,NA,NA,NA,NA,NA,NA,NA,NA,Y,3,0,2,2,A,-,09,21804,A,N,D,C,A,A,H,-,A,D,0,NA,NA,NA,NA,Y,NA,A,01,0,2,0,0,0,0,0,0,0,-,-,34.016319274902344,-117.94924926757813,LOS ANGELES,LA PUENTE,-117.94879150390624,34.01594161987305
9541589,2022,2022-12-28,1900,2022-09-15,0328,656310,2842,4,5,5,1915,0,0,0,NA,0,281T1,SANTE FE AV,ARTESIA BL,209,S,N,A,-,N,NA,NA,NA,NA,NA,NA,NA,NA,NA,N,2,0,1,2,A,-,11,21954,A,N,G,B,D,A,H,-,C,D,0,Y,NA,NA,NA,Y,NA,N,60,1,0,0,0,1,0,0,0,0,-,-,33.87382888793945,-118.2145767211914,LOS ANGELES,COMPTON,-118.21444702148438,33.87375259399414
9541590,2022,2022-12-27,1900,2022-08-21,2047,645885,2813,7,5,5,1915,0,0,0,NA,0,283T2,WILMINGTON AV,STOCKWELL ST,0,NA,Y,A,-,N,NA,NA,NA,NA,NA,NA,NA,NA,NA,N,4,0,2,2,A,-,09,21801,A,N,-,C,A,A,H,-,C,A,0,NA,NA,NA,NA,Y,NA,A,01,0,0,2,0,0,0,0,0,0,-,-,33.909061431884766,-118.23905181884766,LOS ANGELES,COMPTON,-118.23915863037108,33.90903854370117
9541692,2022,2023-01-26,1902,2022-12-02,1926,824,18,5,5,5,1902,0,0,0,NA,0,003,BALDWIN AV,GARTE 9,58,S,N,A,-,N,NA,NA,NA,NA,NA,NA,NA,NA,NA,Y,4,0,1,2,A,-,03,22350,NA,N,C,C,A,A,H,-,C,A,0,NA,NA,NA,NA,Y,NA,A,01,0,0,1,0,0,0,0,0,0,-,-,NA,NA,LOS ANGELES,ARCADIA,-118.054125,34.136753
9541693,2022,2023-01-26,1902,2022-12-02,0113,788,33,5,5,5,1902,0,0,0,NA,0,005,ELMONTE AV,LONGDEN AV,80,S,N,C,-,N,NA,NA,NA,NA,NA,NA,NA,NA,NA,Y,4,0,1,2,A,-,03,22350,NA,N,C,C,A,B,H,-,C,A,0,NA,NA,NA,NA,Y,NA,A,01,0,0,1,0,0,0,0,0,0,-,-,NA,NA,LOS ANGELES,ARCADIA,-118.03838348388672,34.1138801574707
9541694,2022,2023-01-26,1902,2022-12-01,1032,828,21,4,5,5,1902,0,0,0,NA,0,004,SUNSET BL,DUARTE RD,0,NA,Y,B,-,N,NA,NA,NA,NA,NA,NA,NA,NA,NA,N,3,0,1,2,D,-,00,NA,NA,N,-,G,A,A,H,-,A,A,0,NA,NA,NA,NA,Y,NA,-,-,0,1,0,0,0,0,0,0,0,-,-,NA,NA,LOS ANGELES,ARCADIA,-118.06449127197266,34.12467956542969
9541696,2022,2023-01-26,1910,2022-12-02,1416,03494,NA,5,5,4,1910,0,0,0,NA,0,005,BEVERLY AV,CHARLEVILLE BL,180,S,N,A,-,N,NA,NA,NA,NA,NA,NA,NA,NA,NA,N,4,0,1,2,A,-,05,21460,A,N,D,C,A,A,H,-,A,D,0,NA,NA,NA,NA,Y,NA,A,01,0,0,1,0,0,0,0,0,0,-,-,NA,NA,LOS ANGELES,BEVERLY HILLS,-118.39911651611328,34.06450653076172
9541697,2022,2023-01-26,1910,2022-12-02,1152,05392,NA,5,5,4,1910,0,0,0,NA,0,005,N REXFORD DR,WILSHIRE BL,150,N,N,C,-,N,NA,NA,NA,NA,NA,NA,NA,NA,NA,Y,4,0,2,2,A,-,04,21703,NA,N,C,C,A,B,-,-,A,D,0,NA,NA,NA,NA,Y,NA,A,01,0,0,2,0,0,0,0,0,0,-,-,NA,NA,LOS ANGELES,BEVERLY HILLS,-118.39432525634766,34.067378997802734
9541698,2022,2023-01-26,1910,2022-12-02,0718,03494,NA,5,5,4,1910,0,0,0,NA,0,NA,SUNSET BL,BEVERLY DR,0,NA,Y,A,-,N,NA,NA,NA,NA,NA,NA,NA,NA,NA,Y,4,0,2,2,A,-,09,21801,B,N,D,C,A,A,H,-,A,A,0,NA,NA,NA,NA,Y,NA,A,01,0,0,2,0,0,0,0,0,0,-,-,NA,NA,LOS ANGELES,BEVERLY HILLS,-118.41201782226564,34.08165740966797
9541699,2022,2023-01-26,1910,2022-12-01,1406,03494,NA,4,5,4,1910,0,0,0,NA,0,006,SCHUYLER RD,STONEWOOD DR,430,N,N,A,-,N,NA,NA,NA,NA,NA,NA,NA,NA,NA,Y,4,0,1,3,A,-,08,22107,NA,N,A,C,A,A,H,-,A,D,0,NA,NA,NA,NA,Y,NA,A,01,0,0,1,0,0,0,0,0,0,-,-,NA,NA,LOS ANGELES,BEVERLY HILLS,-118.40437316894533,34.09195327758789
9541704,2022,2023-01-10,1900,2022-10-29,2058,548515,2113,6,5,5,1943,0,0,0,NA,0,212T3,BEECHWOOD AV,ELM ST,0,NA,Y,A,-,N,NA,NA,NA,NA,NA,NA,NA,NA,NA,Y,3,0,1,3,A,-,12,22450,NA,N,-,C,A,A,H,-,C,A,0,NA,NA,NA,NA,Y,NA,A,01,0,1,0,0,0,0,0,0,0,-,-,33.92607879638672,-118.18756103515624,LOS ANGELES,LYNWOOD,-118.18762969970705,33.92607498168945
9541707,2022,2023-01-06,1900,2022-10-24,1827,632900,0623,1,5,6,1985,0,0,0,NA,0,62E,WILEY CANYON RD,TOURNAMENT RD,0,NA,Y,A,-,N,NA,NA,NA,NA,NA,NA,NA,NA,NA,Y,3,0,3,4,A,-,04,21703,NA,N,C,C,A,A,H,-,B,A,0,NA,NA,NA,NA,Y,NA,A,01,0,3,0,0,0,0,0,0,0,-,-,34.38274002075195,-118.55670928955078,LOS ANGELES,SANTA CLARITA,-118.55654907226564,34.38296127319336
9541708,2022,2023-01-10,1900,2022-10-10,0815,660930,2872,1,5,5,1915,0,0,0,NA,0,282T1,REDONDO BEACH BL,COMPTON BL,0,NA,Y,A,-,N,NA,NA,NA,NA,NA,NA,NA,NA,NA,Y,4,0,1,2,A,-,09,21802,A,N,D,C,A,A,H,-,A,D,0,NA,NA,NA,NA,Y,NA,A,01,0,0,1,0,0,0,0,0,0,-,-,33.89521026611328,-118.25952911376952,LOS ANGELES,COMPTON,-118.25911712646484,33.89535140991211
9541709,2022,2023-01-10,1900,2022-10-23,2050,659092,7844,7,5,5,1915,0,0,0,NA,0,283T2,LONG BEACH BL,BENNETT ST,0,NA,Y,A,-,N,NA,NA,NA,NA,NA,NA,NA,NA,NA,Y,3,0,1,2,-,-,-,NA,NA,N,D,C,A,A,H,-,C,D,0,NA,NA,Y,NA,Y,NA,-,-,0,1,0,0,0,0,0,0,1,-,-,33.883079528808594,-118.20543670654295,LOS ANGELES,COMPTON,-118.2053680419922,33.88302993774414
9541710,2022,2023-01-10,1900,2022-10-29,0300,642808,2836,6,5,5,1915,0,0,0,NA,0,281T1,COMPTON BL,WILMINGTON AV,0,NA,Y,A,-,N,NA,NA,NA,NA,NA,NA,NA,NA,NA,N,4,0,1,2,A,-,-,NA,NA,F,G,B,B,A,H,-,C,A,0,Y,NA,NA,NA,Y,NA,-,99,0,0,1,0,1,0,0,0,0,-,-,NA,NA,LOS ANGELES,COMPTON,-118.23757934570313,33.89588165283203
9541711,2022,2023-01-10,1900,2022-10-26,0626,660930,2843,3,5,5,1915,0,0,0,NA,0,282T1,ALONDRA BL,LONG BEACH BL,0,NA,Y,A,-,N,NA,NA,NA,NA,NA,NA,NA,NA,NA,N,4,0,1,2,A,-,03,22350,NA,F,A,C,A,A,H,-,C,A,0,NA,NA,NA,NA,Y,NA,A,01,0,0,1,0,0,0,0,0,0,-,-,33.888648986816406,-118.20706176757813,LOS ANGELES,COMPTON,-118.2070770263672,33.88867950439453
9541758,2022,2023-01-12,1906,2022-12-16,0849,4432,NA,5,5,5,1906,0,0,0,NA,0,003,PUENTE AV,DALEWOOD ST,0,NA,Y,A,-,N,NA,NA,NA,NA,NA,NA,NA,NA,NA,Y,4,0,1,2,D,-,00,NA,NA,N,D,C,A,A,H,-,A,A,0,NA,NA,NA,NA,Y,NA,-,-,0,0,1,0,0,0,0,0,0,-,-,NA,NA,LOS ANGELES,BALDWIN PARK,-117.96375274658205,34.068580627441406
9541840,2022,2023-01-17,1900,2022-11-02,1508,643298,14304,3,5,4,1937,0,0,0,NA,0,143T1,AMAR RD,PUENTE AV,21,E,N,A,-,N,NA,NA,NA,NA,NA,NA,NA,NA,NA,N,3,0,1,2,A,-,11,21950,B,N,G,B,D,A,H,-,A,A,0,Y,NA,NA,NA,Y,NA,N,60,0,1,0,0,1,0,0,0,0,-,-,34.054439544677734,-117.97785186767578,LOS ANGELES,LA PUENTE,-117.97804260253906,34.05448532104492
9541841,2022,2023-01-12,1900,2022-11-11,1230,646466,1432,5,5,4,1937,0,0,0,NA,0,143T1,GLENDORA AV,LAS VECINAS DR,109,S,N,A,-,N,NA,NA,NA,NA,NA,NA,NA,NA,NA,N,3,0,1,2,A,-,08,22103,NA,N,D,C,A,A,H,-,A,D,0,NA,NA,Y,NA,Y,NA,A,01,0,1,0,0,0,0,0,0,1,-,-,34.02389907836914,-117.95230102539064,LOS ANGELES,LA PUENTE,-117.95224761962892,34.023963928222656
9541842,2022,2023-01-13,1900,2022-11-11,1650,551881,1419,5,5,1,1932,0,0,0,NA,0,141T5,FERRERO PKWY,GRAND AV,0,W,N,A,-,N,NA,NA,NA,NA,NA,NA,NA,NA,NA,N,4,0,1,2,A,-,21,22106,NA,N,C,C,A,A,H,-,C,A,0,NA,NA,NA,NA,Y,NA,A,07,0,0,1,0,0,0,0,0,0,-,-,34.02445983886719,-117.83175659179688,LOS ANGELES,INDUSTRY,-117.83188629150392,34.0246696472168
9541887,2022,2023-01-30,1900,2022-12-01,1100,609942,0617,4,5,6,1985,0,0,0,NA,0,61T1,VIA PRINCESSA,RT 14,0,NA,Y,B,-,Y,LA,7,14,-,R,31.029,R,4,S,Y,4,0,1,2,A,-,09,21800,D,N,D,C,A,A,H,-,A,B,0,NA,NA,NA,NA,Y,NA,A,07,0,0,1,0,0,0,0,0,0,-,SO,34.40275955200195,-118.45536041259766,LOS ANGELES,SANTA CLARITA,-118.45328521728516,34.40361785888672
9541895,2022,2023-01-20,1900,2022-12-16,1406,403161,1414,5,5,1,1932,0,0,0,NA,0,141T2,HACIENDA BL,DON JULIAN RD,24,NA,N,A,-,N,NA,NA,NA,NA,NA,NA,NA,NA,NA,Y,2,0,3,3,A,-,03,22350,NA,F,C,C,A,A,H,-,A,A,0,NA,NA,NA,NA,Y,NA,A,01,1,2,0,0,0,0,0,0,0,-,-,34.01762008666992,-117.95986175537108,LOS ANGELES,INDUSTRY,-117.95992279052734,34.017391204833984
9541896,2022,2023-01-20,1900,2022-12-11,1651,515235,1418,7,5,1,1932,0,0,0,NA,0,141T5P,VALLEY BL,HURLEY ST,0,NA,Y,B,-,N,NA,NA,NA,NA,NA,NA,NA,NA,NA,N,4,0,1,2,A,-,05,21650,1,N,D,G,A,A,H,-,C,A,0,NA,Y,NA,NA,Y,NA,L,04,0,0,1,0,0,0,1,0,0,-,-,34.0086784362793,-117.92178344726564,LOS ANGELES,INDUSTRY,-117.92168426513672,34.008426666259766
9541921,2022,2023-02-04,1920,2022-12-08,1058,14451,1920,4,5,6,1920,0,0,0,NA,0,003,PARAMOUNT BL,FLORENCE AV,403,N,N,A,-,N,NA,NA,NA,NA,NA,NA,NA,NA,NA,N,4,0,1,2,A,-,08,22107,NA,N,D,G,A,A,H,-,A,D,0,NA,Y,NA,NA,Y,NA,L,04,0,0,1,0,0,0,1,0,0,-,-,NA,NA,LOS ANGELES,DOWNEY,-118.12928771972656,33.95442581176758
9541922,2022,2023-02-04,1920,2022-12-09,0827,14451,1920,5,5,6,1920,0,0,0,NA,0,006,BROOKSHIRE AV,FIRESTONE BL,464,S,N,A,-,N,NA,NA,NA,NA,NA,NA,NA,NA,NA,N,2,0,2,2,A,-,09,21801,A,N,D,C,A,A,H,-,A,D,0,NA,NA,Y,NA,Y,NA,A,07,1,0,1,0,0,0,0,0,1,-,-,NA,NA,LOS ANGELES,DOWNEY,-118.1304931640625,33.937156677246094
9541923,2022,2023-02-04,1953,2022-12-18,1244,8500,1953,7,5,6,1953,0,0,0,NA,0,004,ARROY PKWY,FILLMORE ST,0,NA,Y,A,-,N,NA,NA,NA,NA,NA,NA,NA,NA,NA,N,4,0,1,2,A,-,08,22107,NA,N,B,C,A,A,H,-,A,-,0,NA,NA,NA,NA,Y,NA,A,01,0,0,1,0,0,0,0,0,0,-,-,NA,NA,LOS ANGELES,PASADENA,-118.14724731445313,34.132957458496094
9541924,2022,2023-02-04,1920,2022-12-13,1704,14072,1920,2,5,6,1920,0,0,0,NA,0,001,IMPERIAL HWY,DUNROBIN AV,0,NA,Y,A,-,N,NA,NA,NA,NA,NA,NA,NA,NA,NA,Y,3,0,2,2,D,-,00,NA,NA,M,D,C,A,A,H,-,C,A,0,NA,NA,NA,NA,Y,NA,-,-,0,1,1,0,0,0,0,0,0,-,-,NA,NA,LOS ANGELES,DOWNEY,-118.1210708618164,33.9168586730957
9541925,2022,2023-02-04,1953,2022-12-17,0921,5974,1953,6,5,6,1953,0,0,0,NA,0,001,WASHINGTON BL,MARENGO AV,0,NA,Y,A,-,N,NA,NA,NA,NA,NA,NA,NA,NA,NA,Y,3,0,2,2,A,-,08,22107,NA,N,D,C,A,A,H,-,A,A,0,NA,NA,NA,NA,Y,NA,A,01,0,1,1,0,0,0,0,0,0,-,-,NA,NA,LOS ANGELES,PASADENA,-118.14617919921876,34.16887664794922
9541926,2022,2023-02-04,1953,2022-12-16,1846,2012,PASAD,5,5,6,1953,0,0,0,NA,0,004,ORANGE GROVE BL,LOCKEHAVEN ST,140,N,N,A,-,N,NA,NA,NA,NA,NA,NA,NA,NA,NA,Y,4,0,1,2,A,-,04,21703,NA,N,C,C,A,A,H,-,D,D,0,NA,NA,NA,NA,Y,NA,A,01,0,0,1,0,0,0,0,0,0,-,-,NA,NA,LOS ANGELES,PASADENA,-118.1593017578125,34.138893127441406
9541927,2022,2023-02-04,1953,2022-12-14,0653,7231,1953,3,5,6,1953,0,0,0,NA,0,002,EL MOLINO AV,WASHINGTON BL,0,NA,Y,A,-,N,NA,NA,NA,NA,NA,NA,NA,NA,NA,Y,4,0,2,2,A,-,12,21453,A,N,D,C,A,A,H,-,A,A,0,NA,NA,NA,NA,Y,NA,-,-,0,0,2,0,0,0,0,0,0,-,-,NA,NA,LOS ANGELES,PASADENA,-118.13710784912108,34.16896057128906
9541928,2022,2023-02-04,1953,2022-12-18,1418,0347,1953,7,5,6,1953,0,0,0,NA,0,001,MOUNTAIN ST,WORCESTER AV,0,NA,Y,A,-,N,NA,NA,NA,NA,NA,NA,NA,NA,NA,Y,3,0,2,2,A,-,03,22350,NA,N,D,C,A,A,H,-,A,A,0,NA,NA,NA,NA,Y,NA,A,01,0,1,1,0,0,0,0,0,0,-,-,NA,NA,LOS ANGELES,PASADENA,-118.14498138427734,34.1614875793457
9541929,2022,2023-02-04,1953,2022-12-09,1539,7777,1953,5,5,6,1953,0,0,0,NA,0,004,S PASADENA AV,ARLINGTON DR,0,NA,Y,B,-,N,NA,NA,NA,NA,NA,NA,NA,NA,NA,Y,3,0,2,2,A,-,09,21803,NA,N,D,C,A,A,H,-,A,A,0,NA,NA,NA,NA,Y,NA,A,01,0,2,0,0,0,0,0,0,0,-,-,NA,NA,LOS ANGELES,PASADENA,-118.15469360351564,34.12828826904297
9541930,2022,2023-02-04,1953,2022-12-12,1826,5339,PASAD,1,5,6,1953,0,0,0,NA,0,004,LOS ROBLES AV,COLORADO BL,0,NA,Y,A,-,N,NA,NA,NA,NA,NA,NA,NA,NA,NA,Y,4,0,3,3,A,-,09,21800,A,N,D,C,A,A,H,-,A,A,0,NA,NA,NA,NA,Y,NA,A,01,0,0,3,0,0,0,0,0,0,-,-,NA,NA,LOS ANGELES,PASADENA,-118.14144134521484,34.14585494995117
9541931,2022,2023-02-04,1953,2022-12-16,1130,5831,1953,5,5,6,1953,0,0,0,NA,0,003,HOLLISTON AV,UNION ST,0,NA,Y,A,-,N,NA,NA,NA,NA,NA,NA,NA,NA,NA,N,3,0,1,2,A,-,10,21950,A,F,G,B,B,A,H,-,A,D,0,Y,NA,NA,NA,Y,NA,A,01,0,1,0,0,1,0,0,0,0,-,-,NA,NA,LOS ANGELES,PASADENA,-118.12290191650392,34.14809799194336
9541932,2022,2023-02-04,1953,2022-12-16,1153,5478,1953,5,5,6,1953,0,0,0,NA,0,002,WASHINGTON BL,ALLEN AV,0,NA,Y,A,-,N,NA,NA,NA,NA,NA,NA,NA,NA,NA,N,4,0,1,2,A,-,09,21801,A,M,-,C,A,A,H,-,A,A,0,NA,NA,NA,NA,Y,NA,A,01,0,0,1,0,0,0,0,0,0,-,-,NA,NA,LOS ANGELES,PASADENA,-118.11302185058594,34.16913986206055
9541939,2022,2023-02-04,1900,2022-12-13,0642,660930,2844,2,5,5,1915,0,0,0,NA,0,282T1,LONG BEACH BL,TEMPLE AV,97,N,N,A,-,N,NA,NA,NA,NA,NA,NA,NA,NA,NA,Y,4,0,1,2,A,-,08,22102,NA,N,D,C,A,A,H,-,A,A,0,NA,NA,NA,NA,Y,NA,A,01,0,0,1,0,0,0,0,0,0,-,-,33.887149810791016,-118.20657348632813,LOS ANGELES,COMPTON,-118.2065658569336,33.88697814941406
9541940,2022,2023-02-04,1900,2022-12-10,1040,647211,2840,6,5,5,1915,0,0,0,NA,0,282T1,ALAMEDA ST WEST,MYRRH ST,0,NA,Y,A,-,N,NA,NA,NA,NA,NA,NA,NA,NA,NA,Y,3,0,4,2,A,-,09,21801,A,N,A,C,A,A,H,-,A,A,0,NA,NA,NA,NA,Y,NA,A,07,0,1,3,0,0,0,0,0,0,-,-,33.89236831665039,-118.21926879882813,LOS ANGELES,COMPTON,-118.22000122070313,33.892433166503906
9541941,2022,2023-01-26,1953,2022-12-03,1743,4888,1953,6,5,6,1953,0,0,0,NA,0,002,ALTADENA DR,WOODLYN RD,50,W,N,A,-,N,NA,NA,NA,NA,NA,NA,NA,NA,NA,Y,3,0,3,2,A,-,04,21703,NA,N,-,C,A,A,H,-,D,A,0,NA,NA,NA,NA,Y,NA,A,07,0,1,2,0,0,0,0,0,0,-,-,NA,NA,LOS ANGELES,PASADENA,-118.0983428955078,34.166709899902344
9541942,2022,2023-02-13,1953,2022-12-13,0924,8585,1953,2,5,6,1953,0,0,0,NA,0,004,CORDOVA ST,S OAKLAND AV,0,NA,Y,A,-,N,NA,NA,NA,NA,NA,NA,NA,NA,NA,Y,3,0,2,2,A,-,09,21801,NA,N,A,C,A,A,H,-,A,D,0,NA,NA,NA,NA,Y,NA,A,01,0,1,1,0,0,0,0,0,0,-,-,NA,NA,LOS ANGELES,PASADENA,-118.13972473144533,34.14256286621094
9541943,2022,2023-01-26,1900,2022-12-01,1905,625527,2611,4,5,6,1950,0,0,0,NA,0,263T1,AVENUE Q,DIVISION ST,0,NA,Y,A,-,N,NA,NA,NA,NA,NA,NA,NA,NA,NA,Y,4,0,2,3,A,-,12,22450,A,M,D,C,A,A,H,-,C,A,0,NA,NA,NA,NA,Y,NA,A,01,0,0,2,0,0,0,0,0,0,-,-,34.557098388671875,-118.12760162353516,LOS ANGELES,PALMDALE,-118.12971496582033,34.58710861206055
9541945,2022,2023-01-26,1900,2022-12-06,1619,625326,2610,2,5,6,1950,0,0,0,NA,0,263T1,AVENUE R,LASKER AV,79,W,N,A,-,N,NA,NA,NA,NA,NA,NA,NA,NA,NA,Y,3,0,1,2,A,-,07,21658,A,N,C,C,A,A,H,-,A,D,0,NA,NA,NA,NA,Y,NA,A,01,0,1,0,0,0,0,0,0,0,-,-,34.572601318359375,-118.10159301757813,LOS ANGELES,PALMDALE,-118.10147857666016,34.57265090942383
9541946,2022,2023-01-26,1900,2022-12-06,1255,550490,2603,2,5,6,1950,0,0,0,NA,0,263T1,AVENUE S,10TH ST EAST,265,E,N,A,-,N,NA,NA,NA,NA,NA,NA,NA,NA,NA,Y,4,0,2,2,A,-,09,21804,A,N,D,C,A,A,H,-,A,D,0,NA,NA,NA,NA,Y,NA,A,07,0,0,2,0,0,0,0,0,0,-,-,34.557960510253906,-118.11042785644533,LOS ANGELES,PALMDALE,-118.1105499267578,34.55802917480469
9541947,2022,2023-01-26,1900,2022-12-11,1300,604215,2608,7,5,6,1950,0,0,0,NA,0,264T1,25TH ST EAST,AVENUE R,0,NA,Y,C,-,N,NA,NA,NA,NA,NA,NA,NA,NA,NA,Y,2,0,1,2,A,-,03,22350,NA,N,C,C,A,B,F,-,A,A,0,NA,NA,NA,NA,Y,NA,A,01,1,0,0,0,0,0,0,0,0,-,-,34.572608947753906,-118.0848388671875,LOS ANGELES,PALMDALE,-118.08496856689452,34.57272720336914