CASE_ID,ACCIDENT_YEAR,PROC_DATE,JURIS,COLLISION_DATE,COLLISION_TIME,OFFICER_ID,REPORTING_DISTRICT,DAY_OF_WEEK,CHP_SHIFT,POPULATION,CNTY_CITY_LOC,SPECIAL_COND,BEAT_TYPE,CHP_BEAT_TYPE,CITY_DIVISION_LAPD,CHP_BEAT_CLASS,BEAT_NUMBER,PRIMARY_RD,SECONDARY_RD,DISTANCE,DIRECTION,INTERSECTION,WEATHER_1,WEATHER_2,STATE_HWY_IND,CALTRANS_COUNTY,CALTRANS_DISTRICT,STATE_ROUTE,ROUTE_SUFFIX,POSTMILE_PREFIX,POSTMILE,LOCATION_TYPE,RAMP_INTERSECTION,SIDE_OF_HWY,TOW_AWAY,COLLISION_SEVERITY,NUMBER_KILLED,NUMBER_INJURED,PARTY_COUNT,PRIMARY_COLL_FACTOR,PCF_CODE_OF_VIOL,PCF_VIOL_CATEGORY,PCF_VIOLATION,PCF_VIOL_SUBSECTION,HIT_AND_RUN,TYPE_OF_COLLISION,MVIW,PED_ACTION,ROAD_SURFACE,ROAD_COND_1,ROAD_COND_2,LIGHTING,CONTROL_DEVICE,CHP_ROAD_TYPE,PEDESTRIAN_ACCIDENT,BICYCLE_ACCIDENT,MOTORCYCLE_ACCIDENT,TRUCK_ACCIDENT,NOT_PRIVATE_PROPERTY,ALCOHOL_INVOLVED,STWD_VEHTYPE_AT_FAULT,CHP_VEHTYPE_AT_FAULT,COUNT_SEVERE_INJ,COUNT_VISIBLE_INJ,COUNT_COMPLAINT_PAIN,COUNT_PED_KILLED,COUNT_PED_INJURED,COUNT_BICYCLIST_KILLED,COUNT_BICYCLIST_INJURED,COUNT_MC_KILLED,COUNT_MC_INJURED,PRIMARY_RAMP,SECONDARY_RAMP,LATITUDE,LONGITUDE,COUNTY,CITY,POINT_X,POINT_Y
9544083,2022,2023-02-03,1900,2022-12-31,2215,614031,0522,6,5,4,1971,0,0,0,NA,0,52T1/2,RT 19,LAS TUNAS DR,0,NA,Y,C,-,N,NA,NA,NA,NA,NA,NA,NA,NA,NA,Y,2,0,2,3,A,-,01,23152,A,N,A,C,A,B,H,-,C,A,0,NA,NA,NA,NA,Y,Y,A,07,1,0,1,0,0,0,0,0,0,-,-,34.103580474853516,-118.07383728027344,LOS ANGELES,TEMPLE CITY,-118.07347869873048,34.103546142578125
9544086,2022,2023-01-31,1972,2022-12-21,2029,21239,NA,3,5,6,1972,0,0,0,NA,0,NA,PACIFIC COAST HWY,CRENSHAW BL,300,E,N,A,-,Y,LA,7,1,-,-,14.46,H,-,S,Y,4,0,1,2,A,-,09,21801,A,N,D,C,A,A,H,-,C,A,0,NA,NA,NA,NA,Y,NA,A,NA,0,0,1,0,0,0,0,0,0,-,-,NA,NA,LOS ANGELES,TORRANCE,-118.33092498779295,33.79035949707031
9544087,2022,2023-02-03,1900,2022-12-16,1437,647475,0617,5,5,6,1985,0,0,0,NA,0,61T1,SIERRA HWY,RT 14,0,NA,Y,A,G,Y,LA,7,14,-,R,30.49,R,4,N,N,4,0,1,2,A,-,10,21950,A,N,G,B,B,A,H,-,A,A,0,Y,NA,NA,NA,Y,NA,A,01,0,0,1,0,1,0,0,0,0,-,NF,34.407039642333984,-118.46238708496094,LOS ANGELES,SANTA CLARITA,-118.46089935302734,34.399105072021484
9544095,2022,2023-02-03,1920,2022-12-24,1704,14050,1920,6,5,6,1920,0,0,0,NA,0,003,FIRESTONE BL,RIVES AV,0,NA,Y,A,-,N,NA,NA,NA,NA,NA,NA,NA,NA,NA,Y,4,0,1,2,A,-,12,21453,A,N,D,C,A,A,H,-,C,A,0,NA,NA,NA,NA,Y,NA,A,01,0,0,1,0,0,0,0,0,0,-,-,NA,NA,LOS ANGELES,DOWNEY,-118.1421127319336,33.94487762451172
9544099,2022,2023-01-26,1920,2022-12-22,2054,14050,1920,4,5,6,1920,0,0,0,NA,0,002,IMPERIAL HWY,OLD RIVER SCHOOL RD,731,E,N,A,-,N,NA,NA,NA,NA,NA,NA,NA,NA,NA,Y,4,0,1,1,A,-,08,22107,NA,N,E,I,A,A,H,-,C,D,0,NA,NA,NA,NA,Y,NA,A,01,0,0,1,0,0,0,0,0,0,-,-,NA,NA,LOS ANGELES,DOWNEY,-118.1596908569336,33.927589416503906
9544102,2022,2023-02-07,1972,2022-12-22,0924,18263,NA,4,5,6,1972,0,0,0,NA,0,NA,PACIFIC COAST HWY,AIRPORT,0,NA,Y,A,-,Y,LA,7,1,-,-,14.342,I,5,S,Y,4,0,2,2,A,-,03,22350,NA,N,A,C,A,A,H,-,A,A,0,NA,NA,NA,NA,Y,NA,A,NA,0,0,2,0,0,0,0,0,0,-,-,NA,NA,LOS ANGELES,TORRANCE,-118.3290786743164,33.78956985473633
9544105,2022,2023-01-30,1942,2022-10-28,1210,42656,0666,5,5,7,1942,0,0,0,F,0,27TL25,SANTA MONICA BL,GOWER ST,0,NA,Y,A,-,Y,LA,7,2,-,-,11.831,I,5,W,N,4,0,1,2,A,-,09,21801,A,F,D,G,A,A,H,-,A,A,0,NA,Y,NA,NA,Y,NA,-,99,0,0,1,0,0,0,1,0,0,-,-,NA,NA,LOS ANGELES,LOS ANGELES,-118.32240295410156,34.09075164794922
9544107,2022,2023-01-26,1938,2022-12-02,0626,733,AREA2,5,5,4,1938,0,0,0,NA,0,002,ARROW HWY,CARRION RD,0,NA,Y,B,C,N,NA,NA,NA,NA,NA,NA,NA,NA,NA,Y,3,0,1,2,A,-,09,21802,A,N,D,C,A,B,H,-,A,A,0,NA,NA,NA,NA,Y,NA,A,01,0,1,0,0,0,0,0,0,0,-,-,NA,NA,LOS ANGELES,LA VERNE,-117.78629302978516,34.100746154785156
9544115,2023,2023-02-03,1900,2023-01-03,1045,525862,1012,2,5,3,1995,0,0,0,NA,0,101T1/,RT 1,TRANCAS CANYON RD,10,E,N,A,-,Y,LA,7,1,-,-,56.84,H,-,N,N,3,0,1,2,A,-,03,22350,NA,N,C,C,A,A,H,-,A,A,0,NA,NA,NA,NA,Y,NA,A,07,0,1,0,0,0,0,0,0,0,-,-,34.03105163574219,-118.84345245361328,LOS ANGELES,MALIBU,-118.84345245361328,34.031063079833984
9544119,2023,2023-02-03,1900,2023-01-07,1342,647444,051,6,5,5,1959,0,0,0,NA,0,57A/PM,ROSEMEAD BL,HERMOSA DR,228,N,N,A,-,N,NA,NA,NA,NA,NA,NA,NA,NA,NA,Y,3,0,2,2,A,-,08,22107,NA,N,D,C,A,A,H,-,A,A,0,NA,NA,NA,NA,Y,NA,A,01,0,2,0,0,0,0,0,0,0,-,-,34.10715866088867,-118.07351684570313,LOS ANGELES,ROSEMEAD,-118.07352447509766,34.10692596435547
9544120,2023,2023-02-01,1900,2023-01-07,1730,603497,1017,6,5,3,1995,0,0,0,NA,0,101T1,RT 1,BIG ROCK DR,3422,W,N,A,-,Y,LA,7,1,-,-,41.84,H,-,N,N,4,0,2,4,A,-,03,22350,NA,N,B,E,A,D,H,-,C,D,0,NA,NA,NA,NA,Y,NA,A,01,0,0,2,0,0,0,0,0,0,-,-,34.03786087036133,-118.61920928955078,LOS ANGELES,MALIBU,-118.59725952148438,34.03959655761719
9544123,2023,2023-02-03,1900,2023-01-11,1905,626545,0522,3,5,4,1971,0,0,0,NA,0,53A/PM,LAS TUNAS DR,ROSEMEAD BL,0,NA,Y,A,-,N,NA,NA,NA,NA,NA,NA,NA,NA,NA,Y,3,0,2,3,A,-,12,21453,A,F,A,C,A,A,H,-,C,A,0,NA,NA,NA,NA,Y,Y,A,07,0,2,0,0,0,0,0,0,0,-,-,34.10350036621094,-118.07350158691406,LOS ANGELES,TEMPLE CITY,-118.07347869873048,34.103546142578125
9544127,2023,2023-01-26,1920,2023-01-01,1800,14288,1920,7,5,6,1920,0,0,0,NA,0,001,IMPERIAL HWY,COLUMBIA WY,0,NA,Y,A,-,N,NA,NA,NA,NA,NA,NA,NA,NA,NA,N,4,0,1,2,A,-,09,21801,A,N,C,A,A,A,H,-,C,A,0,NA,NA,NA,NA,Y,NA,A,07,0,0,1,0,0,0,0,0,0,-,-,NA,NA,LOS ANGELES,DOWNEY,-118.13414764404295,33.91695785522461
9544131,2023,2023-02-03,1920,2023-01-07,1726,14050,1920,6,5,6,1920,0,0,0,NA,0,006,FIRESTONE BL,DOLAN AV,152,W,N,A,-,N,NA,NA,NA,NA,NA,NA,NA,NA,NA,Y,4,0,1,3,A,-,08,22107,NA,N,C,C,A,A,H,-,C,A,0,NA,NA,NA,NA,Y,NA,A,01,0,0,1,0,0,0,0,0,0,-,-,NA,NA,LOS ANGELES,DOWNEY,-118.13182830810548,33.939353942871094
9544145,2022,2023-05-15,1942,2022-12-31,0900,40876,1547,6,5,7,1942,0,0,0,O,0,26TL26,TUJUNGA AV,RIVERSIDE DR,0,NA,Y,C,-,N,NA,NA,NA,NA,NA,NA,NA,NA,NA,Y,3,0,1,2,A,-,09,21801,A,F,D,C,A,B,H,-,A,A,0,NA,NA,NA,NA,Y,NA,-,99,0,1,0,0,0,0,0,0,0,-,-,NA,NA,LOS ANGELES,LOS ANGELES,-118.3790283203125,34.15764617919922
9544154,2022,2023-01-26,1900,2022-12-24,1315,655205,2248,6,5,3,1989,0,0,0,NA,0,222T1/,MUHOLLAND HWY,OLD TOPANGA CANYON RD,100,W,N,A,-,N,NA,NA,NA,NA,NA,NA,NA,NA,NA,N,3,0,1,2,A,-,05,21460,A,N,C,C,A,A,H,-,A,D,0,NA,NA,Y,NA,Y,NA,C,02,0,1,0,0,0,0,0,0,1,-,-,34.135948181152344,-118.63497924804688,LOS ANGELES,CALABASAS,-118.63351440429688,34.134788513183594
9544158,2022,2023-02-03,1900,2022-12-26,1030,517840,1011,1,5,3,1995,0,0,0,NA,0,101T4,RT 1,BROAD BEACH RD,0,NA,Y,A,-,Y,LA,7,1,-,-,56.851,I,5,S,Y,3,0,3,2,A,-,09,21802,A,N,D,C,A,A,H,-,A,A,0,NA,NA,NA,NA,Y,NA,A,07,0,1,2,0,0,0,0,0,0,-,-,34.038848876953125,-118.86865997314452,LOS ANGELES,MALIBU,-118.84364318847656,34.03105926513672
9544189,2022,2023-02-07,1941,2022-09-23,0823,10125,EAST,5,5,7,1941,0,0,0,NA,0,017,BELLFLOWER BL,PARKCREST ST,0,NA,-,A,-,N,NA,NA,NA,NA,NA,NA,NA,NA,NA,Y,3,0,1,2,A,-,09,21804,A,N,D,C,A,A,H,-,A,D,0,NA,NA,NA,NA,Y,NA,A,07,0,1,0,0,0,0,0,0,0,-,-,33.830299377441406,-118.12518310546876,LOS ANGELES,LONG BEACH,-118.12516021728516,33.83028793334961
9544208,2022,2023-02-03,1900,2022-12-28,1510,625597,2611,3,5,6,1950,0,0,0,NA,0,263T1,PALMDALE BL,6TH ST E,0,NA,Y,A,-,Y,LA,7,138,-,-,44.329,I,5,W,Y,4,0,2,3,A,-,12,21453,A,N,D,C,A,A,H,-,A,A,0,NA,NA,NA,NA,Y,NA,A,01,0,0,2,0,0,0,0,0,0,-,-,34.579498291015625,-118.11820220947266,LOS ANGELES,PALMDALE,-118.11822509765624,34.579566955566406
9544228,2023,2023-02-03,1900,2023-01-07,1728,545108,2611,6,5,6,1950,0,0,0,NA,0,262T1,DIVISION ST,RT 138,0,NA,Y,A,-,Y,LA,7,138,-,-,43.681,I,5,E,Y,3,0,1,2,A,-,09,21801,A,N,A,C,A,A,H,-,C,A,0,NA,NA,NA,NA,Y,NA,A,01,0,1,0,0,0,0,0,0,0,-,-,34.579769134521484,-118.12960052490234,LOS ANGELES,PALMDALE,-118.12957000732422,34.57974624633789
9544229,2022,2023-02-07,1976,2022-12-15,1818,501,NA,4,5,5,1976,0,0,0,NA,0,NA,WHITTIER BL,WALNUT GROVE DR,81,W,N,A,-,Y,LA,7,72,-,-,5.17,H,-,N,Y,4,0,2,2,A,-,05,21651,B,N,A,C,A,A,H,-,C,D,0,NA,NA,NA,NA,Y,NA,A,07,0,0,2,0,0,0,0,0,0,-,-,NA,NA,LOS ANGELES,WHITTIER,-118.04956817626952,33.97936248779297
9544233,2022,2023-02-07,1976,2022-12-16,1454,532,NA,5,5,5,1976,0,0,0,NA,0,004,WHITTIER BL,COLE RD,268,E,N,A,-,Y,LA,7,72,-,-,1.72,H,-,S,Y,3,0,3,2,A,-,09,21801,A,N,D,C,A,A,H,-,A,D,0,NA,NA,NA,NA,Y,NA,A,07,0,1,2,0,0,0,0,0,0,-,-,NA,NA,LOS ANGELES,WHITTIER,-118.00438690185548,33.94806671142578
9544237,2022,2023-02-07,1900,2022-12-26,1156,517022,0451,1,5,6,1949,0,0,0,NA,0,43T1AM,IMPERIAL HWY,HOXIE AV,0,NA,Y,A,-,N,NA,NA,NA,NA,NA,NA,NA,NA,NA,Y,4,0,1,2,A,-,12,21453,A,N,D,C,A,A,H,-,A,A,0,NA,NA,NA,NA,Y,NA,A,07,0,0,1,0,0,0,0,0,0,-,-,NA,NA,LOS ANGELES,NORWALK,-118.1034698486328,33.91716766357422
9544248,2022,2023-02-01,1942,2022-09-21,0145,44079,1842,3,5,7,1942,0,0,0,R,0,18A41,IMPERIAL HWY,MAIN ST,20,W,N,A,-,N,NA,NA,NA,NA,NA,NA,NA,NA,NA,Y,4,0,1,2,A,-,08,22107,NA,F,A,C,A,A,H,-,C,A,0,NA,NA,NA,NA,Y,Y,-,99,0,0,1,0,0,0,0,0,0,-,-,NA,NA,LOS ANGELES,LOS ANGELES,-118.4160385131836,33.93128967285156
9544254,2022,2023-07-24,1942,2022-09-16,2040,42665,1486,5,5,7,1942,0,0,0,N,0,27T33,WESTCHESTER PKWY,LA TIJERA BL,250,W,N,A,-,N,NA,NA,NA,NA,NA,NA,NA,NA,NA,N,2,0,1,2,A,-,00,21955,A,N,G,B,D,A,H,-,C,A,0,Y,NA,NA,NA,Y,NA,N,60,1,0,0,0,1,0,0,0,0,-,-,NA,NA,LOS ANGELES,LOS ANGELES,-118.40196228027344,33.954959869384766
9544263,2023,2023-02-01,1942,2023-01-13,1900,43468,1959,5,5,7,1942,0,0,0,NA,0,19X2,VAN NUYS BL,ARLETA AV,20,E,N,A,-,N,NA,NA,NA,NA,NA,NA,NA,NA,NA,Y,2,0,1,2,A,-,09,21801,A,N,D,C,A,A,H,-,C,A,0,NA,NA,Y,NA,Y,NA,A,07,1,0,0,0,0,0,0,0,1,-,-,NA,NA,LOS ANGELES,LOS ANGELES,-118.43863677978516,34.25403594970703
9544266,2022,2023-02-08,1942,2022-10-11,1425,40700,0507,2,5,7,1942,0,0,0,E,0,25MQ53,SEPULVEDA BL,WESTERN AV,0,NA,Y,A,-,Y,LA,7,213,-,-,6.996,I,5,N,Y,3,0,2,2,D,-,00,NA,NA,N,D,C,A,A,H,-,A,A,0,NA,NA,NA,NA,Y,NA,-,-,0,2,0,0,0,0,0,0,0,-,-,NA,NA,LOS ANGELES,LOS ANGELES,-118.3088150024414,33.817054748535156
9544270,2022,2023-02-08,1956,2022-10-17,1911,1395,17,1,5,5,1956,0,0,0,NA,0,001,S PACIFIC COAST HWY,TORRANCE BL,354,N,N,A,-,Y,LA,7,1,-,-,19.59,H,-,N,NA,4,0,1,2,A,-,09,21804,A,N,D,C,A,A,H,-,C,A,0,NA,NA,Y,NA,Y,NA,A,07,0,0,1,0,0,0,0,0,0,-,-,33.83831024169922,-118.38543701171876,LOS ANGELES,REDONDO BEACH,-118.3855209350586,33.839298248291016
9544279,2023,2023-02-06,1900,2023-01-07,1925,608275,1320,6,5,5,1935,0,0,0,NA,0,132Q1,LAKEWOOD BL,MICHELSON ST,0,NA,Y,B,-,N,NA,NA,NA,NA,NA,NA,NA,NA,NA,Y,4,0,1,2,A,-,09,21801,A,N,D,C,A,B,H,-,C,D,0,NA,NA,NA,NA,Y,NA,A,01,0,0,1,0,0,0,0,0,0,-,-,33.857330322265625,-118.14251708984376,LOS ANGELES,LAKEWOOD,-118.14240264892578,33.85731506347656
9544294,2022,2023-02-08,1913,2022-12-26,1325,3740,01,1,5,4,1913,0,0,0,NA,0,001,INDIAN HILL BL,AUTO CENTER DR,61,N,N,A,-,N,NA,NA,NA,NA,NA,NA,NA,NA,NA,N,4,0,1,3,A,-,03,22350,NA,N,C,C,A,A,H,-,A,A,0,NA,NA,NA,NA,Y,Y,A,01,0,0,1,0,0,0,0,0,0,-,-,NA,NA,LOS ANGELES,CLAREMONT,-117.7193603515625,34.08083724975586
9544295,2023,2023-02-06,1900,2023-01-07,654,658198,0333,6,5,4,1939,0,0,0,NA,0,35T1,169TH ST,HAWTHORNE BL,0,NA,Y,B,-,N,NA,NA,NA,NA,NA,NA,NA,NA,NA,Y,2,0,1,1,A,-,07,21658,NA,N,E,I,A,A,H,-,A,A,0,NA,NA,NA,NA,Y,NA,A,01,1,0,0,0,0,0,0,0,0,-,-,33.87746810913086,-118.35281372070313,LOS ANGELES,LAWNDALE,-118.35270690917967,33.877567291259766
9544299,2023,2023-02-06,1972,2023-01-07,829,18263,NA,6,5,6,1972,0,0,0,NA,0,NA,PACIFIC COAST HWY,MADISON,0,NA,Y,A,-,Y,LA,7,1,-,-,15.787,I,5,S,Y,4,0,1,2,A,-,12,21453,A,N,D,C,A,A,H,-,A,A,0,NA,NA,NA,NA,Y,NA,A,NA,0,0,1,0,0,0,0,0,0,-,-,NA,NA,LOS ANGELES,TORRANCE,-118.3477783203125,33.803470611572266
9544302,2022,2023-02-08,1942,2022-12-10,1755,37618,0531,6,5,7,1942,0,0,0,E,0,25MX87,PACIFIC COAST HWY,PRESIDENT AV,0,NA,Y,B,-,Y,LA,7,1,-,-,12.912,I,5,S,N,3,0,1,2,A,-,10,21950,A,F,G,B,B,A,H,-,C,A,0,Y,NA,NA,NA,Y,NA,-,99,0,1,0,0,1,0,0,0,0,-,-,NA,NA,LOS ANGELES,LOS ANGELES,-118.30429077148438,33.7894172668457
9544321,2022,2023-02-03,1900,2022-12-19,1420,604215,2612,1,5,6,1950,0,0,0,NA,0,264T1,10TH ST W,RANCHO VISTA BL,0,NA,Y,A,-,N,NA,NA,NA,NA,NA,NA,NA,NA,NA,Y,3,0,1,4,A,-,07,21658,A,N,C,C,A,A,H,-,A,A,0,NA,NA,NA,NA,Y,NA,A,01,0,1,0,0,0,0,0,0,0,-,-,34.6008186340332,-118.1475830078125,LOS ANGELES,PALMDALE,-118.14781188964844,34.601741790771484
9544323,2022,2023-02-03,1900,2022-12-26,1720,634995,2603,1,5,6,1950,0,0,0,NA,0,264T1,EAST AV S,POND AV,378,W,N,A,-,N,NA,NA,NA,NA,NA,NA,NA,NA,NA,Y,2,0,1,1,A,-,03,22350,NA,N,E,I,A,A,H,-,C,D,0,NA,NA,NA,NA,Y,NA,A,01,1,0,0,0,0,0,0,0,0,-,-,34.55799865722656,-118.07185363769533,LOS ANGELES,PALMDALE,-118.07179260253906,34.558109283447266
9544324,2022,2023-02-13,1900,2022-12-09,2115,655555,2611,5,5,6,1950,0,0,0,NA,0,264T1,PALMDALE BL,TRADE CENTER DR,470,E,N,A,-,N,NA,NA,NA,NA,NA,NA,NA,NA,NA,Y,4,0,2,2,A,-,05,21651,B,N,A,C,A,A,H,-,C,D,0,NA,NA,NA,NA,Y,NA,A,07,0,0,2,0,0,0,0,0,0,-,-,34.585121154785156,-118.1420669555664,LOS ANGELES,PALMDALE,-118.14215087890624,34.58517837524414
9544331,2022,2023-02-03,1926,2022-12-14,0948,0043,NA,3,5,5,1926,0,0,0,NA,0,004,LONE HILL AV,PETUNIA AV,530,S,N,A,-,N,NA,NA,NA,NA,NA,NA,NA,NA,NA,N,4,0,2,2,A,-,03,22350,NA,N,C,C,A,A,H,-,A,B,0,NA,NA,NA,NA,Y,NA,A,07,0,0,2,0,0,0,0,0,0,-,-,34.12297821044922,-117.82881927490234,LOS ANGELES,GLENDORA,-117.82904052734376,34.121559143066406
9544337,2023,2023-02-16,1941,2023-01-03,827,10947,NORTH,2,5,7,1941,0,0,0,NA,0,020,45TH ST,ATLANTIC AV,0,NA,Y,C,-,N,NA,NA,NA,NA,NA,NA,NA,NA,NA,Y,3,0,1,2,A,-,12,21453,A,N,D,C,A,D,H,-,A,A,0,NA,NA,NA,NA,Y,NA,A,01,0,1,0,0,0,0,0,0,0,-,-,33.83987045288086,-118.18498992919922,LOS ANGELES,LONG BEACH,-118.18524169921876,33.839874267578125
9544338,2023,2023-02-28,1941,2023-01-01,1707,11533,EAST,7,5,7,1941,0,0,0,NA,0,011,EAST 15TH ST,CHERRY AV,0,NA,Y,A,-,Y,NA,NA,NA,NA,NA,NA,NA,NA,NA,NA,3,0,1,3,A,-,08,22107,NA,N,B,D,A,A,H,-,C,A,0,NA,NA,Y,NA,Y,NA,D,22,0,1,0,0,0,0,0,0,1,-,-,33.78622817993164,-118.16764831542967,LOS ANGELES,LONG BEACH,-118.16767120361328,33.78623580932617
9544340,2023,2023-02-23,1941,2023-01-02,1758,10993,4,1,5,7,1941,0,0,0,NA,0,003,LONG BEACH BL,E 31ST ST,0,NA,Y,C,-,N,NA,NA,NA,NA,NA,NA,NA,NA,NA,NA,2,0,1,2,A,-,07,21658,A,N,C,D,A,B,H,-,C,A,0,NA,NA,NA,NA,Y,NA,A,01,1,0,0,0,0,0,0,0,0,-,-,33.81343078613281,-118.18936157226564,LOS ANGELES,LONG BEACH,-118.18939971923828,33.81341552734375
9544341,2023,2023-02-24,1900,2023-01-07,2056,640413,1614,6,5,5,1977,0,0,0,NA,0,164T1,AVALON BL,UNIVERSITY DR,0,NA,Y,A,-,N,NA,NA,NA,NA,NA,NA,NA,NA,NA,Y,4,0,3,2,A,-,09,21453,C,N,D,C,A,A,H,-,C,A,0,NA,NA,NA,NA,Y,NA,A,01,0,0,3,0,0,0,0,0,0,-,-,33.858238220214844,-118.26602935791016,LOS ANGELES,CARSON,-118.26601409912108,33.85819625854492
9544346,2023,2023-02-16,1926,2023-01-17,1507,0043,NA,2,5,5,1926,0,0,0,NA,0,NA,GRAND AV,COLORADO AV,0,NA,Y,A,-,N,NA,NA,NA,NA,NA,NA,NA,NA,NA,N,2,0,1,2,A,-,05,21202,A,N,B,G,A,A,H,-,A,D,0,NA,Y,NA,NA,Y,NA,L,04,1,0,0,0,0,0,1,0,0,-,-,34.12668991088867,-117.87255859375,LOS ANGELES,GLENDORA,-117.87271881103516,34.126705169677734
9544349,2023,2023-02-17,1900,2023-01-09,643,634995,2608,1,5,6,1950,0,0,0,NA,0,264T1,40TH ST,AVENUE R,0,NA,Y,A,-,N,NA,NA,NA,NA,NA,NA,NA,NA,NA,Y,3,0,2,2,D,-,00,NA,NA,N,D,C,A,A,H,-,B,A,0,NA,NA,NA,NA,Y,NA,-,-,0,2,0,0,0,0,0,0,0,-,-,34.5731201171875,-118.05814361572266,LOS ANGELES,PALMDALE,-118.05821990966795,34.573211669921875
9544351,2023,2023-02-16,1900,2023-01-07,311,648143,2603,6,5,6,1950,0,0,0,NA,0,263T1,SIERRA HWY,AVENUE S,3168,S,N,B,-,N,NA,NA,NA,NA,NA,NA,NA,NA,NA,Y,2,0,2,1,A,-,08,22107,NA,N,F,I,A,A,H,-,D,D,0,NA,NA,NA,NA,Y,NA,A,01,1,1,0,0,0,0,0,0,0,-,-,34.54964065551758,-118.11231231689452,LOS ANGELES,PALMDALE,-118.11243438720705,34.54966735839844
9544352,2023,2023-02-16,1900,2023-01-07,1625,545108,2608,6,5,6,1950,0,0,0,NA,0,262T1,25TH ST,AVENUE S,111,N,N,A,-,N,NA,NA,NA,NA,NA,NA,NA,NA,NA,Y,3,0,1,2,D,-,00,NA,NA,M,B,C,A,A,H,-,A,A,0,NA,NA,NA,NA,Y,NA,-,-,0,1,0,0,0,0,0,0,0,-,-,34.888519287109375,-118.08490753173828,LOS ANGELES,PALMDALE,-118.08489227294922,34.55838394165039
9544353,2023,2023-02-17,1900,2023-01-02,1615,514671,2619,1,5,6,1950,0,0,0,NA,0,262T1,RANCHO VISTA BL,COUNTRY CLUB DR,105,E,N,A,-,N,NA,NA,NA,NA,NA,NA,NA,NA,NA,N,4,0,2,2,A,-,03,22350,NA,N,C,C,A,A,H,-,A,A,0,NA,NA,NA,NA,Y,NA,A,01,0,0,2,0,0,0,0,0,0,-,-,34.60179901123047,-118.13883972167967,LOS ANGELES,PALMDALE,-118.13899230957033,34.601829528808594
9544354,2023,2023-02-17,1900,2023-01-05,1030,550490,2611,4,5,6,1950,0,0,0,NA,0,263T1,AVENUE R,6TH ST,0,NA,Y,C,-,N,NA,NA,NA,NA,NA,NA,NA,NA,NA,Y,4,0,2,2,A,-,09,21802,A,N,D,C,A,B,H,-,A,A,0,NA,NA,NA,NA,Y,NA,A,01,0,0,2,0,0,0,0,0,0,-,-,34.572601318359375,-118.11715698242188,LOS ANGELES,PALMDALE,-118.1181411743164,34.572574615478516
9544355,2023,2023-02-16,1956,2023-01-04,1812,1385,24,3,5,5,1956,0,0,0,NA,0,002,ANITA ST,PACIFIC COAST HWY,250,E,N,B,C,N,NA,NA,NA,NA,NA,NA,NA,NA,NA,N,4,0,1,2,A,-,03,22350,NA,N,C,C,A,B,H,-,C,D,0,NA,NA,NA,NA,Y,NA,A,07,0,0,1,0,0,0,0,0,0,-,-,33.8543586730957,-118.39019012451172,LOS ANGELES,REDONDO BEACH,-118.389404296875,33.85466384887695
9544369,2023,2023-03-13,1956,2023-01-07,1354,1361,3,6,5,5,1956,0,0,0,NA,0,001,PALOS VERDES BL,PACIFIC COAST HWY,200,N,N,A,-,Y,LA,7,1,-,R,18.09,I,6,N,N,3,0,1,2,A,-,08,22107,NA,N,A,G,A,A,H,-,A,D,0,NA,Y,NA,NA,Y,NA,A,01,0,1,0,0,0,0,1,0,0,-,-,33.81858825683594,-118.3835678100586,LOS ANGELES,REDONDO BEACH,-118.3834991455078,33.81865692138672
9544372,2023,2023-03-03,1956,2023-01-12,2221,1369,59,4,5,5,1956,0,0,0,NA,0,004,AVIATION BL,WARFIELD AV,90,S,N,A,-,N,NA,NA,NA,NA,NA,NA,NA,NA,NA,N,4,0,1,1,A,-,08,22107,NA,N,E,I,A,A,H,-,C,D,0,NA,NA,NA,NA,Y,NA,A,01,0,0,1,0,0,0,0,0,0,-,-,33.88655090332031,-118.3786392211914,LOS ANGELES,REDONDO BEACH,-118.37860870361328,33.88626480102539
9544373,2023,2023-03-03,1956,2023-01-15,1159,1377,38,7,5,5,1956,0,0,0,NA,0,003,AVIATION BL,ARTESIA BL,177,S,N,A,B,N,NA,NA,NA,NA,NA,NA,NA,NA,NA,N,3,0,1,1,A,-,03,22350,NA,N,E,J,A,A,A,-,A,A,0,NA,NA,Y,NA,Y,NA,C,02,0,1,0,0,0,0,0,0,1,-,-,33.87281036376953,-118.38150787353516,LOS ANGELES,REDONDO BEACH,-118.38182830810548,33.87232971191406
9544374,2023,2023-03-03,1956,2023-01-01,544,1360,48,7,5,5,1956,0,0,0,NA,0,003,INGLEWOOD AV,182ND ST,443,N,N,A,-,N,NA,NA,NA,NA,NA,NA,NA,NA,NA,Y,3,0,1,1,A,-,01,23152,A,N,B,I,A,A,H,-,C,D,0,NA,NA,NA,NA,Y,Y,A,07,0,1,0,0,0,0,0,0,0,-,-,33.86558151245117,-118.36122131347656,LOS ANGELES,REDONDO BEACH,-118.36119079589844,33.86673355102539
9544375,2023,2023-03-03,1942,2023-01-08,350,43603,1035,7,5,7,1942,0,0,0,J,0,10A39,VICTORY BL,WHITE OAK AV,0,NA,Y,A,-,N,NA,NA,NA,NA,NA,NA,NA,NA,NA,Y,4,0,1,2,A,-,12,21453,A,F,D,C,A,A,H,-,C,A,0,NA,NA,NA,NA,Y,NA,A,07,0,0,1,0,0,0,0,0,0,-,-,NA,NA,LOS ANGELES,LOS ANGELES,-118.51848602294922,34.18661880493164