CASE_ID,ACCIDENT_YEAR,PROC_DATE,JURIS,COLLISION_DATE,COLLISION_TIME,OFFICER_ID,REPORTING_DISTRICT,DAY_OF_WEEK,CHP_SHIFT,POPULATION,CNTY_CITY_LOC,SPECIAL_COND,BEAT_TYPE,CHP_BEAT_TYPE,CITY_DIVISION_LAPD,CHP_BEAT_CLASS,BEAT_NUMBER,PRIMARY_RD,SECONDARY_RD,DISTANCE,DIRECTION,INTERSECTION,WEATHER_1,WEATHER_2,STATE_HWY_IND,CALTRANS_COUNTY,CALTRANS_DISTRICT,STATE_ROUTE,ROUTE_SUFFIX,POSTMILE_PREFIX,POSTMILE,LOCATION_TYPE,RAMP_INTERSECTION,SIDE_OF_HWY,TOW_AWAY,COLLISION_SEVERITY,NUMBER_KILLED,NUMBER_INJURED,PARTY_COUNT,PRIMARY_COLL_FACTOR,PCF_CODE_OF_VIOL,PCF_VIOL_CATEGORY,PCF_VIOLATION,PCF_VIOL_SUBSECTION,HIT_AND_RUN,TYPE_OF_COLLISION,MVIW,PED_ACTION,ROAD_SURFACE,ROAD_COND_1,ROAD_COND_2,LIGHTING,CONTROL_DEVICE,CHP_ROAD_TYPE,PEDESTRIAN_ACCIDENT,BICYCLE_ACCIDENT,MOTORCYCLE_ACCIDENT,TRUCK_ACCIDENT,NOT_PRIVATE_PROPERTY,ALCOHOL_INVOLVED,STWD_VEHTYPE_AT_FAULT,CHP_VEHTYPE_AT_FAULT,COUNT_SEVERE_INJ,COUNT_VISIBLE_INJ,COUNT_COMPLAINT_PAIN,COUNT_PED_KILLED,COUNT_PED_INJURED,COUNT_BICYCLIST_KILLED,COUNT_BICYCLIST_INJURED,COUNT_MC_KILLED,COUNT_MC_INJURED,PRIMARY_RAMP,SECONDARY_RAMP,LATITUDE,LONGITUDE,COUNTY,CITY,POINT_X,POINT_Y
9545074,2023,2023-02-22,1953,2023-01-20,1244,8585,1953,5,5,6,1953,0,0,0,NA,0,004,N EUCLID AV,UNION ST,0,NA,Y,A,-,N,NA,NA,NA,NA,NA,NA,NA,NA,NA,Y,4,0,1,2,A,-,08,22107,NA,N,B,C,A,A,H,-,A,D,0,NA,NA,NA,NA,Y,NA,D,22,0,0,1,0,0,0,0,0,0,-,-,NA,NA,LOS ANGELES,PASADENA,-118.14290618896484,34.146907806396484
9545075,2023,2023-03-02,1900,2023-01-11,2100,617762,1418,3,5,1,1932,0,0,0,NA,0,141T1,GALE AV,AUTO MALL WEST,0,NA,Y,A,-,N,NA,NA,NA,NA,NA,NA,NA,NA,NA,N,4,0,1,2,A,-,12,21453,A,N,D,C,A,A,H,-,C,A,0,NA,NA,NA,NA,Y,NA,D,22,0,0,1,0,0,0,0,0,0,-,-,33.99694061279297,-117.42445373535156,LOS ANGELES,INDUSTRY,-117.9245147705078,33.99686813354492
9545078,2023,2023-03-03,1953,2023-01-18,836,7231,1953,3,5,6,1953,0,0,0,NA,0,002,ALLEN AV,PALOMA ST,0,NA,Y,A,-,N,NA,NA,NA,NA,NA,NA,NA,NA,NA,Y,4,0,2,3,A,-,09,21801,A,N,D,C,A,A,H,-,A,A,0,NA,NA,NA,NA,Y,NA,A,07,0,0,2,0,0,0,0,0,0,-,-,NA,NA,LOS ANGELES,PASADENA,-118.1131591796875,34.159175872802734
9545079,2023,2023-03-02,1900,2023-01-11,1850,551881,1414,3,5,1,1932,0,0,0,NA,0,141T5,MAYOR DAVE WY,HACIENDA ST,0,E,N,B,-,N,NA,NA,NA,NA,NA,NA,NA,NA,NA,Y,4,0,1,2,A,-,05,21202,A,N,D,G,A,A,H,-,C,A,0,NA,Y,NA,NA,Y,NA,L,04,0,0,1,0,0,0,1,0,0,-,-,34.02320861816406,-117.95681762695313,LOS ANGELES,INDUSTRY,NA,NA
9545080,2022,2023-02-23,1942,2022-08-29,1010,41003,1416,1,5,7,1942,0,0,0,N,0,27TL25,STANWOOD DR,CENTINELA AV,0,NA,Y,A,-,N,NA,NA,NA,NA,NA,NA,NA,NA,NA,N,3,0,1,3,A,-,09,21802,A,N,D,B,F,A,H,-,A,A,0,Y,NA,NA,NA,Y,NA,D,22,0,1,0,0,1,0,0,0,0,-,-,NA,NA,LOS ANGELES,LOS ANGELES,-118.442626953125,34.01559066772461
9545082,2023,2023-03-02,1953,2023-01-09,1434,9226,PASAD,1,5,6,1953,0,0,0,NA,0,004,COLORADO BL,FAIR OAKS AV,0,NA,Y,C,-,N,NA,NA,NA,NA,NA,NA,NA,NA,NA,Y,4,0,1,2,A,-,09,21801,A,N,D,C,A,B,H,-,A,A,0,NA,NA,NA,NA,Y,NA,D,23,0,0,1,0,0,0,0,0,0,-,-,NA,NA,LOS ANGELES,PASADENA,-118.15048217773438,34.145782470703125
9545084,2022,2023-02-22,1942,2022-09-20,1620,41376,2042,2,5,7,1942,0,0,0,NA,0,27T246,WILTON PL,9TH ST,230,N,N,A,-,N,NA,NA,NA,NA,NA,NA,NA,NA,NA,Y,3,0,1,1,A,-,01,23152,A,N,E,I,A,A,H,-,A,A,0,NA,NA,NA,NA,Y,Y,D,22,0,1,0,0,0,0,0,0,0,-,-,NA,NA,LOS ANGELES,LOS ANGELES,-118.3142547607422,34.05646896362305
9545088,2022,2023-02-22,1942,2022-09-25,0003,41449,2055,7,5,7,1942,0,0,0,NA,0,27T31W,OLYMPIC BL,FEDORA ST,123,E,N,A,-,N,NA,NA,NA,NA,NA,NA,NA,NA,NA,N,3,0,1,2,A,-,11,21955,NA,N,G,B,D,A,H,-,C,A,0,Y,NA,NA,NA,Y,Y,N,60,0,1,0,0,1,0,0,0,0,-,-,NA,NA,LOS ANGELES,LOS ANGELES,-118.29750823974608,34.05265808105469
9545090,2023,2023-03-02,1942,2023-01-22,1805,41660,1849,7,5,7,1942,0,0,0,R,0,18A49,GRAPE ST,113TH ST,0,S,N,A,-,N,NA,NA,NA,NA,NA,NA,NA,NA,NA,Y,3,0,1,2,A,-,01,23152,A,N,C,E,A,A,H,-,C,D,0,NA,NA,NA,NA,Y,Y,D,22,0,1,0,0,0,0,0,0,0,-,-,NA,NA,LOS ANGELES,LOS ANGELES,-118.2363510131836,33.932464599609375
9545094,2023,2023-03-15,1942,2023-01-24,2250,45048,0567,2,5,7,1942,0,0,0,E,0,5A59,PACIFIC AV,15TH AV,0,NA,Y,A,-,N,NA,NA,NA,NA,NA,NA,NA,NA,NA,Y,3,0,2,2,A,-,01,23152,A,N,C,C,A,A,H,-,C,A,0,NA,NA,NA,NA,Y,Y,D,22,0,2,0,0,0,0,0,0,0,-,-,NA,NA,LOS ANGELES,LOS ANGELES,-118.28794860839844,33.730594635009766
9545097,2022,2023-02-17,1900,2022-12-21,0830,606663,1626,3,5,5,1977,0,0,0,NA,0,168T,WILMINGTON AV,RT 405,122,S,N,A,-,N,NA,NA,NA,NA,NA,NA,NA,NA,NA,N,4,0,1,3,A,-,03,22350,NA,N,C,C,A,A,H,-,A,A,0,NA,NA,NA,Y,Y,NA,F,25,0,0,1,0,0,0,0,0,0,-,-,NA,NA,LOS ANGELES,CARSON,-118.2417221069336,33.825439453125
9545098,2022,2023-03-07,1900,2022-12-29,0735,37393,9999,4,5,5,1977,0,0,0,NA,0,25T25,ALAMEDA ST,SEPULVEDA BL,2791,S,N,A,-,N,NA,NA,NA,NA,NA,NA,NA,NA,NA,Y,2,0,2,3,A,-,07,21658,A,F,B,C,A,A,H,-,A,D,0,NA,NA,NA,NA,Y,NA,-,99,1,1,0,0,0,0,0,0,0,-,-,NA,NA,LOS ANGELES,CARSON,-118.23740386962892,33.80058670043945
9545102,2023,2023-03-02,1942,2023-01-23,1515,39028,1255,1,5,7,1942,0,0,0,L,0,MQ57,78TH ST,HOOVER ST,0,NA,Y,A,-,N,NA,NA,NA,NA,NA,NA,NA,NA,NA,N,4,0,1,2,A,-,01,23152,A,F,D,C,A,A,H,-,A,A,0,NA,NA,NA,NA,Y,Y,A,08,0,0,1,0,0,0,0,0,0,-,-,NA,NA,LOS ANGELES,LOS ANGELES,-118.2871322631836,33.968788146972656
9545107,2023,2023-03-02,1900,2023-01-25,2307,653406,1414,3,5,1,1932,0,0,0,NA,0,143T1,HACIENDA BL,NELSON AV,54,S,N,A,-,N,NA,NA,NA,NA,NA,NA,NA,NA,NA,Y,3,0,1,1,A,-,08,22107,NA,N,E,I,A,A,H,-,C,A,0,NA,NA,NA,NA,Y,NA,D,22,0,1,0,0,0,0,0,0,0,-,-,34.0134391784668,-117.57283020019533,LOS ANGELES,INDUSTRY,-117.9577407836914,34.026187896728516
9545116,2022,2023-02-14,1942,2022-12-19,1140,41003,0734,1,5,7,1942,0,0,0,G,0,27TL44,COCHRAN AV,3RD ST,353,S,N,A,-,N,NA,NA,NA,NA,NA,NA,NA,NA,NA,N,2,0,3,2,A,-,06,21750,NA,N,D,C,A,A,H,-,A,A,0,NA,NA,NA,NA,Y,NA,D,22,1,0,2,0,0,0,0,0,0,-,-,NA,NA,LOS ANGELES,LOS ANGELES,-118.34723663330078,34.06821060180664
9545129,2022,2023-02-07,1900,2022-11-13,0252,602944,1413,7,5,1,1932,0,0,0,NA,0,141T1,7TH AV,PROCTOR AV,0,NA,Y,A,-,N,NA,NA,NA,NA,NA,NA,NA,NA,NA,N,4,0,1,2,A,-,12,21453,A,N,C,C,A,A,H,-,C,A,0,NA,NA,NA,NA,Y,NA,A,01,0,0,1,0,0,0,0,0,0,-,-,34.0319709777832,-117.97772979736328,LOS ANGELES,INDUSTRY,-117.97767639160156,34.0319709777832
9545131,2022,2023-02-07,1942,2022-11-02,1500,41671,0828,3,5,7,1942,0,0,0,H,0,27TL46,MANNING AV,LE CONTE AV,191,N,N,A,-,N,NA,NA,NA,NA,NA,NA,NA,NA,NA,N,2,0,1,1,A,-,03,22350,NA,N,E,I,A,A,G,-,A,D,0,NA,NA,NA,NA,Y,NA,M,94,1,0,0,0,0,0,0,0,0,-,-,NA,NA,LOS ANGELES,LOS ANGELES,-118.43785858154295,34.06508255004883
9545132,2022,2023-02-07,1942,2022-11-04,0645,42656,0841,5,5,7,1942,0,0,0,H,0,27TL25,SALTAIR AV,WILSHIRE BL,85,S,N,A,-,N,NA,NA,NA,NA,NA,NA,NA,NA,NA,N,2,0,1,2,A,-,11,21954,A,N,G,B,D,A,H,-,D,D,0,Y,NA,NA,NA,Y,NA,N,60,1,0,0,0,1,0,0,0,0,-,-,NA,NA,LOS ANGELES,LOS ANGELES,-118.46587371826172,34.045066833496094
9545133,2022,2023-02-07,1907,2022-11-24,0923,249,1,4,5,4,1907,0,0,0,NA,0,NA,GAGE AV,ATLANTIC AV,45,W,N,A,-,N,NA,NA,NA,NA,NA,NA,NA,NA,NA,N,4,0,1,2,A,-,03,22350,NA,M,C,C,A,A,H,-,A,A,0,NA,NA,NA,NA,Y,NA,A,01,0,0,1,0,0,0,0,0,0,-,-,33.97800827026367,-118.18688201904295,LOS ANGELES,BELL,-118.18718719482422,33.97802734375
9545134,2022,2023-02-21,1907,2022-11-10,1134,247,2,4,5,4,1907,0,0,0,NA,0,NA,WILCOX AV,RANDOLPH ST,0,NA,Y,A,-,N,NA,NA,NA,NA,NA,NA,NA,NA,NA,Y,3,0,1,2,D,-,00,NA,NA,N,D,C,A,A,H,-,A,A,0,NA,NA,NA,NA,Y,NA,-,-,0,1,0,0,0,0,0,0,0,-,-,33.98030090332031,-118.17627716064452,LOS ANGELES,BELL,-118.17630004882813,33.98030090332031
9545135,2022,2023-02-07,1907,2022-11-28,1850,257,2,1,5,4,1907,0,0,0,NA,0,NA,FLORENCE AV,MILEPOST 1040497E,13,W,N,A,-,N,NA,NA,NA,NA,NA,NA,NA,NA,NA,N,3,0,1,2,A,-,09,21804,A,N,B,B,F,A,G,-,C,D,0,Y,NA,NA,NA,Y,NA,A,01,0,1,0,0,1,0,0,0,0,-,-,33.96915817260742,-118.18328094482422,LOS ANGELES,BELL,NA,NA
9545136,2022,2023-02-07,1907,2022-11-01,1615,246,2,2,5,4,1907,0,0,0,NA,0,NA,CRAFTON AV,FLORENCE AV,20,S,N,A,-,N,NA,NA,NA,NA,NA,NA,NA,NA,NA,Y,3,0,1,2,A,-,12,21453,A,N,D,C,A,A,H,-,A,A,0,NA,NA,NA,NA,Y,NA,A,01,0,1,0,0,0,0,0,0,0,-,-,33.96895980834961,-119.17519378662108,LOS ANGELES,BELL,-118.17523193359376,33.96890640258789
9545137,2022,2023-02-07,1907,2022-11-06,0111,255,2,7,5,4,1907,0,0,0,NA,0,NA,FLORENCE AV,WILCOX AV,19,W,N,A,-,N,NA,NA,NA,NA,NA,NA,NA,NA,NA,Y,4,0,2,2,A,-,03,22350,NA,F,C,C,A,A,H,-,C,A,0,NA,NA,NA,NA,Y,NA,A,01,0,0,2,0,0,0,0,0,0,-,-,33.96895980834961,-118.17519378662108,LOS ANGELES,BELL,-118.17790985107422,33.96924591064453
9545138,2022,2023-02-07,1907,2022-11-30,0736,249,2,3,5,4,1907,0,0,0,NA,0,NA,GAGE AV,PROSPECT AV,6,W,N,A,-,N,NA,NA,NA,NA,NA,NA,NA,NA,NA,N,3,0,1,2,A,-,05,21650,1,N,H,G,A,A,H,-,A,A,0,NA,Y,NA,NA,Y,NA,L,04,0,1,0,0,0,0,1,0,0,-,-,33.97760009765625,-118.18315887451172,LOS ANGELES,BELL,-118.18367767333984,33.9776611328125
9545139,2022,2023-02-07,1907,2022-11-12,1345,254,2,6,5,4,1907,0,0,0,NA,0,NA,FLORENCE AV,WALKER AV,260,E,N,A,-,N,NA,NA,NA,NA,NA,NA,NA,NA,NA,N,3,0,1,2,A,-,09,21801,NA,N,H,C,A,A,H,-,A,D,0,NA,NA,NA,NA,Y,Y,A,01,0,1,0,0,0,0,0,0,0,-,-,33.96881866455078,-118.1739501953125,LOS ANGELES,BELL,-118.1731414794922,33.9687385559082
9545140,2022,2023-02-07,1907,2022-11-24,1340,247,3,4,5,4,1907,0,0,0,NA,0,NA,BANDINI BL,YEAGER WY,36,W,N,A,-,N,NA,NA,NA,NA,NA,NA,NA,NA,NA,Y,3,0,1,1,A,-,03,22350,NA,M,E,I,A,A,H,-,A,D,0,NA,NA,NA,NA,Y,NA,A,01,0,1,0,0,0,0,0,0,0,-,-,33.99502944946289,-118.16863250732422,LOS ANGELES,BELL,-118.1688232421875,33.99617385864258
9545141,2022,2023-02-07,1907,2022-11-04,2130,248,1,5,5,4,1907,0,0,0,NA,0,NA,GAGE AV,GIFFORD AV,22,W,N,A,-,N,NA,NA,NA,NA,NA,NA,NA,NA,NA,N,4,0,3,2,A,-,03,22350,NA,N,C,C,A,A,H,-,C,D,0,NA,NA,NA,NA,Y,NA,A,01,0,0,3,0,0,0,0,0,0,-,-,33.978939056396484,-118.1938018798828,LOS ANGELES,BELL,-118.19401550292967,33.9787483215332
9545142,2022,2023-02-07,1907,2022-11-11,1303,247,2,5,5,4,1907,0,0,0,NA,0,NA,GAGE AV,HOME AV,0,NA,Y,A,-,N,NA,NA,NA,NA,NA,NA,NA,NA,NA,N,3,0,1,2,A,-,09,21800,NA,N,H,G,A,A,H,-,A,D,0,NA,Y,NA,NA,Y,NA,L,04,0,1,0,0,0,0,1,0,0,-,-,33.9764289855957,-118.17224884033205,LOS ANGELES,BELL,-118.1722412109375,33.976593017578125
9545143,2022,2023-02-07,1900,2022-11-04,1900,637133,0814,5,5,4,1960,0,0,0,NA,0,087,COVINA BL,LONE HILL AV,0,NA,Y,A,-,N,NA,NA,NA,NA,NA,NA,NA,NA,NA,N,4,0,1,2,A,-,12,21453,A,M,G,B,B,A,H,-,C,A,0,Y,NA,NA,NA,Y,NA,A,01,0,0,1,0,1,0,0,0,0,-,-,34.09947967529297,-117.82884979248048,LOS ANGELES,SAN DIMAS,-117.82901000976564,34.0994987487793
9545144,2022,2023-02-07,1907,2022-11-07,0608,258,2,1,5,4,1907,0,0,0,NA,0,NA,GAGE AV,CRAFTON AV,26,W,N,B,C,N,NA,NA,NA,NA,NA,NA,NA,NA,NA,N,3,0,2,2,A,-,09,21801,NA,N,B,C,A,B,H,-,A,D,0,NA,NA,NA,NA,Y,NA,A,01,0,2,0,0,0,0,0,0,0,-,-,33.97686004638672,-118.17400360107422,LOS ANGELES,BELL,-118.17401885986328,33.97663497924805
9545145,2022,2023-02-15,1942,2022-12-05,2050,41179,2064,1,5,7,1942,0,0,0,NA,0,27QL11,PICO BL,ARDMORE AV,27,W,N,A,-,N,NA,NA,NA,NA,NA,NA,NA,NA,NA,Y,4,0,1,3,A,-,01,23152,A,N,C,E,A,A,H,-,C,D,0,NA,NA,NA,NA,Y,Y,A,01,0,0,1,0,0,0,0,0,0,-,-,NA,NA,LOS ANGELES,LOS ANGELES,-118.30263519287108,34.047218322753906
9545146,2022,2023-02-09,1900,2022-12-11,1103,660930,2846,7,5,5,1915,0,0,0,NA,0,282T1,COMPTON BL,WARD AV,0,NA,Y,A,-,N,NA,NA,NA,NA,NA,NA,NA,NA,NA,N,4,0,2,2,A,-,09,21802,A,N,D,C,A,A,H,-,A,D,0,NA,NA,NA,NA,Y,NA,A,01,0,0,2,0,0,0,0,0,0,-,-,33.895999908447266,-118.20555877685548,LOS ANGELES,COMPTON,-118.2056121826172,33.89601516723633
9545147,2022,2023-02-09,1942,2022-12-12,1711,41179,2011,1,5,7,1942,0,0,0,NA,0,27QL11,WILTON PL,2ND ST,0,NA,Y,A,-,N,NA,NA,NA,NA,NA,NA,NA,NA,NA,Y,2,0,1,2,A,-,12,21453,A,N,D,C,A,A,H,-,B,A,0,NA,NA,Y,NA,Y,NA,C,02,1,0,0,0,0,0,0,0,1,-,-,NA,NA,LOS ANGELES,LOS ANGELES,-118.31420135498048,34.07112121582031
9545148,2022,2023-02-09,1942,2022-12-18,1135,34882,2083,7,5,7,1942,0,0,0,NA,0,27M116,WESTERN AV,18TH ST,0,NA,Y,A,-,N,NA,NA,NA,NA,NA,NA,NA,NA,NA,Y,4,0,1,2,A,-,09,21801,A,F,D,C,A,A,H,-,A,A,0,NA,NA,NA,NA,Y,NA,-,99,0,0,1,0,0,0,0,0,0,-,-,NA,NA,LOS ANGELES,LOS ANGELES,-118.30902862548828,34.041744232177734
9545149,2022,2023-02-08,1942,2022-12-11,0522,43454,0857,7,5,7,1942,0,0,0,H,0,27TL27,REXFORD DR,PICO BL,9,N,N,C,-,N,NA,NA,NA,NA,NA,NA,NA,NA,NA,N,2,0,1,2,A,-,10,21950,A,F,G,B,B,B,H,-,C,A,0,Y,NA,NA,NA,Y,NA,-,99,1,0,0,0,1,0,0,0,0,-,-,NA,NA,LOS ANGELES,LOS ANGELES,-118.39430236816406,34.05527114868164
9545150,2022,2023-02-08,1942,2022-12-06,0755,41493,2029,2,5,7,1942,0,0,0,NA,0,27M42W,COMMONWEALTH AV,4TH ST,10,S,N,A,-,N,NA,NA,NA,NA,NA,NA,NA,NA,NA,Y,4,0,1,2,A,-,12,22450,A,F,D,C,A,A,H,-,A,A,0,NA,NA,NA,NA,Y,NA,-,99,0,0,1,0,0,0,0,0,0,-,-,NA,NA,LOS ANGELES,LOS ANGELES,-118.28571319580078,34.066654205322266
9545151,2022,2023-02-09,1942,2022-12-15,1200,42665,0636,4,5,7,1942,0,0,0,F,0,27TL21,CAHUENGA BL,YUCCA ST,0,NA,Y,A,-,N,NA,NA,NA,NA,NA,NA,NA,NA,NA,Y,2,0,5,2,A,-,09,21801,A,N,D,C,A,A,H,-,A,A,0,NA,NA,NA,NA,Y,NA,A,01,1,4,0,0,0,0,0,0,0,-,-,NA,NA,LOS ANGELES,LOS ANGELES,-118.32968902587892,34.10391616821289
9545152,2022,2023-02-09,1942,2022-12-14,1920,42275,0668,3,5,7,1942,0,0,0,F,0,6A76,WESTERN AV,LEXINGTON AV,0,NA,Y,A,-,N,NA,NA,NA,NA,NA,NA,NA,NA,NA,Y,2,0,1,2,A,-,12,21453,A,N,A,C,A,A,H,-,C,A,0,NA,NA,Y,NA,Y,NA,C,02,1,0,0,0,0,0,0,0,1,-,-,NA,NA,LOS ANGELES,LOS ANGELES,-118.30918884277344,34.0927848815918
9545154,2022,2023-02-21,1942,2022-12-15,2130,41957,0882,4,5,7,1942,0,0,0,H,0,27T33,PICO BL,GATEWAY BL,0,NA,Y,A,-,N,NA,NA,NA,NA,NA,NA,NA,NA,NA,Y,4,0,2,2,A,-,01,23152,A,N,D,D,A,A,H,-,C,A,0,NA,NA,NA,NA,Y,Y,A,01,0,0,2,0,0,0,0,0,0,-,-,NA,NA,LOS ANGELES,LOS ANGELES,-118.44175720214844,34.03374481201172
9545182,2023,2023-02-15,1900,2023-01-21,1624,643298,1413,6,5,1,1932,0,0,0,NA,0,141T6,WORKMAN MILL RD,S WORKMAN MILL RD,546,S,N,A,-,N,NA,NA,NA,NA,NA,NA,NA,NA,NA,N,3,0,2,2,A,-,08,22107,NA,N,A,A,A,A,H,-,A,D,0,NA,NA,NA,NA,Y,NA,A,01,0,2,0,0,0,0,0,0,0,-,-,34.03255844116211,-118.02741241455078,LOS ANGELES,INDUSTRY,-118.00338745117188,34.03852081298828
9545194,2023,2023-02-16,1953,2023-01-09,1315,7508,1953,1,5,6,1953,0,0,0,NA,0,002,ORANGE GROVE BL,SUNNYSLOPE AV,0,NA,Y,B,C,N,NA,NA,NA,NA,NA,NA,NA,NA,NA,Y,4,0,2,2,A,-,09,21800,A,N,A,C,A,B,H,-,A,A,0,NA,NA,NA,NA,Y,NA,A,01,0,0,2,0,0,0,0,0,0,-,-,NA,NA,LOS ANGELES,PASADENA,-118.08927154541016,34.15849304199219
9545198,2023,2023-02-17,1953,2023-01-02,1710,0809,1953,1,5,6,1953,0,0,0,NA,0,003,LAKE AV,GREEN ST,0,NA,Y,C,-,N,NA,NA,NA,NA,NA,NA,NA,NA,NA,Y,4,0,1,3,A,-,04,21703,NA,M,-,C,A,B,H,-,C,A,0,NA,NA,NA,NA,Y,NA,A,01,0,0,1,0,0,0,0,0,0,-,-,NA,NA,LOS ANGELES,PASADENA,-118.13240051269533,34.144561767578125
9545260,2022,2023-03-03,1941,2022-10-08,1749,11656,WEST,6,5,7,1941,0,0,0,NA,0,005,PACIFIC COAST HWY,MARTIN LUTHER KING JR AV,0,NA,N,A,-,Y,LA,7,1,-,-,5.72,H,-,S,N,3,0,1,2,A,-,03,22350,NA,F,B,C,A,A,H,-,A,D,0,NA,NA,NA,NA,Y,NA,D,22,0,1,0,0,0,0,0,0,0,-,-,33.78961944580078,-118.1799087524414,LOS ANGELES,LONG BEACH,-118.17993927001952,33.7898063659668
9545264,2023,2023-03-01,1941,2023-01-29,2020,10923,EAST,7,5,7,1941,0,0,0,NA,0,011,CHERRY AV,15TH ST,101,S,N,B,-,N,NA,NA,NA,NA,NA,NA,NA,NA,NA,Y,4,0,1,3,A,-,01,23152,NA,M,C,E,A,A,H,-,C,A,0,NA,NA,NA,Y,Y,Y,A,01,0,0,1,0,0,0,0,0,0,-,-,33.78622817993164,-118.16764831542967,LOS ANGELES,LONG BEACH,-118.16766357421876,33.785953521728516
9545268,2022,2023-02-24,1941,2022-10-05,1403,11241,SOUTH,3,5,7,1941,0,0,0,NA,0,006,OREGON AV,W ANAHEIM ST,0,NA,Y,A,-,N,NA,NA,NA,NA,NA,NA,NA,NA,NA,NA,3,0,1,2,A,-,08,22107,NA,N,D,C,A,A,H,-,A,A,0,NA,NA,NA,Y,Y,NA,F,27,0,1,0,0,0,0,0,0,0,-,-,33.782630920410156,-118.20099639892578,LOS ANGELES,LONG BEACH,-118.20098114013672,33.782814025878906
9545276,2022,2023-03-13,1941,2022-11-16,1517,10922,EAST,3,5,7,1941,0,0,0,NA,0,011,TEMPLE AV,PACIFIC COAST HWY,0,NA,Y,A,-,Y,LA,7,1,-,-,4.511,I,5,S,Y,3,0,1,2,-,-,-,NA,NA,N,G,B,B,A,H,-,A,A,0,Y,NA,NA,NA,Y,NA,-,-,0,1,0,0,1,0,0,0,0,-,-,33.78955078125,-118.15894317626952,LOS ANGELES,LONG BEACH,-118.15895080566406,33.7898063659668
9545290,2023,2023-03-03,1953,2023-01-10,639,0999,1953,2,5,6,1953,0,0,0,NA,0,003,WALNUT ST,SAN GABRIEL BL,0,NA,-,C,-,N,NA,NA,NA,NA,NA,NA,NA,NA,NA,Y,4,0,1,2,A,-,12,21453,A,N,D,C,A,B,H,-,A,A,0,NA,NA,NA,NA,Y,NA,A,01,0,0,1,0,0,0,0,0,0,-,-,NA,NA,LOS ANGELES,PASADENA,-118.09457397460938,34.147987365722656
9545291,2023,2023-03-03,1953,2023-01-25,1620,7868,PASAD,3,5,6,1953,0,0,0,NA,0,002,WASHINGTON BL,MENTOR AV,100,E,N,A,-,N,NA,NA,NA,NA,NA,NA,NA,NA,NA,N,4,0,1,2,A,-,04,21703,NA,M,C,C,A,A,-,-,A,D,0,NA,NA,NA,NA,Y,NA,A,01,0,0,1,0,0,0,0,0,0,-,-,NA,NA,LOS ANGELES,PASADENA,-118.13065338134766,34.16899108886719
9545292,2023,2023-03-03,1953,2023-01-09,1451,9500,1953,1,5,6,1953,0,0,0,NA,0,002,SIERA MADRE VILLA AV,ESTADO ST,200,S,N,C,-,N,NA,NA,NA,NA,NA,NA,NA,NA,NA,Y,4,0,1,2,A,-,09,21801,NA,N,D,C,A,B,H,-,A,D,0,NA,NA,NA,NA,Y,NA,A,01,0,0,1,0,0,0,0,0,0,-,-,NA,NA,LOS ANGELES,PASADENA,-118.082275390625,34.15201187133789
9545293,2023,2023-03-03,1953,2023-01-18,1020,1255,1953,3,5,6,1953,0,0,0,NA,0,003,E CALIFORNIA BL,CATALINA AV,200,W,N,A,-,N,NA,NA,NA,NA,NA,NA,NA,NA,NA,Y,3,0,1,2,A,-,09,21804,A,N,D,C,A,A,H,-,A,D,0,NA,NA,NA,NA,Y,NA,A,07,0,1,0,0,0,0,0,0,0,-,-,NA,NA,LOS ANGELES,PASADENA,-118.13002014160156,34.13591384887695
9545294,2023,2023-03-10,1942,2023-01-20,1523,1281,1953,5,5,7,1942,0,0,0,NA,0,003,EAST DEL MAR BL,S CHESTER AV,0,NA,Y,A,-,N,NA,NA,NA,NA,NA,NA,NA,NA,NA,N,3,0,1,2,A,-,09,21801,A,N,D,C,A,A,H,-,A,A,0,NA,NA,Y,NA,Y,NA,A,01,0,1,0,0,0,0,0,0,1,-,-,NA,NA,LOS ANGELES,LOS ANGELES,-118.12445831298828,34.140995025634766
9545295,2023,2023-03-03,1953,2023-01-19,836,8091,1953,4,5,6,1953,0,0,0,NA,0,002,NEW YORK DR,BRADLEY ST,200,S,N,A,-,N,NA,NA,NA,NA,NA,NA,NA,NA,NA,Y,3,0,1,1,A,-,03,22350,NA,N,F,I,A,A,H,-,A,D,0,NA,NA,Y,NA,Y,NA,C,02,0,1,0,0,0,0,0,0,1,-,-,NA,NA,LOS ANGELES,PASADENA,-118.08661651611328,34.167030334472656
9545296,2023,2023-03-03,1953,2023-01-19,837,3775,1953,4,5,6,1953,0,0,0,NA,0,004,LOS ROBLES AV,CALIFORNIA BL,750,N,N,A,-,N,NA,NA,NA,NA,NA,NA,NA,NA,NA,Y,3,0,2,2,A,-,09,21804,A,N,D,C,A,A,H,-,A,A,0,NA,NA,NA,NA,Y,NA,A,01,0,1,1,0,0,0,0,0,0,-,-,NA,NA,LOS ANGELES,PASADENA,-118.14134216308594,34.13789749145508
9545297,2023,2023-03-03,1953,2023-01-10,1153,7231,1953,2,5,6,1953,0,0,0,NA,0,002,ROSEMEAD BL,HALSTEAD ST,450,S,N,B,-,N,NA,NA,NA,NA,NA,NA,NA,NA,NA,Y,4,0,1,2,A,-,09,21804,A,N,D,C,A,B,H,-,A,D,0,NA,NA,NA,NA,Y,NA,A,07,0,0,1,0,0,0,0,0,0,-,-,NA,NA,LOS ANGELES,PASADENA,-118.07769012451172,34.15383529663086
9545298,2023,2023-03-03,1953,2023-01-19,1054,3775,1953,4,5,6,1953,0,0,0,NA,0,004,COLORADO BL,PATRICIAN WY,100,E,N,A,-,N,NA,NA,NA,NA,NA,NA,NA,NA,NA,Y,4,0,2,2,A,-,09,21804,A,N,D,C,A,A,H,-,A,A,0,NA,NA,NA,NA,Y,NA,A,01,0,0,2,0,0,0,0,0,0,-,-,NA,NA,LOS ANGELES,PASADENA,-118.18125152587892,34.14086151123047