CASE_ID,ACCIDENT_YEAR,PROC_DATE,JURIS,COLLISION_DATE,COLLISION_TIME,OFFICER_ID,REPORTING_DISTRICT,DAY_OF_WEEK,CHP_SHIFT,POPULATION,CNTY_CITY_LOC,SPECIAL_COND,BEAT_TYPE,CHP_BEAT_TYPE,CITY_DIVISION_LAPD,CHP_BEAT_CLASS,BEAT_NUMBER,PRIMARY_RD,SECONDARY_RD,DISTANCE,DIRECTION,INTERSECTION,WEATHER_1,WEATHER_2,STATE_HWY_IND,CALTRANS_COUNTY,CALTRANS_DISTRICT,STATE_ROUTE,ROUTE_SUFFIX,POSTMILE_PREFIX,POSTMILE,LOCATION_TYPE,RAMP_INTERSECTION,SIDE_OF_HWY,TOW_AWAY,COLLISION_SEVERITY,NUMBER_KILLED,NUMBER_INJURED,PARTY_COUNT,PRIMARY_COLL_FACTOR,PCF_CODE_OF_VIOL,PCF_VIOL_CATEGORY,PCF_VIOLATION,PCF_VIOL_SUBSECTION,HIT_AND_RUN,TYPE_OF_COLLISION,MVIW,PED_ACTION,ROAD_SURFACE,ROAD_COND_1,ROAD_COND_2,LIGHTING,CONTROL_DEVICE,CHP_ROAD_TYPE,PEDESTRIAN_ACCIDENT,BICYCLE_ACCIDENT,MOTORCYCLE_ACCIDENT,TRUCK_ACCIDENT,NOT_PRIVATE_PROPERTY,ALCOHOL_INVOLVED,STWD_VEHTYPE_AT_FAULT,CHP_VEHTYPE_AT_FAULT,COUNT_SEVERE_INJ,COUNT_VISIBLE_INJ,COUNT_COMPLAINT_PAIN,COUNT_PED_KILLED,COUNT_PED_INJURED,COUNT_BICYCLIST_KILLED,COUNT_BICYCLIST_INJURED,COUNT_MC_KILLED,COUNT_MC_INJURED,PRIMARY_RAMP,SECONDARY_RAMP,LATITUDE,LONGITUDE,COUNTY,CITY,POINT_X,POINT_Y
9550210,2023,2023-03-10,1910,2023-02-03,1808,05392,NA,5,5,4,1910,0,0,0,NA,0,005,WILSHIRE BL,S SPALDING DR,0,NA,Y,A,-,N,NA,NA,NA,NA,NA,NA,NA,NA,NA,N,4,0,1,2,A,-,10,21950,A,N,G,B,B,A,H,-,C,A,0,Y,NA,NA,NA,Y,NA,A,01,0,0,1,0,1,0,0,0,0,-,-,NA,NA,LOS ANGELES,BEVERLY HILLS,-118.40892028808594,34.06707763671875
9550211,2023,2023-03-10,1910,2023-02-18,1008,03494,NA,6,5,4,1910,0,0,0,NA,0,005,SANTA MONICA BL,LINDEN DR,0,NA,Y,A,-,N,NA,NA,NA,NA,NA,NA,NA,NA,NA,N,4,0,2,2,A,-,12,21453,A,N,D,C,A,A,H,-,A,A,0,NA,NA,NA,NA,Y,NA,A,01,0,0,2,0,0,0,0,0,0,-,-,NA,NA,LOS ANGELES,BEVERLY HILLS,-118.40869903564452,34.068214416503906
9550212,2023,2023-03-10,1910,2023-02-15,847,443,NA,3,5,4,1910,0,0,0,NA,0,009,WILSHIRE BL,GALE DR,31,W,N,A,-,N,NA,NA,NA,NA,NA,NA,NA,NA,NA,N,4,0,1,2,A,-,08,22107,NA,N,B,C,A,A,H,-,A,A,0,NA,NA,NA,NA,Y,NA,A,01,0,0,1,0,0,0,0,0,0,-,-,NA,NA,LOS ANGELES,BEVERLY HILLS,-118.37420654296876,34.064674377441406
9550213,2023,2023-03-10,1910,2023-02-18,1329,03494,NA,6,5,4,1910,0,0,0,NA,0,006,SANTA MONICA BL,FOOTHILL RD,0,NA,Y,B,-,N,NA,NA,NA,NA,NA,NA,NA,NA,NA,N,4,0,1,2,A,-,08,22100,A,N,D,C,A,A,H,-,A,D,0,NA,Y,NA,NA,Y,NA,A,01,0,0,1,0,0,0,1,0,0,-,-,NA,NA,LOS ANGELES,BEVERLY HILLS,-118.39859771728516,34.07514190673828
9550214,2023,2023-03-10,1910,2023-02-21,2149,04824,NA,2,5,4,1910,0,0,0,NA,0,005,N CRESCENT DR,SOUTH SANTA MONICA BL,0,NA,Y,A,-,N,NA,NA,NA,NA,NA,NA,NA,NA,NA,Y,3,0,2,2,A,-,12,21453,A,N,D,C,A,A,H,-,C,A,0,NA,NA,NA,NA,Y,NA,A,01,0,2,0,0,0,0,0,0,0,-,-,NA,NA,LOS ANGELES,BEVERLY HILLS,-118.40054321289064,34.071937561035156
9550219,2023,2023-03-10,1910,2023-02-13,822,04616,NA,1,5,4,1910,0,0,0,NA,0,006,NORTH SANTA MONICA BL,FOOTHILL RD,0,NA,Y,A,-,N,NA,NA,NA,NA,NA,NA,NA,NA,NA,Y,3,0,1,2,B,-,22,NA,NA,N,D,C,A,A,-,-,A,D,0,NA,NA,Y,NA,Y,NA,C,02,0,1,0,0,0,0,0,0,1,-,-,NA,NA,LOS ANGELES,BEVERLY HILLS,-118.39859771728516,34.07514190673828
9550220,2023,2023-03-10,1910,2023-02-23,1645,03438,NA,4,5,4,1910,0,0,0,NA,0,004,WILSHIRE BL,TRENTON DR,0,NA,Y,B,-,N,NA,NA,NA,NA,NA,NA,NA,NA,NA,Y,3,0,2,2,A,-,09,21801,A,N,D,C,A,A,H,-,A,D,0,NA,NA,NA,NA,Y,NA,A,01,0,1,1,0,0,0,0,0,0,-,-,NA,NA,LOS ANGELES,BEVERLY HILLS,-118.41304779052734,34.06707000732422
9550221,2023,2023-03-15,1910,2023-02-24,1131,03494,NA,5,5,4,1910,0,0,0,NA,0,009,ROBERTSON BL,GREGORY WY,140,N,N,B,-,N,NA,NA,NA,NA,NA,NA,NA,NA,NA,N,4,0,1,2,A,-,07,21658,A,N,D,C,A,B,H,-,A,D,0,NA,NA,NA,NA,Y,NA,A,01,0,0,1,0,0,0,0,0,0,-,-,NA,NA,LOS ANGELES,BEVERLY HILLS,-118.3835678100586,34.06260299682617
9550222,2023,2023-03-15,1910,2023-02-24,1745,03438,NA,5,5,4,1910,0,0,0,NA,0,009,S LA CIENEGA BL,GREGORY WY,0,NA,Y,C,-,N,NA,NA,NA,NA,NA,NA,NA,NA,NA,N,3,0,1,2,A,-,12,21453,A,N,D,C,A,B,H,-,C,A,0,NA,NA,NA,NA,Y,NA,A,01,0,1,0,0,0,0,0,0,0,-,-,NA,NA,LOS ANGELES,BEVERLY HILLS,-118.37613677978516,34.062652587890625
9550223,2023,2023-03-15,1910,2023-02-23,648,03209,NA,4,5,4,1910,0,0,0,NA,0,009,OLYMPIC BL,S DOHENY DR,0,NA,Y,A,-,N,NA,NA,NA,NA,NA,NA,NA,NA,NA,Y,4,0,1,3,A,-,12,21453,A,N,D,C,A,B,-,-,A,A,0,NA,NA,NA,NA,Y,NA,A,01,0,0,1,0,0,0,0,0,0,-,-,NA,NA,LOS ANGELES,BEVERLY HILLS,-118.38980102539064,34.059356689453125
9550224,2023,2023-03-15,1900,2023-02-26,1438,647475,0629,7,5,6,1985,0,0,0,NA,0,62T1,WILEY CANYON RD,FOURL RD,71,N,N,B,-,N,NA,NA,NA,NA,NA,NA,NA,NA,NA,Y,4,0,2,2,A,-,01,23152,A,M,A,C,A,A,H,-,A,D,0,NA,NA,NA,NA,Y,Y,A,01,0,0,2,0,0,0,0,0,0,-,-,34.369110107421875,-118.55577850341795,LOS ANGELES,SANTA CLARITA,-118.55678558349608,34.372642517089844
9550225,2023,2023-03-15,1900,2023-02-22,1510,627961,0644,3,5,6,1985,0,0,0,NA,0,64T1P,BOUQUET CANYON RD,CINEMA DR,615,S,N,B,-,N,NA,NA,NA,NA,NA,NA,NA,NA,NA,Y,3,0,2,2,A,-,09,21804,A,N,D,C,A,A,H,-,A,D,0,NA,NA,NA,NA,Y,NA,A,01,0,2,0,0,0,0,0,0,0,-,-,34.41844940185547,-118.5419464111328,LOS ANGELES,SANTA CLARITA,-118.541748046875,34.417572021484375
9550226,2023,2023-03-15,1910,2023-02-25,923,03438,NA,6,5,4,1910,0,0,0,NA,0,007,N BEVERLY DR,DAYTON WY,0,NA,Y,B,-,N,NA,NA,NA,NA,NA,NA,NA,NA,NA,N,4,0,1,2,A,-,10,21950,A,N,A,B,B,B,H,-,A,A,0,Y,NA,NA,NA,Y,NA,A,01,0,0,1,0,1,0,0,0,0,-,-,NA,NA,LOS ANGELES,BEVERLY HILLS,-118.40058135986328,34.06850814819336
9550227,2023,2023-03-22,1910,2023-02-21,1927,04824,NA,2,5,4,1910,0,0,0,NA,0,005,SOUTH SANTA MONICA BL,N CAMDEN DR,0,NA,Y,A,-,N,NA,NA,NA,NA,NA,NA,NA,NA,NA,Y,4,0,1,2,A,-,09,21801,A,N,A,C,A,A,H,-,C,A,0,NA,NA,NA,NA,Y,NA,A,01,0,0,1,0,0,0,0,0,0,-,-,NA,NA,LOS ANGELES,BEVERLY HILLS,-118.40535736083984,34.069915771484375
9550261,2023,2023-03-15,1900,2023-01-04,710,514681,0640,3,5,6,1985,0,0,0,NA,0,64T1,SOLEDAD CANYON RD,COMMUTER WY,1075,W,N,B,C,N,NA,NA,NA,NA,NA,NA,NA,NA,NA,Y,2,0,1,1,A,-,03,22350,NA,N,E,I,A,B,C,-,A,D,0,NA,NA,NA,NA,Y,NA,D,22,1,0,0,0,0,0,0,0,0,-,-,34.418209075927734,-118.52839660644533,LOS ANGELES,SANTA CLARITA,-118.52849578857422,34.41798400878906
9550262,2023,2023-03-17,1900,2023-01-05,1837,476466,0612,4,5,6,1985,0,0,0,NA,0,61T1,SOLEDAD CANYON RD,SIERRA HWY,0,W,N,B,-,N,NA,NA,NA,NA,NA,NA,NA,NA,NA,N,4,0,2,2,A,-,04,21703,NA,N,C,C,A,B,H,-,C,D,0,NA,NA,NA,NA,Y,NA,A,07,0,0,2,0,0,0,0,0,0,-,-,34.41624069213867,-118.45719909667967,LOS ANGELES,SANTA CLARITA,-118.45601654052734,34.416378021240234
9550263,2023,2023-03-15,1900,2023-01-29,1340,609942,0617,7,5,6,1985,0,0,0,NA,0,61T1,VIA PRINCESSA,WHITES CANYON RD,0,NA,Y,B,-,N,NA,NA,NA,NA,NA,NA,NA,NA,NA,Y,4,0,2,2,A,-,12,21453,A,N,D,C,A,A,H,-,A,A,0,NA,NA,NA,NA,Y,NA,A,01,0,0,2,0,0,0,0,0,0,-,-,34.410709381103516,-118.4751205444336,LOS ANGELES,SANTA CLARITA,-118.47519683837892,34.410186767578125
9550264,2023,2023-03-15,1900,2023-01-18,1755,472724,0642,3,5,6,1985,0,0,0,NA,0,64T1,BOUQUET CANYON RD,SOLEDAD CANYON RD,526,N,N,A,-,N,NA,NA,NA,NA,NA,NA,NA,NA,NA,Y,4,0,2,3,A,-,03,22350,NA,N,C,C,A,A,H,-,C,D,0,NA,NA,NA,NA,Y,NA,A,01,0,0,2,0,0,0,0,0,0,-,-,34.42367172241211,-118.54019927978516,LOS ANGELES,SANTA CLARITA,-118.53997039794922,34.42374801635742
9550265,2023,2023-03-15,1900,2023-01-31,1925,609942,0613,2,5,6,1985,0,0,0,NA,0,61T1,SOLEDAD CANYON RD,WHITES CANYON RD,0,NA,Y,A,-,N,NA,NA,NA,NA,NA,NA,NA,NA,NA,N,4,0,1,2,A,-,10,21952,NA,N,D,B,B,A,H,-,C,A,0,Y,NA,NA,NA,Y,NA,A,01,0,0,1,0,1,0,0,0,0,-,-,34.415889739990234,-118.47205352783205,LOS ANGELES,SANTA CLARITA,-118.47216796875,34.41572189331055
9550266,2023,2023-03-15,1910,2023-01-27,1428,04712,NA,5,5,4,1910,0,0,0,NA,0,004,N CANON DR,LOMITAS AV,0,NA,Y,A,-,N,NA,NA,NA,NA,NA,NA,NA,NA,NA,N,4,0,1,2,A,-,08,22107,NA,N,B,C,A,A,H,-,A,D,0,NA,NA,NA,NA,Y,NA,A,07,0,0,1,0,0,0,0,0,0,-,-,NA,NA,LOS ANGELES,BEVERLY HILLS,-118.41165161132813,34.07964324951172
9550279,2023,2023-03-15,1941,2023-01-31,1510,5970,WEST,2,5,7,1941,0,0,0,NA,0,001,W WILLOW ST,CASPIAN AV,15,W,N,A,-,N,NA,NA,NA,NA,NA,NA,NA,NA,NA,Y,3,0,2,2,A,-,09,21801,A,N,D,C,A,A,H,-,A,D,0,NA,NA,NA,NA,Y,Y,A,01,0,2,0,0,0,0,0,0,0,-,-,33.804378509521484,-118.21219635009766,LOS ANGELES,LONG BEACH,-118.21224212646484,33.80438995361328
9550280,2023,2023-03-15,1941,2023-01-01,59,11663,SOUTH,7,5,7,1941,0,0,0,NA,0,006,EAST 7TH ST,LONG BEACH BL,0,NA,Y,C,-,N,NA,NA,NA,NA,NA,NA,NA,NA,NA,Y,3,0,1,1,A,-,08,22107,NA,N,E,I,A,B,H,-,C,A,0,NA,NA,NA,NA,Y,NA,A,01,0,1,0,0,0,0,0,0,0,-,-,33.77534866333008,-118.18939208984376,LOS ANGELES,LONG BEACH,-118.18946075439452,33.77534484863281
9550322,2023,2023-03-17,1900,2023-02-04,2200,516708,0541,6,5,3,1921,0,0,0,NA,0,58FPM,HUNTINGTON DR,BRADBURY AV,16,E,N,A,-,N,NA,NA,NA,NA,NA,NA,NA,NA,NA,Y,4,0,4,2,A,-,09,21804,A,N,B,C,A,A,H,-,C,D,0,NA,NA,NA,NA,Y,NA,A,08,0,0,4,0,0,0,0,0,0,-,-,34.139530181884766,-117.98177337646484,LOS ANGELES,DUARTE,-117.98183441162108,34.1396598815918
9550323,2023,2023-03-17,1900,2023-02-13,1145,543338,0561,1,5,3,1968,0,0,0,NA,0,55T1PM,SANTA ANITA AV,EL POCHE ST,0,NA,Y,A,-,N,NA,NA,NA,NA,NA,NA,NA,NA,NA,Y,4,0,1,2,A,-,09,21801,A,N,D,C,A,A,H,-,A,D,0,NA,NA,NA,NA,Y,NA,A,01,0,0,1,0,0,0,0,0,0,-,-,34.05009841918945,-118.04229736328124,LOS ANGELES,SOUTH EL MONTE,-118.04244995117188,34.05002212524414
9550324,2023,2023-03-17,1900,2023-02-09,1610,514613,0560,4,5,3,1968,0,0,0,NA,0,55T1PM,GARVEY AV,BRUIN AV,17,E,N,A,-,N,NA,NA,NA,NA,NA,NA,NA,NA,NA,Y,3,0,1,2,A,-,09,21801,A,N,B,C,A,A,H,-,C,D,0,NA,NA,Y,NA,Y,NA,A,01,0,1,0,0,0,0,0,0,1,-,-,34.06277084350586,-118.06426239013672,LOS ANGELES,SOUTH EL MONTE,-118.06439208984376,34.06272888183594
9550325,2023,2023-03-17,1900,2023-02-07,820,633749,0560,2,5,3,1968,0,0,0,NA,0,55P,GARVEY AV,LEE AV,0,NA,Y,A,-,N,NA,NA,NA,NA,NA,NA,NA,NA,NA,Y,3,0,1,2,A,-,09,21801,A,N,D,C,A,A,H,-,A,A,0,NA,NA,NA,NA,Y,NA,A,07,0,1,0,0,0,0,0,0,0,-,-,34.0620002746582,-118.06600189208984,LOS ANGELES,SOUTH EL MONTE,-118.0668487548828,34.062721252441406
9550326,2023,2023-03-17,1900,2023-02-04,1630,624453,0535,6,5,5,1959,0,0,0,NA,0,53T1P,RUSH ST,ANGELUS AV,29,E,N,A,-,N,NA,NA,NA,NA,NA,NA,NA,NA,NA,N,3,0,1,2,A,-,17,21970,A,N,B,G,A,A,H,-,A,A,0,NA,Y,NA,NA,Y,NA,A,01,0,1,0,0,0,0,1,0,0,-,-,34.05160140991211,-118.08689880371094,LOS ANGELES,ROSEMEAD,-118.08704376220705,34.051578521728516
9550327,2023,2023-03-17,1900,2023-02-07,1820,630203,0522,2,5,4,1971,0,0,0,NA,0,57KPM,BROADWAY,ENCINITA AV,0,NA,Y,A,-,N,NA,NA,NA,NA,NA,NA,NA,NA,NA,Y,3,0,1,2,D,-,00,NA,NA,N,B,C,A,A,H,-,C,A,0,NA,NA,NA,NA,Y,NA,-,-,0,1,0,0,0,0,0,0,0,-,-,34.09920120239258,-118.06787872314452,LOS ANGELES,TEMPLE CITY,-118.06793212890624,34.09923553466797
9550328,2023,2023-03-17,1900,2023-02-25,1903,636465,0521,6,5,4,1971,0,0,0,NA,0,52T1PM,AGNES AV,LAS TUNAS DR,266,N,N,C,-,N,NA,NA,NA,NA,NA,NA,NA,NA,NA,Y,3,0,1,3,A,-,08,22107,NA,N,B,E,E,B,H,-,C,A,0,Y,NA,NA,NA,Y,NA,A,01,0,1,0,0,1,0,0,0,0,-,-,34.10831832885742,-118.05526733398438,LOS ANGELES,TEMPLE CITY,-118.05526733398438,34.108219146728516
9550329,2023,2023-03-20,1900,2023-02-17,2030,637318,0532,5,5,5,1959,0,0,0,NA,0,53T1PM,GRAVES AV,KELBURN AV,66,E,N,A,-,N,NA,NA,NA,NA,NA,NA,NA,NA,NA,Y,2,0,4,2,A,-,03,22350,NA,N,A,C,A,A,H,-,C,D,0,NA,NA,NA,NA,Y,NA,A,01,4,0,0,0,0,0,0,0,0,-,-,34.05453872680664,-118.09438323974608,LOS ANGELES,ROSEMEAD,-118.09440612792967,34.05453872680664
9550330,2023,2023-03-17,1900,2023-02-13,1525,637318,0521,1,5,4,1971,0,0,0,NA,0,51PM,ENCINITA AV,WOOLLEY ST,41,S,N,A,-,N,NA,NA,NA,NA,NA,NA,NA,NA,NA,Y,3,0,1,1,A,-,08,22107,NA,N,E,I,A,A,H,-,A,A,0,NA,NA,NA,NA,Y,NA,A,07,0,1,0,0,0,0,0,0,0,-,-,34.11534881591797,-118.06800079345705,LOS ANGELES,TEMPLE CITY,-118.06816864013672,34.11543655395508
9550331,2023,2023-03-20,1900,2023-02-17,1812,537318,0530,5,5,5,1959,0,0,0,NA,0,53T2PM,WALNUT GROVE AV,MISSION DR,0,NA,Y,A,-,N,NA,NA,NA,NA,NA,NA,NA,NA,NA,Y,3,0,2,2,A,-,09,21801,A,N,A,C,A,A,H,-,C,A,0,NA,NA,NA,NA,Y,NA,A,07,0,2,0,0,0,0,0,0,0,-,-,34.08776092529297,-118.08219146728516,LOS ANGELES,ROSEMEAD,-118.08213043212892,34.08776092529297
9550332,2023,2023-03-17,1900,2023-02-20,1154,526680,0530,1,5,5,1959,0,0,0,NA,0,54AM,MISSION DR,IVAR AV,283,E,N,A,-,N,NA,NA,NA,NA,NA,NA,NA,NA,NA,Y,4,0,1,2,A,-,08,22107,NA,N,D,C,A,A,H,-,A,D,0,NA,NA,NA,NA,Y,NA,A,08,0,0,1,0,0,0,0,0,0,-,-,34.08470153808594,-118.0746612548828,LOS ANGELES,ROSEMEAD,-118.07469940185548,34.084815979003906
9550333,2023,2023-03-20,1900,2023-02-13,1319,630203,0522,1,5,4,1971,0,0,0,NA,0,52K1AM,ROSEMEAD BL,HERMOSA DR,0,NA,Y,A,-,N,NA,NA,NA,NA,NA,NA,NA,NA,NA,Y,3,0,2,2,D,-,00,NA,NA,N,D,C,A,A,H,-,A,D,0,NA,NA,NA,NA,Y,NA,-,-,0,2,0,0,0,0,0,0,0,-,-,34.10633850097656,-118.07357788085938,LOS ANGELES,TEMPLE CITY,-118.0735092163086,34.106300354003906
9550334,2023,2023-03-17,1900,2023-02-09,1118,541469,0562,4,5,3,1968,0,0,0,NA,0,55T1D,MAPLEFIELD ST,ALLGEYER AV,395,E,N,A,-,N,NA,NA,NA,NA,NA,NA,NA,NA,NA,N,3,0,1,2,A,-,11,21954,A,N,G,B,D,A,H,-,A,D,0,Y,NA,NA,NA,Y,NA,N,60,0,1,0,0,1,0,0,0,0,-,-,34.02190017700195,-118.02310180664064,LOS ANGELES,SOUTH EL MONTE,-118.04217529296876,34.03871154785156
9550339,2023,2023-03-17,1916,2023-02-22,2144,2378,E44R1,3,5,4,1916,0,0,0,NA,0,EAST,VIRGINIA AV,BICKLEY DR,47,S,N,A,-,N,NA,NA,NA,NA,NA,NA,NA,NA,NA,Y,3,0,3,2,A,-,01,23153,A,N,C,C,A,B,H,-,C,D,0,NA,NA,NA,NA,Y,Y,A,01,0,3,0,0,0,0,0,0,0,-,-,34.097938537597656,-117.87653350830078,LOS ANGELES,COVINA,-117.87654113769533,34.09782028198242
9550340,2023,2023-03-17,1916,2023-02-19,1404,2999,W15C1,7,5,4,1916,0,0,0,NA,0,WEST,NORTH AZUSA AV,W COVINA BL,240,S,N,A,-,N,NA,NA,NA,NA,NA,NA,NA,NA,NA,N,3,0,1,2,A,-,03,22350,NA,N,C,C,A,A,H,-,A,A,0,NA,NA,NA,NA,Y,NA,A,01,0,1,0,0,0,0,0,0,0,-,-,NA,NA,LOS ANGELES,COVINA,-117.9076690673828,34.0987434387207
9550341,2023,2023-03-20,1916,2023-02-24,1711,3052,E57R1,5,5,4,1916,0,0,0,NA,0,EAST,E WANAMAKER DR,E WANAMAKER DR 1100,0,NA,-,C,-,N,NA,NA,NA,NA,NA,NA,NA,NA,NA,N,4,0,1,5,A,-,01,23152,A,F,D,C,A,B,H,-,A,D,0,NA,NA,NA,NA,Y,Y,A,01,0,0,1,0,0,0,0,0,0,-,-,34.08744812011719,-117.86721801757813,LOS ANGELES,COVINA,NA,NA
9550342,2023,2023-03-20,1916,2023-02-24,1923,2831,W20R1,5,5,4,1916,0,0,0,NA,0,WEST,SAN BERNARDINO RD,ELSPETH WY,314,W,N,C,-,N,NA,NA,NA,NA,NA,NA,NA,NA,NA,N,2,0,1,2,A,-,11,21954,A,N,G,B,D,B,H,-,C,D,0,Y,NA,NA,NA,Y,NA,N,60,1,0,0,0,1,0,0,0,0,-,-,34.089111328125,-117.90518188476564,LOS ANGELES,COVINA,-117.90618133544922,34.089134216308594
9550361,2023,2023-03-14,1900,2023-01-31,2045,634145,0533,2,5,5,1959,0,0,0,NA,0,53T1PM,WALNUT GROVE AV,FERN AV,0,NA,Y,A,-,N,NA,NA,NA,NA,NA,NA,NA,NA,NA,Y,3,0,1,2,A,-,09,21801,A,N,D,C,A,A,H,-,C,A,0,NA,NA,NA,NA,Y,NA,A,01,0,1,0,0,0,0,0,0,0,-,-,34.05908966064453,-118.08184051513672,LOS ANGELES,ROSEMEAD,-118.08192443847656,34.059043884277344
9550362,2023,2023-03-14,1900,2023-01-30,1553,529539,0532,1,5,5,1959,0,0,0,NA,0,53T1PM,GARVEY AV,STRATHMORE AV,0,NA,Y,A,-,N,NA,NA,NA,NA,NA,NA,NA,NA,NA,Y,3,0,3,3,A,-,09,21802,A,N,A,C,A,A,H,-,A,D,0,NA,NA,NA,NA,Y,NA,A,01,0,1,2,0,0,0,0,0,0,-,-,34.06262969970703,-118.0971221923828,LOS ANGELES,ROSEMEAD,-118.09712982177734,34.06264114379883
9550374,2023,2023-03-14,1928,2023-01-28,740,50435,502,6,5,5,1928,0,0,0,NA,0,503,KORNBLUM AV,ROSECRANS AV,0,NA,Y,A,-,N,NA,NA,NA,NA,NA,NA,NA,NA,NA,Y,4,0,1,2,A,-,08,22107,NA,N,C,C,A,A,H,-,A,A,0,NA,NA,NA,NA,Y,NA,A,01,0,0,1,0,0,0,0,0,0,-,-,33.90187072753906,-118.33746337890624,LOS ANGELES,HAWTHORNE,-118.3373794555664,33.90192794799805
9550485,2022,2023-03-14,1941,2022-09-27,1113,10142,NORTH,2,5,7,1941,0,0,0,NA,0,024,E SOUTH ST,DOWNEY AV,0,NA,-,A,-,N,NA,NA,NA,NA,NA,NA,NA,NA,NA,Y,3,0,1,2,A,-,09,21804,A,N,D,C,A,A,H,-,A,D,0,NA,NA,NA,NA,Y,NA,A,01,0,1,0,0,0,0,0,0,0,-,-,33.8602294921875,-118.15322875976564,LOS ANGELES,LONG BEACH,-118.15118408203124,33.86022186279297
9550486,2022,2023-03-23,1941,2022-09-23,1831,11133,NA,5,5,7,1941,0,0,0,NA,0,NA,E BROADWAY & BONITA AV,BONITO AV,0,NA,N,A,-,N,NA,NA,NA,NA,NA,NA,NA,NA,NA,N,3,0,1,2,A,-,08,22107,NA,N,D,C,A,A,H,-,A,A,0,NA,NA,NA,NA,Y,NA,-,NA,0,1,0,0,0,0,0,0,0,-,-,NA,NA,LOS ANGELES,LONG BEACH,-118.180419921875,33.76892852783203
9550487,2022,2023-03-14,1941,2022-09-23,1457,10819,WEST,5,5,7,1941,0,0,0,NA,0,004,PACIFIC AV,15TH ST,5,S,N,A,-,N,NA,NA,NA,NA,NA,NA,NA,NA,NA,N,3,0,1,2,A,-,00,24153,A,N,D,G,A,A,H,-,A,A,0,NA,Y,NA,NA,Y,NA,A,01,0,1,0,0,0,0,1,0,0,-,-,33.78533172607422,-118.19373321533205,LOS ANGELES,LONG BEACH,-118.19373321533205,33.78622817993164
9550488,2022,2023-03-14,1941,2022-09-23,1353,11546,3,5,5,7,1941,0,0,0,NA,0,024,CHERRY AV,E ARTESIA BL,6,N,N,A,-,N,NA,NA,NA,NA,NA,NA,NA,NA,NA,N,2,0,1,2,A,-,08,22107,NA,N,G,G,A,A,H,-,A,A,0,NA,Y,NA,NA,Y,NA,A,08,1,0,0,0,0,0,1,0,0,-,-,33.87464904785156,-118.1686782836914,LOS ANGELES,LONG BEACH,-118.16867065429688,33.87460708618164
9550489,2022,2023-03-14,1941,2022-09-23,0758,11093,NORTH,5,5,7,1941,0,0,0,NA,0,020,E DEL AMO BL,BRAYTON AV,0,NA,Y,A,-,N,NA,NA,NA,NA,NA,NA,NA,NA,NA,Y,3,0,1,2,A,-,08,22107,NA,N,D,C,A,A,H,-,A,D,0,NA,NA,NA,NA,Y,Y,A,01,0,1,0,0,0,0,0,0,0,-,-,33.84696960449219,-118.17601776123048,LOS ANGELES,LONG BEACH,-118.17604064941406,33.84690475463867
9550490,2022,2023-03-14,1941,2022-09-22,0000,10549,NORTH,4,5,7,1941,0,0,0,NA,0,024,E 68TH ST,ROSE AV,0,NA,Y,A,-,N,NA,NA,NA,NA,NA,NA,NA,NA,NA,N,3,0,2,2,A,-,12,22450,A,N,D,C,A,A,H,-,A,D,0,NA,NA,NA,NA,Y,NA,A,01,0,2,0,0,0,0,0,0,0,-,-,33.87826919555664,-118.17089080810548,LOS ANGELES,LONG BEACH,-118.1708984375,33.878257751464844
9550491,2022,2023-03-14,1941,2022-09-23,0756,NA,3,5,5,7,1941,0,0,0,NA,0,024,55TH WY,PARAMOUNT BL,22,E,N,A,-,N,NA,NA,NA,NA,NA,NA,NA,NA,NA,Y,3,0,1,2,A,-,00,12500,A,N,D,C,A,A,H,-,A,A,0,NA,NA,NA,NA,Y,NA,A,01,0,1,0,0,0,0,0,0,0,-,-,33.85697937011719,-118.1598663330078,LOS ANGELES,LONG BEACH,-118.1598892211914,33.85697937011719
9550492,2022,2023-03-14,1941,2022-09-20,0230,10793,NORTH,2,5,7,1941,0,0,0,NA,0,024,E ARTESIA BL,OBISPO AV,32,E,N,A,-,N,NA,NA,NA,NA,NA,NA,NA,NA,NA,Y,3,0,1,2,A,-,03,22350,NA,N,C,C,A,A,H,-,C,A,0,NA,NA,NA,NA,Y,NA,A,08,0,1,0,0,0,0,0,0,0,-,-,33.87471008300781,-118.1556396484375,LOS ANGELES,LONG BEACH,-118.15554809570313,33.87464141845703
9550493,2022,2023-03-20,1941,2022-09-20,1030,10938,EAST,2,5,7,1941,0,0,0,NA,0,015,STUDEBAKER RD,ATHERTON ST,0,NA,Y,A,-,N,NA,NA,NA,NA,NA,NA,NA,NA,NA,N,3,0,1,2,A,-,09,21801,A,N,A,C,A,A,H,-,A,A,0,NA,NA,NA,NA,Y,NA,A,01,0,1,0,0,0,0,0,0,0,-,-,33.78868103027344,-118.09928131103516,LOS ANGELES,LONG BEACH,-118.09960174560548,33.78849411010742
9550494,2022,2023-03-14,1941,2022-09-19,1536,11230,3,1,5,7,1941,0,0,0,NA,0,022,ATLANTIC AV,59TH ST,0,NA,Y,A,-,N,NA,NA,NA,NA,NA,NA,NA,NA,NA,N,3,0,2,2,A,-,11,21456,B,N,A,B,B,A,H,-,A,A,0,Y,NA,NA,NA,Y,NA,N,60,0,2,0,0,1,0,0,0,0,-,-,33.861881256103516,-118.18498229980467,LOS ANGELES,LONG BEACH,-118.1850357055664,33.86188888549805