CASE_ID,ACCIDENT_YEAR,PROC_DATE,JURIS,COLLISION_DATE,COLLISION_TIME,OFFICER_ID,REPORTING_DISTRICT,DAY_OF_WEEK,CHP_SHIFT,POPULATION,CNTY_CITY_LOC,SPECIAL_COND,BEAT_TYPE,CHP_BEAT_TYPE,CITY_DIVISION_LAPD,CHP_BEAT_CLASS,BEAT_NUMBER,PRIMARY_RD,SECONDARY_RD,DISTANCE,DIRECTION,INTERSECTION,WEATHER_1,WEATHER_2,STATE_HWY_IND,CALTRANS_COUNTY,CALTRANS_DISTRICT,STATE_ROUTE,ROUTE_SUFFIX,POSTMILE_PREFIX,POSTMILE,LOCATION_TYPE,RAMP_INTERSECTION,SIDE_OF_HWY,TOW_AWAY,COLLISION_SEVERITY,NUMBER_KILLED,NUMBER_INJURED,PARTY_COUNT,PRIMARY_COLL_FACTOR,PCF_CODE_OF_VIOL,PCF_VIOL_CATEGORY,PCF_VIOLATION,PCF_VIOL_SUBSECTION,HIT_AND_RUN,TYPE_OF_COLLISION,MVIW,PED_ACTION,ROAD_SURFACE,ROAD_COND_1,ROAD_COND_2,LIGHTING,CONTROL_DEVICE,CHP_ROAD_TYPE,PEDESTRIAN_ACCIDENT,BICYCLE_ACCIDENT,MOTORCYCLE_ACCIDENT,TRUCK_ACCIDENT,NOT_PRIVATE_PROPERTY,ALCOHOL_INVOLVED,STWD_VEHTYPE_AT_FAULT,CHP_VEHTYPE_AT_FAULT,COUNT_SEVERE_INJ,COUNT_VISIBLE_INJ,COUNT_COMPLAINT_PAIN,COUNT_PED_KILLED,COUNT_PED_INJURED,COUNT_BICYCLIST_KILLED,COUNT_BICYCLIST_INJURED,COUNT_MC_KILLED,COUNT_MC_INJURED,PRIMARY_RAMP,SECONDARY_RAMP,LATITUDE,LONGITUDE,COUNTY,CITY,POINT_X,POINT_Y
9553412,2023,2023-03-08,1942,2023-01-31,1525,41652,1267,2,5,7,1942,0,0,0,L,0,12X19,WEST 83RD ST,SOUTH VERMONT ST,0,NA,Y,A,-,N,NA,NA,NA,NA,NA,NA,NA,NA,NA,Y,3,0,1,2,A,-,12,21453,A,N,D,C,A,A,H,-,A,A,0,NA,NA,NA,NA,Y,NA,A,01,0,1,0,0,0,0,0,0,0,-,-,NA,NA,LOS ANGELES,LOS ANGELES,-118.29183197021484,33.96364974975586
9553413,2023,2023-03-07,1900,2023-01-17,1304,525033,0241,2,5,3,1914,0,0,0,NA,0,27T,TRIGGS ST,ATLANTIC BL,455,W,N,A,-,N,NA,NA,NA,NA,NA,NA,NA,NA,NA,Y,2,0,1,2,A,-,05,21460,A,N,A,C,A,A,H,-,A,D,0,NA,NA,Y,NA,Y,NA,C,02,1,0,0,0,0,0,0,0,1,-,-,34.01036071777344,-118.16060638427734,LOS ANGELES,COMMERCE,-118.16009521484376,34.01023864746094
9553414,2023,2023-03-07,1900,2023-01-11,2337,648688,0243,3,5,3,1914,0,0,0,NA,0,27TE,ATLANTIC BL,SHEILA ST,0,NA,Y,A,-,N,NA,NA,NA,NA,NA,NA,NA,NA,NA,Y,2,0,3,2,A,-,01,23153,A,N,A,C,A,A,H,-,C,A,0,NA,NA,NA,NA,Y,Y,A,07,1,1,1,0,0,0,0,0,0,-,-,34.002010345458984,-115.55555725097656,LOS ANGELES,COMMERCE,-118.16928100585938,34.001983642578125
9553415,2023,2023-03-14,1900,2023-01-20,550,534575,0250,5,5,4,1945,0,0,0,NA,0,26T,SLAUSON AV,GIFFORD AV,0,NA,Y,C,-,N,NA,NA,NA,NA,NA,NA,NA,NA,NA,N,3,0,1,2,A,-,08,22107,NA,N,-,B,B,B,H,-,C,A,0,Y,NA,NA,NA,Y,NA,A,01,0,1,0,0,1,0,0,0,0,-,-,NA,NA,LOS ANGELES,MAYWOOD,-118.1922607421875,33.987815856933594
9553416,2023,2023-03-14,1900,2023-01-19,630,649318,0247,4,5,3,1914,0,0,0,NA,0,27T,SLAUSON AV,GREENWOOD AV,300,E,N,A,-,N,NA,NA,NA,NA,NA,NA,NA,NA,NA,Y,4,0,1,1,A,-,08,22107,A,N,A,I,A,A,H,-,A,D,0,NA,NA,NA,NA,Y,Y,A,01,0,0,1,0,0,0,0,0,0,-,-,NA,NA,LOS ANGELES,COMMERCE,-118.1293716430664,33.97695541381836
9553417,2023,2023-03-14,1900,2023-01-30,1514,547945,0262,1,5,4,1917,0,0,0,NA,0,20N4,FLORENCE AV,ATLANTIC BL,10,E,N,B,-,N,NA,NA,NA,NA,NA,NA,NA,NA,NA,N,4,0,1,1,A,-,03,22350,A,M,E,I,A,A,G,-,A,D,0,NA,NA,NA,NA,Y,NA,A,01,0,0,1,0,0,0,0,0,0,-,-,NA,NA,LOS ANGELES,CUDAHY,-118.18801879882813,33.970298767089844
9553418,2023,2023-03-07,1900,2023-01-22,934,525033,0246,7,5,3,1914,0,0,0,NA,0,27T,SLAUSON AV,GARFIELD AV,85,E,N,A,-,N,NA,NA,NA,NA,NA,NA,NA,NA,NA,N,4,0,4,2,A,-,04,21703,NA,N,C,C,A,A,H,-,A,D,0,NA,NA,NA,NA,Y,NA,A,07,0,0,4,0,0,0,0,0,0,-,-,33.98215103149414,-118.14118194580078,LOS ANGELES,COMMERCE,-118.14132690429688,33.982200622558594
9553420,2023,2023-03-07,1900,2023-01-31,1227,525033,0244,2,5,3,1914,0,0,0,NA,0,27T,WASHINGTON BL,FITZGERALD AV,23,E,N,A,-,N,NA,NA,NA,NA,NA,NA,NA,NA,NA,Y,3,0,1,2,A,-,09,21801,A,N,D,C,A,A,H,-,A,-,0,NA,NA,NA,NA,Y,NA,A,01,0,1,0,0,0,0,0,0,0,-,-,34.000728607177734,-118.16127014160156,LOS ANGELES,COMMERCE,-118.16114044189452,34.00076675415039
9553421,2023,2023-03-16,1925,2023-02-13,2213,29633,216,1,5,6,1925,0,0,0,NA,0,002,PACIFIC AV,PIONEER DR S,5,N,N,A,-,N,NA,NA,NA,NA,NA,NA,NA,NA,NA,NA,4,0,1,2,A,-,08,22107,NA,N,B,C,A,A,H,-,C,D,0,NA,NA,NA,NA,Y,NA,A,07,0,0,1,0,0,0,0,0,0,-,-,34.15486145019531,-118.26457214355467,LOS ANGELES,GLENDALE,-118.26461029052734,34.15485382080078
9553422,2023,2023-03-13,1925,2023-02-24,2000,27563,248,5,5,6,1925,0,0,0,NA,0,002,BROADWAY,BRAND BL,5,E,N,C,-,N,NA,NA,NA,NA,NA,NA,NA,NA,NA,N,3,0,1,2,A,-,10,21950,A,F,G,B,B,B,H,-,C,A,0,Y,NA,NA,NA,Y,NA,A,07,0,1,0,0,1,0,0,0,0,-,-,NA,NA,LOS ANGELES,GLENDALE,-118.25511932373048,34.1462516784668
9553424,2023,2023-03-13,1925,2023-02-08,1940,29270,0188,3,5,6,1925,0,0,0,NA,0,001,GLENWOOD RD,WINCHESTER AV,20,E,N,A,-,N,NA,NA,NA,NA,NA,NA,NA,NA,NA,NA,4,0,1,2,A,-,08,22107,NA,N,B,E,A,A,H,-,C,D,0,NA,NA,NA,NA,Y,NA,A,01,0,0,1,0,0,0,0,0,0,-,-,34.1727409362793,-118.28629302978516,LOS ANGELES,GLENDALE,-118.28626251220705,34.17268371582031
9553427,2023,2023-03-13,1900,2023-02-19,1250,489533,0451,7,5,6,1949,0,0,0,NA,0,43T1,FIRESTONE BL,IMPERIAL HWY,82,N,N,A,-,N,NA,NA,NA,NA,NA,NA,NA,NA,NA,Y,4,0,2,2,A,-,03,22350,NA,N,C,C,A,A,H,-,A,A,0,NA,NA,NA,NA,Y,NA,A,01,0,0,2,0,0,0,0,0,0,-,-,NA,NA,LOS ANGELES,NORWALK,-118.09039306640624,33.91722869873047
9553428,2023,2023-03-13,1900,2023-02-17,1559,643386,0460,5,5,4,1936,0,0,0,NA,0,46T1/P,IMPERIAL HWY,LA MIRADA BL,10,W,N,A,-,N,NA,NA,NA,NA,NA,NA,NA,NA,NA,N,4,0,1,2,A,-,11,21453,D,N,G,B,B,A,H,-,A,A,0,Y,NA,NA,NA,Y,NA,N,60,0,0,1,0,1,0,0,0,0,-,-,NA,NA,LOS ANGELES,LA MIRADA,-118.01202392578124,33.91712951660156
9553430,2023,2023-03-13,1900,2023-02-10,1701,647476,0453,5,5,6,1949,0,0,0,NA,0,43T1PM,STUDEBAKER RD,IMPERIAL HWY,72,S,N,A,-,N,NA,NA,NA,NA,NA,NA,NA,NA,NA,Y,3,0,2,4,A,-,05,21650,NA,N,A,C,A,A,H,-,A,A,0,NA,NA,NA,NA,Y,NA,A,07,0,1,1,0,0,0,0,0,0,-,-,NA,NA,LOS ANGELES,NORWALK,-118.09931182861328,33.91682434082031
9553433,2023,2023-03-13,1920,2023-02-08,1235,11792,1920,3,5,6,1920,0,0,0,NA,0,001,IMPERIAL HWY,ARDIS AV,100,E,N,A,-,N,NA,NA,NA,NA,NA,NA,NA,NA,NA,N,4,0,2,3,A,-,05,21651,B,N,H,-,A,A,H,-,A,D,0,NA,NA,NA,NA,Y,NA,A,07,0,0,2,0,0,0,0,0,0,-,-,NA,NA,LOS ANGELES,DOWNEY,-118.12944793701172,33.916961669921875
9553434,2023,2023-03-13,1920,2023-02-14,844,11792,1920,2,5,6,1920,0,0,0,NA,0,005,FIRESTONE BL,MYRTLE ST,0,NA,Y,A,-,N,NA,NA,NA,NA,NA,NA,NA,NA,NA,N,4,0,3,2,A,-,09,21801,A,N,D,C,A,A,H,-,A,D,0,NA,NA,NA,NA,Y,NA,A,07,0,0,3,0,0,0,0,0,0,-,-,NA,NA,LOS ANGELES,DOWNEY,-118.13660430908205,33.94207000732422
9553435,2023,2023-03-13,1920,2023-02-15,711,11792,1920,3,5,6,1920,0,0,0,NA,0,003,PARAMOUNT BL,VISTA DEL ROSA ST,0,NA,Y,A,-,N,NA,NA,NA,NA,NA,NA,NA,NA,NA,N,4,0,3,2,D,-,00,NA,NA,N,D,C,A,A,H,-,A,A,0,NA,NA,NA,NA,Y,NA,-,-,0,0,3,0,0,0,0,0,0,-,-,NA,NA,LOS ANGELES,DOWNEY,-118.1177215576172,33.96584701538086
9553436,2023,2023-03-13,1920,2023-02-18,747,13500,1920,6,5,6,1920,0,0,0,NA,0,001,BELLFLOWER BL,IMPERIAL HWY,75,S,N,A,-,N,NA,NA,NA,NA,NA,NA,NA,NA,NA,N,4,0,1,2,A,-,03,22350,NA,N,C,C,A,A,H,-,A,A,0,NA,NA,NA,NA,Y,NA,A,07,0,0,1,0,0,0,0,0,0,-,-,NA,NA,LOS ANGELES,DOWNEY,-118.12549591064452,33.91675567626953
9553437,2023,2023-03-13,1920,2023-02-19,1514,13321,1920,7,5,6,1920,0,0,0,NA,0,001,BELLFLOWER BL,APOLLO WY,0,NA,Y,A,-,N,NA,NA,NA,NA,NA,NA,NA,NA,NA,N,3,0,3,2,D,-,00,NA,NA,N,D,C,A,A,H,-,A,A,0,NA,NA,NA,NA,Y,NA,-,-,0,1,2,0,0,0,0,0,0,-,-,NA,NA,LOS ANGELES,DOWNEY,-118.12549591064452,33.92265701293945
9553438,2023,2023-03-13,1920,2023-02-12,1351,13500,1920,7,5,6,1920,0,0,0,NA,0,006,BROOKSHIRE AV,FIRESTONE BL,0,NA,Y,A,-,N,NA,NA,NA,NA,NA,NA,NA,NA,NA,Y,3,0,2,2,A,-,09,21801,A,N,D,C,A,A,H,-,A,A,0,NA,NA,NA,NA,Y,NA,A,01,0,1,1,0,0,0,0,0,0,-,-,NA,NA,LOS ANGELES,DOWNEY,-118.1296615600586,33.93821716308594
9553439,2023,2023-03-13,1906,2023-02-19,1926,4450,NA,7,5,5,1906,0,0,0,NA,0,001,RAMONA BL,FOSTER AV,0,NA,Y,A,-,N,NA,NA,NA,NA,NA,NA,NA,NA,NA,Y,4,0,2,2,A,-,09,21801,A,N,D,C,A,A,H,-,C,D,0,NA,NA,NA,NA,Y,NA,A,01,0,0,2,0,0,0,0,0,0,-,-,NA,NA,LOS ANGELES,BALDWIN PARK,-117.98101043701172,34.0815315246582
9553440,2023,2023-03-13,1920,2023-02-08,914,13022,NA,3,5,6,1920,0,0,0,NA,0,NA,ALAMEDA ST,BIRCHDALE AV,0,NA,Y,A,-,N,NA,NA,NA,NA,NA,NA,NA,NA,NA,N,4,0,1,2,A,-,01,23152,A,N,D,C,A,A,H,-,A,A,0,NA,NA,NA,NA,Y,Y,A,01,0,0,1,0,0,0,0,0,0,-,-,NA,NA,LOS ANGELES,DOWNEY,-118.13655090332033,33.9254264831543
9553442,2023,2023-03-21,1925,2023-02-23,44,29235,227,4,5,6,1925,0,0,0,NA,0,004,BRAND BL,GOODE AV,0,NA,Y,A,-,N,NA,NA,NA,NA,NA,NA,NA,NA,NA,Y,4,0,1,2,A,-,12,21453,A,N,D,C,A,A,H,-,C,A,0,NA,NA,NA,NA,Y,NA,D,22,0,0,1,0,0,0,0,0,0,-,-,NA,NA,LOS ANGELES,GLENDALE,-118.2551498413086,34.15676498413086
9553443,2023,2023-03-09,1942,2023-02-10,210,44939,0256,5,5,7,1942,0,0,0,B,0,2A5,BONNIE BRAE ST,7TH ST,100,S,N,A,-,N,NA,NA,NA,NA,NA,NA,NA,NA,NA,Y,3,0,1,5,A,-,05,21651,B,F,A,B,F,A,H,-,C,D,0,Y,NA,NA,NA,Y,NA,A,01,0,1,0,0,1,0,0,0,0,-,-,NA,NA,LOS ANGELES,LOS ANGELES,-118.27471923828124,34.055206298828125
9553445,2023,2023-03-21,1920,2023-02-15,1328,13118,1920,3,5,6,1920,0,0,0,NA,0,006,GURLEY AV,DE PALMA ST,281,N,N,A,-,N,NA,NA,NA,NA,NA,NA,NA,NA,NA,Y,4,0,2,3,A,-,09,21804,A,N,D,C,A,A,H,-,A,D,0,NA,NA,NA,Y,Y,NA,A,01,0,0,2,0,0,0,0,0,0,-,-,NA,NA,LOS ANGELES,DOWNEY,-118.13860321044922,33.934688568115234
9553449,2023,2023-03-25,1920,2023-02-15,743,11792,1920,3,5,6,1920,0,0,0,NA,0,001,WOODRUFF AV,WASHBURN RD,219,S,N,A,-,N,NA,NA,NA,NA,NA,NA,NA,NA,NA,N,4,0,1,3,A,-,09,21801,A,N,D,C,A,A,H,-,A,A,0,NA,NA,NA,NA,Y,NA,A,08,0,0,1,0,0,0,0,0,0,-,-,NA,NA,LOS ANGELES,DOWNEY,-118.11670684814452,33.923709869384766
9553458,2022,2023-03-23,1941,2022-12-03,1322,11563,3,6,5,7,1941,0,0,0,NA,0,023,ATLANTIC AV,RT 91,0,NA,Y,A,-,Y,LA,7,91,-,R,12.24,R,4,E,Y,4,0,3,2,A,-,12,21453,A,N,D,C,A,A,H,-,A,A,0,NA,NA,NA,Y,Y,NA,A,01,0,0,3,0,0,0,0,0,0,-,EO,33.87683868408203,-118.1860580444336,LOS ANGELES,LONG BEACH,-118.18374633789064,33.876731872558594
9553462,2022,2023-03-08,1941,2022-11-26,1713,10364,EAST,6,5,7,1941,0,0,0,NA,0,010,NIETO AV,E BROADWAY,100,N,N,A,-,N,NA,NA,NA,NA,NA,NA,NA,NA,NA,Y,3,0,1,3,D,-,00,NA,NA,N,A,C,A,A,H,-,C,A,0,NA,NA,NA,Y,Y,NA,-,-,0,1,0,0,0,0,0,0,0,-,-,33.76443862915039,-118.13287353515624,LOS ANGELES,LONG BEACH,-118.13287353515624,33.764713287353516
9553463,2023,2023-03-25,1942,2023-02-02,1342,35327,0191,4,5,7,1942,0,0,0,A,0,24MQ45,FIGUEROA ST,15TH DR,0,NA,Y,A,-,N,NA,NA,NA,NA,NA,NA,NA,NA,NA,N,4,0,1,2,A,-,00,21760,A,N,B,G,A,A,H,-,A,D,0,NA,Y,NA,NA,Y,NA,I,20,0,0,1,0,0,0,1,0,0,-,-,NA,NA,LOS ANGELES,LOS ANGELES,-118.26971435546876,34.03799819946289
9553465,2023,2023-04-05,1920,2023-02-24,810,13965,NA,5,5,6,1920,0,0,0,NA,0,001,FOSTER RD,BELLFLOWER BL,0,NA,Y,C,-,N,NA,NA,NA,NA,NA,NA,NA,NA,NA,Y,4,0,2,3,A,-,09,21801,A,N,A,C,A,B,H,-,A,A,0,NA,NA,NA,NA,Y,NA,A,01,0,0,2,0,0,0,0,0,0,-,-,NA,NA,LOS ANGELES,DOWNEY,-118.12535858154295,33.909751892089844
9553469,2023,2023-03-25,1920,2023-02-25,801,13500,1920,6,5,6,1920,0,0,0,NA,0,004,FLORENCE AV,WOODRUFF AV,36,W,N,B,C,N,NA,NA,NA,NA,NA,NA,NA,NA,NA,N,4,0,2,2,A,-,03,22350,NA,N,C,C,A,B,H,-,A,A,0,NA,NA,NA,NA,Y,NA,D,22,0,0,2,0,0,0,0,0,0,-,-,NA,NA,LOS ANGELES,DOWNEY,-118.1104736328125,33.944087982177734
9553473,2023,2023-03-21,1920,2023-02-11,2133,14072,1920,6,5,6,1920,0,0,0,NA,0,004,LAKEWOOD,CECILIA ST,0,NA,Y,A,-,N,NA,NA,NA,NA,NA,NA,NA,NA,NA,Y,3,0,1,2,A,-,12,21453,A,N,B,C,A,A,H,-,C,A,0,NA,NA,NA,NA,Y,NA,A,01,0,1,0,0,0,0,0,0,0,-,-,NA,NA,LOS ANGELES,DOWNEY,-118.12187957763672,33.93902587890625
9553478,2022,2023-03-08,1941,2022-12-21,1047,10238,1,3,5,7,1941,0,0,0,NA,0,008,ESPERANZA AV,EAST OCEAN BL,21,S,N,A,-,N,NA,NA,NA,NA,NA,NA,NA,NA,NA,Y,3,0,1,3,A,-,03,22350,NA,N,C,C,A,A,H,-,A,D,0,NA,NA,NA,NA,Y,NA,-,NA,0,1,0,0,0,0,0,0,0,-,-,33.76543045043945,-118.17556762695313,LOS ANGELES,LONG BEACH,-118.17559051513672,33.76543045043945
9553601,2023,2023-03-13,1925,2023-02-22,1622,22783,252,3,5,6,1925,0,0,0,NA,0,003,BROADWAY,ADAMS ST,75,W,N,B,-,N,NA,NA,NA,NA,NA,NA,NA,NA,NA,NA,3,0,1,3,A,-,03,22350,NA,N,C,C,A,A,H,-,A,D,0,NA,NA,NA,NA,Y,NA,A,07,0,1,0,0,0,0,0,0,0,-,-,NA,NA,LOS ANGELES,GLENDALE,-118.2420654296875,34.14625930786133
9553604,2023,2023-03-13,1925,2023-02-04,1055,28380,190,6,5,6,1925,0,0,0,NA,0,001,GLENOAKS BL,ALLEN AV,0,NA,Y,A,-,N,NA,NA,NA,NA,NA,NA,NA,NA,NA,Y,4,0,2,2,A,-,12,21453,A,N,D,C,A,-,H,-,A,A,0,NA,NA,NA,NA,Y,NA,A,01,0,0,2,0,0,0,0,0,0,-,-,34.17393112182617,-118.29355621337892,LOS ANGELES,GLENDALE,-118.29360198974608,34.17386245727539
9553613,2023,2023-03-10,1941,2023-01-31,2203,11097,NORTH,2,5,7,1941,0,0,0,NA,0,024,PARAMOUNT BL & THOMPSON ST,SEA CLIFF CIR AND 69TH ST,0,NA,Y,A,-,N,NA,NA,NA,NA,NA,NA,NA,NA,NA,Y,3,0,2,1,C,-,18,NA,NA,N,A,I,A,A,H,-,C,D,0,NA,NA,NA,NA,Y,NA,-,-,0,2,0,0,0,0,0,0,0,-,-,33.88103103637695,-118.16002655029295,LOS ANGELES,LONG BEACH,-118.16008758544922,33.881011962890625
9553621,2023,2023-03-27,1942,2023-02-04,2225,39062,0237,6,5,7,1942,0,0,0,B,0,24T31,BEAUDRY AV,2ND ST,0,NA,Y,A,-,N,NA,NA,NA,NA,NA,NA,NA,NA,NA,Y,3,0,4,2,A,-,01,23152,A,N,D,C,A,A,H,-,C,A,0,NA,NA,NA,NA,Y,Y,A,01,0,2,2,0,0,0,0,0,0,-,-,NA,NA,LOS ANGELES,LOS ANGELES,-118.25531005859376,34.057945251464844
9553622,2023,2023-03-27,1942,2023-02-04,2200,38357,0205,6,5,7,1942,0,0,0,B,0,24TL34,SILVER LAKE BL,BELLEVUE,0,NA,Y,A,D,N,NA,NA,NA,NA,NA,NA,NA,NA,NA,N,4,0,1,2,A,-,09,21801,A,F,B,C,A,A,-,-,A,D,0,NA,NA,NA,NA,Y,NA,-,99,0,0,1,0,0,0,0,0,0,-,-,NA,NA,LOS ANGELES,LOS ANGELES,-118.27911376953124,34.0783576965332
9553623,2023,2023-03-27,1942,2023-02-08,1045,39129,0235,3,5,7,1942,0,0,0,B,0,24T24W,BEVERLY BL,LAKE ST,0,NA,Y,A,-,N,NA,NA,NA,NA,NA,NA,NA,NA,NA,N,4,0,1,2,A,-,09,21801,A,F,G,B,E,A,H,-,A,A,0,Y,NA,NA,NA,Y,NA,-,99,0,0,1,0,1,0,0,0,0,-,-,NA,NA,LOS ANGELES,LOS ANGELES,-118.27137756347656,34.06712341308594
9553624,2023,2023-03-27,1942,2023-02-05,1845,39062,0246,7,5,7,1942,0,0,0,B,0,24T31,WILSHIRE BL,WESTLAKE AV,0,NA,Y,A,-,N,NA,NA,NA,NA,NA,NA,NA,NA,NA,N,3,0,1,2,A,-,10,21950,A,F,G,B,B,A,H,-,C,A,0,Y,NA,NA,NA,Y,NA,-,99,0,1,0,0,1,0,0,0,0,-,-,NA,NA,LOS ANGELES,LOS ANGELES,-118.27471923828124,34.057376861572266
9553625,2023,2023-03-27,1942,2023-02-15,1742,45134,0153,3,5,7,1942,0,0,0,A,0,1A2,7TH ST,BROADWAY ST,100,E,N,A,-,N,NA,NA,NA,NA,NA,NA,NA,NA,NA,N,4,0,1,2,A,-,11,21956,A,N,G,B,D,A,H,-,C,D,0,Y,NA,NA,NA,Y,NA,N,60,0,0,1,0,1,0,0,0,0,-,-,NA,NA,LOS ANGELES,LOS ANGELES,-118.25305938720705,34.0450325012207
9553626,2023,2023-03-27,1942,2023-02-07,1640,37952,0118,2,5,7,1942,0,0,0,A,0,24TL58,MAIN ST,LEROY ST,120,S,N,A,-,N,NA,NA,NA,NA,NA,NA,NA,NA,NA,N,2,0,1,2,A,-,11,21954,A,N,G,B,D,A,H,-,A,D,0,Y,NA,NA,NA,Y,NA,N,60,1,0,0,0,1,0,0,0,0,-,-,NA,NA,LOS ANGELES,LOS ANGELES,-118.22992706298828,34.06559753417969
9553627,2023,2023-03-27,1942,2023-02-02,10,31324,0408,4,5,7,1942,0,0,0,D,0,24T34,HUNTINGTON DR,CASTALIA AV,66,E,N,A,-,N,NA,NA,NA,NA,NA,NA,NA,NA,NA,N,2,0,1,2,A,-,11,21954,A,F,G,B,D,A,H,-,C,A,0,Y,NA,NA,NA,Y,NA,N,60,1,0,0,0,1,0,0,0,0,-,-,NA,NA,LOS ANGELES,LOS ANGELES,-118.17681121826172,34.08686828613281
9553628,2023,2023-03-27,1942,2023-02-04,300,37505,0412,6,5,7,1942,0,0,0,D,0,24T34W,AVENUE 26,ARTESIA ST,78,N,N,A,-,N,NA,NA,NA,NA,NA,NA,NA,NA,NA,Y,3,0,2,2,A,-,01,23152,A,N,A,C,A,A,H,-,C,A,0,NA,NA,NA,NA,Y,Y,A,01,0,2,0,0,0,0,0,0,0,-,-,NA,NA,LOS ANGELES,LOS ANGELES,-118.21932983398438,34.08073043823242
9553630,2023,2023-03-27,1942,2023-02-16,1940,40957,0585,4,5,7,1942,0,0,0,E,0,25T35,25TH ST,ALMA ST,106,E,N,A,-,N,NA,NA,NA,NA,NA,NA,NA,NA,NA,Y,3,0,4,3,A,-,01,23152,A,N,C,C,A,A,H,-,C,A,0,NA,NA,NA,NA,Y,Y,A,07,0,4,0,0,0,0,0,0,0,-,-,NA,NA,LOS ANGELES,LOS ANGELES,-118.29871368408205,33.7215690612793
9553639,2023,2023-03-27,1942,2023-02-14,2055,40325,0204,2,5,7,1942,0,0,0,B,0,24T33,SUNSET BL,MICHELTORENA ST,0,NA,Y,A,-,N,NA,NA,NA,NA,NA,NA,NA,NA,NA,Y,3,0,1,3,A,-,01,23152,A,N,C,C,A,A,H,-,C,A,0,NA,NA,NA,NA,Y,Y,A,07,0,1,0,0,0,0,0,0,0,-,-,NA,NA,LOS ANGELES,LOS ANGELES,-118.27587127685548,34.08757019042969
9553641,2023,2023-03-20,1942,2023-02-01,215,45132,0233,3,5,7,1942,0,0,0,B,0,2A17,3RD ST,LA FAYETTE PARK PL,0,NA,Y,A,-,N,NA,NA,NA,NA,NA,NA,NA,NA,NA,Y,4,0,1,3,A,-,12,21453,A,M,D,D,A,A,H,-,C,A,0,NA,NA,NA,NA,Y,NA,-,-,0,0,1,0,0,0,0,0,0,-,-,NA,NA,LOS ANGELES,LOS ANGELES,-118.2806396484375,34.06706237792969
9553645,2023,2023-03-13,1942,2023-02-07,2015,40325,0245,2,5,7,1942,0,0,0,B,0,24T34,ALVARADO ST,WILSHIRE BL,260,N,N,A,-,N,NA,NA,NA,NA,NA,NA,NA,NA,NA,N,4,0,1,2,A,-,11,21954,A,M,G,B,E,A,H,-,C,A,0,Y,NA,NA,NA,Y,NA,N,60,0,0,1,0,1,0,0,0,0,-,-,NA,NA,LOS ANGELES,LOS ANGELES,-118.27547454833984,34.058570861816406
9553681,2023,2023-03-15,1920,2023-01-21,1244,13022,NA,6,5,6,1920,0,0,0,NA,0,005,FIRESTONE BL,MYRTLE ST,0,NA,Y,A,-,N,NA,NA,NA,NA,NA,NA,NA,NA,NA,Y,4,0,1,2,A,-,09,21802,A,N,D,C,A,A,H,-,A,A,0,NA,NA,NA,NA,Y,NA,A,07,0,0,1,0,0,0,0,0,0,-,-,NA,NA,LOS ANGELES,DOWNEY,-118.13660430908205,33.94207000732422
9553682,2023,2023-03-15,1900,2023-01-21,1123,494990,0470,6,5,4,1936,0,0,0,NA,0,46K2,ROSECRANS AV,ADELFA DR,0,NA,Y,A,-,N,NA,NA,NA,NA,NA,NA,NA,NA,NA,Y,4,0,4,2,A,-,12,21453,A,N,D,C,A,A,H,-,A,A,0,NA,NA,NA,NA,Y,NA,A,01,0,0,4,0,0,0,0,0,0,-,-,NA,NA,LOS ANGELES,LA MIRADA,-118.00521850585938,33.898895263671875
9553683,2023,2023-03-15,1920,2023-01-20,2044,14259,DOWNE,5,5,6,1920,0,0,0,NA,0,005,TELEGRAPH RD,PARAMOUNT BL,0,NA,Y,A,-,N,NA,NA,NA,NA,NA,NA,NA,NA,NA,Y,4,0,1,2,A,-,01,23152,A,N,D,C,A,A,H,-,C,A,0,NA,NA,NA,NA,Y,Y,A,01,0,0,1,0,0,0,0,0,0,-,-,NA,NA,LOS ANGELES,DOWNEY,-118.11577606201172,33.967071533203125
9553684,2023,2023-03-15,1920,2023-01-15,142,12457,NA,7,5,6,1920,0,0,0,NA,0,005,PARAMOUNT BL,FIRESTONE BL,9,N,N,C,-,N,NA,NA,NA,NA,NA,NA,NA,NA,NA,Y,4,0,1,2,A,-,08,22107,NA,F,D,C,A,B,H,-,C,A,0,NA,NA,NA,NA,Y,NA,A,07,0,0,1,0,0,0,0,0,0,-,-,NA,NA,LOS ANGELES,DOWNEY,-118.13793182373048,33.94279098510742
9553685,2023,2023-03-15,1942,2023-01-02,2220,42364,1249,1,5,7,1942,0,0,0,L,0,25T31,FIGUEROA ST,69TH ST,0,NA,Y,B,-,N,NA,NA,NA,NA,NA,NA,NA,NA,NA,Y,4,0,2,4,A,-,08,22103,NA,F,C,C,A,B,H,-,C,A,0,NA,NA,NA,NA,Y,NA,-,99,0,0,2,0,0,0,0,0,0,-,-,NA,NA,LOS ANGELES,LOS ANGELES,-118.28269958496094,33.97734832763672
9553686,2023,2023-03-15,1942,2023-01-01,1700,38306,1268,7,5,7,1942,0,0,0,L,0,25MX13,MAIN ST,E 83RD ST,0,NA,Y,A,-,N,NA,NA,NA,NA,NA,NA,NA,NA,NA,N,3,0,1,2,A,-,09,21804,NA,F,D,G,A,A,H,-,C,A,0,NA,Y,NA,NA,Y,NA,L,04,0,1,0,0,0,0,1,0,0,-,-,NA,NA,LOS ANGELES,LOS ANGELES,-118.27389526367188,33.963748931884766
9553687,2023,2023-03-15,1942,2023-01-29,145,41923,1263,7,5,7,1942,0,0,0,L,0,25T37,MANCHESTER AV,CIMARRON ST,5,W,N,A,-,N,NA,NA,NA,NA,NA,NA,NA,NA,NA,N,2,0,1,3,A,-,03,22350,NA,F,G,B,B,A,H,-,C,D,0,Y,NA,NA,NA,Y,NA,-,99,1,0,0,0,1,0,0,0,0,-,-,NA,NA,LOS ANGELES,LOS ANGELES,-118.31615447998048,33.9599609375