CASE_ID,ACCIDENT_YEAR,PROC_DATE,JURIS,COLLISION_DATE,COLLISION_TIME,OFFICER_ID,REPORTING_DISTRICT,DAY_OF_WEEK,CHP_SHIFT,POPULATION,CNTY_CITY_LOC,SPECIAL_COND,BEAT_TYPE,CHP_BEAT_TYPE,CITY_DIVISION_LAPD,CHP_BEAT_CLASS,BEAT_NUMBER,PRIMARY_RD,SECONDARY_RD,DISTANCE,DIRECTION,INTERSECTION,WEATHER_1,WEATHER_2,STATE_HWY_IND,CALTRANS_COUNTY,CALTRANS_DISTRICT,STATE_ROUTE,ROUTE_SUFFIX,POSTMILE_PREFIX,POSTMILE,LOCATION_TYPE,RAMP_INTERSECTION,SIDE_OF_HWY,TOW_AWAY,COLLISION_SEVERITY,NUMBER_KILLED,NUMBER_INJURED,PARTY_COUNT,PRIMARY_COLL_FACTOR,PCF_CODE_OF_VIOL,PCF_VIOL_CATEGORY,PCF_VIOLATION,PCF_VIOL_SUBSECTION,HIT_AND_RUN,TYPE_OF_COLLISION,MVIW,PED_ACTION,ROAD_SURFACE,ROAD_COND_1,ROAD_COND_2,LIGHTING,CONTROL_DEVICE,CHP_ROAD_TYPE,PEDESTRIAN_ACCIDENT,BICYCLE_ACCIDENT,MOTORCYCLE_ACCIDENT,TRUCK_ACCIDENT,NOT_PRIVATE_PROPERTY,ALCOHOL_INVOLVED,STWD_VEHTYPE_AT_FAULT,CHP_VEHTYPE_AT_FAULT,COUNT_SEVERE_INJ,COUNT_VISIBLE_INJ,COUNT_COMPLAINT_PAIN,COUNT_PED_KILLED,COUNT_PED_INJURED,COUNT_BICYCLIST_KILLED,COUNT_BICYCLIST_INJURED,COUNT_MC_KILLED,COUNT_MC_INJURED,PRIMARY_RAMP,SECONDARY_RAMP,LATITUDE,LONGITUDE,COUNTY,CITY,POINT_X,POINT_Y
9555516,2022,2023-03-09,1942,2022-12-21,1600,41516,0723,3,5,7,1942,0,0,0,G,0,27TL44,LA JOLLA AV,1ST ST,12,S,N,A,-,N,NA,NA,NA,NA,NA,NA,NA,NA,NA,N,2,0,1,2,A,-,05,21650,NA,N,B,G,A,A,H,-,A,A,0,NA,Y,NA,NA,Y,NA,L,04,1,0,0,0,0,0,1,0,0,-,-,NA,NA,LOS ANGELES,LOS ANGELES,-118.36799621582033,34.07424545288086
9555517,2022,2023-03-10,1942,2022-12-02,0545,39854,2029,5,5,7,1942,0,0,0,NA,0,20A39,VIRGIL AV,6TH ST,92,N,N,C,-,N,NA,NA,NA,NA,NA,NA,NA,NA,NA,N,2,0,1,2,A,-,11,21950,B,N,G,B,D,B,H,-,E,A,0,Y,NA,NA,NA,Y,NA,N,60,1,0,0,0,1,0,0,0,0,-,-,NA,NA,LOS ANGELES,LOS ANGELES,-118.28705596923828,34.06398391723633
9555518,2022,2023-03-09,1942,2022-12-09,1800,44632,0742,5,5,7,1942,0,0,0,G,0,6A76W7,BARROWS DR,SAN VICENTE BL,138,E,N,A,-,N,NA,NA,NA,NA,NA,NA,NA,NA,NA,N,2,0,1,2,B,-,22,NA,NA,N,G,B,F,A,H,-,C,D,0,Y,NA,NA,NA,Y,NA,A,07,1,0,0,0,1,0,0,0,0,-,-,NA,NA,LOS ANGELES,LOS ANGELES,-118.36557769775392,34.06037139892578
9555519,2022,2023-03-09,1942,2022-12-07,0904,42665,0773,3,5,7,1942,0,0,0,G,0,27TL23,VENICE BL,HAUSER BL,58,W,N,A,-,N,NA,NA,NA,NA,NA,NA,NA,NA,NA,N,2,0,1,2,A,-,07,21658,A,F,B,G,A,A,H,-,A,D,0,NA,Y,NA,NA,Y,NA,-,99,1,0,0,0,0,0,1,0,0,-,-,NA,NA,LOS ANGELES,LOS ANGELES,-118.35879516601564,34.04395294189453
9555520,2022,2023-03-09,1942,2022-12-05,0645,42656,0749,1,5,7,1942,0,0,0,G,0,27TL25,MUIRFIELD RD,OLYMPIC BL,0,NA,Y,B,-,N,NA,NA,NA,NA,NA,NA,NA,NA,NA,N,2,0,1,2,A,-,10,21950,A,N,G,B,B,B,H,-,B,A,0,Y,NA,NA,NA,Y,NA,A,01,1,0,0,0,1,0,0,0,0,-,-,NA,NA,LOS ANGELES,LOS ANGELES,-118.33139801025392,34.056243896484375
9555561,2023,2023-03-08,1920,2023-02-14,1049,13118,1920,2,5,6,1920,0,0,0,NA,0,006,BIRCHDALE AV,ALAMEDA ST,0,NA,Y,A,-,N,NA,NA,NA,NA,NA,NA,NA,NA,NA,Y,4,0,2,2,A,-,12,21453,A,N,D,C,A,A,H,-,A,A,0,NA,NA,NA,Y,Y,NA,A,01,0,0,2,0,0,0,0,0,0,-,-,NA,NA,LOS ANGELES,DOWNEY,-118.13655090332033,33.9254264831543
9555562,2023,2023-03-14,1900,2023-02-16,830,646466,1432,4,5,4,1937,0,0,0,NA,0,143T1,DEL VALLE AV,SIERRA VISTA CT,0,NA,Y,A,-,N,NA,NA,NA,NA,NA,NA,NA,NA,NA,Y,4,0,1,2,A,-,09,21802,A,N,D,C,A,A,H,-,A,D,0,NA,NA,NA,NA,Y,NA,A,01,0,0,1,0,0,0,0,0,0,-,-,34.03036117553711,-117.94399261474608,LOS ANGELES,LA PUENTE,-117.94396209716795,34.03036880493164
9555563,2023,2023-03-08,1900,2023-02-13,1432,515235,1418,1,5,1,1932,0,0,0,NA,0,141T5P,AZUSA AV,GALE AV,0,NA,Y,A,-,N,NA,NA,NA,NA,NA,NA,NA,NA,NA,Y,3,0,1,2,A,-,12,21453,A,N,A,C,A,A,H,-,A,A,0,NA,NA,NA,NA,Y,NA,A,01,0,1,0,0,0,0,0,0,0,-,-,34.00025177001953,-117.93064880371094,LOS ANGELES,INDUSTRY,-117.9308624267578,34.00017166137695
9555578,2023,2023-03-10,1906,2023-02-14,758,4425,NA,2,5,5,1906,0,0,0,NA,0,002,HARLAN AV,LUBICAN ST,188,N,N,A,-,N,NA,NA,NA,NA,NA,NA,NA,NA,NA,Y,4,0,1,2,A,-,09,21804,A,N,D,E,A,A,H,-,A,A,0,NA,NA,NA,NA,Y,NA,A,01,0,0,1,0,0,0,0,0,0,-,-,NA,NA,LOS ANGELES,BALDWIN PARK,-117.9810028076172,34.084774017333984
9555579,2023,2023-03-10,1906,2023-02-04,935,4458,NA,6,5,5,1906,0,0,0,NA,0,002,PHELAN AV,OLIVE ST,146,S,N,A,-,N,NA,NA,NA,NA,NA,NA,NA,NA,NA,N,4,0,1,2,A,-,09,21801,NA,N,D,C,A,A,H,-,A,D,0,NA,NA,NA,NA,Y,NA,A,01,0,0,1,0,0,0,0,0,0,-,-,NA,NA,LOS ANGELES,BALDWIN PARK,-117.95514678955078,34.099212646484375
9555580,2023,2023-03-10,1906,2023-02-05,1330,4458,NA,7,5,5,1906,0,0,0,NA,0,002,FRANCISQUITO AV,BALDWIN PARK BL,17,W,N,A,-,N,NA,NA,NA,NA,NA,NA,NA,NA,NA,N,4,0,2,2,A,-,04,21703,NA,N,C,C,A,A,H,-,A,D,0,NA,NA,NA,NA,Y,NA,A,01,0,0,2,0,0,0,0,0,0,-,-,NA,NA,LOS ANGELES,BALDWIN PARK,-117.97795104980467,34.071380615234375
9555581,2023,2023-03-08,1906,2023-02-13,1848,4434,NA,1,5,5,1906,0,0,0,NA,0,003,FRANCISQUITO AV,SIESTA AV,25,E,N,A,-,N,NA,NA,NA,NA,NA,NA,NA,NA,NA,Y,3,0,1,2,A,-,03,22350,NA,N,C,C,A,A,H,-,C,A,0,NA,NA,NA,NA,Y,NA,A,01,0,1,0,0,0,0,0,0,0,-,-,NA,NA,LOS ANGELES,BALDWIN PARK,-117.96617126464844,34.062713623046875
9555582,2023,2023-03-10,1906,2023-02-13,1227,284,1906,1,5,5,1906,0,0,0,NA,0,001,BLENHEIM ST,BARNES AV,180,W,N,A,-,N,NA,NA,NA,NA,NA,NA,NA,NA,NA,N,4,0,1,2,A,-,09,21804,A,N,B,C,A,A,H,-,A,D,0,NA,NA,NA,NA,Y,NA,-,-,0,0,1,0,0,0,0,0,0,-,-,NA,NA,LOS ANGELES,BALDWIN PARK,-117.99427032470705,34.07716369628906
9555583,2023,2023-03-10,1906,2023-02-04,1706,4442,NA,6,5,5,1906,0,0,0,NA,0,002,MAINE AV,PARK PLAZA,0,NA,Y,A,-,N,NA,NA,NA,NA,NA,NA,NA,NA,NA,N,3,0,2,3,A,-,10,21950,NA,N,G,B,B,A,H,-,A,A,0,Y,NA,NA,NA,Y,NA,A,01,0,1,1,0,2,0,0,0,0,-,-,NA,NA,LOS ANGELES,BALDWIN PARK,-121.26779174804688,38.642822265625
9555584,2023,2023-03-10,1953,2023-02-04,500,7508,1953,6,5,6,1953,0,0,0,NA,0,001,GLEN AV,DEL MONTE ST,0,NA,N,A,-,N,NA,NA,NA,NA,NA,NA,NA,NA,NA,N,3,0,1,2,A,-,03,22350,NA,N,C,E,A,A,H,-,C,A,0,NA,NA,NA,NA,Y,NA,A,01,0,1,0,0,0,0,0,0,0,-,-,NA,NA,LOS ANGELES,PASADENA,-118.15544128417967,34.17168426513672
9555586,2023,2023-03-10,1900,2023-02-12,1611,643735,1320,7,5,5,1935,0,0,0,NA,0,132T1,DEL AMO BL,ALFRED ST,0,NA,Y,A,-,N,NA,NA,NA,NA,NA,NA,NA,NA,NA,Y,4,0,3,2,A,-,09,21802,A,N,D,C,A,A,H,-,A,A,0,NA,NA,NA,NA,Y,NA,A,01,0,0,3,0,0,0,0,0,0,-,-,NA,NA,LOS ANGELES,LAKEWOOD,-118.158447265625,33.84687423706055
9555587,2023,2023-03-13,1900,2023-02-10,820,652731,1322,5,5,5,1935,0,0,0,NA,0,132T1,ALLINGTON ST,EASTBROOK AV,0,NA,Y,A,-,N,NA,NA,NA,NA,NA,NA,NA,NA,NA,N,3,0,1,2,A,-,09,21802,A,M,D,G,A,A,H,-,A,D,0,NA,Y,NA,NA,Y,NA,A,01,0,1,0,0,0,0,1,0,0,-,-,NA,NA,LOS ANGELES,LAKEWOOD,-118.1204071044922,33.86555099487305
9555589,2023,2023-03-09,1900,2023-02-14,2010,613235,1335,2,5,5,1908,0,0,0,NA,0,133T1,DOWNEY AV,64TH ST,0,NA,Y,A,-,N,NA,NA,NA,NA,NA,NA,NA,NA,NA,Y,3,0,2,3,A,-,03,22350,NA,N,C,C,A,A,H,-,C,A,0,NA,NA,NA,NA,Y,NA,A,08,0,2,0,0,0,0,0,0,0,-,-,33.87118911743164,-118.15129852294922,LOS ANGELES,BELLFLOWER,-118.15129089355467,33.87105941772461
9555590,2023,2023-03-10,1900,2023-02-17,820,629510,1365,5,5,5,1952,0,0,0,NA,0,136D,ROSECRANS AV,BIANCHI WY,0,NA,Y,A,-,N,NA,NA,NA,NA,NA,NA,NA,NA,NA,N,4,0,1,2,A,-,09,21801,A,N,D,C,A,A,H,-,A,A,0,NA,NA,NA,NA,Y,NA,A,07,0,0,1,0,0,0,0,0,0,-,-,NA,NA,LOS ANGELES,PARAMOUNT,NA,NA
9555591,2023,2023-03-09,1900,2023-02-13,1156,647144,1324,1,5,5,1935,0,0,0,NA,0,133T1,WOODRUFF AV,CARSON ST,15,N,N,A,-,N,NA,NA,NA,NA,NA,NA,NA,NA,NA,N,3,0,1,2,A,-,00,21955,A,N,G,B,C,A,H,-,A,D,0,Y,NA,NA,NA,Y,NA,N,60,0,1,0,0,1,0,0,0,0,-,-,NA,NA,LOS ANGELES,LAKEWOOD,-118.11653900146484,33.83237075805664
9555592,2023,2023-03-09,1900,2023-02-13,1045,632490,1328,1,5,5,1935,0,0,0,NA,0,132,209TH ST,PIONEER BL,0,NA,Y,A,-,N,NA,NA,NA,NA,NA,NA,NA,NA,NA,N,3,0,1,2,A,-,09,21801,A,N,D,C,A,A,H,-,A,D,0,NA,NA,Y,NA,Y,NA,A,07,0,1,0,0,0,0,0,0,1,-,-,NA,NA,LOS ANGELES,LAKEWOOD,-118.0819854736328,33.83964920043945
9555593,2023,2023-03-09,1900,2023-02-07,1507,656791,1369,2,5,5,1952,0,0,0,NA,0,136AD,DOWNEY AV,ALONDRA BL,40,S,N,A,-,N,NA,NA,NA,NA,NA,NA,NA,NA,NA,Y,4,0,1,3,A,-,09,21804,A,N,D,C,A,A,H,-,A,A,0,NA,NA,NA,NA,Y,NA,A,01,0,0,1,0,0,0,0,0,0,-,-,33.888641357421875,-118.15129852294922,LOS ANGELES,PARAMOUNT,-118.15145874023438,33.889060974121094
9555594,2023,2023-03-09,1900,2023-02-10,1456,643959,1368,5,5,5,1952,0,0,0,NA,0,136A,PARAMOUNT BL,JACKSON ST,100,N,N,A,-,N,NA,NA,NA,NA,NA,NA,NA,NA,NA,Y,4,0,1,2,A,-,09,21804,A,N,D,C,A,A,H,-,A,D,0,NA,NA,NA,NA,Y,NA,A,01,0,0,1,0,0,0,0,0,0,-,-,NA,NA,LOS ANGELES,PARAMOUNT,-118.1601333618164,33.885684967041016
9555595,2023,2023-03-09,1900,2023-02-14,1810,640404,1363,2,5,5,1952,0,0,0,NA,0,136F1,ROSECRANS AV,ORANGE AV,30,E,N,A,-,N,NA,NA,NA,NA,NA,NA,NA,NA,NA,N,4,0,1,2,A,-,04,21703,NA,M,C,C,A,A,H,-,C,A,0,NA,NA,NA,NA,Y,NA,A,01,0,0,1,0,0,0,0,0,0,-,-,NA,NA,LOS ANGELES,PARAMOUNT,-118.17747497558594,33.90358352661133
9555596,2023,2023-03-09,1900,2023-02-14,1836,613235,1337,2,5,5,1908,0,0,0,NA,0,133T1,ALONDRA BL,EUCALYPTUS AV,118,E,N,A,-,N,NA,NA,NA,NA,NA,NA,NA,NA,NA,Y,3,0,4,2,A,-,09,21804,A,N,-,C,A,A,H,-,C,D,0,NA,NA,NA,NA,Y,NA,A,07,0,4,0,0,0,0,0,0,0,-,-,33.88930892944336,-118.12159729003906,LOS ANGELES,BELLFLOWER,-118.12165069580078,33.88936996459961
9555597,2023,2023-03-09,1900,2023-02-14,1559,643822,1365,2,5,5,1952,0,0,0,NA,0,136A,ROSECRANS AV,BIANCHI WY,0,NA,Y,A,-,N,NA,NA,NA,NA,NA,NA,NA,NA,NA,N,3,0,1,2,A,-,09,21801,A,M,D,C,A,A,H,-,A,A,0,NA,NA,NA,NA,Y,NA,A,07,0,1,0,0,0,0,0,0,0,-,-,NA,NA,LOS ANGELES,PARAMOUNT,NA,NA
9555598,2023,2023-03-09,1900,2023-02-03,2002,647144,1335,5,5,5,1908,0,0,0,NA,0,133T1,BELLFLOWER BL,RT 91,85,S,N,A,-,N,NA,NA,NA,NA,NA,NA,NA,NA,NA,Y,4,0,1,2,A,-,12,21453,A,M,D,C,A,A,H,-,C,A,0,NA,NA,NA,NA,Y,NA,A,07,0,0,1,0,0,0,0,0,0,-,EF,NA,NA,LOS ANGELES,BELLFLOWER,-118.12521362304688,33.87583541870117
9555599,2023,2023-03-14,1900,2023-02-09,1510,643959,1362,4,5,5,1952,0,0,0,NA,0,136A,N SOMERSET RANCH RD,DOWNEY AV,50,W,N,A,-,N,NA,NA,NA,NA,NA,NA,NA,NA,NA,Y,4,0,1,1,C,-,18,NA,NA,N,E,I,A,A,H,-,A,D,0,NA,NA,NA,NA,Y,NA,-,-,0,0,1,0,0,0,0,0,0,-,-,NA,NA,LOS ANGELES,PARAMOUNT,-118.15262603759766,33.91313171386719
9555600,2023,2023-03-13,1900,2023-02-07,1905,654683,1331,2,5,5,1908,0,0,0,NA,0,133T2,ROSECRANS AV,FIDLER AV,56,E,N,A,-,N,NA,NA,NA,NA,NA,NA,NA,NA,NA,Y,3,0,2,2,A,-,21,22106,NA,N,D,C,A,A,H,-,C,D,0,NA,NA,NA,NA,Y,NA,A,01,0,1,1,0,0,0,0,0,0,-,-,NA,NA,LOS ANGELES,BELLFLOWER,-118.13166046142578,33.90400314331055
9555601,2022,2023-03-09,1942,2022-12-01,1030,43958,0782,4,5,7,1942,0,0,0,G,0,27T25,LA CIENEGA BL,SAWYER ST,0,NA,Y,B,-,N,NA,NA,NA,NA,NA,NA,NA,NA,NA,Y,2,0,1,2,A,-,09,21801,A,N,D,C,A,A,H,-,A,A,0,NA,NA,Y,NA,Y,NA,A,07,1,0,0,0,0,0,0,0,1,-,-,NA,NA,LOS ANGELES,LOS ANGELES,-118.3764190673828,34.04255294799805
9555628,2023,2023-03-24,1931,2023-02-18,2247,5346,1931,6,5,5,1931,0,0,0,NA,0,003,SATURN AV,PACIFIC BL,0,NA,Y,A,-,N,NA,NA,NA,NA,NA,NA,NA,NA,NA,Y,4,0,2,2,A,-,08,22107,NA,N,B,C,A,A,H,-,C,A,0,NA,NA,NA,NA,Y,NA,D,22,0,0,2,0,0,0,0,0,0,-,-,NA,NA,LOS ANGELES,HUNTINGTON PARK,-118.22518920898438,33.97690963745117
9555652,2023,2023-03-25,1902,2023-02-26,2200,835,35,7,5,5,1902,0,0,0,NA,0,005,BALDWIN AV,LAS TUNAS DR,0,NA,Y,A,-,N,NA,NA,NA,NA,NA,NA,NA,NA,NA,Y,4,0,1,2,A,-,03,22350,NA,N,C,C,A,A,H,-,C,A,0,NA,NA,NA,NA,Y,NA,A,07,0,0,1,0,0,0,0,0,0,-,-,NA,NA,LOS ANGELES,ARCADIA,-118.05231475830078,34.107723236083984
9555672,2023,2023-03-15,1942,2023-01-02,1310,35273,0238,1,5,7,1942,0,0,0,B,0,24MQ33,GLENDALE BL,ROCKWOOD ST,70,S,N,A,-,N,NA,NA,NA,NA,NA,NA,NA,NA,NA,Y,4,0,1,3,A,-,03,22350,NA,M,B,E,A,A,H,-,B,A,0,NA,NA,NA,NA,Y,Y,A,01,0,0,1,0,0,0,0,0,0,-,-,NA,NA,LOS ANGELES,LOS ANGELES,-118.25978088378906,34.06283950805664
9555701,2023,2023-03-29,1942,2023-02-03,1843,37505,0158,5,5,7,1942,0,0,0,A,0,24T34,ALAMEDA ST,6TH ST,0,NA,Y,A,-,N,NA,NA,NA,NA,NA,NA,NA,NA,NA,N,2,0,1,2,A,-,11,21954,A,N,G,B,D,A,H,-,C,A,0,Y,NA,NA,NA,Y,Y,N,60,1,0,0,0,1,0,0,0,0,-,-,NA,NA,LOS ANGELES,LOS ANGELES,-118.23841857910156,34.03818893432617
9555702,2023,2023-03-29,1942,2023-02-06,200,40421,0153,1,5,7,1942,0,0,0,A,0,24T31,BROADWAY,7TH ST,0,NA,Y,A,-,N,NA,NA,NA,NA,NA,NA,NA,NA,NA,Y,4,0,1,2,A,-,12,21453,A,F,D,C,A,A,H,-,C,A,0,NA,NA,NA,NA,Y,NA,-,99,0,0,1,0,0,0,0,0,0,-,-,NA,NA,LOS ANGELES,LOS ANGELES,-118.25331878662108,34.04520034790039
9555703,2023,2023-03-29,1942,2023-02-09,2040,36814,0105,4,5,7,1942,0,0,0,A,0,24T31,BISHOPS RD,STADIUM WY,50,E,N,A,-,N,NA,NA,NA,NA,NA,NA,NA,NA,NA,Y,3,0,1,2,A,-,01,23152,A,N,C,E,A,A,H,-,C,D,0,NA,NA,NA,NA,Y,Y,A,01,0,1,0,0,0,0,0,0,0,-,-,NA,NA,LOS ANGELES,LOS ANGELES,-118.23427581787108,34.07003402709961
9555704,2023,2023-03-29,1942,2023-02-07,2300,39876,0174,2,5,7,1942,0,0,0,A,0,24T31,LOS ANGELES ST,7TH ST,0,NA,Y,A,-,N,NA,NA,NA,NA,NA,NA,NA,NA,NA,N,3,0,1,2,A,-,12,21453,A,F,D,J,A,A,H,-,C,A,0,NA,NA,NA,NA,Y,NA,-,-,0,1,0,0,0,0,0,0,0,-,-,NA,NA,LOS ANGELES,LOS ANGELES,-118.25041198730467,34.04322814941406
9555705,2023,2023-03-29,1942,2023-02-09,20,41860,CENTR,4,5,7,1942,0,0,0,NA,0,RD158,MAIN ST,6TH ST,0,NA,Y,A,-,N,NA,NA,NA,NA,NA,NA,NA,NA,NA,N,3,0,1,2,A,-,12,21453,A,F,D,C,A,A,H,-,C,A,0,NA,NA,NA,NA,Y,Y,-,-,0,1,0,0,0,0,0,0,0,-,-,NA,NA,LOS ANGELES,LOS ANGELES,-118.24992370605467,34.04525375366211
9555707,2023,2023-03-29,1942,2023-02-05,1300,39129,1377,7,5,7,1942,0,0,0,M,0,24T29-,55TH ST,LONG BEACH AV,24,W,N,A,-,N,NA,NA,NA,NA,NA,NA,NA,NA,NA,Y,4,0,1,2,A,-,08,22107,NA,F,A,C,A,A,H,-,A,D,0,NA,NA,NA,NA,Y,NA,A,01,0,0,1,0,0,0,0,0,0,-,-,NA,NA,LOS ANGELES,LOS ANGELES,-118.24356079101564,33.99297332763672
9555709,2023,2023-03-29,1942,2023-02-10,50,44006,1372,5,5,7,1942,0,0,0,M,0,13A85,SAN PEDRO,55TH ST,0,NA,Y,A,-,N,NA,NA,NA,NA,NA,NA,NA,NA,NA,N,3,0,2,2,A,-,09,21800,A,N,F,C,A,A,H,-,C,A,0,NA,NA,NA,NA,Y,NA,A,01,0,1,1,0,0,0,0,0,0,-,-,NA,NA,LOS ANGELES,LOS ANGELES,-118.2701416015625,33.9924430847168
9555710,2023,2023-03-29,1942,2023-02-13,659,39129,1383,1,5,7,1942,0,0,0,M,0,24T22,MAIN ST,60TH ST,0,NA,Y,A,-,N,NA,NA,NA,NA,NA,NA,NA,NA,NA,N,2,0,1,2,A,-,10,21950,A,N,G,B,B,A,H,-,B,A,0,Y,NA,NA,NA,Y,NA,A,01,1,0,0,0,1,0,0,0,0,-,-,NA,NA,LOS ANGELES,LOS ANGELES,-118.27393341064452,33.98511505126953
9555711,2023,2023-03-29,1942,2023-02-18,1945,40325,0233,6,5,7,1942,0,0,0,B,0,24T34,3RD ST,RAMPART BL,42,E,N,A,-,N,NA,NA,NA,NA,NA,NA,NA,NA,NA,N,4,0,2,2,A,-,03,22350,NA,F,C,C,A,A,H,-,C,A,0,NA,NA,NA,NA,Y,NA,-,99,0,0,2,0,0,0,0,0,0,-,-,NA,NA,LOS ANGELES,LOS ANGELES,-118.27877807617188,34.06616973876953
9555712,2023,2023-03-25,1942,2023-02-19,1630,38942,0251,7,5,7,1942,0,0,0,B,0,24MQ37,WILSHIRE BL,LAFAYETTE PARK PL,10,S,N,A,-,N,NA,NA,NA,NA,NA,NA,NA,NA,NA,N,4,0,2,3,A,-,10,21950,A,F,G,B,B,A,H,-,A,D,0,Y,NA,NA,NA,Y,NA,-,99,0,0,2,0,2,0,0,0,0,-,-,NA,NA,LOS ANGELES,LOS ANGELES,-118.28324127197266,34.061336517333984
9555713,2023,2023-03-25,1942,2023-02-16,2250,40421,0245,4,5,7,1942,0,0,0,B,0,24T33,6TH ST,LAKE ST,0,NA,Y,A,-,N,NA,NA,NA,NA,NA,NA,NA,NA,NA,N,2,0,1,2,A,-,11,21950,B,F,G,B,B,A,H,-,C,A,0,Y,NA,NA,NA,Y,NA,N,60,1,0,0,0,1,0,0,0,0,-,-,NA,NA,LOS ANGELES,LOS ANGELES,-118.2760772705078,34.06007766723633
9555714,2023,2023-03-25,1942,2023-02-15,1635,33122,1102,3,5,7,1942,0,0,0,K,0,24MQ48,PERLITA AV,RIGALI AV,150,N,N,A,-,N,NA,NA,NA,NA,NA,NA,NA,NA,NA,N,2,0,1,2,A,-,03,22350,NA,F,G,B,E,A,H,-,A,D,0,Y,NA,NA,NA,Y,NA,-,99,1,0,0,0,1,0,0,0,0,-,-,NA,NA,LOS ANGELES,LOS ANGELES,-118.2676239013672,34.12961959838867
9555715,2023,2023-03-25,1942,2023-02-08,905,39743,1172,3,5,7,1942,0,0,0,K,0,11A1,GLENDALE BL,CLIFFORD ST,100,N,N,A,-,N,NA,NA,NA,NA,NA,NA,NA,NA,NA,N,3,0,1,2,A,-,03,22350,NA,F,C,C,A,A,H,-,A,A,0,NA,NA,NA,NA,Y,NA,-,99,0,1,0,0,0,0,0,0,0,-,-,NA,NA,LOS ANGELES,LOS ANGELES,-118.2593231201172,34.089210510253906
9555716,2023,2023-03-25,1942,2023-02-12,2230,34350,1128,7,5,7,1942,0,0,0,K,0,24T34,AVE 64,YORK BL,0,NA,Y,A,-,N,NA,NA,NA,NA,NA,NA,NA,NA,NA,N,3,0,1,2,A,-,10,21950,A,F,G,B,B,A,H,-,C,A,0,Y,NA,NA,NA,Y,NA,-,99,0,1,0,0,1,0,0,0,0,-,-,NA,NA,LOS ANGELES,LOS ANGELES,-118.18146514892578,34.114418029785156
9555717,2023,2023-03-25,1942,2023-02-26,1635,37952,0409,7,5,7,1942,0,0,0,D,0,24TI58,ALHAMBRA RD,HUNTINGTON DR,0,NA,Y,B,-,N,NA,NA,NA,NA,NA,NA,NA,NA,NA,N,2,0,1,2,A,-,10,21950,A,N,G,B,B,A,H,-,A,A,0,Y,NA,NA,NA,Y,NA,A,01,1,0,0,0,1,0,0,0,0,-,-,NA,NA,LOS ANGELES,LOS ANGELES,-118.15520477294922,34.09857177734375
9555718,2023,2023-03-25,1942,2023-02-21,1425,33122,0464,2,5,7,1942,0,0,0,D,0,24MQ48,CHICAGO ST,1ST ST,0,NA,Y,B,-,N,NA,NA,NA,NA,NA,NA,NA,NA,NA,N,3,0,1,2,A,-,10,21950,A,N,G,B,B,A,H,-,A,A,0,Y,NA,NA,NA,Y,NA,A,01,0,1,0,0,1,0,0,0,0,-,-,NA,NA,LOS ANGELES,LOS ANGELES,-118.21255493164064,34.04439926147461
9555719,2023,2023-03-25,1942,2023-02-06,1815,39508,0468,1,5,7,1942,0,0,0,D,0,24T32,1ST ST,EVERGREEN ST,0,NA,Y,A,-,N,NA,NA,NA,NA,NA,NA,NA,NA,NA,N,3,0,1,2,A,-,10,21950,A,F,G,B,B,A,H,-,C,A,0,Y,NA,NA,NA,Y,NA,-,99,0,1,0,0,1,0,0,0,0,-,-,NA,NA,LOS ANGELES,LOS ANGELES,-118.20240020751952,34.04042053222656
9555720,2023,2023-03-25,1942,2023-02-27,1400,31542,0453,1,5,7,1942,0,0,0,D,0,24R22,E CESAR E CHAVEZ AVE,STATE ST,204,E,N,C,-,N,NA,NA,NA,NA,NA,NA,NA,NA,NA,N,4,0,1,2,A,-,09,21801,A,F,D,G,A,B,H,-,A,A,0,NA,Y,NA,NA,Y,NA,-,99,0,0,1,0,0,0,1,0,0,-,-,NA,NA,LOS ANGELES,LOS ANGELES,-118.21453857421876,34.04983139038086
9555721,2023,2023-04-08,1942,2023-02-23,750,39395,0424,4,5,7,1942,0,0,0,D,0,24TL28,VALLEY BL,SOTO ST,0,NA,Y,A,-,N,NA,NA,NA,NA,NA,NA,NA,NA,NA,N,4,0,1,2,A,-,09,21801,A,N,D,C,A,A,H,-,A,D,0,NA,NA,NA,NA,Y,NA,A,01,0,0,1,0,0,0,0,0,0,-,-,NA,NA,LOS ANGELES,LOS ANGELES,-118.19702911376952,34.06454086303711
9555722,2023,2023-04-08,1942,2023-02-25,48,40325,1371,6,5,7,1942,0,0,0,M,0,24T34,BROADWAY,52ND PL,66,S,N,C,-,N,NA,NA,NA,NA,NA,NA,NA,NA,NA,Y,3,0,1,2,A,-,08,22107,NA,N,C,E,A,B,H,-,C,A,0,NA,NA,NA,NA,Y,NA,A,01,0,1,0,0,0,0,0,0,0,-,-,NA,NA,LOS ANGELES,LOS ANGELES,-118.27832794189452,33.99448776245117
9555723,2023,2023-04-08,1942,2023-02-01,1615,34458,1313,3,5,7,1942,0,0,0,M,0,24TK54,WALL ST,PICO BL,5,N,N,A,-,N,NA,NA,NA,NA,NA,NA,NA,NA,NA,N,3,0,1,2,A,-,08,22107,NA,F,D,G,A,A,H,-,A,D,0,NA,Y,NA,NA,Y,NA,-,99,0,1,0,0,0,0,1,0,0,-,-,NA,NA,LOS ANGELES,LOS ANGELES,-118.25649261474608,34.034149169921875
9555724,2023,2023-04-08,1942,2023-02-09,2206,39062,0454,4,5,7,1942,0,0,0,D,0,24T34,1ST ST,BOYLE AV,15,E,N,A,-,N,NA,NA,NA,NA,NA,NA,NA,NA,NA,Y,3,0,1,1,A,-,03,22350,NA,N,E,I,A,A,H,-,C,D,0,NA,NA,NA,NA,Y,NA,A,07,0,1,0,0,0,0,0,0,0,-,-,NA,NA,LOS ANGELES,LOS ANGELES,-118.21980285644533,34.0472297668457
9555725,2023,2023-04-08,1942,2023-02-10,1250,45072,0437,5,5,7,1942,0,0,0,D,0,4A12,VALLEY BL,VINEBURN,0,NA,Y,A,-,N,NA,NA,NA,NA,NA,NA,NA,NA,NA,Y,3,0,2,2,A,-,09,21801,A,N,A,D,A,A,H,-,A,A,0,NA,NA,NA,NA,Y,NA,A,07,0,1,1,0,0,0,0,0,0,-,-,NA,NA,LOS ANGELES,LOS ANGELES,-118.19004058837892,34.063228607177734