CASE_ID,ACCIDENT_YEAR,PROC_DATE,JURIS,COLLISION_DATE,COLLISION_TIME,OFFICER_ID,REPORTING_DISTRICT,DAY_OF_WEEK,CHP_SHIFT,POPULATION,CNTY_CITY_LOC,SPECIAL_COND,BEAT_TYPE,CHP_BEAT_TYPE,CITY_DIVISION_LAPD,CHP_BEAT_CLASS,BEAT_NUMBER,PRIMARY_RD,SECONDARY_RD,DISTANCE,DIRECTION,INTERSECTION,WEATHER_1,WEATHER_2,STATE_HWY_IND,CALTRANS_COUNTY,CALTRANS_DISTRICT,STATE_ROUTE,ROUTE_SUFFIX,POSTMILE_PREFIX,POSTMILE,LOCATION_TYPE,RAMP_INTERSECTION,SIDE_OF_HWY,TOW_AWAY,COLLISION_SEVERITY,NUMBER_KILLED,NUMBER_INJURED,PARTY_COUNT,PRIMARY_COLL_FACTOR,PCF_CODE_OF_VIOL,PCF_VIOL_CATEGORY,PCF_VIOLATION,PCF_VIOL_SUBSECTION,HIT_AND_RUN,TYPE_OF_COLLISION,MVIW,PED_ACTION,ROAD_SURFACE,ROAD_COND_1,ROAD_COND_2,LIGHTING,CONTROL_DEVICE,CHP_ROAD_TYPE,PEDESTRIAN_ACCIDENT,BICYCLE_ACCIDENT,MOTORCYCLE_ACCIDENT,TRUCK_ACCIDENT,NOT_PRIVATE_PROPERTY,ALCOHOL_INVOLVED,STWD_VEHTYPE_AT_FAULT,CHP_VEHTYPE_AT_FAULT,COUNT_SEVERE_INJ,COUNT_VISIBLE_INJ,COUNT_COMPLAINT_PAIN,COUNT_PED_KILLED,COUNT_PED_INJURED,COUNT_BICYCLIST_KILLED,COUNT_BICYCLIST_INJURED,COUNT_MC_KILLED,COUNT_MC_INJURED,PRIMARY_RAMP,SECONDARY_RAMP,LATITUDE,LONGITUDE,COUNTY,CITY,POINT_X,POINT_Y
9555726,2023,2023-04-08,1942,2023-02-24,1845,40421,0185,5,5,7,1942,0,0,0,A,0,24T32,OLYMPIC BL,LOS ANGELES ST,0,NA,Y,C,-,N,NA,NA,NA,NA,NA,NA,NA,NA,NA,Y,3,0,2,3,A,-,12,21453,A,F,D,C,A,B,H,-,C,A,0,NA,NA,NA,NA,Y,NA,A,01,0,1,1,0,0,0,0,0,0,-,-,NA,NA,LOS ANGELES,LOS ANGELES,-118.25582122802734,34.03955841064453
9555727,2023,2023-04-08,1942,2023-02-23,510,37540,0112,4,5,7,1942,0,0,0,A,0,24TL27,BROADWAY,TEMPLE ST,0,NA,Y,B,-,N,NA,NA,NA,NA,NA,NA,NA,NA,NA,Y,2,0,2,2,A,-,09,21801,A,N,D,C,A,A,H,-,C,A,0,NA,NA,Y,NA,Y,NA,A,07,1,0,1,0,0,0,0,0,1,-,-,NA,NA,LOS ANGELES,LOS ANGELES,-118.24359130859376,34.055755615234375
9555728,2023,2023-04-08,1942,2023-02-23,1225,32973,0185,4,5,7,1942,0,0,0,A,0,24TL21,LOS ANGELES ST,OLYMPIC BL,0,NA,Y,B,-,N,NA,NA,NA,NA,NA,NA,NA,NA,NA,Y,3,0,1,2,A,-,09,21801,A,N,D,C,A,A,H,-,A,A,0,NA,NA,Y,NA,Y,NA,A,01,0,1,0,0,0,0,0,0,1,-,-,NA,NA,LOS ANGELES,LOS ANGELES,-118.25582122802734,34.03955841064453
9555729,2023,2023-04-08,1942,2023-02-21,1410,42876,0152,2,5,7,1942,0,0,0,A,0,24MQ76,HOPE ST,6TH ST,306,N,N,A,-,N,NA,NA,NA,NA,NA,NA,NA,NA,NA,Y,3,0,1,1,C,-,18,NA,NA,N,E,I,A,A,-,-,A,D,0,NA,NA,NA,NA,Y,NA,-,-,0,1,0,0,0,0,0,0,0,-,-,NA,NA,LOS ANGELES,LOS ANGELES,-118.25572967529295,34.050106048583984
9555730,2023,2023-04-08,1942,2023-02-12,220,37505,0184,7,5,7,1942,0,0,0,A,0,24T32,HOPE ST,12TH ST,23,N,N,A,-,N,NA,NA,NA,NA,NA,NA,NA,NA,NA,N,4,0,1,2,A,-,03,22350,NA,F,D,C,A,A,H,-,C,A,0,NA,NA,NA,NA,Y,NA,-,99,0,0,1,0,0,0,0,0,0,-,-,NA,NA,LOS ANGELES,LOS ANGELES,-118.26433563232422,34.0408821105957
9555731,2023,2023-04-08,1942,2023-02-07,1015,40024,0192,2,5,7,1942,0,0,0,A,0,24MQ53,HILL ST,18TH ST,0,NA,Y,A,-,N,NA,NA,NA,NA,NA,NA,NA,NA,NA,N,2,0,1,2,A,-,12,21453,A,N,D,C,A,A,H,-,A,A,0,NA,NA,NA,NA,Y,NA,A,08,1,0,0,0,0,0,0,0,0,-,-,NA,NA,LOS ANGELES,LOS ANGELES,-118.26570892333984,34.03326416015625
9555735,2023,2023-04-08,1900,2023-02-17,1459,655224,2814,5,5,5,1915,0,0,0,NA,0,283T1,ROSECRANS AV,CULVER AV,0,NA,Y,A,-,N,NA,NA,NA,NA,NA,NA,NA,NA,NA,N,4,0,1,2,A,-,03,22350,NA,N,H,A,A,A,H,-,A,D,0,NA,NA,Y,NA,Y,NA,C,02,0,0,1,0,0,0,0,0,1,-,-,NA,NA,LOS ANGELES,COMPTON,-118.2265167236328,33.903377532958984
9555736,2023,2023-04-08,1900,2023-02-15,1641,655224,2821,3,5,5,1915,0,0,0,NA,0,283T1,SANTA FE AV,OAKS ST,8,N,N,A,-,N,NA,NA,NA,NA,NA,NA,NA,NA,NA,N,4,0,1,3,A,-,09,21802,A,N,D,C,A,A,H,-,A,A,0,NA,NA,NA,NA,Y,NA,A,01,0,0,1,0,0,0,0,0,0,-,-,33.90959167480469,-118.2165069580078,LOS ANGELES,COMPTON,-118.21639251708984,33.90964126586914
9555737,2023,2023-04-08,1900,2023-02-19,1251,660930,2825,7,5,5,1915,0,0,0,NA,0,282T1,ROSECRANS AV,HARRIS AV,0,NA,Y,A,-,N,NA,NA,NA,NA,NA,NA,NA,NA,NA,Y,3,0,2,2,D,-,00,NA,NA,N,D,C,A,A,H,-,A,A,0,NA,NA,NA,NA,Y,NA,-,-,0,1,1,0,0,0,0,0,0,-,-,33.903480529785156,-118.19928741455078,LOS ANGELES,COMPTON,-118.19934844970705,33.903594970703125
9555738,2023,2023-04-08,1900,2023-02-08,648,645885,2834,3,5,5,1915,0,0,0,NA,0,282T1,CENTRAL AV,GREENLEAF BL,525,S,N,A,-,N,NA,NA,NA,NA,NA,NA,NA,NA,NA,N,3,0,1,2,A,-,03,22350,NA,N,C,C,A,A,H,-,A,D,0,NA,NA,NA,NA,Y,NA,A,07,0,1,0,0,0,0,0,0,0,-,-,33.87997055053711,-118.24867248535156,LOS ANGELES,COMPTON,-118.24868011474608,33.87892150878906
9555740,2023,2023-04-08,1900,2023-02-06,541,660930,2844,1,5,5,1915,0,0,0,NA,0,282T1,ALONDRA BL,SANTA FE AV,0,NA,Y,A,-,N,NA,NA,NA,NA,NA,NA,NA,NA,NA,Y,4,0,1,2,A,-,12,21453,A,N,D,C,A,A,H,-,C,A,0,NA,NA,NA,NA,Y,NA,A,07,0,0,1,0,0,0,0,0,0,-,-,33.88859939575195,-118.2161102294922,LOS ANGELES,COMPTON,-118.21607971191406,33.88859939575195
9555781,2023,2023-03-20,1942,2023-01-24,2330,36814,0235,2,5,7,1942,0,0,0,B,0,24TL32,23RD ST,ALVARADO ST,35,E,N,A,-,N,NA,NA,NA,NA,NA,NA,NA,NA,NA,N,2,0,2,3,A,-,11,21954,A,F,G,B,E,A,H,-,D,D,0,Y,NA,NA,NA,Y,NA,N,60,1,1,0,0,2,0,0,0,0,-,-,NA,NA,LOS ANGELES,LOS ANGELES,NA,NA
9555782,2023,2023-03-20,1942,2023-01-01,150,42420,0257,7,5,7,1942,0,0,0,B,0,2A92,WITMER ST,WILSHIRE BL,0,NA,Y,C,-,N,NA,NA,NA,NA,NA,NA,NA,NA,NA,Y,2,0,1,3,A,-,12,21453,NA,F,G,B,B,B,-,-,C,A,0,Y,NA,NA,NA,Y,NA,-,99,1,0,0,0,1,0,0,0,0,-,-,NA,NA,LOS ANGELES,LOS ANGELES,-118.26669311523438,34.0538215637207
9555783,2023,2023-03-20,1942,2023-01-10,855,32973,0299,2,5,7,1942,0,0,0,B,0,24TL21,UNION AV,14TH ST,125,N,N,B,C,N,NA,NA,NA,NA,NA,NA,NA,NA,NA,N,4,0,1,2,A,-,21,22106,NA,F,C,C,A,B,H,-,A,D,0,NA,NA,NA,NA,Y,NA,-,-,0,0,1,0,0,0,0,0,0,-,-,NA,NA,LOS ANGELES,LOS ANGELES,-118.27774047851564,34.043331146240234
9555784,2023,2023-03-20,1942,2023-01-03,1705,39761,0257,2,5,7,1942,0,0,0,B,0,24TL58,LUCAS AV,7TH ST,0,NA,Y,A,-,N,NA,NA,NA,NA,NA,NA,NA,NA,NA,N,3,0,1,2,A,-,08,22107,NA,F,D,G,A,A,H,-,C,B,0,NA,Y,NA,NA,Y,NA,-,99,0,1,0,0,0,0,1,0,0,-,-,NA,NA,LOS ANGELES,LOS ANGELES,-118.26583099365234,34.051490783691406
9555785,2023,2023-03-20,1942,2023-01-03,2325,38050,0249,2,5,7,1942,0,0,0,B,0,24T31W,6TH ST,LUCAS AV,0,NA,Y,B,C,N,NA,NA,NA,NA,NA,NA,NA,NA,NA,N,2,0,1,2,A,-,10,21950,A,F,G,B,B,B,H,-,C,A,0,Y,NA,NA,NA,Y,NA,-,99,1,0,0,0,1,0,0,0,0,-,-,NA,NA,LOS ANGELES,LOS ANGELES,-118.26377105712892,34.05474853515625
9555786,2023,2023-03-20,1942,2023-01-01,1805,39889,0275,7,5,7,1942,0,0,0,B,0,24MQ39,OLYMPIC BL,BURLINGTON AV,27,E,N,B,-,N,NA,NA,NA,NA,NA,NA,NA,NA,NA,N,2,0,1,2,A,-,11,21954,A,N,G,B,D,A,H,-,A,D,0,Y,NA,NA,NA,Y,Y,N,60,1,0,0,0,1,0,0,0,0,-,-,NA,NA,LOS ANGELES,LOS ANGELES,-118.27645874023438,34.05020523071289
9555787,2023,2023-03-23,1942,2023-01-04,2255,36814,0201,3,5,7,1942,0,0,0,B,0,24T31,SANTA MONICA BL,NEW HAMPSHIRE,0,NA,Y,B,-,N,NA,NA,NA,NA,NA,NA,NA,NA,NA,N,3,0,1,2,A,-,10,21950,A,F,G,B,B,B,H,-,C,D,0,Y,NA,NA,NA,Y,NA,-,99,0,1,0,0,1,0,0,0,0,-,-,NA,NA,LOS ANGELES,LOS ANGELES,-118.29280853271484,34.09086608886719
9555788,2023,2023-03-20,1942,2023-01-04,2115,34350,0285,3,5,7,1942,0,0,0,B,0,24T32,PICO BL,UNION AV,0,NA,Y,B,-,N,NA,NA,NA,NA,NA,NA,NA,NA,NA,N,4,0,2,3,A,-,10,21950,A,F,G,B,B,B,H,-,C,A,0,Y,NA,NA,NA,Y,NA,-,99,0,0,2,0,2,0,0,0,0,-,-,NA,NA,LOS ANGELES,LOS ANGELES,-118.27695465087892,34.04465103149414
9555789,2023,2023-03-20,1942,2023-01-06,1950,33452,0464,5,5,7,1942,0,0,0,D,0,24T31,SOTO ST,4TH ST,103,S,N,A,-,N,NA,NA,NA,NA,NA,NA,NA,NA,NA,N,3,0,2,3,C,-,18,NA,NA,N,A,B,F,A,H,-,C,D,0,Y,NA,NA,NA,Y,NA,-,-,0,2,0,0,2,0,0,0,0,-,-,NA,NA,LOS ANGELES,LOS ANGELES,-118.21192932128906,34.04037094116211
9555790,2023,2023-03-20,1942,2023-01-22,755,38356,1391,7,5,7,1942,0,0,0,M,0,24MQ56,GAUGE AV,GRAND AV,0,NA,Y,A,-,N,NA,NA,NA,NA,NA,NA,NA,NA,NA,N,4,0,1,2,A,-,08,22107,NA,F,B,C,A,A,H,-,A,D,0,NA,NA,Y,NA,Y,NA,-,99,0,0,1,0,0,0,0,0,1,-,-,NA,NA,LOS ANGELES,LOS ANGELES,-118.28016662597656,33.98237228393555
9555791,2023,2023-03-20,1942,2023-01-20,1805,39889,1321,5,5,7,1942,0,0,0,M,0,24MQ39,MAIN ST,21ST ST,0,NA,Y,A,-,N,NA,NA,NA,NA,NA,NA,NA,NA,NA,N,3,0,1,3,A,-,12,22450,NA,F,D,C,A,A,H,-,A,A,0,NA,NA,NA,NA,Y,Y,-,99,0,1,0,0,0,0,0,0,0,-,-,NA,NA,LOS ANGELES,LOS ANGELES,-118.2660675048828,34.02897262573242
9555792,2023,2023-03-24,1942,2023-01-20,2145,34350,1313,5,5,7,1942,0,0,0,M,0,24T34,17TH ST,GRIFFITH AV,0,NA,Y,A,-,N,NA,NA,NA,NA,NA,NA,NA,NA,NA,N,4,0,1,2,A,-,12,21453,A,F,D,G,A,A,H,-,C,A,0,NA,Y,NA,NA,Y,NA,-,99,0,0,1,0,0,0,1,0,0,-,-,NA,NA,LOS ANGELES,LOS ANGELES,-118.25228881835938,34.027225494384766
9555793,2023,2023-03-23,1942,2023-01-31,1200,36527,1303,2,5,7,1942,0,0,0,M,0,24MQ42,11TH ST,CENTRAL AV,120,NA,N,A,-,N,NA,NA,NA,NA,NA,NA,NA,NA,NA,Y,3,0,1,3,A,-,05,21650,NA,N,B,G,A,A,H,-,A,D,0,NA,Y,NA,NA,Y,NA,A,01,0,1,0,0,0,0,1,0,0,-,-,NA,NA,LOS ANGELES,LOS ANGELES,-118.24480438232422,34.03094482421875
9555795,2023,2023-03-17,1900,2023-01-12,1840,647211,2825,4,5,5,1915,0,0,0,NA,0,282T1,ROSECRANS AV,HARRIS AV,83,E,N,A,-,N,NA,NA,NA,NA,NA,NA,NA,NA,NA,Y,4,0,1,1,A,-,08,22107,NA,N,E,I,A,A,H,-,C,-,0,NA,NA,NA,NA,Y,NA,A,01,0,0,1,0,0,0,0,0,0,-,-,33.903541564941406,-118.1989974975586,LOS ANGELES,COMPTON,-118.19907379150392,33.90359115600586
9555796,2023,2023-03-17,1900,2023-01-27,1240,647211,2813,5,5,5,1915,0,0,0,NA,0,282T1,PLUM ST,PAULSEN AV,0,NA,Y,A,-,N,NA,NA,NA,NA,NA,NA,NA,NA,NA,NA,4,0,1,2,A,-,09,21802,A,N,B,C,A,A,H,-,A,A,0,NA,NA,NA,NA,Y,NA,A,07,0,0,1,0,0,0,0,0,0,-,-,33.9046516418457,-118.23628997802734,LOS ANGELES,COMPTON,-118.23628997802734,33.90463638305664
9555797,2023,2023-03-17,1900,2023-01-13,58,635144,2825,5,5,5,1915,0,0,0,NA,0,281T1,LONG BEACH BL,PINE ST,224,N,N,A,-,N,NA,NA,NA,NA,NA,NA,NA,NA,NA,N,4,0,1,2,A,-,03,22350,NA,N,C,C,A,A,H,-,C,D,0,NA,NA,NA,NA,Y,NA,A,01,0,0,1,0,0,0,0,0,0,-,-,NA,NA,LOS ANGELES,COMPTON,-118.20895385742188,33.91077423095703
9555924,2022,2023-04-11,1941,2022-10-17,0955,11241,SOUTH,1,5,7,1941,0,0,0,NA,0,008,EAST 6TH ST,LINDEN AV,0,NA,Y,A,-,N,NA,NA,NA,NA,NA,NA,NA,NA,NA,N,3,0,1,2,A,-,08,22107,NA,N,D,C,A,A,H,-,A,A,0,NA,NA,NA,Y,Y,NA,F,26,0,1,0,0,0,0,0,0,0,-,-,33.774131774902344,-118.18637084960938,LOS ANGELES,LONG BEACH,-118.18634796142578,33.774147033691406
9555925,2022,2023-04-05,1900,2022-09-30,2230,626638,0245,5,5,3,1914,0,0,0,NA,0,27H,WASHINGTON BL,YATES AV,70,E,N,A,-,N,NA,NA,NA,NA,NA,NA,NA,NA,NA,N,4,0,1,2,A,-,08,22100,A,N,B,C,A,A,-,-,C,A,0,NA,NA,NA,Y,Y,Y,F,25,0,0,1,0,0,0,0,0,0,-,-,NA,NA,LOS ANGELES,COMMERCE,-118.13111877441406,33.999942779541016
9555936,2023,2023-12-20,1942,2023-02-15,2045,42251,1758,3,5,7,1942,0,0,0,Q,0,26T52W,LASSEN ST,WOODLEY AV,40,NA,N,B,-,N,NA,NA,NA,NA,NA,NA,NA,NA,NA,Y,4,0,1,2,A,-,08,22107,NA,F,D,C,A,A,H,-,C,A,0,NA,NA,NA,NA,Y,NA,A,07,0,0,1,0,0,0,0,0,0,-,-,NA,NA,LOS ANGELES,LOS ANGELES,-118.4849090576172,34.25014877319336
9555938,2023,2023-03-30,1900,2023-01-25,753,660930,2826,3,5,5,1915,0,0,0,NA,0,282T1,COMPTON BL,BRADFIELD AV,33,NA,N,A,-,N,NA,NA,NA,NA,NA,NA,NA,NA,NA,N,4,0,1,2,A,-,10,21950,A,N,G,B,B,A,H,-,A,D,0,Y,NA,NA,NA,Y,NA,D,22,0,0,1,0,1,0,0,0,0,-,-,33.89603042602539,-118.20359802246094,LOS ANGELES,COMPTON,-118.20369720458984,33.896053314208984
9555949,2023,2023-06-02,1941,2023-01-08,205,11362,NORTH,7,5,7,1941,0,0,0,NA,0,024,CHERRY AV,E 56TH ST,0,NA,N,A,-,N,NA,NA,NA,NA,NA,NA,NA,NA,NA,Y,4,0,1,11,A,-,07,21658,A,N,B,E,A,A,A,-,C,D,0,NA,NA,Y,NA,Y,NA,D,22,0,0,1,0,0,0,0,0,0,-,-,33.85786819458008,-118.16858673095705,LOS ANGELES,LONG BEACH,-118.16855621337892,33.85788345336914
9555957,2023,2023-03-29,1942,2023-02-28,1430,37613,1916,2,5,7,1942,0,0,0,NA,0,26TL76,HUBBARD ST,DRONFIELD AV,0,NA,Y,A,-,N,NA,NA,NA,NA,NA,NA,NA,NA,NA,Y,2,0,4,3,A,-,12,21453,A,N,D,C,A,A,H,-,A,A,0,NA,NA,NA,NA,Y,NA,A,01,1,3,0,0,0,0,0,0,0,-,-,NA,NA,LOS ANGELES,LOS ANGELES,-118.43326568603516,34.304779052734375
9555958,2023,2023-04-07,1900,2023-03-07,1823,655224,2812,2,5,5,1915,0,0,0,NA,0,283T1,ROSECRANS AV,WILMINGTON AV,38,E,N,A,-,N,NA,NA,NA,NA,NA,NA,NA,NA,NA,Y,4,0,1,2,A,-,03,22350,NA,N,C,C,A,A,H,-,C,D,0,NA,NA,NA,NA,Y,Y,A,07,0,0,1,0,0,0,0,0,0,-,-,33.9033203125,-118.23782348632813,LOS ANGELES,COMPTON,-118.2380142211914,33.90325164794922
9555961,2023,2023-04-17,1942,2023-02-19,1600,38996,1959,7,5,7,1942,0,0,0,NA,0,26TL77,LASSEN ST,NATICK AV,65,E,N,A,-,N,NA,NA,NA,NA,NA,NA,NA,NA,NA,Y,3,0,2,3,A,-,01,23152,A,N,-,C,A,A,H,-,A,D,0,NA,NA,NA,NA,Y,Y,A,01,0,1,1,0,0,0,0,0,0,-,-,NA,NA,LOS ANGELES,LOS ANGELES,-118.45221710205078,34.249942779541016
9555965,2023,2023-03-29,1942,2023-02-24,315,43822,2158,5,5,7,1942,0,0,0,NA,0,26T56,DE SOTO AV,VICTORY BL,0,NA,Y,C,-,N,NA,NA,NA,NA,NA,NA,NA,NA,NA,Y,3,0,3,2,A,-,01,23152,A,N,D,C,A,B,H,-,C,A,0,NA,NA,NA,NA,Y,Y,A,01,0,3,0,0,0,0,0,0,0,-,-,NA,NA,LOS ANGELES,LOS ANGELES,-118.5884017944336,34.18836212158203
9555968,2022,2023-03-28,1941,2022-10-13,0936,10842,1,4,5,7,1941,0,0,0,NA,0,006,W 3RD ST,PACIFIC AV,0,NA,Y,A,-,N,NA,NA,NA,NA,NA,NA,NA,NA,NA,Y,4,0,3,3,A,-,12,21453,A,N,D,C,A,A,H,-,A,A,0,NA,NA,NA,NA,Y,NA,A,01,0,0,3,0,0,0,0,0,0,-,-,33.77050018310547,-118.19371032714844,LOS ANGELES,LONG BEACH,-118.19371795654295,33.77050018310547
9555969,2023,2023-03-29,1942,2023-02-25,1715,42324,0985,6,5,7,1942,0,0,0,I,0,26T77,VENTURA BL,STANSBURY AV,150,E,N,C,-,N,NA,NA,NA,NA,NA,NA,NA,NA,NA,Y,3,0,3,2,A,-,01,23152,A,F,C,C,A,B,H,-,B,D,0,NA,NA,NA,NA,Y,Y,D,22,0,3,0,0,0,0,0,0,0,-,-,NA,NA,LOS ANGELES,LOS ANGELES,-118.440673828125,34.149593353271484
9555972,2022,2023-04-17,1941,2022-10-13,1456,10238,1,4,5,7,1941,0,0,0,NA,0,008,E BROADWAY,CHERRY AV,0,NA,N,A,-,N,NA,NA,NA,NA,NA,NA,NA,NA,NA,Y,3,0,2,2,A,-,09,21804,A,N,D,C,A,A,H,-,A,A,0,NA,NA,NA,NA,Y,NA,D,22,0,2,0,0,0,0,0,0,0,-,-,33.76729965209961,-118.16805267333984,LOS ANGELES,LONG BEACH,-118.16789245605467,33.76728820800781
9555974,2023,2023-03-28,1925,2023-03-03,1134,28595,218,5,5,6,1925,0,0,0,NA,0,002,COLORADO ST,KENILWORTH AV,0,NA,Y,A,-,N,NA,NA,NA,NA,NA,NA,NA,NA,NA,Y,4,0,2,2,A,-,03,22350,NA,N,D,C,A,A,H,-,A,A,0,NA,NA,NA,NA,Y,NA,D,22,0,0,2,0,0,0,0,0,0,-,-,34.14252853393555,-118.26717376708984,LOS ANGELES,GLENDALE,-118.26718902587892,34.14251708984375
9555979,2022,2023-04-07,1941,2022-10-08,0009,11091,NORTH,6,5,7,1941,0,0,0,NA,0,024,CHERRY AV,68TH ST,150,N,N,A,-,N,NA,NA,NA,NA,NA,NA,NA,NA,NA,Y,3,0,2,3,A,-,08,22107,NA,M,C,E,A,A,H,-,C,D,0,NA,NA,NA,NA,Y,NA,A,01,0,2,0,0,0,0,0,0,0,-,-,33.87828063964844,-118.16870880126952,LOS ANGELES,LONG BEACH,-118.16880035400392,33.878700256347656
9555981,2023,2023-04-03,1942,2023-02-27,2040,ZHOU4506,0901,1,5,7,1942,0,0,0,I,0,9A5W3,SEPULVEDA BL,CANTLAY ST,100,N,N,C,-,N,NA,NA,NA,NA,NA,NA,NA,NA,NA,Y,3,0,1,2,A,-,05,21651,B,F,A,C,A,B,H,-,C,D,0,NA,NA,NA,NA,Y,NA,A,01,0,1,0,0,0,0,0,0,0,-,-,NA,NA,LOS ANGELES,LOS ANGELES,-118.46620178222656,34.20246505737305
9555982,2023,2023-03-29,1925,2023-02-25,822,25649,198,6,5,6,1925,0,0,0,NA,0,001,SAN FERNANDO RD,WESTERN AV,0,NA,Y,C,-,N,NA,NA,NA,NA,NA,NA,NA,NA,NA,Y,4,0,1,2,A,-,12,21453,A,N,D,C,A,B,H,-,A,A,0,NA,NA,NA,NA,Y,NA,I,11,0,0,1,0,0,0,0,0,0,-,-,34.168800354003906,-118.29215240478516,LOS ANGELES,GLENDALE,-118.29218292236328,34.16878890991211
9555983,2022,2023-04-12,1941,2022-11-13,1520,11568,NORTH,7,5,7,1941,0,0,0,NA,0,020,CHERRY AV,DEL AMO BL,0,NA,Y,A,-,N,NA,NA,NA,NA,NA,NA,NA,NA,NA,Y,3,0,3,3,A,-,04,21703,NA,N,C,C,A,A,H,-,A,A,0,NA,NA,NA,Y,Y,NA,A,01,0,2,1,0,0,0,0,0,0,-,-,33.84695053100586,-118.1676025390625,LOS ANGELES,LONG BEACH,-118.16746520996094,33.846866607666016
9555987,2022,2023-04-10,1941,2022-11-04,1745,11530,5,5,5,7,1941,0,0,0,NA,0,002,CANAL AV,ANAHEIM ST,0,NA,Y,A,-,N,NA,NA,NA,NA,NA,NA,NA,NA,NA,Y,2,0,3,3,A,-,09,21801,A,N,D,C,A,A,H,-,C,A,0,NA,NA,NA,Y,Y,Y,A,01,1,0,2,0,0,0,0,0,0,-,-,NA,NA,LOS ANGELES,LONG BEACH,-118.21382904052734,33.78270721435547
9555991,2023,2023-03-29,1941,2023-01-29,2022,11121,EAST,7,5,7,1941,0,0,0,NA,0,018,E CARSON ST,LOS COYOTES DIAGONAL,0,NA,Y,C,-,N,NA,NA,NA,NA,NA,NA,NA,NA,NA,Y,3,0,2,3,A,-,03,22350,NA,N,C,C,A,B,H,-,C,A,0,NA,NA,NA,NA,Y,NA,A,01,0,2,0,0,0,0,0,0,0,-,-,NA,NA,LOS ANGELES,LONG BEACH,-118.09890747070313,33.83229446411133
9555994,2023,2023-04-29,1925,2023-03-13,1447,28595,278,1,5,6,1925,0,0,0,NA,0,002,CERRITOS AV,BRAND BL,200,W,N,A,-,N,NA,NA,NA,NA,NA,NA,NA,NA,NA,N,4,0,1,2,A,-,09,21804,A,N,C,C,A,A,H,-,A,D,0,NA,NA,NA,NA,Y,NA,D,22,0,0,1,0,0,0,0,0,0,-,-,34.12554931640625,-118.2548828125,LOS ANGELES,GLENDALE,-118.25479125976564,34.12554168701172
9555995,2023,2023-03-30,1941,2023-02-10,817,6130,PORT,5,5,7,1941,0,0,0,NA,0,025,S HARBOR SCENIC DR,S HARBOR SCENIC DR 1425,0,NA,Y,A,-,N,NA,NA,NA,NA,NA,NA,NA,NA,NA,Y,3,0,1,2,A,-,17,21652,NA,N,D,C,A,A,C,-,A,A,0,NA,NA,NA,NA,Y,NA,D,22,0,1,0,0,0,0,0,0,0,-,-,33.742950439453125,-118.18798828125,LOS ANGELES,LONG BEACH,-118.18717193603516,33.73905563354492
9555998,2023,2023-04-29,1925,2023-03-08,1946,22783,217,3,5,6,1925,0,0,0,NA,0,002,SAN FERNANDO RD,SALEM ST,0,NA,Y,B,C,N,NA,NA,NA,NA,NA,NA,NA,NA,NA,Y,4,0,1,2,A,-,09,21802,A,N,D,C,A,B,H,-,C,A,0,NA,NA,NA,NA,Y,NA,-,NA,0,0,1,0,0,0,0,0,0,-,-,34.14888000488281,-118.27285766601564,LOS ANGELES,GLENDALE,-118.27288818359376,34.14888000488281
9556000,2023,2023-05-03,1900,2023-03-02,1332,434609,0814,4,5,4,1960,0,0,0,NA,0,81T1,COVINA BL,TERRACE DR,0,NA,Y,A,-,N,NA,NA,NA,NA,NA,NA,NA,NA,NA,N,4,0,1,2,A,-,12,21453,A,N,D,C,A,A,H,-,A,A,0,NA,NA,NA,NA,Y,NA,A,01,0,0,1,0,0,0,0,0,0,-,-,34.09947967529297,-117.81461334228516,LOS ANGELES,SAN DIMAS,-117.81806182861328,34.09946060180664
9556001,2023,2023-03-28,1920,2023-02-11,2359,14072,1920,6,5,6,1920,0,0,0,NA,0,005,BROOKSHIRE AV,CHEROKEE DR,319,N,N,A,-,N,NA,NA,NA,NA,NA,NA,NA,NA,NA,Y,3,0,1,3,A,-,01,23152,A,N,C,E,A,A,H,-,C,A,0,NA,NA,NA,NA,Y,Y,D,22,0,1,0,0,0,0,0,0,0,-,-,NA,NA,LOS ANGELES,DOWNEY,-118.12435913085938,33.94654083251953
9556005,2023,2023-03-20,1920,2023-02-09,205,14050,1920,4,5,6,1920,0,0,0,NA,0,005,DOWNEY AV,GALLATIN RD,123,N,N,A,-,N,NA,NA,NA,NA,NA,NA,NA,NA,NA,Y,3,0,1,2,A,-,01,23152,A,N,B,E,A,A,H,-,C,D,0,NA,NA,NA,Y,Y,Y,A,01,0,1,0,0,0,0,0,0,0,-,-,NA,NA,LOS ANGELES,DOWNEY,-118.11935424804688,33.95930480957031
9556008,2022,2023-04-14,1900,2022-10-31,1344,658290,0246,1,5,3,1914,0,0,0,NA,0,27H,RANDOLPH ST,EASTERN AV,0,NA,N,A,-,N,NA,NA,NA,NA,NA,NA,NA,NA,NA,N,3,0,2,2,A,-,09,21801,A,N,D,C,A,A,H,-,A,D,0,NA,NA,NA,NA,Y,NA,A,01,0,2,0,0,0,0,0,0,0,-,-,NA,NA,LOS ANGELES,COMMERCE,-118.16316223144533,33.979373931884766
9556032,2022,2023-04-25,1900,2022-10-25,0900,634170,0246,2,5,3,1914,0,0,0,NA,0,27T,SLAUSON AV,ALEXANDER ST,0,NA,Y,A,-,N,NA,NA,NA,NA,NA,NA,NA,NA,NA,Y,4,0,2,4,A,-,12,21453,NA,N,D,C,A,A,H,-,A,A,0,NA,NA,NA,Y,Y,NA,A,01,0,0,2,0,0,0,0,0,0,-,-,NA,NA,LOS ANGELES,COMMERCE,-118.15805053710938,33.98536682128906