CASE_ID,ACCIDENT_YEAR,PROC_DATE,JURIS,COLLISION_DATE,COLLISION_TIME,OFFICER_ID,REPORTING_DISTRICT,DAY_OF_WEEK,CHP_SHIFT,POPULATION,CNTY_CITY_LOC,SPECIAL_COND,BEAT_TYPE,CHP_BEAT_TYPE,CITY_DIVISION_LAPD,CHP_BEAT_CLASS,BEAT_NUMBER,PRIMARY_RD,SECONDARY_RD,DISTANCE,DIRECTION,INTERSECTION,WEATHER_1,WEATHER_2,STATE_HWY_IND,CALTRANS_COUNTY,CALTRANS_DISTRICT,STATE_ROUTE,ROUTE_SUFFIX,POSTMILE_PREFIX,POSTMILE,LOCATION_TYPE,RAMP_INTERSECTION,SIDE_OF_HWY,TOW_AWAY,COLLISION_SEVERITY,NUMBER_KILLED,NUMBER_INJURED,PARTY_COUNT,PRIMARY_COLL_FACTOR,PCF_CODE_OF_VIOL,PCF_VIOL_CATEGORY,PCF_VIOLATION,PCF_VIOL_SUBSECTION,HIT_AND_RUN,TYPE_OF_COLLISION,MVIW,PED_ACTION,ROAD_SURFACE,ROAD_COND_1,ROAD_COND_2,LIGHTING,CONTROL_DEVICE,CHP_ROAD_TYPE,PEDESTRIAN_ACCIDENT,BICYCLE_ACCIDENT,MOTORCYCLE_ACCIDENT,TRUCK_ACCIDENT,NOT_PRIVATE_PROPERTY,ALCOHOL_INVOLVED,STWD_VEHTYPE_AT_FAULT,CHP_VEHTYPE_AT_FAULT,COUNT_SEVERE_INJ,COUNT_VISIBLE_INJ,COUNT_COMPLAINT_PAIN,COUNT_PED_KILLED,COUNT_PED_INJURED,COUNT_BICYCLIST_KILLED,COUNT_BICYCLIST_INJURED,COUNT_MC_KILLED,COUNT_MC_INJURED,PRIMARY_RAMP,SECONDARY_RAMP,LATITUDE,LONGITUDE,COUNTY,CITY,POINT_X,POINT_Y
9556787,2023,2023-04-06,1900,2023-03-01,1335,634995,2607,3,5,6,1950,0,0,0,NA,0,264T1,PALMDALE BL,50TH ST E,0,NA,Y,A,-,Y,LA,7,138,-,R,48.52,I,5,W,N,3,0,1,2,A,-,09,21803,A,N,D,C,A,A,H,-,A,A,0,NA,NA,NA,NA,Y,NA,A,01,0,1,0,0,0,0,0,0,0,-,-,34.5802116394043,-118.04488372802734,LOS ANGELES,PALMDALE,-118.04507446289064,34.580326080322266
9556816,2022,2023-04-04,1941,2022-10-26,1448,10922,EAST,3,5,7,1941,0,0,0,NA,0,014,E 20TH ST,OBISPO AV,0,NA,Y,A,-,N,NA,NA,NA,NA,NA,NA,NA,NA,NA,N,3,0,1,2,A,-,12,22450,A,N,D,C,A,A,H,-,A,A,0,NA,NA,NA,NA,Y,NA,A,01,0,1,0,0,0,0,0,0,0,-,-,33.79349136352539,-118.15457153320313,LOS ANGELES,LONG BEACH,-118.15457916259766,33.793487548828125
9556818,2023,2023-04-04,1925,2023-03-22,1720,21995,220,3,5,6,1925,0,0,0,NA,0,001,CENTRAL AV,ARDEN AV,0,NA,Y,C,-,N,NA,NA,NA,NA,NA,NA,NA,NA,NA,Y,4,0,2,2,A,-,12,21453,A,N,D,C,A,B,H,-,A,A,0,NA,NA,NA,NA,Y,NA,A,01,0,0,2,0,0,0,0,0,0,-,-,NA,NA,LOS ANGELES,GLENDALE,-118.25804901123048,34.15850067138672
9556822,2023,2023-04-11,1956,2023-03-08,1339,1335,68,3,5,5,1956,0,0,0,NA,0,005,RT 107,ARTESIA BL,0,NA,Y,A,-,Y,LA,7,107,-,-,4.696,I,5,S,Y,3,0,1,2,A,-,09,21801,A,N,D,C,A,A,H,-,A,A,0,NA,NA,NA,NA,Y,NA,A,07,0,1,0,0,0,0,0,0,0,-,-,NA,NA,LOS ANGELES,REDONDO BEACH,-118.35269165039064,33.87281799316406
9556826,2023,2023-04-11,1956,2023-03-16,28,1385,68,4,5,5,1956,0,0,0,NA,0,005,ARTESIA BL,HAWTHORNE BL,15,W,N,A,-,Y,LA,7,107,-,-,4.696,I,6,S,Y,4,0,1,2,A,-,01,23152,A,N,C,C,A,A,H,-,C,A,0,NA,NA,NA,NA,Y,Y,A,01,0,0,1,0,0,0,0,0,0,-,-,33.872840881347656,-118.3527374267578,LOS ANGELES,REDONDO BEACH,-118.35269165039064,33.87281799316406
9556828,2023,2023-04-12,1941,2023-03-14,1722,11118,EAST,2,5,7,1941,0,0,0,NA,0,012,EAST PACIFIC COAST HWY,E ANAHEIM ST,30,S,N,C,-,Y,LA,7,1,-,-,2.73,H,-,N,N,3,0,1,2,A,-,07,21658,A,F,B,C,A,B,H,-,A,A,0,NA,NA,Y,NA,Y,Y,A,01,0,1,0,0,0,0,0,0,1,-,-,33.782588958740234,-118.132568359375,LOS ANGELES,LONG BEACH,-118.13232421875,33.78251266479492
9556838,2023,2023-04-04,1910,2023-03-26,1212,05391,NA,7,5,4,1910,0,0,0,NA,0,009,E WILSHIRE BL,N PALM DR,0,NA,Y,G,-,N,NA,NA,NA,NA,NA,NA,NA,NA,NA,N,4,0,2,1,C,-,18,NA,NA,N,E,I,A,A,D,-,A,A,0,NA,NA,NA,NA,Y,NA,-,-,0,0,2,0,0,0,0,0,0,-,-,34.067108154296875,-118.39221954345705,LOS ANGELES,BEVERLY HILLS,-118.39224243164064,34.06706237792969
9556842,2023,2023-04-11,1942,2023-03-14,425,41116,1494,2,5,7,1942,0,0,0,N,0,27T31,SEPULVEDA BL,CENTURY BL,0,NA,Y,B,-,Y,LA,7,1,-,-,26.962,I,5,N,Y,2,0,1,2,A,-,12,21453,A,N,G,B,B,A,H,-,C,A,0,Y,NA,NA,NA,Y,NA,A,01,1,0,0,0,1,0,0,0,0,-,-,NA,NA,LOS ANGELES,LOS ANGELES,-118.39611053466795,33.94554138183594
9556847,2022,2023-04-11,1942,2022-07-26,1450,41671,1414,2,5,7,1942,0,0,0,N,0,27TL46,CALIFORNIA AV,LINCOLN BL,156,W,N,A,-,Y,LA,7,1,-,-,32.711,I,6,S,Y,2,0,1,1,A,-,08,22107,NA,N,E,I,A,A,H,-,A,D,0,NA,NA,NA,NA,Y,NA,A,01,1,0,0,0,0,0,0,0,0,-,-,NA,NA,LOS ANGELES,LOS ANGELES,-118.46096801757813,33.99795150756836
9556857,2023,2023-04-04,1942,2023-01-19,1600,38824,0211,4,5,7,1942,0,0,0,B,0,24MQ51,NORMANDIE AV,MAPLEWOOD AV,0,NA,Y,B,-,N,NA,NA,NA,NA,NA,NA,NA,NA,NA,Y,2,0,1,2,A,-,09,21802,A,N,C,C,A,A,H,-,A,A,0,NA,NA,Y,NA,Y,NA,A,01,1,0,0,0,0,0,0,0,1,-,-,NA,NA,LOS ANGELES,LOS ANGELES,-118.30045318603516,34.07988739013672
9556865,2023,2023-04-04,1900,2023-02-11,550,653926,0451,6,5,6,1949,0,0,0,NA,0,43K1/D,IMPERIAL HWY,BLOOMFIELD AV,0,NA,Y,A,-,N,NA,NA,NA,NA,NA,NA,NA,NA,NA,Y,4,0,1,2,A,-,12,21453,A,N,D,C,A,A,H,-,C,A,0,NA,NA,NA,NA,Y,NA,-,-,0,0,1,0,0,0,0,0,0,-,-,NA,NA,LOS ANGELES,NORWALK,-118.06391143798828,33.91716766357422
9556872,2022,2023-04-12,1941,2022-10-24,0130,11379,4,1,5,7,1941,0,0,0,NA,0,004,LONG BEACH BL,PACIFIC COAST HWY,0,NA,Y,A,-,Y,LA,7,1,-,-,6.28,H,-,S,N,3,0,1,3,A,-,03,22350,NA,F,C,C,A,A,H,-,C,A,0,NA,NA,NA,NA,Y,NA,A,01,0,1,0,0,0,0,0,0,0,-,-,33.789859771728516,-118.18936157226564,LOS ANGELES,LONG BEACH,-118.18965911865234,33.7898063659668
9556876,2022,2023-04-12,1941,2022-11-23,2038,11239,WEST,3,5,7,1941,0,0,0,NA,0,004,W PACIFIC COAST HWY,GOLDEN AV,0,NA,N,A,-,Y,LA,7,1,-,-,7.03,H,-,S,Y,4,0,1,4,A,-,03,22350,NA,M,C,D,A,A,H,-,C,A,0,NA,NA,NA,NA,Y,NA,A,01,0,0,1,0,0,0,0,0,0,-,-,33.789939880371094,-118.20242309570313,LOS ANGELES,LONG BEACH,-118.20267486572266,33.78992462158203
9556877,2023,2023-04-04,1900,2023-03-05,1130,484825,2924,7,5,5,1990,0,0,0,NA,0,292K3,FERN HOLLOW DR,PATHFINDER RD,0,NA,Y,B,C,N,NA,NA,NA,NA,NA,NA,NA,NA,NA,N,4,0,1,2,A,-,03,22350,NA,N,C,C,A,B,H,-,A,A,0,NA,NA,NA,NA,Y,NA,A,01,0,0,1,0,0,0,0,0,0,-,-,33.98440933227539,-117.84017944335938,LOS ANGELES,DIAMOND BAR,-117.84027099609376,33.9842414855957
9556880,2022,2023-04-12,1941,2022-11-12,1109,11576,EAST,6,5,7,1941,0,0,0,NA,0,012,EAST PACIFIC COAST HWY,E ANAHEIM ST,120,S,N,A,-,Y,LA,7,1,-,-,2.73,H,-,S,N,4,0,1,2,A,-,06,21755,NA,F,C,G,A,A,H,-,A,D,0,NA,Y,Y,NA,Y,NA,C,02,0,0,1,0,0,0,1,0,0,-,-,33.782588958740234,-118.132568359375,LOS ANGELES,LONG BEACH,-118.13243103027344,33.78240966796875
9556881,2022,2023-04-04,1905,2022-11-04,1854,1208,436,5,5,4,1905,0,0,0,NA,0,001,ARROW HWY,VINCENT AV,624,W,N,A,-,N,NA,NA,NA,NA,NA,NA,NA,NA,NA,N,3,0,1,2,A,-,09,21804,A,N,B,G,A,A,H,-,C,D,0,NA,Y,NA,NA,Y,NA,A,01,0,1,0,0,0,0,1,0,0,-,-,34.106971740722656,-117.92301177978516,LOS ANGELES,AZUSA,-117.92742156982422,34.10700225830078
9556882,2023,2023-04-13,1900,2023-03-25,1344,635554,1016,6,5,3,1995,0,0,0,NA,0,101T4,RT 1,RAMBLA VISTA,0,NA,Y,A,-,Y,LA,7,1,-,-,44.261,I,5,N,Y,2,0,3,4,A,-,08,22107,NA,N,D,C,A,A,H,-,A,D,0,NA,NA,NA,NA,Y,NA,A,01,2,1,0,0,0,0,0,0,0,-,-,NA,NA,LOS ANGELES,MALIBU,-118.6381378173828,34.037227630615234
9556886,2023,2023-04-06,1900,2023-03-02,805,602466,1335,4,5,5,1908,0,0,0,NA,0,133G2,LAKEWOOD BL,CEDAR ST,25,N,N,A,-,N,NA,NA,NA,NA,NA,NA,NA,NA,NA,N,4,0,1,2,A,-,10,21950,A,N,G,G,B,A,H,-,A,D,0,Y,NA,NA,NA,Y,NA,A,01,0,0,1,0,1,0,0,0,0,-,-,NA,NA,LOS ANGELES,BELLFLOWER,-118.14257049560548,33.871158599853516
9556889,2023,2023-04-12,1941,2023-02-20,1810,10923,WEST,1,5,7,1941,0,0,0,NA,0,011,EAST PACIFIC COAST HWY,SHERMAN PL,0,NA,Y,A,-,Y,LA,7,1,-,-,4.94,H,-,N,Y,3,0,4,3,A,-,03,22350,NA,N,C,C,A,A,H,-,C,A,0,NA,NA,NA,NA,Y,NA,A,01,0,4,0,0,0,0,0,0,0,-,-,33.789859771728516,-118.16622161865234,LOS ANGELES,LONG BEACH,-118.16639709472656,33.789913177490234
9556893,2023,2023-04-12,1941,2023-02-07,1604,11023,EAST,2,5,7,1941,0,0,0,NA,0,013,EAST PACIFIC COAST HWY,LOYNES DR,0,NA,Y,A,-,Y,LA,7,1,-,-,1.311,I,5,S,Y,3,0,1,2,A,-,10,21950,A,N,G,B,B,A,H,-,A,A,0,Y,NA,NA,NA,Y,NA,A,01,0,1,0,0,1,0,0,0,0,-,-,33.76734161376953,-118.11691284179688,LOS ANGELES,LONG BEACH,-118.11701965332033,33.7673225402832
9556897,2023,2023-04-12,1941,2023-02-28,1908,11457,4,2,5,7,1941,0,0,0,NA,0,002,W PACIFIC COAST HWY,RT 710,0,NA,Y,C,-,Y,LA,7,1,-,-,7.35,H,-,N,Y,3,0,2,2,C,-,18,NA,NA,N,A,C,A,B,H,-,C,D,0,NA,NA,NA,NA,Y,NA,-,-,0,2,0,0,0,0,0,0,0,-,-,33.78990173339844,-118.20783233642578,LOS ANGELES,LONG BEACH,-118.20829010009766,33.7899284362793
9556921,2022,2023-04-06,1942,2022-12-21,2200,2901,1485,3,5,7,1942,0,0,0,N,0,27T33-,WESTCHESTER PKWY,SEPULVEDA BL,0,NA,Y,A,-,N,NA,NA,NA,NA,NA,NA,NA,NA,NA,N,4,0,1,2,A,-,17,21100,3,F,G,B,E,A,G,-,C,A,0,Y,NA,NA,NA,Y,NA,-,99,0,0,1,0,1,0,0,0,0,-,-,NA,NA,LOS ANGELES,LOS ANGELES,-118.39620971679688,33.95460510253906
9556924,2023,2023-04-11,1976,2023-03-23,1848,535,NA,4,5,3,1964,0,0,0,NA,0,002,IMPERIAL HWY,BLOOMFIELD AV,251,E,N,B,-,N,NA,NA,NA,NA,NA,NA,NA,NA,NA,N,4,0,1,2,A,-,03,22350,NA,N,C,C,A,A,H,-,B,A,0,NA,NA,NA,NA,Y,NA,A,08,0,0,1,0,0,0,0,0,0,-,-,NA,NA,LOS ANGELES,SANTA FE SPRINGS,-118.06308746337892,33.91716766357422
9556925,2022,2023-04-12,1942,2022-12-28,1550,41516,1454,3,5,7,1942,0,0,0,N,0,27TL44,LINCOLN BL,MINDANAO WY,45,S,N,A,-,Y,LA,7,1,-,-,30.91,H,-,N,N,4,0,1,2,A,-,21,22106,NA,F,H,C,A,A,H,-,A,A,0,NA,NA,NA,NA,Y,NA,-,99,0,0,1,0,0,0,0,0,0,-,-,NA,NA,LOS ANGELES,LOS ANGELES,-118.43885803222656,33.980411529541016
9556929,2022,2023-04-12,1900,2022-12-12,1711,467716,1014,1,5,3,1995,0,0,0,NA,0,101T2,RT 1,MALIBU RD,50,N,N,A,-,Y,LA,7,1,-,-,47.23,H,-,N,N,4,0,1,2,A,-,04,21703,A,N,C,C,A,A,H,-,D,D,0,NA,NA,NA,NA,Y,NA,A,01,0,0,1,0,0,0,0,0,0,-,-,NA,NA,LOS ANGELES,MALIBU,-118.68788146972656,34.03441619873047
9556933,2023,2023-04-12,1942,2023-02-17,1550,40099,1842,5,5,7,1942,0,0,0,R,0,25MQ57,IMPERIAL HWY,GRAND AV,0,NA,Y,A,-,Y,LA,7,110,-,-,13.701,R,4,S,Y,3,0,1,2,A,-,12,21453,A,N,D,C,A,A,H,-,A,A,0,NA,NA,NA,NA,Y,NA,A,07,0,1,0,0,0,0,0,0,0,-,-,NA,NA,LOS ANGELES,LOS ANGELES,-118.28124237060548,33.92705535888672
9556937,2023,2023-04-07,1942,2023-02-20,220,42901,0615,1,5,7,1942,0,0,0,F,0,27T31-,CAHUENGA BL E,LAKERIDGE PL,13,S,N,A,-,N,NA,NA,NA,NA,NA,NA,NA,NA,NA,Y,2,0,2,4,A,-,03,22350,NA,N,G,C,E,A,H,-,D,D,0,Y,NA,NA,NA,Y,NA,A,01,1,0,1,0,2,0,0,0,0,-,-,NA,NA,LOS ANGELES,LOS ANGELES,-118.34236907958984,34.12410354614258
9556941,2023,2023-04-13,1900,2023-02-18,2130,644852,1334,6,5,5,1908,0,0,0,NA,0,133T2,BELLFLOWER BL,RT 91,20,N,N,A,-,Y,LA,7,91,-,R,15.479,R,4,W,Y,3,0,3,3,A,-,03,22350,NA,N,A,C,A,A,-,-,C,A,0,NA,NA,NA,NA,Y,NA,A,01,0,3,0,0,0,0,0,0,0,-,-,NA,NA,LOS ANGELES,BELLFLOWER,-118.1278076171875,33.876277923583984
9556953,2023,2023-04-13,1900,2023-03-14,1030,538328,1016,2,5,3,1995,0,0,0,NA,0,101T1,RT 1,CARBON CANYON RD,0,NA,Y,C,-,Y,LA,7,1,-,-,44.961,I,5,N,Y,4,0,1,2,A,-,12,21453,A,N,B,C,A,B,H,-,A,A,0,NA,NA,NA,NA,Y,NA,A,07,0,0,1,0,0,0,0,0,0,-,-,34.038108825683594,-118.65007019042967,LOS ANGELES,MALIBU,-118.65008544921876,34.03812789916992
9556957,2023,2023-04-13,1900,2023-03-14,2050,525042,1014,2,5,3,1995,0,0,0,NA,0,101T2,RT 1,CORRAL CANYON RD,528,E,N,C,-,Y,LA,7,1,-,-,50.28,H,-,N,Y,4,0,1,1,A,-,03,22350,A,N,E,I,A,B,B,-,D,A,0,NA,NA,NA,NA,Y,NA,A,01,0,0,1,0,0,0,0,0,0,-,-,34.03921127319336,-118.65908813476564,LOS ANGELES,MALIBU,-118.74127197265624,34.03336715698242
9556968,2023,2023-04-14,1909,2023-03-31,1701,579,1909,5,5,4,1909,0,0,0,NA,0,NORTH,PERRY RD,LOVELAND ST,0,NA,Y,A,-,N,NA,NA,NA,NA,NA,NA,NA,NA,NA,Y,3,0,1,2,A,-,12,22450,A,N,D,C,A,A,H,-,A,A,0,NA,NA,Y,NA,Y,Y,C,03,0,1,0,0,0,0,0,0,1,-,-,33.969139099121094,-118.14647674560548,LOS ANGELES,BELL GARDENS,-118.14652252197266,33.96915054321289
9556972,2023,2023-04-14,1909,2023-03-31,821,622,1909,5,5,4,1909,0,0,0,NA,0,SOUTH,EASTERN AV,GOTHAM ST,0,NA,Y,A,-,N,NA,NA,NA,NA,NA,NA,NA,NA,NA,N,3,0,1,2,A,-,05,21650,1,N,D,G,A,A,H,-,A,D,0,NA,Y,NA,NA,Y,NA,L,04,0,1,0,0,0,0,1,0,0,-,-,33.961181640625,-118.16567230224608,LOS ANGELES,BELL GARDENS,-118.1657257080078,33.96116638183594
9556980,2023,2023-04-24,1900,2023-03-14,1347,629585,0333,2,5,4,1939,0,0,0,NA,0,35T1,HAWTHORNE BL,162ND ST,267,N,N,B,C,Y,LA,7,405,-,-,17.625,R,4,S,Y,3,0,2,2,A,-,12,21453,A,N,A,C,A,B,H,-,A,B,0,NA,NA,NA,NA,Y,NA,-,-,0,2,0,0,0,0,0,0,0,-,-,33.88431930541992,-118.35270690917967,LOS ANGELES,LAWNDALE,-118.35304260253906,33.884849548339844
9556996,2023,2023-04-24,1941,2023-04-01,1133,10147,WEST,6,5,7,1941,0,0,0,NA,0,002,W PACIFIC COAST HWY,HARBOR AV,0,NA,Y,A,-,Y,LA,7,1,-,-,7.52,H,-,N,Y,2,0,4,2,A,-,08,22107,NA,F,D,C,A,A,H,-,A,A,0,NA,NA,NA,NA,Y,NA,A,01,2,0,2,0,0,0,0,0,0,-,-,33.78984832763672,-118.21048736572266,LOS ANGELES,LONG BEACH,-118.21102142333984,33.78990936279297
9557015,2022,2023-04-24,1941,2022-11-02,0801,10785,2,3,5,7,1941,0,0,0,NA,0,011,CHERRY AV,EAST PACIFIC COAST HWY,0,NA,Y,B,-,Y,LA,7,1,-,-,5.011,I,5,S,Y,3,0,1,2,D,-,00,NA,NA,N,A,C,A,B,H,-,A,A,0,NA,NA,NA,NA,Y,NA,-,-,0,1,0,0,0,0,0,0,0,-,-,33.78984832763672,-118.16763305664064,LOS ANGELES,LONG BEACH,-118.16767120361328,33.78980255126953
9557023,2023,2023-04-24,1941,2023-01-26,1325,10833,EAST,4,5,7,1941,0,0,0,NA,0,012,EAST PACIFIC COAST HWY,ANAHEIM ST,0,NA,Y,A,-,Y,LA,7,1,-,-,2.751,I,5,N,Y,4,0,1,2,A,-,12,21453,A,F,D,C,A,A,H,-,A,A,0,NA,NA,NA,NA,Y,NA,A,01,0,0,1,0,0,0,0,0,0,-,-,33.782588958740234,-118.132568359375,LOS ANGELES,LONG BEACH,-118.13260650634766,33.78273010253906
9557041,2022,2023-04-18,1941,2022-10-31,0851,11201,4,1,5,7,1941,0,0,0,NA,0,001,EASY AV,W 23RD ST,0,NA,Y,A,-,N,NA,NA,NA,NA,NA,NA,NA,NA,NA,N,2,0,2,2,A,-,03,22350,NA,N,D,C,A,A,H,-,A,A,0,NA,NA,NA,NA,Y,NA,A,01,1,0,1,0,0,0,0,0,0,-,-,33.7989387512207,-118.2100067138672,LOS ANGELES,LONG BEACH,-118.21002960205078,33.7989501953125
9557042,2022,2023-04-14,1941,2022-10-26,1314,10364,EAST,3,5,7,1941,0,0,0,NA,0,018,E WILLOW ST,STUDEBAKER RD,0,NA,Y,A,-,N,NA,NA,NA,NA,NA,NA,NA,NA,NA,Y,3,0,1,1,-,-,-,NA,NA,N,H,A,A,A,H,-,A,D,0,NA,NA,Y,NA,Y,NA,-,-,0,1,0,0,0,0,0,0,1,-,-,33.803199768066406,-118.09919738769533,LOS ANGELES,LONG BEACH,-118.09947204589844,33.80340576171875
9557043,2022,2023-04-18,1941,2022-10-23,0236,11415,EAST,7,5,7,1941,0,0,0,NA,0,009,EAST OCEAN BL,TEMPLE AV,170,W,N,A,-,N,NA,NA,NA,NA,NA,NA,NA,NA,NA,Y,4,0,3,2,A,-,07,21658,A,N,B,E,A,A,H,-,C,D,0,NA,NA,NA,NA,Y,NA,-,NA,0,0,3,0,0,0,0,0,0,-,-,33.762691497802734,-118.16058349609376,LOS ANGELES,LONG BEACH,-118.16024017333984,33.762577056884766
9557044,2022,2023-04-18,1941,2022-10-21,2313,10914,3,5,5,7,1941,0,0,0,NA,0,020,CALIFORNIA AV,E CARSON ST,0,NA,Y,A,-,N,NA,NA,NA,NA,NA,NA,NA,NA,NA,Y,3,0,2,2,A,-,09,21801,A,N,D,C,A,A,H,-,C,A,0,NA,NA,NA,NA,Y,NA,A,01,0,1,1,0,0,0,0,0,0,-,-,33.83243942260742,-118.18064880371094,LOS ANGELES,LONG BEACH,-118.18069458007813,33.83245849609375
9557045,2022,2023-04-18,1941,2022-10-17,1600,10687,EAST,1,5,7,1941,0,0,0,NA,0,009,REDONDO AV,E 3RD ST,0,NA,Y,A,-,N,NA,NA,NA,NA,NA,NA,NA,NA,NA,N,4,0,1,2,-,-,-,NA,NA,N,G,B,B,A,H,-,A,A,0,Y,NA,NA,NA,Y,NA,-,-,0,0,1,0,1,0,0,0,0,-,-,33.76808166503906,-118.15242004394533,LOS ANGELES,LONG BEACH,-118.15243530273438,33.768089294433594
9557046,2022,2023-04-14,1941,2022-10-19,1608,10923,SOUTH,3,5,7,1941,0,0,0,NA,0,007,GAVIOTA AV,E ANAHEIM ST,0,NA,Y,A,-,N,NA,NA,NA,NA,NA,NA,NA,NA,NA,N,3,0,1,2,A,-,10,21950,NA,N,G,B,B,A,H,-,A,A,0,Y,NA,NA,NA,Y,Y,A,01,0,1,0,0,1,0,0,0,0,-,-,33.78261947631836,-118.17091369628906,LOS ANGELES,LONG BEACH,-118.17095184326172,33.78260803222656
9557047,2022,2023-04-14,1941,2022-10-28,1257,11545,EAST,5,5,7,1941,0,0,0,NA,0,010,PARK AV,EAST 2ND ST,4,E,N,A,-,N,NA,NA,NA,NA,NA,NA,NA,NA,NA,N,3,0,1,2,A,-,10,21950,A,N,G,B,B,A,H,-,A,A,0,Y,NA,NA,NA,Y,NA,A,01,0,1,0,0,1,0,0,0,0,-,-,33.761600494384766,-118.13797760009766,LOS ANGELES,LONG BEACH,-118.13801574707033,33.76158142089844
9557055,2022,2023-03-24,1942,2022-06-05,0024,44545,0773,7,5,7,1942,0,0,0,G,0,7A1,WASHINGTON BL,S REDONDO BL,0,NA,Y,A,-,N,NA,NA,NA,NA,NA,NA,NA,NA,NA,Y,4,0,1,1,A,-,08,22107,NA,N,E,I,A,A,H,-,C,A,0,NA,NA,NA,NA,Y,NA,A,07,0,0,1,0,0,0,0,0,0,-,-,NA,NA,LOS ANGELES,LOS ANGELES,-118.3528060913086,34.04121398925781
9557059,2022,2023-03-24,1942,2022-05-28,0230,42570,0638,6,5,7,1942,0,0,0,F,0,6A31,FRANKLIN AV,OXFORD AV,30,E,N,A,-,N,NA,NA,NA,NA,NA,NA,NA,NA,NA,N,4,0,1,5,A,-,08,22107,NA,N,C,E,A,A,H,-,C,A,0,NA,NA,NA,NA,Y,NA,A,01,0,0,1,0,0,0,0,0,0,-,-,NA,NA,LOS ANGELES,LOS ANGELES,-118.30809783935548,34.1053581237793
9557062,2022,2023-03-30,1941,2022-09-24,0845,11568,NORTH,6,5,7,1941,0,0,0,NA,0,024,E ARTESIA BL,SCHILLING AV,0,NA,Y,A,-,N,NA,NA,NA,NA,NA,NA,NA,NA,NA,Y,3,0,3,2,A,-,08,22107,NA,N,B,C,A,A,H,-,A,D,0,NA,NA,NA,NA,Y,NA,A,01,0,3,0,0,0,0,0,0,0,-,-,33.87466049194336,-118.16764068603516,LOS ANGELES,LONG BEACH,-118.16769409179688,33.874595642089844
9557063,2022,2023-03-27,1941,2022-09-16,1314,11417,SOUTH,5,5,7,1941,0,0,0,NA,0,009,E 3RD ST,CHERRY AV,0,NA,Y,A,-,N,NA,NA,NA,NA,NA,NA,NA,NA,NA,N,4,0,1,2,A,-,-,NA,NA,N,G,B,B,A,H,-,A,A,0,Y,NA,NA,NA,Y,NA,N,60,0,0,1,0,1,0,0,0,0,-,-,33.76897048950195,-118.16766357421876,LOS ANGELES,LONG BEACH,-118.16767120361328,33.76898193359375
9557064,2022,2023-03-28,1941,2022-09-22,0910,10785,EAST,4,5,7,1941,0,0,0,NA,0,011,EAST 15TH ST,CHERRY AV,0,NA,Y,A,-,N,NA,NA,NA,NA,NA,NA,NA,NA,NA,Y,3,0,2,2,A,-,00,12500,A,N,C,C,A,A,H,-,A,A,0,NA,NA,NA,NA,Y,NA,A,01,0,2,0,0,0,0,0,0,0,-,-,33.78622817993164,-118.16764831542967,LOS ANGELES,LONG BEACH,-118.16767120361328,33.78623580932617
9557066,2022,2023-03-27,1942,2022-09-28,1930,41978,0725,3,5,7,1942,0,0,0,G,0,27T35,FULLER AV,1ST ST,0,NA,Y,A,-,N,NA,NA,NA,NA,NA,NA,NA,NA,NA,N,3,0,1,2,A,-,10,21950,NA,N,G,B,B,A,H,-,C,A,0,Y,NA,NA,NA,Y,NA,A,01,0,1,0,0,1,0,0,0,0,-,-,NA,NA,LOS ANGELES,LOS ANGELES,-118.3498306274414,34.07355880737305
9557067,2022,2023-03-27,1942,2022-09-29,1815,44290,2071,4,5,7,1942,0,0,0,NA,0,20A69,SAINT ANDREWS PL,VENICE BL,0,NA,Y,A,-,N,NA,NA,NA,NA,NA,NA,NA,NA,NA,Y,4,0,1,2,A,-,12,21453,A,F,D,C,A,A,H,-,C,A,0,NA,NA,NA,NA,Y,NA,A,01,0,0,1,0,0,0,0,0,0,-,-,NA,NA,LOS ANGELES,LOS ANGELES,-118.31159973144533,34.04357147216797
9557069,2022,2023-03-28,1900,2022-09-24,1245,634170,0244,6,5,3,1914,0,0,0,NA,0,NA,ATLANTIC BL,SHEILA ST,0,NA,Y,A,-,N,NA,NA,NA,NA,NA,NA,NA,NA,NA,Y,3,0,1,2,A,-,12,21453,NA,N,D,C,A,A,H,-,A,A,0,NA,NA,NA,NA,Y,NA,A,01,0,1,0,0,0,0,0,0,0,-,-,NA,NA,LOS ANGELES,COMMERCE,-118.16928100585938,34.001983642578125
9557070,2022,2023-04-05,1900,2022-09-16,0708,630400,0245,5,5,3,1914,0,0,0,NA,0,27T1,TELEGRAPH RD,WASHINGTON BL,700,N,N,-,-,N,NA,NA,NA,NA,NA,NA,NA,NA,NA,Y,4,0,1,2,A,-,08,22107,NA,N,D,C,A,A,H,-,-,D,0,NA,NA,NA,NA,Y,NA,A,01,0,0,1,0,0,0,0,0,0,-,-,33.99681091308594,-118.14520263671876,LOS ANGELES,COMMERCE,-118.1450653076172,33.99674606323242