CASE_ID,ACCIDENT_YEAR,PROC_DATE,JURIS,COLLISION_DATE,COLLISION_TIME,OFFICER_ID,REPORTING_DISTRICT,DAY_OF_WEEK,CHP_SHIFT,POPULATION,CNTY_CITY_LOC,SPECIAL_COND,BEAT_TYPE,CHP_BEAT_TYPE,CITY_DIVISION_LAPD,CHP_BEAT_CLASS,BEAT_NUMBER,PRIMARY_RD,SECONDARY_RD,DISTANCE,DIRECTION,INTERSECTION,WEATHER_1,WEATHER_2,STATE_HWY_IND,CALTRANS_COUNTY,CALTRANS_DISTRICT,STATE_ROUTE,ROUTE_SUFFIX,POSTMILE_PREFIX,POSTMILE,LOCATION_TYPE,RAMP_INTERSECTION,SIDE_OF_HWY,TOW_AWAY,COLLISION_SEVERITY,NUMBER_KILLED,NUMBER_INJURED,PARTY_COUNT,PRIMARY_COLL_FACTOR,PCF_CODE_OF_VIOL,PCF_VIOL_CATEGORY,PCF_VIOLATION,PCF_VIOL_SUBSECTION,HIT_AND_RUN,TYPE_OF_COLLISION,MVIW,PED_ACTION,ROAD_SURFACE,ROAD_COND_1,ROAD_COND_2,LIGHTING,CONTROL_DEVICE,CHP_ROAD_TYPE,PEDESTRIAN_ACCIDENT,BICYCLE_ACCIDENT,MOTORCYCLE_ACCIDENT,TRUCK_ACCIDENT,NOT_PRIVATE_PROPERTY,ALCOHOL_INVOLVED,STWD_VEHTYPE_AT_FAULT,CHP_VEHTYPE_AT_FAULT,COUNT_SEVERE_INJ,COUNT_VISIBLE_INJ,COUNT_COMPLAINT_PAIN,COUNT_PED_KILLED,COUNT_PED_INJURED,COUNT_BICYCLIST_KILLED,COUNT_BICYCLIST_INJURED,COUNT_MC_KILLED,COUNT_MC_INJURED,PRIMARY_RAMP,SECONDARY_RAMP,LATITUDE,LONGITUDE,COUNTY,CITY,POINT_X,POINT_Y
9558142,2023,2023-03-09,1942,2023-01-19,340,41072,1245,4,5,7,1942,0,0,0,L,0,25T35,W 64TH ST,KANSAS AV,20,W,N,A,-,N,NA,NA,NA,NA,NA,NA,NA,NA,NA,N,3,0,1,2,C,-,18,NA,NA,N,G,B,F,A,H,-,C,D,0,Y,NA,NA,NA,Y,NA,-,-,0,1,0,0,1,0,0,0,0,-,-,NA,NA,LOS ANGELES,LOS ANGELES,-118.29375457763672,33.98141860961914
9558143,2023,2023-03-09,1942,2023-01-04,2020,43270,1259,3,5,7,1942,0,0,0,L,0,25TL37,AVALON BL,E 79TH ST,0,NA,Y,B,-,N,NA,NA,NA,NA,NA,NA,NA,NA,NA,N,4,0,1,2,A,-,12,21453,A,F,D,C,A,B,H,-,C,A,0,NA,NA,NA,NA,Y,NA,-,99,0,0,1,0,0,0,0,0,0,-,-,NA,NA,LOS ANGELES,LOS ANGELES,-118.2651596069336,33.967384338378906
9558144,2023,2023-03-09,1942,2023-01-18,910,37634,1259,3,5,7,1942,0,0,0,L,0,DESK,SLAUSON AV,MCKINNLEY AV,100,E,N,B,-,N,NA,NA,NA,NA,NA,NA,NA,NA,NA,N,3,0,1,2,A,-,00,20015,NA,F,C,C,A,A,H,-,A,D,0,NA,NA,NA,NA,Y,NA,-,-,0,1,0,0,0,0,0,0,0,-,-,NA,NA,LOS ANGELES,LOS ANGELES,-118.26052856445313,33.989280700683594
9558145,2023,2023-03-09,1942,2023-01-21,1210,40717,1243,6,5,7,1942,0,0,0,L,0,25T27W,HARVARD ST,64TH ST,0,NA,Y,A,-,N,NA,NA,NA,NA,NA,NA,NA,NA,NA,N,3,0,1,2,A,-,09,21802,A,N,D,C,A,A,H,-,A,D,0,NA,NA,NA,NA,Y,NA,A,01,0,1,0,0,0,0,0,0,0,-,-,NA,NA,LOS ANGELES,LOS ANGELES,-118.30678558349608,33.981407165527344
9558146,2023,2023-03-09,1942,2023-01-06,1730,41419,0271,5,5,7,1942,0,0,0,B,0,MQ46,OLYMOPIC BL,ALVARADO ST,204,W,N,A,-,N,NA,NA,NA,NA,NA,NA,NA,NA,NA,N,3,0,1,2,A,-,03,22350,NA,N,B,G,A,A,H,-,C,D,0,NA,Y,NA,NA,Y,NA,L,04,0,1,0,0,0,0,1,0,0,-,-,NA,NA,LOS ANGELES,LOS ANGELES,-118.28042602539064,34.051998138427734
9558147,2023,2023-03-09,1942,2023-01-07,218,39876,0231,6,5,7,1942,0,0,0,B,0,24T31,OCCIDENTAL BL,BEVERLY BL,0,NA,Y,A,-,N,NA,NA,NA,NA,NA,NA,NA,NA,NA,Y,4,0,1,3,A,-,01,23152,A,N,D,C,A,A,H,-,C,A,0,NA,NA,NA,NA,Y,Y,A,01,0,0,1,0,0,0,0,0,0,-,-,NA,NA,LOS ANGELES,LOS ANGELES,-118.2801513671875,34.07093811035156
9558148,2023,2023-03-09,1942,2023-01-22,559,40008,0235,7,5,7,1942,0,0,0,B,0,24TL43,W 3RD ST,S ALVARADO ST,0,NA,Y,A,-,N,NA,NA,NA,NA,NA,NA,NA,NA,NA,N,3,0,1,2,A,-,10,21950,A,F,G,B,B,A,H,-,C,A,0,Y,NA,NA,NA,Y,NA,-,99,0,1,0,0,1,0,0,0,0,-,-,NA,NA,LOS ANGELES,LOS ANGELES,-118.272705078125,34.062957763671875
9558149,2023,2023-03-09,1942,2023-01-21,2035,39876,0215,6,5,7,1942,0,0,0,B,0,24TK31,BELLEVUE AV,ROBINSON ST,55,W,N,A,-,N,NA,NA,NA,NA,NA,NA,NA,NA,NA,N,4,0,1,2,A,-,03,22350,NA,F,B,E,A,A,H,-,C,D,0,NA,NA,NA,NA,Y,NA,-,99,0,0,1,0,0,0,0,0,0,-,-,NA,NA,LOS ANGELES,LOS ANGELES,-118.28026580810548,34.0788459777832
9558150,2023,2023-03-09,1942,2023-01-20,1650,36182,0204,5,5,7,1942,0,0,0,B,0,24MQ77,SUNSET BL,HYPERION AV,0,NA,Y,A,-,N,NA,NA,NA,NA,NA,NA,NA,NA,NA,N,4,0,1,2,A,-,09,21801,A,F,D,C,A,A,H,-,A,D,0,NA,NA,NA,NA,Y,NA,-,99,0,0,1,0,0,0,0,0,0,-,-,NA,NA,LOS ANGELES,LOS ANGELES,-118.27964782714844,34.0916748046875
9558151,2023,2023-03-09,1942,2023-01-20,1530,34332,0205,5,5,7,1942,0,0,0,B,0,DESK,SUNSET BL,N OCCIDENTAL BL,0,NA,Y,A,-,N,NA,NA,NA,NA,NA,NA,NA,NA,NA,N,3,0,1,2,A,-,-,NA,NA,N,B,C,A,A,H,-,A,A,0,NA,NA,Y,NA,Y,NA,-,-,0,1,0,0,0,0,0,0,1,-,-,NA,NA,LOS ANGELES,LOS ANGELES,-118.27207946777344,34.08203887939453
9558152,2023,2023-03-09,1942,2023-01-04,1640,40275,0185,3,5,7,1942,0,0,0,A,0,24TL55,MAIN ST,OLYMPIC  BL,5,N,N,B,C,N,NA,NA,NA,NA,NA,NA,NA,NA,NA,N,4,0,1,2,A,-,09,21804,A,F,D,G,A,A,H,-,A,D,0,NA,Y,NA,NA,Y,NA,L,04,0,0,1,0,0,0,1,0,0,-,-,NA,NA,LOS ANGELES,LOS ANGELES,-118.25669860839844,34.04045867919922
9558153,2023,2023-03-21,1942,2023-01-01,400,44502,0111,7,5,7,1942,0,0,0,A,0,1X11,N BROADWAY,COLLEGE ST,200,NA,N,A,-,N,NA,NA,NA,NA,NA,NA,NA,NA,NA,Y,4,0,1,2,A,-,00,22651,A,F,B,D,A,B,H,-,C,D,0,NA,NA,NA,NA,Y,NA,A,07,0,0,1,0,0,0,0,0,0,-,-,NA,NA,LOS ANGELES,LOS ANGELES,-118.23748016357422,34.064029693603516
9558154,2023,2023-03-09,1942,2023-01-12,1920,41068,0185,4,5,7,1942,0,0,0,A,0,24T31,BROADWAY,OLYMPIC BL,0,NA,Y,A,-,N,NA,NA,NA,NA,NA,NA,NA,NA,NA,N,4,0,1,2,A,-,05,21650,1,F,A,G,A,A,H,-,C,A,0,NA,Y,NA,NA,Y,NA,L,04,0,0,1,0,0,0,1,0,0,-,-,NA,NA,LOS ANGELES,LOS ANGELES,-118.25740051269533,34.04093551635742
9558155,2023,2023-03-09,1942,2023-01-10,2230,31324,0138,2,5,7,1942,0,0,0,A,0,24T31,CENTRAL AV,N 4TH ST,65,N,N,A,-,N,NA,NA,NA,NA,NA,NA,NA,NA,NA,Y,4,0,2,2,A,-,01,23152,A,N,C,C,A,A,H,-,C,A,0,NA,NA,NA,NA,Y,Y,A,01,0,0,2,0,0,0,0,0,0,-,-,NA,NA,LOS ANGELES,LOS ANGELES,-118.2397003173828,34.04397964477539
9558156,2023,2023-03-09,1942,2023-01-16,1420,37952,0165,1,5,7,1942,0,0,0,A,0,24TL58,LOS ANGELES ST,7TH ST,0,NA,N,B,-,N,NA,NA,NA,NA,NA,NA,NA,NA,NA,N,4,0,1,2,A,-,09,21804,A,F,D,C,A,A,H,-,A,D,0,NA,NA,NA,NA,Y,NA,-,99,0,0,1,0,0,0,0,0,0,-,-,NA,NA,LOS ANGELES,LOS ANGELES,-118.25041198730467,34.04322814941406
9558157,2023,2023-03-09,1942,2023-01-11,137,45049,1307,3,5,7,1942,0,0,0,M,0,13A9,8TH ST,TOWNE,0,NA,Y,A,-,N,NA,NA,NA,NA,NA,NA,NA,NA,NA,Y,3,0,1,1,C,-,18,NA,NA,N,A,I,A,A,H,-,C,A,0,NA,NA,NA,NA,Y,NA,-,-,0,1,0,0,0,0,0,0,0,-,-,NA,NA,LOS ANGELES,LOS ANGELES,-118.24759674072266,34.03719711303711
9558158,2023,2023-03-09,1942,2023-01-17,742,42926,1341,2,5,7,1942,0,0,0,M,0,24TL26,GRAND AV,JEFFERSON BL,210,S,N,B,-,N,NA,NA,NA,NA,NA,NA,NA,NA,NA,N,4,0,1,2,A,-,10,21950,A,F,G,B,C,A,H,-,A,D,0,Y,NA,NA,NA,Y,NA,-,99,0,0,1,0,1,0,0,0,0,-,-,NA,NA,LOS ANGELES,LOS ANGELES,-118.27645111083984,34.01972198486328
9558159,2023,2023-03-09,1942,2023-01-24,1137,33845,1345,2,5,7,1942,0,0,0,M,0,24MQ49,35TH ST,CENTRAL AV,0,NA,Y,A,-,N,NA,NA,NA,NA,NA,NA,NA,NA,NA,N,3,0,1,2,A,-,10,21950,A,N,G,B,B,A,H,-,A,A,0,Y,NA,NA,NA,Y,NA,A,01,0,1,0,0,1,0,0,0,0,-,-,NA,NA,LOS ANGELES,LOS ANGELES,-118.25650787353516,34.011962890625
9558166,2023,2023-03-17,1942,2023-02-15,1805,40325,0139,3,5,7,1942,0,0,0,A,0,24T34,1ST ST,HEWITT ST,200,E,N,A,-,N,NA,NA,NA,NA,NA,NA,NA,NA,NA,Y,4,0,1,2,A,-,01,23152,A,N,C,C,A,A,H,-,C,A,0,NA,NA,NA,NA,Y,Y,A,01,0,0,1,0,0,0,0,0,0,-,-,NA,NA,LOS ANGELES,LOS ANGELES,-118.23552703857422,34.048606872558594
9558167,2023,2023-03-17,1942,2023-02-05,2110,41068,0249,7,5,7,1942,0,0,0,B,0,24T33,6TH ST,BEAUDRY ST,435,E,N,A,-,N,NA,NA,NA,NA,NA,NA,NA,NA,NA,N,4,0,1,3,A,-,17,21657,NA,F,B,C,A,A,H,-,C,A,0,NA,NA,NA,NA,Y,NA,-,99,0,0,1,0,0,0,0,0,0,-,-,NA,NA,LOS ANGELES,LOS ANGELES,-118.25959777832033,34.053001403808594
9558168,2023,2023-03-17,1942,2023-02-12,1805,40275,0246,7,5,7,1942,0,0,0,B,0,24TL55,6TH ST,WESTLAKE AV,75,W,N,A,-,N,NA,NA,NA,NA,NA,NA,NA,NA,NA,N,4,0,1,2,A,-,11,21954,A,F,G,B,D,A,H,-,C,D,0,Y,NA,NA,NA,Y,Y,N,60,0,0,1,0,1,0,0,0,0,-,-,NA,NA,LOS ANGELES,LOS ANGELES,-118.27387237548828,34.05908966064453
9558169,2023,2023-03-21,1942,2023-02-12,2145,44211,0205,7,5,7,1942,0,0,0,B,0,2A47,SUNSET BL,DESCANSO DR,42,W,N,A,-,N,NA,NA,NA,NA,NA,NA,NA,NA,NA,Y,4,0,2,2,A,-,01,23152,NA,N,C,C,A,A,H,-,C,A,0,NA,NA,NA,NA,Y,Y,A,07,0,0,2,0,0,0,0,0,0,-,-,NA,NA,LOS ANGELES,LOS ANGELES,-118.27489471435548,34.08552551269531
9558170,2023,2023-03-17,1942,2023-02-10,1200,37540,0275,5,5,7,1942,0,0,0,B,0,24TL27,UNION AV,OLYMPIC BL,60,S,N,A,-,N,NA,NA,NA,NA,NA,NA,NA,NA,NA,N,4,0,1,2,A,-,03,22350,NA,F,E,J,F,A,H,-,A,D,0,Y,NA,NA,NA,Y,NA,-,99,0,0,1,0,1,0,0,0,0,-,-,NA,NA,LOS ANGELES,LOS ANGELES,-118.27430725097656,34.04906463623047
9558171,2023,2023-04-26,1942,2023-02-21,1830,39508,0289,2,5,7,1942,0,0,0,B,0,24T31,VENICE BL,UNION AV,0,NA,Y,A,-,N,NA,NA,NA,NA,NA,NA,NA,NA,NA,Y,3,0,1,2,A,-,09,21801,A,F,D,C,A,A,H,-,C,A,0,NA,NA,NA,NA,Y,NA,D,22,0,1,0,0,0,0,0,0,0,-,-,NA,NA,LOS ANGELES,LOS ANGELES,-118.27915191650392,34.04154586791992
9558172,2023,2023-03-17,1942,2023-02-17,2035,41068,0203,5,5,7,1942,0,0,0,B,0,24T31,MELROSE AV,VERMONT AV,33,W,N,A,-,N,NA,NA,NA,NA,NA,NA,NA,NA,NA,N,4,0,1,2,A,-,03,22350,NA,F,C,C,A,A,H,-,C,D,0,NA,NA,NA,NA,Y,NA,-,99,0,0,1,0,0,0,0,0,0,-,-,NA,NA,LOS ANGELES,LOS ANGELES,-118.29181671142578,34.08358383178711
9558173,2023,2023-03-17,1942,2023-02-18,1630,36182,0201,6,5,7,1942,0,0,0,B,0,24MQ77,VERMONT AV,LOCKWOOD AV,15,N,N,A,D,N,NA,NA,NA,NA,NA,NA,NA,NA,NA,N,2,0,1,2,A,-,05,21650,1,N,D,G,A,A,-,-,A,D,0,NA,Y,NA,NA,Y,NA,L,04,1,0,0,0,0,0,1,0,0,-,-,NA,NA,LOS ANGELES,LOS ANGELES,-118.29174041748048,34.08876037597656
9558174,2023,2023-03-17,1942,2023-02-14,945,40008,0112,2,5,7,1942,0,0,0,A,0,24TL43,W TEMPLE ST,N GRAND AV,10,E,N,A,-,N,NA,NA,NA,NA,NA,NA,NA,NA,NA,N,3,0,1,2,A,-,04,21703,NA,F,C,C,A,A,H,-,A,A,0,NA,NA,NA,NA,Y,NA,-,99,0,1,0,0,0,0,0,0,0,-,-,NA,NA,LOS ANGELES,LOS ANGELES,-118.24641418457033,34.05812072753906
9558175,2023,2023-03-20,1942,2023-02-14,2045,38050,0112,2,5,7,1942,0,0,0,A,0,24T31W,LOS ANGELES ST,TEMPLE ST,0,NA,Y,A,-,N,NA,NA,NA,NA,NA,NA,NA,NA,NA,Y,2,0,1,2,A,-,09,21801,A,F,A,C,A,A,H,-,C,A,0,NA,NA,Y,NA,Y,NA,C,02,1,0,0,0,0,0,0,0,1,-,-,NA,NA,LOS ANGELES,LOS ANGELES,-118.24090576171876,34.05341720581055
9558176,2023,2023-03-17,1942,2023-02-09,2105,39062,0162,4,5,7,1942,0,0,0,A,0,24T34,7TH ST,HILL ST,0,NA,Y,A,-,N,NA,NA,NA,NA,NA,NA,NA,NA,NA,N,4,0,1,2,A,-,08,22107,NA,F,D,C,A,A,H,-,C,A,0,NA,NA,NA,NA,Y,NA,-,99,0,0,1,0,0,0,0,0,0,-,-,NA,NA,LOS ANGELES,LOS ANGELES,-118.25449371337892,34.045928955078125
9558193,2023,2023-03-17,1942,2023-01-31,1240,45185,NA,2,5,7,1942,0,0,0,NA,0,2A39,GRAND VIEW,6TH ST,300,N,N,A,-,N,NA,NA,NA,NA,NA,NA,NA,NA,NA,Y,4,0,1,2,C,-,18,NA,NA,N,C,E,A,B,H,-,A,D,0,NA,NA,NA,NA,Y,NA,-,-,0,0,1,0,0,0,0,0,0,-,-,NA,NA,LOS ANGELES,LOS ANGELES,-118.27651214599608,34.06120300292969
9558205,2023,2023-03-09,1942,2023-02-15,1808,39508,1313,3,5,7,1942,0,0,0,M,0,24TL33,CENTRAL AV,18TH ST,0,NA,Y,A,-,N,NA,NA,NA,NA,NA,NA,NA,NA,NA,N,3,0,1,2,A,-,10,21950,A,F,G,B,B,A,H,-,B,D,0,Y,NA,NA,NA,Y,NA,-,99,0,1,0,0,1,0,0,0,0,-,-,NA,NA,LOS ANGELES,LOS ANGELES,-118.2498779296875,34.02519226074219
9558207,2022,2023-03-10,1942,2022-12-19,1705,40289,0269,1,5,7,1942,0,0,0,B,0,24TL52,7TH ST,BIXEL ST,0,NA,Y,A,-,N,NA,NA,NA,NA,NA,NA,NA,NA,NA,Y,4,0,1,2,A,-,09,21801,A,F,A,C,A,A,H,-,B,D,0,NA,NA,NA,NA,Y,NA,-,99,0,0,1,0,0,0,0,0,0,-,-,NA,NA,LOS ANGELES,LOS ANGELES,-118.26416778564452,34.05086135864258
9558209,2022,2023-03-10,1942,2022-12-09,1550,40289,0192,5,5,7,1942,0,0,0,A,0,24TL53,GRAND AV,14TH ST,36,S,N,A,-,N,NA,NA,NA,NA,NA,NA,NA,NA,NA,N,3,0,1,2,A,-,11,21954,A,N,G,B,D,A,H,-,A,D,0,Y,NA,NA,NA,Y,NA,N,60,0,1,0,0,1,0,0,0,0,-,-,NA,NA,LOS ANGELES,LOS ANGELES,-118.29020690917967,33.73141098022461
9558210,2022,2023-03-09,1942,2022-12-09,1325,41629,0148,5,5,7,1942,0,0,0,A,0,24TL43,5TH ST,CROCKER ST,84,E,N,A,-,N,NA,NA,NA,NA,NA,NA,NA,NA,NA,N,3,0,1,2,A,-,11,21955,NA,F,H,B,D,A,H,-,A,A,0,Y,Y,NA,NA,Y,NA,L,04,0,1,0,0,1,0,0,0,0,-,-,NA,NA,LOS ANGELES,LOS ANGELES,-118.24253082275392,34.04338073730469
9558211,2022,2023-03-10,1942,2022-12-13,1000,42069,1331,2,5,7,1942,0,0,0,M,0,25TL39,HILL ST,ADAMS BL,0,NA,Y,A,-,N,NA,NA,NA,NA,NA,NA,NA,NA,NA,NA,3,0,1,2,A,-,12,21453,A,N,D,C,A,A,H,-,C,A,0,NA,NA,NA,NA,Y,NA,A,01,0,1,0,0,0,0,0,0,0,-,-,NA,NA,LOS ANGELES,LOS ANGELES,-118.27084350585938,34.025821685791016
9558212,2023,2023-09-06,1928,2023-02-13,1207,50324,533,1,5,5,1928,0,0,0,NA,0,503,147TH ST,LEMOLI AV,180,W,N,A,-,N,NA,NA,NA,NA,NA,NA,NA,NA,NA,N,3,0,1,2,A,-,08,22107,NA,N,C,E,A,A,H,-,A,A,0,NA,NA,NA,NA,Y,NA,A,01,0,1,0,0,0,0,0,0,0,-,-,33.89828872680664,-118.33074951171876,LOS ANGELES,HAWTHORNE,-118.33145904541016,33.89828109741211
9558217,2023,2023-09-07,1953,2023-02-07,1534,0809,1953,2,5,6,1953,0,0,0,NA,0,003,SIERRA MADRE BL,COLORADO BL,0,NA,Y,A,-,N,NA,NA,NA,NA,NA,NA,NA,NA,NA,N,4,0,1,2,D,-,00,NA,NA,N,B,C,A,A,H,-,A,A,0,NA,NA,NA,NA,Y,NA,-,-,0,0,1,0,0,0,0,0,0,-,-,NA,NA,LOS ANGELES,PASADENA,-118.1017608642578,34.146080017089844
9558221,2023,2023-03-14,1901,2023-01-20,1455,194,15,5,5,5,1901,0,0,0,NA,0,002,STONEMAN AV,GLENDON WY,0,NA,Y,A,-,N,NA,NA,NA,NA,NA,NA,NA,NA,NA,N,3,0,2,3,A,-,12,22450,A,F,D,D,A,A,H,-,A,A,0,NA,NA,NA,NA,Y,NA,A,07,0,2,0,0,0,0,0,0,0,-,-,34.074039459228516,-118.12191009521484,LOS ANGELES,ALHAMBRA,-118.12185668945313,34.074073791503906
9558233,2022,2023-03-15,1942,2022-08-19,0810,38111,1283,5,5,7,1942,0,0,0,L,0,DESK,CENTURY BL,HOBART BL,2,NA,N,A,-,N,NA,NA,NA,NA,NA,NA,NA,NA,NA,N,3,0,1,2,A,-,12,22450,A,F,D,G,A,A,H,-,A,A,0,NA,Y,NA,NA,Y,NA,A,07,0,1,0,0,0,0,1,0,0,-,-,NA,NA,LOS ANGELES,LOS ANGELES,-118.30789184570313,33.94546127319336
9558234,2022,2023-03-15,1901,2022-08-26,1531,151,23,5,5,5,1901,0,0,0,NA,0,003,MAIN AV,PRIMROSE AV,8,N,N,A,-,N,NA,NA,NA,NA,NA,NA,NA,NA,NA,Y,4,0,1,2,A,-,10,21950,A,N,G,B,B,A,H,-,A,D,0,Y,NA,NA,NA,Y,NA,A,08,0,0,1,0,1,0,0,0,0,-,-,34.0943717956543,-118.14952850341795,LOS ANGELES,ALHAMBRA,-118.14952087402344,34.094322204589844
9558235,2022,2023-03-15,1901,2022-08-17,1223,218,28,3,5,5,1901,0,0,0,NA,0,003,MARENGO AV,MAIN ST,28,N,N,A,-,N,NA,NA,NA,NA,NA,NA,NA,NA,NA,NA,4,0,1,3,A,-,08,22107,NA,N,A,C,A,A,H,-,A,A,0,NA,NA,Y,NA,Y,NA,A,01,0,0,1,0,0,0,0,0,1,-,-,34.09149932861328,-118.14205169677734,LOS ANGELES,ALHAMBRA,-118.14202117919922,34.09151077270508
9558236,2022,2023-03-15,1901,2022-08-31,0841,295,8,3,5,5,1901,0,0,0,NA,0,001,MISSION DR,ALMANSOR ST,3,E,N,A,-,N,NA,NA,NA,NA,NA,NA,NA,NA,NA,NA,3,0,1,2,A,-,09,21800,A,N,H,G,A,A,H,-,A,A,0,NA,Y,NA,NA,Y,NA,A,01,0,1,0,0,0,0,1,0,0,-,-,NA,NA,LOS ANGELES,ALHAMBRA,-118.11701965332033,34.09224319458008
9558237,2022,2023-03-15,1901,2022-07-09,0244,204,16,6,5,5,1901,0,0,0,NA,0,004,VALLEY BL,WESTMONT DR,15,E,N,A,-,N,NA,NA,NA,NA,NA,NA,NA,NA,NA,Y,4,0,2,2,A,-,08,22107,NA,F,D,C,A,A,H,-,C,A,0,NA,NA,NA,NA,Y,Y,A,01,0,0,2,0,0,0,0,0,0,-,-,34.075469970703125,-118.16001892089844,LOS ANGELES,ALHAMBRA,-118.1599349975586,34.075469970703125
9558239,2022,2023-03-15,1901,2022-06-23,1416,291,18,4,5,5,1901,0,0,0,NA,0,004,VALLEY BL,EDITH AV,20,E,N,A,-,N,NA,NA,NA,NA,NA,NA,NA,NA,NA,NA,4,0,1,2,A,-,08,22107,NA,M,B,C,A,A,H,-,A,A,0,NA,NA,NA,NA,Y,NA,A,01,0,0,1,0,0,0,0,0,0,-,-,34.07780075073242,-118.13838958740234,LOS ANGELES,ALHAMBRA,-118.13634490966795,34.07773971557617
9558240,2022,2023-03-15,1901,2022-06-06,1800,152,30,1,5,5,1901,0,0,0,NA,0,003,FREMONT AV,COMMONWEALTH AV,150,N,N,A,-,N,NA,NA,NA,NA,NA,NA,NA,NA,NA,NA,4,0,1,2,A,-,08,22107,NA,N,B,C,A,A,H,-,A,D,0,NA,NA,NA,NA,Y,NA,A,01,0,0,1,0,0,0,0,0,0,-,-,34.08781814575195,-118.15200042724608,LOS ANGELES,ALHAMBRA,-118.15199279785156,34.08821105957031
9558241,2022,2023-03-15,1901,2022-05-13,1008,180,4,5,5,5,1901,0,0,0,NA,0,001,MAIN ST,GRANADA AV,0,NA,Y,A,-,N,NA,NA,NA,NA,NA,NA,NA,NA,NA,NA,4,0,1,2,A,-,10,21950,A,N,G,B,B,A,H,-,A,A,0,Y,NA,NA,NA,Y,NA,A,01,0,0,1,0,1,0,0,0,0,-,-,34.09947967529297,-118.11782073974608,LOS ANGELES,ALHAMBRA,-118.11778259277344,34.09946823120117
9558242,2022,2023-03-15,1901,2022-05-05,2500,217,25,4,5,5,1901,0,0,0,NA,0,001,FREMONT AV,COMMONWEALTH AV,0,NA,Y,A,-,N,NA,NA,NA,NA,NA,NA,NA,NA,NA,Y,4,0,1,3,A,-,12,21453,A,N,D,C,A,A,H,-,A,A,0,NA,NA,NA,NA,Y,NA,A,01,0,0,1,0,0,0,0,0,0,-,-,34.08781814575195,-118.15200042724608,LOS ANGELES,ALHAMBRA,-118.15198516845705,34.08779525756836
9558316,2023,2023-03-13,1928,2023-01-15,1805,50404,NA,7,5,5,1928,0,0,0,NA,0,NA,HAWTHORNE BL,118TH ST,0,NA,Y,C,-,N,NA,NA,NA,NA,NA,NA,NA,NA,NA,NA,3,0,1,2,A,-,10,21950,A,N,G,B,B,B,H,-,C,A,0,Y,NA,NA,NA,Y,NA,A,01,0,1,0,0,1,0,0,0,0,-,-,33.9273796081543,-118.3525390625,LOS ANGELES,HAWTHORNE,-118.35271453857422,33.92731857299805
9558317,2023,2023-03-13,1928,2023-01-14,1256,50430,520,6,5,5,1928,0,0,0,NA,0,503,ROSECRANS AV,DOTY AV,11,E,N,C,-,N,NA,NA,NA,NA,NA,NA,NA,NA,NA,Y,4,0,3,2,A,-,03,22350,NA,N,A,C,A,B,H,-,A,A,0,NA,NA,NA,NA,Y,NA,A,01,0,0,3,0,0,0,0,0,0,-,-,33.90190887451172,-118.33956909179688,LOS ANGELES,HAWTHORNE,-118.33951568603516,33.90193176269531
9558318,2022,2023-03-13,1972,2022-12-13,1001,18263,NA,2,5,6,1972,0,0,0,NA,0,NA,CRENSHAW,ELDORADO,0,NA,Y,A,-,N,NA,NA,NA,NA,NA,NA,NA,NA,NA,Y,4,0,1,2,A,-,12,21453,A,N,D,C,A,A,H,-,A,A,0,NA,NA,NA,NA,Y,NA,A,NA,0,0,1,0,0,0,0,0,0,-,-,NA,NA,LOS ANGELES,TORRANCE,-118.3286590576172,33.83441162109375
9558320,2022,2023-03-13,1972,2022-10-31,1525,21239,NA,1,5,6,1972,0,0,0,NA,0,NA,VAN NESS AV,186TH ST,0,NA,Y,A,-,N,NA,NA,NA,NA,NA,NA,NA,NA,NA,Y,4,0,1,2,A,-,12,22450,NA,F,D,C,A,A,H,-,A,A,0,NA,NA,NA,NA,Y,Y,A,NA,0,0,1,0,0,0,0,0,0,-,-,NA,NA,LOS ANGELES,TORRANCE,-118.31781005859376,33.86240005493164
9558321,2022,2023-03-13,1944,2022-10-07,1103,353,M26,5,5,4,1944,0,0,0,NA,0,001,S SEPULVEDA BL,30TH ST,0,NA,Y,A,-,N,NA,NA,NA,NA,NA,NA,NA,NA,NA,Y,3,0,1,2,A,-,09,21801,A,F,D,C,A,A,D,-,A,D,0,NA,NA,NA,NA,Y,NA,A,01,0,1,0,0,0,0,0,0,0,-,-,NA,NA,LOS ANGELES,MANHATTAN BEACH,-118.39609527587892,33.897239685058594
9558329,2023,2023-08-25,1934,2023-02-11,530,793,IRWPD,6,5,1,1934,0,0,0,NA,0,NA,IRWINDALE AV,FOOTHILL BL,0,NA,Y,A,-,N,NA,NA,NA,NA,NA,NA,NA,NA,NA,Y,2,0,1,1,A,-,03,22350,NA,N,E,I,A,A,H,-,C,A,0,NA,NA,NA,NA,Y,NA,A,01,1,0,0,0,0,0,0,0,0,-,-,34.13359832763672,-117.93344879150392,LOS ANGELES,IRWINDALE,-117.9335708618164,34.133697509765625
9558332,2023,2023-08-31,1900,2023-02-16,1715,637369,2928,4,5,5,1990,0,0,0,NA,0,292K2,PATHFINDER RD,BREA CANYON RD,0,NA,Y,A,-,N,NA,NA,NA,NA,NA,NA,NA,NA,NA,N,4,0,1,2,D,-,00,NA,NA,N,C,C,A,A,H,-,A,A,0,NA,NA,NA,NA,Y,NA,-,-,0,0,1,0,0,0,0,0,0,-,-,33.98429870605469,-117.84497833251952,LOS ANGELES,DIAMOND BAR,-117.84506225585938,33.98426055908203
9558333,2023,2023-08-31,1900,2023-02-22,1405,615350,2925,3,5,5,1990,0,0,0,NA,0,292K2,DIAMOND BAR BL,MOUNTAIN LAUREL WY,40,S,N,A,-,N,NA,NA,NA,NA,NA,NA,NA,NA,NA,Y,3,0,2,2,A,-,03,22350,NA,N,C,C,A,A,H,-,-,A,0,NA,NA,NA,NA,Y,NA,A,07,0,2,0,0,0,0,0,0,0,-,-,33.992088317871094,-117.81707000732422,LOS ANGELES,DIAMOND BAR,-117.817138671875,33.99222183227539