CASE_ID,ACCIDENT_YEAR,PROC_DATE,JURIS,COLLISION_DATE,COLLISION_TIME,OFFICER_ID,REPORTING_DISTRICT,DAY_OF_WEEK,CHP_SHIFT,POPULATION,CNTY_CITY_LOC,SPECIAL_COND,BEAT_TYPE,CHP_BEAT_TYPE,CITY_DIVISION_LAPD,CHP_BEAT_CLASS,BEAT_NUMBER,PRIMARY_RD,SECONDARY_RD,DISTANCE,DIRECTION,INTERSECTION,WEATHER_1,WEATHER_2,STATE_HWY_IND,CALTRANS_COUNTY,CALTRANS_DISTRICT,STATE_ROUTE,ROUTE_SUFFIX,POSTMILE_PREFIX,POSTMILE,LOCATION_TYPE,RAMP_INTERSECTION,SIDE_OF_HWY,TOW_AWAY,COLLISION_SEVERITY,NUMBER_KILLED,NUMBER_INJURED,PARTY_COUNT,PRIMARY_COLL_FACTOR,PCF_CODE_OF_VIOL,PCF_VIOL_CATEGORY,PCF_VIOLATION,PCF_VIOL_SUBSECTION,HIT_AND_RUN,TYPE_OF_COLLISION,MVIW,PED_ACTION,ROAD_SURFACE,ROAD_COND_1,ROAD_COND_2,LIGHTING,CONTROL_DEVICE,CHP_ROAD_TYPE,PEDESTRIAN_ACCIDENT,BICYCLE_ACCIDENT,MOTORCYCLE_ACCIDENT,TRUCK_ACCIDENT,NOT_PRIVATE_PROPERTY,ALCOHOL_INVOLVED,STWD_VEHTYPE_AT_FAULT,CHP_VEHTYPE_AT_FAULT,COUNT_SEVERE_INJ,COUNT_VISIBLE_INJ,COUNT_COMPLAINT_PAIN,COUNT_PED_KILLED,COUNT_PED_INJURED,COUNT_BICYCLIST_KILLED,COUNT_BICYCLIST_INJURED,COUNT_MC_KILLED,COUNT_MC_INJURED,PRIMARY_RAMP,SECONDARY_RAMP,LATITUDE,LONGITUDE,COUNTY,CITY,POINT_X,POINT_Y
9560250,2022,2023-03-20,1942,2022-11-04,0240,44543,0632,5,5,7,1942,0,0,0,F,0,6A79W3,SUNSET BL,CRESCENT HEIGHTS BL,50,W,N,A,-,N,NA,NA,NA,NA,NA,NA,NA,NA,NA,Y,4,0,1,3,A,-,03,22350,NA,F,C,C,A,A,H,-,E,A,0,NA,NA,NA,NA,Y,NA,-,99,0,0,1,0,0,0,0,0,0,-,-,NA,NA,LOS ANGELES,LOS ANGELES,-118.36585235595705,34.09798049926758
9560251,2022,2023-03-20,1941,2022-12-09,2252,11562,NORTH,5,5,7,1941,0,0,0,NA,0,021,E MARKET ST,ATLANTIC AV,20,N,N,A,-,N,NA,NA,NA,NA,NA,NA,NA,NA,NA,Y,2,0,5,2,D,-,00,NA,NA,N,D,C,A,A,H,-,C,A,0,NA,NA,NA,NA,Y,NA,-,-,1,4,0,0,0,0,0,0,0,-,-,38.54336929321289,-118.1849365234375,LOS ANGELES,LONG BEACH,-118.18499755859376,33.854339599609375
9560252,2022,2023-03-20,1942,2022-12-21,1310,34882,0666,3,5,7,1942,0,0,0,F,0,27M116,SEWARD ST,SUNSET BL,5,S,N,A,-,N,NA,NA,NA,NA,NA,NA,NA,NA,NA,N,3,0,1,2,A,-,10,21950,A,F,D,B,B,A,H,-,A,A,0,Y,NA,NA,NA,Y,NA,-,99,0,1,0,0,1,0,0,0,0,-,-,NA,NA,LOS ANGELES,LOS ANGELES,-118.33319091796876,34.09797668457031
9560279,2022,2023-03-20,1942,2022-12-16,1440,40289,0679,5,5,7,1942,0,0,0,F,0,24TL52,SANTA MONICA BL,ARDMORE AV,0,NA,Y,A,-,N,NA,NA,NA,NA,NA,NA,NA,NA,NA,N,3,0,1,2,A,-,08,22107,NA,F,B,G,A,A,H,-,A,D,0,NA,Y,NA,NA,Y,NA,-,99,0,1,0,0,0,0,1,0,0,-,-,NA,NA,LOS ANGELES,LOS ANGELES,-118.30185699462892,34.0908203125
9560301,2023,2023-03-22,1942,2023-02-13,1540,41536,036L,1,5,7,1942,0,0,0,C,0,25M059,MARTIN LUTHER KING JR BL,COLISEUM ST,0,NA,Y,A,-,N,NA,NA,NA,NA,NA,NA,NA,NA,NA,Y,2,0,7,2,A,-,09,21801,A,N,D,C,A,A,H,-,A,A,0,NA,NA,NA,NA,Y,NA,A,07,1,2,4,0,0,0,0,0,0,-,-,NA,NA,LOS ANGELES,LOS ANGELES,-118.3459701538086,34.017478942871094
9560303,2023,2023-03-22,1942,2023-02-21,800,40717,509,2,5,7,1942,0,0,0,NA,0,25T25W,PRESIDENT AV,251ST ST,0,NA,Y,A,-,N,NA,NA,NA,NA,NA,NA,NA,NA,NA,N,3,0,1,2,A,-,10,21950,A,F,A,B,B,A,H,-,A,D,0,Y,NA,NA,NA,Y,NA,A,01,0,1,0,0,1,0,0,0,0,-,-,NA,NA,LOS ANGELES,LOS ANGELES,-118.30428314208984,33.79677200317383
9560304,2023,2023-03-22,1942,2023-02-12,2100,42364,0314,7,5,7,1942,0,0,0,C,0,25T33W,6TH AV,ADAMS BL,32,S,N,-,-,N,NA,NA,NA,NA,NA,NA,NA,NA,NA,N,2,0,1,2,A,-,10,21950,A,N,G,B,B,A,H,-,C,A,0,Y,NA,NA,NA,Y,NA,A,07,1,0,0,0,1,0,0,0,0,-,-,NA,NA,LOS ANGELES,LOS ANGELES,-118.32360076904295,34.03261947631836
9560313,2023,2023-03-22,1942,2023-02-06,1555,34251,0803,1,5,7,1942,0,0,0,H,0,27QL45,SUNSET BL,MANDEVILLE CANYON RD,0,NA,Y,A,-,N,NA,NA,NA,NA,NA,NA,NA,NA,NA,N,2,0,1,2,A,-,10,21950,A,N,G,B,B,A,H,-,A,A,0,Y,NA,NA,NA,Y,NA,A,07,1,0,0,0,1,0,0,0,0,-,-,NA,NA,LOS ANGELES,LOS ANGELES,-118.49407958984376,34.060482025146484
9560314,2023,2023-03-22,1942,2023-02-05,1025,42664,0825,7,5,7,1942,0,0,0,H,0,27TL25,SAN VICENTE BL,BURLINGAME AV,44,W,N,A,-,N,NA,NA,NA,NA,NA,NA,NA,NA,NA,N,4,0,1,2,A,-,08,22107,NA,N,D,G,A,A,H,-,A,D,0,NA,Y,NA,NA,Y,NA,L,04,0,0,1,0,0,0,1,0,0,-,-,NA,NA,LOS ANGELES,LOS ANGELES,-118.48756408691406,34.04934310913086
9560315,2023,2023-03-23,1942,2023-02-19,1350,40157,0806,7,5,7,1942,0,0,0,H,0,27TL23,STRADELLA RD,TIONE RD,195,S,N,A,-,N,NA,NA,NA,NA,NA,NA,NA,NA,NA,N,2,0,1,2,A,-,09,21801,A,N,D,G,A,A,H,-,A,D,0,NA,Y,NA,NA,Y,NA,A,01,1,0,0,0,0,0,1,0,0,-,-,NA,NA,LOS ANGELES,LOS ANGELES,-118.45286560058594,34.08503341674805
9560316,2023,2023-03-24,1942,2023-02-22,830,41493,0858,3,5,7,1942,0,0,0,H,0,27M42-,SWALL DR,PICO BL,15,N,N,A,-,N,NA,NA,NA,NA,NA,NA,NA,NA,NA,N,3,0,1,2,A,-,12,22450,A,F,D,C,A,A,H,-,A,A,0,NA,NA,NA,NA,Y,NA,-,99,0,1,0,0,0,0,0,0,0,-,-,NA,NA,LOS ANGELES,LOS ANGELES,-118.3857192993164,34.05519104003906
9560317,2023,2023-03-22,1942,2023-02-20,1855,42286,0853,1,5,7,1942,0,0,0,H,0,27TL35,OHIO AV,SAWTELLE BL,145,W,N,A,-,N,NA,NA,NA,NA,NA,NA,NA,NA,NA,N,3,0,1,2,A,-,03,22350,NA,F,H,G,A,A,H,-,C,D,0,NA,Y,NA,NA,Y,NA,-,99,0,1,0,0,0,0,1,0,0,-,-,NA,NA,LOS ANGELES,LOS ANGELES,-118.4504623413086,34.04814910888672
9560318,2023,2023-03-22,1942,2023-02-22,2145,42664,0852,3,5,7,1942,0,0,0,H,0,27TL33,SANTA MONICA BL,GRANVILLE AV,92,E,N,A,-,N,NA,NA,NA,NA,NA,NA,NA,NA,NA,N,4,0,1,2,A,-,07,21658,A,F,D,C,A,A,H,-,C,D,0,NA,NA,NA,NA,Y,NA,A,01,0,0,1,0,0,0,0,0,0,-,-,NA,NA,LOS ANGELES,LOS ANGELES,-118.45789337158205,34.042938232421875
9560319,2023,2023-03-22,1942,2023-02-20,1805,39655,0881,1,5,7,1942,0,0,0,H,0,27Q14,BARRINGTON AV,MISSOURI AV,0,NA,Y,A,-,N,NA,NA,NA,NA,NA,NA,NA,NA,NA,N,2,0,1,2,A,-,10,21950,NA,N,G,B,B,A,H,-,C,A,0,Y,NA,NA,NA,Y,NA,A,01,1,0,0,0,1,0,0,0,0,-,-,NA,NA,LOS ANGELES,LOS ANGELES,-118.45159912109376,34.03856658935547
9560320,2023,2023-03-22,1942,2023-02-13,1000,42157,0831,1,5,7,1942,0,0,0,H,0,27TL27,MONTANA AV,STANFORD ST,0,NA,Y,A,-,N,NA,NA,NA,NA,NA,NA,NA,NA,NA,N,2,0,1,2,A,-,10,21950,A,N,G,B,B,A,H,-,A,A,0,Y,NA,NA,NA,Y,NA,A,07,1,0,0,0,1,0,0,0,0,-,-,NA,NA,LOS ANGELES,LOS ANGELES,-118.48004913330078,34.04447937011719
9560332,2023,2023-03-27,1942,2023-02-11,1800,39764,0393,6,5,7,1942,0,0,0,C,0,25MX83,CRENSHAW BL,43RD ST,20,N,N,A,-,N,NA,NA,NA,NA,NA,NA,NA,NA,NA,N,2,0,1,2,A,-,11,21954,A,N,G,B,D,A,H,-,C,A,0,Y,NA,NA,NA,Y,NA,N,60,1,0,0,0,1,0,0,0,0,-,-,NA,NA,LOS ANGELES,LOS ANGELES,-118.33377075195313,34.00537872314453
9560409,2023,2023-04-06,1900,2023-02-18,640,430275,1517,6,5,5,1954,0,0,0,NA,0,151T1,SLAUSON AV,PASSONS BL,0,NA,Y,B,-,N,NA,NA,NA,NA,NA,NA,NA,NA,NA,Y,3,0,2,2,A,-,12,21453,A,N,D,C,A,A,H,-,B,A,0,NA,NA,NA,NA,Y,NA,-,-,0,2,0,0,0,0,0,0,0,-,-,NA,NA,LOS ANGELES,PICO RIVERA,-118.09722900390624,33.968536376953125
9560412,2022,2023-03-22,1942,2022-06-03,2225,40428,1494,5,5,7,1942,0,0,0,N,0,14ZL92,SEPULVEDA BL,CENTURY BL,1320,S,N,A,-,N,NA,NA,NA,NA,NA,NA,NA,NA,NA,Y,4,0,1,2,A,-,03,22350,NA,N,B,C,A,A,H,-,C,A,0,NA,NA,NA,NA,Y,NA,A,01,0,0,1,0,0,0,0,0,0,-,-,NA,NA,LOS ANGELES,LOS ANGELES,-118.39627838134766,33.94192886352539
9560418,2023,2023-03-22,1928,2023-02-11,648,50407,515,6,5,5,1928,0,0,0,NA,0,503,EL SEGUNDO BL,WASHINGTON AV,0,NA,Y,A,-,N,NA,NA,NA,NA,NA,NA,NA,NA,NA,N,3,0,1,2,A,-,10,21950,A,N,G,B,B,A,H,-,A,A,0,Y,NA,NA,Y,Y,NA,F,86,0,1,0,0,1,0,0,0,0,-,-,33.916419982910156,-118.34954833984376,LOS ANGELES,HAWTHORNE,-118.34957122802734,33.916419982910156
9560419,2023,2023-03-22,1900,2023-02-25,1640,551881,1414,6,5,1,1932,0,0,0,NA,0,141T5,PROCTOR AV,PARIOTT PL,132,W,N,B,C,N,NA,NA,NA,NA,NA,NA,NA,NA,NA,Y,2,0,1,1,A,-,01,23152,A,N,E,C,A,B,H,-,A,D,0,NA,NA,NA,NA,Y,Y,D,22,1,0,0,0,0,0,0,0,0,-,-,34.02180099487305,-117.96224212646484,LOS ANGELES,INDUSTRY,-117.96231842041016,34.0218505859375
9560420,2022,2023-03-22,1942,2022-06-23,2340,39038,1413,4,5,7,1942,0,0,0,N,0,14A13,N VENICE BL,BELL AV,24,E,N,A,-,N,NA,NA,NA,NA,NA,NA,NA,NA,NA,Y,3,0,1,5,A,-,03,22350,NA,N,D,E,A,A,H,-,C,D,0,NA,NA,NA,NA,Y,NA,A,01,0,1,0,0,0,0,0,0,0,-,-,NA,NA,LOS ANGELES,LOS ANGELES,NA,NA
9560422,2023,2023-03-28,1928,2023-02-27,1349,50324,527,1,5,5,1928,0,0,0,NA,0,504,ROSECRANS AV,HINDRY AV,167,W,N,C,-,N,NA,NA,NA,NA,NA,NA,NA,NA,NA,Y,4,0,2,2,A,-,09,21804,A,N,D,C,A,B,H,-,A,A,0,NA,NA,NA,NA,Y,NA,A,01,0,0,2,0,0,0,0,0,0,-,-,33.901851654052734,-118.3720703125,LOS ANGELES,HAWTHORNE,-118.37272644042967,33.90176010131836
9560424,2022,2023-03-22,1942,2022-06-05,1250,34882,1473,7,5,7,1942,0,0,0,N,0,27M116,83RD ST,HASTINGS AV,25,E,N,A,-,N,NA,NA,NA,NA,NA,NA,NA,NA,NA,Y,4,0,1,1,A,-,08,22107,NA,N,E,I,A,A,H,-,A,D,0,NA,NA,NA,Y,Y,NA,F,26,0,0,1,0,0,0,0,0,0,-,-,NA,NA,LOS ANGELES,LOS ANGELES,-118.42805480957033,33.96141052246094
9560425,2023,2023-03-28,1900,2023-02-09,1040,430275,1520,4,5,5,1954,0,0,0,NA,0,151T1,WASHINGTON BL,CANDACE AV,45,E,N,A,-,N,NA,NA,NA,NA,NA,NA,NA,NA,NA,Y,3,0,1,2,A,-,09,21804,A,N,D,C,A,A,H,-,A,D,0,NA,NA,NA,NA,Y,NA,D,22,0,1,0,0,0,0,0,0,0,-,-,33.98659896850586,-118.10330200195313,LOS ANGELES,PICO RIVERA,-118.10336303710938,33.986541748046875
9560428,2022,2023-03-29,1942,2022-06-21,2225,42640,1484,2,5,7,1942,0,0,0,N,0,27T31-,LINCOLN BL,LOYOLA AV,135,N,N,A,-,Y,LA,7,1,-,-,28.87,H,-,S,Y,3,0,2,1,A,-,03,22350,NA,N,E,I,A,A,H,-,C,D,0,NA,NA,NA,NA,Y,NA,D,22,0,1,1,0,0,0,0,0,0,-,-,NA,NA,LOS ANGELES,LOS ANGELES,-118.41763305664064,33.95805358886719
9560437,2023,2023-03-22,1900,2023-02-11,1332,430275,1517,6,5,5,1954,0,0,0,NA,0,151T1,PASSONS BL,LOCHINVAR DR,11,E,N,A,-,N,NA,NA,NA,NA,NA,NA,NA,NA,NA,N,3,0,1,2,A,-,10,21950,A,N,-,B,B,A,H,-,A,A,0,Y,NA,NA,NA,Y,NA,D,22,0,1,0,0,1,0,0,0,0,-,-,33.978599548339844,-118.0907974243164,LOS ANGELES,PICO RIVERA,-118.0908203125,33.978675842285156
9560450,2023,2023-03-29,1900,2023-02-20,1105,650732,1432,1,5,4,1937,0,0,0,NA,0,143T1,HACIENDA BL,TEMPLE AV,0,NA,Y,A,-,N,NA,NA,NA,NA,NA,NA,NA,NA,NA,Y,3,0,1,3,A,-,12,21453,A,N,D,C,A,A,H,-,A,A,0,NA,NA,NA,NA,Y,NA,A,01,0,1,0,0,0,0,0,0,0,-,-,34.030269622802734,-117.95384216308594,LOS ANGELES,LA PUENTE,-117.95395660400392,34.03028869628906
9560454,2023,2023-03-28,1900,2023-02-11,2040,551902,2314,6,5,5,1919,0,0,0,NA,0,230T,BLOOMFIELD AV,DEL AMO BL,0,NA,Y,A,-,N,NA,NA,NA,NA,NA,NA,NA,NA,NA,Y,2,0,2,2,A,-,12,21452,A,N,D,C,A,A,H,-,C,A,0,NA,NA,NA,NA,Y,NA,D,22,1,1,0,0,0,0,0,0,0,-,-,33.84600067138672,-118.06300354003906,LOS ANGELES,CERRITOS,-118.06351470947266,33.84621810913086
9560455,2023,2023-03-23,1942,2023-01-08,1545,42656,2056,7,5,7,1942,0,0,0,NA,0,27TL48,12TH ST,VERMONT AV,142,W,N,B,-,N,NA,NA,NA,NA,NA,NA,NA,NA,NA,N,2,0,1,2,A,-,11,21954,A,N,G,B,D,A,H,-,A,D,0,Y,NA,NA,NA,Y,NA,N,60,1,0,0,0,1,0,0,0,0,-,-,NA,NA,LOS ANGELES,LOS ANGELES,-118.29207611083984,34.04912185668945
9560458,2023,2023-04-13,1900,2023-02-14,1100,525852,2318,2,5,5,1919,0,0,0,NA,0,230T,CAMENITA RD,166TH ST,40,S,N,A,-,N,NA,NA,NA,NA,NA,NA,NA,NA,NA,N,2,0,2,3,A,-,03,22350,A,N,C,C,A,A,H,-,A,A,0,NA,NA,NA,NA,Y,NA,A,07,2,0,0,0,0,0,0,0,0,-,-,33.524879455566406,-118.24690246582033,LOS ANGELES,CERRITOS,-118.04657745361328,33.88042068481445
9560459,2023,2023-03-22,1942,2023-01-14,2105,39655,2055,6,5,7,1942,0,0,0,NA,0,27Q14,PICO BL,NORMANDIE AV,0,NA,Y,C,-,N,NA,NA,NA,NA,NA,NA,NA,NA,NA,Y,4,0,3,2,A,-,12,21453,NA,F,D,C,A,B,H,-,C,A,0,NA,NA,NA,NA,Y,NA,A,01,0,0,3,0,0,0,0,0,0,-,-,NA,NA,LOS ANGELES,LOS ANGELES,-118.3000030517578,34.0472412109375
9560461,2023,2023-04-10,1900,2023-02-09,815,430275,1517,4,5,5,1954,0,0,0,NA,0,151T1,ROSEMEAD BL,REX RD,0,NA,Y,A,-,N,NA,NA,NA,NA,NA,NA,NA,NA,NA,Y,3,0,2,2,A,-,12,21453,A,N,D,C,A,A,H,-,A,A,0,NA,NA,NA,NA,Y,NA,A,01,0,2,0,0,0,0,0,0,0,-,-,33.977298736572266,-118.10111236572266,LOS ANGELES,PICO RIVERA,-118.1012954711914,33.97732925415039
9560462,2023,2023-03-22,1900,2023-02-13,700,279485,2313,1,5,5,1919,0,0,0,NA,0,230T,PIONEER BL,195TH ST,0,NA,Y,A,-,N,NA,NA,NA,NA,NA,NA,NA,NA,NA,Y,3,0,2,1,A,-,08,22107,NA,N,E,I,A,A,H,-,A,A,0,NA,NA,NA,NA,Y,NA,D,22,0,2,0,0,0,0,0,0,0,-,-,33.85340881347656,-118.08199310302734,LOS ANGELES,CERRITOS,-118.08212280273438,33.853248596191406
9560464,2023,2023-04-12,1976,2023-02-28,441,530,NA,2,5,3,1964,0,0,0,NA,0,002,FLORENCE AV,SPRINGDALE AV,341,W,N,A,-,N,NA,NA,NA,NA,NA,NA,NA,NA,NA,N,4,0,1,2,A,-,09,21802,A,N,B,C,A,A,H,-,C,A,0,NA,NA,NA,Y,Y,NA,G,25,0,0,1,0,0,0,0,0,0,-,-,NA,NA,LOS ANGELES,SANTA FE SPRINGS,-118.06967163085938,33.9352912902832
9560465,2023,2023-03-28,1928,2023-02-06,1500,50261,508,1,5,5,1928,0,0,0,NA,0,502,120TH ST,VAN NESS AV,38,W,N,A,-,N,NA,NA,NA,NA,NA,NA,NA,NA,NA,N,4,0,1,2,A,-,03,22350,NA,N,C,C,A,A,H,-,A,A,0,NA,NA,NA,NA,Y,NA,I,11,0,0,1,0,0,0,0,0,0,-,-,33.923648834228516,-118.31775665283205,LOS ANGELES,HAWTHORNE,-118.31795501708984,33.92372131347656
9560466,2023,2023-04-07,1900,2023-02-25,1321,546537,2313,6,5,5,1919,0,0,0,NA,0,230T,DEL AMO BL,MAPES AV,8,W,N,A,-,N,NA,NA,NA,NA,NA,NA,NA,NA,NA,Y,3,0,1,2,A,-,03,22350,NA,N,D,C,A,B,H,-,A,A,0,NA,NA,NA,Y,Y,NA,F,26,0,1,0,0,0,0,0,0,0,-,-,33.84605026245117,-118.08912658691406,LOS ANGELES,CERRITOS,-118.08905792236328,33.84601974487305
9560474,2023,2023-03-22,1900,2023-02-19,452,622484,1419,7,5,1,1932,0,0,0,NA,0,143T2,LEMON AV,CURRIER RD,42,N,N,A,-,N,NA,NA,NA,NA,NA,NA,NA,NA,NA,Y,3,0,1,1,A,-,08,22107,NA,N,E,I,A,A,H,-,C,A,0,NA,NA,NA,NA,Y,NA,D,22,0,1,0,0,0,0,0,0,0,-,-,34.006168365478516,-117.85550689697266,LOS ANGELES,INDUSTRY,-117.85548400878906,34.006019592285156
9560475,2022,2023-03-22,1942,2022-06-27,1420,38333,1477,1,5,7,1942,0,0,0,N,0,27MQ13,W MANCHESTER AV,S LA TIJERA BL,32,W,N,A,-,N,NA,NA,NA,NA,NA,NA,NA,NA,NA,Y,4,0,4,2,A,-,08,22107,NA,N,A,C,A,A,H,-,A,A,0,NA,NA,NA,NA,Y,NA,A,01,0,0,4,0,0,0,0,0,0,-,-,NA,NA,LOS ANGELES,LOS ANGELES,-118.39161682128906,33.959800720214844
9560481,2023,2023-03-28,1942,2023-01-31,2140,42286,0881,2,5,7,1942,0,0,0,H,0,27T35W,BARRINGTON AV,OLYMPIC BL,0,NA,Y,A,-,N,NA,NA,NA,NA,NA,NA,NA,NA,NA,Y,2,0,1,2,A,-,09,21801,A,N,D,C,A,A,H,-,C,A,0,NA,NA,Y,NA,Y,NA,C,02,1,0,0,0,0,0,0,0,1,-,-,NA,NA,LOS ANGELES,LOS ANGELES,-118.44784545898438,34.03422927856445
9560482,2023,2023-04-03,1942,2023-01-03,1535,42618,1433,2,5,7,1942,0,0,0,N,0,27TL44,VENICE BL,SUPERIOR AV,0,NA,Y,B,-,N,NA,NA,NA,NA,NA,NA,NA,NA,NA,Y,3,0,1,5,A,-,03,22350,NA,F,B,C,A,B,H,-,A,A,0,NA,NA,NA,NA,Y,NA,A,01,0,1,0,0,0,0,0,0,0,-,-,NA,NA,LOS ANGELES,LOS ANGELES,-118.4521484375,33.99443817138672
9560491,2023,2023-03-30,1942,2023-01-21,105,44931,1445,6,5,7,1942,0,0,0,N,0,14A13,CENTINELA AV,WASHINGTON PL,200,N,N,A,-,N,NA,NA,NA,NA,NA,NA,NA,NA,NA,Y,4,0,1,3,A,-,01,23152,A,N,B,E,A,A,H,-,C,D,0,NA,NA,NA,NA,Y,Y,A,01,0,0,1,0,0,0,0,0,0,-,-,NA,NA,LOS ANGELES,LOS ANGELES,-118.43064880371094,33.99989318847656
9560493,2023,2023-03-30,1942,2023-01-07,1405,40901,1829,6,5,7,1942,0,0,0,R,0,18B24,E CENTURY BL,LOU DILLON AV,0,NA,Y,A,-,N,NA,NA,NA,NA,NA,NA,NA,NA,NA,N,3,0,2,2,A,-,12,21453,A,N,D,C,A,A,H,-,A,A,0,NA,NA,NA,NA,Y,NA,A,07,0,2,0,0,0,0,0,0,0,-,-,NA,NA,LOS ANGELES,LOS ANGELES,-118.2344970703125,33.94654083251953
9560497,2023,2023-03-30,1942,2023-01-08,1814,40899,2014,7,5,7,1942,0,0,0,NA,0,27Q14,3RD ST,NORMANDIE AV,90,E,N,A,-,N,NA,NA,NA,NA,NA,NA,NA,NA,NA,Y,4,0,3,4,A,-,03,22350,NA,F,C,C,A,A,H,-,C,D,0,NA,NA,NA,NA,Y,NA,-,99,0,0,3,0,0,0,0,0,0,-,-,NA,NA,LOS ANGELES,LOS ANGELES,-118.30006408691406,34.06901931762695
9560500,2023,2023-03-30,1942,2023-01-08,2355,44299,2035,7,5,7,1942,0,0,0,NA,0,27T31,8TH ST,CATALINA ST,15,W,N,B,-,N,NA,NA,NA,NA,NA,NA,NA,NA,NA,Y,2,0,1,3,A,-,10,21950,A,F,G,B,B,A,H,-,C,A,0,Y,NA,NA,NA,Y,NA,A,01,1,0,0,0,1,0,0,0,0,-,-,NA,NA,LOS ANGELES,LOS ANGELES,-118.29544067382813,34.0577392578125
9560521,2023,2023-05-10,1928,2023-03-13,1257,50376,519,1,5,5,1928,0,0,0,NA,0,503,CRENSHAW BL,139TH ST,0,NA,Y,A,-,N,NA,NA,NA,NA,NA,NA,NA,NA,NA,Y,3,0,5,4,A,-,09,21802,A,N,D,C,E,A,H,-,A,A,0,Y,NA,NA,NA,Y,NA,A,01,0,1,4,0,1,0,0,0,0,-,-,33.90559005737305,-118.32642364501952,LOS ANGELES,HAWTHORNE,-118.32650756835938,33.905548095703125
9560544,2023,2023-03-28,1976,2023-02-25,1630,524,BELLF,6,5,3,1964,0,0,0,NA,0,001,BLOOMFIELD AV,TELEGRAPH RD,75,S,N,C,-,N,NA,NA,NA,NA,NA,NA,NA,NA,NA,Y,3,0,1,1,A,-,08,22107,NA,N,E,I,A,B,H,-,B,A,0,NA,NA,NA,NA,Y,NA,A,01,0,1,0,0,0,0,0,0,0,-,-,NA,NA,LOS ANGELES,SANTA FE SPRINGS,-118.06406402587892,33.941593170166016
9560551,2023,2023-03-23,1942,2023-02-01,2100,44035,0657,3,5,7,1942,0,0,0,F,0,2T731W,BARTON AV,WESTERN AV,0,NA,Y,A,-,N,NA,NA,NA,NA,NA,NA,NA,NA,NA,N,4,0,1,2,A,-,09,21804,A,N,D,C,A,A,H,-,C,A,0,NA,NA,NA,NA,Y,Y,A,01,0,0,1,0,0,0,0,0,0,-,-,NA,NA,LOS ANGELES,LOS ANGELES,-118.30915832519533,34.08760070800781
9560552,2023,2023-03-23,1942,2023-02-03,1900,44035,0774,5,5,7,1942,0,0,0,G,0,27T33,LA BREA AV,PICKFORD ST,100,S,N,A,-,N,NA,NA,NA,NA,NA,NA,NA,NA,NA,Y,4,0,1,2,A,-,01,23152,A,N,C,C,A,A,H,-,C,D,0,NA,NA,NA,NA,Y,Y,A,01,0,0,1,0,0,0,0,0,0,-,-,NA,NA,LOS ANGELES,LOS ANGELES,-118.34685516357422,34.04212951660156
9560559,2023,2023-03-23,1942,2023-02-11,1420,35991,1794,6,5,7,1942,0,0,0,Q,0,17A67,LINDLEY AV,CHASE ST,0,NA,Y,A,-,N,NA,NA,NA,NA,NA,NA,NA,NA,NA,Y,3,0,1,2,A,-,09,21801,A,F,A,C,A,A,H,-,A,A,0,NA,NA,NA,NA,Y,NA,A,01,0,1,0,0,0,0,0,0,0,-,-,NA,NA,LOS ANGELES,LOS ANGELES,-118.52735137939452,34.224586486816406
9560561,2023,2023-04-03,1941,2023-01-02,631,11381,WEST,1,5,7,1941,0,0,0,NA,0,003,GOLDEN AV,W WILLOW ST,0,NA,Y,A,-,N,NA,NA,NA,NA,NA,NA,NA,NA,NA,N,2,0,2,2,A,-,03,22350,NA,F,A,B,B,A,H,-,A,A,0,Y,NA,NA,NA,Y,Y,A,01,1,0,1,0,1,0,0,0,0,-,-,33.80438995361328,-118.20240020751952,LOS ANGELES,LONG BEACH,-118.20244598388672,33.80439758300781
9560563,2023,2023-03-23,1900,2023-01-20,754,476466,0617,5,5,6,1985,0,0,0,NA,0,61T1,SIERRA HWY,VIA PRINCESSA,10,N,N,A,-,N,NA,NA,NA,NA,NA,NA,NA,NA,NA,N,4,0,2,2,A,-,04,21703,NA,N,C,C,A,A,H,-,A,A,0,NA,NA,NA,NA,Y,NA,A,01,0,0,2,0,0,0,0,0,0,-,-,NA,NA,LOS ANGELES,SANTA CLARITA,-118.46490478515624,34.405635833740234
9560564,2023,2023-03-23,1900,2023-01-26,1650,476466,0617,4,5,6,1985,0,0,0,NA,0,61T1,SIERRA HWY,RT 14,0,NA,Y,A,-,N,NA,NA,NA,NA,NA,NA,NA,NA,NA,Y,4,0,2,2,D,-,00,NA,NA,N,D,C,A,A,H,-,A,A,0,NA,NA,NA,NA,Y,NA,-,-,0,0,2,0,0,0,0,0,0,-,NF,34.40694046020508,-118.46257019042967,LOS ANGELES,SANTA CLARITA,-118.49928283691406,34.37297058105469
9560566,2023,2023-03-23,1900,2023-01-26,1633,476466,0633,4,5,6,1985,0,0,0,NA,0,61T1,SIERRA HWY,JAKES WY,0,S,N,A,-,N,NA,NA,NA,NA,NA,NA,NA,NA,NA,N,4,0,1,2,A,-,04,21703,NA,N,C,C,A,A,H,-,A,A,0,NA,NA,NA,NA,Y,NA,A,07,0,0,1,0,0,0,0,0,0,-,-,34.41061019897461,-118.45868682861328,LOS ANGELES,SANTA CLARITA,-118.45867919921876,34.410526275634766
9560567,2023,2023-03-23,1900,2023-01-30,1600,533418,2319,1,5,5,1919,0,0,0,NA,0,230T,ARTESIA BL,VALLEY VIEW AV,124,W,N,C,-,N,NA,NA,NA,NA,NA,NA,NA,NA,NA,Y,4,0,1,3,A,-,07,21658,A,N,D,D,A,B,H,-,A,A,0,NA,NA,NA,NA,Y,NA,A,01,0,0,1,0,0,0,0,0,0,-,-,33.873291015625,-118.02935028076172,LOS ANGELES,CERRITOS,-118.02926635742188,33.87324905395508