CASE_ID,ACCIDENT_YEAR,PROC_DATE,JURIS,COLLISION_DATE,COLLISION_TIME,OFFICER_ID,REPORTING_DISTRICT,DAY_OF_WEEK,CHP_SHIFT,POPULATION,CNTY_CITY_LOC,SPECIAL_COND,BEAT_TYPE,CHP_BEAT_TYPE,CITY_DIVISION_LAPD,CHP_BEAT_CLASS,BEAT_NUMBER,PRIMARY_RD,SECONDARY_RD,DISTANCE,DIRECTION,INTERSECTION,WEATHER_1,WEATHER_2,STATE_HWY_IND,CALTRANS_COUNTY,CALTRANS_DISTRICT,STATE_ROUTE,ROUTE_SUFFIX,POSTMILE_PREFIX,POSTMILE,LOCATION_TYPE,RAMP_INTERSECTION,SIDE_OF_HWY,TOW_AWAY,COLLISION_SEVERITY,NUMBER_KILLED,NUMBER_INJURED,PARTY_COUNT,PRIMARY_COLL_FACTOR,PCF_CODE_OF_VIOL,PCF_VIOL_CATEGORY,PCF_VIOLATION,PCF_VIOL_SUBSECTION,HIT_AND_RUN,TYPE_OF_COLLISION,MVIW,PED_ACTION,ROAD_SURFACE,ROAD_COND_1,ROAD_COND_2,LIGHTING,CONTROL_DEVICE,CHP_ROAD_TYPE,PEDESTRIAN_ACCIDENT,BICYCLE_ACCIDENT,MOTORCYCLE_ACCIDENT,TRUCK_ACCIDENT,NOT_PRIVATE_PROPERTY,ALCOHOL_INVOLVED,STWD_VEHTYPE_AT_FAULT,CHP_VEHTYPE_AT_FAULT,COUNT_SEVERE_INJ,COUNT_VISIBLE_INJ,COUNT_COMPLAINT_PAIN,COUNT_PED_KILLED,COUNT_PED_INJURED,COUNT_BICYCLIST_KILLED,COUNT_BICYCLIST_INJURED,COUNT_MC_KILLED,COUNT_MC_INJURED,PRIMARY_RAMP,SECONDARY_RAMP,LATITUDE,LONGITUDE,COUNTY,CITY,POINT_X,POINT_Y
9565163,2023,2023-05-01,1976,2023-03-14,1725,549,NA,2,5,3,1964,0,0,0,NA,0,002,TELEGRAPH RD,HOUGHTON AV,0,NA,Y,C,-,N,NA,NA,NA,NA,NA,NA,NA,NA,NA,N,4,0,1,2,A,-,03,22350,NA,N,C,C,A,B,H,-,A,D,0,NA,NA,NA,NA,Y,NA,D,22,0,0,1,0,0,0,0,0,0,-,-,NA,NA,LOS ANGELES,SANTA FE SPRINGS,-118.08860778808594,33.94832229614258
9565171,2023,2023-05-01,1976,2023-03-15,759,595,NA,3,5,3,1964,0,0,0,NA,0,003,FIRESTONE BL,MARQUARDT AV,782,E,N,C,-,N,NA,NA,NA,NA,NA,NA,NA,NA,NA,N,3,0,1,2,A,-,08,22107,NA,N,B,C,A,B,H,-,A,D,0,NA,NA,NA,NA,Y,NA,A,01,0,1,0,0,0,0,0,0,0,-,-,NA,NA,LOS ANGELES,SANTA FE SPRINGS,-118.03800964355467,33.88861083984375
9565197,2023,2023-05-10,1900,2023-04-06,759,655860,1620,4,5,5,1977,0,0,0,NA,0,164T,DOMINGUEZ ST,CHICO ST,177,E,N,A,-,N,NA,NA,NA,NA,NA,NA,NA,NA,NA,N,3,0,1,2,A,-,17,22517,NA,N,H,E,A,A,H,-,A,-,0,NA,Y,NA,NA,Y,NA,A,01,0,1,0,0,0,0,1,0,0,-,-,33.840389251708984,-118.25675201416016,LOS ANGELES,CARSON,-118.25653839111328,33.8404655456543
9565198,2023,2023-05-11,1900,2023-04-08,1756,657316,1621,6,5,5,1977,0,0,0,NA,0,167T1,WILMINGTON AV,213TH ST,0,NA,Y,A,-,N,NA,NA,NA,NA,NA,NA,NA,NA,NA,Y,2,0,1,2,A,-,12,21453,A,N,D,C,A,A,H,-,B,A,0,NA,NA,NA,NA,Y,NA,A,01,1,0,0,0,0,0,0,0,0,-,-,33.83544158935547,-118.2381591796875,LOS ANGELES,CARSON,-118.23816680908205,33.83546447753906
9565199,2023,2023-05-11,1900,2023-04-08,1552,657316,1624,6,5,5,1977,0,0,0,NA,0,167T1,AVALON BL,223RD ST,95,S,N,A,-,N,NA,NA,NA,NA,NA,NA,NA,NA,NA,Y,4,0,1,2,A,-,07,21658,A,N,B,C,A,A,H,-,B,D,0,NA,NA,NA,NA,Y,NA,A,01,0,0,1,0,0,0,0,0,0,-,-,33.823848724365234,-118.26371002197266,LOS ANGELES,CARSON,-118.2637176513672,33.82395935058594
9565241,2023,2023-05-02,1900,2023-03-13,1359,629508,1131,1,5,6,1992,0,0,0,NA,0,112T1,CHALLENGER WY,AVENUE H,593,S,N,G,-,N,NA,NA,NA,NA,NA,NA,NA,NA,NA,Y,3,0,2,2,A,-,09,21804,A,N,D,C,A,A,H,-,A,D,0,NA,NA,NA,NA,Y,NA,A,01,0,1,1,0,0,0,0,0,0,-,-,NA,NA,LOS ANGELES,LANCASTER,-118.1123504638672,34.71726608276367
9565242,2023,2023-05-02,1900,2023-03-22,1024,629508,1138,3,5,6,1992,0,0,0,NA,0,112T1,AVENUE J,50TH ST EAST,0,NA,Y,A,-,N,NA,NA,NA,NA,NA,NA,NA,NA,NA,Y,3,0,2,2,A,-,12,22450,A,N,D,C,A,A,H,-,A,A,0,NA,NA,NA,NA,Y,NA,-,-,0,2,0,0,0,0,0,0,0,-,-,NA,NA,LOS ANGELES,LANCASTER,-118.04120635986328,34.68996047973633
9565243,2023,2023-05-02,1900,2023-03-28,2047,642878,1123,2,5,6,1992,0,0,0,NA,0,112T1,10TH ST WEST,AVENUE I- 12,0,NA,Y,A,-,N,NA,NA,NA,NA,NA,NA,NA,NA,NA,Y,4,0,3,2,A,-,09,21801,A,N,D,C,A,-,H,-,C,D,0,NA,NA,NA,NA,Y,NA,A,01,0,0,3,0,0,0,0,0,0,-,-,NA,NA,LOS ANGELES,LANCASTER,-118.14812469482422,34.70394515991211
9565244,2023,2023-05-02,1900,2023-03-28,1935,617242,1137,2,5,6,1992,0,0,0,NA,0,112T21,20TH ST EAST,AVENUE K-8,950,S,N,A,-,N,NA,NA,NA,NA,NA,NA,NA,NA,NA,Y,4,0,3,4,A,-,03,22350,NA,N,C,C,A,A,H,-,D,D,0,NA,NA,NA,NA,Y,NA,A,07,0,0,3,0,0,0,0,0,0,-,-,NA,NA,LOS ANGELES,LANCASTER,-118.09490966796876,34.675289154052734
9565245,2023,2023-05-02,1900,2023-03-13,813,617242,1137,1,5,6,1992,0,0,0,NA,0,112T21,AVENUE J-8,EMILE ZOLA ST,220,W,N,A,-,N,NA,NA,NA,NA,NA,NA,NA,NA,NA,N,4,0,1,2,A,-,09,21802,B,N,D,C,A,A,H,-,A,D,0,NA,NA,NA,NA,Y,NA,A,07,0,0,1,0,0,0,0,0,0,-,-,NA,NA,LOS ANGELES,LANCASTER,-118.10494232177734,34.682273864746094
9565246,2023,2023-05-02,1900,2023-03-27,1510,656370,1133,1,5,6,1992,0,0,0,NA,0,112T2,CHALLENGER WY,AVENUE J,380,S,N,A,-,N,NA,NA,NA,NA,NA,NA,NA,NA,NA,Y,4,0,2,2,A,-,09,21804,A,M,D,C,A,A,H,-,A,D,0,NA,NA,NA,NA,Y,NA,A,07,0,0,2,0,0,0,0,0,0,-,-,34.688331604003906,-118.11257934570313,LOS ANGELES,LANCASTER,-118.11264038085938,34.688438415527344
9565247,2023,2023-05-02,1900,2023-03-23,2056,624926,1135,4,5,6,1992,0,0,0,NA,0,112T1,DIVISION ST,AV J,0,NA,Y,A,-,N,NA,NA,NA,NA,NA,NA,NA,NA,NA,Y,4,0,4,2,A,-,09,21801,A,N,D,C,A,A,H,-,C,A,0,NA,NA,NA,NA,Y,NA,A,07,0,0,4,0,0,0,0,0,0,-,-,NA,NA,LOS ANGELES,LANCASTER,-118.13037109375,34.689483642578125
9565248,2023,2023-05-02,1900,2023-03-28,1515,624934,1123,2,5,6,1992,0,0,0,NA,0,111T1,AVENUE J-4,10TH ST WEST,0,NA,Y,A,-,N,NA,NA,NA,NA,NA,NA,NA,NA,NA,Y,4,0,1,2,A,-,08,22107,NA,M,C,C,A,A,H,-,A,A,0,NA,NA,NA,NA,Y,NA,A,07,0,0,1,0,0,0,0,0,0,-,-,NA,NA,LOS ANGELES,LANCASTER,-118.14800262451172,34.68578338623047
9565250,2023,2023-05-02,1900,2023-03-31,2058,656744,1127,5,5,6,1992,0,0,0,NA,0,113B,AVENUE K,20TH ST WEST,98,W,N,A,-,N,NA,NA,NA,NA,NA,NA,NA,NA,NA,Y,4,0,2,2,A,-,09,21804,A,N,D,C,A,A,H,-,C,D,0,NA,NA,Y,NA,Y,NA,A,01,0,0,2,0,0,0,0,0,1,-,-,NA,NA,LOS ANGELES,LANCASTER,-118.16605377197266,34.67499923706055
9565251,2023,2023-05-02,1928,2023-03-18,1404,50431,526,6,5,5,1928,0,0,0,NA,0,501,IMPERIAL HWY,RAMONA AV,0,NA,Y,A,-,N,NA,NA,NA,NA,NA,NA,NA,NA,NA,Y,4,0,1,2,A,-,12,21453,A,N,D,C,A,A,H,-,A,A,0,NA,NA,NA,NA,Y,NA,A,01,0,0,1,0,0,0,0,0,0,-,-,33.930870056152344,-118.35707855224608,LOS ANGELES,HAWTHORNE,-118.35698699951172,33.93093490600586
9565252,2023,2023-05-02,1928,2023-03-30,552,50400,517,4,5,5,1928,0,0,0,NA,0,503,PRAIRIE AV,132ND ST,0,NA,Y,C,-,N,NA,NA,NA,NA,NA,NA,NA,NA,NA,Y,4,0,1,2,A,-,12,21453,A,N,D,C,A,B,H,-,C,A,0,NA,NA,NA,NA,Y,NA,A,01,0,0,1,0,0,0,0,0,0,-,-,33.91305923461914,-118.34398651123048,LOS ANGELES,HAWTHORNE,-118.34387969970705,33.913089752197266
9565253,2023,2023-05-02,1928,2023-03-27,2057,50406,516,1,5,5,1928,0,0,0,NA,0,503,PRAIRIE AV,139TH ST,0,NA,Y,A,-,N,NA,NA,NA,NA,NA,NA,NA,NA,NA,Y,4,0,1,2,A,-,01,23152,A,N,A,C,A,A,H,-,C,A,0,NA,NA,NA,NA,Y,Y,-,NA,0,0,1,0,0,0,0,0,0,-,-,33.905548095703125,-118.34396362304688,LOS ANGELES,HAWTHORNE,-118.3438720703125,33.90523147583008
9565260,2023,2023-05-02,1913,2023-03-30,548,4221,45,4,5,4,1913,0,0,0,NA,0,NA,FOOTHILL BL,MOUNTAIN AV,0,NA,Y,C,-,N,NA,NA,NA,NA,NA,NA,NA,NA,NA,Y,4,0,2,2,A,-,08,22107,NA,N,H,C,A,B,H,-,B,A,0,NA,NA,NA,NA,Y,NA,A,01,0,0,2,0,0,0,0,0,0,-,-,NA,NA,LOS ANGELES,CLAREMONT,-117.72901153564452,34.10697555541992
9565262,2023,2023-05-01,1900,2023-04-05,1906,656370,1126,3,5,6,1992,0,0,0,NA,0,111T2,AVENUE K,20TH ST W,40,E,N,A,-,N,NA,NA,NA,NA,NA,NA,NA,NA,NA,Y,4,0,1,2,A,-,03,22350,NA,N,C,C,A,A,H,-,B,A,0,NA,NA,NA,NA,Y,NA,A,01,0,0,1,0,0,0,0,0,0,-,-,34.67498016357422,-118.1654815673828,LOS ANGELES,LANCASTER,-118.16559600830078,34.67500305175781
9565263,2023,2023-05-01,1900,2023-04-10,1308,651854,1137,1,5,6,1992,0,0,0,NA,0,111T1,20TH ST EAST,EAST AVENUE J-8,0,NA,Y,A,-,N,NA,NA,NA,NA,NA,NA,NA,NA,NA,Y,2,0,3,2,A,-,01,23153,A,N,D,C,A,A,H,-,A,A,0,NA,NA,NA,NA,Y,Y,A,08,3,0,0,0,0,0,0,0,0,-,-,NA,NA,LOS ANGELES,LANCASTER,-118.09471130371094,34.68232727050781
9565264,2023,2023-05-01,1900,2023-04-11,1449,620752,1127,2,5,6,1992,0,0,0,NA,0,112T1,60TH ST WEST,AVENUE L,0,NA,Y,A,-,N,NA,NA,NA,NA,NA,NA,NA,NA,NA,Y,4,0,1,2,A,-,09,21453,C,N,D,C,A,A,H,-,A,A,0,NA,NA,NA,NA,Y,NA,A,01,0,0,1,0,0,0,0,0,0,-,-,NA,NA,LOS ANGELES,LANCASTER,-118.23635864257813,34.66020584106445
9565265,2023,2023-05-01,1900,2023-04-07,1914,510509,1137,5,5,6,1992,0,0,0,NA,0,112T2,CHALLENGER WY,AVENUE J-8,0,NA,Y,B,-,N,NA,NA,NA,NA,NA,NA,NA,NA,NA,Y,4,0,1,2,A,-,09,21801,A,N,B,C,A,A,H,-,A,A,0,NA,NA,NA,NA,Y,NA,A,01,0,0,1,0,0,0,0,0,0,-,-,NA,NA,LOS ANGELES,LANCASTER,-118.11266326904295,34.689483642578125
9565266,2023,2023-05-01,1900,2023-03-30,935,510509,1134,4,5,6,1992,0,0,0,NA,0,11271,4TH ST EAST,AVENUE L,0,NA,Y,B,-,N,NA,NA,NA,NA,NA,NA,NA,NA,NA,Y,3,0,1,2,A,-,12,21453,A,N,B,C,A,A,H,-,A,A,0,NA,NA,NA,NA,Y,NA,A,01,0,1,0,0,0,0,0,0,0,-,-,NA,NA,LOS ANGELES,LANCASTER,-118.12342834472656,34.660404205322266
9565267,2023,2023-05-01,1900,2023-03-31,950,600122,1126,5,5,6,1992,0,0,0,NA,0,112T1,10TH ST WEST,AVENUE L,0,NA,Y,A,-,N,NA,NA,NA,NA,NA,NA,NA,NA,NA,Y,3,0,1,3,A,-,12,21453,A,N,-,C,A,A,-,-,A,A,0,NA,NA,NA,NA,Y,NA,A,01,0,1,0,0,0,0,0,0,0,-,-,34.66027069091797,-118.14768981933594,LOS ANGELES,LANCASTER,-118.14784240722656,34.660369873046875
9565268,2023,2023-05-01,1900,2023-04-05,627,617242,1122,3,5,6,1992,0,0,0,NA,0,112T21,AVENUE J,SIERRA HWY,0,NA,Y,A,-,N,NA,NA,NA,NA,NA,NA,NA,NA,NA,Y,4,0,2,2,A,-,12,21453,A,N,A,C,A,A,H,-,A,A,0,NA,NA,NA,NA,Y,NA,A,01,0,0,2,0,0,0,0,0,0,-,-,NA,NA,LOS ANGELES,LANCASTER,-118.13536834716795,34.689430236816406
9565269,2023,2023-05-02,1900,2023-04-06,802,656370,1123,4,5,6,1992,0,0,0,NA,0,112T2,AVENUE J,FIG AV,0,NA,Y,A,-,N,NA,NA,NA,NA,NA,NA,NA,NA,NA,Y,4,0,1,2,A,-,12,21453,A,N,D,C,A,A,H,-,A,A,0,NA,NA,NA,NA,Y,NA,-,-,0,0,1,0,0,0,0,0,0,-,-,34.689430236816406,-118.14187622070313,LOS ANGELES,LANCASTER,-118.14201354980467,34.68944549560547
9565270,2023,2023-05-02,1900,2023-04-07,1647,656370,1127,5,5,6,1992,0,0,0,NA,0,111T2,AVENUE J,25TH ST WEST,40,E,N,A,-,N,NA,NA,NA,NA,NA,NA,NA,NA,NA,N,4,0,1,2,A,-,03,22350,NA,N,C,C,A,A,H,-,A,A,0,NA,NA,NA,NA,Y,NA,A,08,0,0,1,0,0,0,0,0,0,-,-,34.68947982788086,-118.7451171875,LOS ANGELES,LANCASTER,-118.17461395263672,34.6893310546875
9565271,2023,2023-05-02,1900,2023-04-13,1730,643200,1133,4,5,6,1992,0,0,0,NA,0,112T1,AVENUE J,DIVISION ST,0,NA,Y,A,-,N,NA,NA,NA,NA,NA,NA,NA,NA,NA,N,4,0,1,2,A,-,12,21453,A,N,D,C,A,A,H,-,A,A,0,NA,NA,NA,NA,Y,NA,A,08,0,0,1,0,0,0,0,0,0,-,-,34.689491271972656,-118.1303482055664,LOS ANGELES,LANCASTER,-118.13037109375,34.689483642578125
9565272,2023,2023-05-02,1900,2023-04-06,1310,510509,1122,4,5,6,1992,0,0,0,NA,0,112T1,KETTERING ST,DATE AV,44,E,N,A,-,N,NA,NA,NA,NA,NA,NA,NA,NA,NA,Y,3,0,1,3,A,-,08,22107,NA,N,C,E,A,A,H,-,A,D,0,NA,NA,NA,NA,Y,NA,A,01,0,1,0,0,0,0,0,0,0,-,-,NA,NA,LOS ANGELES,LANCASTER,-118.14093780517578,34.69977569580078
9565273,2023,2023-05-02,1900,2023-04-07,1055,600122,1159,5,5,6,1992,0,0,0,NA,0,112T2,AVENUE L,70TH ST WEST,0,NA,Y,A,-,N,NA,NA,NA,NA,NA,NA,NA,NA,NA,Y,3,0,1,2,A,-,12,22450,A,N,D,C,A,A,H,-,A,A,0,NA,NA,NA,Y,Y,NA,A,07,0,1,0,0,0,0,0,0,0,-,-,34.66004180908203,-118.25376129150392,LOS ANGELES,LANCASTER,-118.2539520263672,34.660179138183594
9565274,2023,2023-05-02,1900,2023-04-13,1053,656370,1137,4,5,6,1992,0,0,0,NA,0,112T2,AVENUE J,26TH ST EAST,0,NA,Y,A,-,N,NA,NA,NA,NA,NA,NA,NA,NA,NA,N,4,0,7,2,A,-,09,21802,A,N,D,C,A,A,H,-,A,A,0,NA,NA,NA,NA,Y,NA,A,07,0,0,7,0,0,0,0,0,0,-,-,34.689701080322266,-118.08535766601564,LOS ANGELES,LANCASTER,-118.08363342285156,34.689796447753906
9565275,2023,2023-05-02,1900,2023-04-13,1528,656370,1127,4,5,6,1992,0,0,0,NA,0,111T2,AVENUE J-8,40TH ST WEST,0,NA,Y,A,-,N,NA,NA,NA,NA,NA,NA,NA,NA,NA,Y,4,0,5,3,A,-,12,22450,A,N,D,C,A,A,H,-,A,A,0,NA,NA,NA,NA,Y,NA,A,07,0,0,5,0,0,0,0,0,0,-,-,34.682029724121094,-118.20147705078124,LOS ANGELES,LANCASTER,-118.20156860351564,34.68212127685547
9565276,2023,2023-05-02,1928,2023-04-08,1903,50435,H520,6,5,5,1928,0,0,0,NA,0,503,ROSECRANS AV,CRENSHAW BL,0,NA,Y,A,-,N,NA,NA,NA,NA,NA,NA,NA,NA,NA,N,2,0,1,2,A,-,11,21954,A,N,A,B,D,A,H,-,A,A,0,Y,NA,NA,NA,Y,Y,N,60,1,0,0,0,1,0,0,0,0,-,-,33.90187072753906,-118.32649230957033,LOS ANGELES,HAWTHORNE,-118.32653045654295,33.90192794799805
9565277,2023,2023-05-02,1928,2023-04-10,1353,50324,526,1,5,5,1928,0,0,0,NA,0,501,HAWTHORNE BL,116TH ST,0,NA,Y,A,-,N,NA,NA,NA,NA,NA,NA,NA,NA,NA,Y,4,0,1,2,A,-,09,21802,A,N,D,C,A,A,H,-,A,A,0,NA,NA,NA,NA,Y,NA,A,01,0,0,1,0,0,0,0,0,0,-,-,33.92921829223633,-118.35254669189452,LOS ANGELES,HAWTHORNE,-118.35271453857422,33.92912673950195
9565278,2023,2023-05-02,1928,2023-04-06,1645,50384,525,4,5,5,1928,0,0,0,NA,0,502,PRAIRIE AV,IMPERIAL HWY,60,S,N,A,-,N,NA,NA,NA,NA,NA,NA,NA,NA,NA,N,4,0,1,2,A,-,03,22350,NA,N,C,C,A,A,H,-,A,A,0,NA,NA,NA,NA,Y,NA,A,07,0,0,1,0,0,0,0,0,0,-,-,33.93095016479492,-118.34382629394533,LOS ANGELES,HAWTHORNE,-118.34390258789064,33.93079376220703
9565281,2023,2023-05-25,1920,2023-03-31,352,13645,1920,5,5,6,1920,0,0,0,NA,0,002,FIRESTONE BL,POMERING RD,209,W,N,A,-,N,NA,NA,NA,NA,NA,NA,NA,NA,NA,Y,4,0,1,1,A,-,08,22107,NA,N,E,I,A,A,H,-,C,D,0,NA,NA,NA,NA,Y,NA,A,01,0,0,1,0,0,0,0,0,0,-,-,NA,NA,LOS ANGELES,DOWNEY,-118.14704895019533,33.948177337646484
9565282,2023,2023-05-25,1920,2023-03-30,1752,14072,1920,4,5,6,1920,0,0,0,NA,0,006,VERDURA AV,IMPERIAL HWY,0,NA,Y,A,-,N,NA,NA,NA,NA,NA,NA,NA,NA,NA,N,4,0,1,2,A,-,10,21950,NA,N,D,B,A,A,H,-,A,A,0,NA,NA,NA,NA,Y,NA,-,NA,0,0,1,0,0,0,0,0,0,-,-,NA,NA,LOS ANGELES,DOWNEY,-118.14222717285156,33.91868591308594
9565283,2023,2023-05-26,1920,2023-03-27,142,14262,1920,1,5,6,1920,0,0,0,NA,0,004,TELEGRAPH RD,PASSONS BL,0,NA,Y,A,-,N,NA,NA,NA,NA,NA,NA,NA,NA,NA,Y,4,0,1,2,A,-,09,21804,A,N,D,C,A,A,H,-,C,A,0,NA,NA,NA,NA,Y,NA,A,01,0,0,1,0,0,0,0,0,0,-,-,NA,NA,LOS ANGELES,DOWNEY,-118.10272216796876,33.955650329589844
9565284,2023,2023-05-26,1920,2023-03-12,1952,14262,1920,7,5,6,1920,0,0,0,NA,0,004,LAKEWOOD BL,CECILIA ST,0,NA,Y,A,-,N,NA,NA,NA,NA,NA,NA,NA,NA,NA,Y,4,0,1,2,A,-,09,21801,A,N,D,C,A,A,H,-,C,A,0,NA,NA,NA,NA,Y,NA,A,01,0,0,1,0,0,0,0,0,0,-,-,NA,NA,LOS ANGELES,DOWNEY,-118.12187957763672,33.93902587890625
9565285,2023,2023-05-26,1920,2023-03-31,1620,13965,NA,5,5,6,1920,0,0,0,NA,0,006,LAKEWOOD BL,CLETA ST,0,NA,Y,A,-,N,NA,NA,NA,NA,NA,NA,NA,NA,NA,Y,3,0,2,2,A,-,12,21453,A,N,A,C,A,A,H,-,A,A,0,NA,NA,NA,NA,Y,NA,A,07,0,1,1,0,0,0,0,0,0,-,-,NA,NA,LOS ANGELES,DOWNEY,-118.12743377685548,33.930721282958984
9565286,2023,2023-05-26,1920,2023-03-25,2330,14262,1920,6,5,6,1920,0,0,0,NA,0,003,IRWINGROVE DR,HORLEY AV,0,NA,Y,A,-,N,NA,NA,NA,NA,NA,NA,NA,NA,NA,Y,3,0,2,5,A,-,08,22107,NA,N,B,E,F,A,H,-,C,D,0,Y,NA,NA,NA,Y,NA,A,01,0,1,1,0,2,0,0,0,0,-,-,NA,NA,LOS ANGELES,DOWNEY,-118.13713073730467,33.955055236816406
9565300,2023,2023-06-06,1913,2023-03-28,1616,4260,21,2,5,4,1913,0,0,0,NA,0,002,INDIAN HILL BL,AMERICAN AV,0,NA,Y,A,-,N,NA,NA,NA,NA,NA,NA,NA,NA,NA,N,3,0,1,2,A,-,06,21755,A,N,A,C,A,A,H,-,A,A,0,NA,NA,Y,NA,Y,NA,C,02,0,1,0,0,0,0,0,0,1,-,-,NA,NA,LOS ANGELES,CLAREMONT,-117.7192611694336,34.079524993896484
9565317,2023,2023-05-03,1920,2023-04-04,1528,13500,1920,2,5,6,1920,0,0,0,NA,0,005,DOWNEY AV,FIRESTONE BL,100,N,N,A,-,N,NA,NA,NA,NA,NA,NA,NA,NA,NA,N,4,0,2,2,D,-,00,NA,NA,N,C,C,A,A,H,-,A,A,0,NA,NA,NA,NA,Y,NA,-,-,0,0,2,0,0,0,0,0,0,-,-,NA,NA,LOS ANGELES,DOWNEY,-118.13299560546876,33.9402961730957
9565318,2023,2023-05-03,1920,2023-04-09,130,14072,1920,7,5,6,1920,0,0,0,NA,0,001,FIRESTONE BL,LAKEWOOD BL,0,NA,Y,A,-,N,NA,NA,NA,NA,NA,NA,NA,NA,NA,N,3,0,1,2,D,-,00,NA,NA,F,A,B,B,A,H,-,C,A,0,Y,NA,NA,NA,Y,NA,-,-,0,1,0,0,1,0,0,0,0,-,-,NA,NA,LOS ANGELES,DOWNEY,-118.12395477294922,33.93549728393555
9565319,2023,2023-05-03,1920,2023-04-03,1623,14262,1920,1,5,6,1920,0,0,0,NA,0,004,FIRESTONE BL,PANGBORN AV,128,E,N,A,-,N,NA,NA,NA,NA,NA,NA,NA,NA,NA,N,4,0,1,2,A,-,10,21950,A,F,G,B,F,A,H,-,A,D,0,Y,NA,NA,NA,Y,NA,A,01,0,0,1,0,1,0,0,0,0,-,-,NA,NA,LOS ANGELES,DOWNEY,-118.11358642578124,33.930335998535156
9565320,2023,2023-05-03,1920,2023-04-08,2243,14072,1920,6,5,6,1920,0,0,0,NA,0,001,LAKEWOOD BL,DOWNEY LANDING,31,S,N,A,-,N,NA,NA,NA,NA,NA,NA,NA,NA,NA,N,4,0,2,2,A,-,03,22350,NA,M,C,C,A,A,H,-,C,A,0,NA,NA,NA,NA,Y,NA,A,01,0,0,2,0,0,0,0,0,0,-,-,NA,NA,LOS ANGELES,DOWNEY,NA,NA
9565321,2023,2023-05-02,1920,2023-04-10,2003,10705,NA,1,5,6,1920,0,0,0,NA,0,003,FIRESTONE BL,RYERSON AV,35,E,N,A,-,N,NA,NA,NA,NA,NA,NA,NA,NA,NA,Y,3,0,1,2,A,-,07,21658,A,N,C,C,A,A,H,-,C,A,0,NA,NA,Y,NA,Y,NA,A,07,0,1,0,0,0,0,0,0,1,-,-,NA,NA,LOS ANGELES,DOWNEY,-118.15438079833984,33.94767761230469
9565322,2023,2023-05-02,1920,2023-04-20,849,14510,1920,4,5,6,1920,0,0,0,NA,0,006,DOWNEY AV,GARDENDALE ST,0,NA,Y,A,-,N,NA,NA,NA,NA,NA,NA,NA,NA,NA,Y,4,0,1,2,A,-,09,21801,A,N,D,C,A,A,H,-,A,A,0,NA,NA,NA,NA,Y,NA,A,01,0,0,1,0,0,0,0,0,0,-,-,NA,NA,LOS ANGELES,DOWNEY,-118.15174865722656,33.91489028930664
9565323,2023,2023-05-02,1920,2023-04-04,1154,13321,1920,2,5,6,1920,0,0,0,NA,0,002,STEWART AND GRAY RD,RIVES AV,0,NA,Y,A,-,N,NA,NA,NA,NA,NA,NA,NA,NA,NA,N,4,0,1,2,A,-,09,21801,A,N,D,C,A,A,H,-,A,A,0,NA,NA,NA,NA,Y,NA,A,07,0,0,1,0,0,0,0,0,0,-,-,NA,NA,LOS ANGELES,DOWNEY,-118.14804077148438,33.9370002746582
9565324,2023,2023-05-02,1920,2023-04-06,1402,14072,1920,4,5,6,1920,0,0,0,NA,0,005,BROOKSHIRE AV,FLORENCE AV,0,NA,Y,A,-,N,NA,NA,NA,NA,NA,NA,NA,NA,NA,Y,3,0,2,3,A,-,09,21801,A,N,D,C,A,A,H,-,A,A,0,NA,NA,NA,NA,Y,NA,A,01,0,1,1,0,0,0,0,0,0,-,-,NA,NA,LOS ANGELES,DOWNEY,-118.12184143066406,33.94983673095703
9565325,2023,2023-05-02,1920,2023-04-04,856,13118,1920,2,5,6,1920,0,0,0,NA,0,006,PARAMOUNT BL,IMPERIAL HWY,46,S,N,A,-,N,NA,NA,NA,NA,NA,NA,NA,NA,NA,Y,4,0,2,2,A,-,03,22350,NA,N,C,C,A,A,H,-,A,A,0,NA,NA,NA,NA,Y,NA,A,07,0,0,2,0,0,0,0,0,0,-,-,NA,NA,LOS ANGELES,DOWNEY,-118.15202331542967,33.92393493652344
9565326,2023,2023-05-02,1920,2023-04-04,1500,11792,1920,2,5,6,1920,0,0,0,NA,0,002,RIVES AV,BROOKMILL RD,0,NA,Y,A,-,N,NA,NA,NA,NA,NA,NA,NA,NA,NA,N,3,0,1,1,A,-,03,22350,NA,N,E,I,A,A,H,-,A,D,0,NA,NA,NA,NA,Y,NA,A,01,0,1,0,0,0,0,0,0,0,-,-,NA,NA,LOS ANGELES,DOWNEY,-118.14579010009766,33.9400520324707
9565327,2023,2023-05-02,1920,2023-04-05,1640,13022,1920,3,5,6,1920,0,0,0,NA,0,003,FLORENCE AV,HORLEY AV,23,E,N,A,-,N,NA,NA,NA,NA,NA,NA,NA,NA,NA,N,4,0,1,2,A,-,09,21801,A,N,D,C,A,A,H,-,A,A,0,NA,NA,NA,NA,Y,NA,A,01,0,0,1,0,0,0,0,0,0,-,-,NA,NA,LOS ANGELES,DOWNEY,-118.13609313964844,33.95637893676758
9565328,2023,2023-05-02,1920,2023-04-12,1149,14510,1920,3,5,6,1920,0,0,0,NA,0,002,STEWART AND GRAY RD,RIVES AV,0,NA,Y,B,-,N,NA,NA,NA,NA,NA,NA,NA,NA,NA,N,4,0,1,2,A,-,12,21453,A,N,G,B,B,A,H,-,A,A,0,Y,NA,NA,NA,Y,NA,A,01,0,0,1,0,1,0,0,0,0,-,-,NA,NA,LOS ANGELES,DOWNEY,-118.14804077148438,33.9370002746582
9565329,2023,2023-05-02,1920,2023-04-12,1118,14510,1920,3,5,6,1920,0,0,0,NA,0,006,FIRESTONE BL,BROOKSHIRE AV,141,W,N,B,-,N,NA,NA,NA,NA,NA,NA,NA,NA,NA,N,3,0,1,2,A,-,05,21650,1,N,D,G,A,A,H,-,A,D,0,NA,Y,NA,NA,Y,NA,L,04,0,1,0,0,0,0,1,0,0,-,-,NA,NA,LOS ANGELES,DOWNEY,-118.13005065917967,33.93842697143555