CASE_ID,ACCIDENT_YEAR,PROC_DATE,JURIS,COLLISION_DATE,COLLISION_TIME,OFFICER_ID,REPORTING_DISTRICT,DAY_OF_WEEK,CHP_SHIFT,POPULATION,CNTY_CITY_LOC,SPECIAL_COND,BEAT_TYPE,CHP_BEAT_TYPE,CITY_DIVISION_LAPD,CHP_BEAT_CLASS,BEAT_NUMBER,PRIMARY_RD,SECONDARY_RD,DISTANCE,DIRECTION,INTERSECTION,WEATHER_1,WEATHER_2,STATE_HWY_IND,CALTRANS_COUNTY,CALTRANS_DISTRICT,STATE_ROUTE,ROUTE_SUFFIX,POSTMILE_PREFIX,POSTMILE,LOCATION_TYPE,RAMP_INTERSECTION,SIDE_OF_HWY,TOW_AWAY,COLLISION_SEVERITY,NUMBER_KILLED,NUMBER_INJURED,PARTY_COUNT,PRIMARY_COLL_FACTOR,PCF_CODE_OF_VIOL,PCF_VIOL_CATEGORY,PCF_VIOLATION,PCF_VIOL_SUBSECTION,HIT_AND_RUN,TYPE_OF_COLLISION,MVIW,PED_ACTION,ROAD_SURFACE,ROAD_COND_1,ROAD_COND_2,LIGHTING,CONTROL_DEVICE,CHP_ROAD_TYPE,PEDESTRIAN_ACCIDENT,BICYCLE_ACCIDENT,MOTORCYCLE_ACCIDENT,TRUCK_ACCIDENT,NOT_PRIVATE_PROPERTY,ALCOHOL_INVOLVED,STWD_VEHTYPE_AT_FAULT,CHP_VEHTYPE_AT_FAULT,COUNT_SEVERE_INJ,COUNT_VISIBLE_INJ,COUNT_COMPLAINT_PAIN,COUNT_PED_KILLED,COUNT_PED_INJURED,COUNT_BICYCLIST_KILLED,COUNT_BICYCLIST_INJURED,COUNT_MC_KILLED,COUNT_MC_INJURED,PRIMARY_RAMP,SECONDARY_RAMP,LATITUDE,LONGITUDE,COUNTY,CITY,POINT_X,POINT_Y
9565694,2023,2023-05-15,1900,2023-04-22,1445,656370,1120,6,5,6,1992,0,0,0,NA,0,111T2,AVENUE H,20TH ST,0,NA,Y,A,-,N,NA,NA,NA,NA,NA,NA,NA,NA,NA,Y,4,0,2,2,A,-,09,21801,A,N,D,C,A,A,H,-,A,A,0,NA,NA,NA,NA,Y,NA,A,01,0,0,2,0,0,0,0,0,0,-,-,34.71873092651367,-118.1662368774414,LOS ANGELES,LANCASTER,-118.16619110107422,34.71868896484375
9565697,2023,2023-05-15,1900,2023-04-09,1020,658320,1261,7,5,3,1991,0,0,0,NA,0,121T2,OLIVE LN,LA CANADA BL,91,W,N,-,-,N,NA,NA,NA,NA,NA,NA,NA,NA,NA,Y,4,0,1,2,A,-,09,21804,A,N,D,C,A,A,H,-,A,D,0,NA,NA,NA,NA,Y,NA,A,01,0,0,1,0,0,0,0,0,0,-,-,34.214561462402344,-118.20556640625,LOS ANGELES,LA CANADA-FLINTRIDGE,-118.20475769042967,34.214561462402344
9565736,2023,2023-06-02,1902,2023-04-29,1723,826,35,6,5,5,1902,0,0,0,NA,0,005,LAS TUNAS DR,BALDWIN AV,390,E,N,A,-,N,NA,NA,NA,NA,NA,NA,NA,NA,NA,N,4,0,2,3,A,-,04,21703,NA,N,C,C,A,A,H,-,A,D,0,NA,NA,NA,NA,Y,NA,A,07,0,0,2,0,0,0,0,0,0,-,-,NA,NA,LOS ANGELES,ARCADIA,-118.05110168457033,34.10747146606445
9565737,2023,2023-06-02,1902,2023-04-28,1757,826,37,5,5,5,1902,0,0,0,NA,0,005,LIVE OAK AV,67TH AV,0,NA,Y,A,-,N,NA,NA,NA,NA,NA,NA,NA,NA,NA,Y,4,0,1,2,A,-,09,21801,A,N,A,C,A,A,H,-,A,A,0,NA,NA,NA,NA,Y,NA,A,01,0,0,1,0,0,0,0,0,0,-,-,NA,NA,LOS ANGELES,ARCADIA,NA,NA
9565755,2023,2023-05-17,1944,2023-04-04,858,316,SOUTH,2,5,4,1944,0,0,0,NA,0,001,MANHATTAN BEACH BL,HARKNESS ST,150,E,N,A,-,N,NA,NA,NA,NA,NA,NA,NA,NA,NA,N,3,0,1,2,D,-,00,NA,NA,N,C,G,A,A,H,-,A,D,0,NA,Y,NA,NA,Y,NA,-,-,0,1,0,0,0,0,1,0,0,-,-,33.88740158081055,-118.38095092773438,LOS ANGELES,MANHATTAN BEACH,-118.38035583496094,33.887420654296875
9565756,2023,2023-05-17,1944,2023-04-16,1516,294,M19,7,5,4,1944,0,0,0,NA,0,0M2,VALLEY DR,3RD ST,0,NA,Y,A,-,N,NA,NA,NA,NA,NA,NA,NA,NA,NA,Y,4,0,1,3,A,-,09,21802,A,N,D,C,A,A,H,-,A,A,0,NA,NA,NA,NA,Y,NA,A,01,0,0,1,0,0,0,0,0,0,-,-,33.88058853149414,-118.4031982421875,LOS ANGELES,MANHATTAN BEACH,-118.40316009521484,33.880645751953125
9565757,2023,2023-05-17,1944,2023-04-17,1702,316,SOUTH,1,5,4,1944,0,0,0,NA,0,003,VALLEY DR,PACIFIC AV,0,NA,Y,A,-,N,NA,NA,NA,NA,NA,NA,NA,NA,NA,N,3,0,1,2,A,-,10,21950,A,N,G,B,B,A,H,-,A,A,0,Y,NA,NA,NA,Y,NA,A,01,0,1,0,0,1,0,0,0,0,-,-,33.894981384277344,-118.40348052978516,LOS ANGELES,MANHATTAN BEACH,-118.40345764160156,33.89500045776367
9565774,2023,2023-04-20,1900,2023-02-06,16,630453,1332,1,5,5,1908,0,0,0,NA,0,132,ROSECRANS AV,RT 19,0,NA,Y,A,-,N,NA,NA,NA,NA,NA,NA,NA,NA,NA,N,4,0,1,2,B,-,22,NA,NA,N,D,C,A,A,H,-,C,A,0,NA,NA,NA,NA,Y,NA,-,-,0,0,1,0,0,0,0,0,0,-,-,NA,NA,LOS ANGELES,BELLFLOWER,-118.142822265625,33.90379333496094
9565781,2023,2023-04-11,1942,2023-03-26,1750,41536,1823,7,5,7,1942,0,0,0,R,0,25MQ59,102ND ST,SAN PEDRO ST,0,NA,Y,A,-,N,NA,NA,NA,NA,NA,NA,NA,NA,NA,N,4,0,2,2,A,-,09,21801,A,N,D,C,A,A,H,-,A,A,0,NA,NA,NA,NA,Y,NA,J,48,0,0,2,0,0,0,0,0,0,-,-,NA,NA,LOS ANGELES,LOS ANGELES,-118.26952362060548,33.94377136230469
9565824,2023,2023-04-10,1942,2023-01-24,2220,41068,0237,2,5,7,1942,0,0,0,B,0,24T31,BEAUDRY AV,2ND ST,0,NA,Y,A,-,N,NA,NA,NA,NA,NA,NA,NA,NA,NA,Y,4,0,3,2,A,-,12,21453,A,N,D,C,A,A,H,-,C,A,0,NA,NA,NA,NA,Y,NA,J,48,0,0,3,0,0,0,0,0,0,-,-,NA,NA,LOS ANGELES,LOS ANGELES,-118.25531005859376,34.057945251464844
9565826,2023,2023-04-10,1938,2023-03-28,1000,0032,NA,2,5,4,1938,0,0,0,NA,0,NA,10TH ST,D ST,197,W,N,A,-,N,NA,NA,NA,NA,NA,NA,NA,NA,NA,N,3,0,1,3,A,-,21,22106,NA,N,G,B,E,A,H,-,A,D,0,Y,NA,NA,NA,Y,NA,A,01,0,1,0,0,1,0,0,0,0,-,-,NA,NA,LOS ANGELES,LA VERNE,-117.76841735839844,34.10689163208008
9565828,2023,2023-04-10,1942,2023-01-18,1320,42926,0443,3,5,7,1942,0,0,0,D,0,1320,MARENGO ST,KINGSTON AV,95,E,N,A,-,N,NA,NA,NA,NA,NA,NA,NA,NA,NA,N,4,0,2,2,A,-,03,22350,A,N,C,C,A,A,H,-,A,D,0,NA,NA,NA,NA,Y,NA,J,48,0,0,2,0,0,0,0,0,0,-,-,NA,NA,LOS ANGELES,LOS ANGELES,-118.2090072631836,34.05733108520508
9565830,2022,2023-04-10,1942,2022-09-24,0827,41126,0733,6,5,7,1942,0,0,0,G,0,27TL23,FAIRFAX AV,BLACKBURN AV,90,S,N,A,-,N,NA,NA,NA,NA,NA,NA,NA,NA,NA,Y,4,0,1,3,C,-,18,NA,NA,N,C,E,A,A,H,-,A,D,0,NA,NA,NA,NA,Y,NA,-,-,0,0,1,0,0,0,0,0,0,-,-,NA,NA,LOS ANGELES,LOS ANGELES,-118.36140441894533,34.070491790771484
9565832,2023,2023-04-10,1942,2023-02-17,802,42926,1177,5,5,7,1942,0,0,0,K,0,27TL26,SAN FERNANDO RD,ALICE ST,0,NA,Y,A,-,N,NA,NA,NA,NA,NA,NA,NA,NA,NA,Y,4,0,2,2,A,-,05,21460,A,N,A,C,A,A,H,-,A,D,0,NA,NA,NA,NA,Y,NA,A,01,0,0,2,0,0,0,0,0,0,-,-,NA,NA,LOS ANGELES,LOS ANGELES,-118.22991180419922,34.09361267089844
9565837,2021,2023-04-10,1942,2021-12-01,1950,44549,0848,3,5,7,1942,0,0,0,H,0,8A13,CENTURY PARK WEST,OLYMPIC BL,0,NA,Y,E,-,N,NA,NA,NA,NA,NA,NA,NA,NA,NA,N,3,0,1,2,A,-,10,21950,A,N,G,B,B,A,H,-,C,A,0,Y,NA,NA,NA,Y,NA,A,01,0,1,0,0,1,0,0,0,0,-,-,NA,NA,LOS ANGELES,LOS ANGELES,-118.41619873046876,34.053184509277344
9565839,2023,2023-04-10,1942,2023-02-24,1325,38111,1256,5,5,7,1942,0,0,0,L,0,25TL25,BROADWAY,FLORENCE AV,0,NA,Y,A,-,N,NA,NA,NA,NA,NA,NA,NA,NA,NA,N,3,0,4,2,A,-,03,22350,NA,N,B,C,A,A,H,-,A,A,0,NA,NA,NA,NA,Y,NA,J,48,0,3,1,0,0,0,0,0,0,-,-,NA,NA,LOS ANGELES,LOS ANGELES,-118.27832794189452,33.97465896606445
9565840,2023,2023-04-24,1912,2023-03-15,1223,24810,NA,3,5,6,1912,0,0,0,NA,0,NA,RT 134,FOREST LAWN DR,400,W,N,B,-,Y,LA,7,134,-,-,3.73,H,-,E,N,4,0,1,2,A,-,03,22350,NA,N,C,C,A,A,H,-,A,D,0,NA,NA,NA,NA,Y,NA,D,22,0,0,1,0,0,0,0,0,0,-,-,NA,NA,LOS ANGELES,BURBANK,-118.31246948242188,34.15450668334961
9565858,2023,2023-04-17,1900,2023-03-18,1600,656406,2117,6,5,5,1943,0,0,0,NA,0,212T3,LOUISE ST,LEWIS ST,5,W,N,A,-,N,NA,NA,NA,NA,NA,NA,NA,NA,NA,N,4,0,1,2,A,-,08,22107,NA,N,B,C,A,A,H,-,A,D,0,NA,NA,NA,NA,Y,NA,J,48,0,0,1,0,0,0,0,0,0,-,-,33.9222297668457,-118.20863342285156,LOS ANGELES,LYNWOOD,-118.20859527587892,33.92219543457031
9565865,2023,2023-04-17,1900,2023-03-03,1655,623025,1133,5,5,6,1992,0,0,0,NA,0,112T2,DIVISION ST,AVENUE J-7,202,N,N,A,-,N,NA,NA,NA,NA,NA,NA,NA,NA,NA,N,4,0,1,2,A,-,04,21706,NA,N,C,C,A,A,H,-,A,D,0,NA,NA,NA,NA,Y,NA,A,01,0,0,1,0,0,0,0,0,0,-,-,34.683231353759766,-118.13037109375,LOS ANGELES,LANCASTER,-118.13030242919922,34.683143615722656
9565868,2023,2023-04-25,1942,2023-02-09,1600,39761,1151,4,5,7,1942,0,0,0,K,0,24TL58,BARNSDALL AV,VERMONT AV,510,W,N,A,-,N,NA,NA,NA,NA,NA,NA,NA,NA,NA,N,3,0,1,1,A,-,08,22107,NA,N,E,I,A,A,H,-,A,D,0,NA,NA,NA,NA,Y,NA,J,43,0,1,0,0,0,0,0,0,0,-,-,NA,NA,LOS ANGELES,LOS ANGELES,-118.29297637939452,34.099098205566406
9565872,2023,2023-04-25,1942,2023-03-27,120,33452,0161,1,5,7,1942,0,0,0,A,0,24T34,FIGUEROA ST,8TH ST,5,N,N,A,-,N,NA,NA,NA,NA,NA,NA,NA,NA,NA,N,4,0,2,2,A,-,07,21658,A,N,B,C,A,A,H,-,C,A,0,NA,NA,NA,NA,Y,NA,A,01,0,0,2,0,0,0,0,0,0,-,-,NA,NA,LOS ANGELES,LOS ANGELES,-118.26119232177734,34.047950744628906
9565876,2023,2023-04-25,1942,2023-02-24,1115,41493,0884,5,5,7,1942,0,0,0,H,0,27TL27,PICO,SEPULVEDA,0,NA,Y,C,-,N,NA,NA,NA,NA,NA,NA,NA,NA,NA,Y,4,0,1,2,A,-,09,21801,A,N,D,C,A,B,H,-,A,A,0,NA,NA,NA,NA,Y,NA,A,07,0,0,1,0,0,0,0,0,0,-,-,NA,NA,LOS ANGELES,LOS ANGELES,-118.43512725830078,34.036991119384766
9565880,2023,2023-04-25,1942,2023-03-09,2020,42901,0849,4,5,7,1942,0,0,0,H,0,27T31,HOLT AV,OLYMPIC BL,258,N,N,A,-,N,NA,NA,NA,NA,NA,NA,NA,NA,NA,N,4,0,1,2,A,-,13,22515,A,N,C,E,A,A,H,-,C,D,0,NA,NA,NA,NA,Y,NA,J,48,0,0,1,0,0,0,0,0,0,-,-,NA,NA,LOS ANGELES,LOS ANGELES,-118.37828826904295,34.06007766723633
9565886,2023,2023-04-25,1942,2023-02-19,1930,40180,1827,7,5,7,1942,0,0,0,R,0,18A25,HOLMES AV,92ND ST,200,S,N,A,-,N,NA,NA,NA,NA,NA,NA,NA,NA,NA,N,2,0,1,3,A,-,03,22350,NA,F,B,B,E,A,-,-,C,D,0,Y,NA,NA,NA,Y,NA,-,99,1,0,0,0,1,0,0,0,0,-,-,NA,NA,LOS ANGELES,LOS ANGELES,-118.2407684326172,33.95273208618164
9565890,2023,2023-04-25,1942,2023-03-12,120,33452,1394,7,5,7,1942,0,0,0,M,0,24T32,SAN PEDRO ST,71ST ST,116,S,N,B,F,N,NA,NA,NA,NA,NA,NA,NA,NA,NA,Y,3,0,1,3,A,-,06,21751,NA,N,A,C,A,A,H,-,C,A,0,NA,NA,Y,NA,Y,NA,A,07,0,1,0,0,0,0,0,0,1,-,-,NA,NA,LOS ANGELES,LOS ANGELES,-118.26956939697266,33.975120544433594
9565894,2023,2023-04-25,1942,2023-03-11,1600,37952,1309,6,5,7,1942,0,0,0,M,0,24TL58,SANTA FE AV,PORTER ST,150,S,N,B,-,N,NA,NA,NA,NA,NA,NA,NA,NA,NA,Y,4,0,1,2,A,-,08,22107,NA,N,B,C,A,A,H,-,A,D,0,NA,NA,NA,NA,Y,NA,A,07,0,0,1,0,0,0,0,0,0,-,-,NA,NA,LOS ANGELES,LOS ANGELES,-118.2299346923828,34.02622985839844
9565898,2022,2023-04-25,1942,2022-11-16,1935,42901,9999,3,5,7,1942,0,0,0,NA,0,27T33,OLYMPIC DR,OCEAN AV,65,E,N,A,-,N,NA,NA,NA,NA,NA,NA,NA,NA,NA,Y,4,0,1,3,B,-,22,NA,NA,N,C,E,A,A,H,-,C,D,0,NA,NA,NA,NA,Y,NA,-,-,0,0,1,0,0,0,0,0,0,-,-,NA,NA,LOS ANGELES,LOS ANGELES,-118.49281311035156,34.0098991394043
9565924,2022,2023-04-22,1941,2022-11-29,1746,10915,4,2,5,7,1941,0,0,0,NA,0,003,GOLDEN AV,W WILLOW ST,0,NA,Y,A,-,N,NA,NA,NA,NA,NA,NA,NA,NA,NA,N,3,0,1,2,A,-,-,NA,NA,N,D,D,A,A,H,-,C,B,0,NA,Y,NA,NA,Y,NA,A,01,0,1,0,0,0,0,1,0,0,-,-,33.80438995361328,-118.20240020751952,LOS ANGELES,LONG BEACH,-118.20244598388672,33.80439758300781
9565928,2022,2023-04-22,1941,2022-11-30,1144,11541,EAST,3,5,7,1941,0,0,0,NA,0,009,EAST 7TH ST,JUNIPERO AV,0,NA,Y,A,-,N,NA,NA,NA,NA,NA,NA,NA,NA,NA,Y,3,0,1,2,A,-,03,22350,NA,N,D,C,A,A,H,-,A,A,0,NA,NA,NA,NA,Y,NA,A,01,0,1,0,0,0,0,0,0,0,-,-,33.775360107421875,-118.163330078125,LOS ANGELES,LONG BEACH,-118.16334533691406,33.775352478027344
9565948,2022,2023-04-22,1900,2022-12-03,0520,642808,2814,6,5,5,1915,0,0,0,NA,0,281T1,MAGNOLIA ST,OLEANDER AV,0,NA,Y,A,-,N,NA,NA,NA,NA,NA,NA,NA,NA,NA,N,4,0,1,2,A,-,03,22350,NA,M,D,C,A,A,H,-,C,D,0,NA,NA,NA,NA,Y,Y,A,01,0,0,1,0,0,0,0,0,0,-,-,33.89683151245117,-118.22879028320313,LOS ANGELES,COMPTON,-118.22879791259766,33.89681625366211
9565952,2022,2023-04-22,1900,2022-12-11,0122,534575,0247,7,5,3,1914,0,0,0,NA,0,27T,GAGE AV,SLAUSON AV,80,S,N,C,-,N,NA,NA,NA,NA,NA,NA,NA,NA,NA,Y,3,0,2,2,A,-,08,22107,NA,N,E,I,A,B,-,-,-,D,0,NA,NA,NA,NA,Y,Y,A,01,0,2,0,0,0,0,0,0,0,-,-,NA,NA,LOS ANGELES,COMMERCE,-118.12674713134766,33.97560119628906
9565960,2022,2023-04-22,1941,2022-11-29,1654,10542,NORTH,2,5,7,1941,0,0,0,NA,0,022,ATLANTIC AV,60TH ST,0,NA,Y,A,-,N,NA,NA,NA,NA,NA,NA,NA,NA,NA,N,3,0,1,2,D,-,00,NA,NA,N,G,B,B,A,H,-,C,A,0,Y,NA,NA,NA,Y,NA,-,-,0,1,0,0,1,0,0,0,0,-,-,33.86368942260742,-118.18499755859376,LOS ANGELES,LONG BEACH,-118.18507385253906,33.863704681396484
9565961,2022,2023-04-22,1941,2022-11-22,1850,6159,PORT,2,5,7,1941,0,0,0,NA,0,025,W 9TH ST,CANAL AV,0,NA,Y,A,-,N,NA,NA,NA,NA,NA,NA,NA,NA,NA,Y,3,0,1,2,A,-,08,22107,NA,N,D,C,A,A,H,-,B,A,0,NA,NA,NA,NA,Y,NA,A,07,0,1,0,0,0,0,0,0,0,-,-,33.780189514160156,-118.21379852294922,LOS ANGELES,LONG BEACH,-118.21379089355467,33.78018569946289
9565962,2022,2023-04-22,1942,2022-11-25,1430,41003,0678,5,5,7,1942,0,0,0,F,0,27TL42,OXFORD AV,SIERRA VISTA AV,10,N,N,A,-,N,NA,NA,NA,NA,NA,NA,NA,NA,NA,N,4,0,1,2,A,-,03,22350,NA,N,H,G,A,A,H,-,A,A,0,NA,Y,NA,NA,Y,NA,-,99,0,0,1,0,0,0,1,0,0,-,-,NA,NA,LOS ANGELES,LOS ANGELES,-118.30780029296876,34.0899658203125
9565963,2022,2023-04-27,1942,2022-11-20,2040,43371,9999,7,5,7,1942,0,0,0,NA,0,27T31-,SANTA MONICA BL,OXFORD AV,0,NA,Y,A,-,Y,LA,7,2,-,-,12.701,I,5,E,N,4,0,1,2,A,-,10,21950,A,F,G,B,B,A,H,-,E,A,0,Y,NA,NA,NA,Y,Y,-,99,0,0,1,0,1,0,0,0,0,-,-,NA,NA,LOS ANGELES,LOS ANGELES,-118.30722808837892,34.09078598022461
9565965,2022,2023-04-22,1941,2022-11-23,0948,10922,EAST,3,5,7,1941,0,0,0,NA,0,011,ORIZABA AV,EAST 10TH ST,0,NA,Y,A,-,N,NA,NA,NA,NA,NA,NA,NA,NA,NA,Y,3,0,3,2,A,-,09,21804,A,N,D,C,A,A,H,-,A,A,0,NA,NA,NA,NA,Y,NA,A,01,0,3,0,0,0,0,0,0,0,-,-,33.778968811035156,-118.15676879882813,LOS ANGELES,LONG BEACH,-118.1567611694336,33.778987884521484
9565966,2022,2023-04-22,1941,2022-11-19,1440,11674,EAST,6,5,7,1941,0,0,0,NA,0,010,PROSPECT AV,SHAW ST,0,NA,Y,A,-,N,NA,NA,NA,NA,NA,NA,NA,NA,NA,Y,3,0,2,2,A,-,09,21802,A,N,D,C,A,A,H,-,A,D,0,NA,NA,NA,NA,Y,NA,A,01,0,2,0,0,0,0,0,0,0,-,-,33.763450622558594,-118.14048004150392,LOS ANGELES,LONG BEACH,-118.14048767089844,33.76343536376953
9565967,2022,2023-06-01,1941,2022-11-29,1336,11568,WEST,2,5,7,1941,0,0,0,NA,0,019,WARDLOW RD,LONG BEACH BL,30,E,N,A,-,N,NA,NA,NA,NA,NA,NA,NA,NA,NA,N,3,0,1,2,A,-,04,21703,NA,N,C,C,A,A,H,-,A,A,0,NA,NA,NA,NA,Y,NA,A,01,0,1,0,0,0,0,0,0,0,-,-,33.81890869140625,-118.18936920166016,LOS ANGELES,LONG BEACH,-118.18923950195313,33.81884002685547
9565969,2022,2023-04-22,1941,2022-11-18,1413,11526,EAST,5,5,7,1941,0,0,0,NA,0,010,EAST 2ND ST,BAY SHORE AV,0,NA,Y,A,-,N,NA,NA,NA,NA,NA,NA,NA,NA,NA,N,3,0,1,2,A,-,05,21202,A,N,D,B,A,A,H,-,A,A,0,NA,Y,NA,NA,Y,NA,L,04,0,1,0,0,0,0,1,0,0,-,-,33.75825119018555,-118.13014221191406,LOS ANGELES,LONG BEACH,-118.13018798828124,33.75828170776367
9565970,2022,2023-04-22,1941,2022-11-20,1045,11301,4,7,5,7,1941,0,0,0,NA,0,005,E ANAHEIM ST,ALAMITOS AV,0,NA,Y,A,-,N,NA,NA,NA,NA,NA,NA,NA,NA,NA,Y,3,0,2,2,D,-,00,NA,NA,N,D,C,A,A,H,-,A,A,0,NA,NA,NA,NA,Y,NA,-,-,0,2,0,0,0,0,0,0,0,-,-,33.78260040283203,-118.17791748046876,LOS ANGELES,LONG BEACH,-118.17797088623048,33.78260803222656
9565971,2022,2023-04-22,1941,2022-11-29,1227,5968,SOUTH,2,5,7,1941,0,0,0,NA,0,007,ALAMITOS AV,12TH ST,0,NA,N,A,-,N,NA,NA,NA,NA,NA,NA,NA,NA,NA,Y,3,0,2,3,A,-,03,22350,NA,N,C,C,A,A,H,-,A,A,0,NA,NA,NA,NA,Y,NA,A,01,0,1,1,0,0,0,0,0,0,-,-,33.78166961669922,-118.17823028564452,LOS ANGELES,LONG BEACH,-118.17823791503906,33.781681060791016
9565973,2022,2023-04-22,1942,2022-12-03,1830,42624,0676,6,5,7,1942,0,0,0,F,0,27T33,VINE ST,MELROSE AV,0,NA,Y,A,-,N,NA,NA,NA,NA,NA,NA,NA,NA,NA,N,4,0,1,2,A,-,10,21950,A,F,G,B,B,A,H,-,C,A,0,Y,NA,NA,NA,Y,NA,-,99,0,0,1,0,1,0,0,0,0,-,-,NA,NA,LOS ANGELES,LOS ANGELES,-118.32660675048828,34.08350372314453
9565974,2022,2023-04-22,1941,2022-11-21,1800,6170,WEST,1,5,7,1941,0,0,0,NA,0,001,ADRIATIC AV,WILLOW ST,34,N,N,A,-,N,NA,NA,NA,NA,NA,NA,NA,NA,NA,N,4,0,1,2,D,-,00,NA,NA,N,B,C,A,A,H,-,C,D,0,NA,NA,NA,NA,Y,NA,-,-,0,0,1,0,0,0,0,0,0,-,-,33.804378509521484,-118.21436309814452,LOS ANGELES,LONG BEACH,-118.21439361572266,33.80449295043945
9565975,2022,2023-04-22,1941,2022-11-19,1627,11082,SOUTH,6,5,7,1941,0,0,0,NA,0,008,7TH PL,EAST OCEAN BL,0,NA,Y,A,-,N,NA,NA,NA,NA,NA,NA,NA,NA,NA,N,3,0,1,1,A,-,03,22350,NA,N,H,A,A,A,H,-,B,D,0,NA,NA,Y,NA,Y,NA,C,02,0,1,0,0,0,0,0,0,1,-,-,33.7654914855957,-118.17603302001952,LOS ANGELES,LONG BEACH,-118.1760482788086,33.765499114990234
9565976,2022,2023-04-22,1942,2022-11-06,1325,42656,0647,7,5,7,1942,0,0,0,F,0,27TL23,VINE ST,SELMA AV,246,S,N,A,-,N,NA,NA,NA,NA,NA,NA,NA,NA,NA,Y,2,0,2,2,A,-,09,21804,A,N,D,C,A,A,H,-,A,D,0,NA,NA,Y,NA,Y,NA,A,01,1,0,1,0,0,0,0,0,1,-,-,NA,NA,LOS ANGELES,LOS ANGELES,-118.32666015625,34.099124908447266
9565977,2022,2023-04-22,1942,2022-12-22,2230,44337,RD130,4,5,7,1942,0,0,0,NA,0,13A13W,PICO BL,SAN PEDRO,0,NA,Y,A,-,N,NA,NA,NA,NA,NA,NA,NA,NA,NA,Y,4,0,1,2,A,-,12,21453,A,F,D,C,A,A,H,-,C,A,0,NA,NA,NA,NA,Y,NA,-,99,0,0,1,0,0,0,0,0,0,-,-,NA,NA,LOS ANGELES,LOS ANGELES,-118.25399780273438,34.032772064208984
9565978,2022,2023-04-22,1941,2022-11-21,1744,10028,EAST,1,5,7,1941,0,0,0,NA,0,010,NIETO AV,APPIAN WY,0,NA,N,A,-,N,NA,NA,NA,NA,NA,NA,NA,NA,NA,Y,3,0,1,2,A,-,08,22107,NA,N,B,E,A,A,H,-,C,D,0,NA,NA,NA,NA,Y,NA,A,01,0,1,0,0,0,0,0,0,0,-,-,33.76858139038086,-118.13287353515624,LOS ANGELES,LONG BEACH,-118.13287353515624,33.768829345703125
9565979,2022,2023-04-22,1942,2022-11-25,0145,42901,0668,5,5,7,1942,0,0,0,F,0,27T35W,WESTERN AV,SUNSET BL,0,NA,Y,A,-,N,NA,NA,NA,NA,NA,NA,NA,NA,NA,N,3,0,1,2,A,-,12,21453,A,F,H,G,A,A,H,-,C,A,0,NA,Y,NA,NA,Y,NA,-,99,0,1,0,0,0,0,1,0,0,-,-,NA,NA,LOS ANGELES,LOS ANGELES,-118.30921936035156,34.09810256958008
9565980,2022,2023-04-22,1942,2022-11-04,1700,44883,0668,5,5,7,1942,0,0,0,F,0,6A31,VIRGINIA AV,WILTON PL,0,NA,Y,A,-,N,NA,NA,NA,NA,NA,NA,NA,NA,NA,Y,4,0,1,2,A,-,09,21802,A,F,D,C,A,A,H,-,A,A,0,NA,NA,Y,NA,Y,NA,-,99,0,0,1,0,0,0,0,0,1,-,-,NA,NA,LOS ANGELES,LOS ANGELES,-118.31356811523438,34.0917854309082
9565986,2022,2023-04-22,1941,2022-12-01,1130,10140,NORTH,4,5,7,1941,0,0,0,NA,0,023,W 68TH ST,W 68TH ST 177,0,NA,N,B,-,N,NA,NA,NA,NA,NA,NA,NA,NA,NA,N,3,0,1,2,A,-,21,22106,NA,F,G,B,E,A,H,-,A,D,0,Y,NA,NA,NA,Y,NA,A,01,0,1,0,0,1,0,0,0,0,-,-,33.87771987915039,-118.20513916015624,LOS ANGELES,LONG BEACH,-118.20376586914064,33.87770080566406
9566006,2022,2023-04-24,1942,2022-09-25,1055,41003,0881,7,5,7,1942,0,0,0,H,0,27TL27,PICO BL,BARRINGTON AV,25,W,N,A,-,N,NA,NA,NA,NA,NA,NA,NA,NA,NA,Y,3,0,1,1,A,-,01,23152,A,N,E,J,A,A,H,-,A,A,0,NA,NA,Y,NA,Y,Y,C,02,0,1,0,0,0,0,0,0,1,-,-,NA,NA,LOS ANGELES,LOS ANGELES,-118.4457778930664,34.03157424926758
9566017,2022,2023-04-27,1942,2022-09-14,1340,34882,0625,3,5,7,1942,0,0,0,F,0,27M116,PAT MOORE WY,HIGHLAND AV,0,NA,Y,A,-,Y,LA,7,101,-,-,7.75,R,4,S,Y,3,0,2,2,A,-,12,21453,A,N,D,C,A,A,H,-,A,A,0,NA,NA,NA,NA,Y,NA,A,01,0,1,1,0,0,0,0,0,0,-,-,NA,NA,LOS ANGELES,LOS ANGELES,-118.3347396850586,34.110565185546875
9566022,2023,2023-04-22,1942,2023-02-03,2155,38357,1377,5,5,7,1942,0,0,0,M,0,24T33,55TH ST,HOLMES AV,75,E,N,A,-,N,NA,NA,NA,NA,NA,NA,NA,NA,NA,N,4,0,1,2,A,-,01,23152,A,N,C,E,A,A,H,-,C,D,0,NA,NA,NA,NA,Y,Y,A,01,0,0,1,0,0,0,0,0,0,-,-,NA,NA,LOS ANGELES,LOS ANGELES,-118.24091339111328,33.99295425415039
9566038,2022,2023-04-22,1942,2022-12-23,0945,37393,1307,5,5,7,1942,0,0,0,M,0,25T21,STANFORD AV,8TH ST,194,N,N,A,-,N,NA,NA,NA,NA,NA,NA,NA,NA,NA,Y,3,0,1,2,A,-,03,22350,NA,N,C,E,A,A,H,-,A,D,0,NA,NA,NA,NA,Y,NA,A,07,0,1,0,0,0,0,0,0,0,-,-,NA,NA,LOS ANGELES,LOS ANGELES,-118.24649810791016,34.03703308105469
9566044,2022,2023-04-22,1941,2022-11-01,2125,11134,SOUTH,2,5,7,1941,0,0,0,NA,0,011,EAST 7TH ST,SAINT LOUIS AV,186,W,N,A,-,N,NA,NA,NA,NA,NA,NA,NA,NA,NA,Y,3,0,1,2,D,-,00,NA,NA,N,B,E,A,A,H,-,C,D,0,NA,NA,NA,NA,Y,NA,-,-,0,1,0,0,0,0,0,0,0,-,-,33.77534866333008,-118.16766357421876,LOS ANGELES,LONG BEACH,-118.1672821044922,33.77534866333008