CASE_ID,ACCIDENT_YEAR,PROC_DATE,JURIS,COLLISION_DATE,COLLISION_TIME,OFFICER_ID,REPORTING_DISTRICT,DAY_OF_WEEK,CHP_SHIFT,POPULATION,CNTY_CITY_LOC,SPECIAL_COND,BEAT_TYPE,CHP_BEAT_TYPE,CITY_DIVISION_LAPD,CHP_BEAT_CLASS,BEAT_NUMBER,PRIMARY_RD,SECONDARY_RD,DISTANCE,DIRECTION,INTERSECTION,WEATHER_1,WEATHER_2,STATE_HWY_IND,CALTRANS_COUNTY,CALTRANS_DISTRICT,STATE_ROUTE,ROUTE_SUFFIX,POSTMILE_PREFIX,POSTMILE,LOCATION_TYPE,RAMP_INTERSECTION,SIDE_OF_HWY,TOW_AWAY,COLLISION_SEVERITY,NUMBER_KILLED,NUMBER_INJURED,PARTY_COUNT,PRIMARY_COLL_FACTOR,PCF_CODE_OF_VIOL,PCF_VIOL_CATEGORY,PCF_VIOLATION,PCF_VIOL_SUBSECTION,HIT_AND_RUN,TYPE_OF_COLLISION,MVIW,PED_ACTION,ROAD_SURFACE,ROAD_COND_1,ROAD_COND_2,LIGHTING,CONTROL_DEVICE,CHP_ROAD_TYPE,PEDESTRIAN_ACCIDENT,BICYCLE_ACCIDENT,MOTORCYCLE_ACCIDENT,TRUCK_ACCIDENT,NOT_PRIVATE_PROPERTY,ALCOHOL_INVOLVED,STWD_VEHTYPE_AT_FAULT,CHP_VEHTYPE_AT_FAULT,COUNT_SEVERE_INJ,COUNT_VISIBLE_INJ,COUNT_COMPLAINT_PAIN,COUNT_PED_KILLED,COUNT_PED_INJURED,COUNT_BICYCLIST_KILLED,COUNT_BICYCLIST_INJURED,COUNT_MC_KILLED,COUNT_MC_INJURED,PRIMARY_RAMP,SECONDARY_RAMP,LATITUDE,LONGITUDE,COUNTY,CITY,POINT_X,POINT_Y
9567608,2023,2023-05-30,1900,2023-05-15,1531,602403,2222,1,5,3,1994,0,0,0,NA,0,222T1,CANWOOD ST,CLARETON DR,0,NA,Y,A,-,N,NA,NA,NA,NA,NA,NA,NA,NA,NA,Y,3,0,1,3,A,-,08,22107,NA,N,D,C,A,A,H,-,A,D,0,NA,NA,NA,NA,Y,NA,A,01,0,1,0,0,0,0,0,0,0,-,-,34.1457405090332,-118.7539520263672,LOS ANGELES,AGOURA HILLS,-118.7539520263672,34.145729064941406
9567641,2023,2023-06-15,1900,2023-04-12,604,637125,0649,3,5,6,1985,0,0,0,NA,0,64A,BOUQUET CANYON RD,DAVID WY,0,N,N,E,-,N,NA,NA,NA,NA,NA,NA,NA,NA,NA,Y,2,0,2,2,A,-,03,22350,NA,N,A,C,A,C,H,-,B,D,0,NA,NA,NA,NA,Y,NA,A,01,2,0,0,0,0,0,0,0,0,-,-,34.40391159057617,-118.55130767822266,LOS ANGELES,SANTA CLARITA,-118.49180603027344,34.45964050292969
9567642,2023,2023-06-06,1900,2023-04-21,845,514681,0612,5,5,6,1985,0,0,0,NA,0,61T1,GOLDEN VALLEY RD,ROBERT C LEE PKWY,150,W,N,A,-,N,NA,NA,NA,NA,NA,NA,NA,NA,NA,Y,4,0,1,2,A,-,04,21703,NA,M,C,C,A,A,H,-,A,D,0,NA,NA,NA,NA,Y,Y,-,99,0,0,1,0,0,0,0,0,0,-,-,34.397300720214844,-118.49120330810548,LOS ANGELES,SANTA CLARITA,-118.49175262451172,34.397335052490234
9567643,2023,2023-06-06,1900,2023-04-27,745,482931,0644,4,5,6,1985,0,0,0,NA,0,64T1,SOLEDAD CANYON RD,BOUQUET CANYON RD,0,NA,Y,A,-,N,NA,NA,NA,NA,NA,NA,NA,NA,NA,N,3,0,1,2,A,-,11,21954,A,N,G,B,B,A,H,-,A,A,0,Y,NA,NA,NA,Y,NA,N,60,0,1,0,0,1,0,0,0,0,-,-,34.42272186279297,-118.54065704345705,LOS ANGELES,SANTA CLARITA,-118.5409698486328,34.422569274902344
9567675,2023,2023-05-25,1900,2023-04-22,1745,525042,1013,6,5,3,1995,0,0,0,NA,0,101T2,BLUEWATER DR,DUME DR,528,W,N,A,-,N,NA,NA,NA,NA,NA,NA,NA,NA,NA,N,3,0,1,2,A,-,00,20001,A,F,C,B,D,A,H,-,A,A,0,Y,NA,NA,NA,Y,NA,A,01,0,1,0,0,1,0,0,0,0,-,-,34.01020812988281,-118.80938720703124,LOS ANGELES,MALIBU,-118.80831146240234,34.010257720947266
9567676,2023,2023-05-25,1900,2023-04-22,2249,535053,2262,6,5,2,1993,0,0,0,NA,0,226,RUSSELL RANCH RD,LINDERO CANYON RD,2112,E,N,A,-,N,NA,NA,NA,NA,NA,NA,NA,NA,NA,Y,3,0,1,2,A,-,09,21804,A,N,D,C,A,A,H,-,C,D,0,NA,NA,NA,NA,Y,Y,A,01,0,1,0,0,0,0,0,0,0,-,-,34.14833068847656,-118.79586791992188,LOS ANGELES,WESTLAKE VILLAGE,-118.7976303100586,34.14826583862305
9567756,2023,2023-05-31,1900,2023-03-05,415,637335,0972,7,5,4,1979,0,0,0,NA,0,93T2,LA CIENEGA BL,MELROSE AV,0,NA,Y,A,-,N,NA,NA,NA,NA,NA,NA,NA,NA,NA,Y,3,0,4,2,A,-,12,21453,A,N,B,C,A,A,H,-,C,A,0,NA,NA,NA,NA,Y,Y,A,01,0,2,2,0,0,0,0,0,0,-,-,34.08190155029297,-118.37661743164064,LOS ANGELES,WEST HOLLYWOOD,-118.37651824951172,34.081939697265625
9567821,2023,2023-06-06,1900,2023-05-02,1850,632900,0612,2,5,6,1985,0,0,0,NA,0,61T1PM,CROSSGLADE AV,VICCI ST,0,NA,Y,A,-,N,NA,NA,NA,NA,NA,NA,NA,NA,NA,Y,4,0,1,2,A,-,09,21802,A,N,D,C,A,A,H,-,A,A,0,NA,NA,NA,NA,Y,NA,A,07,0,0,1,0,0,0,0,0,0,-,-,34.41918182373047,-118.46640777587892,LOS ANGELES,SANTA CLARITA,-118.46638488769533,34.419151306152344
9567860,2023,2023-06-13,1900,2023-05-09,1730,642979,0628,2,5,6,1985,0,0,0,NA,0,62T1,CAL GROVE BL,SALLE CANYON DR,293,W,N,A,-,N,NA,NA,NA,NA,NA,NA,NA,NA,NA,Y,4,0,1,2,A,-,09,21800,A,N,D,C,A,-,H,-,A,D,0,NA,NA,NA,NA,Y,NA,A,07,0,0,1,0,0,0,0,0,0,-,-,34.3625602722168,-118.55490112304688,LOS ANGELES,SANTA CLARITA,-118.55479431152344,34.3626823425293
9567881,2023,2023-06-06,1900,2023-05-17,956,647475,0644,3,5,6,1985,0,0,0,NA,0,64T1,VALENCIA BL,BOUQUET CANYON RD,678,W,N,A,-,N,NA,NA,NA,NA,NA,NA,NA,NA,NA,N,4,0,1,2,A,-,08,22107,NA,N,B,C,A,A,H,-,A,D,0,NA,NA,NA,NA,Y,NA,A,01,0,0,1,0,0,0,0,0,0,-,-,34.42300033569336,-118.54342651367188,LOS ANGELES,SANTA CLARITA,-118.54334259033205,34.4229621887207
9567882,2023,2023-06-06,1900,2023-05-17,1847,642979,0642,3,5,6,1985,0,0,0,NA,0,64T1,LAS MANANITAS DR,FRISCA DR,24,E,N,A,-,N,NA,NA,NA,NA,NA,NA,NA,NA,NA,Y,4,0,1,2,A,-,08,22107,NA,N,D,C,A,A,H,-,A,D,0,NA,NA,NA,NA,Y,NA,A,01,0,0,1,0,0,0,0,0,0,-,-,34.43600845336914,-118.53533172607422,LOS ANGELES,SANTA CLARITA,-118.53531646728516,34.43595886230469
9567883,2023,2023-06-08,1900,2023-05-12,1523,527057,0631,5,5,6,1985,0,0,0,NA,0,065,SOLEDAD CANYON RD,SIERRA HWY,364,E,N,A,-,N,NA,NA,NA,NA,NA,NA,NA,NA,NA,Y,4,0,1,1,A,-,04,21703,NA,N,E,I,A,A,H,-,A,D,0,NA,NA,Y,NA,Y,NA,C,02,0,0,1,0,0,0,0,0,1,-,-,34.416648864746094,-118.4543685913086,LOS ANGELES,SANTA CLARITA,-118.45481872558594,34.41638946533203
9567884,2023,2023-06-06,1976,2023-05-12,1334,883,NA,5,5,3,1964,0,0,0,NA,0,003,VALLEY VIEW AV,ALONDRA BL,104,S,N,A,-,N,NA,NA,NA,NA,NA,NA,NA,NA,NA,Y,3,0,1,2,A,-,03,22350,NA,F,C,C,A,A,H,-,A,D,0,NA,NA,NA,NA,Y,NA,-,NA,0,1,0,0,0,0,0,0,0,-,-,NA,NA,LOS ANGELES,SANTA FE SPRINGS,-118.02890014648438,33.88804626464844
9567892,2023,2023-06-06,1900,2023-05-05,2343,656701,1133,5,5,6,1992,0,0,0,NA,0,110,AVENUE K,DIVISION ST,19,W,N,A,-,N,NA,NA,NA,NA,NA,NA,NA,NA,NA,N,4,0,2,2,A,-,03,22350,NA,N,C,C,A,A,H,-,C,A,0,NA,NA,NA,NA,Y,NA,A,01,0,0,2,0,0,0,0,0,0,-,-,NA,NA,LOS ANGELES,LANCASTER,-118.13023376464844,34.674991607666016
9567893,2023,2023-06-06,1900,2023-05-05,2011,647596,1137,5,5,6,1992,0,0,0,NA,0,112T1,CHALLENGER WY,AVENUE J-8,0,NA,Y,A,-,N,NA,NA,NA,NA,NA,NA,NA,NA,NA,Y,4,0,1,2,D,-,00,NA,NA,N,D,C,A,A,H,-,C,A,0,NA,NA,NA,NA,Y,NA,-,-,0,0,1,0,0,0,0,0,0,-,-,34.682071685791016,-118.1124267578125,LOS ANGELES,LANCASTER,-118.11266326904295,34.689483642578125
9567894,2023,2023-06-06,1900,2023-05-04,1302,647596,1126,4,5,6,1992,0,0,0,NA,0,111T1,AVENUE K,12TH ST WEST,85,W,N,B,-,N,NA,NA,NA,NA,NA,NA,NA,NA,NA,N,4,0,1,2,D,-,00,NA,NA,M,B,C,A,A,H,-,A,D,0,NA,NA,NA,NA,Y,NA,-,-,0,0,1,0,0,0,0,0,0,-,-,34.67485809326172,-118.15310668945313,LOS ANGELES,LANCASTER,-118.15261840820313,34.67498016357422
9567895,2023,2023-06-06,1900,2023-05-11,143,651854,1132,4,5,6,1992,0,0,0,NA,0,112T2,3RD ST EAST,KETTERING ST,65,N,N,A,-,N,NA,NA,NA,NA,NA,NA,NA,NA,NA,Y,4,0,1,2,A,-,08,22107,NA,M,C,C,A,A,H,-,A,A,0,NA,NA,NA,NA,Y,Y,A,07,0,0,1,0,0,0,0,0,0,-,-,37.700321197509766,-118.1259307861328,LOS ANGELES,LANCASTER,-118.1259765625,34.700538635253906
9567896,2023,2023-06-08,1900,2023-05-14,1423,656370,1137,7,5,6,1992,0,0,0,NA,0,111T2,AVENUE K,DIVISION ST,290,W,N,A,-,N,NA,NA,NA,NA,NA,NA,NA,NA,NA,N,4,0,1,2,A,-,07,21658,A,N,B,C,A,A,H,-,A,D,0,NA,NA,NA,NA,Y,NA,-,-,0,0,1,0,0,0,0,0,0,-,-,34.675079345703125,-118.1314697265625,LOS ANGELES,LANCASTER,-118.13113403320313,34.674991607666016
9567897,2023,2023-06-06,1900,2023-05-20,427,651854,1192,6,5,6,1992,0,0,0,NA,0,111T1,30TH ST WEST,AVENUE K-4,27,S,N,A,-,N,NA,NA,NA,NA,NA,NA,NA,NA,NA,Y,4,0,2,1,A,-,09,21801,A,N,E,I,A,A,H,-,C,D,0,NA,NA,NA,NA,Y,NA,A,01,0,0,2,0,0,0,0,0,0,-,-,34.671058654785156,-118.18348693847656,LOS ANGELES,LANCASTER,-118.1835708618164,34.671077728271484
9567898,2023,2023-06-06,1900,2023-05-24,828,620752,1127,3,5,6,1992,0,0,0,NA,0,112T2,40TH ST WEST,AVENUE J-12,0,NA,Y,A,-,N,NA,NA,NA,NA,NA,NA,NA,NA,NA,Y,4,0,1,2,A,-,09,21802,A,N,D,C,A,A,H,-,A,A,0,NA,NA,Y,NA,Y,NA,A,07,0,0,1,0,0,0,0,0,1,-,-,NA,NA,LOS ANGELES,LANCASTER,-118.2014617919922,34.67841339111328
9567899,2023,2023-06-06,1900,2023-05-02,1553,651854,1133,2,5,6,1992,0,0,0,NA,0,111T2P,CHALLENGER WY,AVENUE J-14,7,S,N,A,-,N,NA,NA,NA,NA,NA,NA,NA,NA,NA,Y,4,0,1,2,A,-,09,21802,A,N,D,C,A,A,H,-,A,A,0,NA,NA,NA,NA,Y,NA,A,01,0,0,1,0,0,0,0,0,0,-,-,34.676788330078125,-118.1124267578125,LOS ANGELES,LANCASTER,-118.1124267578125,34.6767692565918
9567901,2023,2023-06-05,1941,2023-03-12,1628,11822,NORTH,7,5,7,1941,0,0,0,NA,0,024,GARDENIA AV,E 68TH ST,0,NA,Y,A,-,N,NA,NA,NA,NA,NA,NA,NA,NA,NA,Y,4,0,1,3,A,-,00,20001,A,M,B,C,A,A,H,-,A,D,0,NA,NA,NA,NA,Y,NA,A,01,0,0,1,0,0,0,0,0,0,-,-,33.87828063964844,-118.16980743408205,LOS ANGELES,LONG BEACH,-118.16979217529295,33.87827682495117
9567902,2023,2023-06-15,1900,2023-03-19,2140,658900,2112,7,5,5,1943,0,0,0,NA,0,212T3,LONG BEACH BL,SANBORN AV,0,NA,Y,A,-,N,NA,NA,NA,NA,NA,NA,NA,NA,NA,Y,4,0,3,2,A,-,09,21801,A,N,D,C,A,B,H,-,C,A,0,NA,NA,NA,NA,Y,NA,A,07,0,0,3,0,0,0,0,0,0,-,-,33.92850875854492,-118.21108245849608,LOS ANGELES,LYNWOOD,-118.21103668212892,33.928489685058594
9567904,2023,2023-06-07,1941,2023-03-05,916,11560,SOUTH,7,5,7,1941,0,0,0,NA,0,007,MARTIN LUTHER KING JR AV,E ANAHEIM ST,0,NA,Y,C,-,N,NA,NA,NA,NA,NA,NA,NA,NA,NA,Y,3,0,1,2,A,-,08,22105,NA,N,D,C,A,B,H,-,A,D,0,NA,NA,NA,NA,Y,NA,-,NA,0,1,0,0,0,0,0,0,0,-,-,33.78260040283203,-118.1806869506836,LOS ANGELES,LONG BEACH,-118.18067932128906,33.78260803222656
9567905,2023,2023-06-07,1941,2023-03-24,715,10937,WEST,5,5,7,1941,0,0,0,NA,0,004,EAST PACIFIC COAST HWY,LONG BEACH BL,50,E,N,A,-,N,NA,NA,NA,NA,NA,NA,NA,NA,NA,Y,3,0,1,3,B,-,22,NA,NA,N,C,C,A,A,H,-,A,A,0,NA,NA,NA,NA,Y,NA,-,NA,0,1,0,0,0,0,0,0,0,-,-,33.789859771728516,-118.18937683105467,LOS ANGELES,LONG BEACH,-118.18937683105467,33.7898063659668
9567906,2023,2023-06-14,1941,2023-03-29,1916,11003,SOUTH,3,5,7,1941,0,0,0,NA,0,006,S PINE AV,E SEASIDE WY,0,NA,Y,A,-,N,NA,NA,NA,NA,NA,NA,NA,NA,NA,Y,4,0,2,2,D,-,00,NA,NA,N,D,C,A,A,H,-,C,A,0,NA,NA,NA,NA,Y,NA,-,-,0,0,2,0,0,0,0,0,0,-,-,33.765830993652344,-118.1923599243164,LOS ANGELES,LONG BEACH,-118.19239044189452,33.76587677001953
9567907,2023,2023-06-05,1941,2023-03-31,1727,11533,EAST,5,5,7,1941,0,0,0,NA,0,014,LAKEWOOD BL,OUTER TRAFFIC CIR,0,NA,Y,A,-,N,NA,NA,NA,NA,NA,NA,NA,NA,NA,Y,4,0,3,2,A,-,09,21801,NA,N,D,C,A,A,H,-,A,D,0,NA,NA,NA,NA,Y,NA,A,01,0,0,3,0,0,0,0,0,0,-,-,33.79153823852539,-118.14270782470705,LOS ANGELES,LONG BEACH,-118.14273071289064,33.791526794433594
9567908,2023,2023-06-05,1941,2023-03-31,1212,11818,SOUTH,5,5,7,1941,0,0,0,NA,0,007,ALAMITOS AV,11TH ST,49,S,N,A,-,N,NA,NA,NA,NA,NA,NA,NA,NA,NA,N,4,0,2,3,A,-,03,22350,NA,N,C,C,A,A,H,-,A,A,0,NA,NA,NA,NA,Y,NA,A,01,0,0,2,0,0,0,0,0,0,-,-,33.780799865722656,-118.17849731445313,LOS ANGELES,LONG BEACH,-118.17855834960938,33.7806510925293
9567909,2023,2023-06-05,1941,2023-03-24,1148,11010,NORTH,5,5,7,1941,0,0,0,NA,0,024,E ARTESIA BL,CHERRY AV,0,NA,Y,A,-,N,NA,NA,NA,NA,NA,NA,NA,NA,NA,N,4,0,1,2,D,-,00,NA,NA,N,C,C,A,A,D,-,A,A,0,NA,NA,NA,NA,Y,NA,-,-,0,0,1,0,0,0,0,0,0,-,-,33.87466049194336,-118.16869354248048,LOS ANGELES,LONG BEACH,-118.16867065429688,33.87458801269531
9567910,2023,2023-06-14,1941,2023-03-20,1928,11661,SOUTH,1,5,7,1941,0,0,0,NA,0,006,W 7TH ST,PACIFIC AV,0,NA,Y,A,-,N,NA,NA,NA,NA,NA,NA,NA,NA,NA,Y,3,0,2,3,A,-,12,21453,A,N,D,C,A,A,H,-,C,A,0,NA,NA,Y,NA,Y,NA,A,01,0,2,0,0,0,0,0,0,2,-,-,33.77534103393555,-118.19371795654295,LOS ANGELES,LONG BEACH,-118.1937255859375,33.775360107421875
9567911,2023,2023-06-05,1941,2023-03-06,1516,10943,2,1,5,7,1941,0,0,0,NA,0,016,SPRING ST,LAKEWOOD BL,0,NA,Y,A,-,N,NA,NA,NA,NA,NA,NA,NA,NA,NA,Y,3,0,2,2,A,-,09,21804,A,N,D,C,A,A,G,-,A,A,0,NA,NA,NA,NA,Y,NA,A,01,0,2,0,0,0,0,0,0,0,-,-,33.81180953979492,-118.14067840576172,LOS ANGELES,LONG BEACH,-118.13932800292967,33.81262969970703
9567912,2023,2023-06-07,1941,2023-03-05,404,11659,SOUTH,7,5,7,1941,0,0,0,NA,0,008,ALAMITOS AV,E OCEAN BL`,215,N,N,A,-,N,NA,NA,NA,NA,NA,NA,NA,NA,NA,N,3,0,1,2,A,-,11,21954,A,N,A,B,D,A,H,-,C,D,0,Y,NA,NA,NA,Y,NA,N,60,0,1,0,0,1,0,0,0,0,-,-,33.76612091064453,-118.18300628662108,LOS ANGELES,LONG BEACH,-118.18279266357422,33.76689529418945
9567913,2023,2023-06-08,1941,2023-03-03,906,11545,EAST,5,5,7,1941,0,0,0,NA,0,016,E SPRING ST,AIRPORT PLAZA DR,30,W,N,A,-,N,NA,NA,NA,NA,NA,NA,NA,NA,NA,Y,4,0,2,2,A,-,01,23152,NA,N,C,C,A,A,H,-,A,A,0,NA,NA,NA,NA,Y,Y,A,01,0,0,2,0,0,0,0,0,0,-,-,33.811458587646484,-118.13675689697266,LOS ANGELES,LONG BEACH,-118.13690948486328,33.81150436401367
9567918,2023,2023-06-05,1900,2023-03-23,1840,624934,1123,4,5,6,1992,0,0,0,NA,0,111T1,AVENUE K,10TH ST W,95,E,N,A,-,N,NA,NA,NA,NA,NA,NA,NA,NA,NA,N,4,0,1,2,A,-,21,22106,NA,N,C,C,A,A,H,-,A,A,0,NA,NA,NA,NA,Y,NA,A,07,0,0,1,0,0,0,0,0,0,-,-,NA,NA,LOS ANGELES,LANCASTER,-118.14757537841795,34.67487335205078
9567919,2023,2023-06-05,1900,2023-03-08,1839,623025,1137,3,5,6,1992,0,0,0,NA,0,111T1,27TH ST EAST,AVENUE J,0,NA,Y,A,-,N,NA,NA,NA,NA,NA,NA,NA,NA,NA,Y,3,0,2,2,A,-,09,21802,A,N,D,C,A,A,H,-,C,A,0,NA,NA,NA,NA,Y,NA,A,01,0,1,1,0,0,0,0,0,0,-,-,34.68980026245117,-118.08139038085938,LOS ANGELES,LANCASTER,-118.08140563964844,34.689842224121094
9567932,2023,2023-06-06,1900,2023-02-28,1540,529141,1515,2,5,5,1954,0,0,0,NA,0,151T2,WASHINGTON BL,BEQUETTE AV,136,E,N,B,-,N,NA,NA,NA,NA,NA,NA,NA,NA,NA,N,4,0,2,2,A,-,03,22350,NA,N,C,C,A,A,H,-,A,D,0,NA,NA,NA,NA,Y,NA,A,07,0,0,2,0,0,0,0,0,0,-,-,33.98189926147461,-118.09459686279295,LOS ANGELES,PICO RIVERA,-118.09479522705078,33.98193359375
9567933,2023,2023-06-06,1900,2023-02-28,2500,641037,0987,2,5,4,1979,0,0,0,NA,0,93T3,SUNSET BL,KINGS RD,30,W,N,C,-,N,NA,NA,NA,NA,NA,NA,NA,NA,NA,N,4,0,1,2,A,-,03,22350,NA,M,C,C,A,B,H,-,C,A,0,NA,NA,NA,NA,Y,NA,A,01,0,0,1,0,0,0,0,0,0,-,-,34.09516906738281,-118.37287139892578,LOS ANGELES,WEST HOLLYWOOD,-118.3728256225586,34.09518814086914
9567934,2023,2023-06-06,1900,2023-02-10,1830,637335,0972,5,5,4,1979,0,0,0,NA,0,93T2,SAN VICENTE BL,MELROSE AV,0,NA,Y,A,-,N,NA,NA,NA,NA,NA,NA,NA,NA,NA,Y,3,0,1,2,A,-,09,21801,A,M,A,C,A,A,H,-,C,A,0,NA,NA,NA,NA,Y,NA,A,01,0,1,0,0,0,0,0,0,0,-,-,34.08150863647461,-118.38314056396484,LOS ANGELES,WEST HOLLYWOOD,-118.38320159912108,34.081363677978516
9567935,2023,2023-06-06,1900,2023-02-05,300,637335,0977,7,5,4,1979,0,0,0,NA,0,93T2,SANTA MONICA BL,SAN VINCENTE BL,0,NA,Y,A,-,N,NA,NA,NA,NA,NA,NA,NA,NA,NA,N,3,0,1,2,A,-,10,21950,A,M,G,B,B,A,H,-,C,A,0,Y,NA,NA,NA,Y,Y,A,01,0,1,0,0,1,0,0,0,0,-,-,34.08491134643555,-118.38391876220705,LOS ANGELES,WEST HOLLYWOOD,-118.38410949707033,34.08492660522461
9567940,2023,2023-06-06,1941,2023-02-17,1222,11339,WEST,5,5,7,1941,0,0,0,NA,0,004,DAISY AV,W 14TH ST N,0,NA,Y,A,-,N,NA,NA,NA,NA,NA,NA,NA,NA,NA,NA,4,0,1,3,A,-,09,21804,A,N,D,C,A,A,H,-,A,D,0,NA,NA,NA,NA,Y,NA,A,01,0,0,1,0,0,0,0,0,0,-,-,33.783939361572266,-118.19937896728516,LOS ANGELES,LONG BEACH,-118.19937133789064,33.783687591552734
9568025,2022,2023-04-21,1942,2022-09-17,0940,42277,0821,6,5,7,1942,0,0,0,H,0,27TL23,PACIFIC COAST HWY,TEMESCAL CANYON RD,3000,S,N,A,-,Y,LA,7,1,-,-,37.54,H,-,N,Y,3,0,1,2,A,-,08,22103,NA,F,D,C,A,A,H,-,A,D,0,NA,NA,NA,NA,Y,NA,A,01,0,1,0,0,0,0,0,0,0,-,-,NA,NA,LOS ANGELES,LOS ANGELES,-118.5268325805664,34.03206253051758
9568036,2023,2023-04-27,1900,2023-03-13,1340,653926,0451,1,5,6,1949,0,0,0,NA,0,43T1,IMPERIAL HWY,FAIRFORD ST,200,W,N,A,-,N,NA,NA,NA,NA,NA,NA,NA,NA,NA,N,4,0,1,2,A,-,08,22107,NA,M,B,C,A,A,H,-,A,D,0,NA,NA,NA,NA,Y,NA,A,07,0,0,1,0,0,0,0,0,0,-,-,NA,NA,LOS ANGELES,NORWALK,-118.09553527832033,33.917091369628906
9568037,2023,2023-04-21,1900,2023-03-23,1530,659050,2610,4,5,6,1950,0,0,0,NA,0,265,PALMDALE BL,20TH ST E,792,W,N,B,-,Y,LA,7,138,-,-,45.55,H,-,E,Y,3,0,2,2,A,-,08,22107,NA,N,D,C,A,A,H,-,A,D,0,NA,NA,NA,NA,Y,NA,A,07,0,2,0,0,0,0,0,0,0,-,-,34.579620361328125,-118.0969009399414,LOS ANGELES,PALMDALE,-118.0969009399414,34.57961654663086
9568038,2022,2023-04-18,1942,2022-12-18,1455,39889,0212,7,5,7,1942,0,0,0,B,0,24MQ39,VERMONT AV,CLINTON ST,0,NA,Y,A,-,N,NA,NA,NA,NA,NA,NA,NA,NA,NA,Y,3,0,1,2,A,-,09,21801,A,N,D,C,A,A,H,-,A,A,0,NA,NA,NA,NA,Y,NA,A,01,0,1,0,0,0,0,0,0,0,-,-,NA,NA,LOS ANGELES,LOS ANGELES,-118.29171752929688,34.081748962402344
9568041,2023,2023-04-21,1900,2023-03-05,1917,652406,2607,7,5,6,1950,0,0,0,NA,0,264A,AV S,47TH ST E,0,NA,Y,A,-,N,NA,NA,NA,NA,NA,NA,NA,NA,NA,Y,4,0,2,2,A,-,03,22350,NA,N,C,C,A,A,H,-,C,A,0,NA,NA,NA,NA,Y,NA,A,01,0,0,2,0,0,0,0,0,0,-,-,34.55815124511719,-118.04427337646484,LOS ANGELES,PALMDALE,-118.04525756835938,34.558021545410156
9568042,2022,2023-04-18,1942,2022-12-30,1707,37143,0151,5,5,7,1942,0,0,0,A,0,24MQ57,FIGUEROA ST,7TH ST,0,NA,Y,A,-,N,NA,NA,NA,NA,NA,NA,NA,NA,NA,N,3,0,1,2,A,-,08,22100,A,N,B,C,A,A,H,-,-,A,0,NA,NA,NA,NA,Y,NA,A,07,0,1,0,0,0,0,0,0,0,-,-,NA,NA,LOS ANGELES,LOS ANGELES,-118.25991058349608,34.04941940307617
9568045,2023,2023-04-21,1941,2023-03-11,1345,11810,WEST,6,5,7,1941,0,0,0,NA,0,004,EAST PACIFIC COAST HWY,TRIBUNE CT,0,NA,Y,B,-,Y,LA,7,1,-,-,6.41,H,-,N,Y,2,0,1,2,A,-,08,22107,NA,N,D,D,A,A,H,-,A,D,0,NA,NA,Y,NA,Y,NA,A,01,1,0,0,0,0,0,0,0,1,-,-,33.789859771728516,-118.19174194335938,LOS ANGELES,LONG BEACH,-118.19181060791016,33.789920806884766
9568046,2023,2023-04-19,1931,2023-04-19,1115,638,OSJ,3,5,5,1931,0,0,0,NA,0,OSJ,SANTA FE AV,E GAGE AV,158,S,N,A,-,N,NA,NA,NA,NA,NA,NA,NA,NA,NA,Y,4,0,1,3,A,-,03,22350,NA,N,B,E,A,A,H,-,A,A,0,NA,NA,NA,NA,Y,NA,A,01,0,0,1,0,0,0,0,0,0,-,-,NA,NA,LOS ANGELES,HUNTINGTON PARK,-118.23030090332033,33.981204986572266
9568053,2023,2023-04-21,1942,2023-03-11,1850,43432,1267,6,5,7,1942,0,0,0,L,0,25T31-,MANCHESTER AV,FIGUEROA ST,0,NA,Y,A,-,N,NA,NA,NA,NA,NA,NA,NA,NA,NA,N,2,0,1,2,A,-,03,22350,NA,F,G,B,B,A,H,-,C,A,0,Y,NA,NA,NA,Y,NA,-,99,1,0,0,0,1,0,0,0,0,-,-,NA,NA,LOS ANGELES,LOS ANGELES,-118.28273010253906,33.960060119628906
9568058,2023,2023-04-19,1942,2023-03-22,840,510899,NA,3,5,7,1942,0,0,0,NA,0,NA,HASKELL AV,PARTHENIA ST,0,NA,Y,A,-,N,NA,NA,NA,NA,NA,NA,NA,NA,NA,N,4,0,1,2,A,-,12,21453,A,N,-,C,A,A,H,-,A,A,0,NA,NA,NA,NA,Y,NA,A,07,0,0,1,0,0,0,0,0,0,-,-,34.228370666503906,-118.47648620605467,LOS ANGELES,LOS ANGELES,-118.47640228271484,34.22832489013672
9568061,2023,2023-04-17,1926,2023-04-04,844,0190,NA,2,5,5,1926,0,0,0,NA,0,001,BARRANCA AV,RT 66,0,NA,Y,A,-,N,NA,NA,NA,NA,NA,NA,NA,NA,NA,Y,3,0,1,2,A,-,17,21451,A,N,D,C,A,A,H,-,A,A,0,NA,NA,NA,NA,Y,NA,A,01,0,1,0,0,0,0,0,0,0,-,-,34.12876892089844,-117.88134765625,LOS ANGELES,GLENDORA,-117.88135528564452,34.12879180908203