CASE_ID,ACCIDENT_YEAR,PROC_DATE,JURIS,COLLISION_DATE,COLLISION_TIME,OFFICER_ID,REPORTING_DISTRICT,DAY_OF_WEEK,CHP_SHIFT,POPULATION,CNTY_CITY_LOC,SPECIAL_COND,BEAT_TYPE,CHP_BEAT_TYPE,CITY_DIVISION_LAPD,CHP_BEAT_CLASS,BEAT_NUMBER,PRIMARY_RD,SECONDARY_RD,DISTANCE,DIRECTION,INTERSECTION,WEATHER_1,WEATHER_2,STATE_HWY_IND,CALTRANS_COUNTY,CALTRANS_DISTRICT,STATE_ROUTE,ROUTE_SUFFIX,POSTMILE_PREFIX,POSTMILE,LOCATION_TYPE,RAMP_INTERSECTION,SIDE_OF_HWY,TOW_AWAY,COLLISION_SEVERITY,NUMBER_KILLED,NUMBER_INJURED,PARTY_COUNT,PRIMARY_COLL_FACTOR,PCF_CODE_OF_VIOL,PCF_VIOL_CATEGORY,PCF_VIOLATION,PCF_VIOL_SUBSECTION,HIT_AND_RUN,TYPE_OF_COLLISION,MVIW,PED_ACTION,ROAD_SURFACE,ROAD_COND_1,ROAD_COND_2,LIGHTING,CONTROL_DEVICE,CHP_ROAD_TYPE,PEDESTRIAN_ACCIDENT,BICYCLE_ACCIDENT,MOTORCYCLE_ACCIDENT,TRUCK_ACCIDENT,NOT_PRIVATE_PROPERTY,ALCOHOL_INVOLVED,STWD_VEHTYPE_AT_FAULT,CHP_VEHTYPE_AT_FAULT,COUNT_SEVERE_INJ,COUNT_VISIBLE_INJ,COUNT_COMPLAINT_PAIN,COUNT_PED_KILLED,COUNT_PED_INJURED,COUNT_BICYCLIST_KILLED,COUNT_BICYCLIST_INJURED,COUNT_MC_KILLED,COUNT_MC_INJURED,PRIMARY_RAMP,SECONDARY_RAMP,LATITUDE,LONGITUDE,COUNTY,CITY,POINT_X,POINT_Y
9568929,2023,2023-06-12,1972,2023-04-13,958,18059,NA,4,5,6,1972,0,0,0,NA,0,NA,HAWTHORNE,ARTESIA,0,NA,Y,B,-,N,NA,NA,NA,NA,NA,NA,NA,NA,NA,Y,4,0,1,2,A,-,12,21453,A,N,D,C,A,A,H,-,A,A,0,NA,NA,Y,NA,Y,NA,A,NA,0,0,1,0,0,0,0,0,1,-,-,NA,NA,LOS ANGELES,TORRANCE,-118.35269927978516,33.87276077270508
9568933,2023,2023-06-06,1976,2023-04-28,1138,538,NA,5,5,5,1976,0,0,0,NA,0,NA,WHITTIER BL,MILLS AV,65,E,N,A,-,Y,LA,7,72,-,-,2.09,H,-,S,Y,4,0,1,2,A,-,07,21658,A,N,C,C,A,A,H,-,A,D,0,NA,NA,NA,NA,Y,NA,A,01,0,0,1,0,0,0,0,0,0,-,-,NA,NA,LOS ANGELES,WHITTIER,-118.01025390625,33.95041275024414
9568936,2023,2023-06-23,1920,2023-01-25,30,22855,NA,3,5,6,1920,0,0,0,NA,0,NA,FLORENCE AV,LITTLE LAKE RD,0,NA,Y,A,-,Y,LA,7,605,-,R,9.625,R,4,S,Y,3,0,2,2,A,-,12,21453,A,N,D,C,A,A,H,-,C,A,0,NA,NA,NA,NA,Y,NA,-,-,0,1,1,0,0,0,0,0,0,-,-,33.9382209777832,-118.09900665283205,LOS ANGELES,DOWNEY,-118.09660339355467,33.94145584106445
9568941,2023,2023-06-07,1942,2023-05-13,2200,44893,NA,6,5,7,1942,0,0,0,NA,0,21A29,TOPANGA CANYON BL,SHERMAN WY,0,NA,Y,A,-,Y,LA,7,27,-,-,14.56,H,-,S,Y,4,0,2,3,A,-,03,22350,NA,F,C,C,A,A,H,-,C,A,0,NA,NA,NA,NA,Y,NA,-,99,0,0,2,0,0,0,0,0,0,-,-,NA,NA,LOS ANGELES,LOS ANGELES,-118.60602569580078,34.201236724853516
9568959,2023,2023-05-30,1900,2023-04-22,2128,652406,2627,6,5,6,1950,0,0,0,NA,0,264,AV M,45TH ST E,246,W,N,A,-,N,NA,NA,NA,NA,NA,NA,NA,NA,NA,Y,4,0,1,2,A,-,08,22107,NA,N,C,E,A,A,H,-,D,D,0,NA,NA,NA,NA,Y,NA,A,01,0,0,1,0,0,0,0,0,0,-,-,34.64601135253906,-118.05075073242188,LOS ANGELES,PALMDALE,-118.2099380493164,34.64560317993164
9568964,2023,2023-06-13,1944,2023-04-25,1909,390,M7,2,5,4,1944,0,0,0,NA,0,0M4,SEPULVEDA BL,MARINE AV,0,NA,Y,A,-,Y,LA,7,1,-,-,23.421,I,5,N,Y,3,0,2,5,A,-,01,23152,A,N,B,C,A,A,H,-,A,A,0,NA,NA,NA,NA,Y,Y,A,01,0,2,0,0,0,0,0,0,0,-,-,33.894649505615234,-118.39600372314452,LOS ANGELES,MANHATTAN BEACH,-118.3959503173828,33.89466857910156
9568979,2023,2023-06-28,1900,2023-01-04,2255,643702,1334,3,5,5,1908,0,0,0,NA,0,133T1,LAKEWOOD BL,MAYNE ST,0,NA,Y,A,-,N,NA,NA,NA,NA,NA,NA,NA,NA,NA,N,3,0,1,2,A,-,09,21801,A,M,D,C,A,A,H,-,C,D,0,NA,NA,NA,NA,Y,NA,A,01,0,1,0,0,0,0,0,0,0,-,-,NA,NA,LOS ANGELES,BELLFLOWER,-118.14265441894533,33.8856201171875
9568984,2023,2023-06-14,1900,2023-05-06,1824,636465,0522,6,5,4,1971,0,0,0,NA,0,52T1/P,ROSEMEAD BL,HERMOSA DR,0,NA,Y,A,-,N,NA,NA,NA,NA,NA,NA,NA,NA,NA,Y,3,0,4,2,A,-,09,21804,A,N,D,C,A,A,H,-,A,A,0,NA,NA,NA,NA,Y,NA,A,08,0,2,2,0,0,0,0,0,0,-,-,34.10634994506836,-118.07354736328124,LOS ANGELES,TEMPLE CITY,-118.0735092163086,34.106300354003906
9568987,2023,2023-06-22,1900,2023-02-17,1132,642083,1320,5,5,5,1935,0,0,0,NA,0,132T1,LAKEWOOD BL,SOUTH ST,40,N,N,A,-,N,NA,NA,NA,NA,NA,NA,NA,NA,NA,N,3,0,1,2,A,-,03,22350,NA,N,C,C,A,A,H,-,A,A,0,NA,NA,NA,NA,Y,NA,A,01,0,1,0,0,0,0,0,0,0,-,-,NA,NA,LOS ANGELES,LAKEWOOD,-118.14242553710938,33.86035919189453
9568992,2023,2023-06-14,1972,2023-05-27,1010,15555,NA,6,5,6,1972,0,0,0,NA,0,NA,HAWTHORNE BL,190TH ST,0,NA,Y,A,-,Y,LA,7,107,-,-,3.672,I,5,S,Y,4,0,2,2,A,-,12,21453,A,N,D,C,A,A,H,-,A,A,0,NA,NA,NA,NA,Y,NA,A,NA,0,0,2,0,0,0,0,0,0,-,-,NA,NA,LOS ANGELES,TORRANCE,-118.35366058349608,33.858299255371094
9568995,2023,2023-06-22,1900,2023-03-26,2220,606646,0521,7,5,4,1971,0,0,0,NA,0,52T1PM,ROSEMEAD BL,LONGDEN AV,242,N,N,A,-,N,NA,NA,NA,NA,NA,NA,NA,NA,NA,N,3,0,3,2,A,-,09,21804,A,N,C,C,A,A,H,-,C,D,0,NA,NA,NA,NA,Y,NA,A,08,0,3,0,0,0,0,0,0,0,-,-,34.11431884765625,-118.07364654541016,LOS ANGELES,TEMPLE CITY,-118.07354736328124,34.114219665527344
9568999,2023,2023-06-23,1972,2023-03-24,2050,22273,NA,5,5,6,1972,0,0,0,NA,0,NA,FASHION WY,HAWTHORNE BL,0,NA,Y,A,-,Y,LA,7,107,-,-,2.083,I,5,N,Y,3,0,1,2,A,-,04,21703,NA,N,C,C,A,A,H,-,C,A,0,NA,NA,NA,NA,Y,NA,A,NA,0,1,0,0,0,0,0,0,0,-,-,NA,NA,LOS ANGELES,TORRANCE,-118.35308074951172,33.835243225097656
9569000,2023,2023-06-19,1976,2023-05-01,232,204,NA,1,5,5,1976,0,0,0,NA,0,NA,WHITTIER BL,MILTON AV,51,E,N,B,C,Y,LA,7,72,-,-,4.08,H,-,S,Y,2,0,1,2,A,-,01,23152,A,N,C,E,A,B,H,-,C,D,0,NA,NA,Y,NA,Y,Y,C,02,1,0,0,0,0,0,0,0,1,-,-,NA,NA,LOS ANGELES,WHITTIER,-118.03902435302734,33.966609954833984
9569003,2023,2023-06-23,1972,2023-03-28,1446,21239,NA,2,5,6,1972,0,0,0,NA,0,NA,HAWTHORNE BL,LOMITA BL,0,NA,Y,A,-,Y,LA,7,107,-,-,0.747,I,5,N,N,3,0,1,2,A,-,04,21703,NA,N,C,C,A,A,H,-,A,A,0,NA,NA,NA,NA,Y,NA,D,NA,0,1,0,0,0,0,0,0,0,-,-,NA,NA,LOS ANGELES,TORRANCE,-118.35099029541016,33.81587219238281
9569004,2023,2023-06-14,1976,2023-05-14,1824,561,1976,7,5,5,1976,0,0,0,NA,0,003,WHITTIER BL,GUNN AV,0,NA,Y,A,-,Y,LA,7,72,-,-,2.477,I,5,S,Y,4,0,5,3,A,-,12,21453,A,N,D,C,A,A,H,-,A,A,0,NA,NA,NA,NA,Y,NA,A,01,0,0,5,0,0,0,0,0,0,-,-,NA,NA,LOS ANGELES,WHITTIER,-118.01587677001952,33.953548431396484
9569006,2023,2023-06-02,1900,2023-04-23,1846,647593,0631,7,5,6,1985,0,0,0,NA,0,61T1,SIERRA HWY,SARABANDE LN,0,NA,Y,A,-,N,NA,NA,NA,NA,NA,NA,NA,NA,NA,Y,4,0,1,2,A,-,09,21804,NA,N,B,C,A,A,H,-,A,D,0,NA,NA,NA,NA,Y,NA,A,01,0,0,1,0,0,0,0,0,0,-,-,34.4233512878418,-118.45099639892578,LOS ANGELES,SANTA CLARITA,-118.45127868652344,34.42321014404297
9569015,2023,2023-06-14,1900,2023-04-09,1455,656182,1335,7,5,5,1908,0,0,0,NA,0,133T1,LAKEWOOD BL,PARK ST,297,S,N,A,-,Y,LA,7,91,-,R,14.54,R,4,W,N,4,0,2,2,A,-,08,22107,NA,N,B,C,A,A,H,-,A,D,0,NA,NA,NA,NA,Y,NA,A,01,0,0,2,0,0,0,0,0,0,-,-,NA,NA,LOS ANGELES,BELLFLOWER,-118.14396667480467,33.877235412597656
9569019,2023,2023-06-28,1900,2023-04-30,2147,638935,1335,7,5,5,1908,0,0,0,NA,0,133,LAKEWOOD BL,CEDAR ST,27,E,N,A,-,N,NA,NA,NA,NA,NA,NA,NA,NA,NA,Y,2,0,2,2,A,-,09,21801,A,N,D,C,A,A,H,-,C,D,0,NA,NA,NA,NA,Y,NA,A,07,2,0,0,0,0,0,0,0,0,-,-,NA,NA,LOS ANGELES,BELLFLOWER,-118.14257049560548,33.871089935302734
9569023,2023,2023-06-12,1900,2023-04-17,1650,640404,1369,1,5,5,1952,0,0,0,NA,0,136F1,DOWNEY AV,HARRISON ST,260,N,N,A,-,N,NA,NA,NA,NA,NA,NA,NA,NA,NA,Y,2,0,2,2,A,-,07,21658,NA,N,A,C,A,A,H,-,A,A,0,NA,NA,NA,NA,Y,NA,A,01,1,0,1,0,0,0,0,0,0,-,-,NA,NA,LOS ANGELES,PARAMOUNT,-118.15132904052734,33.88430404663086
9569034,2023,2023-06-02,1900,2023-04-19,1704,654870,2112,3,5,5,1943,0,0,0,NA,0,212T3,MARTIN LUTHER KING JR BL,LONG BEACH BL,3,E,N,A,-,N,NA,NA,NA,NA,NA,NA,NA,NA,NA,N,4,0,1,2,A,-,10,21950,A,N,G,B,B,A,H,-,A,A,0,Y,NA,NA,NA,Y,NA,A,01,0,0,1,0,1,0,0,0,0,-,-,33.9367790222168,-118.21369934082033,LOS ANGELES,LYNWOOD,-118.21359252929688,33.93684005737305
9569041,2023,2023-06-06,1941,2023-05-01,1715,11533,EAST,1,5,7,1941,0,0,0,NA,0,012,E ANAHEIM ST,REDONDO AV,0,NA,Y,A,-,N,NA,NA,NA,NA,NA,NA,NA,NA,NA,Y,3,0,1,2,D,-,00,NA,NA,N,A,C,A,A,H,-,D,A,0,NA,NA,NA,NA,Y,NA,-,-,0,1,0,0,0,0,0,0,0,-,-,33.782588958740234,-118.15242004394533,LOS ANGELES,LONG BEACH,-118.15242004394533,33.782596588134766
9569050,2023,2023-06-22,1900,2023-04-28,1800,63465,0522,5,5,4,1971,0,0,0,NA,0,521TPM,ROSEMEAD BL,LAS TUNAS DR,44,N,N,A,-,N,NA,NA,NA,NA,NA,NA,NA,NA,NA,N,4,0,1,2,A,-,04,21703,NA,N,C,C,A,A,H,-,A,A,0,NA,NA,NA,NA,Y,NA,A,01,0,0,1,0,0,0,0,0,0,-,-,34.103858947753906,-118.07363128662108,LOS ANGELES,TEMPLE CITY,-118.07347869873048,34.10367202758789
9569057,2023,2023-06-06,1900,2023-05-12,2040,625597,2610,5,5,6,1950,0,0,0,NA,0,263T1,10TH ST E,PALMDALE BL,0,NA,Y,A,-,N,NA,NA,NA,NA,NA,NA,NA,NA,NA,N,4,0,1,2,A,-,04,21703,NA,M,C,C,A,A,H,-,C,A,0,NA,NA,NA,NA,Y,NA,A,01,0,0,1,0,0,0,0,0,0,-,-,34.5797004699707,-118.11180114746094,LOS ANGELES,PALMDALE,-118.11186981201172,34.57954788208008
9569060,2023,2023-06-23,1972,2023-05-11,1726,21239,NA,4,5,6,1972,0,0,0,NA,0,NA,HAWTHORNE BL,179TH ST,0,NA,Y,A,-,Y,LA,7,107,-,-,4.367,I,5,N,Y,3,0,4,3,A,-,09,21801,A,N,D,C,A,A,H,-,A,A,0,NA,NA,NA,NA,Y,NA,A,NA,0,1,3,0,0,0,0,0,0,-,-,NA,NA,LOS ANGELES,TORRANCE,-118.35247802734376,33.86806869506836
9569061,2023,2023-06-22,1900,2023-05-13,1712,639633,2611,6,5,6,1950,0,0,0,NA,0,262T1,PALMDALE BL,RT 14,0,NA,Y,A,-,Y,LA,7,138,-,-,43.531,I,5,W,Y,4,0,1,3,A,-,07,21658,A,N,D,C,A,A,H,-,A,A,0,NA,NA,NA,NA,Y,NA,A,07,0,0,1,0,0,0,0,0,0,-,NF,34.58066177368164,-118.13218688964844,LOS ANGELES,PALMDALE,-118.13188934326172,34.580570220947266
9569065,2023,2023-06-16,1900,2023-05-07,208,525413,2608,7,5,6,1950,0,0,0,NA,0,262T1,PALMDALE BL,20TH ST E,797.1,E,N,A,-,Y,LA,7,138,-,-,45.87,H,-,E,Y,3,0,2,2,A,-,01,23152,A,M,D,C,A,A,H,-,C,D,0,NA,NA,NA,NA,Y,Y,A,01,0,1,1,0,0,0,0,0,0,-,-,34.5800895690918,-118.09140777587892,LOS ANGELES,PALMDALE,-118.09134674072266,34.58003234863281
9569069,2023,2023-06-14,1900,2023-05-10,1740,655555,2607,3,5,6,1950,0,0,0,NA,0,264T1,47TH ST E,AV S,128,S,N,A,-,Y,LA,7,138,-,-,50.03,H,-,W,Y,4,0,1,2,A,-,07,21658,A,N,B,C,A,A,H,-,A,D,0,NA,NA,NA,NA,Y,NA,A,01,0,0,1,0,0,0,0,0,0,-,-,34.557708740234375,-118.04528045654295,LOS ANGELES,PALMDALE,-118.04524993896484,34.55725860595703
9569073,2023,2023-06-14,1900,2023-05-10,1745,514671,2619,3,5,6,1950,0,0,0,NA,0,262T1,AV M,RT 14,0,NA,Y,A,-,Y,LA,7,14,-,R,64.475,R,4,N,Y,4,0,1,2,A,-,09,21801,A,N,D,C,A,A,H,-,A,A,0,NA,NA,NA,NA,Y,NA,A,01,0,0,1,0,0,0,0,0,0,-,NF,34.645729064941406,-118.15186309814452,LOS ANGELES,PALMDALE,-118.15309143066406,34.64278030395508
9569076,2023,2023-06-16,1920,2023-05-10,1907,14050,1920,3,5,6,1920,0,0,0,NA,0,006,LAKEWOOD BL,FIRESTONE BL,0,NA,Y,A,-,N,NA,NA,NA,NA,NA,NA,NA,NA,NA,Y,4,0,1,2,A,-,09,21801,A,N,D,C,A,A,H,-,A,A,0,NA,NA,NA,NA,Y,NA,A,01,0,0,1,0,0,0,0,0,0,-,-,NA,NA,LOS ANGELES,DOWNEY,-118.12395477294922,33.93549728393555
9569092,2023,2023-06-07,1941,2023-05-03,700,11803,EAST,3,5,7,1941,0,0,0,NA,0,011,E 11TH ST,OBISPO AV,0,NA,Y,A,-,N,NA,NA,NA,NA,NA,NA,NA,NA,NA,N,4,0,1,2,A,-,12,22450,A,F,D,C,A,A,H,-,A,D,0,NA,NA,NA,NA,Y,NA,A,01,0,0,1,0,0,0,0,0,0,-,-,33.78076934814453,-118.1545867919922,LOS ANGELES,LONG BEACH,-118.15457916259766,33.780799865722656
9569124,2023,2023-06-21,1900,2023-05-25,2232,650291,1018,4,5,3,1995,0,0,0,NA,0,101,PACIFIC COAST HWY,PENA RD,1140,W,-,A,-,Y,LA,7,1,-,-,41.67,H,-,N,Y,3,0,1,1,A,-,07,21658,NA,N,F,I,A,A,H,-,C,D,0,NA,NA,NA,NA,Y,NA,A,07,0,1,0,0,0,0,0,0,0,-,-,34.0400505065918,-118.59436798095705,LOS ANGELES,MALIBU,-118.5944595336914,34.03999710083008
9569134,2023,2023-07-03,1938,2023-04-21,1155,848,AREA3,5,5,4,1938,0,0,0,NA,0,003,FOOTHILL BL,BRADFORD ST,0,NA,Y,A,-,Y,LA,7,66,-,-,2.141,I,5,W,Y,4,0,1,2,A,-,09,21801,A,N,D,C,A,-,H,-,A,A,0,NA,NA,NA,NA,Y,NA,-,NA,0,0,1,0,0,0,0,0,0,-,-,NA,NA,LOS ANGELES,LA VERNE,-117.75514221191406,34.11008834838867
9569136,2023,2023-06-21,1972,2023-05-14,956,22330,NA,7,5,6,1972,0,0,0,NA,0,NA,PACIFIC COAST HWY,ANZA AV,500,W,N,B,-,Y,LA,7,1,-,-,16.53,H,-,N,Y,3,0,5,4,C,-,18,NA,NA,N,F,C,A,A,H,-,A,D,0,NA,NA,NA,NA,Y,NA,-,-,0,1,4,0,0,0,0,0,0,-,-,NA,NA,LOS ANGELES,TORRANCE,-118.35921478271484,33.80827713012695
9569138,2023,2023-06-15,1938,2023-04-30,5,1317,NA,7,5,4,1938,0,0,0,NA,0,002,FOOTHILL BL,RAMONA AV,75,W,N,A,-,N,NA,NA,NA,NA,NA,NA,NA,NA,NA,Y,4,0,1,1,A,-,01,23152,A,N,A,I,A,A,H,-,C,A,0,NA,NA,NA,NA,Y,Y,A,01,0,0,1,0,0,0,0,0,0,-,-,NA,NA,LOS ANGELES,LA VERNE,-117.78943634033205,34.12144088745117
9569139,2023,2023-07-19,1942,2023-04-18,2045,42770,1801,2,5,7,1942,0,0,0,R,0,18X48W,FIGUEROA AV,IMPERIAL HWY,40,N,N,A,-,N,NA,NA,NA,NA,NA,NA,NA,NA,NA,N,3,0,1,2,A,-,03,22350,A,F,C,C,A,A,H,-,C,D,0,NA,NA,NA,NA,Y,NA,-,99,0,1,0,0,0,0,0,0,0,-,-,NA,NA,LOS ANGELES,LOS ANGELES,-118.28260040283205,33.93111038208008
9569140,2023,2023-07-07,1972,2023-05-24,1824,21289,NA,3,5,6,1972,0,0,0,NA,0,NA,HAWTHORNE BL,SKY PARK DR,0,NA,Y,A,-,Y,LA,7,107,-,-,0.43,I,5,N,Y,3,0,4,2,A,-,12,21453,NA,N,D,C,A,A,H,-,B,A,0,NA,NA,NA,NA,Y,NA,A,NA,0,3,1,0,0,0,0,0,0,-,-,NA,NA,LOS ANGELES,TORRANCE,-118.35102081298828,33.811275482177734
9569143,2023,2023-07-20,1942,2023-04-28,2018,42720,1861,5,5,7,1942,0,0,0,R,0,25T31-,IMPERIAL HWY,GRAND AV,35,E,N,A,-,Y,LA,7,110,-,-,13.701,R,4,S,Y,4,0,1,1,A,-,03,22350,NA,N,H,J,A,A,H,-,C,A,0,NA,NA,NA,NA,Y,NA,A,01,0,0,1,0,0,0,0,0,0,-,-,NA,NA,LOS ANGELES,LOS ANGELES,-118.28124237060548,33.92705535888672
9569144,2023,2023-07-06,1972,2023-05-26,1333,15555,NA,5,5,6,1972,0,0,0,NA,0,NA,HAWTHORNE BL,NEWTON ST,0,NA,Y,A,-,N,NA,NA,NA,NA,NA,NA,NA,NA,NA,Y,4,0,1,2,A,-,12,21453,A,N,A,C,A,A,H,-,A,A,0,NA,NA,NA,NA,Y,NA,A,NA,0,0,1,0,0,0,0,0,0,-,-,NA,NA,LOS ANGELES,TORRANCE,-118.35121917724608,33.799381256103516
9569148,2023,2023-07-07,1972,2023-05-30,542,22330,NA,2,5,6,1972,0,0,0,NA,0,NA,PACIFIC COAST HWY,CALLE MAYOR,1000,E,N,B,-,Y,LA,7,1,-,-,17.02,H,-,N,Y,4,0,1,1,A,-,03,22350,NA,N,F,I,A,A,H,-,B,D,0,NA,NA,NA,NA,Y,NA,A,NA,0,0,1,0,0,0,0,0,0,-,-,NA,NA,LOS ANGELES,TORRANCE,-118.36685943603516,33.81165313720703
9569152,2023,2023-06-20,1916,2023-05-30,2308,2389,E42I1,2,5,4,1916,0,0,0,NA,0,EAST,E ARROW HWY,ARROW GRAND CIR,0,NA,Y,A,-,N,NA,NA,NA,NA,NA,NA,NA,NA,NA,Y,4,0,1,2,A,-,05,21650,A,N,A,C,A,A,H,-,C,D,0,NA,NA,NA,NA,Y,NA,A,01,0,0,1,0,0,0,0,0,0,-,-,34.105690002441406,-117.87557983398438,LOS ANGELES,COVINA,-117.87734985351564,34.105499267578125
9569154,2023,2023-07-03,1934,2023-05-28,1257,800,IRWPD,7,5,1,1934,0,0,0,NA,0,NA,IRWINDALE AV,RT 210,0,NA,Y,B,-,Y,LA,7,210,-,R,38.068,R,4,W,Y,3,0,1,2,A,-,12,21453,A,N,D,C,A,A,H,-,A,A,0,NA,NA,NA,NA,Y,NA,A,01,0,1,0,0,0,0,0,0,0,-,WF,34.13113021850586,-117.93350982666016,LOS ANGELES,IRWINDALE,-117.93016052246094,34.13075637817383
9569158,2023,2023-07-03,1972,2023-05-09,1101,18059,NA,2,5,6,1972,0,0,0,NA,0,NA,HAWTHORNE,DEL AMO BL,500,N,N,A,-,Y,LA,7,107,-,-,3.12,H,-,S,N,4,0,1,2,A,-,03,22350,NA,N,C,C,A,A,H,-,A,D,0,NA,NA,NA,NA,Y,NA,A,NA,0,0,1,0,0,0,0,0,0,-,-,NA,NA,LOS ANGELES,TORRANCE,-118.35383605957033,33.85017395019531
9569163,2023,2023-07-20,1942,2023-05-13,2045,44942,0511,6,5,7,1942,0,0,0,E,0,5A11,NORMANDIE AV,PACIFIC COAST HWY,0,NA,Y,A,-,Y,LA,7,1,-,-,12.517,I,5,S,Y,4,0,1,2,A,-,12,21453,A,F,D,C,A,A,H,-,C,A,0,NA,NA,NA,NA,Y,NA,-,99,0,0,1,0,0,0,0,0,0,-,-,NA,NA,LOS ANGELES,LOS ANGELES,-118.29750823974608,33.789878845214844
9569167,2023,2023-07-17,1942,2023-05-04,2315,42720,1846,4,5,7,1942,0,0,0,R,0,25T31-,IMPERIAL HWY,SUCCESS AV,90,W,N,A,-,N,NA,NA,NA,NA,NA,NA,NA,NA,NA,N,2,0,1,2,A,-,09,21804,A,F,D,G,A,A,H,-,C,D,0,NA,Y,NA,NA,Y,NA,-,99,1,0,0,0,0,0,1,0,0,-,-,NA,NA,LOS ANGELES,LOS ANGELES,-118.24961853027344,33.92947006225586
9569171,2023,2023-07-20,1900,2023-05-19,124,6553085,2610,5,5,6,1950,0,0,0,NA,0,263T1,SIERRA HWY,PALMDALE BL,0,NA,Y,A,-,Y,LA,7,138,-,-,44.424,I,5,W,Y,4,0,1,3,A,-,01,23152,A,N,C,C,A,A,H,-,C,A,0,NA,NA,NA,NA,Y,Y,A,01,0,0,1,0,0,0,0,0,0,-,-,34.579551696777344,-118.11650848388672,LOS ANGELES,PALMDALE,-118.11663055419922,34.57958984375
9569178,2023,2023-06-15,1928,2023-05-28,1030,50400,531,7,5,5,1928,0,0,0,NA,0,501,IMPERIAL HWY,TRURO AV,0,NA,Y,B,-,N,NA,NA,NA,NA,NA,NA,NA,NA,NA,Y,3,0,1,2,A,-,09,21804,A,N,D,C,A,A,H,-,A,A,0,NA,NA,Y,NA,Y,NA,A,01,0,1,0,0,0,0,0,0,1,-,-,33.930931091308594,-118.35800933837892,LOS ANGELES,HAWTHORNE,-118.35808563232422,33.93093490600586
9569182,2023,2023-06-23,1972,2023-05-24,2024,1239,NA,3,5,6,1972,0,0,0,NA,0,NA,HAWTHORNE BL,TORRANCE BL,150,N,N,A,-,Y,LA,7,107,-,-,2.28,H,-,N,N,4,0,1,2,A,-,04,21703,NA,N,C,C,A,-,H,-,C,A,0,NA,NA,NA,NA,Y,NA,A,NA,0,0,1,0,0,0,0,0,0,-,-,NA,NA,LOS ANGELES,TORRANCE,-118.35356903076172,33.83797836303711
9569186,2023,2023-06-21,1956,2023-05-01,1638,1384,NA,1,5,5,1956,0,0,0,NA,0,NA,PACIFIC COAST HWY,KNOB HILL AV,0,NA,Y,A,-,Y,LA,7,1,-,-,18.871,I,5,S,Y,3,0,2,2,A,-,09,21801,A,N,A,C,A,A,H,-,A,A,0,NA,NA,NA,NA,Y,NA,A,01,0,1,1,0,0,0,0,0,0,-,-,33.82883834838867,-118.38552856445313,LOS ANGELES,REDONDO BEACH,-118.38553619384766,33.82886505126953
9569190,2023,2023-07-03,1956,2023-05-11,1840,1398,1,4,5,5,1956,0,0,0,NA,0,002,RUBY ST,PACIFIC COAST HWY,96,E,N,A,-,Y,LA,7,1,-,-,19.271,I,6,N,Y,3,0,1,2,A,-,08,22107,NA,N,C,E,A,A,H,-,A,A,0,NA,NA,NA,NA,Y,Y,A,01,0,1,0,0,0,0,0,0,0,-,-,33.83477020263672,-118.38516235351564,LOS ANGELES,REDONDO BEACH,-118.38515472412108,33.834716796875
9569193,2023,2023-06-14,1953,2023-05-19,1127,0211,1953,5,5,6,1953,0,0,0,NA,0,005,RAYMOND AV,UNION ST,0,NA,Y,A,-,N,NA,NA,NA,NA,NA,NA,NA,NA,NA,Y,4,0,1,2,A,-,12,21453,NA,M,D,C,A,A,H,-,A,A,0,NA,NA,NA,NA,Y,NA,A,01,0,0,1,0,0,0,0,0,0,-,-,NA,NA,LOS ANGELES,PASADENA,-118.1489028930664,34.14677429199219
9569194,2023,2023-06-23,1956,2023-05-24,1748,1398,NA,3,5,5,1956,0,0,0,NA,0,005,INGLEWOOD AV,182ND ST,420,N,N,A,-,N,NA,NA,NA,NA,NA,NA,NA,NA,NA,Y,3,0,1,2,A,-,03,22350,NA,N,C,C,A,A,H,-,A,D,0,NA,NA,NA,NA,Y,NA,A,01,0,1,0,0,0,0,0,0,0,-,-,33.86558151245117,-118.36122131347656,LOS ANGELES,REDONDO BEACH,-118.36119079589844,33.86667251586914
9569195,2023,2023-07-03,1900,2023-05-12,1859,656786,1012,5,5,3,1995,0,0,0,NA,0,101A,RT 1,KANAN DUME RD,20,E,N,A,-,Y,LA,7,1,-,-,54,H,-,N,Y,2,0,1,2,A,-,03,22350,NA,N,B,C,A,A,H,-,A,A,0,NA,NA,NA,NA,Y,NA,A,01,1,0,0,0,0,0,0,0,0,-,-,34.021461486816406,-118.80242156982422,LOS ANGELES,MALIBU,-118.80230712890624,34.0214729309082
9569196,2023,2023-06-23,1900,2023-04-24,1445,4302751,5161,1,5,5,1954,0,0,0,NA,0,51T1,ROSEMEAD BL,TERRADELL ST,167,S,N,A,-,N,NA,NA,NA,NA,NA,NA,NA,NA,NA,N,4,0,1,2,A,-,03,22350,NA,N,C,C,A,A,H,-,A,D,0,NA,NA,NA,NA,Y,NA,A,07,0,0,1,0,0,0,0,0,0,-,-,33.9630012512207,-118.10910034179688,LOS ANGELES,PICO RIVERA,-118.10882568359376,33.96329879760742