CASE_ID,ACCIDENT_YEAR,PROC_DATE,JURIS,COLLISION_DATE,COLLISION_TIME,OFFICER_ID,REPORTING_DISTRICT,DAY_OF_WEEK,CHP_SHIFT,POPULATION,CNTY_CITY_LOC,SPECIAL_COND,BEAT_TYPE,CHP_BEAT_TYPE,CITY_DIVISION_LAPD,CHP_BEAT_CLASS,BEAT_NUMBER,PRIMARY_RD,SECONDARY_RD,DISTANCE,DIRECTION,INTERSECTION,WEATHER_1,WEATHER_2,STATE_HWY_IND,CALTRANS_COUNTY,CALTRANS_DISTRICT,STATE_ROUTE,ROUTE_SUFFIX,POSTMILE_PREFIX,POSTMILE,LOCATION_TYPE,RAMP_INTERSECTION,SIDE_OF_HWY,TOW_AWAY,COLLISION_SEVERITY,NUMBER_KILLED,NUMBER_INJURED,PARTY_COUNT,PRIMARY_COLL_FACTOR,PCF_CODE_OF_VIOL,PCF_VIOL_CATEGORY,PCF_VIOLATION,PCF_VIOL_SUBSECTION,HIT_AND_RUN,TYPE_OF_COLLISION,MVIW,PED_ACTION,ROAD_SURFACE,ROAD_COND_1,ROAD_COND_2,LIGHTING,CONTROL_DEVICE,CHP_ROAD_TYPE,PEDESTRIAN_ACCIDENT,BICYCLE_ACCIDENT,MOTORCYCLE_ACCIDENT,TRUCK_ACCIDENT,NOT_PRIVATE_PROPERTY,ALCOHOL_INVOLVED,STWD_VEHTYPE_AT_FAULT,CHP_VEHTYPE_AT_FAULT,COUNT_SEVERE_INJ,COUNT_VISIBLE_INJ,COUNT_COMPLAINT_PAIN,COUNT_PED_KILLED,COUNT_PED_INJURED,COUNT_BICYCLIST_KILLED,COUNT_BICYCLIST_INJURED,COUNT_MC_KILLED,COUNT_MC_INJURED,PRIMARY_RAMP,SECONDARY_RAMP,LATITUDE,LONGITUDE,COUNTY,CITY,POINT_X,POINT_Y
9569199,2023,2023-07-07,1900,2023-05-22,1241,635554,1016,1,5,3,1995,0,0,0,NA,0,101T4,RT 1,RAMBLA PACIFICO ST,1742,W,N,B,-,Y,LA,7,1,-,-,44.5,H,-,S,N,4,0,1,2,A,-,08,22105,NA,N,D,C,A,A,H,-,A,D,0,NA,NA,NA,NA,Y,NA,A,07,0,0,1,0,0,0,0,0,0,-,-,34.03813171386719,-118.64251708984376,LOS ANGELES,MALIBU,-118.64214324951172,34.03803253173828
9569224,2023,2023-06-21,1900,2023-05-12,2134,648663,1123,5,5,6,1992,0,0,0,NA,0,111T1,SIERRA HWY,AVENUE J-12,805,S,N,A,-,N,NA,NA,NA,NA,NA,NA,NA,NA,NA,Y,3,0,3,2,A,-,08,22107,NA,N,B,C,A,A,H,-,C,D,0,NA,NA,NA,NA,Y,NA,A,01,0,1,2,0,0,0,0,0,0,-,-,NA,NA,LOS ANGELES,LANCASTER,-118.13479614257813,34.68728256225586
9569226,2023,2023-07-07,1920,2023-05-09,27,14050,1920,2,5,6,1920,0,0,0,NA,0,006,LAKEWOOD BL,RT 105,0,NA,Y,A,-,Y,LA,7,105,-,R,15.579,R,3,W,Y,4,0,1,1,A,-,03,22350,NA,N,F,A,A,A,H,-,C,D,0,NA,NA,Y,NA,Y,NA,C,02,0,0,1,0,0,0,0,0,1,-,-,NA,NA,LOS ANGELES,DOWNEY,-118.14369201660156,33.91319274902344
9569228,2023,2023-06-21,1900,2023-04-12,802,660059,1123,3,5,6,1992,0,0,0,NA,0,111D,SIERRA HWY,AVENUE J-8,0,NA,Y,A,-,N,NA,NA,NA,NA,NA,NA,NA,NA,NA,Y,2,0,3,2,A,-,09,21802,A,N,D,C,A,A,H,-,A,D,0,NA,NA,NA,NA,Y,NA,A,01,1,0,2,0,0,0,0,0,0,-,-,NA,NA,LOS ANGELES,LANCASTER,-118.1340103149414,34.682167053222656
9569230,2023,2023-06-28,1920,2023-05-16,1459,14050,1920,2,5,6,1920,0,0,0,NA,0,001,LAKEWOOD BL,BELLFLOWER BL,0,NA,Y,A,-,N,NA,NA,NA,NA,NA,NA,NA,NA,NA,Y,4,0,1,2,A,-,12,21453,A,N,D,C,A,A,H,-,A,A,0,NA,NA,NA,NA,Y,NA,A,01,0,0,1,0,0,0,0,0,0,-,-,NA,NA,LOS ANGELES,DOWNEY,-118.12548828125,33.93339157104492
9569232,2023,2023-06-23,1900,2023-05-10,1820,648663,1123,3,5,6,1992,0,0,0,NA,0,111T1,SIERRA HWY,AVENUE K,580,N,N,A,-,N,NA,NA,NA,NA,NA,NA,NA,NA,NA,N,4,0,1,3,A,-,03,22350,NA,M,B,C,A,A,H,-,B,D,0,NA,NA,NA,NA,Y,NA,A,01,0,0,1,0,0,0,0,0,0,-,-,NA,NA,LOS ANGELES,LANCASTER,-118.13315582275392,34.67655944824219
9569234,2023,2023-06-28,1920,2023-05-17,1846,14050,1920,3,5,6,1920,0,0,0,NA,0,002,FIRESTONE BL,WILEY BURKE AV,0,NA,Y,A,-,N,NA,NA,NA,NA,NA,NA,NA,NA,NA,Y,4,0,2,2,A,-,09,21801,A,N,C,C,A,A,H,-,A,D,0,NA,NA,NA,NA,Y,NA,A,01,0,0,2,0,0,0,0,0,0,-,-,NA,NA,LOS ANGELES,DOWNEY,-118.14517974853516,33.946678161621094
9569244,2023,2023-06-29,1976,2023-05-13,358,465,NA,6,5,3,1964,0,0,0,NA,0,NA,CARMENITA RD,RT 5,0,NA,Y,A,-,Y,LA,7,5,-,-,2.604,R,4,N,Y,3,0,3,2,A,-,12,21453,A,N,D,C,A,A,H,-,C,A,0,NA,NA,NA,NA,Y,NA,A,07,0,2,1,0,0,0,0,0,0,-,FR,NA,NA,LOS ANGELES,SANTA FE SPRINGS,-118.04940795898438,33.8952522277832
9569248,2023,2023-06-21,1905,2023-03-10,1539,1198,441,5,5,4,1905,0,0,0,NA,0,001,W ARROW HWY,AZUSA AV,340,W,N,C,-,N,NA,NA,NA,NA,NA,NA,NA,NA,NA,Y,4,0,1,2,A,-,09,21801,A,N,B,C,A,B,H,-,A,D,0,NA,NA,NA,NA,Y,NA,A,01,0,0,1,0,0,0,0,0,0,-,-,34.10675048828125,-117.90756988525392,LOS ANGELES,AZUSA,-117.90872192382813,34.10679244995117
9569254,2023,2023-07-03,1900,2023-06-03,1158,669715,1013,6,5,3,1995,0,0,0,NA,0,101,RT 1,WEST WINGING WY,660,E,N,A,-,Y,LA,7,1,-,-,52.69,H,-,N,N,3,0,1,2,A,-,08,22107,NA,N,C,C,A,A,H,-,A,D,0,NA,NA,Y,NA,Y,NA,A,01,0,1,0,0,0,0,0,0,1,-,-,34.02558135986328,-118.77259063720705,LOS ANGELES,MALIBU,-118.78148651123048,34.02556610107422
9569255,2023,2023-06-23,1941,2023-05-11,2016,10125,EAST,4,5,7,1941,0,0,0,NA,0,015,E WILLOW ST,PALO VERDE AV,0,NA,Y,A,-,N,NA,NA,NA,NA,NA,NA,NA,NA,NA,Y,4,0,2,2,A,-,17,21451,A,N,D,C,A,A,H,-,C,A,0,NA,NA,NA,NA,Y,NA,A,01,0,0,2,0,0,0,0,0,0,-,-,33.803218841552734,-118.10791778564452,LOS ANGELES,LONG BEACH,-118.1079330444336,33.80329895019531
9569259,2023,2023-06-23,1941,2023-04-23,1802,11543,WEST,7,5,7,1941,0,0,0,NA,0,004,GOLDEN AV,W PACIFIC COAST HWY,0,NA,Y,A,-,Y,LA,7,1,-,-,7.021,I,5,N,Y,4,0,2,2,D,-,00,NA,NA,N,D,C,A,A,H,-,A,A,0,NA,NA,NA,NA,Y,NA,-,-,0,0,2,0,0,0,0,0,0,-,-,33.789939880371094,-118.20242309570313,LOS ANGELES,LONG BEACH,-118.20243072509766,33.790008544921875
9569272,2023,2023-06-29,1942,2023-05-18,2200,45198,9999,4,5,7,1942,0,0,0,NA,0,6A49W3,ARGYLE AV,YUCCA ST,0,N,N,A,-,Y,LA,7,101,-,-,6.949,R,4,S,N,3,0,1,2,A,-,10,21950,A,F,G,B,B,A,H,-,C,A,0,Y,NA,NA,NA,Y,NA,-,99,0,1,0,0,1,0,0,0,0,-,-,NA,NA,LOS ANGELES,LOS ANGELES,-118.32298278808594,34.1042594909668
9569274,2023,2023-06-23,1941,2023-04-24,1351,11428,WEST,1,5,7,1941,0,0,0,NA,0,002,W PACIFIC COAST HWY,TECHNOLOGY PL,0,NA,Y,A,-,Y,LA,7,1,-,-,8.121,I,5,N,Y,4,0,2,2,A,-,08,22107,NA,N,D,C,A,A,H,-,A,A,0,NA,NA,NA,NA,Y,NA,A,01,0,0,2,0,0,0,0,0,0,-,-,33.789859771728516,-118.22139739990234,LOS ANGELES,LONG BEACH,-118.22139739990234,33.789913177490234
9569276,2023,2023-06-28,1942,2023-05-18,2124,31466,0892,4,5,7,1942,0,0,0,H,0,8A14,SAWTELLE BL,PEARL ST,30,S,N,A,-,N,NA,NA,NA,NA,NA,NA,NA,NA,NA,Y,4,0,2,2,A,-,09,21802,A,N,B,C,A,A,H,-,C,A,0,NA,NA,NA,NA,Y,NA,A,01,0,0,2,0,0,0,0,0,0,-,-,NA,NA,LOS ANGELES,LOS ANGELES,-118.43659210205078,34.03276443481445
9569280,2023,2023-06-29,1942,2023-05-06,5,42286,0811,6,5,7,1942,0,0,0,H,0,27T33W,PACIFIC COAST HWY,PORTO MARINA WY,835,NA,N,-,-,Y,LA,7,1,-,-,39.81,H,-,S,N,3,0,1,2,A,-,11,21954,A,F,G,B,E,A,H,-,C,D,0,Y,NA,NA,NA,Y,NA,-,99,0,1,0,0,1,0,0,0,0,-,-,NA,NA,LOS ANGELES,LOS ANGELES,-118.56337738037108,34.041099548339844
9569281,2023,2023-06-28,1942,2023-05-11,707,34959,0839,4,5,7,1942,0,0,0,H,0,27T29W,CENTURY PARK W,SANTA MONICA BL,0,NA,Y,B,-,N,NA,NA,NA,NA,NA,NA,NA,NA,NA,N,3,0,1,2,A,-,11,21456,C,N,G,B,C,A,H,-,A,A,0,Y,NA,NA,NA,Y,NA,A,07,0,1,0,0,1,0,0,0,0,-,-,NA,NA,LOS ANGELES,LOS ANGELES,-118.4213638305664,34.059139251708984
9569283,2023,2023-06-29,1900,2023-06-04,1430,519514,2607,7,5,6,1950,0,0,0,NA,0,262T1,RT 138,MARKET PL,101,N,N,A,-,Y,LA,7,138,-,-,48.7,H,-,E,Y,4,0,4,2,A,-,03,22350,NA,N,C,C,A,A,H,-,A,A,0,NA,NA,NA,NA,Y,NA,A,01,0,0,4,0,0,0,0,0,0,-,-,34.57630157470703,-118.04509735107422,LOS ANGELES,PALMDALE,-118.04513549804688,34.57643127441406
9569287,2023,2023-06-28,1900,2023-06-08,1920,529488,0973,4,5,4,1979,0,0,0,NA,0,93B,FORMOSA AV,SANTA MONICA BL,200,S,N,A,-,N,NA,NA,NA,NA,NA,NA,NA,NA,NA,Y,3,0,3,4,A,-,08,22107,NA,N,B,C,A,A,H,-,B,D,0,NA,NA,NA,NA,Y,NA,A,01,0,3,0,0,0,0,0,0,0,-,-,34.090091705322266,-118.3462371826172,LOS ANGELES,WEST HOLLYWOOD,-118.34625244140624,34.09016036987305
9569289,2023,2023-06-28,1910,2023-06-06,2155,04824,NA,2,5,4,1910,0,0,0,NA,0,005,SOUTH SANTA MONICA BL,N BEVERLY DR,0,NA,Y,A,-,N,NA,NA,NA,NA,NA,NA,NA,NA,NA,Y,3,0,3,2,A,-,01,23153,A,F,D,C,A,A,H,-,C,A,0,NA,NA,NA,NA,Y,Y,A,01,0,2,1,0,0,0,0,0,0,-,-,NA,NA,LOS ANGELES,BEVERLY HILLS,-118.40328979492188,34.0713005065918
9569291,2023,2023-06-29,1972,2023-06-05,1651,21239,NA,1,5,6,1972,0,0,0,NA,0,NA,WESTERN AV,WESTERN WY,100,N,N,A,-,Y,LA,7,213,-,-,9.28,H,-,S,Y,4,0,2,4,A,-,03,22350,NA,N,C,C,A,A,H,-,A,A,0,NA,NA,NA,NA,Y,NA,A,NA,0,0,2,0,0,0,0,0,0,-,-,NA,NA,LOS ANGELES,TORRANCE,-118.3094482421875,33.84999084472656
9569293,2023,2023-06-29,1905,2023-06-09,1656,1186,111,5,5,4,1905,0,0,0,NA,0,002,N SAN GABRIEL CANYON RD,N SAN GABRIEL CANYON RD 2350,94,N,N,A,-,Y,LA,7,39,-,-,17.99,H,-,N,Y,2,0,1,1,A,-,03,22350,NA,N,A,I,A,A,H,-,A,A,0,NA,NA,NA,NA,Y,NA,A,01,1,0,0,0,0,0,0,0,0,-,-,34.16307067871094,-117.89112854003906,LOS ANGELES,AZUSA,-117.89215850830078,34.16435241699219
9569295,2023,2023-06-29,1972,2023-06-08,1716,21239,NA,4,5,6,1972,0,0,0,NA,0,NA,PACIFIC COAST HWY,DENNY RD,150,E,N,A,-,Y,LA,7,1,-,-,14.95,H,-,S,Y,3,0,1,2,A,-,09,21801,A,N,D,C,A,A,H,-,A,A,0,NA,NA,NA,NA,Y,NA,A,NA,0,1,0,0,0,0,0,0,0,-,-,NA,NA,LOS ANGELES,TORRANCE,-118.33773040771484,33.79536056518555
9569299,2023,2023-07-03,1972,2023-06-01,1457,21234,NA,4,5,6,1972,0,0,0,NA,0,NA,WESTERN AV,SEPULVEDA BL,100,N,N,A,-,Y,LA,7,213,-,-,7.03,H,-,S,N,4,0,1,2,-,-,-,NA,B,N,G,B,E,A,H,-,A,A,0,Y,NA,NA,NA,Y,Y,N,NA,0,0,1,0,1,0,0,0,0,-,-,NA,NA,LOS ANGELES,TORRANCE,-118.3089599609375,33.81757736206055
9569303,2023,2023-07-14,1941,2023-03-25,1348,11001,NORTH,6,5,7,1941,0,0,0,NA,0,023,RT 710,LONG BEACH BL,0,NA,Y,A,-,Y,LA,7,710,-,-,11.819,R,4,N,Y,3,0,3,2,D,-,00,NA,NA,N,D,C,A,A,H,-,A,A,0,NA,NA,NA,NA,Y,NA,-,-,0,2,1,0,0,0,0,0,0,-,-,33.862640380859375,-118.19928741455078,LOS ANGELES,LONG BEACH,-118.2009048461914,33.86003112792969
9569318,2023,2023-07-11,1900,2023-01-29,1334,606099,0974,7,5,4,1979,0,0,0,NA,0,92T1,SANTA MONICA BL,MARTEL AV,56,W,N,A,-,N,NA,NA,NA,NA,NA,NA,NA,NA,NA,N,4,0,1,2,A,-,04,21703,NA,F,C,C,A,A,H,-,A,A,0,NA,NA,NA,NA,Y,NA,A,01,0,0,1,0,0,0,0,0,0,-,-,34.09075164794922,-118.35137176513672,LOS ANGELES,WEST HOLLYWOOD,-118.3512954711914,34.09077072143555
9569326,2023,2023-07-14,1900,2023-05-27,847,615106,2611,6,5,6,1950,0,0,0,NA,0,262T1,RT 138,5TH ST EAST,390,W,N,A,-,Y,LA,7,138,-,-,44.1,H,-,E,N,4,0,2,2,A,-,09,21804,A,N,D,C,A,A,H,-,A,D,0,NA,NA,NA,NA,Y,NA,A,01,0,0,2,0,0,0,0,0,0,-,-,34.579769134521484,-118.12213897705078,LOS ANGELES,PALMDALE,-118.12218475341795,34.579769134521484
9569338,2023,2023-07-14,1909,2023-05-07,1649,622,1909,7,5,4,1909,0,0,0,NA,0,NORTH,FLORENCE AV,IRA AV,0,NA,Y,A,-,N,NA,NA,NA,NA,NA,NA,NA,NA,NA,N,3,0,2,2,A,-,09,21804,A,N,D,C,A,A,H,-,A,A,0,NA,NA,NA,NA,Y,NA,A,01,0,1,1,0,0,0,0,0,0,-,-,33.96691131591797,-118.15595245361328,LOS ANGELES,BELL GARDENS,-118.15596771240234,33.966880798339844
9569350,2023,2023-06-29,1900,2023-06-02,1155,615106,2611,5,5,6,1950,0,0,0,NA,0,262T1,RT 138,RT 14,328,E,N,A,-,Y,LA,7,138,-,-,36.87,H,-,E,Y,3,0,2,1,A,-,08,22107,NA,N,E,I,A,-,H,-,A,D,0,NA,NA,NA,NA,Y,NA,A,01,0,1,1,0,0,0,0,0,0,-,SO,34.581390380859375,-118.13397979736328,LOS ANGELES,PALMDALE,-118.17072296142578,34.776947021484375
9569354,2023,2023-06-22,1900,2023-06-02,2315,625597,2619,5,5,6,1950,0,0,0,NA,0,263T1,SIERRA HWY,AVENUE O,1171,N,N,A,-,N,NA,NA,NA,NA,NA,NA,NA,NA,NA,Y,4,0,1,4,A,-,01,23152,A,N,B,E,A,A,H,-,D,D,0,NA,NA,NA,NA,Y,Y,A,01,0,0,1,0,0,0,0,0,0,-,-,34.620689392089844,-118.12429809570313,LOS ANGELES,PALMDALE,-118.124267578125,34.620521545410156
9569358,2023,2023-06-29,1900,2023-06-03,210,625597,2610,6,5,6,1950,0,0,0,NA,0,262T1,SIERRA HWY,PALMDALE BL,0,NA,Y,A,-,Y,LA,7,138,-,-,44.424,I,5,E,Y,4,0,2,2,A,-,01,23152,A,N,D,C,A,-,H,-,C,A,0,NA,NA,NA,NA,Y,Y,A,01,0,0,2,0,0,0,0,0,0,-,-,34.579498291015625,-118.11640167236328,LOS ANGELES,PALMDALE,-118.1165771484375,34.57945251464844
9569362,2023,2023-06-30,1900,2023-05-28,2316,656366,1012,7,5,3,1995,0,0,0,NA,0,101A,RT 10,MORNING VIEW DR,15840,E,N,A,-,Y,LA,7,1,-,-,55.36,H,-,S,NA,3,0,2,2,A,-,03,22350,NA,N,C,E,A,A,H,-,D,D,0,NA,NA,NA,NA,Y,NA,A,07,0,1,1,0,0,0,0,0,0,-,-,34.0169792175293,-118.8238525390625,LOS ANGELES,MALIBU,-118.82391357421876,34.01715087890625
9569366,2023,2023-06-30,1900,2023-05-29,1520,517840,1018,1,5,3,1995,0,0,0,NA,0,101T3,RT 1,TOPANGA CANYON BL,184800,W,N,A,-,Y,LA,7,1,-,-,41.12,H,-,S,Y,4,0,1,2,A,-,09,21804,A,N,D,C,A,A,H,-,A,D,0,NA,NA,NA,NA,Y,NA,A,01,0,0,1,0,0,0,0,0,0,-,-,34.03873062133789,-118.5851821899414,LOS ANGELES,MALIBU,-118.58521270751952,34.038726806640625
9569378,2023,2023-07-05,1944,2023-05-23,820,383,M26,2,5,4,1944,0,0,0,NA,0,0M1,SEPULVEDA BL,KEATS ST,0,NA,Y,A,-,Y,LA,7,1,-,-,22.091,I,5,N,Y,3,0,4,2,A,-,09,21801,A,N,D,C,A,A,H,-,A,A,0,NA,NA,NA,NA,Y,NA,A,07,0,3,1,0,0,0,0,0,0,-,-,NA,NA,LOS ANGELES,MANHATTAN BEACH,-118.39592742919922,33.8754768371582
9569388,2023,2023-06-27,1900,2023-05-12,1432,6T1322,0460,5,5,4,1936,0,0,0,NA,0,46K1,IMPERIAL HWY,LA MIRADA BL,4,W,N,A,-,N,NA,NA,NA,NA,NA,NA,NA,NA,NA,N,4,0,1,2,A,-,11,21453,D,N,G,B,B,A,H,-,A,A,0,Y,NA,NA,NA,Y,NA,N,60,0,0,1,0,1,0,0,0,0,-,-,33.917049407958984,-118.01207733154295,LOS ANGELES,LA MIRADA,-118.01200103759766,33.91712951660156
9569392,2023,2023-07-05,1938,2023-05-26,2148,733,AREA2,5,5,4,1938,0,0,0,NA,0,002,FOOTHILL BL,CHELSEA DR,0,NA,Y,A,-,Y,LA,7,66,-,-,1.07,H,-,E,Y,3,0,1,2,A,-,01,23153,A,N,C,C,A,A,H,-,C,A,0,NA,NA,NA,NA,Y,Y,A,01,0,1,0,0,0,0,0,0,0,-,-,NA,NA,LOS ANGELES,LA VERNE,-117.77245330810548,34.11572265625
9569397,2023,2023-06-22,1920,2023-05-19,1722,14270,1920,5,5,6,1920,0,0,0,NA,0,001,IMPERIAL HWY,DUNROBIN AV,0,NA,Y,A,-,N,NA,NA,NA,NA,NA,NA,NA,NA,NA,N,3,0,3,2,A,-,09,21801,A,N,D,C,A,A,H,-,A,A,0,NA,NA,NA,NA,Y,NA,A,01,0,1,2,0,0,0,0,0,0,-,-,NA,NA,LOS ANGELES,DOWNEY,-118.1210708618164,33.9168586730957
9569401,2023,2023-06-23,1920,2023-05-25,600,13299,1920,4,5,6,1920,0,0,0,NA,0,001,IMPERIAL HWY,WOODRUFF AV,0,NA,Y,B,-,N,NA,NA,NA,NA,NA,NA,NA,NA,NA,Y,4,0,2,2,A,-,08,22107,NA,N,B,C,A,A,H,-,A,A,0,NA,NA,NA,NA,Y,NA,A,07,0,0,2,0,0,0,0,0,0,-,-,NA,NA,LOS ANGELES,DOWNEY,-118.11686706542967,33.9168586730957
9569402,2023,2023-07-05,1941,2023-05-20,1248,10125,NORTH,6,5,7,1941,0,0,0,NA,0,022,ATLANTIC AV,HARDING ST,0,N,N,A,-,N,NA,NA,NA,NA,NA,NA,NA,NA,NA,Y,4,0,1,2,A,-,03,22350,NA,N,C,C,A,A,H,-,A,A,0,NA,NA,NA,NA,Y,NA,A,07,0,0,1,0,0,0,0,0,0,-,-,35.8673210144043,-118.18527221679688,LOS ANGELES,LONG BEACH,-118.1855239868164,33.867279052734375
9569406,2023,2023-07-07,1941,2023-05-17,807,11380,EAST,3,5,7,1941,0,0,0,NA,0,013,EAST PACIFIC COAST HWY,BELLFLOWER,0,NA,N,B,-,Y,LA,7,1,-,-,1.79,H,-,N,Y,4,0,1,2,A,-,08,22107,NA,N,D,D,A,A,H,-,A,D,0,NA,NA,NA,NA,Y,NA,A,01,0,0,1,0,0,0,0,0,0,-,-,33.77350997924805,-118.12020874023438,LOS ANGELES,LONG BEACH,-118.12004089355467,33.77346420288086
9569433,2023,2023-06-30,1941,2023-04-14,1256,11803,EAST,5,5,7,1941,0,0,0,NA,0,011,EAST PACIFIC COAST HWY,JUNIPERO AV,12,W,N,A,-,Y,LA,7,1,-,-,4.78,H,-,S,N,3,0,3,2,A,-,03,22350,NA,N,C,C,A,A,H,-,A,A,0,NA,NA,NA,NA,Y,NA,A,01,0,3,0,0,0,0,0,0,0,-,-,33.78961181640625,-118.16332244873048,LOS ANGELES,LONG BEACH,-118.16350555419922,33.78980255126953
9569445,2023,2023-07-14,1953,2023-05-17,635,7899,PASAD,3,5,6,1953,0,0,0,NA,0,002,FAIR OAKS AV,WASHINGTON BL,50,N,N,A,-,N,NA,NA,NA,NA,NA,NA,NA,NA,NA,N,4,0,1,2,A,-,04,21703,NA,N,C,C,A,A,H,-,A,D,0,NA,NA,NA,NA,Y,NA,A,01,0,0,1,0,0,0,0,0,0,-,-,NA,NA,LOS ANGELES,PASADENA,-118.15068817138672,34.168968200683594
9569449,2023,2023-07-20,1942,2023-05-26,1045,41704,0519,5,5,7,1942,0,0,0,E,0,25MQ57,PACIFIC COAST HWY,COIL AV,0,NA,Y,B,-,Y,LA,7,1,-,-,9.451,I,5,S,Y,3,0,1,2,A,-,09,21801,A,N,B,C,A,A,H,-,A,D,0,NA,NA,NA,NA,Y,NA,A,07,0,1,0,0,0,0,0,0,0,-,-,NA,NA,LOS ANGELES,LOS ANGELES,-118.2441177368164,33.79104995727539
9569453,2023,2023-07-13,1942,2023-05-20,2230,38357,0318,6,5,7,1942,0,0,0,C,0,25T322,HOOVER ST,22ND ST,160,N,N,A,-,Y,LA,7,10,-,-,14.129,R,4,E,N,2,0,1,2,D,-,00,NA,NA,F,H,J,A,A,H,-,C,D,0,NA,NA,NA,NA,Y,NA,-,-,1,0,0,0,0,0,0,0,0,-,-,NA,NA,LOS ANGELES,LOS ANGELES,-118.28618621826172,34.03680419921875
9569454,2023,2023-07-14,1941,2023-02-09,1815,5755,EAST,4,5,7,1941,0,0,0,NA,0,012,EAST PACIFIC COAST HWY,E 8TH ST,0,NA,Y,A,-,Y,LA,7,1,-,-,2.21,H,-,S,Y,4,0,2,2,A,-,03,22350,NA,N,C,C,A,A,H,-,C,D,0,NA,NA,NA,NA,Y,NA,A,07,0,0,2,0,0,0,0,0,0,-,-,33.77714157104492,-118.12519073486328,LOS ANGELES,LONG BEACH,-118.12548828125,33.77729415893555
9569457,2023,2023-07-12,1942,2023-05-20,1200,41747,03162,6,5,7,1942,0,0,0,C,0,5TL23,WESTERN AV,22ND ST,200,N,N,A,-,N,NA,NA,NA,NA,NA,NA,NA,NA,NA,N,3,0,1,2,A,-,11,21954,A,N,G,B,D,A,H,-,A,A,0,Y,NA,NA,NA,Y,NA,N,60,0,1,0,0,1,0,0,0,0,-,-,NA,NA,LOS ANGELES,LOS ANGELES,-118.30892181396484,34.0368766784668
9569458,2023,2023-07-21,1941,2023-04-16,1657,11001,NORTH,7,5,7,1941,0,0,0,NA,0,023,E ARTESIA BL,RT 710,0,NA,Y,A,-,Y,LA,7,710,-,-,12.892,R,4,N,Y,4,0,1,2,A,-,12,21453,A,N,D,C,A,A,H,-,A,A,0,NA,NA,NA,NA,Y,NA,A,07,0,0,1,0,0,0,0,0,0,-,NF,33.874351501464844,-118.19332122802734,LOS ANGELES,LONG BEACH,-118.1933364868164,33.874351501464844
9569465,2023,2023-07-13,1976,2023-06-01,809,219,NA,4,5,5,1976,0,0,0,NA,0,003,CALMADA AV,WHITTIER BL,0,NA,Y,B,-,Y,LA,7,72,-,-,2.848,I,6,S,N,4,0,1,2,A,-,03,22350,NA,N,C,C,A,A,H,-,A,A,0,NA,NA,NA,NA,Y,NA,A,01,0,0,1,0,0,0,0,0,0,-,-,NA,NA,LOS ANGELES,WHITTIER,-118.0212173461914,33.95652770996094
9569466,2023,2023-07-11,1941,2023-05-06,1837,11533,EAST,6,5,7,1941,0,0,0,NA,0,012,MIRAMAR AV,ANAHEIM ST,0,NA,Y,A,-,N,NA,NA,NA,NA,NA,NA,NA,NA,NA,Y,4,0,1,3,A,-,09,21804,A,N,A,C,A,A,H,-,A,D,0,NA,NA,NA,NA,Y,Y,A,01,0,0,1,0,0,0,0,0,0,-,-,33.78260040283203,-118.14752960205078,LOS ANGELES,LONG BEACH,-118.14756011962892,33.782596588134766
9569469,2023,2023-07-13,1976,2023-06-02,1331,208,NA,5,5,5,1976,0,0,0,NA,0,002,WHITTIER BL,WESTERN AV,48,W,N,A,-,Y,LA,7,72,-,-,5.66,H,-,N,N,2,0,1,1,A,-,08,22107,NA,N,F,A,A,A,H,-,A,D,0,NA,NA,NA,NA,Y,NA,M,94,1,0,0,0,0,0,0,0,0,-,-,NA,NA,LOS ANGELES,WHITTIER,-118.05567932128906,33.98427200317383
9569473,2023,2023-07-13,1976,2023-06-01,1106,219,NA,4,5,5,1976,0,0,0,NA,0,002,WHITTIER BL,PHILADELPHIA ST,0,NA,Y,A,-,Y,LA,7,72,-,-,5.146,I,5,N,Y,4,0,2,2,A,-,12,21453,A,N,D,C,A,A,H,-,A,A,0,NA,NA,NA,NA,Y,NA,A,07,0,0,2,0,0,0,0,0,0,-,-,NA,NA,LOS ANGELES,WHITTIER,-118.04934692382813,33.97905731201172
9569477,2023,2023-07-13,1976,2023-06-05,720,597,NA,1,5,5,1976,0,0,0,NA,0,NA,WHITTIER BL,PAINTER AV,140,W,N,C,-,Y,LA,7,72,-,-,3.7,H,-,N,N,4,0,1,2,A,-,03,22350,NA,N,C,C,A,B,-,-,A,D,0,NA,NA,NA,NA,Y,NA,A,07,0,0,1,0,0,0,0,0,0,-,-,NA,NA,LOS ANGELES,WHITTIER,-118.03341674804688,33.96360778808594
9569478,2023,2023-07-24,1941,2023-05-06,1801,11842,SOUTH,6,5,7,1941,0,0,0,NA,0,006,RT 710,SHORELINE DR,0,NA,N,A,-,Y,LA,7,710,-,-,6.28,H,-,S,Y,4,0,1,2,A,-,08,22107,NA,F,D,C,A,A,H,-,A,D,0,NA,NA,NA,NA,Y,NA,-,NA,0,0,1,0,0,0,0,0,0,-,-,33.76551055908203,-118.20185089111328,LOS ANGELES,LONG BEACH,-118.20789337158205,33.78115463256836
9569481,2023,2023-07-07,1953,2023-05-17,1317,7887,1953,3,5,6,1953,0,0,0,NA,0,004,PALOMA ST,PALOMA ST 2600,0,NA,-,A,-,N,NA,NA,NA,NA,NA,NA,NA,NA,NA,Y,3,0,3,2,A,-,05,21651,B,N,A,C,A,A,H,-,A,D,0,NA,NA,NA,NA,Y,NA,A,01,0,2,1,0,0,0,0,0,0,-,-,NA,NA,LOS ANGELES,PASADENA,-118.22403717041016,34.28512191772461