CASE_ID,ACCIDENT_YEAR,PROC_DATE,JURIS,COLLISION_DATE,COLLISION_TIME,OFFICER_ID,REPORTING_DISTRICT,DAY_OF_WEEK,CHP_SHIFT,POPULATION,CNTY_CITY_LOC,SPECIAL_COND,BEAT_TYPE,CHP_BEAT_TYPE,CITY_DIVISION_LAPD,CHP_BEAT_CLASS,BEAT_NUMBER,PRIMARY_RD,SECONDARY_RD,DISTANCE,DIRECTION,INTERSECTION,WEATHER_1,WEATHER_2,STATE_HWY_IND,CALTRANS_COUNTY,CALTRANS_DISTRICT,STATE_ROUTE,ROUTE_SUFFIX,POSTMILE_PREFIX,POSTMILE,LOCATION_TYPE,RAMP_INTERSECTION,SIDE_OF_HWY,TOW_AWAY,COLLISION_SEVERITY,NUMBER_KILLED,NUMBER_INJURED,PARTY_COUNT,PRIMARY_COLL_FACTOR,PCF_CODE_OF_VIOL,PCF_VIOL_CATEGORY,PCF_VIOLATION,PCF_VIOL_SUBSECTION,HIT_AND_RUN,TYPE_OF_COLLISION,MVIW,PED_ACTION,ROAD_SURFACE,ROAD_COND_1,ROAD_COND_2,LIGHTING,CONTROL_DEVICE,CHP_ROAD_TYPE,PEDESTRIAN_ACCIDENT,BICYCLE_ACCIDENT,MOTORCYCLE_ACCIDENT,TRUCK_ACCIDENT,NOT_PRIVATE_PROPERTY,ALCOHOL_INVOLVED,STWD_VEHTYPE_AT_FAULT,CHP_VEHTYPE_AT_FAULT,COUNT_SEVERE_INJ,COUNT_VISIBLE_INJ,COUNT_COMPLAINT_PAIN,COUNT_PED_KILLED,COUNT_PED_INJURED,COUNT_BICYCLIST_KILLED,COUNT_BICYCLIST_INJURED,COUNT_MC_KILLED,COUNT_MC_INJURED,PRIMARY_RAMP,SECONDARY_RAMP,LATITUDE,LONGITUDE,COUNTY,CITY,POINT_X,POINT_Y
9569485,2023,2023-07-07,1942,2023-06-03,100,43432,1846,6,5,7,1942,0,0,0,R,0,25T35-,CENTRAL AV,IMPERIAL HWY,50,S,N,A,-,N,NA,NA,NA,NA,NA,NA,NA,NA,NA,N,2,0,1,2,A,-,11,21954,A,F,G,B,E,A,H,-,C,D,0,Y,NA,NA,NA,Y,NA,-,99,1,0,0,0,1,0,0,0,0,-,-,NA,NA,LOS ANGELES,LOS ANGELES,-118.25423431396484,33.9293327331543
9569486,2023,2023-07-18,1900,2023-06-13,1542,636465,0524,2,5,4,1971,0,0,0,NA,0,52T1PM,ROSEMEAD BL,SERENO DR,11,S,N,A,-,N,NA,NA,NA,NA,NA,NA,NA,NA,NA,Y,3,0,1,2,A,-,09,21802,A,N,D,C,A,A,H,-,A,A,0,NA,NA,NA,NA,Y,NA,A,07,0,1,0,0,0,0,0,0,0,-,-,34.09563064575195,-118.0734634399414,LOS ANGELES,TEMPLE CITY,-118.07337188720705,34.0955696105957
9569489,2023,2023-07-07,1942,2023-06-05,200,44977,1862,1,5,7,1942,0,0,0,R,0,18A63,FIGUEROA ST,IMPERIAL HWY,0,NA,-,A,-,N,NA,NA,NA,NA,NA,NA,NA,NA,NA,Y,3,0,1,1,A,-,03,22350,NA,N,E,I,A,A,H,-,C,D,0,NA,NA,NA,NA,Y,NA,A,01,0,1,0,0,0,0,0,0,0,-,-,NA,NA,LOS ANGELES,LOS ANGELES,-118.28260040283205,33.930999755859375
9569493,2023,2023-07-13,1942,2023-06-01,250,39397,0503,4,5,7,1942,0,0,0,E,0,25T37,PACIFIC COAST HWY,PINE CREEK TER,5,E,N,A,-,Y,LA,7,1,-,-,11.75,H,-,N,N,2,0,1,2,A,-,05,21202,A,N,C,G,A,A,H,-,D,A,0,NA,Y,NA,NA,Y,NA,L,04,1,0,0,0,0,0,1,0,0,-,-,NA,NA,LOS ANGELES,LOS ANGELES,-118.28443145751952,33.79092025756836
9569496,2022,2023-07-11,1941,2022-12-11,0000,11366,EAST,7,5,7,1941,0,0,0,NA,0,012,E PACIFIC COAST HY,XIMENO AV,0,NA,Y,F,-,Y,LA,7,1,-,-,3.27,H,-,N,N,2,0,1,2,D,-,00,NA,NA,F,C,C,A,B,H,-,A,A,0,NA,NA,NA,NA,Y,NA,-,-,1,0,0,0,0,0,0,0,0,-,-,33.78778839111328,-118.1395263671875,LOS ANGELES,LONG BEACH,-118.1392059326172,33.787662506103516
9569497,2023,2023-07-13,1942,2023-06-01,251,39397,0503,4,5,7,1942,0,0,0,E,0,25T37,PACIFIC COAST HWY,PINE CREEK TER,38,W,N,A,-,Y,LA,7,1,-,-,11.77,H,-,N,N,2,0,1,2,A,-,03,22350,NA,F,G,B,E,A,H,-,D,A,0,Y,NA,NA,NA,Y,NA,-,99,1,0,0,0,1,0,0,0,0,-,-,NA,NA,LOS ANGELES,LOS ANGELES,-118.28477478027344,33.79094696044922
9569500,2022,2023-07-11,1941,2022-12-11,1100,11241,WEST,7,5,7,1941,0,0,0,NA,0,004,E PACIFIC COAST HY,PINE AV,61,W,N,A,-,Y,LA,7,1,-,-,6.46,H,-,S,N,4,0,1,2,A,-,03,22350,NA,N,C,C,A,A,H,-,A,D,0,NA,NA,NA,NA,Y,NA,A,01,0,0,1,0,0,0,0,0,0,-,-,33.78987121582031,-118.19239044189452,LOS ANGELES,LONG BEACH,-118.1927490234375,33.78981018066406
9569517,2023,2023-07-10,1953,2023-06-14,1134,0350,PASAD,3,5,6,1953,0,0,0,NA,0,002,ORANGE GROVE BL,RAYMOND AV,0,NA,Y,A,-,N,NA,NA,NA,NA,NA,NA,NA,NA,NA,N,4,0,1,1,A,-,03,22350,NA,N,H,A,A,A,H,-,A,D,0,NA,NA,Y,NA,Y,NA,C,03,0,0,1,0,0,0,0,0,1,-,-,NA,NA,LOS ANGELES,PASADENA,-118.14901733398438,34.15781784057617
9569526,2023,2023-06-30,1900,2023-05-13,602,653926,0451,6,5,6,1949,0,0,0,NA,0,43K3,IMPERIAL HWY,STUDEBAKER RD,0,NA,Y,A,-,N,NA,NA,NA,NA,NA,NA,NA,NA,NA,N,4,0,1,2,A,-,12,21453,A,N,D,C,A,A,H,-,A,A,0,NA,NA,NA,NA,Y,NA,A,01,0,0,1,0,0,0,0,0,0,-,-,NA,NA,LOS ANGELES,NORWALK,-118.09931182861328,33.917022705078125
9569573,2023,2023-07-21,1941,2023-03-16,1342,11810,WEST,4,5,7,1941,0,0,0,NA,0,011,CHERRY AV,EAST PACIFIC COAST HWY,80,N,N,A,-,Y,LA,7,1,-,-,5.011,I,6,N,N,4,0,1,3,D,-,00,NA,NA,F,D,C,A,-,H,-,A,A,0,NA,NA,NA,NA,Y,NA,-,-,0,0,1,0,0,0,0,0,0,-,-,33.78984832763672,-118.16764831542967,LOS ANGELES,LONG BEACH,-118.16767120361328,33.7899169921875
9569592,2023,2023-07-18,1976,2023-05-24,45,565,NA,3,5,5,1976,0,0,0,NA,0,002,SANTA FE SPRINGS RD,MULBERRY DR,0,NA,Y,A,-,N,NA,NA,NA,NA,NA,NA,NA,NA,NA,Y,4,0,1,2,A,-,09,21801,A,F,D,C,A,A,H,-,C,A,0,NA,NA,NA,NA,Y,NA,A,01,0,0,1,0,0,0,0,0,0,-,-,NA,NA,LOS ANGELES,WHITTIER,-118.05075073242188,33.95880126953125
9569593,2023,2023-07-07,1942,2023-05-21,145,38090,1499,7,5,7,1942,0,0,0,N,0,27T33,IMPERIAL HWY,LA CIENEGA BL,14,W,N,B,-,N,NA,NA,NA,NA,NA,NA,NA,NA,NA,N,2,0,1,2,A,-,03,22350,NA,F,G,B,B,A,H,-,C,A,0,Y,NA,NA,NA,Y,NA,-,99,1,0,0,0,1,0,0,0,0,-,-,NA,NA,LOS ANGELES,LOS ANGELES,-118.3701629638672,33.930789947509766
9569597,2023,2023-07-13,1942,2023-05-23,2205,42901,1464,2,5,7,1942,0,0,0,N,0,27T33-,LINCOLN BL,JEFFERSON BL,880,N,N,B,F,Y,LA,7,1,-,-,30.34,H,-,N,N,2,0,1,2,A,-,00,21964,A,N,G,B,D,A,H,-,C,A,0,Y,NA,NA,NA,Y,NA,N,60,1,0,0,0,1,0,0,0,0,-,-,NA,NA,LOS ANGELES,LOS ANGELES,-118.43179321289064,33.974327087402344
9569601,2023,2023-04-20,1976,2023-03-09,1541,337,CA019,4,5,3,1964,0,0,0,NA,0,001,ORR AND DAY RD,WHITELAND ST,0,NA,Y,A,-,N,NA,NA,NA,NA,NA,NA,NA,NA,NA,Y,4,0,1,2,A,-,09,21802,A,N,D,C,A,A,H,-,A,A,0,NA,NA,NA,NA,Y,NA,A,07,0,0,1,0,0,0,0,0,0,-,-,NA,NA,LOS ANGELES,SANTA FE SPRINGS,-118.08724212646484,33.95265197753906
9569609,2023,2023-04-20,1942,2023-03-03,1840,43822,2157,5,5,7,1942,0,0,0,NA,0,26T53,DE SOTO AV,BASSETT ST,189,S,N,A,-,N,NA,NA,NA,NA,NA,NA,NA,NA,NA,N,2,0,2,2,A,-,00,21955,A,N,G,B,D,A,H,-,C,D,0,Y,NA,NA,NA,Y,NA,N,60,1,1,0,0,1,0,0,0,0,-,-,NA,NA,LOS ANGELES,LOS ANGELES,-118.58843231201172,34.1950798034668
9569610,2023,2023-05-16,1942,2023-03-12,2330,MONTOYA,2185,7,5,7,1942,0,0,0,NA,0,21A73,TOPANGA CANYON,DUMETZ RD,0,NA,N,A,-,Y,NA,NA,NA,NA,NA,NA,NA,NA,NA,Y,3,0,3,4,A,-,03,22349,A,N,G,B,E,A,H,-,C,A,0,Y,NA,NA,NA,Y,NA,A,01,0,1,2,0,2,0,0,0,0,-,-,NA,NA,LOS ANGELES,LOS ANGELES,-118.60581207275392,34.15690612792969
9569611,2023,2023-04-21,1942,2023-03-18,1740,37613,2105,6,5,7,1942,0,0,0,NA,0,26TL76,DE SOTO AV,ROSCOE BL,20,N,N,A,-,N,NA,NA,NA,NA,NA,NA,NA,NA,NA,Y,3,0,1,5,A,-,08,22107,NA,F,A,C,A,A,H,-,A,A,0,NA,NA,NA,NA,Y,NA,A,07,0,1,0,0,0,0,0,0,0,-,-,NA,NA,LOS ANGELES,LOS ANGELES,-118.58849334716795,34.22000503540039
9569613,2023,2023-04-20,1900,2023-03-09,1150,618405,0456,4,5,6,1949,0,0,0,NA,0,43T1,BLOOMFIELD AV,ALONDRA BL,300,N,N,A,-,N,NA,NA,NA,NA,NA,NA,NA,NA,NA,N,3,0,1,2,A,-,11,21954,A,N,G,B,D,A,H,-,A,D,0,Y,NA,NA,NA,Y,NA,N,60,0,1,0,0,1,0,0,0,0,-,-,NA,NA,LOS ANGELES,NORWALK,-118.06419372558594,33.888492584228516
9569614,2023,2023-05-04,1900,2023-03-06,1820,643386,0466,1,5,4,1936,0,0,0,NA,0,46K4P,PHOEBE AV,ALONDRA BL,1056,S,N,A,-,N,NA,NA,NA,NA,NA,NA,NA,NA,NA,Y,4,0,1,2,A,-,08,22107,NA,N,D,C,A,A,H,-,C,D,0,NA,NA,NA,NA,Y,NA,A,01,0,0,1,0,0,0,0,0,0,-,-,NA,NA,LOS ANGELES,LA MIRADA,-118.02156066894533,33.8851432800293
9569615,2023,2023-04-20,1900,2023-03-12,20,612130,0470,7,5,4,1936,0,0,0,NA,0,46T1E,ROSECRANS AV,ADELFA DR,251,W,N,B,-,N,NA,NA,NA,NA,NA,NA,NA,NA,NA,Y,2,0,1,2,A,-,01,23152,A,N,A,C,A,A,H,-,C,D,0,NA,NA,NA,NA,Y,Y,A,07,1,0,0,0,0,0,0,0,0,-,-,NA,NA,LOS ANGELES,LA MIRADA,-118.00604248046876,33.89885330200195
9569659,2023,2023-04-04,1900,2023-02-15,2303,605584,0812,3,5,4,1960,0,0,0,NA,0,81K1,ARROW HWY,ACACIA ST,42,S,N,A,-,N,NA,NA,NA,NA,NA,NA,NA,NA,NA,N,4,0,2,2,A,-,09,21804,A,N,D,C,A,A,H,-,A,D,0,NA,NA,NA,NA,Y,NA,A,07,0,0,2,0,0,0,0,0,0,-,-,34.10295104980469,-117.81359100341795,LOS ANGELES,SAN DIMAS,-117.81365966796876,34.10309982299805
9569684,2023,2023-07-26,1942,2023-03-18,2225,40388,1601,6,5,7,1942,0,0,0,P,0,26T52W,PAXTON ST,GLENOAKS BL,182,W,N,B,-,N,NA,NA,NA,NA,NA,NA,NA,NA,NA,Y,3,0,1,4,A,-,05,21650,NA,M,B,E,A,A,H,-,C,A,0,NA,NA,NA,NA,Y,NA,A,01,0,1,0,0,0,0,0,0,0,-,-,NA,NA,LOS ANGELES,LOS ANGELES,-118.41846466064452,34.27932357788086
9569701,2023,2023-05-03,1942,2023-03-17,2135,41396,NA,5,5,7,1942,0,0,0,NA,0,26T53W,SEPULVEDA BL,SATICOY ST,38,N,N,B,-,N,NA,NA,NA,NA,NA,NA,NA,NA,NA,Y,4,0,1,2,A,-,01,23153,A,F,C,C,A,A,H,-,C,A,0,NA,NA,NA,NA,Y,Y,A,01,0,0,1,0,0,0,0,0,0,-,-,NA,NA,LOS ANGELES,LOS ANGELES,-118.46620941162108,34.208553314208984
9569702,2023,2023-04-29,1942,2023-03-18,1230,444019,1024,6,5,7,1942,0,0,0,J,0,WVAL,SHERMAN WY,BAIRD AV,0,NA,-,A,-,N,NA,NA,NA,NA,NA,NA,NA,NA,NA,Y,4,0,1,1,A,-,03,22350,NA,F,E,I,A,A,H,-,A,D,0,NA,NA,NA,NA,Y,NA,A,01,0,0,1,0,0,0,0,0,0,-,-,NA,NA,LOS ANGELES,LOS ANGELES,-118.5373764038086,34.2010612487793
9569703,2023,2023-04-29,1942,2023-03-19,1020,41316,1562,7,5,7,1942,0,0,0,O,0,26TL26,KLING ST,COLDWATER CANYON AV,340,E,N,B,-,N,NA,NA,NA,NA,NA,NA,NA,NA,NA,Y,4,0,1,2,A,-,06,21755,A,F,B,C,A,A,H,-,A,D,0,NA,NA,NA,NA,Y,NA,A,01,0,0,1,0,0,0,0,0,0,-,-,NA,NA,LOS ANGELES,LOS ANGELES,-118.41265106201172,34.15581130981445
9569704,2023,2023-04-29,1942,2023-03-19,2000,44259,2146,7,5,7,1942,0,0,0,NA,0,21A5,SHERMAN WY,JORDAN AV,400,NA,N,C,-,N,NA,NA,NA,NA,NA,NA,NA,NA,NA,Y,4,0,1,2,A,-,03,22350,NA,F,A,C,A,B,-,-,C,A,0,NA,NA,NA,NA,Y,NA,A,01,0,0,1,0,0,0,0,0,0,-,-,NA,NA,LOS ANGELES,LOS ANGELES,-118.60285186767578,34.20101547241211
9569709,2023,2023-03-30,1942,2023-02-12,1810,38010,2118,7,5,7,1942,0,0,0,NA,0,21A42,SATICOY ST,MASON AV,0,NA,Y,A,-,N,NA,NA,NA,NA,NA,NA,NA,NA,NA,N,4,0,1,3,A,-,01,23152,A,M,D,C,A,A,H,-,C,A,0,NA,NA,NA,NA,Y,Y,A,01,0,0,1,0,0,0,0,0,0,-,-,NA,NA,LOS ANGELES,LOS ANGELES,-118.57971954345705,34.208343505859375
9569710,2023,2023-04-10,1942,2023-02-24,1810,38314,1902,5,5,7,1942,0,0,0,NA,0,26T32W,FOOTHILL BL,POLK ST,37,N,N,C,-,N,NA,NA,NA,NA,NA,NA,NA,NA,NA,Y,4,0,2,3,C,-,18,NA,NA,N,B,C,A,B,H,-,C,A,0,NA,NA,NA,NA,Y,Y,-,-,0,0,2,0,0,0,0,0,0,-,-,NA,NA,LOS ANGELES,LOS ANGELES,-118.44087982177734,34.31562042236328
9569711,2023,2023-03-30,1942,2023-02-11,2040,42251,1971,6,5,7,1942,0,0,0,NA,0,26T52,SEPULVEDA BL,RAYEN ST,265,N,N,B,-,N,NA,NA,NA,NA,NA,NA,NA,NA,NA,N,2,0,1,2,A,-,11,21954,A,N,G,B,D,A,H,-,C,D,0,Y,NA,NA,NA,Y,NA,A,07,1,0,0,0,1,0,0,0,0,-,-,NA,NA,LOS ANGELES,LOS ANGELES,-118.46773529052734,34.23261642456055
9569712,2023,2023-03-30,1942,2023-02-10,2245,44787,1962,5,5,7,1942,0,0,0,NA,0,061,NORDHOFF ST,SEPULVEDA BL,0,NA,Y,A,-,N,NA,NA,NA,NA,NA,NA,NA,NA,NA,N,3,0,2,2,A,-,09,21801,NA,N,A,C,A,A,-,-,C,D,0,NA,NA,NA,NA,Y,NA,A,01,0,2,0,0,0,0,0,0,0,-,-,NA,NA,LOS ANGELES,LOS ANGELES,-118.46771240234376,34.235530853271484
9569713,2023,2023-04-12,1942,2023-02-09,1340,41263,1945,4,5,7,1942,0,0,0,NA,0,19A79,SEPULVEDA BL,CHATSWORTH ST,0,NA,Y,A,-,N,NA,NA,NA,NA,NA,NA,NA,NA,NA,Y,2,0,1,4,A,-,12,21453,NA,N,D,C,A,A,H,-,A,A,0,NA,NA,NA,NA,Y,NA,A,01,1,0,0,0,0,0,0,0,0,-,-,NA,NA,LOS ANGELES,LOS ANGELES,-118.46739959716795,34.264556884765625
9569716,2023,2023-03-30,1942,2023-02-25,825,37540,1172,6,5,7,1942,0,0,0,K,0,24TL27,GLENDALE BL,AARON ST,0,NA,Y,C,-,N,NA,NA,NA,NA,NA,NA,NA,NA,NA,N,2,0,1,2,A,-,10,21950,A,N,G,B,B,B,H,-,A,A,0,Y,NA,NA,NA,Y,NA,A,08,1,0,0,0,1,0,0,0,0,-,-,NA,NA,LOS ANGELES,LOS ANGELES,-118.25977325439452,34.08686828613281
9569717,2023,2023-03-30,1942,2023-02-22,1500,41068,1342,3,5,7,1942,0,0,0,M,0,24T31,MAPLE AV,36TH ST,10,N,N,A,-,N,NA,NA,NA,NA,NA,NA,NA,NA,NA,N,3,0,1,2,A,-,10,21950,A,F,G,B,B,A,H,-,A,A,0,Y,NA,NA,NA,Y,NA,-,99,0,1,0,0,1,0,0,0,0,-,-,NA,NA,LOS ANGELES,LOS ANGELES,-118.27043151855467,34.015663146972656
9569718,2023,2023-03-30,1942,2023-02-22,1620,38590,1321,3,5,7,1942,0,0,0,M,0,24TL51,BROADWAY,23RD ST,0,NA,Y,A,-,N,NA,NA,NA,NA,NA,NA,NA,NA,NA,N,4,0,1,2,A,-,10,21950,A,F,G,B,B,A,H,-,A,A,0,Y,NA,NA,NA,Y,NA,-,99,0,0,1,0,1,0,0,0,0,-,-,NA,NA,LOS ANGELES,LOS ANGELES,-118.2680206298828,34.028038024902344
9569719,2023,2023-03-30,1900,2023-02-25,2305,624614,0453,6,5,6,1949,0,0,0,NA,0,43T1,FIRESTONE BL,IMPERIAL HWY,47,S,N,B,C,N,NA,NA,NA,NA,NA,NA,NA,NA,NA,N,4,0,1,4,A,-,07,21658,A,M,C,C,A,B,H,-,C,A,0,NA,NA,NA,NA,Y,NA,A,01,0,0,1,0,0,0,0,0,0,-,-,NA,NA,LOS ANGELES,NORWALK,-118.0900421142578,33.917022705078125
9569722,2023,2023-04-14,1942,2023-03-15,1930,43727,0943,3,5,7,1942,0,0,0,I,0,9A41,HAZELTINE AV,TIARA ST,0,NA,Y,B,-,N,NA,NA,NA,NA,NA,NA,NA,NA,NA,N,3,0,1,2,A,-,01,23152,A,N,C,C,A,A,H,-,D,D,0,NA,NA,NA,NA,Y,Y,A,01,0,1,0,0,0,0,0,0,0,-,-,NA,NA,LOS ANGELES,LOS ANGELES,-118.43995666503906,34.178470611572266
9569723,2023,2023-09-14,1942,2023-03-09,1958,43152,1612,4,5,7,1942,0,0,0,P,0,16A77,VAN NESS BL,DE GARMO,10,E,N,A,-,N,NA,NA,NA,NA,NA,NA,NA,NA,NA,N,3,0,1,2,A,-,03,22350,NA,F,D,C,A,A,H,-,C,D,0,NA,NA,NA,NA,Y,NA,D,22,0,1,0,0,0,0,0,0,0,-,-,NA,NA,LOS ANGELES,LOS ANGELES,NA,NA
9569724,2023,2023-04-14,1942,2023-03-15,130,43603,1091,3,5,7,1942,0,0,0,J,0,10A83W,ROSITA ST,PALO DR,397,W,N,C,-,N,NA,NA,NA,NA,NA,NA,NA,NA,NA,Y,3,0,2,1,A,-,01,23153,A,N,E,I,A,B,-,-,C,D,0,NA,NA,NA,NA,Y,Y,A,01,0,1,1,0,0,0,0,0,0,-,-,NA,NA,LOS ANGELES,LOS ANGELES,-118.55763244628906,34.156700134277344
9569726,2023,2023-04-19,1942,2023-03-15,815,41158,1935,3,5,7,1942,0,0,0,NA,0,26TL25,BRAND BL,COLUMBUS AV,25,E,N,C,-,N,NA,NA,NA,NA,NA,NA,NA,NA,NA,N,4,0,2,3,A,-,09,21802,A,F,C,C,A,A,H,-,A,A,0,NA,NA,NA,NA,Y,NA,-,99,0,0,2,0,0,0,0,0,0,-,-,NA,NA,LOS ANGELES,LOS ANGELES,-118.46305847167967,34.271507263183594
9569734,2023,2023-04-14,1900,2023-03-03,2030,499039,1511,5,5,5,1954,0,0,0,NA,0,151T2,SAN GABRIEL RIVER PKWY,MELITA ST,207,S,N,A,-,N,NA,NA,NA,NA,NA,NA,NA,NA,NA,Y,4,0,1,2,A,-,09,21804,NA,N,D,C,A,A,H,-,C,D,0,NA,NA,NA,NA,Y,NA,A,07,0,0,1,0,0,0,0,0,0,-,-,34.008148193359375,-118.070556640625,LOS ANGELES,PICO RIVERA,-118.07051849365234,34.00818634033203
9569737,2023,2023-04-14,1926,2023-03-04,1640,0142,2,6,5,5,1926,0,0,0,NA,0,NA,S GLENDORA AVE,DAWSON AV,323,S,N,A,-,N,NA,NA,NA,NA,NA,NA,NA,NA,NA,Y,4,0,1,2,A,-,08,22107,NA,N,B,C,A,A,H,-,A,D,0,NA,NA,NA,NA,Y,NA,A,01,0,0,1,0,0,0,0,0,0,-,-,34.1178092956543,-117.86443328857422,LOS ANGELES,GLENDORA,-117.8641357421875,34.11668395996094
9569743,2023,2023-04-20,1942,2023-03-06,1400,34882,0789,1,5,7,1942,0,0,0,G,0,27M103,WASHINGTON BL,ARLINGTON AV,0,NA,Y,A,-,N,NA,NA,NA,NA,NA,NA,NA,NA,NA,Y,4,0,1,2,A,-,09,21801,A,N,D,C,A,A,H,-,A,A,0,NA,NA,NA,NA,Y,NA,A,01,0,0,1,0,0,0,0,0,0,-,-,NA,NA,LOS ANGELES,LOS ANGELES,-118.31773376464844,34.03989028930664
9569752,2023,2023-04-07,1942,2023-02-23,1130,39217,1941],4,5,7,1942,0,0,0,NA,0,26TL19,SEPULVEDA BL,CHATSWORTH ST,45,S,N,A,-,N,NA,NA,NA,NA,NA,NA,NA,NA,NA,Y,2,0,1,2,C,-,18,NA,NA,N,C,C,A,B,H,-,A,A,0,NA,NA,NA,NA,Y,NA,-,-,1,0,0,0,0,0,0,0,0,-,-,NA,NA,LOS ANGELES,LOS ANGELES,-118.46739959716795,34.264434814453125
9569753,2023,2023-04-07,1942,2023-02-17,1050,42768,1035,5,5,7,1942,0,0,0,J,0,NA,VANOWEN ST,DARBY AV,0,NA,Y,A,-,N,NA,NA,NA,NA,NA,NA,NA,NA,NA,N,3,0,1,2,A,-,08,22107,NA,F,D,C,A,A,H,-,A,A,0,NA,NA,NA,NA,Y,NA,-,99,0,1,0,0,0,0,0,0,0,-,-,NA,NA,LOS ANGELES,LOS ANGELES,-118.53353118896484,34.193843841552734
9569754,2023,2023-04-11,1942,2023-02-23,1550,41718,1519,4,5,7,1942,0,0,0,O,0,15A85,LAUREL CANYON BL,DONA PEGITA DR,50,S,N,-,-,N,NA,NA,NA,NA,NA,NA,NA,NA,NA,Y,4,0,1,2,A,-,08,22107,NA,F,-,-,A,-,-,-,-,-,0,NA,NA,NA,NA,Y,NA,-,NA,0,0,1,0,0,0,0,0,0,-,-,NA,NA,LOS ANGELES,LOS ANGELES,-118.3810577392578,34.13127899169922
9569755,2023,2023-04-07,1942,2023-02-07,620,43295,2143,2,5,7,1942,0,0,0,NA,0,26T16,VICTORY BL,FALLBROOK AV,100,E,N,A,-,N,NA,NA,NA,NA,NA,NA,NA,NA,NA,Y,2,0,1,2,A,-,08,22107,NA,N,B,C,A,A,H,-,A,D,0,NA,NA,Y,NA,Y,NA,C,02,1,0,0,0,0,0,0,0,1,-,-,NA,NA,LOS ANGELES,LOS ANGELES,-118.62306213378906,34.18645477294922
9569756,2023,2023-04-07,1900,2023-02-13,1340,529141,1516,1,5,5,1954,0,0,0,NA,0,151T1,PARAMOUNT BL,TROJAN ST,0,NA,Y,A,-,N,NA,NA,NA,NA,NA,NA,NA,NA,NA,Y,3,0,2,2,A,-,09,21801,A,N,D,C,A,A,H,-,A,A,0,NA,NA,NA,NA,Y,NA,A,01,0,2,0,0,0,0,0,0,0,-,-,33.98590087890625,-118.11180114746094,LOS ANGELES,PICO RIVERA,-118.1117706298828,33.97592544555664
9569770,2023,2023-04-04,1900,2023-02-11,1723,499039,1513,6,5,5,1954,0,0,0,NA,0,151T2,PARAMOUNT BL,MINES AV,915,N,N,A,-,N,NA,NA,NA,NA,NA,NA,NA,NA,NA,Y,2,0,1,1,A,-,08,22107,NA,N,F,J,A,A,H,-,A,D,0,NA,NA,Y,NA,Y,NA,C,02,1,0,0,0,0,0,0,0,1,-,-,33.99708938598633,-118.09262847900392,LOS ANGELES,PICO RIVERA,-118.0927276611328,33.99695587158203
9569849,2023,2023-04-10,1942,2023-01-04,645,42664,0813,3,5,7,1942,0,0,0,H,0,27TL21,SUNSET BL,SALTAIR AV,162,E,N,B,C,N,NA,NA,NA,NA,NA,NA,NA,NA,NA,Y,3,0,6,2,A,-,07,21658,A,N,C,C,A,B,H,-,A,D,0,NA,NA,NA,Y,Y,NA,F,55,0,1,5,0,0,0,0,0,0,-,-,NA,NA,LOS ANGELES,LOS ANGELES,-118.47428131103516,34.0616455078125
9569858,2023,2023-04-25,1910,2023-03-21,2254,05103,NA,2,5,4,1910,0,0,0,NA,0,009,S ROBERTSON BLVD,GREGORY WY,0,NA,Y,C,-,N,NA,NA,NA,NA,NA,NA,NA,NA,NA,N,3,0,1,2,A,-,11,21950,B,N,G,B,E,B,H,-,C,A,0,Y,NA,NA,NA,Y,NA,N,60,0,1,0,0,1,0,0,0,0,-,-,NA,NA,LOS ANGELES,BEVERLY HILLS,-118.38357543945313,34.062217712402344
9569861,2022,2023-04-11,1942,2022-11-03,1100,42656,0805,4,5,7,1942,0,0,0,H,0,27TL23,SUNSET BL,VETERAN AV,0,NA,Y,A,-,N,NA,NA,NA,NA,NA,NA,NA,NA,NA,N,4,0,4,2,A,-,12,21453,A,N,D,C,A,A,H,-,A,A,0,NA,NA,NA,NA,Y,NA,I,20,0,0,4,0,0,0,0,0,0,-,-,NA,NA,LOS ANGELES,LOS ANGELES,-118.45551300048828,34.07579040527344
9569867,2023,2023-04-10,1942,2023-02-10,1430,39761,1375,5,5,7,1942,0,0,0,M,0,24TL58,HOOPER AV,57TH ST,0,NA,Y,A,-,N,NA,NA,NA,NA,NA,NA,NA,NA,NA,Y,3,0,3,5,A,-,12,22450,A,F,D,C,A,A,H,-,A,A,0,NA,NA,NA,NA,Y,NA,A,01,0,3,0,0,0,0,0,0,0,-,-,NA,NA,LOS ANGELES,LOS ANGELES,-118.25212860107422,33.991111755371094
9569868,2023,2023-04-10,1942,2023-02-27,1500,33122,0237,1,5,7,1942,0,0,0,B,0,24MQ48,3RD ST,BIXEL ST,28,S,N,C,-,N,NA,NA,NA,NA,NA,NA,NA,NA,NA,Y,3,0,1,2,A,-,03,22350,NA,F,A,C,A,B,H,-,A,A,0,NA,NA,NA,NA,Y,NA,A,01,0,1,0,0,0,0,0,0,0,-,-,NA,NA,LOS ANGELES,LOS ANGELES,-118.25972747802734,34.057533264160156
9569873,2023,2023-04-17,1942,2023-01-04,1305,39395,0182,3,5,7,1942,0,0,0,A,0,24TL28,FLOWER ST,PICO BL,0,NA,Y,B,C,N,NA,NA,NA,NA,NA,NA,NA,NA,NA,N,4,0,2,2,A,-,09,21801,A,F,E,F,A,B,H,-,A,D,0,NA,NA,NA,NA,Y,NA,-,99,0,0,2,0,0,0,0,0,0,-,-,NA,NA,LOS ANGELES,LOS ANGELES,-118.2668914794922,34.040061950683594
9569875,2023,2023-04-12,1942,2023-02-25,1550,38824,1377,6,5,7,1942,0,0,0,M,0,24MQ51,45TH ST,ALAMEDA,50,W,N,C,D,N,NA,NA,NA,NA,NA,NA,NA,NA,NA,Y,3,0,1,2,A,-,01,23152,A,M,A,E,A,B,H,-,A,D,0,NA,NA,NA,NA,Y,Y,D,22,0,1,0,0,0,0,0,0,0,-,-,NA,NA,LOS ANGELES,LOS ANGELES,-118.23926544189452,34.00276184082031