CASE_ID,ACCIDENT_YEAR,PROC_DATE,JURIS,COLLISION_DATE,COLLISION_TIME,OFFICER_ID,REPORTING_DISTRICT,DAY_OF_WEEK,CHP_SHIFT,POPULATION,CNTY_CITY_LOC,SPECIAL_COND,BEAT_TYPE,CHP_BEAT_TYPE,CITY_DIVISION_LAPD,CHP_BEAT_CLASS,BEAT_NUMBER,PRIMARY_RD,SECONDARY_RD,DISTANCE,DIRECTION,INTERSECTION,WEATHER_1,WEATHER_2,STATE_HWY_IND,CALTRANS_COUNTY,CALTRANS_DISTRICT,STATE_ROUTE,ROUTE_SUFFIX,POSTMILE_PREFIX,POSTMILE,LOCATION_TYPE,RAMP_INTERSECTION,SIDE_OF_HWY,TOW_AWAY,COLLISION_SEVERITY,NUMBER_KILLED,NUMBER_INJURED,PARTY_COUNT,PRIMARY_COLL_FACTOR,PCF_CODE_OF_VIOL,PCF_VIOL_CATEGORY,PCF_VIOLATION,PCF_VIOL_SUBSECTION,HIT_AND_RUN,TYPE_OF_COLLISION,MVIW,PED_ACTION,ROAD_SURFACE,ROAD_COND_1,ROAD_COND_2,LIGHTING,CONTROL_DEVICE,CHP_ROAD_TYPE,PEDESTRIAN_ACCIDENT,BICYCLE_ACCIDENT,MOTORCYCLE_ACCIDENT,TRUCK_ACCIDENT,NOT_PRIVATE_PROPERTY,ALCOHOL_INVOLVED,STWD_VEHTYPE_AT_FAULT,CHP_VEHTYPE_AT_FAULT,COUNT_SEVERE_INJ,COUNT_VISIBLE_INJ,COUNT_COMPLAINT_PAIN,COUNT_PED_KILLED,COUNT_PED_INJURED,COUNT_BICYCLIST_KILLED,COUNT_BICYCLIST_INJURED,COUNT_MC_KILLED,COUNT_MC_INJURED,PRIMARY_RAMP,SECONDARY_RAMP,LATITUDE,LONGITUDE,COUNTY,CITY,POINT_X,POINT_Y
9569879,2023,2023-04-10,1942,2023-02-25,1545,38590,1377,6,5,7,1942,0,0,0,M,0,24TL51,ALAMEDA ST,SLAUSON AV,550,N,N,B,C,N,NA,NA,NA,NA,NA,NA,NA,NA,NA,Y,4,0,1,2,A,-,01,23152,A,M,B,C,A,B,H,-,A,A,0,NA,NA,NA,NA,Y,Y,D,22,0,0,1,0,0,0,0,0,0,-,-,NA,NA,LOS ANGELES,LOS ANGELES,-118.23806762695313,33.99067687988281
9569883,2023,2023-04-11,1942,2023-02-18,1300,43821,1351,6,5,7,1942,0,0,0,M,0,13A41,40TH PL,BROADWAY PL,50,E,N,A,-,N,NA,NA,NA,NA,NA,NA,NA,NA,NA,Y,4,0,1,3,A,-,03,22350,NA,M,B,E,A,A,H,-,A,D,0,NA,NA,NA,NA,Y,NA,A,01,0,0,1,0,0,0,0,0,0,-,-,NA,NA,LOS ANGELES,LOS ANGELES,-118.27835845947266,34.0101318359375
9569884,2022,2023-04-12,1942,2022-12-14,1650,35571,0155,3,5,7,1942,0,0,0,A,0,24MQ38,LOS ANGELES ST,7TH ST,126,N,N,A,-,N,NA,NA,NA,NA,NA,NA,NA,NA,NA,Y,3,0,1,3,A,-,05,21650,NA,F,A,C,A,A,H,-,C,A,0,NA,NA,NA,Y,Y,Y,A,01,0,1,0,0,0,0,0,0,0,-,-,NA,NA,LOS ANGELES,LOS ANGELES,-118.25013732910156,34.04349136352539
9569885,2023,2023-04-27,1942,2023-03-01,1720,34458,0192,3,5,7,1942,0,0,0,A,0,24TL54,FLOWER ST,WASHINGTON BL,220,N,N,A,-,N,NA,NA,NA,NA,NA,NA,NA,NA,NA,Y,4,0,1,2,A,-,03,22350,NA,N,B,C,A,A,-,-,B,A,0,NA,NA,NA,Y,Y,NA,A,01,0,0,1,0,0,0,0,0,0,-,-,NA,NA,LOS ANGELES,LOS ANGELES,-118.2704849243164,34.03437042236328
9569887,2023,2023-04-10,1942,2023-02-17,1845,40275,1317,5,5,7,1942,0,0,0,M,0,24TL55,OLYMPIC BL,LONG BEACH AV,0,NA,Y,A,-,N,NA,NA,NA,NA,NA,NA,NA,NA,NA,Y,3,0,1,3,A,-,09,21801,A,F,A,C,A,A,H,-,C,D,0,NA,NA,NA,NA,Y,NA,A,07,0,1,0,0,0,0,0,0,0,-,-,NA,NA,LOS ANGELES,LOS ANGELES,-118.2409210205078,34.02927780151367
9569893,2023,2023-04-26,1942,2023-03-05,1940,45021,0192,7,5,7,1942,0,0,0,A,0,1A85,VENICE BL,HILL ST,0,NA,Y,A,-,N,NA,NA,NA,NA,NA,NA,NA,NA,NA,Y,3,0,2,4,A,-,12,21453,NA,F,D,C,A,A,H,-,C,A,0,NA,NA,NA,NA,Y,NA,-,-,0,2,0,0,0,0,0,0,0,-,-,NA,NA,LOS ANGELES,LOS ANGELES,-118.26455688476564,34.034725189208984
9569898,2023,2023-04-18,1942,2023-03-03,630,32973,1385,5,5,7,1942,0,0,0,M,0,24TL21,CENTRAL AV,GAGE AV,50,S,N,A,-,N,NA,NA,NA,NA,NA,NA,NA,NA,NA,N,4,0,1,2,A,-,01,23152,A,N,C,C,A,A,H,-,A,D,0,NA,NA,NA,NA,Y,Y,D,22,0,0,1,0,0,0,0,0,0,-,-,NA,NA,LOS ANGELES,LOS ANGELES,-118.25646209716795,33.98188400268555
9569901,2023,2023-04-26,1942,2023-03-03,630,40008,0152,5,5,7,1942,0,0,0,A,0,24TL43,W 6TH ST,S OLIVE ST,100,W,N,A,-,N,NA,NA,NA,NA,NA,NA,NA,NA,NA,Y,3,0,1,2,A,-,07,21658,A,N,B,C,A,A,H,-,A,D,0,NA,NA,NA,NA,Y,NA,I,20,0,1,0,0,0,0,0,0,0,-,-,NA,NA,LOS ANGELES,LOS ANGELES,-118.25446319580078,34.0482063293457
9569902,2023,2023-04-18,1942,2023-03-03,1340,36182,1341,5,5,7,1942,0,0,0,M,0,24MQ77,BROADWAY,37TH PL,85,S,N,A,-,N,NA,NA,NA,NA,NA,NA,NA,NA,NA,Y,4,0,1,2,A,-,03,22350,NA,N,C,C,A,A,H,-,A,D,0,NA,NA,NA,NA,Y,NA,A,01,0,0,1,0,0,0,0,0,0,-,-,NA,NA,LOS ANGELES,LOS ANGELES,-118.2765884399414,34.014732360839844
9569904,2023,2023-04-10,1942,2023-01-12,2133,40730,1183,4,5,7,1942,0,0,0,K,0,24T33,SUNSET BL,ECHO PARK AV,102,W,N,A,-,N,NA,NA,NA,NA,NA,NA,NA,NA,NA,Y,3,0,2,2,A,-,08,22107,NA,F,B,C,A,A,H,-,C,D,0,NA,NA,NA,NA,Y,NA,A,07,0,2,0,0,0,0,0,0,0,-,-,NA,NA,LOS ANGELES,LOS ANGELES,-118.25765991210938,34.0768928527832
9569906,2023,2023-04-26,1942,2023-03-03,1810,39062,1342,5,5,7,1942,0,0,0,M,0,24T33,MAPLE AV,38TH ST,0,NA,Y,A,-,N,NA,NA,NA,NA,NA,NA,NA,NA,NA,Y,4,0,1,2,A,-,05,21650,NA,F,B,C,A,A,H,-,C,A,0,NA,NA,NA,NA,Y,NA,D,22,0,0,1,0,0,0,0,0,0,-,-,NA,NA,LOS ANGELES,LOS ANGELES,-118.2720184326172,34.0131950378418
9569912,2022,2023-04-11,1941,2022-12-15,1409,6185,WEST,4,5,7,1941,0,0,0,NA,0,003,WILLOW ST,WILLOW ST 437,0,NA,N,A,-,N,NA,NA,NA,NA,NA,NA,NA,NA,NA,Y,4,0,1,3,A,-,08,22107,NA,N,B,C,A,-,H,-,A,D,0,NA,NA,NA,NA,Y,NA,A,07,0,0,1,0,0,0,0,0,0,-,-,33.80440902709961,-118.19664764404295,LOS ANGELES,LONG BEACH,-118.19255828857422,33.8043327331543
9569916,2023,2023-04-24,1941,2023-01-25,1836,11202,EAST,3,5,7,1941,0,0,0,NA,0,014,EAST PACIFIC COAST HWY,TERMINO AV,108,E,N,A,-,Y,LA,7,1,-,-,3.74,H,-,N,Y,3,0,1,3,A,-,07,21658,A,N,C,C,A,A,H,-,A,D,0,NA,NA,NA,NA,Y,NA,A,01,0,1,0,0,0,0,0,0,0,-,-,33.78984832763672,-118.14588928222656,LOS ANGELES,LONG BEACH,-118.14554595947266,33.78990936279297
9569920,2023,2023-04-26,1941,2023-02-03,1422,10842,SOUTH,5,5,7,1941,0,0,0,NA,0,008,EAST 6TH ST,ATLANTIC AV,0,NA,Y,A,-,N,NA,NA,NA,NA,NA,NA,NA,NA,NA,N,4,0,1,2,D,-,00,NA,NA,N,D,G,A,A,H,-,A,A,0,NA,Y,NA,NA,Y,NA,-,-,0,0,1,0,0,0,1,0,0,-,-,33.774131774902344,-118.18502807617188,LOS ANGELES,LONG BEACH,-118.18505096435548,33.774147033691406
9569921,2023,2023-04-26,1941,2023-02-26,1337,11814,EAST,7,5,7,1941,0,0,0,NA,0,012,EAST 10TH ST,TERMINO AV,0,NA,Y,B,-,N,NA,NA,NA,NA,NA,NA,NA,NA,NA,N,3,0,1,2,A,-,03,22350,NA,N,H,C,A,A,H,-,A,A,0,NA,NA,NA,NA,Y,NA,-,-,0,1,0,0,0,0,0,0,0,-,-,33.778968811035156,-118.14589691162108,LOS ANGELES,LONG BEACH,-118.14588928222656,33.77898025512695
9569925,2022,2023-04-06,1941,2022-10-26,1212,10922,EAST,3,5,7,1941,0,0,0,NA,0,014,PARK AV,LOS COYOTES DIAGONAL,0,NA,Y,A,-,N,NA,NA,NA,NA,NA,NA,NA,NA,NA,Y,3,0,2,2,A,-,09,21801,A,N,D,C,A,A,H,-,A,D,0,NA,NA,NA,NA,Y,NA,A,01,0,2,0,0,0,0,0,0,0,-,-,33.793060302734375,-118.13819122314452,LOS ANGELES,LONG BEACH,-118.13823699951172,33.79311752319336
9569927,2023,2023-04-18,1942,2023-03-19,1320,38996,1567,7,5,7,1942,0,0,0,O,0,12TL76,CAHUENGA BL,MOORPARK ST,0,NA,Y,B,C,N,NA,NA,NA,NA,NA,NA,NA,NA,NA,Y,2,0,4,2,A,-,08,22100,B,N,D,C,A,B,H,-,A,A,0,NA,NA,NA,NA,Y,NA,A,01,2,2,0,0,0,0,0,0,0,-,-,NA,NA,LOS ANGELES,LOS ANGELES,-118.36147308349608,34.150390625
9569928,2022,2023-04-17,1942,2022-10-07,0635,42157,2069,5,5,7,1942,0,0,0,NA,0,27TL27,OLYMPIC BL,HOOVER ST,32,W,N,A,-,N,NA,NA,NA,NA,NA,NA,NA,NA,NA,N,4,0,1,2,A,-,05,21650,NA,N,D,C,A,A,H,-,A,A,0,NA,NA,NA,NA,Y,NA,M,94,0,0,1,0,0,0,0,0,0,-,-,NA,NA,LOS ANGELES,LOS ANGELES,-118.28432464599608,34.052406311035156
9569939,2023,2023-07-12,1942,2023-02-11,2015,40957,1213,6,5,7,1942,0,0,0,L,0,25T35,54TH ST,WILTON PL,87,W,N,A,-,N,NA,NA,NA,NA,NA,NA,NA,NA,NA,Y,4,0,1,3,A,-,05,21460,A,F,A,C,A,A,H,-,C,D,0,NA,NA,NA,NA,Y,NA,A,07,0,0,1,0,0,0,0,0,0,-,-,NA,NA,LOS ANGELES,LOS ANGELES,-118.31525421142578,33.993221282958984
9569945,2023,2023-04-14,1941,2023-01-23,8,11082,WEST,1,5,7,1941,0,0,0,NA,0,001,SANTA FE AV,W SPRING ST,134,N,N,A,-,N,NA,NA,NA,NA,NA,NA,NA,NA,NA,Y,4,0,1,6,D,-,00,NA,NA,F,E,I,A,A,H,-,C,D,0,NA,NA,NA,NA,Y,NA,-,-,0,0,1,0,0,0,0,0,0,-,-,33.81235122680664,-118.21543121337892,LOS ANGELES,LONG BEACH,-118.21551513671876,33.81202697753906
9569949,2023,2023-04-21,1941,2023-02-10,1751,10652,EAST,5,5,7,1941,0,0,0,NA,0,017,E SPRING ST,SAN ANSELINE AV,0,NA,Y,A,-,N,NA,NA,NA,NA,NA,NA,NA,NA,NA,NA,3,0,1,3,B,-,22,NA,NA,F,G,B,E,A,H,-,C,D,0,Y,NA,NA,Y,Y,NA,-,-,0,1,0,0,1,0,0,0,0,-,-,33.81052017211914,-118.1215591430664,LOS ANGELES,LONG BEACH,-118.12165069580078,33.810462951660156
9569955,2023,2023-04-21,1942,2023-02-27,1600,38622,1235,1,5,7,1942,0,0,0,L,0,12A31,NORMANDIE AV,59TH PL,0,NA,Y,A,-,N,NA,NA,NA,NA,NA,NA,NA,NA,NA,N,3,0,2,2,A,-,09,21801,A,N,D,C,A,B,H,-,A,D,0,NA,NA,NA,NA,Y,NA,A,01,0,2,0,0,0,0,0,0,0,-,-,NA,NA,LOS ANGELES,LOS ANGELES,-118.30020904541016,33.986698150634766
9569965,2023,2023-04-21,1941,2023-02-24,1400,10248,WEST,5,5,7,1941,0,0,0,NA,0,001,HUGHES WY,BET END AND VIA ORO AV,0,NA,N,C,-,N,NA,NA,NA,NA,NA,NA,NA,NA,NA,NA,4,0,1,2,B,-,22,NA,NA,N,C,C,A,B,H,-,A,A,0,NA,NA,NA,NA,Y,NA,A,01,0,0,1,0,0,0,0,0,0,-,-,33.82857131958008,-118.21266174316406,LOS ANGELES,LONG BEACH,-118.21257019042967,33.82863235473633
9569967,2023,2023-04-28,1942,2023-03-03,40,41917,1822,5,5,7,1942,0,0,0,R,0,18A17,MAIN ST,104TH ST,75,N,N,A,-,N,NA,NA,NA,NA,NA,NA,NA,NA,NA,Y,3,0,1,5,A,-,03,22350,NA,N,C,E,A,A,H,-,C,D,0,NA,NA,NA,NA,Y,NA,A,01,0,1,0,0,0,0,0,0,0,-,-,NA,NA,LOS ANGELES,LOS ANGELES,-118.27388763427734,33.942176818847656
9569969,2023,2023-04-12,1941,2023-01-26,53,11862,NORTH,4,5,7,1941,0,0,0,NA,0,024,PARAMOUNT BL,SEABOARD LN,0,NA,N,A,-,N,NA,NA,NA,NA,NA,NA,NA,NA,NA,Y,3,0,1,2,A,-,07,21658,A,N,C,E,A,A,H,-,C,D,0,NA,NA,NA,Y,Y,NA,A,01,0,1,0,0,0,0,0,0,0,-,-,33.86516189575195,-118.15989685058594,LOS ANGELES,LONG BEACH,-118.15991973876952,33.864219665527344
9569971,2023,2023-04-14,1942,2023-02-05,325,40957,1805,7,5,7,1942,0,0,0,R,0,25T35,90TH ST,AVALON BL,0,NA,Y,A,-,N,NA,NA,NA,NA,NA,NA,NA,NA,NA,Y,3,0,2,3,A,-,12,22450,A,F,D,C,A,A,H,-,C,A,0,NA,NA,NA,NA,Y,NA,-,99,0,2,0,0,0,0,0,0,0,-,-,NA,NA,LOS ANGELES,LOS ANGELES,-118.26514434814452,33.95467758178711
9569978,2023,2023-04-18,1942,2023-03-19,1940,44836,1749,7,5,7,1942,0,0,0,Q,0,17A49,HASKELL AV,KINGSBURY ST,10,S,N,C,-,N,NA,NA,NA,NA,NA,NA,NA,NA,NA,Y,2,0,1,2,A,-,07,21658,NA,N,E,E,A,B,H,-,C,D,0,NA,NA,NA,NA,Y,NA,A,01,1,0,0,0,0,0,0,0,0,-,-,NA,NA,LOS ANGELES,LOS ANGELES,-118.4760284423828,34.263633728027344
9569993,2022,2023-04-12,1941,2022-10-25,1657,10537,SOUTH,2,5,7,1941,0,0,0,NA,0,006,W OCEAN BL,MAGNOLIA AV,0,NA,Y,A,-,N,NA,NA,NA,NA,NA,NA,NA,NA,NA,Y,4,0,2,2,A,-,09,21801,A,N,D,C,A,A,H,-,A,A,0,NA,NA,NA,NA,Y,Y,A,07,0,0,2,0,0,0,0,0,0,-,-,33.76723098754883,-118.19803619384766,LOS ANGELES,LONG BEACH,-118.19807434082033,33.76738739013672
9569998,2023,2023-04-26,1942,2023-02-06,1910,43822,1535,1,5,7,1942,0,0,0,O,0,26T56,LANKERSHIM BL,TIARA ST,70,S,N,A,-,N,NA,NA,NA,NA,NA,NA,NA,NA,NA,N,2,0,1,2,A,-,05,21650,1,N,D,G,A,A,H,-,C,D,0,NA,Y,NA,NA,Y,NA,L,04,1,0,0,0,0,0,1,0,0,-,-,NA,NA,LOS ANGELES,LOS ANGELES,-118.38267517089844,34.178226470947266
9570003,2023,2024-03-04,1942,2023-03-15,1805,35077,1331,3,5,7,1942,0,0,0,M,0,24MQ65,JEFFERSON BL,HOPE ST,200,E,N,B,-,N,NA,NA,NA,NA,NA,NA,NA,NA,NA,N,3,0,1,2,A,-,03,22350,A,F,C,C,A,A,H,-,A,D,0,NA,NA,NA,NA,Y,NA,A,07,0,1,0,0,0,0,0,0,0,-,-,NA,NA,LOS ANGELES,LOS ANGELES,-118.27706909179688,34.02064895629883
9570007,2023,2023-04-27,1942,2023-03-18,1,41068,1353,6,5,7,1942,0,0,0,M,0,24T32,42ND PL,MCKINLEY AV,140,W,N,A,-,N,NA,NA,NA,NA,NA,NA,NA,NA,NA,N,4,0,1,3,A,-,05,21650,NA,F,B,C,A,A,G,-,C,D,0,NA,NA,NA,NA,Y,NA,-,99,0,0,1,0,0,0,0,0,0,-,-,NA,NA,LOS ANGELES,LOS ANGELES,-118.26136779785156,34.00661849975586
9570009,2023,2023-04-28,1942,2023-03-20,1730,39678,1257,1,5,7,1942,0,0,0,L,0,12XL7,VERMONT AV,78TH ST,0,NA,Y,A,-,N,NA,NA,NA,NA,NA,NA,NA,NA,NA,Y,3,0,2,2,A,-,03,22350,NA,N,B,C,A,A,H,-,A,D,0,NA,NA,NA,NA,Y,Y,D,22,0,2,0,0,0,0,0,0,0,-,-,NA,NA,LOS ANGELES,LOS ANGELES,-118.29189300537108,33.96942138671875
9570010,2023,2023-04-27,1900,2023-03-01,1616,627964,0815,3,5,4,1960,0,0,0,NA,0,81K1,BONITA AV,WALNUT AV,0,NA,Y,B,C,N,NA,NA,NA,NA,NA,NA,NA,NA,NA,Y,4,0,2,2,A,-,09,21801,A,N,D,C,A,B,H,-,B,A,0,NA,NA,NA,NA,Y,NA,D,22,0,0,2,0,0,0,0,0,0,-,-,NA,NA,LOS ANGELES,SAN DIMAS,-117.80276489257813,34.1066780090332
9570011,2023,2023-04-27,1942,2023-03-18,1710,36023,1179,6,5,7,1942,0,0,0,K,0,24T51,PASADENA AV,FIGUEROA,46,E,N,A,-,N,NA,NA,NA,NA,NA,NA,NA,NA,NA,N,4,0,1,2,A,-,21,22106,NA,F,C,-,A,A,H,-,A,A,0,NA,NA,NA,NA,Y,NA,-,99,0,0,1,0,0,0,0,0,0,-,-,NA,NA,LOS ANGELES,LOS ANGELES,-118.21127319335938,34.090858459472656
9570021,2023,2023-04-28,1942,2023-03-03,2305,43432,1259,5,5,7,1942,0,0,0,L,0,25T33W,CENTRAL AV,FLORENCE AV,0,NA,Y,A,-,N,NA,NA,NA,NA,NA,NA,NA,NA,NA,Y,3,0,1,2,A,-,09,21801,A,N,A,C,A,A,H,-,C,A,0,NA,NA,NA,NA,Y,NA,A,01,0,1,0,0,0,0,0,0,0,-,-,NA,NA,LOS ANGELES,LOS ANGELES,-118.25646209716795,33.97475814819336
9570022,2023,2023-04-18,1900,2023-02-20,1547,647475,0645,1,5,6,1985,0,0,0,NA,0,62T1,AVENUE SCOTT,AVENUE ROCKEFELLER,0,NA,Y,A,-,N,NA,NA,NA,NA,NA,NA,NA,NA,NA,Y,4,0,1,2,A,-,09,21802,A,N,D,C,A,A,H,-,A,A,0,NA,NA,NA,NA,Y,NA,A,01,0,0,1,0,0,0,0,0,0,-,-,34.431148529052734,-118.56728363037108,LOS ANGELES,SANTA CLARITA,-118.56725311279295,34.43109130859375
9570023,2023,2023-04-26,1942,2023-03-17,645,37540,1117,5,5,7,1942,0,0,0,K,0,24TL27,CYPRESS AV,PEPPER AV,102,N,N,A,-,N,NA,NA,NA,NA,NA,NA,NA,NA,NA,Y,4,0,1,3,A,-,03,22350,NA,N,C,E,A,A,H,-,A,D,0,NA,NA,NA,NA,Y,NA,A,01,0,0,1,0,0,0,0,0,0,-,-,NA,NA,LOS ANGELES,LOS ANGELES,-118.2235870361328,34.091129302978516
9570025,2023,2023-04-28,1942,2023-03-04,1835,38088,1249,6,5,7,1942,0,0,0,L,0,25MX82,FIGEROA ST,GAGE AV,0,NA,Y,A,-,N,NA,NA,NA,NA,NA,NA,NA,NA,NA,Y,3,0,2,5,A,-,12,21453,A,F,D,C,A,A,H,-,C,A,0,NA,NA,NA,NA,Y,NA,-,99,0,2,0,0,0,0,0,0,0,-,-,NA,NA,LOS ANGELES,LOS ANGELES,-118.2826690673828,33.98237991333008
9570045,2023,2023-04-18,1942,2023-03-19,1855,41997,0393,7,5,7,1942,0,0,0,C,0,25MX88,CREED AV,STOCKER PL,2,S,N,A,-,N,NA,NA,NA,NA,NA,NA,NA,NA,NA,Y,4,0,1,1,-,-,-,NA,NA,N,E,I,A,B,H,-,C,A,0,NA,NA,NA,NA,Y,NA,-,-,0,0,1,0,0,0,0,0,0,-,-,NA,NA,LOS ANGELES,LOS ANGELES,-118.32708740234376,34.00874710083008
9570049,2023,2023-04-26,1942,2023-03-18,940,35688,0301,6,5,7,1942,0,0,0,C,0,25TL25,ADAMS BL,REDONDO BL,0,NA,Y,A,-,N,NA,NA,NA,NA,NA,NA,NA,NA,NA,N,4,0,2,2,A,-,12,21453,A,N,D,C,A,A,H,-,A,A,0,NA,NA,NA,NA,Y,NA,-,-,0,0,2,0,0,0,0,0,0,-,-,NA,NA,LOS ANGELES,LOS ANGELES,-118.3562469482422,34.032501220703125
9570103,2023,2023-04-25,1910,2023-03-25,1606,04678,NA,6,5,4,1910,0,0,0,NA,0,009,W OLYMPIC BLVD,ROBERTSON BL,10,W,N,A,-,N,NA,NA,NA,NA,NA,NA,NA,NA,NA,N,4,0,1,2,A,-,03,22350,NA,N,C,C,A,A,A,H,A,A,0,NA,NA,NA,NA,Y,NA,A,01,0,0,1,0,0,0,0,0,0,-,-,NA,NA,LOS ANGELES,BEVERLY HILLS,-118.38367462158205,34.05936813354492
9570104,2023,2023-04-17,1910,2023-03-17,1340,03494,NA,5,5,4,1910,0,0,0,NA,0,009,OLYMPIC BL,ROBERTSON BL,125,W,N,A,-,N,NA,NA,NA,NA,NA,NA,NA,NA,NA,N,3,0,1,2,A,-,10,21952,NA,N,G,B,B,A,H,-,A,D,0,Y,NA,NA,NA,Y,NA,A,01,0,1,0,0,1,0,0,0,0,-,-,NA,NA,LOS ANGELES,BEVERLY HILLS,-118.38404846191406,34.05936050415039
9570105,2023,2023-04-17,1942,2023-03-11,1840,42932,0166,6,5,7,1942,0,0,0,A,0,24TL51,SAN PEDRO ST,7TH ST,197,N,N,A,-,N,NA,NA,NA,NA,NA,NA,NA,NA,NA,N,2,0,1,2,A,-,11,21954,A,N,G,B,D,A,H,-,B,A,0,Y,NA,NA,NA,Y,NA,N,60,1,0,0,0,1,0,0,0,0,-,-,NA,NA,LOS ANGELES,LOS ANGELES,-118.24635314941406,34.04111099243164
9570106,2023,2023-05-11,1942,2023-03-08,655,37540,0237,3,5,7,1942,0,0,0,B,0,24TL27,2ND ST,COLUMBIA AV,100,W,N,B,-,N,NA,NA,NA,NA,NA,NA,NA,NA,NA,N,4,0,1,2,A,-,21,22106,NA,N,D,B,E,A,H,-,A,-,0,Y,NA,NA,NA,Y,NA,A,01,0,0,1,0,1,0,0,0,0,-,-,NA,NA,LOS ANGELES,LOS ANGELES,-118.26316833496094,34.06121826171875
9570107,2023,2023-04-17,1942,2023-03-08,1424,37505,0159,3,5,7,1942,0,0,0,A,0,24TL55,6TH ST,MATEO ST,76,E,N,A,-,N,NA,NA,NA,NA,NA,NA,NA,NA,NA,Y,2,0,1,1,A,-,03,22350,NA,N,H,D,A,A,H,-,A,A,0,NA,NA,Y,NA,Y,NA,C,02,1,0,0,0,0,0,0,0,1,-,-,NA,NA,LOS ANGELES,LOS ANGELES,-118.23251342773438,34.038143157958984
9570108,2023,2023-04-25,1942,2023-03-04,1410,41419,0159,6,5,7,1942,0,0,0,A,0,MQ46,6TH ST,MATEO ST,1620,E,N,A,-,N,NA,NA,NA,NA,NA,NA,NA,NA,NA,N,3,0,1,2,A,-,08,22107,NA,F,B,C,A,A,H,-,A,D,0,NA,NA,Y,NA,Y,NA,A,07,0,1,0,0,0,0,0,0,1,-,-,NA,NA,LOS ANGELES,LOS ANGELES,-118.22940826416016,34.038368225097656
9570109,2023,2023-04-20,1942,2023-03-05,1320,41419,166,7,5,7,1942,0,0,0,P,0,MQ46,SAN PEDRO ST,7TH ST,0,N,N,A,-,N,NA,NA,NA,NA,NA,NA,NA,NA,NA,N,3,0,1,2,A,-,08,22107,NA,F,G,B,F,A,H,-,A,A,0,Y,NA,NA,NA,Y,NA,-,99,0,1,0,0,1,0,0,0,0,-,-,NA,NA,LOS ANGELES,LOS ANGELES,-118.2467803955078,34.04069900512695
9570110,2023,2023-04-25,1942,2023-03-04,1345,31542,0164,6,5,7,1942,0,0,0,A,0,24TL22,MAIN ST,7TH ST,24,E,N,A,-,N,NA,NA,NA,NA,NA,NA,NA,NA,NA,N,3,0,1,2,A,-,17,21100,3,N,G,B,E,A,H,-,A,A,0,Y,NA,NA,NA,Y,NA,A,01,0,1,0,0,1,0,0,0,0,-,-,NA,NA,LOS ANGELES,LOS ANGELES,-118.25132751464844,34.043975830078125
9570111,2023,2023-04-17,1942,2023-03-04,1230,38502,0112,6,5,7,1942,0,0,0,A,0,24TL28,LOS ANGELES,ALISO ST,0,NA,Y,B,-,N,NA,NA,NA,NA,NA,NA,NA,NA,NA,Y,3,0,2,3,A,-,12,21453,A,N,D,C,A,A,H,-,A,D,0,NA,NA,NA,NA,Y,NA,A,08,0,2,0,0,0,0,0,0,0,-,-,NA,NA,LOS ANGELES,LOS ANGELES,-118.23956298828124,34.054847717285156
9570112,2023,2023-04-20,1942,2023-03-05,1410,38590,0181,7,5,7,1942,0,0,0,A,0,24TL52,FIGUEROA ST,12TH ST,0,NA,Y,B,-,N,NA,NA,NA,NA,NA,NA,NA,NA,NA,N,4,0,1,2,A,-,08,22100,A,F,D,G,A,A,H,-,A,A,0,NA,Y,NA,NA,Y,NA,-,99,0,0,1,0,0,0,1,0,0,-,-,NA,NA,LOS ANGELES,LOS ANGELES,-118.26686096191406,34.04188919067383
9570113,2023,2023-06-05,1942,2023-03-03,1520,39761,0138,5,5,7,1942,0,0,0,A,0,24TL58,2ND ST,LOS ANGELES ST,193,E,N,A,-,N,NA,NA,NA,NA,NA,NA,NA,NA,NA,N,3,0,1,2,A,-,09,21804,A,N,D,C,A,A,H,-,A,D,0,NA,NA,NA,NA,Y,NA,A,08,0,1,0,0,0,0,0,0,0,-,-,NA,NA,LOS ANGELES,LOS ANGELES,-118.24284362792967,34.049957275390625
9570114,2023,2023-04-28,1942,2023-03-11,940,42665,1454,6,5,7,1942,0,0,0,N,0,27TL23,CULVER BL,RT 90,0,NA,Y,A,-,Y,LA,7,90,-,-,1.653,R,4,W,Y,2,0,1,2,A,-,09,21801,A,N,D,C,A,B,H,-,A,A,0,NA,NA,NA,NA,Y,NA,-,NA,1,0,0,0,0,0,0,0,0,-,-,NA,NA,LOS ANGELES,LOS ANGELES,-118.4299087524414,33.981971740722656
9570115,2023,2023-04-17,1942,2023-03-03,1915,43371,1406,5,5,7,1942,0,0,0,N,0,27T33,PALMS BL,OVERLAND AV,0,NA,Y,A,-,N,NA,NA,NA,NA,NA,NA,NA,NA,NA,N,2,0,1,2,A,-,09,21801,A,N,D,C,A,A,G,-,C,A,0,NA,NA,Y,NA,Y,NA,A,01,1,0,0,0,0,0,0,0,1,-,-,NA,NA,LOS ANGELES,LOS ANGELES,-118.41162109375,34.02473449707031
9570116,2023,2023-04-24,1942,2023-03-10,1305,42397,1403,5,5,7,1942,0,0,0,N,0,27T42W,W SARDIS AV,TILDEN AV,103,W,N,C,-,N,NA,NA,NA,NA,NA,NA,NA,NA,NA,N,2,0,1,3,A,-,05,21650,NA,N,B,B,E,B,H,-,A,D,0,Y,NA,NA,NA,Y,NA,A,07,1,0,0,0,1,0,0,0,0,-,-,NA,NA,LOS ANGELES,LOS ANGELES,-118.42867279052734,34.03064727783203
9570117,2023,2023-04-17,1942,2023-03-03,720,39546,0815,5,5,7,1942,0,0,0,H,0,27TL25,SEPULVEDA BL,MONTANA AV,26,N,N,A,-,N,NA,NA,NA,NA,NA,NA,NA,NA,NA,N,2,0,1,2,A,-,10,21950,A,N,G,B,B,A,H,-,A,A,0,Y,NA,NA,NA,Y,NA,A,07,1,0,0,0,1,0,0,0,0,-,-,NA,NA,LOS ANGELES,LOS ANGELES,-118.4613037109375,34.06733703613281