CASE_ID,ACCIDENT_YEAR,PROC_DATE,JURIS,COLLISION_DATE,COLLISION_TIME,OFFICER_ID,REPORTING_DISTRICT,DAY_OF_WEEK,CHP_SHIFT,POPULATION,CNTY_CITY_LOC,SPECIAL_COND,BEAT_TYPE,CHP_BEAT_TYPE,CITY_DIVISION_LAPD,CHP_BEAT_CLASS,BEAT_NUMBER,PRIMARY_RD,SECONDARY_RD,DISTANCE,DIRECTION,INTERSECTION,WEATHER_1,WEATHER_2,STATE_HWY_IND,CALTRANS_COUNTY,CALTRANS_DISTRICT,STATE_ROUTE,ROUTE_SUFFIX,POSTMILE_PREFIX,POSTMILE,LOCATION_TYPE,RAMP_INTERSECTION,SIDE_OF_HWY,TOW_AWAY,COLLISION_SEVERITY,NUMBER_KILLED,NUMBER_INJURED,PARTY_COUNT,PRIMARY_COLL_FACTOR,PCF_CODE_OF_VIOL,PCF_VIOL_CATEGORY,PCF_VIOLATION,PCF_VIOL_SUBSECTION,HIT_AND_RUN,TYPE_OF_COLLISION,MVIW,PED_ACTION,ROAD_SURFACE,ROAD_COND_1,ROAD_COND_2,LIGHTING,CONTROL_DEVICE,CHP_ROAD_TYPE,PEDESTRIAN_ACCIDENT,BICYCLE_ACCIDENT,MOTORCYCLE_ACCIDENT,TRUCK_ACCIDENT,NOT_PRIVATE_PROPERTY,ALCOHOL_INVOLVED,STWD_VEHTYPE_AT_FAULT,CHP_VEHTYPE_AT_FAULT,COUNT_SEVERE_INJ,COUNT_VISIBLE_INJ,COUNT_COMPLAINT_PAIN,COUNT_PED_KILLED,COUNT_PED_INJURED,COUNT_BICYCLIST_KILLED,COUNT_BICYCLIST_INJURED,COUNT_MC_KILLED,COUNT_MC_INJURED,PRIMARY_RAMP,SECONDARY_RAMP,LATITUDE,LONGITUDE,COUNTY,CITY,POINT_X,POINT_Y
9571095,2023,2023-04-25,1942,2023-02-06,1720,30892,0395,1,5,7,1942,0,0,0,C,0,3A98,LA SALLE AV,42ND PL,15,S,N,A,-,N,NA,NA,NA,NA,NA,NA,NA,NA,NA,N,3,0,1,2,A,-,09,21801,NA,N,D,C,A,A,H,-,B,A,0,NA,NA,NA,NA,Y,Y,A,07,0,1,0,0,0,0,0,0,0,-,-,NA,NA,LOS ANGELES,LOS ANGELES,-118.30570220947266,34.00602722167969
9571096,2023,2023-04-14,1942,2023-02-18,1645,42492,0338,6,5,7,1942,0,0,0,C,0,3A15,W JEFFERSON BL,MCCLINTOCK AV,0,NA,Y,A,-,N,NA,NA,NA,NA,NA,NA,NA,NA,NA,N,3,0,1,2,A,-,09,21453,B,F,G,B,B,A,H,-,A,A,0,Y,NA,NA,NA,Y,NA,-,99,0,1,0,0,1,0,0,0,0,-,-,NA,NA,LOS ANGELES,LOS ANGELES,-118.287109375,34.025047302246094
9571097,2023,2023-04-25,1942,2023-02-28,1500,42763,1248,2,5,7,1942,0,0,0,L,0,12A69,VERMONT AV,FLORENCE AV,140,N,N,B,-,N,NA,NA,NA,NA,NA,NA,NA,NA,NA,N,3,0,1,2,A,-,11,21954,A,F,G,B,E,A,H,-,A,D,0,Y,NA,NA,NA,Y,NA,N,60,0,1,0,0,1,0,0,0,0,-,-,NA,NA,LOS ANGELES,LOS ANGELES,-118.29174041748048,33.975013732910156
9571098,2023,2023-04-12,1942,2023-02-23,810,33599,1239,4,5,7,1942,0,0,0,L,0,0810,VERMONT AV,60TH ST,5,NA,N,C,-,N,NA,NA,NA,NA,NA,NA,NA,NA,NA,N,4,0,1,2,A,-,10,21950,A,F,G,B,B,B,H,-,A,A,0,Y,NA,NA,NA,Y,NA,A,01,0,0,1,0,1,0,0,0,0,-,-,NA,NA,LOS ANGELES,LOS ANGELES,-118.29148864746094,33.98549270629883
9571099,2023,2023-04-12,1942,2023-02-25,1330,35936,1235,6,5,7,1942,0,0,0,L,0,25T27,61ST ST,RAYMOND AV,0,NA,Y,B,-,N,NA,NA,NA,NA,NA,NA,NA,NA,NA,N,3,0,1,2,A,-,11,21954,A,F,G,B,E,B,H,-,A,A,0,Y,NA,NA,NA,Y,NA,N,60,0,1,0,0,1,0,0,0,0,-,-,NA,NA,LOS ANGELES,LOS ANGELES,-118.29805755615234,33.9841423034668
9571100,2023,2023-04-13,1942,2023-02-04,1805,40099,1209,6,5,7,1942,0,0,0,L,0,25MQ56,FLOWER ST,51ST ST,40,N,N,A,-,N,NA,NA,NA,NA,NA,NA,NA,NA,NA,N,4,0,3,3,A,-,03,22350,NA,F,C,C,A,A,H,-,D,A,0,NA,NA,NA,NA,Y,NA,-,99,0,0,3,0,0,0,0,0,0,-,-,NA,NA,LOS ANGELES,LOS ANGELES,-118.28106689453124,33.99658966064453
9571101,2023,2023-04-19,1942,2023-02-08,1230,41729,1218,3,5,7,1942,0,0,0,L,0,25T27,VERMONT AV,54TH ST,0,NA,Y,A,-,N,NA,NA,NA,NA,NA,NA,NA,NA,NA,N,3,0,1,2,A,-,12,21453,A,F,D,D,A,A,H,-,A,A,0,NA,NA,NA,NA,Y,NA,M,94,0,1,0,0,0,0,0,0,0,-,-,NA,NA,LOS ANGELES,LOS ANGELES,-118.29149627685548,33.99320602416992
9571102,2023,2023-04-12,1942,2023-02-11,120,45039,1265,6,5,7,1942,0,0,0,L,0,12A69,RAYMOND AV,84TH PL,57,S,N,A,-,N,NA,NA,NA,NA,NA,NA,NA,NA,NA,Y,3,0,1,1,A,-,03,22350,NA,N,E,I,A,A,H,-,C,D,0,NA,NA,NA,NA,Y,NA,-,99,0,1,0,0,0,0,0,0,0,-,-,NA,NA,LOS ANGELES,LOS ANGELES,-118.2976531982422,33.961483001708984
9571103,2023,2023-04-13,1942,2023-02-23,830,33599,1258,4,5,7,1942,0,0,0,L,0,25TL23,MAIN ST,79TH ST,0,NA,Y,C,-,N,NA,NA,NA,NA,NA,NA,NA,NA,NA,Y,3,0,2,2,A,-,09,21801,A,N,A,C,A,B,H,-,A,A,0,NA,NA,NA,NA,Y,NA,A,01,0,2,0,0,0,0,0,0,0,-,-,NA,NA,LOS ANGELES,LOS ANGELES,-118.27391052246094,33.967891693115234
9571110,2023,2023-04-12,1942,2023-02-28,2000,41978,1405,2,5,7,1942,0,0,0,N,0,27T33W,NATIONAL BL,VALPARAISO ST,35,N,N,B,C,N,NA,NA,NA,NA,NA,NA,NA,NA,NA,N,2,0,1,2,A,-,00,21954,NA,F,G,B,D,B,H,-,C,D,0,Y,NA,NA,NA,Y,NA,N,60,1,0,0,0,1,0,0,0,0,-,-,NA,NA,LOS ANGELES,LOS ANGELES,-118.41347503662108,34.030433654785156
9571111,2023,2023-04-12,1942,2023-02-28,2001,41957,1405,2,5,7,1942,0,0,0,N,0,27T33,NATIONAL BL,VALPARAISO ST,43,N,N,B,C,N,NA,NA,NA,NA,NA,NA,NA,NA,NA,Y,2,0,1,2,A,-,11,21954,A,F,G,B,D,B,H,-,C,D,0,Y,NA,NA,NA,Y,NA,N,60,1,0,0,0,1,0,0,0,0,-,-,NA,NA,LOS ANGELES,LOS ANGELES,-118.41349792480467,34.03044891357422
9571112,2023,2023-04-12,1942,2023-02-28,2002,41957,1405,2,5,7,1942,0,0,0,N,0,27T33,NATIONAL BL,VALPARAISO ST,40,N,N,B,C,N,NA,NA,NA,NA,NA,NA,NA,NA,NA,Y,2,0,1,2,A,-,11,21954,A,F,G,B,D,B,H,-,C,D,0,Y,NA,NA,NA,Y,NA,N,60,1,0,0,0,1,0,0,0,0,-,-,NA,NA,LOS ANGELES,LOS ANGELES,-118.41349029541016,34.03044128417969
9571113,2023,2023-04-13,1942,2023-02-11,2005,44860,0822,6,5,7,1942,0,0,0,H,0,8A1W3,PACIFIC COAST HWY,TEMESCAL CANYON,180,N,N,A,-,N,NA,NA,NA,NA,NA,NA,NA,NA,NA,Y,2,0,1,2,A,-,03,22350,NA,N,C,C,A,A,H,-,C,A,0,NA,NA,Y,NA,Y,NA,C,02,1,0,0,0,0,0,0,0,1,-,-,NA,NA,LOS ANGELES,LOS ANGELES,-118.5362548828125,34.03606414794922
9571117,2023,2023-04-13,1900,2023-01-13,2307,520312,0814,5,5,4,1960,0,0,0,NA,0,81K4,ARROW HWY,EUCLA AV,528,W,N,A,-,N,NA,NA,NA,NA,NA,NA,NA,NA,NA,N,2,0,1,2,D,-,00,NA,NA,N,G,B,B,A,H,-,C,A,0,Y,NA,NA,NA,Y,Y,-,-,1,0,0,0,1,0,0,0,0,-,-,34.1044807434082,-117.81787872314452,LOS ANGELES,SAN DIMAS,-117.81770324707033,34.104461669921875
9571118,2023,2023-04-13,1900,2023-01-06,1950,625912,BELLF,5,5,5,1908,0,0,0,NA,0,133T1,ROSECRANS AV,WOODRUFF AV,100,E,N,A,-,N,NA,NA,NA,NA,NA,NA,NA,NA,NA,Y,3,0,3,3,A,-,09,21801,A,N,A,C,A,A,H,-,C,D,0,NA,NA,NA,NA,Y,NA,A,07,0,1,2,0,0,0,0,0,0,-,-,NA,NA,LOS ANGELES,BELLFLOWER,-118.11634826660156,33.90203094482422
9571119,2023,2023-04-13,1900,2023-01-30,1920,639813,1368,1,5,5,1952,0,0,0,NA,0,136B,ALONDRA BL,DOWNEY BL,200,E,N,A,-,N,NA,NA,NA,NA,NA,NA,NA,NA,NA,N,4,0,1,2,A,-,09,21804,A,N,D,C,A,A,H,-,C,A,0,NA,NA,NA,NA,Y,NA,A,01,0,0,1,0,0,0,0,0,0,-,-,NA,NA,LOS ANGELES,PARAMOUNT,-118.15080261230467,33.88917922973633
9571120,2023,2023-04-13,1900,2023-01-23,145,648577,1334,1,5,5,1908,0,0,0,NA,0,133T1,BELMONT ST,PENNSWOOD AV,0,NA,Y,A,-,N,NA,NA,NA,NA,NA,NA,NA,NA,NA,Y,3,0,1,1,A,-,01,23152,A,N,E,I,A,A,H,-,C,D,0,NA,NA,NA,NA,Y,Y,A,01,0,1,0,0,0,0,0,0,0,-,-,33.88376998901367,-118.13661956787108,LOS ANGELES,BELLFLOWER,-118.13695526123048,33.88380432128906
9571142,2023,2023-04-25,1900,2023-03-22,1638,635328,1432,3,5,4,1937,0,0,0,NA,0,143T1,GLENDORA AV,SIERRA VISTA CT,25,S,N,C,-,N,NA,NA,NA,NA,NA,NA,NA,NA,NA,N,4,0,1,2,A,-,08,22107,NA,M,D,C,A,B,H,-,B,D,0,NA,NA,NA,NA,Y,NA,A,01,0,0,1,0,0,0,0,0,0,-,-,34.03070831298828,-117.95052337646484,LOS ANGELES,LA PUENTE,-117.95053863525392,34.030731201171875
9571261,2023,2023-04-29,1942,2023-03-31,1840,42670,10X88,5,5,7,1942,0,0,0,J,0,RD1008,SHERMAN WY,BALBOA BL,0,NA,Y,A,-,N,NA,NA,NA,NA,NA,NA,NA,NA,NA,Y,2,0,3,2,A,-,09,21801,NA,N,D,C,A,A,H,-,A,A,0,NA,NA,NA,NA,Y,NA,A,07,1,1,1,0,0,0,0,0,0,-,-,NA,NA,LOS ANGELES,LOS ANGELES,-118.50115203857422,34.201133728027344
9571262,2023,2023-04-29,1942,2023-03-31,1650,40876,1007,5,5,7,1942,0,0,0,J,0,26TL75,SATICOY ST,AMESTOY AV,0,NA,Y,A,-,N,NA,NA,NA,NA,NA,NA,NA,NA,NA,Y,2,0,3,3,A,-,09,21801,A,N,D,B,F,A,H,-,A,D,0,Y,NA,NA,NA,Y,NA,A,01,1,2,0,0,1,0,0,0,0,-,-,NA,NA,LOS ANGELES,LOS ANGELES,-118.50547790527344,34.20842361450195
9571263,2023,2023-04-29,1942,2023-03-18,155,43265,1643,6,5,7,1942,0,0,0,P,0,16X41,SAN FERNANDO RD,VAN NUYS BL,300,S,N,A,-,N,NA,NA,NA,NA,NA,NA,NA,NA,NA,Y,3,0,1,2,A,-,01,23152,A,M,C,E,A,A,H,-,C,D,0,NA,NA,NA,NA,Y,Y,D,22,0,1,0,0,0,0,0,0,0,-,-,NA,NA,LOS ANGELES,LOS ANGELES,-118.42145538330078,34.26548385620117
9571264,2023,2023-04-29,1942,2023-03-29,2210,43822,0906,3,5,7,1942,0,0,0,I,0,26T57,RUNNYMEDE ST,HAZELTINE AV,185,W,N,C,-,N,NA,NA,NA,NA,NA,NA,NA,NA,NA,Y,3,0,1,3,A,-,01,23152,A,N,C,E,A,B,H,-,C,D,0,NA,NA,NA,NA,Y,Y,A,01,0,1,0,0,0,0,0,0,0,-,-,NA,NA,LOS ANGELES,LOS ANGELES,-118.44058990478516,34.20573043823242
9571265,2023,2023-08-30,1942,2023-03-24,1100,43948,1041,5,5,7,1942,0,0,0,J,0,10A83,TAMPA AV,MIRANDA ST,0,NA,Y,A,-,N,NA,NA,NA,NA,NA,NA,NA,NA,NA,N,3,0,2,2,A,-,03,22350,NA,F,C,C,A,A,-,-,A,A,0,NA,NA,NA,NA,Y,NA,D,22,0,1,1,0,0,0,0,0,0,-,-,NA,NA,LOS ANGELES,LOS ANGELES,-118.5534439086914,34.17487335205078
9571266,2023,2023-04-29,1942,2023-03-31,1005,41514,1962,5,5,7,1942,0,0,0,NA,0,26T18,PLUMMER AV,LEMONA AV,327,E,N,A,-,N,NA,NA,NA,NA,NA,NA,NA,NA,NA,Y,3,0,1,5,A,-,03,22350,NA,N,B,E,A,A,H,-,A,D,0,NA,NA,NA,NA,Y,NA,A,01,0,1,0,0,0,0,0,0,0,-,-,NA,NA,LOS ANGELES,LOS ANGELES,-118.45768737792967,34.24271011352539
9571267,2023,2023-04-29,1942,2023-03-31,1755,44265,1753,5,5,7,1942,0,0,0,Q,0,17A99,LASSEN ST,MASON AV,0,NA,Y,A,-,N,NA,NA,NA,NA,NA,NA,NA,NA,NA,N,2,0,1,2,A,-,12,22450,NA,F,B,G,A,A,H,-,B,A,0,NA,Y,NA,NA,Y,NA,A,01,1,0,0,0,0,0,1,0,0,-,-,NA,NA,LOS ANGELES,LOS ANGELES,-118.57980346679688,34.249977111816406
9571268,2023,2023-04-29,1942,2023-03-18,150,43240,1642,6,5,7,1942,0,0,0,P,0,16X41,TELFAIR AV,PIERCE ST,0,NA,-,A,-,N,NA,NA,NA,NA,NA,NA,NA,NA,NA,Y,3,0,1,4,A,-,01,23152,A,M,A,C,A,A,H,-,C,D,0,NA,NA,NA,NA,Y,Y,D,22,0,1,0,0,0,0,0,0,0,-,-,NA,NA,LOS ANGELES,LOS ANGELES,-118.42240142822266,34.26057815551758
9571274,2023,2023-05-05,1953,2023-03-06,1024,8091,1953,1,5,6,1953,0,0,0,NA,0,004,SIERRA MADRE VILLA AV,RT 210,0,NA,Y,A,-,Y,LA,7,210,-,R,29.378,R,4,W,Y,4,0,1,2,A,-,12,21453,A,N,D,C,A,A,H,-,A,A,0,NA,NA,NA,NA,Y,NA,-,-,0,0,1,0,0,0,0,0,0,-,WF,NA,NA,LOS ANGELES,PASADENA,-118.08090209960938,34.1479606628418
9571275,2023,2023-04-29,1953,2023-03-01,1822,1626,1953,3,5,6,1953,0,0,0,NA,0,005,LAKE AV,CORDOVA ST,0,NA,Y,A,-,N,NA,NA,NA,NA,NA,NA,NA,NA,NA,Y,3,0,1,2,A,-,08,22107,NA,N,G,B,B,A,H,-,C,A,0,Y,NA,NA,NA,Y,Y,A,01,0,1,0,0,1,0,0,0,0,-,-,NA,NA,LOS ANGELES,PASADENA,-118.13240051269533,34.14254379272461
9571276,2023,2023-04-29,1953,2023-03-27,2107,1185,CA019,1,5,6,1953,0,0,0,NA,0,003,WALNUT ST,HILL AV,40,NA,N,A,-,N,NA,NA,NA,NA,NA,NA,NA,NA,NA,N,3,0,1,2,A,-,08,22107,NA,N,D,-,A,A,H,-,C,A,0,NA,Y,NA,NA,Y,NA,A,01,0,1,0,0,0,0,1,0,0,-,-,NA,NA,LOS ANGELES,PASADENA,-118.1213836669922,34.14950942993164
9571277,2023,2023-04-29,1953,2023-03-19,826,7777,1953,7,5,6,1953,0,0,0,NA,0,001,ARROYO PKWY,FILLMORE ST,0,NA,Y,B,-,N,NA,NA,NA,NA,NA,NA,NA,NA,NA,Y,3,0,1,2,A,-,04,21703,NA,N,C,C,A,A,H,-,A,A,0,NA,NA,NA,NA,Y,NA,A,01,0,1,0,0,0,0,0,0,0,-,-,NA,NA,LOS ANGELES,PASADENA,-118.14724731445313,34.132957458496094
9571278,2023,2023-04-29,1953,2023-03-07,2048,5818,1953,2,5,6,1953,0,0,0,NA,0,005,ORANGE GROVE BL,WALNUT ST,580,N,N,A,-,N,NA,NA,NA,NA,NA,NA,NA,NA,NA,Y,3,0,1,4,A,-,03,22350,NA,N,B,C,A,A,H,-,C,D,0,NA,NA,NA,NA,Y,Y,A,01,0,1,0,0,0,0,0,0,0,-,-,NA,NA,LOS ANGELES,PASADENA,-118.16039276123048,34.151119232177734
9571279,2023,2023-04-29,1953,2023-03-15,748,5651,1953,3,5,6,1953,0,0,0,NA,0,003,WASHINGTON BL,CATALINA AV,0,NA,Y,A,-,N,NA,NA,NA,NA,NA,NA,NA,NA,NA,Y,4,0,2,2,A,-,09,21801,A,N,A,C,A,A,H,-,A,A,0,NA,NA,NA,NA,Y,NA,A,01,0,0,2,0,0,0,0,0,0,-,-,NA,NA,LOS ANGELES,PASADENA,-118.12960052490234,34.169002532958984
9571280,2023,2023-04-29,1953,2023-03-19,1941,0701,NA,7,5,6,1953,0,0,0,NA,0,NA,ARROYO PKWY,GREEN ST,60,S,N,C,-,N,NA,NA,NA,NA,NA,NA,NA,NA,NA,Y,4,0,3,4,A,-,03,22350,NA,N,C,C,A,B,H,-,C,A,0,NA,NA,NA,NA,Y,NA,A,01,0,0,3,0,0,0,0,0,0,-,-,NA,NA,LOS ANGELES,PASADENA,-118.14744567871094,34.144344329833984
9571291,2023,2023-04-29,1900,2023-03-25,2131,653521,16722,6,5,5,1977,0,0,0,NA,0,167T1,CARSON ST,HARBOR VIEW AV,30,E,N,A,-,N,NA,NA,NA,NA,NA,NA,NA,NA,NA,Y,3,0,1,2,A,-,08,22107,NA,N,F,E,A,A,H,-,C,A,0,NA,NA,NA,NA,Y,NA,A,07,0,1,0,0,0,0,0,0,0,-,-,33.831668853759766,-118.2214584350586,LOS ANGELES,CARSON,-118.22166442871094,33.831729888916016
9571294,2023,2023-04-29,1900,2023-03-22,850,621411,1610,3,5,5,1977,0,0,0,NA,0,16R5,MAIN ST,VICTORIA ST,0,NA,Y,B,C,N,NA,NA,NA,NA,NA,NA,NA,NA,NA,Y,4,0,1,2,A,-,12,21453,A,N,D,C,A,B,H,-,A,A,0,NA,NA,NA,NA,Y,NA,A,07,0,0,1,0,0,0,0,0,0,-,-,33.86545181274414,-118.2755126953125,LOS ANGELES,CARSON,-118.27548980712892,33.86544418334961
9571295,2023,2023-04-29,1900,2023-03-23,658,621411,1614,4,5,5,1977,0,0,0,NA,0,164T,AVALON BL,DEL AMO BL,547,S,N,B,C,N,NA,NA,NA,NA,NA,NA,NA,NA,NA,Y,4,0,2,3,A,-,03,22350,NA,N,C,C,A,B,H,-,A,D,0,NA,NA,NA,NA,Y,NA,A,07,0,0,2,0,0,0,0,0,0,-,-,33.847068786621094,-118.26490783691406,LOS ANGELES,CARSON,-118.26470184326172,33.84612274169922
9571301,2023,2023-04-26,1941,2023-03-27,2042,11656,SOUTH,1,5,7,1941,0,0,0,NA,0,006,MAGNOLIA AV,W 7TH ST,0,NA,Y,A,-,N,NA,NA,NA,NA,NA,NA,NA,NA,NA,N,4,0,1,2,A,-,01,23152,A,N,C,C,A,A,H,-,C,A,0,NA,NA,NA,NA,Y,Y,A,07,0,0,1,0,0,0,0,0,0,-,-,33.77534103393555,-118.19802856445313,LOS ANGELES,LONG BEACH,-118.19803619384766,33.775360107421875
9571304,2023,2023-04-26,1900,2023-03-21,2045,647476,0455,2,5,6,1949,0,0,0,NA,0,43T1P,PIONEER BL,ROSECRANS AV,0,NA,Y,A,-,N,NA,NA,NA,NA,NA,NA,NA,NA,NA,Y,4,0,2,3,A,-,01,23152,A,N,D,C,A,B,H,-,C,A,0,NA,NA,NA,NA,Y,Y,A,01,0,0,2,0,0,0,0,0,0,-,-,NA,NA,LOS ANGELES,NORWALK,-118.08258056640624,33.902137756347656
9571305,2023,2023-04-26,1900,2023-03-22,530,507732,2220,3,5,3,1994,0,0,0,NA,0,222A,REYES ADOBE RD,THOUSAND OAKS BL,0,NA,Y,C,-,N,NA,NA,NA,NA,NA,NA,NA,NA,NA,Y,4,0,2,2,A,-,03,22350,NA,N,A,C,A,B,H,-,C,D,0,NA,NA,NA,NA,Y,NA,A,01,0,0,2,0,0,0,0,0,0,-,-,34.155460357666016,-118.78118896484376,LOS ANGELES,AGOURA HILLS,-118.7812271118164,34.15562057495117
9571306,2023,2023-04-26,1900,2023-03-28,1624,611143,2262,2,5,2,1993,0,0,0,NA,0,226A,RUSSELL RANCH RD,LINDERO CANYON RD,400,E,N,A,-,N,NA,NA,NA,NA,NA,NA,NA,NA,NA,N,4,0,1,2,A,-,08,22107,NA,N,D,C,A,A,H,-,A,D,0,NA,NA,NA,NA,Y,NA,A,01,0,0,1,0,0,0,0,0,0,-,-,34.153011322021484,-118.79605102539064,LOS ANGELES,WESTLAKE VILLAGE,-118.80147552490234,34.15131378173828
9571323,2023,2023-04-25,1900,2023-03-14,1100,635401,1432,2,5,4,1937,0,0,0,NA,0,143T1,AMAR RD,DEL VALLE AV,150,W,N,C,-,N,NA,NA,NA,NA,NA,NA,NA,NA,NA,Y,3,0,1,2,A,-,09,21804,A,N,D,C,A,B,H,-,A,D,0,NA,NA,Y,NA,Y,NA,A,01,0,1,0,0,0,0,0,0,1,-,-,34.036781311035156,-117.94273376464844,LOS ANGELES,LA PUENTE,-117.9438934326172,34.036678314208984
9571324,2023,2023-05-03,1900,2023-03-23,1051,403161,1416,4,5,1,1932,0,0,0,NA,0,141T3,ALBATROSS RD,ALMAHURST ST,0,NA,Y,B,-,N,NA,NA,NA,NA,NA,NA,NA,NA,NA,Y,4,0,1,2,A,-,12,22450,A,M,D,C,A,B,H,-,A,A,0,NA,NA,NA,NA,Y,NA,-,-,0,0,1,0,0,0,0,0,0,-,-,33.992000579833984,-117.9240493774414,LOS ANGELES,INDUSTRY,-117.92411041259766,33.99199295043945
9571325,2023,2023-04-25,1900,2023-03-22,1000,646466,1431,3,5,4,1937,0,0,0,NA,0,143T1,AMAR RD,UNRUH AV,83,E,N,C,-,N,NA,NA,NA,NA,NA,NA,NA,NA,NA,Y,4,0,1,2,A,-,10,21950,A,N,G,B,B,B,H,-,A,A,0,Y,NA,NA,NA,Y,NA,A,07,0,0,1,0,1,0,0,0,0,-,-,34.03826904296875,-117.9535675048828,LOS ANGELES,LA PUENTE,-117.9534149169922,34.038265228271484
9571326,2023,2023-05-10,1900,2023-03-06,1715,622484,1432,1,5,4,1937,0,0,0,NA,0,143T1,AILERON AV,BLACKWOOD ST,82,N,N,A,-,N,NA,NA,NA,NA,NA,NA,NA,NA,NA,Y,3,0,2,2,A,-,09,21801,A,N,A,C,A,A,H,-,A,D,0,NA,NA,NA,NA,Y,NA,A,07,0,1,1,0,0,0,0,0,0,-,-,34.03902053833008,-117.94058227539064,LOS ANGELES,LA PUENTE,-117.9405517578125,34.03898620605469
9571328,2023,2023-04-25,1900,2023-03-02,905,649521,2116,4,5,5,1943,0,0,0,NA,0,212T4,LONG BEACH BL,JOSEPHINE ST,0,NA,Y,A,-,N,NA,NA,NA,NA,NA,NA,NA,NA,NA,N,3,0,1,2,A,-,12,22450,A,N,D,C,A,A,H,-,A,A,0,NA,NA,NA,NA,Y,NA,A,08,0,1,0,0,0,0,0,0,0,-,-,33.922298431396484,-118.20982360839844,LOS ANGELES,LYNWOOD,-118.20970916748048,33.921241760253906
9571367,2023,2023-05-08,1942,2023-04-10,2110,38033,1504,1,5,7,1942,0,0,0,O,0,266T37,LAUREL CANYON BL,RUNNYMEDE ST,250,N,N,A,-,N,NA,NA,NA,NA,NA,NA,NA,NA,NA,N,2,0,1,2,A,-,11,21950,B,F,G,B,D,A,H,-,C,A,0,Y,NA,NA,NA,Y,NA,N,60,1,0,0,0,1,0,0,0,0,-,-,NA,NA,LOS ANGELES,LOS ANGELES,-118.3965301513672,34.20643615722656
9571368,2023,2023-05-08,1942,2023-04-10,300,38033,0952,1,5,7,1942,0,0,0,I,0,26T37W,MAGNOLIA BL,KESTER AV,40,E,N,A,-,N,NA,NA,NA,NA,NA,NA,NA,NA,NA,Y,3,0,1,2,A,-,01,23152,A,N,B,C,A,A,H,-,C,A,0,NA,NA,NA,NA,Y,Y,A,01,0,1,0,0,0,0,0,0,0,-,-,NA,NA,LOS ANGELES,LOS ANGELES,-118.457275390625,34.16484832763672
9571369,2023,2023-05-08,1942,2023-04-10,240,40972,0923,1,5,7,1942,0,0,0,I,0,26T37,VICTORY BL,NOBLE AV,300,W,N,A,-,N,NA,NA,NA,NA,NA,NA,NA,NA,NA,Y,3,0,1,4,A,-,01,23152,NA,M,D,E,A,A,H,-,C,A,0,NA,NA,NA,NA,Y,Y,A,01,0,1,0,0,0,0,0,0,0,-,-,NA,NA,LOS ANGELES,LOS ANGELES,-118.46283721923828,34.1866569519043
9571456,2023,2023-05-19,1900,2023-04-04,1057,550490,2612,2,5,6,1950,0,0,0,NA,0,261T1,RANCHO VISTA BL,15TH ST WEST,0,NA,Y,A,-,N,NA,NA,NA,NA,NA,NA,NA,NA,NA,Y,3,0,3,2,A,-,12,21453,A,N,D,D,A,A,H,-,A,A,0,NA,NA,NA,NA,Y,NA,-,-,0,1,2,0,0,0,0,0,0,-,-,34.60179901123047,-118.15666961669922,LOS ANGELES,PALMDALE,-118.15657043457033,34.60176086425781
9571457,2023,2023-05-12,1931,2023-04-08,1533,5326,1931,6,5,5,1931,0,0,0,NA,0,003,SATURN AV,TEMPLETON ST,0,NA,Y,A,-,N,NA,NA,NA,NA,NA,NA,NA,NA,NA,Y,4,0,2,3,A,-,09,21804,A,N,D,C,A,A,H,-,A,A,0,NA,NA,NA,NA,Y,NA,A,01,0,0,2,0,0,0,0,0,0,-,-,NA,NA,LOS ANGELES,HUNTINGTON PARK,-118.22003936767578,33.97690963745117
9571460,2023,2023-06-07,1900,2023-04-07,1151,550490,2616,5,5,6,1950,0,0,0,NA,0,261T1,AVENUE M,65TH STREET WEST,8,W,N,A,-,N,NA,NA,NA,NA,NA,NA,NA,NA,NA,Y,3,0,2,2,A,-,06,21755,A,N,B,C,A,A,H,-,A,D,0,NA,NA,Y,NA,Y,NA,C,02,0,2,0,0,0,0,0,0,2,-,-,34.64556121826172,-118.24488067626952,LOS ANGELES,PALMDALE,-118.24488830566406,34.64561080932617
9571461,2023,2023-06-01,1972,2023-03-30,1046,18263,NA,4,5,6,1972,0,0,0,NA,0,NA,182ND ST,YUKON AV,240,W,N,B,-,N,NA,NA,NA,NA,NA,NA,NA,NA,NA,N,4,0,1,7,A,-,07,21658,A,N,B,C,A,B,H,-,A,D,0,NA,NA,NA,NA,Y,NA,D,NA,0,0,1,0,0,0,0,0,0,-,-,NA,NA,LOS ANGELES,TORRANCE,-118.33599090576172,33.86557388305664
9571463,2023,2023-06-01,1942,2023-04-12,1805,34458,1321,3,5,7,1942,0,0,0,M,0,24TL54,BROADWAY,21ST ST,2,N,N,A,B,N,NA,NA,NA,NA,NA,NA,NA,NA,NA,N,4,0,2,2,A,-,11,21956,A,N,G,B,E,A,-,-,-,D,0,Y,NA,NA,NA,Y,Y,N,60,0,0,2,0,1,0,0,0,0,-,-,NA,NA,LOS ANGELES,LOS ANGELES,-118.26710510253906,34.02942657470703
9571464,2023,2023-06-07,1900,2023-04-07,1654,525413,2610,5,5,6,1950,0,0,0,NA,0,262T1,10TH STREET EAST,AVENUE S,9,S,N,A,-,N,NA,NA,NA,NA,NA,NA,NA,NA,NA,Y,4,0,3,3,A,-,12,21453,A,N,D,C,A,A,H,-,B,A,0,NA,NA,NA,NA,Y,NA,A,07,0,0,3,0,0,0,0,0,0,-,-,34.55807876586914,-118.11144256591795,LOS ANGELES,PALMDALE,-118.11142730712892,34.558040618896484
9571471,2023,2023-06-30,1942,2023-04-07,45,44941,1109,5,5,7,1942,0,0,0,K,0,11A17,COLORADO BL,LOLETA AV,250,W,N,A,-,N,NA,NA,NA,NA,NA,NA,NA,NA,NA,Y,3,0,1,2,A,-,01,23152,A,N,E,J,A,A,H,-,C,D,0,NA,NA,NA,NA,Y,Y,A,01,0,1,0,0,0,0,0,0,0,-,-,NA,NA,LOS ANGELES,LOS ANGELES,-118.19892120361328,34.13938903808594