CASE_ID,ACCIDENT_YEAR,PROC_DATE,JURIS,COLLISION_DATE,COLLISION_TIME,OFFICER_ID,REPORTING_DISTRICT,DAY_OF_WEEK,CHP_SHIFT,POPULATION,CNTY_CITY_LOC,SPECIAL_COND,BEAT_TYPE,CHP_BEAT_TYPE,CITY_DIVISION_LAPD,CHP_BEAT_CLASS,BEAT_NUMBER,PRIMARY_RD,SECONDARY_RD,DISTANCE,DIRECTION,INTERSECTION,WEATHER_1,WEATHER_2,STATE_HWY_IND,CALTRANS_COUNTY,CALTRANS_DISTRICT,STATE_ROUTE,ROUTE_SUFFIX,POSTMILE_PREFIX,POSTMILE,LOCATION_TYPE,RAMP_INTERSECTION,SIDE_OF_HWY,TOW_AWAY,COLLISION_SEVERITY,NUMBER_KILLED,NUMBER_INJURED,PARTY_COUNT,PRIMARY_COLL_FACTOR,PCF_CODE_OF_VIOL,PCF_VIOL_CATEGORY,PCF_VIOLATION,PCF_VIOL_SUBSECTION,HIT_AND_RUN,TYPE_OF_COLLISION,MVIW,PED_ACTION,ROAD_SURFACE,ROAD_COND_1,ROAD_COND_2,LIGHTING,CONTROL_DEVICE,CHP_ROAD_TYPE,PEDESTRIAN_ACCIDENT,BICYCLE_ACCIDENT,MOTORCYCLE_ACCIDENT,TRUCK_ACCIDENT,NOT_PRIVATE_PROPERTY,ALCOHOL_INVOLVED,STWD_VEHTYPE_AT_FAULT,CHP_VEHTYPE_AT_FAULT,COUNT_SEVERE_INJ,COUNT_VISIBLE_INJ,COUNT_COMPLAINT_PAIN,COUNT_PED_KILLED,COUNT_PED_INJURED,COUNT_BICYCLIST_KILLED,COUNT_BICYCLIST_INJURED,COUNT_MC_KILLED,COUNT_MC_INJURED,PRIMARY_RAMP,SECONDARY_RAMP,LATITUDE,LONGITUDE,COUNTY,CITY,POINT_X,POINT_Y
9572128,2023,2023-05-05,1942,2023-04-01,1536,41419,1313,6,5,7,1942,0,0,0,M,0,24T55,SAN PEDRO ST,21ST ST,84,N,N,A,-,N,NA,NA,NA,NA,NA,NA,NA,NA,NA,Y,4,0,2,2,A,-,08,22102,NA,F,D,D,A,A,H,-,A,A,0,NA,NA,NA,NA,Y,NA,-,99,0,0,2,0,0,0,0,0,0,-,-,NA,NA,LOS ANGELES,LOS ANGELES,-118.25843811035156,34.02604675292969
9572149,2023,2023-05-05,1942,2023-04-03,200,36814,1323,1,5,7,1942,0,0,0,M,0,24TL31,GRIFFITH AV,ADAMS BL,75,N,N,A,-,N,NA,NA,NA,NA,NA,NA,NA,NA,NA,N,4,0,1,3,A,-,01,23152,A,N,A,E,A,A,H,-,C,D,0,NA,NA,NA,NA,Y,Y,A,01,0,0,1,0,0,0,0,0,0,-,-,NA,NA,LOS ANGELES,LOS ANGELES,-118.25736236572266,34.02006149291992
9572171,2023,2023-05-23,1900,2023-04-28,1550,533418,2314,5,5,5,1919,0,0,0,NA,0,230T,CLARETTA AV,DEL AMO BL,8,N,N,-,-,N,NA,NA,NA,NA,NA,NA,NA,NA,NA,N,4,0,1,2,A,-,05,21650,1,N,-,-,A,-,-,-,-,-,0,NA,Y,NA,NA,Y,NA,L,04,0,0,1,0,0,0,1,0,0,-,-,33.84626007080078,-118.06781768798828,LOS ANGELES,CERRITOS,-118.06780242919922,33.8462028503418
9572172,2023,2023-05-19,1900,2023-04-26,1603,546537,2316,3,5,5,1919,0,0,0,NA,0,230T,SOUTH ST,ELY AV,60,E,N,A,-,N,NA,NA,NA,NA,NA,NA,NA,NA,NA,Y,3,0,1,2,A,-,03,22350,NA,N,C,C,A,A,H,-,A,D,0,NA,NA,NA,NA,Y,NA,A,07,0,1,0,0,0,0,0,0,0,-,-,33.85866165161133,-118.068603515625,LOS ANGELES,CERRITOS,-118.06884002685548,33.85852813720703
9572173,2023,2023-05-19,1900,2023-04-20,809,546537,2313,4,5,5,1919,0,0,0,NA,0,230T,DEL AMO,CABRILLO LN,0,NA,Y,A,-,N,NA,NA,NA,NA,NA,NA,NA,NA,NA,NA,4,0,2,2,A,-,09,21802,A,N,D,C,A,A,H,-,A,A,0,NA,NA,NA,NA,Y,NA,A,08,0,0,2,0,0,0,0,0,0,-,-,33.84611129760742,-118.07971954345705,LOS ANGELES,CERRITOS,-118.07971954345705,33.84608459472656
9572174,2023,2023-05-19,1900,2023-04-09,1900,616164,2319,7,5,5,1919,0,0,0,NA,0,234,MARQUARDT AV,ARTESIA BL,0,NA,Y,A,-,N,NA,NA,NA,NA,NA,NA,NA,NA,NA,Y,4,0,2,2,A,-,12,21453,A,N,D,C,A,A,H,-,C,A,0,NA,NA,NA,NA,Y,NA,A,01,0,0,2,0,0,0,0,0,0,-,-,33.87322998046875,-118.0376434326172,LOS ANGELES,CERRITOS,-118.03777313232422,33.87323760986328
9572213,2023,2023-05-18,1900,2023-04-03,710,635401,1430,1,5,4,1937,0,0,0,NA,0,143T1,NELSON AV,ORANGE AV,0,NA,Y,A,-,N,NA,NA,NA,NA,NA,NA,NA,NA,NA,Y,3,0,1,2,A,-,12,21453,A,N,D,C,A,A,H,-,A,A,0,NA,NA,NA,NA,Y,NA,-,-,0,1,0,0,0,0,0,0,0,-,-,34.040470123291016,-117.976806640625,LOS ANGELES,LA PUENTE,-117.97681427001952,34.04041290283203
9572249,2023,2023-05-19,1900,2023-03-26,2120,644302,0975,7,5,4,1979,0,0,0,NA,0,93T2,FAIRFAX,SANTA MONICA BL,0,NA,Y,A,-,N,NA,NA,NA,NA,NA,NA,NA,NA,NA,Y,3,0,1,2,D,-,00,NA,NA,N,D,C,A,A,H,-,C,A,0,NA,NA,NA,NA,Y,NA,-,-,0,1,0,0,0,0,0,0,0,-,-,34.09083938598633,-118.36154174804688,LOS ANGELES,WEST HOLLYWOOD,-118.36147308349608,34.09083938598633
9572250,2023,2023-05-18,1900,2023-03-11,1225,443069,0977,6,5,4,1979,0,0,0,NA,0,92T2,SAN VICENTE BL,SUNSET BL,65,S,N,A,-,N,NA,NA,NA,NA,NA,NA,NA,NA,NA,N,4,0,1,2,A,-,08,22100,B,N,C,C,A,A,H,-,A,D,0,NA,NA,NA,NA,Y,NA,A,01,0,0,1,0,0,0,0,0,0,-,-,34.0900993347168,-118.38561248779295,LOS ANGELES,WEST HOLLYWOOD,-118.38555908203124,34.090492248535156
9572251,2023,2023-05-18,1900,2023-03-26,1639,606099,0973,7,5,4,1979,0,0,0,NA,0,92T1,SANTA MONICA BL,LA BREA AV,100,W,N,A,-,N,NA,NA,NA,NA,NA,NA,NA,NA,NA,N,3,0,1,2,A,-,11,21955,NA,N,A,B,D,A,H,-,A,A,0,Y,NA,NA,NA,Y,NA,N,60,0,1,0,0,1,0,0,0,0,-,-,34.0907096862793,-118.34455871582033,LOS ANGELES,WEST HOLLYWOOD,-118.34440612792967,34.0906982421875
9572253,2023,2023-05-23,1900,2023-03-12,406,641037,0977,7,5,4,1979,0,0,0,NA,0,93T3,SANTA MONICA BL,ROBERTSON BL,0,NA,Y,A,-,N,NA,NA,NA,NA,NA,NA,NA,NA,NA,Y,3,0,2,3,A,-,01,23152,G,N,G,B,B,A,H,-,C,A,0,Y,NA,NA,NA,Y,NA,A,07,0,1,1,0,1,0,0,0,0,-,-,34.083988189697266,-118.38542175292967,LOS ANGELES,WEST HOLLYWOOD,-118.38555145263672,34.083953857421875
9572254,2023,2023-05-18,1938,2023-03-22,1314,NA,AREA1,3,5,4,1938,0,0,0,NA,0,001,BASELINE RD,HALE AV,0,NA,Y,C,-,N,NA,NA,NA,NA,NA,NA,NA,NA,NA,Y,4,0,2,2,A,-,09,21801,A,N,D,C,A,B,H,-,A,D,0,NA,NA,NA,NA,Y,NA,A,01,0,0,2,0,0,0,0,0,0,-,-,NA,NA,LOS ANGELES,LA VERNE,-117.78256225585938,34.1216926574707
9572255,2023,2023-05-23,1900,2023-03-02,1630,540701,2316,4,5,5,1919,0,0,0,NA,0,233A,183RD ST,BLOOMFIELD AV,728,W,N,A,-,N,NA,NA,NA,NA,NA,NA,NA,NA,NA,N,4,0,1,2,A,-,08,22107,NA,N,G,B,A,A,H,-,A,A,0,NA,NA,NA,NA,Y,NA,A,07,0,0,1,0,0,0,0,0,0,-,-,33.86587142944336,-118.0663604736328,LOS ANGELES,CERRITOS,-118.06619262695313,33.86578369140625
9572256,2023,2023-05-18,1938,2023-03-29,1859,1317,NA,3,5,4,1938,0,0,0,NA,0,003,FRUIT ST,BOWDOIN ST,0,NA,Y,A,-,N,NA,NA,NA,NA,NA,NA,NA,NA,NA,Y,4,0,4,2,A,-,12,21453,A,N,D,C,A,A,H,-,A,A,0,NA,NA,NA,NA,Y,NA,A,08,0,0,4,0,0,0,0,0,0,-,-,NA,NA,LOS ANGELES,LA VERNE,-117.76161956787108,34.118038177490234
9572269,2023,2023-05-20,1942,2023-05-03,2315,44787,1063,3,5,7,1942,0,0,0,J,0,10X88,RESEDA BL,CLARK ST,0,NA,Y,A,-,N,NA,NA,NA,NA,NA,NA,NA,NA,NA,Y,3,0,2,2,A,-,03,22350,NA,F,B,C,A,A,H,-,C,D,0,NA,NA,NA,NA,Y,NA,-,99,0,2,0,0,0,0,0,0,0,-,-,NA,NA,LOS ANGELES,LOS ANGELES,-118.5360107421875,34.169776916503906
9572270,2023,2023-06-01,1942,2023-05-03,1330,36406,1061,3,5,7,1942,0,0,0,J,0,26M42,VENTURA BL,TAMPA AV,75,W,N,A,-,N,NA,NA,NA,NA,NA,NA,NA,NA,NA,N,3,0,1,2,A,-,08,22107,NA,F,B,B,A,A,H,-,A,A,0,NA,NA,NA,NA,Y,NA,-,99,0,1,0,0,0,0,0,0,0,-,-,NA,NA,LOS ANGELES,LOS ANGELES,-118.55371856689452,34.172645568847656
9572271,2023,2023-05-20,1942,2023-05-01,2250,36814,1362,1,5,7,1942,0,0,0,M,0,24T33,52ND ST,SAN PEDRO ST,0,NA,Y,A,-,N,NA,NA,NA,NA,NA,NA,NA,NA,NA,Y,4,0,1,2,A,-,12,22450,A,F,D,C,A,A,H,-,D,D,0,NA,NA,NA,NA,Y,NA,A,07,0,0,1,0,0,0,0,0,0,-,-,NA,NA,LOS ANGELES,LOS ANGELES,-118.27016448974608,33.9952392578125
9572272,2023,2023-05-26,1970,2023-05-01,1533,222,SPB2,1,5,4,1970,0,0,0,NA,0,0B2,FAIR OAKS AV,GREVELIA ST,270,S,N,A,-,N,NA,NA,NA,NA,NA,NA,NA,NA,NA,Y,4,0,1,3,A,-,03,22350,NA,N,C,C,A,A,H,-,A,A,0,NA,NA,NA,NA,Y,NA,A,01,0,0,1,0,0,0,0,0,0,-,-,NA,NA,LOS ANGELES,SOUTH PASADENA,-118.15032196044922,34.118167877197266
9572274,2023,2023-05-26,1931,2023-05-04,550,5342,1931,4,5,5,1931,0,0,0,NA,0,004,GAGE AV,BENSON ST,90,W,N,A,-,N,NA,NA,NA,NA,NA,NA,NA,NA,NA,Y,4,0,1,2,A,-,09,21804,A,N,D,C,A,B,H,-,A,D,0,NA,NA,NA,NA,Y,NA,A,01,0,0,1,0,0,0,0,0,0,-,-,NA,NA,LOS ANGELES,HUNTINGTON PARK,-118.21178436279295,33.98065948486328
9572275,2023,2023-05-26,1938,2023-05-01,1039,720,AREA3,1,5,4,1938,0,0,0,NA,0,003,FRUIT ST,AMHERST ST,0,NA,Y,B,C,N,NA,NA,NA,NA,NA,NA,NA,NA,NA,Y,3,0,1,2,A,-,09,21802,A,N,D,C,A,B,H,-,A,A,0,NA,NA,NA,NA,Y,NA,A,01,0,1,0,0,0,0,0,0,0,-,-,NA,NA,LOS ANGELES,LA VERNE,-117.76161956787108,34.11623764038086
9572284,2023,2023-05-20,1900,2023-05-03,1747,608916,1625,3,5,5,1977,0,0,0,NA,0,167T1,BANNING BL,238TH ST,0,NA,Y,A,-,N,NA,NA,NA,NA,NA,NA,NA,NA,NA,N,4,0,1,2,A,-,10,21950,A,N,G,B,B,A,H,-,A,D,0,Y,NA,NA,NA,Y,NA,A,07,0,0,1,0,1,0,0,0,0,-,-,33.80949020385742,-118.26042938232422,LOS ANGELES,CARSON,-118.2605209350586,33.80945587158203
9572285,2023,2023-05-20,1900,2023-05-04,1029,655860,1614,4,5,5,1977,0,0,0,NA,0,164T,FIGUEROA ST,ANELO AV,28,N,N,A,-,N,NA,NA,NA,NA,NA,NA,NA,NA,NA,N,3,0,1,2,A,-,03,22350,NA,N,B,E,A,A,H,-,A,D,0,NA,NA,Y,NA,Y,NA,C,02,0,1,0,0,0,0,0,0,1,-,-,33.856571197509766,-118.28144073486328,LOS ANGELES,CARSON,-118.28163146972656,33.85639572143555
9572286,2023,2023-05-20,1900,2023-05-07,1518,626048,1614,7,5,5,1977,0,0,0,NA,0,164T1,AVALON BL,184TH ST,402,N,N,A,-,N,NA,NA,NA,NA,NA,NA,NA,NA,NA,Y,4,0,1,4,C,-,18,NA,NA,N,C,C,A,A,H,-,A,A,0,NA,NA,NA,NA,Y,NA,-,-,0,0,1,0,0,0,0,0,0,-,-,33.86431884765625,-118.26625823974608,LOS ANGELES,CARSON,-118.2663803100586,33.86415100097656
9572287,2023,2023-05-20,1900,2023-05-08,1440,626048,1613,1,5,5,1977,0,0,0,NA,0,164T1,BEACHEY PL,CENTRAL AV,1278,E,N,A,-,N,NA,NA,NA,NA,NA,NA,NA,NA,NA,Y,4,0,1,1,A,-,03,22350,NA,N,E,I,A,A,H,-,A,D,0,NA,NA,NA,NA,Y,NA,A,01,0,0,1,0,0,0,0,0,0,-,-,33.86172103881836,-118.24423980712892,LOS ANGELES,CARSON,-118.24457550048828,33.86187744140625
9572288,2023,2023-05-20,1900,2023-05-05,800,623660,1628,5,5,5,1977,0,0,0,NA,0,168T,CARSON ST,ACARUS AV,0,NA,Y,A,-,N,NA,NA,NA,NA,NA,NA,NA,NA,NA,N,4,0,1,2,A,-,09,21802,A,N,D,C,A,A,H,-,A,D,0,NA,NA,NA,NA,Y,NA,A,01,0,0,1,0,0,0,0,0,0,-,-,33.831668853759766,-118.25106811523438,LOS ANGELES,CARSON,-118.25106048583984,33.83164978027344
9572381,2023,2023-07-11,1941,2023-06-01,1259,11831,NORTH,4,5,7,1941,0,0,0,NA,0,020,ATLANTIC AV,ATLANTIC AV 3804,0,NA,N,B,-,N,NA,NA,NA,NA,NA,NA,NA,NA,NA,NA,4,0,1,2,C,-,18,NA,NA,N,A,C,A,A,H,-,A,A,0,NA,NA,NA,NA,Y,NA,-,-,0,0,1,0,0,0,0,0,0,-,-,33.82695007324219,-118.18498992919922,LOS ANGELES,LONG BEACH,-118.18893432617188,33.88365936279297
9572393,2023,2023-07-11,1902,2023-06-09,1132,827,16,5,5,5,1902,0,0,0,NA,0,003,HUNTINGTON DR,HOLLY AV,0,NA,Y,B,-,N,NA,NA,NA,NA,NA,NA,NA,NA,NA,Y,4,0,2,2,A,-,09,21453,C,N,D,C,A,A,H,-,A,A,0,NA,NA,NA,NA,Y,NA,A,01,0,0,2,0,0,0,0,0,0,-,-,NA,NA,LOS ANGELES,ARCADIA,-118.04592895507813,34.13153839111328
9572394,2023,2023-07-13,1900,2023-06-09,1530,L14034,0631,5,5,6,1985,0,0,0,NA,0,61T1,SOLEDAD CANYON RD,SOLAMINT RD,80,W,N,A,-,N,NA,NA,NA,NA,NA,NA,NA,NA,NA,Y,2,0,2,2,A,-,03,22350,NA,N,C,C,A,A,H,-,A,A,0,NA,NA,NA,NA,Y,NA,A,01,1,0,1,0,0,0,0,0,0,-,-,34.41640090942383,-118.45230102539064,LOS ANGELES,SANTA CLARITA,-118.45270538330078,34.41653823852539
9572395,2023,2023-07-13,1900,2023-06-08,1915,647475,0642,4,5,6,1985,0,0,0,NA,0,64T1,WESTOVER WY,HAMMOND CT,119,N,N,A,-,N,NA,NA,NA,NA,NA,NA,NA,NA,NA,Y,4,0,1,2,A,-,08,22107,NA,N,A,C,A,A,H,-,A,D,0,NA,NA,NA,NA,Y,NA,A,07,0,0,1,0,0,0,0,0,0,-,-,34.43904113769531,-118.55325317382813,LOS ANGELES,SANTA CLARITA,-118.55327606201172,34.43893814086914
9572404,2023,2023-06-08,1942,2023-04-21,1645,41374,0762,5,5,7,1942,0,0,0,G,0,27TL48,ALVIRA ST,AIRDROME ST,0,NA,Y,A,-,N,NA,NA,NA,NA,NA,NA,NA,NA,NA,N,4,0,2,2,A,-,09,21802,A,F,D,C,A,A,A,-,A,D,0,NA,NA,NA,NA,Y,NA,-,99,0,0,2,0,0,0,0,0,0,-,-,NA,NA,LOS ANGELES,LOS ANGELES,-118.37541961669922,34.04694747924805
9572405,2023,2023-06-08,1942,2023-04-20,1835,35439,0745,4,5,7,1942,0,0,0,G,0,20A58,LA BREA AV,9TH ST,20,S,N,A,-,N,NA,NA,NA,NA,NA,NA,NA,NA,NA,N,4,0,2,3,A,-,03,22350,NA,F,C,C,A,A,H,-,A,A,0,NA,NA,NA,NA,Y,NA,-,99,0,0,2,0,0,0,0,0,0,-,-,NA,NA,LOS ANGELES,LOS ANGELES,-118.34535980224608,34.05881881713867
9572540,2023,2023-06-09,1900,2023-05-01,1913,652895,0455,1,5,6,1949,0,0,0,NA,0,45T1/P,ALONDRA BL,MAIDSTONE AV,0,NA,Y,A,-,N,NA,NA,NA,NA,NA,NA,NA,NA,NA,NA,3,0,1,3,A,-,12,21453,A,N,D,C,A,A,H,-,B,A,0,NA,NA,NA,NA,Y,NA,A,01,0,1,0,0,0,0,0,0,0,-,-,NA,NA,LOS ANGELES,NORWALK,-118.08688354492188,33.887672424316406
9572541,2023,2023-06-09,1900,2023-05-06,804,489533,0456,6,5,6,1949,0,0,0,NA,0,43T1,PIONEER BL,EXCELSIOR DR,111,N,N,A,-,N,NA,NA,NA,NA,NA,NA,NA,NA,NA,Y,4,0,2,2,A,-,01,23152,A,N,C,C,A,A,H,-,A,D,0,NA,NA,NA,NA,Y,Y,A,01,0,0,2,0,0,0,0,0,0,-,-,NA,NA,LOS ANGELES,NORWALK,-118.0826416015625,33.89521408081055
9572542,2023,2023-06-09,1900,2023-05-07,2350,624614,0454,7,5,6,1949,0,0,0,NA,0,43T1,IMPERIAL HWY,NORWALK BL,0,NA,Y,A,-,N,NA,NA,NA,NA,NA,NA,NA,NA,NA,Y,4,0,1,2,A,-,09,21453,C,N,D,C,A,A,H,-,C,A,0,NA,NA,NA,NA,Y,NA,A,07,0,0,1,0,0,0,0,0,0,-,-,NA,NA,LOS ANGELES,NORWALK,-118.07270050048828,33.917057037353516
9572543,2023,2023-06-09,1900,2023-05-29,1645,630211,0453,1,5,6,1949,0,0,0,NA,0,43T1/P,FIRESTONE BL,PIONEER BL,0,NA,Y,A,-,N,NA,NA,NA,NA,NA,NA,NA,NA,NA,Y,2,0,1,2,A,-,12,21453,A,N,D,G,A,A,H,-,A,A,0,NA,Y,NA,NA,Y,NA,L,04,1,0,0,0,0,0,1,0,0,-,-,NA,NA,LOS ANGELES,NORWALK,-118.08187103271484,33.91269302368164
9572544,2023,2023-06-09,1900,2023-05-31,630,624614,0459,3,5,6,1949,0,0,0,NA,0,43T1,CARMENITA,PIUMA ST,525,S,N,B,-,N,NA,NA,NA,NA,NA,NA,NA,NA,NA,N,3,0,1,2,A,-,09,21801,A,N,D,C,A,A,H,-,A,A,0,NA,NA,NA,NA,Y,NA,A,07,0,1,0,0,0,0,0,0,0,-,-,NA,NA,LOS ANGELES,NORWALK,NA,NA
9572545,2023,2023-06-09,1900,2023-05-03,1240,LM1406,0460,3,5,4,1936,0,0,0,NA,0,46Z/D,TELEGRAPH RD,HUTCHINS DR,162,S,N,A,-,N,NA,NA,NA,NA,NA,NA,NA,NA,NA,Y,4,0,1,2,A,-,09,21801,A,N,D,C,A,A,H,-,A,D,0,NA,NA,NA,NA,Y,NA,A,01,0,0,1,0,0,0,0,0,0,-,-,33.91830062866211,-118.01399993896484,LOS ANGELES,LA MIRADA,-118.01404571533205,33.918270111083984
9572546,2023,2023-06-09,1900,2023-05-25,900,550672,0460,4,5,4,1936,0,0,0,NA,0,46T1/D,HUTCHINS DR,GOLDENDALE DR,50,E,N,B,-,N,NA,NA,NA,NA,NA,NA,NA,NA,NA,Y,4,0,1,1,A,-,08,22107,NA,N,E,I,A,A,H,-,A,D,0,NA,NA,NA,NA,Y,NA,A,01,0,0,1,0,0,0,0,0,0,-,-,33.91899871826172,-118.01300048828124,LOS ANGELES,LA MIRADA,-118.01393127441406,33.91902542114258
9572547,2023,2023-06-12,1920,2023-05-15,810,13965,NA,1,5,6,1920,0,0,0,NA,0,001,WOODRUFF AV,NANCE AV,0,NA,Y,A,-,N,NA,NA,NA,NA,NA,NA,NA,NA,NA,N,4,0,1,2,A,-,00,21221,NA,N,G,B,A,A,H,-,A,A,0,NA,NA,NA,NA,Y,NA,M,94,0,0,1,0,0,0,0,0,0,-,-,NA,NA,LOS ANGELES,DOWNEY,-118.11672973632813,33.93084716796875
9572548,2023,2023-06-12,1920,2023-05-19,1210,13385,1920,5,5,6,1920,0,0,0,NA,0,006,FIRESTONE BL,MYRTLE ST,92,E,N,B,-,N,NA,NA,NA,NA,NA,NA,NA,NA,NA,Y,3,0,2,2,A,-,11,21954,A,F,G,B,E,A,H,-,A,A,0,Y,NA,Y,NA,Y,NA,N,60,0,2,0,0,1,0,0,0,1,-,-,NA,NA,LOS ANGELES,DOWNEY,-118.1363525390625,33.941925048828125
9572562,2023,2023-05-11,1942,2023-04-08,2050,41072,1844,6,5,7,1942,0,0,0,R,0,25T31,AVALON BL,108TH ST,100,S,N,A,-,N,NA,NA,NA,NA,NA,NA,NA,NA,NA,Y,3,0,3,2,A,-,01,23152,A,N,C,C,A,A,H,-,C,A,0,NA,NA,NA,NA,Y,Y,A,01,0,3,0,0,0,0,0,0,0,-,-,NA,NA,LOS ANGELES,LOS ANGELES,-118.26519775390624,33.93800735473633
9572575,2023,2023-05-23,1900,2023-04-12,1630,624459,2262,3,5,2,1993,0,0,0,NA,0,226,LINDERO CANYON RD,RUSSELL RANCH RD,280,S,N,B,-,N,NA,NA,NA,NA,NA,NA,NA,NA,NA,Y,4,0,1,1,-,-,-,NA,NA,N,A,I,A,A,H,-,A,D,0,NA,NA,NA,NA,Y,NA,A,01,0,0,1,0,0,0,0,0,0,-,-,34.15373992919922,-118.79733276367188,LOS ANGELES,WESTLAKE VILLAGE,-118.80216217041016,34.151920318603516
9572576,2023,2023-05-19,1900,2023-04-15,1745,656786,1010,6,5,3,1995,0,0,0,NA,0,101A,DECKER CANYON RD,RT 1,8448,N,N,A,-,N,NA,NA,NA,NA,NA,NA,NA,NA,NA,Y,3,0,2,2,A,-,05,21460,NA,N,A,C,A,A,H,-,A,D,0,NA,NA,NA,NA,Y,NA,A,01,0,2,0,0,0,0,0,0,0,-,-,34.05801010131836,-118.89711761474608,LOS ANGELES,MALIBU,-118.89720916748048,34.0573616027832
9572593,2023,2023-05-09,1942,2023-04-06,649,37505,1383,4,5,7,1942,0,0,0,M,0,24TL25,61TH ST,BROADWAY,45,W,N,A,-,N,NA,NA,NA,NA,NA,NA,NA,NA,NA,Y,4,0,1,2,A,-,09,21804,A,F,D,C,A,A,H,-,A,D,0,NA,NA,NA,NA,Y,Y,A,01,0,0,1,0,0,0,0,0,0,-,-,NA,NA,LOS ANGELES,LOS ANGELES,-118.27843475341795,33.98421096801758
9572594,2023,2023-05-09,1942,2023-04-06,720,37540,1383,4,5,7,1942,0,0,0,M,0,24T28,BRENTWOOD ST,SLAUSON AV,100,NA,N,A,-,N,NA,NA,NA,NA,NA,NA,NA,NA,NA,N,4,0,1,2,A,-,08,22107,NA,F,B,C,A,A,H,-,A,D,0,NA,NA,NA,NA,Y,NA,-,-,0,0,1,0,0,0,0,0,0,-,-,NA,NA,LOS ANGELES,LOS ANGELES,-118.27720642089844,33.989192962646484
9572595,2023,2023-05-10,1942,2023-04-05,2050,31324,0497,3,5,7,1942,0,0,0,D,0,24T34,WHITTIER BL,LORENA AV,0,NA,Y,A,-,N,NA,NA,NA,NA,NA,NA,NA,NA,NA,Y,4,0,1,2,A,-,01,23152,A,N,D,C,A,A,H,-,C,A,0,NA,NA,NA,NA,Y,Y,A,01,0,0,1,0,0,0,0,0,0,-,-,NA,NA,LOS ANGELES,LOS ANGELES,-118.20098876953124,34.027793884277344
9572596,2023,2023-05-15,1942,2023-04-04,230,41353,1371,2,5,7,1942,0,0,0,M,0,13A75,MAIN ST,56TH ST,0,NA,Y,A,-,N,NA,NA,NA,NA,NA,NA,NA,NA,NA,Y,4,0,2,4,A,-,08,22107,NA,M,D,C,A,A,H,-,C,D,0,NA,NA,NA,NA,Y,NA,A,01,0,0,2,0,0,0,0,0,0,-,-,NA,NA,LOS ANGELES,LOS ANGELES,-118.27394104003906,33.99152374267578
9572603,2023,2023-05-10,1942,2023-04-12,850,36527,1394,3,5,7,1942,0,0,0,M,0,24MQ42,MAIN ST,64TH ST,0,NA,Y,A,-,N,NA,NA,NA,NA,NA,NA,NA,NA,NA,Y,4,0,1,3,A,-,03,22350,NA,F,C,C,A,A,H,-,A,D,0,NA,NA,NA,NA,Y,NA,A,01,0,0,1,0,0,0,0,0,0,-,-,NA,NA,LOS ANGELES,LOS ANGELES,-118.27393341064452,33.98151779174805
9572604,2023,2023-05-10,1942,2023-04-11,410,38590,0443,2,5,7,1942,0,0,0,D,0,24T32,MARENGO ST,STATE ST,56,E,N,B,-,N,NA,NA,NA,NA,NA,NA,NA,NA,NA,N,2,0,1,2,A,-,08,22107,NA,F,G,B,E,A,H,-,C,D,0,Y,NA,NA,NA,Y,NA,-,99,1,0,0,0,1,0,0,0,0,-,-,NA,NA,LOS ANGELES,LOS ANGELES,-118.21003723144533,34.057769775390625
9572605,2023,2023-05-24,1942,2023-04-11,852,39859,1361,2,5,7,1942,0,0,0,M,0,24MQ72,GRAND AV,52ND AV,12,N,N,A,-,N,NA,NA,NA,NA,NA,NA,NA,NA,NA,N,2,0,1,2,A,-,06,21750,NA,F,-,G,A,A,H,-,A,D,0,NA,Y,NA,NA,Y,Y,-,99,1,0,0,0,0,0,1,0,0,-,-,NA,NA,LOS ANGELES,LOS ANGELES,-118.28008270263672,33.99577331542969
9572606,2023,2023-05-16,1942,2023-04-10,2005,39062,1321,1,5,7,1942,0,0,0,M,0,24TL33,HILL ST,23RD ST,0,NA,Y,A,-,N,NA,NA,NA,NA,NA,NA,NA,NA,NA,Y,3,0,1,2,A,-,12,21453,A,N,D,C,A,A,H,-,C,A,0,NA,NA,NA,NA,Y,NA,-,-,0,1,0,0,0,0,0,0,0,-,-,NA,NA,LOS ANGELES,LOS ANGELES,-118.26907348632813,34.02853012084961
9572607,2023,2023-05-10,1942,2023-04-10,205,44205,1352,1,5,7,1942,0,0,0,M,0,13A63,VERNON,AVALON,0,NA,Y,A,-,N,NA,NA,NA,NA,NA,NA,NA,NA,NA,Y,3,0,2,2,A,-,01,23152,A,N,C,C,A,A,H,-,C,A,0,NA,NA,NA,NA,Y,Y,A,01,0,1,1,0,0,0,0,0,0,-,-,NA,NA,LOS ANGELES,LOS ANGELES,-118.26526641845705,34.00387191772461
9572608,2023,2023-05-10,1942,2023-04-10,50,38357,1351,1,5,7,1942,0,0,0,M,0,24T34,VERNON AV,BROADWAY,6,E,N,A,-,N,NA,NA,NA,NA,NA,NA,NA,NA,NA,N,2,0,1,2,A,-,10,21950,A,N,G,B,B,A,H,-,C,A,0,Y,NA,NA,NA,Y,NA,-,99,1,0,0,0,1,0,0,0,0,-,-,NA,NA,LOS ANGELES,LOS ANGELES,-118.27835083007813,34.00379943847656
9572609,2023,2023-05-10,1942,2023-04-08,1935,36023,1325,6,5,7,1942,0,0,0,M,0,24TL51,E 32ND ST,CENTRAL AV,200,E,N,A,-,N,NA,NA,NA,NA,NA,NA,NA,NA,NA,N,3,0,1,2,A,-,11,21956,A,N,G,B,D,A,H,-,C,D,0,Y,NA,NA,NA,Y,NA,N,60,0,1,0,0,1,0,0,0,0,-,-,NA,NA,LOS ANGELES,LOS ANGELES,-118.25587463378906,34.01451110839844
9572610,2023,2023-05-10,1942,2023-04-07,2150,34350,1371,5,5,7,1942,0,0,0,M,0,24T32,54TH ST,GRAND AV,105,E,N,A,-,N,NA,NA,NA,NA,NA,NA,NA,NA,NA,N,4,0,1,2,A,-,03,22350,NA,F,B,E,A,A,H,-,C,D,0,NA,NA,NA,NA,Y,Y,-,99,0,0,1,0,0,0,0,0,0,-,-,NA,NA,LOS ANGELES,LOS ANGELES,-118.27971649169922,33.9932975769043