CASE_ID,ACCIDENT_YEAR,PROC_DATE,JURIS,COLLISION_DATE,COLLISION_TIME,OFFICER_ID,REPORTING_DISTRICT,DAY_OF_WEEK,CHP_SHIFT,POPULATION,CNTY_CITY_LOC,SPECIAL_COND,BEAT_TYPE,CHP_BEAT_TYPE,CITY_DIVISION_LAPD,CHP_BEAT_CLASS,BEAT_NUMBER,PRIMARY_RD,SECONDARY_RD,DISTANCE,DIRECTION,INTERSECTION,WEATHER_1,WEATHER_2,STATE_HWY_IND,CALTRANS_COUNTY,CALTRANS_DISTRICT,STATE_ROUTE,ROUTE_SUFFIX,POSTMILE_PREFIX,POSTMILE,LOCATION_TYPE,RAMP_INTERSECTION,SIDE_OF_HWY,TOW_AWAY,COLLISION_SEVERITY,NUMBER_KILLED,NUMBER_INJURED,PARTY_COUNT,PRIMARY_COLL_FACTOR,PCF_CODE_OF_VIOL,PCF_VIOL_CATEGORY,PCF_VIOLATION,PCF_VIOL_SUBSECTION,HIT_AND_RUN,TYPE_OF_COLLISION,MVIW,PED_ACTION,ROAD_SURFACE,ROAD_COND_1,ROAD_COND_2,LIGHTING,CONTROL_DEVICE,CHP_ROAD_TYPE,PEDESTRIAN_ACCIDENT,BICYCLE_ACCIDENT,MOTORCYCLE_ACCIDENT,TRUCK_ACCIDENT,NOT_PRIVATE_PROPERTY,ALCOHOL_INVOLVED,STWD_VEHTYPE_AT_FAULT,CHP_VEHTYPE_AT_FAULT,COUNT_SEVERE_INJ,COUNT_VISIBLE_INJ,COUNT_COMPLAINT_PAIN,COUNT_PED_KILLED,COUNT_PED_INJURED,COUNT_BICYCLIST_KILLED,COUNT_BICYCLIST_INJURED,COUNT_MC_KILLED,COUNT_MC_INJURED,PRIMARY_RAMP,SECONDARY_RAMP,LATITUDE,LONGITUDE,COUNTY,CITY,POINT_X,POINT_Y
9572906,2023,2023-06-09,1942,2023-04-13,2136,45035,2113,4,5,7,1942,0,0,0,NA,0,0A5,SATICOY ST,SHOUP AV,0,NA,Y,B,-,N,NA,NA,NA,NA,NA,NA,NA,NA,NA,Y,3,0,1,2,A,-,01,23152,A,N,A,I,A,B,H,-,C,A,0,NA,NA,NA,NA,Y,Y,-,NA,0,1,0,0,0,0,0,0,0,-,-,NA,NA,LOS ANGELES,LOS ANGELES,-118.61469268798828,34.208290100097656
9572907,2023,2023-06-09,1900,2023-04-06,1208,656791,1321,4,5,5,1935,0,0,0,NA,0,132T2D,CANDLEWOOD ST,FIDLER ST,0,NA,Y,A,-,N,NA,NA,NA,NA,NA,NA,NA,NA,NA,Y,3,0,1,2,A,-,09,21802,A,N,D,C,A,A,H,-,A,A,0,NA,NA,NA,NA,Y,NA,A,01,0,1,0,0,0,0,0,0,0,-,-,33.853660583496094,-118.13160705566406,LOS ANGELES,LAKEWOOD,-118.13162994384766,33.8536262512207
9572908,2023,2023-06-07,1900,2023-04-01,1430,651189,1321,6,5,5,1935,0,0,0,NA,0,132,DEL AMO BL,WOODRUFF AV,15,W,N,A,-,N,NA,NA,NA,NA,NA,NA,NA,NA,NA,N,4,0,2,2,A,-,04,21703,NA,M,C,C,A,-,H,-,A,A,0,NA,NA,NA,NA,Y,NA,A,01,0,0,2,0,0,0,0,0,0,-,-,NA,NA,LOS ANGELES,LAKEWOOD,-118.11648559570313,33.846981048583984
9572909,2023,2023-06-09,1900,2023-04-03,1019,656791,1321,1,5,5,1935,0,0,0,NA,0,132T2D,DEL AMO BL,BELLFLOWER BL,0,NA,Y,B,-,N,NA,NA,NA,NA,NA,NA,NA,NA,NA,Y,4,0,2,2,A,-,08,22107,NA,N,D,C,A,A,H,-,A,A,0,NA,NA,NA,NA,Y,NA,A,01,0,0,2,0,0,0,0,0,0,-,-,33.84706115722656,-118.12507629394533,LOS ANGELES,LAKEWOOD,-118.12514495849608,33.847110748291016
9572910,2023,2023-06-09,1900,2023-04-03,1700,643411,1361,1,5,5,1952,0,0,0,NA,0,136,GARFIELD AV,HOWERY ST,50,S,N,A,-,N,NA,NA,NA,NA,NA,NA,NA,NA,NA,Y,2,0,1,2,A,-,03,22350,NA,N,C,C,A,A,H,-,A,A,0,NA,NA,Y,NA,Y,NA,C,02,1,0,0,0,0,0,0,0,1,-,-,NA,NA,LOS ANGELES,PARAMOUNT,-118.16893005371094,33.91215133666992
9572911,2023,2023-06-09,1900,2023-04-06,1930,616065,1367,4,5,5,1952,0,0,0,NA,0,136D1P,GARFIELD AV,ALONDRA BL,136,S,N,A,-,N,NA,NA,NA,NA,NA,NA,NA,NA,NA,N,3,0,1,2,A,-,08,22107,NA,N,B,C,A,-,H,-,B,D,0,NA,NA,NA,NA,Y,NA,A,01,0,1,0,0,0,0,0,0,0,-,-,NA,NA,LOS ANGELES,PARAMOUNT,-118.16879272460938,33.88872528076172
9572912,2023,2023-06-09,1900,2023-04-08,1700,654683,1366,6,5,5,1952,0,0,0,NA,0,136D,ALONDRA BL,HOME DEPOT,0,NA,Y,A,-,N,NA,NA,NA,NA,NA,NA,NA,NA,NA,Y,4,0,1,2,D,-,00,NA,NA,N,D,C,A,A,H,-,A,A,0,NA,NA,NA,NA,Y,NA,-,-,0,0,1,0,0,0,0,0,0,-,-,NA,NA,LOS ANGELES,PARAMOUNT,NA,NA
9572913,2023,2023-06-15,1900,2023-04-09,1411,641155,1352,7,5,3,1927,0,0,0,NA,0,135B,CARSON ST,BLOOMFIELD AV,0,NA,Y,A,-,N,NA,NA,NA,NA,NA,NA,NA,NA,NA,Y,3,0,2,3,A,-,12,21453,A,N,D,C,A,A,H,-,A,A,0,NA,NA,NA,NA,Y,NA,A,01,0,1,1,0,0,0,0,0,0,-,-,NA,NA,LOS ANGELES,HAWAIIAN GARDENS,-118.06343841552734,33.83155822753906
9572914,2023,2023-06-09,1900,2023-04-06,1700,652731,1327,4,5,5,1935,0,0,0,NA,0,132T2,NECTAR  AV,CARSON ST,100,N,N,A,-,N,NA,NA,NA,NA,NA,NA,NA,NA,NA,N,3,0,1,2,A,-,03,22350,NA,N,C,C,A,A,H,-,A,D,0,NA,NA,NA,NA,Y,NA,A,01,0,1,0,0,0,0,0,0,0,-,-,NA,NA,LOS ANGELES,LAKEWOOD,-118.08796691894533,33.831783294677734
9572915,2023,2023-06-09,1900,2023-04-06,1610,652731,1328,4,5,5,1935,0,0,0,NA,0,132T2,BLOOMFIELD AV,CENTRALIA ST,300,N,N,A,-,N,NA,NA,NA,NA,NA,NA,NA,NA,NA,N,3,0,2,2,A,-,04,21703,NA,N,C,C,A,A,H,-,A,D,0,NA,NA,NA,NA,Y,NA,A,07,0,2,0,0,0,0,0,0,0,-,-,NA,NA,LOS ANGELES,LAKEWOOD,-118.0634765625,33.83958435058594
9572916,2023,2023-06-09,1900,2023-04-10,1548,647144,1320,1,5,5,1935,0,0,0,NA,0,132T1,DEL AMO BL,OBISPO AV,0,NA,Y,A,-,N,NA,NA,NA,NA,NA,NA,NA,NA,NA,N,4,0,1,2,A,-,03,22350,NA,N,C,C,A,A,H,-,A,D,0,NA,NA,NA,NA,Y,NA,A,01,0,0,1,0,0,0,0,0,0,-,-,NA,NA,LOS ANGELES,LAKEWOOD,-118.15476989746094,33.84703063964844
9572917,2023,2023-06-09,1900,2023-04-08,1318,650428,1321,6,5,5,1935,0,0,0,NA,0,132W1,DEL AMO BL,HAZELBROOK AV,13,S,N,A,-,N,NA,NA,NA,NA,NA,NA,NA,NA,NA,Y,2,0,2,3,A,-,09,21801,A,N,A,C,A,A,H,-,A,D,0,NA,NA,NA,NA,Y,NA,A,01,1,1,0,0,0,0,0,0,0,-,-,33.84700012207031,-118.13899993896484,LOS ANGELES,LAKEWOOD,-118.13980102539064,33.847171783447266
9572918,2023,2023-06-09,1900,2023-04-13,1305,618405,0458,4,5,6,1949,0,0,0,NA,0,43T1,PIONEER BL,CEDARVALE ST,10,N,N,A,-,N,NA,NA,NA,NA,NA,NA,NA,NA,NA,Y,3,0,1,3,A,-,08,22107,NA,N,B,C,A,A,H,-,A,D,0,NA,NA,NA,NA,Y,NA,A,07,0,1,0,0,0,0,0,0,0,-,-,NA,NA,LOS ANGELES,NORWALK,-118.0823211669922,33.88169860839844
9572919,2023,2023-06-12,1900,2023-04-01,1014,644628,0463,6,5,4,1936,0,0,0,NA,0,46T1,SANTA GERTRUDES AV,IMPERIAL HWY,696,S,N,A,-,N,NA,NA,NA,NA,NA,NA,NA,NA,NA,N,3,0,1,2,A,-,05,21650,1,N,H,G,A,A,H,-,A,D,0,NA,Y,NA,NA,Y,NA,L,04,0,1,0,0,0,0,1,0,0,-,-,NA,NA,LOS ANGELES,LA MIRADA,-117.99434661865234,33.91537094116211
9572942,2023,2023-05-08,1942,2023-03-24,2300,43965,3A15,5,5,7,1942,0,0,0,NA,0,0321,LA BREA BL,OBAMA BL,20,N,N,A,-,N,NA,NA,NA,NA,NA,NA,NA,NA,NA,N,2,0,1,2,A,-,11,21955,NA,N,-,-,-,A,-,-,C,-,0,Y,NA,Y,NA,Y,NA,N,60,1,0,0,0,0,0,0,0,1,-,-,NA,NA,LOS ANGELES,LOS ANGELES,-118.35561370849608,34.021583557128906
9572944,2023,2023-05-08,1942,2023-03-28,905,33599,1805,2,5,7,1942,0,0,0,R,0,25TL23,AVALON BL,92ND ST,0,NA,Y,A,-,N,NA,NA,NA,NA,NA,NA,NA,NA,NA,N,2,0,1,2,A,-,10,21950,A,N,G,B,B,A,H,-,A,A,0,Y,NA,NA,NA,Y,NA,A,07,1,0,0,0,1,0,0,0,0,-,-,NA,NA,LOS ANGELES,LOS ANGELES,-118.2651596069336,33.95288848876953
9572945,2023,2023-05-08,1942,2023-03-28,730,33599,1218,2,5,7,1942,0,0,0,L,0,25TL23,FIGUEROA,52ND PL,40,S,N,A,-,N,NA,NA,NA,NA,NA,NA,NA,NA,NA,N,4,0,1,3,A,-,03,22350,NA,F,C,C,A,A,H,-,A,D,0,NA,NA,NA,NA,Y,NA,-,99,0,0,1,0,0,0,0,0,0,-,-,NA,NA,LOS ANGELES,LOS ANGELES,-118.28269958496094,33.99489974975586
9572946,2023,2023-05-08,1942,2023-03-27,730,33599,1862,1,5,7,1942,0,0,0,R,0,25TL23,118TH ST,MAIN ST,200,E,N,A,-,N,NA,NA,NA,NA,NA,NA,NA,NA,NA,N,3,0,1,3,A,-,00,21954,NA,N,G,B,D,A,H,-,A,D,0,Y,NA,NA,NA,Y,NA,N,60,0,1,0,0,1,0,0,0,0,-,-,NA,NA,LOS ANGELES,LOS ANGELES,-118.27391052246094,33.92647933959961
9572947,2023,2023-05-08,1942,2023-03-26,1045,37393,1804,7,5,7,1942,0,0,0,R,0,25TL27,CENTRAL AV,88TH PL,0,NA,Y,A,-,N,NA,NA,NA,NA,NA,NA,NA,NA,NA,Y,2,0,3,3,A,-,12,21453,A,N,D,C,A,A,H,-,A,A,0,NA,NA,NA,NA,Y,NA,A,01,1,0,2,0,0,0,0,0,0,-,-,NA,NA,LOS ANGELES,LOS ANGELES,-118.25641632080078,33.9565315246582
9572948,2023,2023-05-12,1942,2023-03-26,1045,43913,1249,7,5,7,1942,0,0,0,L,0,25T23,ESTRELLA AV,70TH ST,0,NA,Y,A,-,N,NA,NA,NA,NA,NA,NA,NA,NA,NA,N,2,0,1,2,A,-,12,22450,A,N,D,C,A,A,H,-,A,A,0,NA,NA,Y,NA,Y,NA,-,-,1,0,0,0,0,0,0,0,1,-,-,NA,NA,LOS ANGELES,LOS ANGELES,-118.28488159179688,33.97608947753906
9572949,2023,2023-05-08,1942,2023-03-25,2030,42720,1257,6,5,7,1942,0,0,0,L,0,25T31W,79TH ST,VERMONT AV,548,E,N,A,-,N,NA,NA,NA,NA,NA,NA,NA,NA,NA,N,2,0,1,2,A,-,11,21954,A,F,G,B,E,A,H,-,C,D,0,Y,NA,NA,NA,Y,NA,N,60,1,0,0,0,1,0,0,0,0,-,-,NA,NA,LOS ANGELES,LOS ANGELES,-118.29006958007813,33.967803955078125
9572950,2023,2023-05-08,1942,2023-03-24,2040,44988,1864,5,5,7,1942,0,0,0,R,0,18A63,IMPERIAL HWY,WADSWORTH AV,20,W,N,A,-,N,NA,NA,NA,NA,NA,NA,NA,NA,NA,Y,2,0,1,2,A,-,08,22102,NA,N,D,-,A,A,-,-,C,A,0,NA,NA,Y,NA,Y,NA,A,01,1,0,0,0,0,0,0,0,1,-,-,NA,NA,LOS ANGELES,LOS ANGELES,-118.25868988037108,33.93095397949219
9572951,2023,2023-05-08,1942,2023-03-24,119,45203,1256,5,5,7,1942,0,0,0,L,0,12A69W,528 W FLORENCE AV,DENVER,20,W,N,A,-,N,NA,NA,NA,NA,NA,NA,NA,NA,NA,Y,3,0,1,3,A,-,03,22350,NA,F,B,C,F,A,H,-,C,D,0,Y,NA,NA,NA,Y,NA,A,07,0,1,0,0,1,0,0,0,0,-,-,NA,NA,LOS ANGELES,LOS ANGELES,-118.28387451171876,33.97465896606445
9572952,2023,2023-05-12,1942,2023-03-23,1415,39028,1267,4,5,7,1942,0,0,0,L,0,25M88,VERMONT AV,MANCHESTER AV,0,NA,Y,A,-,N,NA,NA,NA,NA,NA,NA,NA,NA,NA,N,2,0,1,2,A,-,12,21453,A,N,D,G,A,A,H,-,A,A,0,NA,Y,NA,NA,Y,NA,-,-,1,0,0,0,0,0,1,0,0,-,-,NA,NA,LOS ANGELES,LOS ANGELES,-118.2917709350586,33.960025787353516
9572953,2023,2023-05-08,1942,2023-03-22,2030,41756,1822,3,5,7,1942,0,0,0,R,0,18A1,FIGUEROA ST,W 102ND ST,0,NA,Y,A,-,N,NA,NA,NA,NA,NA,NA,NA,NA,NA,Y,3,0,1,2,A,-,09,21801,NA,N,D,C,A,A,H,-,C,D,0,NA,NA,NA,NA,Y,NA,A,01,0,1,0,0,0,0,0,0,0,-,-,NA,NA,LOS ANGELES,LOS ANGELES,-118.28263092041016,33.94369888305664
9572954,2023,2023-05-08,1942,2023-03-09,900,39745,1824,4,5,7,1942,0,0,0,R,0,25MQ12,AVALON BL,CENTURY AV,5,N,N,A,-,N,NA,NA,NA,NA,NA,NA,NA,NA,NA,N,3,0,1,3,A,-,09,21801,A,F,D,C,A,A,H,-,A,A,0,NA,NA,NA,NA,Y,NA,-,99,0,1,0,0,0,0,0,0,0,-,-,NA,NA,LOS ANGELES,LOS ANGELES,-118.2651824951172,33.94562530517578
9572955,2023,2023-05-08,1942,2023-03-03,1650,41536,1232,5,5,7,1942,0,0,0,L,0,25M059,SLAUSON AV,3RD AV,15,E,N,A,-,N,NA,NA,NA,NA,NA,NA,NA,NA,NA,Y,4,0,1,1,A,-,03,22350,NA,N,D,I,A,A,H,-,A,D,0,NA,NA,NA,NA,Y,Y,A,01,0,0,1,0,0,0,0,0,0,-,-,NA,NA,LOS ANGELES,LOS ANGELES,-118.32054138183594,33.98910140991211
9572956,2023,2023-05-08,1942,2023-03-23,2050,43418,1218,4,5,7,1942,0,0,0,L,0,12A39,WESTERN AV,SLAUSON AV,0,NA,Y,A,-,N,NA,NA,NA,NA,NA,NA,NA,NA,NA,Y,3,0,2,3,A,-,12,21453,A,F,A,C,A,A,H,-,A,A,0,NA,NA,NA,NA,Y,Y,-,99,0,2,0,0,0,0,0,0,0,-,-,NA,NA,LOS ANGELES,LOS ANGELES,-118.30895233154295,33.9891471862793
9572961,2023,2023-05-05,1976,2023-03-30,1057,531,NA,4,5,3,1964,0,0,0,NA,0,001,NORWALK BL,SMITH AV,27,N,N,B,-,N,NA,NA,NA,NA,NA,NA,NA,NA,NA,Y,4,0,2,2,A,-,-,NA,NA,N,C,C,A,A,H,-,A,A,0,NA,NA,NA,NA,Y,NA,A,07,0,0,2,0,0,0,0,0,0,-,-,NA,NA,LOS ANGELES,SANTA FE SPRINGS,-118.0727310180664,33.94893264770508
9572962,2023,2023-05-05,1976,2023-03-19,2333,564,NA,7,5,3,1964,0,0,0,NA,0,002,FLORENCE AV,ORR AND DAY RD,102,E,N,C,-,N,NA,NA,NA,NA,NA,NA,NA,NA,NA,Y,3,0,1,2,A,-,11,21954,A,N,G,B,D,B,H,-,C,A,0,Y,NA,NA,NA,Y,Y,N,60,0,1,0,0,1,0,0,0,0,-,-,NA,NA,LOS ANGELES,SANTA FE SPRINGS,-118.09029388427734,33.93537521362305
9572964,2023,2023-05-05,1900,2023-03-13,908,653926,0451,1,5,6,1949,0,0,0,NA,0,43T1,IMPERIAL HWY,HOXIE AV,384,E,N,A,-,N,NA,NA,NA,NA,NA,NA,NA,NA,NA,Y,4,0,1,1,C,-,18,NA,NA,N,E,I,A,A,H,-,A,D,0,NA,NA,NA,NA,Y,NA,-,-,0,0,1,0,0,0,0,0,0,-,-,NA,NA,LOS ANGELES,NORWALK,-118.10220336914064,33.91716003417969
9572965,2023,2023-05-05,1900,2023-03-27,923,602259,0452,1,5,6,1949,0,0,0,NA,0,43T1,IMPERIAL HWY,BALSAM ST,9,E,N,A,-,N,NA,NA,NA,NA,NA,NA,NA,NA,NA,N,4,0,1,2,A,-,10,21950,A,N,G,B,B,A,H,-,A,D,0,Y,NA,NA,NA,Y,NA,A,01,0,0,1,0,1,0,0,0,0,-,-,NA,NA,LOS ANGELES,NORWALK,-118.0681610107422,33.917091369628906
9572966,2023,2023-05-05,1900,2023-03-04,1850,643895,0451,6,5,6,1949,0,0,0,NA,0,43T1,FIRESTONE BL,STUDEBAKER RD,0,NA,Y,A,-,N,NA,NA,NA,NA,NA,NA,NA,NA,NA,N,4,0,1,2,A,-,10,21950,A,N,G,B,B,A,H,-,C,A,0,Y,NA,NA,NA,Y,NA,A,07,0,0,1,0,1,0,0,0,0,-,-,NA,NA,LOS ANGELES,NORWALK,-118.0993194580078,33.922054290771484
9572967,2023,2023-05-05,1900,2023-03-26,1717,658321,1332,7,5,5,1908,0,0,0,NA,0,133T2,ALONDRA BL,BELLFLOWER BL,545,W,N,A,-,N,NA,NA,NA,NA,NA,NA,NA,NA,NA,N,4,0,1,2,A,-,09,21804,A,N,D,C,A,A,H,-,A,D,0,NA,NA,NA,NA,Y,NA,A,01,0,0,1,0,0,0,0,0,0,-,-,NA,NA,LOS ANGELES,BELLFLOWER,-118.12709045410156,33.88933563232422
9572968,2023,2023-05-05,1900,2023-03-27,1108,656409,1326,1,5,5,1935,0,0,0,NA,0,132T2,PALO VERDE AV,SOUTH ST,165,S,N,A,-,N,NA,NA,NA,NA,NA,NA,NA,NA,NA,Y,4,0,1,2,A,-,09,21804,A,N,F,D,A,A,H,-,A,D,0,NA,NA,NA,NA,Y,NA,A,01,0,0,1,0,0,0,0,0,0,-,-,NA,NA,LOS ANGELES,LAKEWOOD,-118.10833740234376,33.857826232910156
9572969,2023,2023-05-05,1900,2023-03-28,1330,642100,1333,2,5,5,1908,0,0,0,NA,0,133T2,ALONDRA BL,WOODRUFF AV,0,NA,Y,A,-,N,NA,NA,NA,NA,NA,NA,NA,NA,NA,Y,2,0,2,2,A,-,04,21703,NA,N,C,C,A,A,H,-,A,D,0,NA,NA,NA,NA,Y,NA,A,01,2,0,0,0,0,0,0,0,0,-,-,NA,NA,LOS ANGELES,BELLFLOWER,-118.11739349365234,33.88935470581055
9572970,2023,2023-05-09,1900,2023-03-25,1200,642100,1331,6,5,5,1908,0,0,0,NA,0,133T1,FOSTER RD,CLARK AV,0,NA,Y,A,-,N,NA,NA,NA,NA,NA,NA,NA,NA,NA,Y,3,0,1,2,A,-,12,21453,A,N,-,C,A,A,H,-,A,A,0,NA,NA,NA,NA,Y,NA,A,07,0,1,0,0,0,0,0,0,0,-,-,NA,NA,LOS ANGELES,BELLFLOWER,-118.13413238525392,33.909732818603516
9572971,2023,2023-05-09,1900,2023-03-27,1327,656409,1327,1,5,5,1935,0,0,0,NA,0,132T2,CARSON ST,NECTAR AV,0,NA,Y,A,-,N,NA,NA,NA,NA,NA,NA,NA,NA,NA,Y,4,0,2,2,A,-,12,21453,A,N,D,D,A,A,H,-,A,A,0,NA,NA,NA,NA,Y,NA,-,-,0,0,2,0,0,0,0,0,0,-,-,NA,NA,LOS ANGELES,LAKEWOOD,-118.08796691894533,33.831512451171875
9572972,2023,2023-05-05,1976,2023-03-25,1352,567,NA,6,5,5,1976,0,0,0,NA,0,001,NORWALK BL,WHITTIER BL,102,S,N,A,-,N,NA,NA,NA,NA,NA,NA,NA,NA,NA,N,4,0,1,2,A,-,04,21703,NA,F,C,C,A,A,H,-,A,A,0,NA,NA,NA,NA,Y,NA,A,01,0,0,1,0,0,0,0,0,0,-,-,NA,NA,LOS ANGELES,WHITTIER,-118.06423950195313,33.989688873291016
9572987,2022,2023-05-08,1906,2022-03-03,0650,4429,416,4,5,5,1906,0,0,0,NA,0,002,OLIVE ST,MERCED AV,0,NA,Y,A,-,N,NA,NA,NA,NA,NA,NA,NA,NA,NA,N,4,0,2,3,A,-,10,21950,A,N,G,B,B,A,H,-,A,D,0,Y,NA,NA,NA,Y,NA,A,07,0,0,2,0,2,0,0,0,0,-,-,NA,NA,LOS ANGELES,BALDWIN PARK,-117.97364044189452,34.09938049316406
9572988,2023,2023-05-09,1900,2023-03-30,1850,514671,2608,4,5,6,1950,0,0,0,NA,0,264T1,AVENUE R,30TH ST EAST,0,NA,Y,A,-,N,NA,NA,NA,NA,NA,NA,NA,NA,NA,Y,3,0,3,2,A,-,12,21453,A,N,D,C,A,A,H,-,A,A,0,NA,NA,NA,NA,Y,NA,A,01,0,1,2,0,0,0,0,0,0,-,-,34.57286071777344,-118.07621002197266,LOS ANGELES,PALMDALE,-118.07616424560548,34.57278823852539
9572989,2023,2023-05-09,1900,2023-03-04,1325,602254,2607,6,5,6,1950,0,0,0,NA,0,264T1,AVENUE S,47TH ST EAST,387,W,N,A,-,N,NA,NA,NA,NA,NA,NA,NA,NA,NA,N,4,0,1,3,A,-,03,22350,NA,N,C,C,A,A,H,-,A,A,0,NA,NA,NA,NA,Y,NA,A,01,0,0,1,0,0,0,0,0,0,-,-,34.557979583740234,-118.04672241210938,LOS ANGELES,PALMDALE,-118.04653930664064,34.558021545410156
9572991,2023,2023-05-08,1972,2023-03-25,1104,22132,NA,6,5,6,1972,0,0,0,NA,0,NA,CARSON ST,ABALONE AV,0,NA,Y,A,-,N,NA,NA,NA,NA,NA,NA,NA,NA,NA,Y,4,0,2,2,A,-,09,21801,A,N,A,C,A,A,H,-,A,A,0,NA,NA,NA,NA,Y,NA,A,NA,0,0,2,0,0,0,0,0,0,-,-,NA,NA,LOS ANGELES,TORRANCE,-118.3117218017578,33.831478118896484
9572996,2023,2023-05-08,1944,2023-03-22,1057,353,M14,3,5,4,1944,0,0,0,NA,0,002,N SEPULVEDA BL,MARINE AV,100,S,N,A,-,N,NA,NA,NA,NA,NA,NA,NA,NA,NA,Y,4,0,1,1,A,-,08,22107,NA,N,E,I,A,B,H,-,A,A,0,NA,NA,NA,NA,Y,NA,A,01,0,0,1,0,0,0,0,0,0,-,-,NA,NA,LOS ANGELES,MANHATTAN BEACH,-118.39608764648438,33.894344329833984
9572997,2023,2023-05-08,1944,2023-03-27,1927,389,M4,1,5,4,1944,0,0,0,NA,0,0M4,ROSECRANS AV,FLOURNOY RD,17,E,N,A,-,N,NA,NA,NA,NA,NA,NA,NA,NA,NA,Y,2,0,2,2,A,-,09,21801,A,N,D,C,A,A,H,-,C,D,0,NA,NA,NA,NA,Y,Y,A,07,1,0,1,0,0,0,0,0,0,-,-,33.90193176269531,-118.40718841552734,LOS ANGELES,MANHATTAN BEACH,-118.4071807861328,33.90187072753906
9573067,2023,2023-05-12,1900,2023-04-24,1600,647476,0455,1,5,6,1949,0,0,0,NA,0,43T1PM,ROSECRANS AV,FLATBUSH AV,367,E,N,A,-,N,NA,NA,NA,NA,NA,NA,NA,NA,NA,Y,4,0,1,1,A,-,08,22107,NA,N,E,I,A,A,H,-,A,A,0,NA,NA,NA,NA,Y,NA,D,22,0,0,1,0,0,0,0,0,0,-,-,NA,NA,LOS ANGELES,NORWALK,-118.1054229736328,33.90214157104492
9573103,2023,2023-05-16,1900,2023-03-28,1639,652895,0455,2,5,6,1949,0,0,0,NA,0,45T1P,ROSECRANS AV,STUDEBAKER RD,35,W,N,A,-,N,NA,NA,NA,NA,NA,NA,NA,NA,NA,N,3,0,1,2,A,-,04,21703,NA,N,C,C,A,A,H,-,A,A,0,NA,NA,Y,NA,Y,NA,D,22,0,1,0,0,0,0,0,0,1,-,-,NA,NA,LOS ANGELES,NORWALK,-118.10022735595705,33.902042388916016
9573108,2023,2023-05-16,1900,2023-02-27,1602,652894,NA,1,5,6,1992,0,0,0,NA,0,112T1,25TH ST EAST,AVENUE I,0,NA,Y,A,-,N,NA,NA,NA,NA,NA,NA,NA,NA,NA,Y,4,0,1,2,A,-,01,23152,A,M,D,C,A,A,H,-,A,A,0,NA,NA,NA,NA,Y,Y,A,01,0,0,1,0,0,0,0,0,0,-,-,NA,NA,LOS ANGELES,LANCASTER,-118.08599853515624,34.704341888427734
9573133,2023,2023-06-01,1972,2023-04-22,1500,21239,NA,6,5,6,1972,0,0,0,NA,0,NA,TORRANCE BL,ANZA AV,15,W,N,A,-,N,NA,NA,NA,NA,NA,NA,NA,NA,NA,N,4,0,1,2,D,-,00,NA,NA,N,C,C,A,A,H,-,A,A,0,NA,NA,NA,NA,Y,NA,-,-,0,0,1,0,0,0,0,0,0,-,-,NA,NA,LOS ANGELES,TORRANCE,-118.3624267578125,33.83757019042969
9573134,2023,2023-05-31,1972,2023-04-21,948,18059,NA,5,5,6,1972,0,0,0,NA,0,NA,DEL AMO,MARINER,65,E,N,A,-,N,NA,NA,NA,NA,NA,NA,NA,NA,NA,Y,4,0,1,2,A,-,07,21658,A,N,B,C,A,A,H,-,A,D,0,NA,NA,NA,NA,Y,NA,A,NA,0,0,1,0,0,0,0,0,0,-,-,NA,NA,LOS ANGELES,TORRANCE,-118.34944915771484,33.84858322143555
9573136,2023,2023-05-31,1900,2023-04-10,1903,623598,1610,1,5,5,1977,0,0,0,NA,0,164T1,AVALON BL,VICTORIA ST,813,N,N,A,-,N,NA,NA,NA,NA,NA,NA,NA,NA,NA,N,3,0,1,2,A,-,09,21801,A,N,A,G,A,A,H,-,A,A,0,NA,Y,NA,NA,Y,NA,A,07,0,1,0,0,0,0,1,0,0,-,-,33.869319915771484,-118.26627349853516,LOS ANGELES,CARSON,-118.26628112792967,33.869140625
9573139,2023,2023-05-31,1900,2023-04-01,1016,476466,0622,6,5,6,1985,0,0,0,NA,0,61T1,MCBEAN PKWY,ARROYO PARK DR,10,N,N,A,-,N,NA,NA,NA,NA,NA,NA,NA,NA,NA,Y,4,0,1,2,A,-,03,22350,NA,N,C,C,A,A,H,-,A,A,0,NA,NA,NA,NA,Y,NA,A,01,0,0,1,0,0,0,0,0,0,-,-,34.40481948852539,-118.55332183837892,LOS ANGELES,SANTA CLARITA,-118.55335998535156,34.4046745300293
9573140,2023,2023-05-31,1900,2023-04-06,1400,642063,0640,4,5,6,1985,0,0,0,NA,0,64T1,BOUQUET CANYON RD,PLUM CANYON RD,0,NA,Y,A,-,N,NA,NA,NA,NA,NA,NA,NA,NA,NA,N,3,0,1,2,A,-,12,21453,A,N,D,C,A,A,H,-,A,A,0,NA,NA,NA,NA,Y,NA,A,07,0,1,0,0,0,0,0,0,0,-,-,34.44990158081055,-118.49819946289064,LOS ANGELES,SANTA CLARITA,-118.49826049804688,34.449947357177734
9573151,2023,2023-05-10,1942,2023-04-16,200,WILLIAMS,1718,7,5,7,1942,0,0,0,Q,0,17A49,HASKELL AV,RINALDI ST,0,NA,Y,A,-,N,NA,NA,NA,NA,NA,NA,NA,NA,NA,Y,3,0,1,3,A,-,01,23153,G,N,A,E,A,A,H,-,C,D,0,NA,NA,NA,NA,Y,Y,A,01,0,1,0,0,0,0,0,0,0,-,-,NA,NA,LOS ANGELES,LOS ANGELES,-118.47592163085938,34.279117584228516
9573203,2023,2023-05-08,1941,2023-04-17,1030,6016,2,1,5,7,1941,0,0,0,NA,0,014,SPRING ST,RT 405,0,NA,Y,A,-,N,NA,NA,NA,NA,NA,NA,NA,NA,NA,N,4,0,3,2,D,-,00,NA,NA,N,C,C,A,A,H,-,A,A,0,NA,NA,NA,NA,Y,NA,-,-,0,0,3,0,0,0,0,0,0,-,SF,33.81159973144531,-118.16436767578124,LOS ANGELES,LONG BEACH,-118.16182708740234,33.811767578125