CASE_ID,ACCIDENT_YEAR,PROC_DATE,JURIS,COLLISION_DATE,COLLISION_TIME,OFFICER_ID,REPORTING_DISTRICT,DAY_OF_WEEK,CHP_SHIFT,POPULATION,CNTY_CITY_LOC,SPECIAL_COND,BEAT_TYPE,CHP_BEAT_TYPE,CITY_DIVISION_LAPD,CHP_BEAT_CLASS,BEAT_NUMBER,PRIMARY_RD,SECONDARY_RD,DISTANCE,DIRECTION,INTERSECTION,WEATHER_1,WEATHER_2,STATE_HWY_IND,CALTRANS_COUNTY,CALTRANS_DISTRICT,STATE_ROUTE,ROUTE_SUFFIX,POSTMILE_PREFIX,POSTMILE,LOCATION_TYPE,RAMP_INTERSECTION,SIDE_OF_HWY,TOW_AWAY,COLLISION_SEVERITY,NUMBER_KILLED,NUMBER_INJURED,PARTY_COUNT,PRIMARY_COLL_FACTOR,PCF_CODE_OF_VIOL,PCF_VIOL_CATEGORY,PCF_VIOLATION,PCF_VIOL_SUBSECTION,HIT_AND_RUN,TYPE_OF_COLLISION,MVIW,PED_ACTION,ROAD_SURFACE,ROAD_COND_1,ROAD_COND_2,LIGHTING,CONTROL_DEVICE,CHP_ROAD_TYPE,PEDESTRIAN_ACCIDENT,BICYCLE_ACCIDENT,MOTORCYCLE_ACCIDENT,TRUCK_ACCIDENT,NOT_PRIVATE_PROPERTY,ALCOHOL_INVOLVED,STWD_VEHTYPE_AT_FAULT,CHP_VEHTYPE_AT_FAULT,COUNT_SEVERE_INJ,COUNT_VISIBLE_INJ,COUNT_COMPLAINT_PAIN,COUNT_PED_KILLED,COUNT_PED_INJURED,COUNT_BICYCLIST_KILLED,COUNT_BICYCLIST_INJURED,COUNT_MC_KILLED,COUNT_MC_INJURED,PRIMARY_RAMP,SECONDARY_RAMP,LATITUDE,LONGITUDE,COUNTY,CITY,POINT_X,POINT_Y
9583167,2023,2023-07-03,1953,2023-05-12,1806,2377,1953,5,5,6,1953,0,0,0,NA,0,002,LOS ROBLES AV,PENN ST,0,NA,Y,A,-,N,NA,NA,NA,NA,NA,NA,NA,NA,NA,N,3,0,1,2,A,-,09,21801,A,N,D,C,A,A,H,-,A,A,0,NA,NA,NA,NA,Y,NA,-,NA,0,1,0,0,0,0,0,0,0,-,-,NA,NA,LOS ANGELES,PASADENA,-118.14167022705078,34.17442321777344
9583168,2023,2023-07-03,1953,2023-05-10,1000,8505,PASAD,3,5,6,1953,0,0,0,NA,0,005,OAKLAND AV,EL DORADO ST,0,NA,Y,A,-,N,NA,NA,NA,NA,NA,NA,NA,NA,NA,Y,4,0,1,2,A,-,09,21804,A,N,D,C,A,A,H,-,A,-,0,NA,NA,NA,NA,Y,NA,A,01,0,0,1,0,0,0,0,0,0,-,-,NA,NA,LOS ANGELES,PASADENA,-118.13976287841795,34.14356994628906
9583169,2023,2023-07-07,1953,2023-05-09,2032,5620,PASAD,2,5,6,1953,0,0,0,NA,0,NA,MAPLE ST,LAKE AV,0,NA,Y,A,-,N,NA,NA,NA,NA,NA,NA,NA,NA,NA,Y,4,0,2,2,A,-,12,21453,A,N,D,C,A,A,H,-,D,A,0,NA,NA,NA,NA,Y,NA,A,07,0,0,2,0,0,0,0,0,0,-,-,NA,NA,LOS ANGELES,PASADENA,-118.13236236572266,34.15232849121094
9583222,2023,2023-07-03,1941,2023-05-13,1424,11417,SOUTH,6,5,7,1941,0,0,0,NA,0,008,E 3RD ST,ALAMITOS AV,0,NA,N,A,-,N,NA,NA,NA,NA,NA,NA,NA,NA,NA,N,4,0,1,2,D,-,00,NA,NA,N,B,C,A,A,H,-,A,D,0,NA,NA,NA,NA,Y,NA,-,-,0,0,1,0,0,0,0,0,0,-,-,33.770511627197266,-118.18167114257813,LOS ANGELES,LONG BEACH,-118.18167877197266,33.77049255371094
9583223,2023,2023-07-10,1941,2023-05-08,1502,11832,EAST,1,5,7,1941,0,0,0,NA,0,016,ARBOR RD,BELLFLOWER BL,0,NA,Y,A,-,N,NA,NA,NA,NA,NA,NA,NA,NA,NA,N,3,0,2,3,A,-,09,21801,A,N,D,C,A,A,H,-,A,A,0,NA,NA,NA,NA,Y,NA,A,07,0,1,1,0,0,0,0,0,0,-,-,33.843021392822266,-118.12510681152344,LOS ANGELES,LONG BEACH,-118.12510681152344,33.8430061340332
9583262,2023,2023-07-21,1972,2023-06-22,1756,21239,NA,4,5,6,1972,0,0,0,NA,0,NA,ARTESIA BL,GLENBURN AV,0,NA,Y,A,-,N,NA,NA,NA,NA,NA,NA,NA,NA,NA,Y,4,0,1,2,A,-,09,21802,NA,N,D,C,A,A,H,-,A,A,0,NA,NA,NA,NA,Y,NA,A,01,0,0,1,0,0,0,0,0,0,-,-,NA,NA,LOS ANGELES,TORRANCE,-118.33038330078124,33.87279510498047
9583263,2023,2023-07-21,1972,2023-06-21,2252,21306,NA,3,5,6,1972,0,0,0,NA,0,NA,190TH ST,HONEYWELL PL,630,E,N,A,-,N,NA,NA,NA,NA,NA,NA,NA,NA,NA,Y,4,0,2,2,A,-,08,22107,NA,N,D,C,A,A,H,-,C,A,0,NA,NA,NA,NA,Y,NA,A,01,0,0,2,0,0,0,0,0,0,-,-,NA,NA,LOS ANGELES,TORRANCE,-118.32108306884766,33.85832977294922
9583264,2023,2023-07-21,1972,2023-06-20,704,18263,NA,2,5,6,1972,0,0,0,NA,0,NA,CRENSHAW AV,ROLLING HILLS RD,0,NA,Y,A,-,N,NA,NA,NA,NA,NA,NA,NA,NA,NA,Y,4,0,3,3,A,-,12,21453,A,N,D,C,A,A,H,-,A,A,0,NA,NA,NA,NA,Y,NA,A,07,0,0,3,0,0,0,0,0,0,-,-,NA,NA,LOS ANGELES,TORRANCE,-118.34085083007813,33.788448333740234
9583265,2023,2023-11-03,1972,2023-06-09,1829,22165,NA,5,5,6,1972,0,0,0,NA,0,NA,CARSON,GREENWOOD,20,E,N,A,-,N,NA,NA,NA,NA,NA,NA,NA,NA,NA,N,4,0,1,2,D,-,00,NA,NA,N,C,C,A,A,H,-,A,D,0,NA,NA,NA,NA,Y,NA,-,-,0,0,1,0,0,0,0,0,0,-,-,NA,NA,LOS ANGELES,TORRANCE,-118.33335113525392,33.83125305175781
9583266,2023,2023-07-21,1972,2023-06-07,1044,18159,NA,3,5,6,1972,0,0,0,NA,0,NA,WESTERN,206TH,0,NA,Y,B,-,N,NA,NA,NA,NA,NA,NA,NA,NA,NA,Y,4,0,2,2,A,-,00,21809,B,N,D,C,A,A,H,-,A,D,0,NA,NA,NA,NA,Y,NA,A,NA,0,0,2,0,0,0,0,0,0,-,-,NA,NA,LOS ANGELES,TORRANCE,-118.30935668945313,33.843807220458984
9583270,2023,2023-07-20,1920,2023-06-17,1629,14072,1920,6,5,6,1920,0,0,0,NA,0,004,FIRESTONE BL,PANGBORN AV,0,NA,Y,A,-,N,NA,NA,NA,NA,NA,NA,NA,NA,NA,Y,4,0,1,2,A,-,09,21801,A,N,D,C,A,A,H,-,A,A,0,NA,NA,NA,NA,Y,NA,A,01,0,0,1,0,0,0,0,0,0,-,-,NA,NA,LOS ANGELES,DOWNEY,-118.11394500732422,33.930511474609375
9583271,2023,2023-07-20,1920,2023-06-22,1135,11033,NA,4,5,6,1920,0,0,0,NA,0,NA,OLD RIVER SCHOOL RD,STEWART & GRAY RD,58,S,N,A,-,N,NA,NA,NA,NA,NA,NA,NA,NA,NA,N,4,0,2,3,A,-,03,22350,NA,N,C,C,A,A,H,-,A,D,0,NA,NA,NA,NA,Y,NA,A,01,0,0,2,0,0,0,0,0,0,-,-,NA,NA,LOS ANGELES,DOWNEY,-118.15415191650392,33.9400634765625
9583272,2023,2023-07-20,1920,2023-06-10,326,14072,1920,6,5,6,1920,0,0,0,NA,0,004,TELEGRAPH RD,PICO VISTA RD,185,E,N,A,-,N,NA,NA,NA,NA,NA,NA,NA,NA,NA,Y,3,0,1,1,D,-,00,NA,NA,N,E,I,A,A,H,-,C,A,0,NA,NA,NA,NA,Y,NA,-,-,0,1,0,0,0,0,0,0,0,-,-,NA,NA,LOS ANGELES,DOWNEY,-118.09508514404295,33.951053619384766
9583273,2023,2023-07-20,1920,2023-06-21,20,10216,1920,3,5,6,1920,0,0,0,NA,0,005,FIRESTONE BL,DOWNEY AV,40,E,N,A,-,N,NA,NA,NA,NA,NA,NA,NA,NA,NA,N,4,0,1,2,A,-,21,22106,NA,N,C,C,A,A,H,-,C,A,0,NA,NA,NA,NA,Y,NA,A,07,0,0,1,0,0,0,0,0,0,-,-,NA,NA,LOS ANGELES,DOWNEY,-118.13307189941406,33.94001007080078
9583274,2023,2023-07-20,1920,2023-06-09,2108,14072,1920,5,5,6,1920,0,0,0,NA,0,006,LAKEWOOD BL,RT 105,184,N,N,A,-,N,NA,NA,NA,NA,NA,NA,NA,NA,NA,Y,4,0,1,3,D,-,00,NA,NA,N,C,C,A,A,H,-,C,A,0,NA,NA,NA,NA,Y,NA,-,-,0,0,1,0,0,0,0,0,0,-,WO,NA,NA,LOS ANGELES,DOWNEY,-118.1401824951172,33.91366958618164
9583275,2023,2023-07-20,1920,2023-06-10,1753,14072,1920,6,5,6,1920,0,0,0,NA,0,001,WOODRUFF AV,STEWART & GRAY RD,640,S,N,A,-,N,NA,NA,NA,NA,NA,NA,NA,NA,NA,N,3,0,1,2,D,-,00,NA,NA,M,C,C,A,A,H,-,A,A,0,NA,NA,NA,NA,Y,NA,-,-,0,1,0,0,0,0,0,0,0,-,-,NA,NA,LOS ANGELES,DOWNEY,-118.11670684814452,33.926124572753906
9583276,2023,2023-08-02,1900,2023-06-25,1044,606663,1628,7,5,5,1977,0,0,0,NA,0,168T,CARSON ST,RT 405,47,W,N,A,-,Y,LA,7,405,-,-,10.53,R,4,S,Y,4,0,4,3,A,-,03,22350,NA,N,C,E,F,A,H,-,A,A,0,Y,NA,NA,NA,Y,NA,A,01,0,0,4,0,1,0,0,0,0,-,-,33.83182144165039,-118.2568588256836,LOS ANGELES,CARSON,-118.25569915771484,33.83132553100586
9583284,2023,2023-07-25,1942,2023-06-15,1200,36087,2177,4,5,7,1942,0,0,0,NA,0,26TL44,DE SOTO AV,CALIFA ST,0,NA,Y,B,-,N,NA,NA,NA,NA,NA,NA,NA,NA,NA,N,3,0,1,2,A,-,10,21950,A,F,G,B,B,A,H,-,A,D,0,Y,NA,NA,NA,Y,Y,A,01,0,1,0,0,1,0,0,0,0,-,-,NA,NA,LOS ANGELES,LOS ANGELES,-118.58988189697266,34.17756271362305
9583285,2023,2024-09-20,1942,2023-06-16,1024,45142,1041,5,5,7,1942,0,0,0,J,0,1043,WILBUR AV,COLLINS ST,0,NA,Y,A,-,N,NA,NA,NA,NA,NA,NA,NA,NA,NA,NA,3,0,1,2,A,-,12,21453,A,F,-,C,A,A,H,-,A,D,0,NA,NA,NA,NA,Y,NA,-,NA,0,1,0,0,0,0,0,0,0,-,-,NA,NA,LOS ANGELES,LOS ANGELES,-118.54473114013672,34.174495697021484
9583287,2023,2023-07-25,1942,2023-06-07,2300,43953,1967,3,5,7,1942,0,0,0,NA,0,19A7,WOODMAN AV,OSBORNE ST,10,S,N,A,-,N,NA,NA,NA,NA,NA,NA,NA,NA,NA,Y,4,0,1,2,A,-,03,22350,NA,F,C,C,A,A,H,-,C,A,0,NA,NA,NA,NA,Y,NA,A,01,0,0,1,0,0,0,0,0,0,-,-,NA,NA,LOS ANGELES,LOS ANGELES,-118.43864440917967,34.232906341552734
9583288,2023,2023-07-25,1942,2023-06-21,2135,42195,1586,3,5,7,1942,0,0,0,O,0,15X92W,LANKERSHIM BL,CAMPO DE CAHUENGA,40,S,N,A,-,N,NA,NA,NA,NA,NA,NA,NA,NA,NA,Y,3,0,1,2,A,-,03,22350,NA,F,D,C,A,A,H,-,C,A,0,NA,NA,NA,NA,Y,NA,A,07,0,1,0,0,0,0,0,0,0,-,-,NA,NA,LOS ANGELES,LOS ANGELES,-118.36223602294922,34.13888931274414
9583301,2023,2023-07-25,1902,2023-06-13,931,756,26,2,5,5,1902,0,0,0,NA,0,004,BALDWIN AV,DUARTE RD,0,NA,Y,A,-,N,NA,NA,NA,NA,NA,NA,NA,NA,NA,Y,4,0,2,2,A,-,08,22100,B,N,B,C,A,A,H,-,A,A,0,NA,NA,NA,NA,Y,NA,A,01,0,0,2,0,0,0,0,0,0,-,-,NA,NA,LOS ANGELES,ARCADIA,-118.054931640625,34.126075744628906
9583302,2023,2023-07-25,1902,2023-06-15,830,835,28,4,5,5,1902,0,0,0,NA,0,005,S SANTA ANITA AV,E LONGDEN AV,0,NA,Y,B,-,N,NA,NA,NA,NA,NA,NA,NA,NA,NA,N,4,0,1,2,A,-,09,21453,B,N,D,C,A,A,H,-,A,A,0,NA,NA,NA,NA,Y,NA,A,07,0,0,1,0,0,0,0,0,0,-,-,NA,NA,LOS ANGELES,ARCADIA,-118.03089141845705,34.114158630371094
9583303,2023,2023-07-25,1902,2023-06-16,2102,809,32,5,5,5,1902,0,0,0,NA,0,005,2ND AV,LONGDEN AV,599,S,N,A,-,N,NA,NA,NA,NA,NA,NA,NA,NA,NA,N,4,0,1,2,A,-,07,21658,A,F,B,G,A,A,H,-,C,A,0,NA,Y,NA,NA,Y,NA,A,07,0,0,1,0,0,0,1,0,0,-,-,NA,NA,LOS ANGELES,ARCADIA,-118.0246810913086,34.11259841918945
9583304,2023,2023-07-25,1902,2023-06-09,2012,801,11,5,5,5,1902,0,0,0,NA,0,001,E HUNTINGTON DR,1ST AV,40,E,N,A,-,N,NA,NA,NA,NA,NA,NA,NA,NA,NA,N,4,0,2,2,D,-,00,NA,NA,N,C,C,A,A,H,-,C,A,0,NA,NA,NA,NA,Y,NA,-,-,0,0,2,0,0,0,0,0,0,-,-,NA,NA,LOS ANGELES,ARCADIA,-118.02822113037108,34.14008331298828
9583310,2023,2023-07-25,1976,2023-06-03,1245,579,NA,6,5,5,1976,0,0,0,NA,0,002,DITTMAR DR,FRIENDS AV,56,E,N,A,-,N,NA,NA,NA,NA,NA,NA,NA,NA,NA,N,3,0,1,2,A,-,08,22107,NA,F,G,B,A,A,H,-,A,D,0,NA,NA,NA,NA,Y,Y,A,01,0,1,0,0,0,0,0,0,0,-,-,NA,NA,LOS ANGELES,WHITTIER,-118.03699493408205,33.960060119628906
9583400,2023,2023-07-20,1931,2023-06-19,932,5350,1931,1,5,5,1931,0,0,0,NA,0,001,MALABAR ST,BELGRAVE AV,116,N,N,A,-,N,NA,NA,NA,NA,NA,NA,NA,NA,NA,NA,4,0,1,2,A,-,21,22106,NA,N,G,B,F,A,H,-,A,D,0,Y,NA,NA,NA,Y,NA,A,01,0,0,1,0,1,0,0,0,0,-,-,NA,NA,LOS ANGELES,HUNTINGTON PARK,-118.22779846191406,33.98752975463867
9583402,2023,2023-07-20,1900,2023-06-07,745,672479,2846,3,5,5,1915,0,0,0,NA,0,282T1,MURIEL AV,ELIZABETH ST,0,NA,Y,B,-,N,NA,NA,NA,NA,NA,NA,NA,NA,NA,N,3,0,1,2,A,-,09,21802,A,N,D,C,A,A,H,-,A,A,0,NA,NA,NA,NA,Y,NA,A,01,0,1,0,0,0,0,0,0,0,-,-,33.887840270996094,-118.20107269287108,LOS ANGELES,COMPTON,-118.20108795166016,33.88779830932617
9583403,2023,2023-07-20,1900,2023-06-02,2124,655224,2844,5,5,5,1915,0,0,0,NA,0,283T1,LONG BEACH BL,GREENLEAF BL,6,S,N,A,-,N,NA,NA,NA,NA,NA,NA,NA,NA,NA,N,3,0,2,3,A,-,10,21950,A,N,G,-,C,A,H,-,C,D,0,Y,NA,NA,NA,Y,NA,A,01,0,2,0,0,2,0,0,0,0,-,-,33.881248474121094,-118.20494079589844,LOS ANGELES,COMPTON,-118.20487213134766,33.88132858276367
9583404,2023,2023-07-20,1900,2023-06-02,2043,659092,2826,5,5,5,1915,0,0,0,NA,0,NA,BULLIS RD,ROSECRANS AV,29,S,N,A,-,N,NA,NA,NA,NA,NA,NA,NA,NA,NA,N,4,0,1,2,A,-,03,22350,NA,F,B,C,A,A,H,-,C,D,0,NA,NA,NA,NA,Y,NA,A,07,0,0,1,0,0,0,0,0,0,-,-,33.90327835083008,-118.20706176757813,LOS ANGELES,COMPTON,-118.20706939697266,33.9034423828125
9583405,2023,2023-07-20,1900,2023-06-02,1900,659092,2824,5,5,5,1915,0,0,0,NA,0,283T2,COMPTON BL,BULLIS RD,0,NA,Y,A,-,N,NA,NA,NA,NA,NA,NA,NA,NA,NA,N,3,0,3,2,A,-,12,21453,A,N,D,C,A,A,H,-,A,A,0,NA,NA,NA,NA,Y,NA,-,-,0,3,0,0,0,0,0,0,0,-,-,33.89606857299805,-118.20661926269533,LOS ANGELES,COMPTON,-118.20659637451172,33.89601516723633
9583406,2023,2023-07-20,1900,2023-06-18,1725,658622,2825,7,5,5,1915,0,0,0,NA,0,283T1,PALMER ST,SPRING AV,8,E,N,A,-,N,NA,NA,NA,NA,NA,NA,NA,NA,NA,Y,3,0,2,3,A,-,09,21802,A,N,D,C,A,A,H,-,A,D,0,NA,NA,NA,NA,Y,NA,A,01,0,2,0,0,0,0,0,0,0,CO,-,33.89841079711914,-118.21810150146484,LOS ANGELES,COMPTON,-118.21809387207033,33.89833068847656
9583407,2023,2023-07-20,1900,2023-06-14,330,614047,2822,3,5,5,1915,0,0,0,NA,0,283E,ALAMEDA ST WEST,PALMER ST,41,S,N,A,-,N,NA,NA,NA,NA,NA,NA,NA,NA,NA,Y,3,0,1,1,A,-,08,22107,NA,N,E,I,A,A,H,-,C,A,0,NA,NA,NA,NA,Y,NA,A,07,0,1,0,0,0,0,0,0,0,-,-,33.89812088012695,-118.2205810546875,LOS ANGELES,COMPTON,-118.2207260131836,33.89822769165039
9583408,2023,2023-07-20,1900,2023-06-16,1634,663360,2824,5,5,5,1915,0,0,0,NA,0,283T2,ROSECRANDS AV,MAYO AV,0,NA,Y,A,-,N,NA,NA,NA,NA,NA,NA,NA,NA,NA,N,3,0,1,2,D,-,00,NA,NA,N,D,C,A,A,H,-,A,A,0,NA,NA,NA,NA,Y,NA,-,-,0,1,0,0,0,0,0,0,0,-,-,33.903350830078125,-118.21829986572266,LOS ANGELES,COMPTON,-118.21305084228516,33.90346908569336
9583409,2023,2023-07-20,1900,2023-06-12,1132,655224,2825,1,5,5,1915,0,0,0,NA,0,282T1,LIME AV,BALES ST,181,S,N,A,-,N,NA,NA,NA,NA,NA,NA,NA,NA,NA,N,3,0,1,3,A,-,03,22350,NA,N,C,E,A,A,H,-,A,D,0,NA,NA,NA,NA,Y,NA,A,01,0,1,0,0,0,0,0,0,0,-,-,33.90053176879883,-118.19268798828124,LOS ANGELES,COMPTON,-118.19270324707033,33.900569915771484
9583411,2023,2023-07-20,1900,2023-06-19,630,612130,0451,1,5,6,1949,0,0,0,NA,0,43T1,STUDEBAKER RD,DUNE ST,345,S,N,B,-,N,NA,NA,NA,NA,NA,NA,NA,NA,NA,Y,3,0,1,1,A,-,08,22107,NA,N,E,I,A,A,H,-,A,D,0,NA,NA,NA,NA,Y,NA,A,01,0,1,0,0,0,0,0,0,0,-,-,NA,NA,LOS ANGELES,NORWALK,-118.0993194580078,33.922794342041016
9583426,2023,2023-07-13,1900,2023-06-15,2302,625433,0468,4,5,4,1936,0,0,0,NA,0,46T1E,BEACH BL,ROSECRANS AV,104,N,N,A,-,N,NA,NA,NA,NA,NA,NA,NA,NA,NA,N,4,0,1,2,A,-,03,22350,NA,N,C,C,A,A,H,-,C,D,0,NA,NA,NA,NA,Y,NA,A,01,0,0,1,0,0,0,0,0,0,-,-,NA,NA,LOS ANGELES,LA MIRADA,-117.98704528808594,33.89649200439453
9583427,2023,2023-07-13,1900,2023-06-16,151,625433,0465,5,5,4,1936,0,0,0,NA,0,46T1E,LA MIRADA BL,ALONDRA BL,42,N,N,B,-,N,NA,NA,NA,NA,NA,NA,NA,NA,NA,Y,3,0,2,2,A,-,01,23152,A,N,B,C,A,A,H,-,C,A,0,NA,NA,NA,NA,Y,Y,A,01,0,2,0,0,0,0,0,0,0,-,-,NA,NA,LOS ANGELES,LA MIRADA,-117.99945068359376,33.888275146484375
9583456,2023,2024-10-30,1942,2023-05-31,1546,42344,1653,3,5,7,1942,0,0,0,P,0,26T74W,SAN FERNANDO RD,BRANFORD AV,360,N,N,A,-,N,NA,NA,NA,NA,NA,NA,NA,NA,NA,N,3,0,1,2,A,-,-,NA,NA,F,G,B,F,A,H,-,A,D,0,Y,NA,NA,NA,Y,NA,A,01,0,1,0,0,1,0,0,0,0,-,-,NA,NA,LOS ANGELES,LOS ANGELES,-118.40397644042967,34.24898147583008
9583460,2023,2023-07-14,1920,2023-05-17,1206,13022,NA,3,5,6,1920,0,0,0,NA,0,005,FIRESTONE BL,LAKEWOOD BL,62,W,N,A,-,N,NA,NA,NA,NA,NA,NA,NA,NA,NA,Y,4,0,2,3,A,-,08,22107,NA,N,B,C,F,A,H,-,A,A,0,Y,NA,NA,NA,Y,NA,A,07,0,0,2,0,1,0,0,0,0,-,-,NA,NA,LOS ANGELES,DOWNEY,-118.12412261962892,33.935585021972656
9583461,2023,2023-07-14,1920,2023-05-07,2043,14444,1920,7,5,6,1920,0,0,0,NA,0,006,LAKEWOOD BL,ALAMEDA ST,39,E,N,A,-,N,NA,NA,NA,NA,NA,NA,NA,NA,NA,Y,3,0,3,2,A,-,09,21801,A,N,D,C,A,A,H,-,C,A,0,NA,NA,NA,NA,Y,NA,A,01,0,2,1,0,0,0,0,0,0,-,-,NA,NA,LOS ANGELES,DOWNEY,-118.13268280029295,33.92366027832031
9583462,2023,2023-07-14,1900,2023-05-16,810,655224,2844,2,5,5,1915,0,0,0,NA,0,282T1,MURIEL AV,ELIZABETH ST,8,S,N,B,-,N,NA,NA,NA,NA,NA,NA,NA,NA,NA,N,4,0,2,2,A,-,12,22450,NA,N,D,C,A,A,H,-,A,A,0,NA,NA,NA,NA,Y,NA,A,07,0,0,2,0,0,0,0,0,0,-,-,33.88785171508789,-118.20108032226564,LOS ANGELES,COMPTON,-118.20108795166016,33.887779235839844
9583463,2023,2023-07-14,1900,2023-05-18,804,672479,2820,4,5,5,1915,0,0,0,NA,0,282T1,ALAMEDA ST E,EL SEGUNDO BL,0,NA,Y,A,-,N,NA,NA,NA,NA,NA,NA,NA,NA,NA,N,4,0,1,2,A,-,00,21820,A,N,D,C,A,A,H,-,A,D,0,NA,NA,NA,NA,Y,NA,A,07,0,0,1,0,0,0,0,0,0,-,-,33.91619873046875,-118.2230224609375,LOS ANGELES,COMPTON,-118.22306060791016,33.91621017456055
9583464,2023,2023-07-14,1900,2023-05-30,1350,658622,2836,2,5,5,1915,0,0,0,NA,0,282T1,GREENLEAF BL,CENTER AV,0,NA,Y,A,-,N,NA,NA,NA,NA,NA,NA,NA,NA,NA,Y,2,0,2,2,A,-,09,21802,NA,N,D,C,A,A,H,-,A,A,0,NA,NA,NA,NA,Y,NA,A,01,1,0,1,0,0,0,0,0,0,-,-,33.88087844848633,-118.23229217529295,LOS ANGELES,COMPTON,-118.23226165771484,33.88084030151367
9583465,2023,2023-07-14,1900,2023-05-21,2134,658622,2825,7,5,5,1915,0,0,0,NA,0,283T1,ALONDRA BL,WILMINGTON AV,261,W,N,A,-,N,NA,NA,NA,NA,NA,NA,NA,NA,NA,N,3,0,1,2,A,-,03,22350,NA,F,C,C,A,A,H,-,C,D,0,NA,NA,NA,NA,Y,NA,A,08,0,1,0,0,0,0,0,0,0,-,-,33.88840103149414,-118.23812103271484,LOS ANGELES,COMPTON,-118.23792266845705,33.888370513916016
9583466,2023,2023-07-14,1900,2023-05-05,2047,647211,2812,5,5,5,1915,0,0,0,NA,0,283T2,EL SEGUNDO BL,CENTRAL AV,52,E,N,A,-,N,NA,NA,NA,NA,NA,NA,NA,NA,NA,N,4,0,1,2,A,-,03,22350,NA,F,B,C,A,A,H,-,C,D,0,NA,NA,NA,NA,Y,NA,-,NA,0,0,1,0,0,0,0,0,0,-,-,33.91627883911133,-118.2538833618164,LOS ANGELES,COMPTON,-118.2541961669922,33.916358947753906
9583467,2023,2023-07-14,1900,2023-05-30,1447,658622,2825,2,5,5,1915,0,0,0,NA,0,238T2,ROSECRANS AV,MAYO AV,0,NA,Y,A,-,N,NA,NA,NA,NA,NA,NA,NA,NA,NA,N,3,0,1,2,D,-,00,NA,NA,N,D,C,A,A,H,-,A,A,0,NA,NA,NA,NA,Y,NA,-,-,0,1,0,0,0,0,0,0,0,-,-,33.90338897705078,-118.21305084228516,LOS ANGELES,COMPTON,-118.21305084228516,33.90346908569336
9583468,2023,2023-07-14,1900,2023-05-21,1436,658622,2834,7,5,5,1915,0,0,0,NA,0,283T1,WILMINGTON AV,ARTESIA BL,4,N,N,A,-,N,NA,NA,NA,NA,NA,NA,NA,NA,NA,N,3,0,1,2,A,-,17,21451,B,N,D,C,A,A,H,-,A,A,0,NA,NA,NA,NA,Y,NA,A,01,0,1,0,0,0,0,0,0,0,-,-,33.87432861328125,-118.23607635498048,LOS ANGELES,COMPTON,-118.23612213134766,33.8743896484375
9583469,2023,2023-07-14,1900,2023-05-08,1102,660024,0455,1,5,6,1949,0,0,0,NA,0,43K1,PIONEER BL,HOPLAND ST,0,NA,Y,A,-,N,NA,NA,NA,NA,NA,NA,NA,NA,NA,Y,3,0,1,2,A,-,12,21453,A,N,D,C,A,A,H,-,A,A,0,NA,NA,NA,NA,Y,NA,A,01,0,1,0,0,0,0,0,0,0,-,-,33.89247131347656,-118.08242797851564,LOS ANGELES,NORWALK,-118.08260345458984,33.892433166503906
9583470,2023,2023-07-14,1900,2023-05-31,1818,677322,0472,3,5,4,1936,0,0,0,NA,0,46T1PM,VALLEY VIEW AV,ROSECRANS AV,0,NA,Y,B,-,N,NA,NA,NA,NA,NA,NA,NA,NA,NA,N,4,0,1,2,A,-,07,21658,A,M,C,C,A,A,H,-,A,A,0,NA,NA,NA,NA,Y,NA,A,01,0,0,1,0,0,0,0,0,0,-,-,NA,NA,LOS ANGELES,LA MIRADA,-118.0292510986328,33.90245056152344
9583494,2023,2023-07-14,1900,2023-06-17,2015,523534,2921,6,5,5,1990,0,0,0,NA,0,292K2,SUNSET CROSSING RD,OLD TRAIL DR,85,W,N,A,-,N,NA,NA,NA,NA,NA,NA,NA,NA,NA,Y,3,0,1,1,A,-,07,21658,NA,N,E,I,A,A,H,-,A,D,0,NA,NA,NA,NA,Y,NA,A,01,0,1,0,0,0,0,0,0,0,-,-,34.030120849609375,-117.81401824951172,LOS ANGELES,DIAMOND BAR,-117.8139419555664,34.030029296875
9583495,2023,2023-07-14,1900,2023-06-21,1736,609626,2925,3,5,5,1990,0,0,0,NA,0,292K1,BREA CAYON RD,COPPER CANYON DR,0,NA,Y,A,-,N,NA,NA,NA,NA,NA,NA,NA,NA,NA,Y,4,0,1,2,A,-,09,21801,A,N,A,C,A,A,H,-,A,D,0,NA,NA,NA,NA,Y,NA,A,01,0,0,1,0,0,0,0,0,0,-,-,33.965450286865234,-117.85034942626952,LOS ANGELES,DIAMOND BAR,-117.85032653808594,33.965450286865234
9583506,2023,2023-07-26,1941,2023-06-29,905,5883,WEST,4,5,7,1941,0,0,0,NA,0,011,EAST PACIFIC COAST HWY,CHERRY AV,0,NA,Y,A,-,Y,LA,7,1,-,-,5.02,H,-,S,N,4,0,1,3,A,-,07,21658,A,F,C,C,A,A,H,-,A,A,0,NA,NA,NA,NA,Y,NA,A,08,0,0,1,0,0,0,0,0,0,-,-,33.78984832763672,-118.16764831542967,LOS ANGELES,LONG BEACH,-118.16783142089844,33.78980255126953
9583542,2023,2023-07-26,1941,2023-05-25,1815,10551,EAST,4,5,7,1941,0,0,0,NA,0,013,EAST PACIFIC COAST HWY,EAST 2ND ST,0,NA,Y,A,-,Y,LA,7,1,-,-,0.65,H,-,S,Y,2,0,1,2,D,-,00,NA,NA,N,C,C,A,A,H,-,A,D,0,NA,NA,Y,NA,Y,NA,-,-,1,0,0,0,0,0,0,0,1,-,-,33.75809097290039,-118.11119842529295,LOS ANGELES,LONG BEACH,-118.11194610595705,33.758750915527344