CASE_ID,ACCIDENT_YEAR,PROC_DATE,JURIS,COLLISION_DATE,COLLISION_TIME,OFFICER_ID,REPORTING_DISTRICT,DAY_OF_WEEK,CHP_SHIFT,POPULATION,CNTY_CITY_LOC,SPECIAL_COND,BEAT_TYPE,CHP_BEAT_TYPE,CITY_DIVISION_LAPD,CHP_BEAT_CLASS,BEAT_NUMBER,PRIMARY_RD,SECONDARY_RD,DISTANCE,DIRECTION,INTERSECTION,WEATHER_1,WEATHER_2,STATE_HWY_IND,CALTRANS_COUNTY,CALTRANS_DISTRICT,STATE_ROUTE,ROUTE_SUFFIX,POSTMILE_PREFIX,POSTMILE,LOCATION_TYPE,RAMP_INTERSECTION,SIDE_OF_HWY,TOW_AWAY,COLLISION_SEVERITY,NUMBER_KILLED,NUMBER_INJURED,PARTY_COUNT,PRIMARY_COLL_FACTOR,PCF_CODE_OF_VIOL,PCF_VIOL_CATEGORY,PCF_VIOLATION,PCF_VIOL_SUBSECTION,HIT_AND_RUN,TYPE_OF_COLLISION,MVIW,PED_ACTION,ROAD_SURFACE,ROAD_COND_1,ROAD_COND_2,LIGHTING,CONTROL_DEVICE,CHP_ROAD_TYPE,PEDESTRIAN_ACCIDENT,BICYCLE_ACCIDENT,MOTORCYCLE_ACCIDENT,TRUCK_ACCIDENT,NOT_PRIVATE_PROPERTY,ALCOHOL_INVOLVED,STWD_VEHTYPE_AT_FAULT,CHP_VEHTYPE_AT_FAULT,COUNT_SEVERE_INJ,COUNT_VISIBLE_INJ,COUNT_COMPLAINT_PAIN,COUNT_PED_KILLED,COUNT_PED_INJURED,COUNT_BICYCLIST_KILLED,COUNT_BICYCLIST_INJURED,COUNT_MC_KILLED,COUNT_MC_INJURED,PRIMARY_RAMP,SECONDARY_RAMP,LATITUDE,LONGITUDE,COUNTY,CITY,POINT_X,POINT_Y
9584061,2023,2023-05-19,1900,2023-02-26,1341,642808,2821,7,5,5,1915,0,0,0,NA,0,283T2,MCDIVITT AV,TUCKER ST,0,NA,Y,A,-,N,NA,NA,NA,NA,NA,NA,NA,NA,NA,N,4,0,1,2,A,-,12,22450,A,N,D,C,A,A,H,-,A,D,0,NA,NA,NA,NA,Y,NA,A,01,0,0,1,0,0,0,0,0,0,-,-,33.90699005126953,-118.21827697753906,LOS ANGELES,COMPTON,-118.21826934814452,33.906959533691406
9584071,2023,2023-05-31,1941,2023-02-22,750,6187,NORTH,3,5,7,1941,0,0,0,NA,0,023,E ARTESIA BL,ATLANTIC AV,150,W,N,A,-,N,NA,NA,NA,NA,NA,NA,NA,NA,NA,N,4,0,2,2,A,-,07,21658,A,N,D,C,A,A,H,-,A,A,0,NA,NA,NA,NA,Y,NA,A,01,0,0,2,0,0,0,0,0,0,-,-,33.8743896484375,-118.1861572265625,LOS ANGELES,LONG BEACH,-118.1867446899414,33.8743782043457
9584073,2023,2023-05-16,1900,2023-02-17,1450,652895,0451,5,5,6,1949,0,0,0,NA,0,45T1P,IMPERIAL HWY,FAIRFORD AV,505,W,N,A,-,N,NA,NA,NA,NA,NA,NA,NA,NA,NA,Y,4,0,1,3,A,-,03,22350,NA,N,C,C,A,A,H,-,A,D,0,NA,NA,NA,NA,Y,NA,A,01,0,0,1,0,0,0,0,0,0,-,-,NA,NA,LOS ANGELES,NORWALK,-118.09654235839844,33.917091369628906
9584074,2023,2023-05-16,1900,2023-02-25,1125,643895,0454,6,5,6,1949,0,0,0,NA,0,43T1,FIRESTONE BL,SAN ANTONIO DR,0,NA,Y,A,-,N,NA,NA,NA,NA,NA,NA,NA,NA,NA,Y,4,0,1,3,A,-,12,21453,A,N,D,C,A,A,H,-,A,A,0,NA,NA,NA,NA,Y,NA,A,01,0,0,1,0,0,0,0,0,0,-,-,NA,NA,LOS ANGELES,NORWALK,-118.07575988769533,33.90938949584961
9584075,2023,2023-10-16,1900,2023-02-23,0,642862,0453,4,5,6,1949,0,0,0,NA,0,43A,STUDEBAKER RD,RT 105,46,N,N,A,-,Y,LA,7,105,-,R,18.144,I,6,E,Y,3,0,1,2,A,-,03,22350,A,N,C,E,A,A,H,-,C,A,0,NA,NA,NA,NA,Y,NA,A,01,0,1,0,0,0,0,0,0,0,-,EF,NA,NA,LOS ANGELES,NORWALK,-118.09925079345705,33.91432571411133
9584078,2023,2023-06-05,1941,2023-02-08,1715,11146,EAST,3,5,7,1941,0,0,0,NA,0,012,REDONDO AV,EAST 7TH ST,0,NA,Y,A,-,N,NA,NA,NA,NA,NA,NA,NA,NA,NA,N,3,0,1,2,D,-,00,NA,NA,N,D,C,A,A,H,-,A,A,0,NA,NA,Y,NA,Y,NA,-,-,0,1,0,0,0,0,0,0,1,-,-,33.77534103393555,-118.15242004394533,LOS ANGELES,LONG BEACH,-118.15242004394533,33.77534484863281
9584082,2023,2023-05-17,1942,2023-03-25,2330,43324,0555,6,5,7,1942,0,0,0,E,0,5A58W5,GAFFEY ST,SEPULVEDA ST,0,NA,Y,A,-,N,NA,NA,NA,NA,NA,NA,NA,NA,NA,Y,4,0,1,2,A,-,03,22350,A,N,B,C,A,A,H,-,C,A,0,NA,NA,NA,NA,Y,NA,A,01,0,0,1,0,0,0,0,0,0,-,-,NA,NA,LOS ANGELES,LOS ANGELES,-118.29231262207033,33.74513244628906
9584199,2023,2023-05-19,1900,2023-03-25,1300,629494,1434,6,5,4,1937,0,0,0,NA,0,143T1,MAIN ST,STIMSON AV,0,NA,Y,A,-,N,NA,NA,NA,NA,NA,NA,NA,NA,NA,Y,3,0,2,2,A,-,09,21802,A,N,D,C,A,A,H,-,A,D,0,NA,NA,NA,NA,Y,NA,-,-,0,2,0,0,0,0,0,0,0,-,-,34.02008819580078,-117.94911193847656,LOS ANGELES,LA PUENTE,-117.9490966796875,34.020118713378906
9584200,2023,2023-05-19,1900,2023-03-30,1605,652894,1122,4,5,6,1992,0,0,0,NA,0,112T2,AV I,FERN AV,200,E,N,A,-,N,NA,NA,NA,NA,NA,NA,NA,NA,NA,N,4,0,2,3,A,-,03,22350,NA,M,C,C,A,A,H,-,A,A,0,NA,NA,NA,NA,Y,NA,A,01,0,0,2,0,0,0,0,0,0,-,-,NA,NA,LOS ANGELES,LANCASTER,-118.14490509033205,34.703941345214844
9584201,2023,2023-05-16,1905,2023-03-22,245,1206,431,3,5,4,1905,0,0,0,NA,0,001,E ARROW HWY,SOUTH AZUSA AV,592,E,N,C,-,N,NA,NA,NA,NA,NA,NA,NA,NA,NA,N,2,0,1,2,A,-,03,22350,NA,F,C,J,A,B,A,-,C,D,0,NA,NA,Y,NA,Y,Y,A,01,1,0,0,0,0,0,0,0,1,-,-,34.10675811767578,-117.90756988525392,LOS ANGELES,AZUSA,-117.90564727783205,34.10673522949219
9584212,2023,2023-05-17,1900,2023-03-08,937,660930,2826,3,5,5,1915,0,0,0,NA,0,282T1,COMPTON BL,BULLIS RD,0,NA,Y,A,-,N,NA,NA,NA,NA,NA,NA,NA,NA,NA,N,4,0,2,2,D,-,00,NA,NA,N,D,C,A,A,H,-,A,A,0,NA,NA,NA,NA,Y,NA,-,-,0,0,2,0,0,0,0,0,0,-,-,33.89611053466797,-118.20664215087892,LOS ANGELES,COMPTON,-118.20659637451172,33.89601516723633
9584213,2023,2023-05-17,1900,2023-03-01,1115,647211,2820,3,5,5,1915,0,0,0,NA,0,282T1,SANTA FE AV,BANNING AV,228,N,N,A,-,N,NA,NA,NA,NA,NA,NA,NA,NA,NA,NA,4,0,1,2,A,-,09,21801,A,N,-,C,A,A,H,-,A,D,0,NA,NA,NA,NA,Y,NA,A,01,0,0,1,0,0,0,0,0,0,-,-,33.91925811767578,-118.2179718017578,LOS ANGELES,COMPTON,-118.21791076660156,33.9192008972168
9584281,2023,2023-05-23,1942,2023-04-28,2200,45258,0555,5,5,7,1942,0,0,0,E,0,5A85,W FIRST ST,MEYLER ST,0,NA,Y,A,-,N,NA,NA,NA,NA,NA,NA,NA,NA,NA,N,3,0,1,3,A,-,06,21750,NA,N,B,C,A,A,H,-,C,D,0,NA,NA,NA,NA,Y,NA,A,07,0,1,0,0,0,0,0,0,0,-,-,NA,NA,LOS ANGELES,LOS ANGELES,-118.29673767089844,33.74333190917969
9584282,2023,2023-05-17,1900,2023-04-02,349,628507,2843,7,5,5,1915,0,0,0,NA,0,281T1,LONG BEACH BL,LAUREL ST,300,N,N,A,-,N,NA,NA,NA,NA,NA,NA,NA,NA,NA,N,2,0,1,1,A,-,03,22350,NA,N,E,I,A,A,H,-,C,D,0,NA,NA,NA,NA,Y,NA,A,01,1,0,0,0,0,0,0,0,0,-,-,NA,NA,LOS ANGELES,COMPTON,-118.20797729492188,33.894989013671875
9584283,2023,2023-05-17,1900,2023-04-05,1350,651175,2844,3,5,5,1915,0,0,0,NA,0,283T2,GLENCOE AV,TEMPLE AV,11,E,N,A,-,N,NA,NA,NA,NA,NA,NA,NA,NA,NA,Y,3,0,1,5,A,-,09,21802,A,F,D,C,A,A,H,-,A,A,0,NA,NA,NA,NA,Y,NA,A,01,0,1,0,0,0,0,0,0,0,-,-,33.882179260253906,-118.20723724365234,LOS ANGELES,COMPTON,-118.20722198486328,33.882171630859375
9584302,2023,2023-05-23,1942,2023-05-07,245,45187,0141,7,5,7,1942,0,0,0,A,0,1A41W3,FIGUEROA ST,5TH ST,0,NA,Y,A,-,N,NA,NA,NA,NA,NA,NA,NA,NA,NA,Y,4,0,2,2,A,-,12,21453,A,F,D,C,A,A,H,-,C,A,0,NA,NA,NA,NA,Y,NA,A,01,0,0,2,0,0,0,0,0,0,-,-,NA,NA,LOS ANGELES,LOS ANGELES,-118.25711822509766,34.052284240722656
9584303,2023,2023-05-23,1942,2023-05-06,1545,35077,0211,6,5,7,1942,0,0,0,B,0,24MQ65,NEW HAMPSHIRE AV,ROSEWOOD AV,0,NA,Y,A,-,N,NA,NA,NA,NA,NA,NA,NA,NA,NA,Y,4,0,1,2,A,-,09,21802,A,F,D,C,A,A,H,-,A,A,0,NA,NA,NA,NA,Y,NA,A,01,0,0,1,0,0,0,0,0,0,-,-,NA,NA,LOS ANGELES,LOS ANGELES,-118.29325103759766,34.07903289794922
9584304,2023,2023-05-23,1942,2023-05-07,2300,40321,4211,7,5,7,1942,0,0,0,NA,0,1148,N FIGUEROA,AVENUE 45,0,NA,Y,A,-,N,NA,NA,NA,NA,NA,NA,NA,NA,NA,Y,4,0,1,2,A,-,03,22350,NA,N,C,C,A,A,H,-,C,A,0,NA,NA,NA,NA,Y,Y,A,01,0,0,1,0,0,0,0,0,0,-,-,NA,NA,LOS ANGELES,LOS ANGELES,-118.2073211669922,34.095951080322266
9584305,2023,2023-05-23,1942,2023-05-07,925,42118,1333,7,5,7,1942,0,0,0,M,0,24TL27,SAN PEDRO ST,30TH ST,0,NA,Y,A,-,N,NA,NA,NA,NA,NA,NA,NA,NA,NA,N,4,0,1,2,A,-,12,21453,A,F,G,B,B,A,H,-,A,A,0,Y,NA,NA,NA,Y,NA,-,99,0,0,1,0,1,0,0,0,0,-,-,NA,NA,LOS ANGELES,LOS ANGELES,-118.26335144042967,34.01840591430664
9584306,2023,2023-05-23,1942,2023-05-06,1840,40421,1151,6,5,7,1942,0,0,0,K,0,24T32W,VERMONT AV,FOUNTAIN AV,40,S,N,A,-,N,NA,NA,NA,NA,NA,NA,NA,NA,NA,Y,4,0,1,2,A,-,01,23152,F,N,C,C,A,A,H,-,A,D,0,NA,NA,NA,NA,Y,NA,A,01,0,0,1,0,0,0,0,0,0,-,-,NA,NA,LOS ANGELES,LOS ANGELES,-118.29175567626952,34.09543991088867
9584307,2023,2023-05-22,1942,2023-05-04,1450,41629,1317,4,5,7,1942,0,0,0,M,0,24TL54,STAUNTON AV,WASHINGTON BL,0,NA,Y,A,-,N,NA,NA,NA,NA,NA,NA,NA,NA,NA,N,4,0,1,2,A,-,09,21804,A,F,A,I,A,A,H,-,A,D,0,NA,NA,NA,NA,Y,NA,-,99,0,0,1,0,0,0,0,0,0,-,-,NA,NA,LOS ANGELES,LOS ANGELES,-118.24159240722656,34.02035903930664
9584308,2023,2024-09-18,1942,2023-05-08,245,43963,0111,1,5,7,1942,0,0,0,A,0,1A1,CESAR CHAVEZ AV,NEW HIGH AV,0,NA,Y,A,G,N,NA,NA,NA,NA,NA,NA,NA,NA,NA,Y,3,0,1,2,A,-,12,21453,A,F,D,C,A,A,A,H,C,A,0,NA,NA,NA,NA,Y,NA,A,01,0,1,0,0,0,0,0,0,0,-,-,NA,NA,LOS ANGELES,LOS ANGELES,-118.23957061767578,34.05827713012695
9584309,2023,2023-05-22,1942,2023-05-06,2130,45187,0152,6,5,7,1942,0,0,0,A,0,1A41W3,5TH ST,GRAND AV,0,NA,Y,A,-,N,NA,NA,NA,NA,NA,NA,NA,NA,NA,N,3,0,1,2,A,-,10,21950,A,F,G,B,B,A,H,-,C,A,0,Y,NA,NA,NA,Y,NA,-,NA,0,1,0,0,1,0,0,0,0,-,-,NA,NA,LOS ANGELES,LOS ANGELES,-118.2901611328125,33.73968505859375
9584310,2023,2023-05-22,1942,2023-05-05,2345,38281,171,5,5,7,1942,0,0,0,Q,0,1Q63,FRANCISCO ST,OLYMPIC BL,0,NA,Y,A,-,N,NA,NA,NA,NA,NA,NA,NA,NA,NA,Y,4,0,2,3,A,-,03,22350,NA,F,D,C,A,A,H,-,C,A,0,NA,Y,NA,NA,Y,Y,-,99,0,0,2,0,0,0,1,0,0,-,-,NA,NA,LOS ANGELES,LOS ANGELES,-118.26576232910156,34.04544448852539
9584311,2023,2023-05-22,1942,2023-05-08,730,42926,0423,1,5,7,1942,0,0,0,D,0,24TL25,MAIN ST,GRIFFIN AV,0,NA,Y,A,-,N,NA,NA,NA,NA,NA,NA,NA,NA,NA,Y,3,0,4,3,A,-,09,21801,A,N,D,C,A,A,H,-,A,D,0,NA,NA,NA,NA,Y,NA,A,01,0,1,3,0,0,0,0,0,0,-,-,NA,NA,LOS ANGELES,LOS ANGELES,-118.21157073974608,34.066017150878906
9584312,2023,2023-05-22,1942,2023-05-07,1905,38357,1309,7,5,7,1942,0,0,0,M,0,24T34,15TH ST,ALAMEDA ST,57,W,N,A,-,N,NA,NA,NA,NA,NA,NA,NA,NA,NA,N,3,0,1,2,A,-,11,21955,NA,N,G,B,D,B,H,-,A,D,0,Y,NA,NA,NA,Y,NA,N,60,0,1,0,0,1,0,0,0,0,-,-,NA,NA,LOS ANGELES,LOS ANGELES,-118.23949432373048,34.02362060546875
9584313,2023,2023-05-22,1942,2023-05-06,2010,41068,1345,6,5,7,1942,0,0,0,M,0,24T31,HOOPER AV,41ST ST,0,NA,Y,A,-,N,NA,NA,NA,NA,NA,NA,NA,NA,NA,N,3,0,1,2,A,-,09,21801,NA,F,H,G,A,A,H,-,C,A,0,NA,Y,NA,NA,Y,NA,-,99,0,1,0,0,0,0,1,0,0,-,-,NA,NA,LOS ANGELES,LOS ANGELES,-118.25213623046876,34.009281158447266
9584314,2023,2023-05-22,1942,2023-05-05,1540,40275,1313,5,5,7,1942,0,0,0,M,0,24TL55,MAPLE AV,16TH ST,50,N,N,A,-,N,NA,NA,NA,NA,NA,NA,NA,NA,NA,N,4,0,1,3,A,-,08,22107,NA,F,B,G,A,A,H,-,A,D,0,NA,Y,NA,NA,Y,NA,-,-,0,0,1,0,0,0,1,0,0,-,-,NA,NA,LOS ANGELES,LOS ANGELES,-118.2593231201172,34.031944274902344
9584315,2023,2023-05-22,1942,2023-05-02,820,45339,1136,2,5,7,1942,0,0,0,K,0,11A17,EAGLE ROCK BL,AVE 45,310,S,N,A,-,N,NA,NA,NA,NA,NA,NA,NA,NA,NA,N,3,0,1,2,A,-,08,22107,NA,N,B,C,A,A,H,-,A,D,0,NA,NA,NA,NA,Y,NA,A,07,0,1,0,0,0,0,0,0,0,-,-,NA,NA,LOS ANGELES,LOS ANGELES,-118.21974182128906,34.12538528442383
9584316,2023,2023-05-22,1942,2023-05-02,600,38111,0397,2,5,7,1942,0,0,0,C,0,25TL29,MARTIN LUTHER KING BL,WALTON AV,22,E,N,A,-,N,NA,NA,NA,NA,NA,NA,NA,NA,NA,Y,4,0,1,2,A,-,03,22350,NA,F,C,C,A,A,H,-,A,D,0,NA,NA,NA,NA,Y,NA,A,01,0,0,1,0,0,0,0,0,0,-,-,NA,NA,LOS ANGELES,LOS ANGELES,-118.29402923583984,34.01087188720703
9584317,2023,2023-05-22,1942,2023-05-04,2035,34332,1381,4,5,7,1942,0,0,0,M,0,24T31,BROADWAY,59TH PL,0,NA,Y,B,E,N,NA,NA,NA,NA,NA,NA,NA,NA,NA,N,3,0,1,2,A,-,12,21453,A,F,D,C,A,A,H,-,C,A,0,NA,NA,NA,NA,Y,NA,-,-,0,1,0,0,0,0,0,0,0,-,-,NA,NA,LOS ANGELES,LOS ANGELES,-118.27828979492188,33.98599624633789
9584325,2023,2023-05-12,1925,2023-04-26,2142,29459,165,3,5,6,1925,0,0,0,NA,0,004,BRAND BL,BROADWAY,100,N,N,A,-,N,NA,NA,NA,NA,NA,NA,NA,NA,NA,N,4,0,1,3,A,-,03,22350,NA,N,C,C,A,A,H,-,C,D,0,NA,NA,NA,NA,Y,NA,A,07,0,0,1,0,0,0,0,0,0,-,-,NA,NA,LOS ANGELES,GLENDALE,-118.25508880615234,34.1462516784668
9584326,2023,2023-05-12,1925,2023-04-15,1824,28716,NA,6,5,6,1925,0,0,0,NA,0,002,PACIFIC AV,ELK AV,0,NA,Y,B,-,N,NA,NA,NA,NA,NA,NA,NA,NA,NA,Y,4,0,1,2,A,-,12,22450,A,N,D,C,A,A,H,-,A,D,0,NA,NA,NA,NA,Y,NA,A,01,0,0,1,0,0,0,0,0,0,-,-,34.14168930053711,-118.26441192626952,LOS ANGELES,GLENDALE,-118.26441192626952,34.14164352416992
9584327,2023,2023-05-12,1925,2023-04-12,2202,25703,249,3,5,6,1925,0,0,0,NA,0,003,HARVARD ST,EVERETT ST,0,NA,Y,C,-,N,NA,NA,NA,NA,NA,NA,NA,NA,NA,Y,4,0,1,2,A,-,12,22450,NA,N,D,C,A,B,H,-,C,A,0,NA,NA,NA,NA,Y,NA,A,01,0,0,1,0,0,0,0,0,0,-,-,NA,NA,LOS ANGELES,GLENDALE,-118.2455825805664,34.14447021484375
9584328,2023,2023-05-12,1925,2023-04-24,1226,29459,249,1,5,6,1925,0,0,0,NA,0,002,COLORADO,KENWOOD ST,105,E,N,B,-,N,NA,NA,NA,NA,NA,NA,NA,NA,NA,N,4,0,1,2,A,-,08,22102,NA,N,D,C,A,A,H,-,A,D,0,NA,NA,NA,NA,Y,NA,A,01,0,0,1,0,0,0,0,0,0,-,-,NA,NA,LOS ANGELES,GLENDALE,-118.2509765625,34.14261245727539
9584355,2023,2023-05-19,1900,2023-01-26,1230,655208,1333,4,5,5,1908,0,0,0,NA,0,133B,WOODRUFF AV,WASHINGTON ST,0,NA,Y,A,-,N,NA,NA,NA,NA,NA,NA,NA,NA,NA,Y,4,0,1,2,A,-,09,21801,A,N,A,C,A,A,H,-,A,D,0,NA,NA,NA,NA,Y,NA,A,01,0,0,1,0,0,0,0,0,0,-,-,NA,NA,LOS ANGELES,BELLFLOWER,-118.11663818359376,33.898399353027344
9584357,2023,2023-05-18,1942,2023-01-20,2245,45216,376,5,5,7,1942,0,0,0,NA,0,3A55W3,MARTIN LUTHER KING BL,NORMANDIE AV,20,W,N,A,-,N,NA,NA,NA,NA,NA,NA,NA,NA,NA,N,4,0,1,2,A,-,12,21453,A,F,D,C,A,A,H,-,C,A,0,NA,NA,NA,NA,Y,NA,A,01,0,0,1,0,0,0,0,0,0,-,-,NA,NA,LOS ANGELES,LOS ANGELES,-118.3002471923828,34.010868072509766
9584358,2023,2023-05-15,1942,2023-01-14,1350,45074,1253,6,5,7,1942,0,0,0,L,0,12A3,WESTERN AV,78TH ST,0,NA,Y,C,-,N,NA,NA,NA,NA,NA,NA,NA,NA,NA,Y,3,0,3,2,A,-,09,21801,A,N,D,C,A,B,H,-,A,D,0,NA,NA,NA,NA,Y,NA,A,01,0,1,2,0,0,0,0,0,0,-,-,NA,NA,LOS ANGELES,LOS ANGELES,-118.30900573730467,33.96907043457031
9584374,2023,2023-05-16,1942,2023-02-19,130,40181,0563,7,5,7,1942,0,0,0,E,0,5U3,PACIFIC AV,13TH ST,10,E,N,A,-,N,NA,NA,NA,NA,NA,NA,NA,NA,NA,N,3,0,1,2,A,-,10,21950,A,F,G,B,B,A,H,-,C,A,0,Y,NA,NA,NA,Y,NA,-,99,0,1,0,0,1,0,0,0,0,-,-,NA,NA,LOS ANGELES,LOS ANGELES,-118.28794860839844,33.732421875
9584375,2023,2023-05-24,1900,2023-02-10,2048,663360,2825,5,5,5,1915,0,0,0,NA,0,283T2,BULLIS RD,PINE ST,0,NA,Y,A,-,N,NA,NA,NA,NA,NA,NA,NA,NA,NA,N,3,0,1,2,A,-,03,22350,NA,F,H,G,A,A,H,-,C,A,0,NA,Y,NA,NA,Y,NA,-,NA,0,1,0,0,0,0,1,0,0,-,-,33.908939361572266,-118.20686340332033,LOS ANGELES,COMPTON,-118.20687866210938,33.90903091430664
9584385,2023,2023-05-16,1942,2023-03-21,1821,43805,1248,2,5,7,1942,0,0,0,L,0,12X18W,69TH ST,VERMONT ST,0,NA,Y,C,-,N,NA,NA,NA,NA,NA,NA,NA,NA,NA,Y,2,0,1,1,A,-,03,22350,NA,N,E,I,A,B,B,-,A,-,0,NA,NA,NA,NA,Y,NA,A,01,1,0,0,0,0,0,0,0,0,-,-,NA,NA,LOS ANGELES,LOS ANGELES,-118.29184722900392,33.97703552246094
9584387,2023,2023-05-16,1900,2023-03-23,918,655224,2824,4,5,5,1915,0,0,0,NA,0,281A,SANTA FE AV,COMPTON BL,16,S,N,A,-,N,NA,NA,NA,NA,NA,NA,NA,NA,NA,N,3,0,1,3,A,-,12,21453,NA,N,D,C,A,A,H,-,A,A,0,NA,NA,NA,NA,Y,NA,A,01,0,1,0,0,0,0,0,0,0,-,-,33.89606857299805,-118.2159423828125,LOS ANGELES,COMPTON,-118.2157974243164,33.895999908447266
9584388,2023,2023-05-16,1900,2023-03-23,1200,647211,2823,4,5,5,1915,0,0,0,NA,0,282T1,PEARL AV,PECK ST,0,NA,Y,A,-,N,NA,NA,NA,NA,NA,NA,NA,NA,NA,N,4,0,2,2,A,-,12,22450,NA,N,A,C,A,A,H,-,A,D,0,NA,NA,NA,NA,Y,NA,A,01,0,0,2,0,0,0,0,0,0,-,-,33.90578842163086,-118.21468353271484,LOS ANGELES,COMPTON,-118.21468353271484,33.9057731628418
9584389,2023,2023-05-16,1900,2023-03-28,1917,655224,2843,2,5,5,1915,0,0,0,NA,0,283T1,SANTA FE AV,MYRRH ST,7,S,N,A,-,N,NA,NA,NA,NA,NA,NA,NA,NA,NA,N,3,0,1,2,A,-,05,21651,B,N,D,C,A,A,H,-,A,A,0,NA,NA,Y,NA,Y,NA,C,02,0,1,0,0,0,0,0,0,1,-,-,33.89223861694336,-118.21616363525392,LOS ANGELES,COMPTON,-118.21616363525392,33.892295837402344
9584414,2023,2023-05-22,1900,2023-05-03,730,618405,0454,3,5,6,1949,0,0,0,NA,0,43T1,ROSECRANS AV,STUDEBAKER RD,350,E,N,A,-,N,NA,NA,NA,NA,NA,NA,NA,NA,NA,N,3,0,1,2,A,-,08,22107,NA,N,D,C,A,A,H,-,A,D,0,NA,NA,NA,NA,Y,NA,A,01,0,1,0,0,0,0,0,0,0,-,-,NA,NA,LOS ANGELES,NORWALK,-118.09896087646484,33.90203094482422
9584415,2023,2023-05-22,1916,2023-05-02,1514,2389,W2R1,2,5,4,1916,0,0,0,NA,0,WEST,CYPRESS ST,HOMEREST AV,0,NA,Y,A,-,N,NA,NA,NA,NA,NA,NA,NA,NA,NA,Y,4,0,1,2,A,-,01,23152,F,N,D,D,A,A,H,-,A,A,0,NA,NA,NA,NA,Y,NA,A,01,0,0,1,0,0,0,0,0,0,-,-,34.09577178955078,-117.91220092773438,LOS ANGELES,COVINA,-117.91217803955078,34.09579086303711
9584420,2023,2023-05-22,1928,2023-05-01,2050,50324,517,1,5,5,1928,0,0,0,NA,0,503,DOTY AV,132ND ST,0,NA,Y,A,-,N,NA,NA,NA,NA,NA,NA,NA,NA,NA,N,3,0,1,2,A,-,12,22450,A,N,D,G,A,A,H,-,C,B,0,NA,Y,NA,NA,Y,NA,L,04,0,1,0,0,0,0,1,0,0,-,-,33.912818908691406,-118.33956146240234,LOS ANGELES,HAWTHORNE,-118.33956146240234,33.91279983520508
9584421,2023,2023-05-22,1900,2023-05-04,802,403161,1418,4,5,1,1932,0,0,0,NA,0,141T2,VALLEY BL,LEMON AV,141,E,N,C,-,N,NA,NA,NA,NA,NA,NA,NA,NA,NA,Y,4,0,1,2,A,-,04,21703,NA,N,C,C,A,B,H,-,A,D,0,NA,NA,NA,NA,Y,NA,A,01,0,0,1,0,0,0,0,0,0,-,-,34.010169982910156,-117.8583984375,LOS ANGELES,INDUSTRY,-117.85853576660156,34.01002502441406
9584422,2023,2023-05-22,1900,2023-05-01,1019,403161,1412,1,5,1,1932,0,0,0,NA,0,141T2,TEMPLE AV,PEREZ PL,185,N,N,A,-,N,NA,NA,NA,NA,NA,NA,NA,NA,NA,N,4,0,1,2,A,-,11,21954,A,N,G,B,E,A,H,-,A,A,0,Y,NA,NA,NA,Y,NA,N,60,0,0,1,0,1,0,0,0,0,-,-,34.055110931396484,-118.00045013427734,LOS ANGELES,INDUSTRY,-118.00086975097656,34.054649353027344
9584423,2023,2023-05-22,1900,2023-05-03,815,403161,1418,3,5,1,1932,0,0,0,NA,0,141T2,NOGALES ST,ARENTH AV,0,NA,Y,A,-,N,NA,NA,NA,NA,NA,NA,NA,NA,NA,N,4,0,1,2,A,-,09,21801,A,N,D,C,A,A,H,-,A,A,0,NA,NA,NA,NA,Y,NA,A,07,0,0,1,0,0,0,0,0,0,-,-,34.00128936767578,-117.88802337646484,LOS ANGELES,INDUSTRY,-117.88787078857422,34.001243591308594
9584424,2023,2023-05-22,1900,2023-05-01,1522,515235,1416,1,5,1,1932,0,0,0,NA,0,141T3A,ALBATROSS RD,ALMAHURST ST,0,NA,Y,A,-,N,NA,NA,NA,NA,NA,NA,NA,NA,NA,Y,3,0,1,2,A,-,12,22450,A,N,D,D,A,A,H,-,A,A,0,NA,NA,NA,NA,Y,NA,A,01,0,1,0,0,0,0,0,0,0,-,-,33.99198913574219,-117.92417144775392,LOS ANGELES,INDUSTRY,-117.92411041259766,33.99199295043945
9584449,2023,2023-05-20,1926,2023-05-03,1637,0082,NA,3,5,5,1926,0,0,0,NA,0,NA,RT 66,GLENWOOD AV,50,W,N,B,-,N,NA,NA,NA,NA,NA,NA,NA,NA,NA,Y,3,0,3,2,A,-,03,22350,NA,N,C,C,A,A,H,-,A,A,0,NA,NA,NA,NA,Y,NA,A,01,0,1,2,0,0,0,0,0,0,-,-,34.12881851196289,-117.85289001464844,LOS ANGELES,GLENDORA,-117.85305786132813,34.12871170043945
9584450,2023,2023-05-20,1926,2023-05-01,1323,0165,NA,1,5,5,1926,0,0,0,NA,0,NA,S BARRANCA AV,E GLADSTONE ST,0,NA,Y,A,-,N,NA,NA,NA,NA,NA,NA,NA,NA,NA,Y,4,0,2,2,D,-,00,NA,NA,N,D,C,A,A,H,-,A,A,0,NA,NA,NA,NA,Y,NA,-,-,0,0,2,0,0,0,0,0,0,-,-,34.11405944824219,-117.88144683837892,LOS ANGELES,GLENDORA,-117.88146209716795,34.11406707763672
9584461,2023,2023-05-18,1942,2023-04-30,2006,45258,0563,7,5,7,1942,0,0,0,E,0,5A85,LELAND ST,14TH ST,5,N,N,A,-,N,NA,NA,NA,NA,NA,NA,NA,NA,NA,Y,3,0,1,2,A,-,01,23152,A,N,G,B,B,A,H,-,C,D,0,Y,NA,NA,NA,Y,Y,A,01,0,1,0,0,1,0,0,0,0,-,-,NA,NA,LOS ANGELES,LOS ANGELES,-118.3012237548828,33.73157501220703