CASE_ID,ACCIDENT_YEAR,PROC_DATE,JURIS,COLLISION_DATE,COLLISION_TIME,OFFICER_ID,REPORTING_DISTRICT,DAY_OF_WEEK,CHP_SHIFT,POPULATION,CNTY_CITY_LOC,SPECIAL_COND,BEAT_TYPE,CHP_BEAT_TYPE,CITY_DIVISION_LAPD,CHP_BEAT_CLASS,BEAT_NUMBER,PRIMARY_RD,SECONDARY_RD,DISTANCE,DIRECTION,INTERSECTION,WEATHER_1,WEATHER_2,STATE_HWY_IND,CALTRANS_COUNTY,CALTRANS_DISTRICT,STATE_ROUTE,ROUTE_SUFFIX,POSTMILE_PREFIX,POSTMILE,LOCATION_TYPE,RAMP_INTERSECTION,SIDE_OF_HWY,TOW_AWAY,COLLISION_SEVERITY,NUMBER_KILLED,NUMBER_INJURED,PARTY_COUNT,PRIMARY_COLL_FACTOR,PCF_CODE_OF_VIOL,PCF_VIOL_CATEGORY,PCF_VIOLATION,PCF_VIOL_SUBSECTION,HIT_AND_RUN,TYPE_OF_COLLISION,MVIW,PED_ACTION,ROAD_SURFACE,ROAD_COND_1,ROAD_COND_2,LIGHTING,CONTROL_DEVICE,CHP_ROAD_TYPE,PEDESTRIAN_ACCIDENT,BICYCLE_ACCIDENT,MOTORCYCLE_ACCIDENT,TRUCK_ACCIDENT,NOT_PRIVATE_PROPERTY,ALCOHOL_INVOLVED,STWD_VEHTYPE_AT_FAULT,CHP_VEHTYPE_AT_FAULT,COUNT_SEVERE_INJ,COUNT_VISIBLE_INJ,COUNT_COMPLAINT_PAIN,COUNT_PED_KILLED,COUNT_PED_INJURED,COUNT_BICYCLIST_KILLED,COUNT_BICYCLIST_INJURED,COUNT_MC_KILLED,COUNT_MC_INJURED,PRIMARY_RAMP,SECONDARY_RAMP,LATITUDE,LONGITUDE,COUNTY,CITY,POINT_X,POINT_Y
9586753,2022,2023-06-22,1900,2022-08-23,2020,644558,0986,2,5,4,1979,0,0,0,NA,0,93T2,SUNSET BL,LA CIENEGA BL,50,W,N,A,-,N,NA,NA,NA,NA,NA,NA,NA,NA,NA,Y,4,0,1,3,A,-,03,22350,NA,F,C,C,A,A,H,-,C,A,0,NA,NA,NA,NA,Y,NA,D,22,0,0,1,0,0,0,0,0,0,-,-,34.09415054321289,-118.37667846679688,LOS ANGELES,WEST HOLLYWOOD,-118.37653350830078,34.09429931640625
9586760,2022,2023-06-21,1900,2022-10-29,1935,644302,0975,6,5,4,1979,0,0,0,NA,0,93T3,CURSON AV,SANTA MONICA BL,0,NA,Y,A,-,N,NA,NA,NA,NA,NA,NA,NA,NA,NA,N,4,0,1,2,A,-,10,21950,A,N,G,B,B,A,H,-,C,A,0,Y,NA,NA,NA,Y,NA,A,01,0,0,1,0,1,0,0,0,0,-,-,34.09067916870117,-118.35532379150392,LOS ANGELES,WEST HOLLYWOOD,-118.35535430908205,34.09079360961914
9586762,2022,2023-06-21,1900,2022-12-18,0332,641037,0974,7,5,4,1979,0,0,0,NA,0,91K2,FOUNTAIN AV,GENESEE AV,0,NA,Y,A,-,N,NA,NA,NA,NA,NA,NA,NA,NA,NA,N,3,0,2,2,A,-,09,21802,A,N,D,C,A,A,H,-,C,D,0,NA,NA,NA,NA,Y,NA,A,01,0,1,1,0,0,0,0,0,0,-,-,34.094478607177734,-118.35819244384766,LOS ANGELES,WEST HOLLYWOOD,-118.35804748535156,34.09442901611328
9586765,2022,2023-06-21,1900,2022-11-09,0822,622866,0263,3,5,4,1917,0,0,0,NA,0,26T,ATLANTIC AV,ELIZABETH ST,125,S,N,A,-,N,NA,NA,NA,NA,NA,NA,NA,NA,NA,N,4,0,2,2,A,-,04,21703,NA,N,C,C,A,A,H,-,A,D,0,NA,NA,NA,NA,Y,NA,A,01,0,0,2,0,0,0,0,0,0,-,-,NA,NA,LOS ANGELES,CUDAHY,-118.18634796142578,33.96287536621094
9586770,2022,2023-06-21,1900,2022-01-17,0029,641950,0977,1,5,4,1979,0,0,0,NA,0,93T1,SANTA MONICA BL,SAN VICENTE BL,0,NA,Y,A,-,N,NA,NA,NA,NA,NA,NA,NA,NA,NA,N,2,0,1,2,D,-,00,NA,NA,F,G,B,B,A,H,-,C,A,0,Y,NA,NA,NA,Y,NA,-,-,1,0,0,0,1,0,0,0,0,-,-,34.084808349609375,-118.38426971435548,LOS ANGELES,WEST HOLLYWOOD,-118.38410949707033,34.08492660522461
9586778,2022,2023-06-26,1900,2022-12-21,0740,642948,0973,3,5,4,1979,0,0,0,NA,0,90M1,SANTA MONICA BL,NORTH POINSETTIA PL,76,W,N,A,-,N,NA,NA,NA,NA,NA,NA,NA,NA,NA,Y,3,0,1,2,A,-,08,22107,NA,N,B,E,A,A,H,-,A,D,0,NA,NA,NA,NA,Y,NA,A,01,0,1,0,0,0,0,0,0,0,-,-,34.09067153930664,-118.34751129150392,LOS ANGELES,WEST HOLLYWOOD,-118.3489227294922,34.09074020385742
9586779,2022,2023-06-26,1900,2022-04-02,0255,642948,0977,6,5,4,1979,0,0,0,NA,0,93T3,PHYLLIS ST,CAROL DR,160,W,N,A,-,N,NA,NA,NA,NA,NA,NA,NA,NA,NA,N,2,0,2,4,A,-,08,22107,NA,F,C,B,E,A,H,-,C,D,0,Y,NA,NA,NA,Y,NA,D,22,2,0,0,0,2,0,0,0,0,-,-,34.089088439941406,-118.39161682128906,LOS ANGELES,WEST HOLLYWOOD,-118.39156341552734,34.089027404785156
9586793,2022,2023-07-14,1900,2022-12-26,0840,622922,0972,1,5,4,1979,0,0,0,NA,0,92T1,SANTA MONICA BL,LA CIENEGA BL,137,W,N,A,-,N,NA,NA,NA,NA,NA,NA,NA,NA,NA,Y,3,0,1,2,A,-,03,22350,NA,N,C,C,A,A,H,-,A,D,0,NA,NA,NA,NA,Y,NA,A,01,0,1,0,0,0,0,0,0,0,-,-,34.089271545410156,-118.37669372558594,LOS ANGELES,WEST HOLLYWOOD,-118.37667083740234,34.08936309814453
9586799,2022,2023-06-26,1900,2022-11-21,0941,606099,09676,1,5,4,1979,0,0,0,NA,0,92T3,FOUNTAIN AV,OLIVE DR,67,E,N,A,-,N,NA,NA,NA,NA,NA,NA,NA,NA,NA,N,4,0,2,3,A,-,07,21658,A,N,B,C,A,A,H,-,A,A,0,NA,NA,NA,NA,Y,NA,A,01,0,0,2,0,0,0,0,0,0,-,-,34.09339904785156,-118.37364959716795,LOS ANGELES,WEST HOLLYWOOD,-118.37374114990234,34.09333038330078
9586908,2022,2023-06-21,1900,2022-11-22,1815,644141,1327,2,5,5,1935,0,0,0,NA,0,1815,DEL AMO BL,MAPES AV,25,W,N,A,-,N,NA,NA,NA,NA,NA,NA,NA,NA,NA,N,3,0,1,2,A,-,03,22350,NA,N,C,C,A,A,H,-,C,A,0,NA,NA,NA,NA,Y,NA,A,07,0,1,0,0,0,0,0,0,0,-,-,NA,NA,LOS ANGELES,LAKEWOOD,-118.089111328125,33.84590148925781
9586921,2022,2023-06-21,1900,2022-11-15,2050,644141,1323,2,5,5,1935,0,0,0,NA,0,132T2,CANDLEWOOD ST,PARAMOUNT BL,250,W,N,A,-,N,NA,NA,NA,NA,NA,NA,NA,NA,NA,Y,3,0,1,2,A,-,08,22107,NA,N,B,C,A,A,H,-,C,A,0,NA,NA,NA,NA,Y,NA,A,01,0,1,0,0,0,0,0,0,0,-,-,NA,NA,LOS ANGELES,LAKEWOOD,-118.16068267822266,33.85380172729492
9586922,2022,2023-06-21,1900,2022-11-27,1238,590658,1133,7,5,6,1992,0,0,0,NA,0,111T1,CHALLENGER WY,LANCASTER BL,0,NA,Y,A,-,N,NA,NA,NA,NA,NA,NA,NA,NA,NA,Y,4,0,3,2,A,-,12,21453,A,N,D,C,A,A,H,-,A,A,0,NA,NA,NA,NA,Y,NA,A,01,0,0,3,0,0,0,0,0,0,-,-,NA,NA,LOS ANGELES,LANCASTER,-118.11265563964844,34.69685363769531
9586925,2023,2023-06-23,1920,2023-05-25,1314,13022,NA,4,5,6,1920,0,0,0,NA,0,005,TELEGRAPH RD,TWEEDY LN,49,W,N,A,-,N,NA,NA,NA,NA,NA,NA,NA,NA,NA,N,4,0,1,2,A,-,08,22107,NA,N,C,C,A,A,H,-,A,A,0,NA,NA,NA,NA,Y,NA,J,48,0,0,1,0,0,0,0,0,0,-,-,NA,NA,LOS ANGELES,DOWNEY,-118.11808776855467,33.9696159362793
9586927,2023,2023-06-23,1900,2023-05-29,2000,6660930,2811,1,5,5,1915,0,0,0,NA,0,283H,CENTRAL AV,148TH ST,90,S,N,A,-,N,NA,NA,NA,NA,NA,NA,NA,NA,NA,Y,4,0,3,2,A,-,05,21651,B,N,A,C,A,A,H,-,C,D,0,NA,NA,NA,NA,Y,NA,A,01,0,0,3,0,0,0,0,0,0,-,-,33.89828872680664,-118.25250244140624,LOS ANGELES,COMPTON,-118.25253295898438,33.898345947265625
9586929,2023,2023-06-23,1900,2023-05-29,2042,656370,1135,1,5,6,1992,0,0,0,NA,0,112T1,AVENUE I,20TH ST EAST,38,W,N,A,-,N,NA,NA,NA,NA,NA,NA,NA,NA,NA,Y,3,0,2,2,A,-,01,23152,A,N,C,E,A,A,H,-,A,A,0,NA,NA,NA,NA,Y,Y,D,22,0,2,0,0,0,0,0,0,0,-,-,34.70418930053711,-118.09519958496094,LOS ANGELES,LANCASTER,-118.09500885009766,34.70423889160156
9586933,2023,2023-06-23,1900,2023-04-19,820,656791,1326,3,5,5,1935,0,0,0,NA,0,132T2D,DEL AMO BL,FAUST AV,0,NA,Y,A,-,N,NA,NA,NA,NA,NA,NA,NA,NA,NA,Y,4,0,1,2,A,-,09,21802,A,N,D,C,A,A,H,-,A,D,0,NA,NA,NA,NA,Y,NA,J,48,0,0,1,0,0,0,0,0,0,-,-,33.84700012207031,-118.11502075195313,LOS ANGELES,LAKEWOOD,-118.11463165283205,33.846839904785156
9586942,2023,2023-06-23,1920,2023-05-17,35,14050,1920,3,5,6,1920,0,0,0,NA,0,003,TELEGRAPH RD,S BLUFF RD,0,NA,Y,A,-,N,NA,NA,NA,NA,NA,NA,NA,NA,NA,N,3,0,1,2,D,-,00,NA,NA,N,G,B,E,A,H,-,C,D,0,Y,NA,NA,NA,Y,NA,-,-,0,1,0,0,1,0,0,0,0,-,-,NA,NA,LOS ANGELES,DOWNEY,-118.1227798461914,33.974388122558594
9586943,2023,2023-06-23,1942,2023-06-07,325,36733,0952,3,5,7,1942,0,0,0,I,0,26T35W,SEPULVEDA BL,MAGNOLIA BL,15,S,N,A,-,N,NA,NA,NA,NA,NA,NA,NA,NA,NA,N,3,0,1,2,A,-,05,21650,NA,N,A,C,A,A,H,-,C,A,0,NA,NA,NA,NA,Y,NA,M,94,0,1,0,0,0,0,0,0,0,-,-,NA,NA,LOS ANGELES,LOS ANGELES,-118.46623229980467,34.164817810058594
9586947,2022,2023-06-23,1941,2022-10-19,0824,5578,NORTH,3,5,7,1941,0,0,0,NA,0,023,ATLANTIC AV,ATLANTIC PL,0,NA,N,A,-,N,NA,NA,NA,NA,NA,NA,NA,NA,NA,N,4,0,2,2,A,-,07,21658,A,N,B,C,A,A,H,-,A,D,0,NA,NA,NA,NA,Y,NA,A,01,0,0,2,0,0,0,0,0,0,-,-,33.880279541015625,-118.18617248535156,LOS ANGELES,LONG BEACH,-118.18595123291016,33.879310607910156
9586948,2022,2023-06-23,1941,2022-11-28,1754,10915,WEST,1,5,7,1941,0,0,0,NA,0,003,MAGNOLIA AV,W 32ND ST,0,NA,Y,A,-,N,NA,NA,NA,NA,NA,NA,NA,NA,NA,N,2,0,1,2,A,-,11,21950,B,N,G,B,B,A,H,-,D,D,0,Y,NA,NA,NA,Y,NA,N,60,1,0,0,0,1,0,0,0,0,-,-,33.81528091430664,-118.19808959960938,LOS ANGELES,LONG BEACH,-118.1981201171875,33.815269470214844
9586949,2022,2023-06-23,1941,2022-12-10,0203,11570,1,6,5,7,1941,0,0,0,NA,0,008,EAST 4TH ST,ROSE PL,0,NA,N,A,-,N,NA,NA,NA,NA,NA,NA,NA,NA,NA,Y,2,0,1,4,B,-,22,NA,NA,N,D,E,A,A,H,-,C,D,0,NA,NA,NA,NA,Y,NA,A,01,1,0,0,0,0,0,0,0,0,-,-,33.77206039428711,-118.16828918457033,LOS ANGELES,LONG BEACH,-118.16864776611328,33.77170944213867
9586950,2022,2023-06-23,1941,2022-12-06,1605,10140,NORTH,2,5,7,1941,0,0,0,NA,0,020,CHERRY AV,33RD ST,0,NA,N,B,-,N,NA,NA,NA,NA,NA,NA,NA,NA,NA,N,3,0,1,2,A,-,03,22350,NA,N,C,C,A,A,H,-,A,D,0,NA,NA,NA,NA,Y,NA,A,01,0,1,0,0,0,0,0,0,0,-,-,33.817108154296875,-118.16764068603516,LOS ANGELES,LONG BEACH,-118.16764068603516,33.81711196899414
9586968,2023,2023-08-10,1900,2023-07-09,1605,653406,1432,7,5,4,1937,0,0,0,NA,0,143T1,HACIENDA BL,KLAMATH ST,285,N,N,A,-,N,NA,NA,NA,NA,NA,NA,NA,NA,NA,N,3,0,1,2,A,-,09,21804,NA,N,B,G,A,A,H,-,A,D,0,NA,Y,NA,NA,Y,NA,L,04,0,1,0,0,0,0,1,0,0,-,-,34.03934097290039,-117.94970703125,LOS ANGELES,LA PUENTE,-117.94980621337892,34.03926086425781
9586969,2023,2023-08-10,1900,2023-07-01,1729,653406,1431,6,5,4,1937,0,0,0,NA,0,143T1,CALIFORNIA AV,NELSON AV,0,NA,Y,A,-,N,NA,NA,NA,NA,NA,NA,NA,NA,NA,N,3,0,1,2,A,-,12,21453,A,N,B,C,A,A,H,-,A,A,0,NA,NA,NA,NA,Y,NA,A,01,0,1,0,0,0,0,0,0,0,-,-,34.033409118652344,-117.96732330322266,LOS ANGELES,LA PUENTE,-117.9673080444336,34.03342819213867
9586971,2023,2023-08-15,1900,2023-07-03,2050,608904,0462,1,5,4,1936,0,0,0,NA,0,40T1PM,LA MIRADA BL,OAKWOOD LN,68,S,N,A,-,N,NA,NA,NA,NA,NA,NA,NA,NA,NA,N,4,0,3,3,A,-,03,22350,NA,N,C,C,A,A,H,-,C,D,0,NA,NA,NA,NA,Y,NA,A,01,0,0,3,0,0,0,0,0,0,-,-,NA,NA,LOS ANGELES,LA MIRADA,-118.01175689697266,33.911102294921875
9586974,2023,2023-08-10,1928,2023-07-04,1103,50415,513,2,5,5,1928,0,0,0,NA,0,504,INGLEWOOD AV,135TH ST,0,NA,Y,-,-,N,NA,NA,NA,NA,NA,NA,NA,NA,NA,NA,4,0,1,2,A,-,11,21954,A,N,D,B,D,A,H,-,A,A,0,Y,NA,NA,NA,Y,NA,N,60,0,0,1,0,1,0,0,0,0,-,-,33.90946960449219,-118.36128997802734,LOS ANGELES,HAWTHORNE,-118.36128997802734,33.909481048583984
9586975,2023,2023-08-10,1900,2023-07-01,1415,647539,1365,6,5,5,1952,0,0,0,NA,0,136E,SOMERSET BL,DOWNEY AV,0,NA,Y,A,-,N,NA,NA,NA,NA,NA,NA,NA,NA,NA,Y,3,0,1,2,A,-,12,21453,A,N,D,C,A,A,H,-,A,A,0,NA,NA,NA,NA,Y,NA,A,07,0,1,0,0,0,0,0,0,0,-,-,NA,NA,LOS ANGELES,PARAMOUNT,-118.15149688720705,33.89640426635742
9586976,2023,2023-08-15,1928,2023-07-16,2027,50423,531,7,5,5,1928,0,0,0,NA,0,501,FIRMONA AV,IMPERIAL HWY,287,N,N,A,-,N,NA,NA,NA,NA,NA,NA,NA,NA,NA,NA,4,0,1,2,A,-,21,22106,NA,N,D,C,A,A,H,-,B,D,0,NA,NA,NA,NA,Y,NA,A,01,0,0,1,0,0,0,0,0,0,-,-,33.930938720703125,-118.35690307617188,LOS ANGELES,HAWTHORNE,-118.35699462890624,33.93172836303711
9586979,2023,2023-08-10,1942,2023-07-15,2130,45047,1535,6,5,7,1942,0,0,0,O,0,0A3,CALIFA ST,LANKERSHIM BL,20,W,N,A,-,N,NA,NA,NA,NA,NA,NA,NA,NA,NA,Y,2,0,1,2,A,-,08,22102,NA,N,D,C,A,A,H,-,C,D,0,NA,NA,Y,NA,Y,NA,A,01,1,0,0,0,0,0,0,0,1,-,-,NA,NA,LOS ANGELES,LOS ANGELES,-118.38224792480467,34.177520751953125
9586983,2023,2023-08-14,1901,2023-07-10,1604,261,16,1,5,5,1901,0,0,0,NA,0,004,VALLEY BL,FREMONT AV,144,W,N,A,-,N,NA,NA,NA,NA,NA,NA,NA,NA,NA,Y,4,0,1,2,A,-,01,23152,G,N,C,C,A,A,H,-,A,A,0,NA,NA,NA,NA,Y,Y,A,07,0,0,1,0,0,0,0,0,0,-,-,34.076908111572266,-118.15184783935548,LOS ANGELES,ALHAMBRA,-118.1523895263672,34.07686233520508
9586984,2023,2023-08-14,1901,2023-07-20,600,119,16,4,5,5,1901,0,0,0,NA,0,004,VALLEY BL,WESTMONT DR,25,E,N,A,-,N,NA,NA,NA,NA,NA,NA,NA,NA,NA,Y,4,0,1,1,A,-,01,23152,F,N,E,I,A,A,H,-,C,A,0,NA,NA,NA,NA,Y,NA,A,01,0,0,1,0,0,0,0,0,0,-,-,34.07548904418945,-118.15997314453124,LOS ANGELES,ALHAMBRA,-118.15989685058594,34.075477600097656
9586999,2023,2023-08-11,1941,2023-07-01,2110,6185,4,6,5,7,1941,0,0,0,NA,0,001,EASY AV,W WILLOW ST,250,N,N,A,-,N,NA,NA,NA,NA,NA,NA,NA,NA,NA,Y,4,0,1,2,A,-,08,22107,NA,N,C,E,A,A,H,-,C,D,0,NA,NA,NA,NA,Y,NA,A,01,0,0,1,0,0,0,0,0,0,-,-,33.80561065673828,-118.20968627929688,LOS ANGELES,LONG BEACH,-118.21002960205078,33.805076599121094
9587002,2023,2023-08-24,1976,2023-07-15,1620,275,NA,6,5,5,1976,0,0,0,NA,0,004,COLIMA RD,YOUNGWOOD DR,0,NA,Y,A,-,N,NA,NA,NA,NA,NA,NA,NA,NA,NA,Y,3,0,3,2,A,-,03,22350,NA,N,C,C,A,A,H,-,A,A,0,NA,NA,NA,NA,Y,NA,D,22,0,1,2,0,0,0,0,0,0,-,-,NA,NA,LOS ANGELES,WHITTIER,-118.00247955322266,33.95502853393555
9587009,2023,2023-08-31,1976,2023-07-18,1511,589,NA,2,5,5,1976,0,0,0,NA,0,004,WHITTIER BL,GUNN AV,0,NA,Y,A,-,Y,LA,7,72,-,-,2.477,I,5,S,N,4,0,1,2,A,-,10,21950,A,N,G,B,B,A,H,-,A,A,0,Y,NA,NA,NA,Y,NA,D,22,0,0,1,0,1,0,0,0,0,-,-,NA,NA,LOS ANGELES,WHITTIER,-118.01587677001952,33.953548431396484
9587018,2023,2023-08-24,1900,2023-07-25,1530,621443,0472,2,5,4,1936,0,0,0,NA,0,46T1PM,VALLEY VIEW AV,STAGE RD,0,NA,Y,A,-,N,NA,NA,NA,NA,NA,NA,NA,NA,NA,N,4,0,1,2,A,-,21,22106,NA,N,C,C,A,A,H,-,A,D,0,NA,NA,NA,NA,Y,NA,D,22,0,0,1,0,0,0,0,0,0,-,-,33.535099029541016,-118.01439666748048,LOS ANGELES,LA MIRADA,-118.02919006347656,33.89790725708008
9587041,2023,2023-08-22,1942,2023-07-25,2120,41623,2054,2,5,7,1942,0,0,0,NA,0,20A1,OLYMPIC,NORMANDIE,60,W,N,A,-,N,NA,NA,NA,NA,NA,NA,NA,NA,NA,Y,4,0,2,2,A,-,01,23152,A,F,C,C,A,A,H,-,C,D,0,NA,NA,NA,NA,Y,Y,A,01,0,0,2,0,0,0,0,0,0,-,-,NA,NA,LOS ANGELES,LOS ANGELES,-118.30022430419922,34.05263900756836
9587042,2023,2023-08-22,1942,2023-07-15,1220,43092,1245,6,5,7,1942,0,0,0,L,0,12XL5W,W 70TH ST,RAYMOND AV,0,NA,Y,A,-,N,NA,NA,NA,NA,NA,NA,NA,NA,NA,N,2,0,1,2,A,-,10,21950,A,F,G,B,B,A,H,-,A,A,0,Y,NA,NA,NA,Y,NA,A,01,1,0,0,0,1,0,0,0,0,-,-,NA,NA,LOS ANGELES,LOS ANGELES,-118.29808807373048,33.9761962890625
9587043,2023,2023-11-02,1942,2023-07-16,2210,41072,1821,7,5,7,1942,0,0,0,R,0,25T35,98TH ST,VERMONT AV,0,NA,Y,A,-,N,NA,NA,NA,NA,NA,NA,NA,NA,NA,Y,3,0,4,3,A,-,12,22450,A,F,B,C,A,A,H,-,C,A,0,NA,NA,NA,NA,Y,NA,A,01,0,4,0,0,0,0,0,0,0,-,-,NA,NA,LOS ANGELES,LOS ANGELES,-118.29190063476564,33.9469108581543
9587044,2023,2023-08-22,1942,2023-07-16,2050,42011,1251,7,5,7,1942,0,0,0,L,0,25MX89,FLORENCE AV,CRENSHAW BL,0,NA,Y,A,-,N,NA,NA,NA,NA,NA,NA,NA,NA,NA,N,2,0,1,2,A,-,10,21950,A,F,G,B,B,A,H,-,C,A,0,Y,NA,NA,NA,Y,NA,-,99,1,0,0,0,1,0,0,0,0,-,-,NA,NA,LOS ANGELES,LOS ANGELES,-118.33088684082033,33.97454071044922
9587045,2023,2023-08-22,1942,2023-07-17,2135,42364,1231,1,5,7,1942,0,0,0,L,0,25T35W,59TH ST,BUCKLER AV,115,W,N,A,-,N,NA,NA,NA,NA,NA,NA,NA,NA,NA,N,2,0,1,2,A,-,11,21954,A,N,G,B,E,A,H,-,C,D,0,Y,NA,NA,NA,Y,NA,N,60,1,0,0,0,1,0,0,0,0,-,-,NA,NA,LOS ANGELES,LOS ANGELES,-118.35224151611328,33.987060546875
9587046,2023,2023-08-22,1942,2023-07-14,1445,38915,1283,5,5,7,1942,0,0,0,L,0,25MQ52,WESTERN AV,98TH ST,100,N,N,A,-,N,NA,NA,NA,NA,NA,NA,NA,NA,NA,N,2,0,1,2,A,-,03,22350,NA,N,C,J,A,A,H,-,A,D,0,NA,NA,Y,NA,Y,NA,C,03,1,0,0,0,0,0,0,0,1,-,-,NA,NA,LOS ANGELES,LOS ANGELES,-118.30902099609376,33.94709396362305
9587047,2023,2023-08-23,1942,2023-07-28,930,42282,1241,5,5,7,1942,0,0,0,L,0,25T21,CRENSHAW BL,HYDE PARK BL,75,S,N,A,-,N,NA,NA,NA,NA,NA,NA,NA,NA,NA,Y,4,0,2,2,A,-,03,22350,NA,F,D,C,A,A,H,-,A,A,0,NA,NA,NA,NA,Y,NA,-,99,0,0,2,0,0,0,0,0,0,-,-,NA,NA,LOS ANGELES,LOS ANGELES,-118.33087921142578,33.98041534423828
9587048,2023,2023-08-22,1942,2023-07-28,1500,41221,1211,5,5,7,1942,0,0,0,L,0,12A45W,SLAUSON AV,7TH AV,80,W,N,A,-,N,NA,NA,NA,NA,NA,NA,NA,NA,NA,N,4,0,1,2,A,-,09,21804,NA,N,D,I,A,A,-,-,A,A,0,NA,NA,NA,NA,Y,NA,A,01,0,0,1,0,0,0,0,0,0,-,-,NA,NA,LOS ANGELES,LOS ANGELES,-118.32500457763672,33.98905944824219
9587049,2023,2023-08-23,1942,2023-07-19,1920,42633,1806,3,5,7,1942,0,0,0,R,0,25T31,S CENTRAL AV,E 92ND ST,11,S,N,A,-,N,NA,NA,NA,NA,NA,NA,NA,NA,NA,N,2,0,2,3,A,-,10,21950,A,N,G,B,B,A,H,-,A,A,0,Y,NA,NA,NA,Y,NA,A,01,1,0,1,0,2,0,0,0,0,-,-,NA,NA,LOS ANGELES,LOS ANGELES,-118.25643920898438,33.953250885009766
9587050,2023,2023-08-23,1942,2023-07-25,1855,42665,0802,2,5,7,1942,0,0,0,H,0,27TL35,SUNSET BL,WILL ROGERS STATE PARK RD,514,W,N,A,-,N,NA,NA,NA,NA,NA,NA,NA,NA,NA,Y,4,0,3,3,A,-,08,22107,NA,N,B,C,A,A,H,-,C,D,0,NA,NA,NA,NA,Y,NA,A,01,0,0,3,0,0,0,0,0,0,-,-,NA,NA,LOS ANGELES,LOS ANGELES,-118.51414489746094,34.04602813720703
9587051,2023,2023-08-23,1942,2023-07-25,1100,37393,0702,2,5,7,1942,0,0,0,G,0,27TL25,STANLEY AV,MELROSE AV,0,NA,Y,A,-,N,NA,NA,NA,NA,NA,NA,NA,NA,NA,Y,4,0,3,4,A,-,09,21802,A,N,D,C,A,A,H,-,A,A,0,NA,NA,NA,NA,Y,NA,A,07,0,0,3,0,0,0,0,0,0,-,-,NA,NA,LOS ANGELES,LOS ANGELES,-118.35639190673828,34.08372116088867
9587052,2023,2023-08-23,1942,2023-07-25,2110,41978,2017,2,5,7,1942,0,0,0,NA,0,27T33W,6TH ST,LAKE ST,0,NA,Y,A,-,N,NA,NA,NA,NA,NA,NA,NA,NA,NA,N,4,0,1,2,A,-,07,21658,NA,F,B,C,A,A,H,-,C,D,0,NA,NA,NA,NA,Y,Y,-,99,0,0,1,0,0,0,0,0,0,-,-,NA,NA,LOS ANGELES,LOS ANGELES,-118.2760772705078,34.06007766723633
9587053,2023,2023-09-18,1942,2023-07-11,1240,40157,0724,2,5,7,1942,0,0,0,G,0,27TL23,3RD ST,THE GROVE DR,102,W,N,A,-,N,NA,NA,NA,NA,NA,NA,NA,NA,NA,N,4,0,1,2,A,-,03,22350,NA,N,H,C,A,A,H,-,A,A,0,NA,Y,NA,NA,Y,NA,L,04,0,0,1,0,0,0,1,0,0,-,-,NA,NA,LOS ANGELES,LOS ANGELES,-118.356689453125,34.070858001708984
9587054,2023,2023-08-23,1942,2023-07-19,1310,42618,0765,3,5,7,1942,0,0,0,G,0,27TL44,LA BREA AV,SAN VICENTE BL,0,NA,Y,A,-,N,NA,NA,NA,NA,NA,NA,NA,NA,NA,Y,4,0,1,3,A,-,09,21801,A,F,D,C,A,A,H,-,A,A,0,NA,NA,NA,Y,Y,NA,-,99,0,0,1,0,0,0,0,0,0,-,-,NA,NA,LOS ANGELES,LOS ANGELES,-118.34422302246094,34.05034637451172
9587055,2023,2023-08-23,1942,2023-07-16,1050,41449,0749,7,5,7,1942,0,0,0,G,0,27TL21,OLYMPIC BL,WINDSOR BL,50,W,N,A,-,N,NA,NA,NA,NA,NA,NA,NA,NA,NA,Y,3,0,1,2,A,-,08,22107,NA,F,E,I,A,A,H,-,A,A,0,NA,NA,NA,NA,Y,NA,A,07,0,1,0,0,0,0,0,0,0,-,-,NA,NA,LOS ANGELES,LOS ANGELES,-118.32585144042967,34.05501937866211
9587056,2023,2023-08-23,1942,2023-07-14,1900,41210,0752,5,5,7,1942,0,0,0,G,0,27T31,FAIRFAX AV,PACKARD ST,0,NA,Y,A,-,N,NA,NA,NA,NA,NA,NA,NA,NA,NA,N,3,0,1,2,A,-,09,21802,A,N,D,C,A,A,H,-,A,A,0,NA,NA,NA,NA,Y,NA,M,94,0,1,0,0,0,0,0,0,0,-,-,NA,NA,LOS ANGELES,LOS ANGELES,-118.36603546142578,34.05339813232422
9587057,2023,2023-08-23,1942,2023-07-27,1700,35988,2036,4,5,7,1942,0,0,0,NA,0,27T48W,VERMONT AV,7TH ST,4,N,N,A,-,N,NA,NA,NA,NA,NA,NA,NA,NA,NA,N,2,0,1,2,A,-,12,21453,A,N,D,C,A,A,H,-,A,A,0,NA,NA,Y,NA,Y,NA,C,03,1,0,0,0,0,0,0,0,1,-,-,NA,NA,LOS ANGELES,LOS ANGELES,-118.29163360595705,34.059791564941406
9587058,2023,2023-08-23,1942,2023-07-28,735,41449,0824,5,5,7,1942,0,0,0,H,0,27TL21,ENTRADA DR,SAN LORENZO ST,0,NA,Y,A,-,N,NA,NA,NA,NA,NA,NA,NA,NA,NA,N,2,0,1,2,A,-,09,21802,A,N,H,G,A,A,H,-,A,A,0,NA,Y,NA,NA,Y,NA,L,04,1,0,0,0,0,0,1,0,0,-,-,NA,NA,LOS ANGELES,LOS ANGELES,-118.50939178466795,34.03437423706055
9587059,2023,2023-08-23,1942,2023-07-28,1710,44585,0773,5,5,7,1942,0,0,0,G,0,7A32W7,WASHINGTON BL,DUNSMUIR AV,145,W,N,A,-,N,NA,NA,NA,NA,NA,NA,NA,NA,NA,Y,3,0,2,2,A,-,05,21651,B,F,D,C,A,A,H,-,A,D,0,NA,NA,NA,NA,Y,NA,A,01,0,2,0,0,0,0,0,0,0,-,-,NA,NA,LOS ANGELES,LOS ANGELES,-118.35678100585938,34.040916442871094