CASE_ID,ACCIDENT_YEAR,PROC_DATE,JURIS,COLLISION_DATE,COLLISION_TIME,OFFICER_ID,REPORTING_DISTRICT,DAY_OF_WEEK,CHP_SHIFT,POPULATION,CNTY_CITY_LOC,SPECIAL_COND,BEAT_TYPE,CHP_BEAT_TYPE,CITY_DIVISION_LAPD,CHP_BEAT_CLASS,BEAT_NUMBER,PRIMARY_RD,SECONDARY_RD,DISTANCE,DIRECTION,INTERSECTION,WEATHER_1,WEATHER_2,STATE_HWY_IND,CALTRANS_COUNTY,CALTRANS_DISTRICT,STATE_ROUTE,ROUTE_SUFFIX,POSTMILE_PREFIX,POSTMILE,LOCATION_TYPE,RAMP_INTERSECTION,SIDE_OF_HWY,TOW_AWAY,COLLISION_SEVERITY,NUMBER_KILLED,NUMBER_INJURED,PARTY_COUNT,PRIMARY_COLL_FACTOR,PCF_CODE_OF_VIOL,PCF_VIOL_CATEGORY,PCF_VIOLATION,PCF_VIOL_SUBSECTION,HIT_AND_RUN,TYPE_OF_COLLISION,MVIW,PED_ACTION,ROAD_SURFACE,ROAD_COND_1,ROAD_COND_2,LIGHTING,CONTROL_DEVICE,CHP_ROAD_TYPE,PEDESTRIAN_ACCIDENT,BICYCLE_ACCIDENT,MOTORCYCLE_ACCIDENT,TRUCK_ACCIDENT,NOT_PRIVATE_PROPERTY,ALCOHOL_INVOLVED,STWD_VEHTYPE_AT_FAULT,CHP_VEHTYPE_AT_FAULT,COUNT_SEVERE_INJ,COUNT_VISIBLE_INJ,COUNT_COMPLAINT_PAIN,COUNT_PED_KILLED,COUNT_PED_INJURED,COUNT_BICYCLIST_KILLED,COUNT_BICYCLIST_INJURED,COUNT_MC_KILLED,COUNT_MC_INJURED,PRIMARY_RAMP,SECONDARY_RAMP,LATITUDE,LONGITUDE,COUNTY,CITY,POINT_X,POINT_Y
9587060,2023,2023-08-23,1942,2023-07-29,1520,34959,0893,6,5,7,1942,0,0,0,H,0,27TL29,WESTWOOD BL,BROOKHAVEN AV,0,NA,Y,A,-,N,NA,NA,NA,NA,NA,NA,NA,NA,NA,Y,2,0,1,2,A,-,09,21801,A,N,D,C,A,A,H,-,A,D,0,NA,NA,Y,NA,Y,NA,A,07,1,0,0,0,0,0,0,0,1,-,-,NA,NA,LOS ANGELES,LOS ANGELES,-118.42446136474608,34.035064697265625
9587061,2023,2023-08-23,1942,2023-07-26,1545,34882,2026,3,5,7,1942,0,0,0,NA,0,27M103,3RD ST,VERMONT AV,225,E,N,A,-,N,NA,NA,NA,NA,NA,NA,NA,NA,NA,N,4,0,1,2,A,-,03,22350,NA,F,C,C,A,A,H,-,A,D,0,NA,NA,NA,NA,Y,NA,-,99,0,0,1,0,0,0,0,0,0,-,-,NA,NA,LOS ANGELES,LOS ANGELES,-118.29090881347656,34.06904983520508
9587062,2023,2023-08-23,1942,2023-07-26,1310,44035,0738,3,5,7,1942,0,0,0,G,0,27TL42,HIGHLAND AV,6TH ST,251,N,N,A,-,N,NA,NA,NA,NA,NA,NA,NA,NA,NA,N,3,0,1,2,A,-,03,22350,NA,F,C,C,A,A,H,-,A,A,0,NA,NA,NA,NA,Y,NA,-,99,0,1,0,0,0,0,0,0,0,-,-,NA,NA,LOS ANGELES,LOS ANGELES,-118.33863067626952,34.06559753417969
9587063,2023,2023-08-23,1942,2023-07-13,2235,38090,2015,4,5,7,1942,0,0,0,NA,0,27T31,BEVERLY BL,NEW HAMPSHIRE AV,0,NA,Y,A,-,N,NA,NA,NA,NA,NA,NA,NA,NA,NA,Y,4,0,1,2,A,-,12,21453,A,N,D,C,A,A,H,-,C,A,0,NA,NA,NA,NA,Y,NA,A,01,0,0,1,0,0,0,0,0,0,-,-,NA,NA,LOS ANGELES,LOS ANGELES,-118.293212890625,34.07632064819336
9587064,2023,2023-08-23,1942,2023-07-25,1115,42901,0855,2,5,7,1942,0,0,0,H,0,27TL23,MASSACHUSETTS AV,WESTWOOD BL,0,NA,Y,A,-,N,NA,NA,NA,NA,NA,NA,NA,NA,NA,N,2,0,1,2,A,-,10,21950,A,N,G,B,B,A,H,-,A,A,0,Y,NA,NA,NA,Y,NA,A,01,1,0,0,0,1,0,0,0,0,-,-,NA,NA,LOS ANGELES,LOS ANGELES,-118.43878936767578,34.051841735839844
9587075,2023,2023-08-24,1942,2023-07-07,2225,43300,1269,5,5,7,1942,0,0,0,L,0,12A3,CENTRAL AV,81ST ST,0,NA,Y,A,-,N,NA,NA,NA,NA,NA,NA,NA,NA,NA,Y,4,0,1,2,A,-,03,22350,NA,F,B,E,A,A,H,-,C,D,0,NA,NA,NA,NA,Y,NA,-,99,0,0,1,0,0,0,0,0,0,-,-,NA,NA,LOS ANGELES,LOS ANGELES,-118.25643157958984,33.9655876159668
9587086,2023,2023-08-22,1900,2023-06-28,26,621336,1517,3,5,5,1954,0,0,0,NA,0,151T3,PASSONS BL,RIVERA RD,30,S,N,A,-,N,NA,NA,NA,NA,NA,NA,NA,NA,NA,Y,3,0,1,1,A,-,03,22350,NA,N,A,I,A,A,H,-,C,D,0,NA,NA,NA,NA,Y,NA,A,07,0,1,0,0,0,0,0,0,0,-,-,33.96989822387695,-118.09549713134766,LOS ANGELES,PICO RIVERA,-118.09557342529295,33.97001266479492
9587139,2023,2023-09-05,1942,2023-08-07,20,33452,0237,1,5,7,1942,0,0,0,B,0,24T31,2ND ST,BEUADRY AV,0,NA,Y,A,-,N,NA,NA,NA,NA,NA,NA,NA,NA,NA,Y,4,0,1,2,A,-,12,21453,A,N,D,C,A,A,H,-,C,A,0,NA,NA,NA,NA,Y,NA,-,-,0,0,1,0,0,0,0,0,0,-,-,NA,NA,LOS ANGELES,LOS ANGELES,-118.25531005859376,34.057945251464844
9587158,2023,2023-09-12,1916,2023-08-04,1046,2999,E45C1,5,5,4,1916,0,0,0,NA,0,EAST,CYPRESS ST,GRAND AV,0,NA,Y,A,-,N,NA,NA,NA,NA,NA,NA,NA,NA,NA,Y,3,0,2,3,A,-,01,23152,G,N,D,C,A,A,H,-,A,A,0,NA,NA,NA,NA,Y,Y,A,01,0,2,0,0,0,0,0,0,0,-,-,NA,NA,LOS ANGELES,COVINA,-117.87265014648438,34.095699310302734
9587159,2023,2023-08-24,1941,2023-08-03,51,11080,EAST,4,5,7,1941,0,0,0,NA,0,013,BIXBY VILLAGE DR,LOYNES DR,0,NA,N,A,-,N,NA,NA,NA,NA,NA,NA,NA,NA,NA,Y,4,0,1,2,A,-,01,23152,A,F,C,E,A,A,H,-,C,D,0,NA,NA,NA,NA,Y,Y,A,01,0,0,1,0,0,0,0,0,0,-,-,33.77241134643555,-118.11592864990234,LOS ANGELES,LONG BEACH,-118.11378479003906,33.76819610595703
9587188,2023,2023-08-25,1942,2023-08-01,750,45295,1255,2,5,7,1942,0,0,0,L,0,12A53,73RD ST,NORMANDIE AV,12,E,N,A,-,N,NA,NA,NA,NA,NA,NA,NA,NA,NA,N,3,0,1,2,A,-,03,22350,NA,N,D,C,A,A,H,-,A,D,0,NA,NA,NA,NA,Y,NA,A,01,0,1,0,0,0,0,0,0,0,-,-,NA,NA,LOS ANGELES,LOS ANGELES,-118.3002471923828,33.97364044189453
9587193,2023,2023-08-25,1941,2023-08-06,10,11415,EAST,7,5,7,1941,0,0,0,NA,0,010,EAST 2ND ST,XIMENO AV,12,W,N,A,-,N,NA,NA,NA,NA,NA,NA,NA,NA,NA,Y,2,0,2,2,A,-,01,23153,NA,N,B,C,A,A,H,-,C,A,0,NA,NA,NA,NA,Y,Y,A,01,1,1,0,0,0,0,0,0,0,-,-,33.762359619140625,-118.14157104492188,LOS ANGELES,LONG BEACH,-118.14163208007813,33.76234817504883
9587194,2023,2023-08-25,1941,2023-08-01,2310,11364,SOUTH,2,5,7,1941,0,0,0,NA,0,006,PINE AV,W REGAL WY,0,W,N,A,-,N,NA,NA,NA,NA,NA,NA,NA,NA,NA,Y,4,0,1,3,A,-,07,21658,A,M,C,E,A,A,H,-,C,A,0,NA,NA,NA,NA,Y,NA,A,01,0,0,1,0,0,0,0,0,0,-,-,33.78260040283203,-118.19239044189452,LOS ANGELES,LONG BEACH,-118.19237518310548,33.782012939453125
9587195,2023,2023-08-25,1910,2023-08-09,701,04407,NA,3,5,4,1910,0,0,0,NA,0,006,N DOHENY DR,CARMELITA AV,0,NA,Y,A,-,N,NA,NA,NA,NA,NA,NA,NA,NA,NA,Y,4,0,1,2,A,-,09,21804,A,N,D,C,A,A,H,-,A,D,0,NA,NA,NA,NA,Y,NA,A,01,0,0,1,0,0,0,0,0,0,-,-,34.08150863647461,-118.3898468017578,LOS ANGELES,BEVERLY HILLS,-118.38976287841795,34.081668853759766
9587201,2023,2023-08-28,1942,2023-08-09,2015,37618,0327,3,5,7,1942,0,0,0,C,0,25MX88,ELLENDALE PL,ADAMS BL,500,S,N,A,-,N,NA,NA,NA,NA,NA,NA,NA,NA,NA,N,3,0,1,2,A,-,11,21954,A,F,G,B,D,A,H,-,C,D,0,Y,NA,NA,NA,Y,NA,-,99,0,1,0,0,1,0,0,0,0,-,-,NA,NA,LOS ANGELES,LOS ANGELES,-118.28898620605467,34.03276062011719
9587202,2023,2023-08-28,1942,2023-08-06,2000,40529,0397,7,5,7,1942,0,0,0,C,0,28T33,MARTIN LUTHER KING BL,WALTON AV,270,W,N,A,-,N,NA,NA,NA,NA,NA,NA,NA,NA,NA,Y,3,0,5,2,A,-,05,21651,A,F,A,C,A,A,H,-,C,A,0,NA,NA,NA,NA,Y,NA,-,99,0,3,2,0,0,0,0,0,0,-,-,NA,NA,LOS ANGELES,LOS ANGELES,-118.29499053955078,34.01087188720703
9587203,2023,2023-08-28,1942,2023-08-06,1555,35298,1394,7,5,7,1942,0,0,0,M,0,24MQ36,MAIN ST,64TH ST,0,NA,Y,A,-,N,NA,NA,NA,NA,NA,NA,NA,NA,NA,N,3,0,1,2,A,-,05,21460,A,F,D,C,A,A,H,-,A,A,0,NA,NA,NA,NA,Y,NA,-,99,0,1,0,0,0,0,0,0,0,-,-,NA,NA,LOS ANGELES,LOS ANGELES,-118.27393341064452,33.98151779174805
9587204,2023,2023-08-28,1942,2023-08-07,457,38357,1309,1,5,7,1942,0,0,0,M,0,24T34,OLYMPIC BL,LAWRENCE ST,83,W,N,A,-,N,NA,NA,NA,NA,NA,NA,NA,NA,NA,N,2,0,1,2,A,-,11,21954,A,N,G,B,D,A,-,-,C,A,0,Y,NA,NA,NA,Y,Y,N,60,1,0,0,0,1,0,0,0,0,-,-,NA,NA,LOS ANGELES,LOS ANGELES,-118.23719024658205,34.027095794677734
9587205,2023,2023-08-28,1942,2023-08-07,1750,41629,1347,1,5,7,1942,0,0,0,M,0,24TL54,LONG BEACH AV,VERNON AV,0,NA,Y,A,-,N,NA,NA,NA,NA,NA,NA,NA,NA,NA,N,4,0,2,3,A,-,12,21453,A,F,B,C,A,A,H,-,A,A,0,NA,NA,NA,NA,Y,NA,-,99,0,0,2,0,0,0,0,0,0,-,-,NA,NA,LOS ANGELES,LOS ANGELES,-118.24333953857422,34.00392532348633
9587206,2023,2023-09-11,1942,2023-08-04,2215,36814,1331,5,5,7,1942,0,0,0,M,0,24T33,MAIN ST,33RD ST,0,NA,Y,A,-,N,NA,NA,NA,NA,NA,NA,NA,NA,NA,N,2,0,1,2,D,-,00,NA,NA,N,G,B,B,A,H,-,D,D,0,Y,NA,NA,NA,Y,NA,-,-,1,0,0,0,1,0,0,0,0,-,-,NA,NA,LOS ANGELES,LOS ANGELES,-118.27207946777344,34.01951217651367
9587207,2023,2023-09-12,1942,2023-08-08,2211,36698,1325,2,5,7,1942,0,0,0,M,0,24T35,32ND ST,NAOMI AV,10,N,N,A,-,N,NA,NA,NA,NA,NA,NA,NA,NA,NA,Y,3,0,1,1,A,-,01,23152,A,N,E,I,A,A,H,-,C,D,0,NA,NA,NA,NA,Y,Y,A,01,0,1,0,0,0,0,0,0,0,-,-,NA,NA,LOS ANGELES,LOS ANGELES,-118.25428009033205,34.01436996459961
9587208,2023,2023-08-28,1942,2023-08-08,2200,36698,1343,2,5,7,1942,0,0,0,M,0,24T35W,AVALON BL,JEFFERSON BL,45,S,N,A,-,N,NA,NA,NA,NA,NA,NA,NA,NA,NA,Y,4,0,1,2,A,-,01,23152,A,F,C,C,A,A,H,-,C,D,0,NA,NA,NA,NA,Y,Y,A,01,0,0,1,0,0,0,0,0,0,-,-,NA,NA,LOS ANGELES,LOS ANGELES,-118.26527404785156,34.01521682739258
9587209,2023,2023-08-28,1942,2023-08-08,1715,41629,1383,2,5,7,1942,0,0,0,M,0,24TL54,GAGE AV,MAIN ST,50,E,N,A,-,N,NA,NA,NA,NA,NA,NA,NA,NA,NA,N,4,0,3,2,A,-,08,22107,NA,F,B,C,A,A,H,-,A,D,0,NA,NA,NA,NA,Y,NA,-,99,0,0,3,0,0,0,0,0,0,-,-,NA,NA,LOS ANGELES,LOS ANGELES,-118.2739486694336,33.982421875
9587210,2023,2023-09-12,1942,2023-08-05,2155,34350,0488,6,5,7,1942,0,0,0,D,0,24T32,FRESNO ST,8TH ST,25,N,N,A,-,N,NA,NA,NA,NA,NA,NA,NA,NA,NA,Y,4,0,1,4,A,-,01,23152,A,N,B,E,A,A,H,-,C,D,0,NA,NA,NA,NA,Y,Y,A,08,0,0,1,0,0,0,0,0,0,-,-,NA,NA,LOS ANGELES,LOS ANGELES,-118.20941162109376,34.023738861083984
9587211,2023,2023-09-12,1942,2023-08-04,1500,39889,0162,5,5,7,1942,0,0,0,A,0,24MQ39,FLOWER ST,8TH ST,0,NA,Y,A,-,N,NA,NA,NA,NA,NA,NA,NA,NA,NA,N,3,0,1,2,A,-,05,21650,1,F,D,-,A,A,H,-,-,A,0,NA,Y,NA,NA,Y,NA,-,99,0,1,0,0,0,0,1,0,0,-,-,NA,NA,LOS ANGELES,LOS ANGELES,-118.26012420654295,34.0472526550293
9587212,2023,2023-08-28,1942,2023-08-10,400,34332,0154,4,5,7,1942,0,0,0,A,0,24T31,6TH ST,MAIN ST,110,W,N,A,D,N,NA,NA,NA,NA,NA,NA,NA,NA,NA,Y,3,0,1,2,A,-,09,21801,A,F,D,C,A,A,G,-,C,A,0,NA,NA,Y,NA,Y,Y,-,99,0,1,0,0,0,0,0,0,1,-,-,NA,NA,LOS ANGELES,LOS ANGELES,-118.24992370605467,34.045249938964844
9587213,2023,2023-08-28,1942,2023-08-09,1440,40008,0497,3,5,7,1942,0,0,0,D,0,24TL56,VELASCO ST,E OLYMPIC BL,3,S,N,A,-,N,NA,NA,NA,NA,NA,NA,NA,NA,NA,N,3,0,1,2,A,-,12,21453,A,F,D,G,A,A,H,-,A,A,0,NA,Y,NA,NA,Y,NA,-,99,0,1,0,0,0,0,1,0,0,-,-,NA,NA,LOS ANGELES,LOS ANGELES,-118.20517730712892,34.01877975463867
9587214,2023,2023-08-28,1942,2023-08-06,1530,41629,0415,7,5,7,1942,0,0,0,D,0,24TL54,WORKMAN ST,N BROADWAY BL,587,N,N,A,-,N,NA,NA,NA,NA,NA,NA,NA,NA,NA,N,3,0,1,2,A,-,01,23152,A,M,D,C,A,A,H,-,A,D,0,NA,NA,NA,NA,Y,Y,A,01,0,1,0,0,0,0,0,0,0,-,-,NA,NA,LOS ANGELES,LOS ANGELES,-118.2144012451172,34.07526779174805
9587215,2023,2023-08-28,1942,2023-08-04,1235,42932,0154,5,5,7,1942,0,0,0,A,0,24TL43,HARLEM PL,6TH ST,0,NA,Y,A,-,N,NA,NA,NA,NA,NA,NA,NA,NA,NA,N,4,0,1,2,A,-,08,22107,NA,F,A,C,A,A,H,-,A,D,0,NA,NA,NA,NA,Y,NA,-,99,0,0,1,0,0,0,0,0,0,-,-,NA,NA,LOS ANGELES,LOS ANGELES,-118.25045013427734,34.045597076416016
9587216,2023,2023-08-28,1942,2023-08-05,1630,38942,0119,6,5,7,1942,0,0,0,A,0,24MQ39,CLARA ST,VIGNES ST,170,W,N,A,-,N,NA,NA,NA,NA,NA,NA,NA,NA,NA,N,4,0,1,2,A,-,21,22106,NA,F,B,C,A,A,H,-,A,D,0,NA,NA,NA,NA,Y,NA,-,99,0,0,1,0,0,0,0,0,0,-,-,NA,NA,LOS ANGELES,LOS ANGELES,-118.2322998046875,34.05702590942383
9587217,2023,2023-08-28,1942,2023-08-10,15,39062,0185,4,5,7,1942,0,0,0,A,0,24T33,9TH ST,SANTEE ST,0,NA,Y,A,-,N,NA,NA,NA,NA,NA,NA,NA,NA,NA,N,4,0,1,1,A,-,03,22350,NA,N,E,I,A,A,H,-,C,A,0,NA,NA,NA,NA,Y,NA,A,01,0,0,1,0,0,0,0,0,0,-,-,NA,NA,LOS ANGELES,LOS ANGELES,-118.25333404541016,34.040069580078125
9587218,2023,2023-09-19,1942,2023-08-04,1830,39889,0423,5,5,7,1942,0,0,0,D,0,24MQ39,VALLEY BL,MISSION RD,0,NA,Y,A,-,N,NA,NA,NA,NA,NA,NA,NA,NA,NA,Y,4,0,1,2,A,-,12,21453,A,N,D,C,A,A,H,-,B,A,0,NA,NA,NA,NA,Y,NA,-,-,0,0,1,0,0,0,0,0,0,-,-,NA,NA,LOS ANGELES,LOS ANGELES,-118.20724487304688,34.065513610839844
9587221,2023,2023-08-23,1942,2023-05-03,757,37806,1139,3,5,7,1942,0,0,0,K,0,31D124,LA RIBA WY,AVE 64,37,E,N,A,-,N,NA,NA,NA,NA,NA,NA,NA,NA,NA,Y,2,0,1,3,A,-,03,22350,NA,F,A,E,A,A,H,-,A,D,0,NA,NA,NA,NA,Y,NA,A,01,1,0,0,0,0,0,0,0,0,-,-,NA,NA,LOS ANGELES,LOS ANGELES,-118.18278503417967,34.112545013427734
9587222,2023,2023-08-24,1942,2023-05-28,1040,42656,2025,7,5,7,1942,0,0,0,NA,0,27TL23,MARIPOSA AV,4TH ST,115,N,N,B,-,N,NA,NA,NA,NA,NA,NA,NA,NA,NA,Y,4,0,1,2,A,-,09,21804,A,M,B,C,A,A,H,-,A,A,0,NA,NA,NA,NA,Y,Y,A,07,0,0,1,0,0,0,0,0,0,-,-,NA,NA,LOS ANGELES,LOS ANGELES,-118.29921722412108,34.0675163269043
9587241,2023,2023-08-30,1962,2023-07-18,1710,126,1962,2,5,4,1962,0,0,0,NA,0,002,LAS TUNAS DR,EARLE AV,20,E,N,A,-,N,NA,NA,NA,NA,NA,NA,NA,NA,NA,Y,4,0,1,2,A,-,08,22102,NA,N,D,C,A,A,H,-,A,D,0,NA,NA,NA,NA,Y,NA,A,01,0,0,1,0,0,0,0,0,0,-,-,34.103450775146484,-118.08618927001952,LOS ANGELES,SAN GABRIEL,-118.08611297607422,34.103450775146484
9587242,2023,2023-08-30,1962,2023-07-16,1350,151,1962,7,5,4,1962,0,0,0,NA,0,004,DEL MAR AV,VALLEY BL,138,S,N,A,-,N,NA,NA,NA,NA,NA,NA,NA,NA,NA,N,4,0,1,3,A,-,03,22350,NA,M,C,C,A,A,H,-,A,D,0,NA,NA,NA,NA,Y,NA,A,01,0,0,1,0,0,0,0,0,0,-,-,34.079769134521484,-118.099609375,LOS ANGELES,SAN GABRIEL,-118.09957122802734,34.07937240600586
9587243,2023,2023-10-05,1962,2023-07-20,1427,113,1962,4,5,4,1962,0,0,0,NA,0,002,E BROADWAY,DEL MAR AV,310,E,N,A,-,N,NA,NA,NA,NA,NA,NA,NA,NA,NA,N,3,0,1,2,A,-,05,21650,1,N,H,G,A,A,H,-,A,D,0,NA,Y,NA,NA,Y,NA,A,07,0,1,0,0,0,0,1,0,0,-,-,NA,NA,LOS ANGELES,SAN GABRIEL,-118.0985870361328,34.09891891479492
9587244,2023,2023-08-30,1962,2023-07-25,858,113,1962,2,5,4,1962,0,0,0,NA,0,003,VALLEY BL,ABBOT AV,0,NA,Y,A,-,N,NA,NA,NA,NA,NA,NA,NA,NA,NA,N,4,0,1,2,A,-,09,21801,A,N,D,C,A,A,H,-,A,A,0,NA,NA,NA,NA,Y,NA,A,08,0,0,1,0,0,0,0,0,0,-,-,34.0796012878418,-118.10321807861328,LOS ANGELES,SAN GABRIEL,-118.10316467285156,34.07957077026367
9587245,2023,2023-08-30,1962,2023-07-28,1920,166,1962,5,5,4,1962,0,0,0,NA,0,004,SAN GABRIEL BL,GRAND AV,0,NA,Y,A,-,N,NA,NA,NA,NA,NA,NA,NA,NA,NA,Y,3,0,1,2,A,-,09,21800,A,N,D,C,A,A,H,-,A,A,0,NA,NA,NA,NA,Y,NA,A,01,0,1,0,0,0,0,0,0,0,-,-,34.09172058105469,-118.09091186523438,LOS ANGELES,SAN GABRIEL,-118.09088134765624,34.091712951660156
9587252,2023,2023-08-30,1938,2023-07-20,1404,1069,AREA3,4,5,4,1938,0,0,0,NA,0,003,FRUIT ST,BOWDOIN ST,0,NA,Y,A,-,N,NA,NA,NA,NA,NA,NA,NA,NA,NA,Y,4,0,1,2,A,-,12,21453,A,N,D,C,A,A,H,-,A,A,0,NA,NA,NA,NA,Y,NA,A,07,0,0,1,0,0,0,0,0,0,-,-,NA,NA,LOS ANGELES,LA VERNE,-117.76161956787108,34.118038177490234
9587253,2023,2023-08-30,1938,2023-07-03,1609,10689,AREA1,1,5,4,1938,0,0,0,NA,0,001,GOLDEN HILLS RD,MONTEREY ST,164,E,N,A,-,N,NA,NA,NA,NA,NA,NA,NA,NA,NA,Y,2,0,1,2,A,-,09,21801,A,N,A,C,A,A,H,-,A,D,0,NA,NA,NA,NA,Y,NA,A,01,1,0,0,0,0,0,0,0,0,-,-,NA,NA,LOS ANGELES,LA VERNE,-117.76619720458984,34.143619537353516
9587254,2023,2023-08-30,1962,2023-07-01,2113,166,1962,6,5,4,1962,0,0,0,NA,0,002,SAN GABRIEL BL,LAS TUNAS,117,N,N,B,-,N,NA,NA,NA,NA,NA,NA,NA,NA,NA,N,4,0,1,3,A,-,01,23153,A,N,C,C,A,A,H,-,C,D,0,NA,NA,NA,NA,Y,Y,A,01,0,0,1,0,0,0,0,0,0,-,-,34.10340118408203,-118.09102630615234,LOS ANGELES,SAN GABRIEL,-118.0910186767578,34.10374069213867
9587255,2023,2023-08-30,1962,2023-07-04,1733,154,1962,2,5,4,1962,0,0,0,NA,0,004,DEL MAR AV,COMMERCIAL CTR,209,N,N,A,-,N,NA,NA,NA,NA,NA,NA,NA,NA,NA,N,2,0,1,2,A,-,08,22102,NA,N,D,C,A,A,H,-,A,D,0,NA,NA,Y,NA,Y,NA,A,01,1,0,0,0,0,0,0,0,1,-,-,NA,NA,LOS ANGELES,SAN GABRIEL,NA,NA
9587256,2023,2023-08-30,1962,2023-07-11,1020,113,1962,2,5,4,1962,0,0,0,NA,0,003,GLENDON WY,JACKSON AV,0,NA,Y,A,-,N,NA,NA,NA,NA,NA,NA,NA,NA,NA,N,4,0,1,2,A,-,09,21802,A,N,D,C,A,A,H,-,A,D,0,NA,NA,NA,NA,Y,NA,A,07,0,0,1,0,0,0,0,0,0,-,-,34.0743293762207,-118.10384368896484,LOS ANGELES,SAN GABRIEL,-118.10382080078124,34.07430648803711
9587257,2023,2023-08-30,1962,2023-07-06,1457,113,1962,4,5,4,1962,0,0,0,NA,0,001,LAS TUNAS,SAN MARINO AV,120,W,N,A,-,N,NA,NA,NA,NA,NA,NA,NA,NA,NA,N,4,0,3,3,A,-,03,22350,NA,N,C,C,A,A,H,-,A,A,0,NA,NA,NA,NA,Y,NA,A,01,0,0,3,0,0,0,0,0,0,-,-,34.102508544921875,-118.10253143310548,LOS ANGELES,SAN GABRIEL,-118.10288238525392,34.102481842041016
9587258,2023,2023-08-30,1962,2023-07-13,1212,113,1962,4,5,4,1962,0,0,0,NA,0,003,FISK AV,MANLEY DR,172,E,N,A,-,N,NA,NA,NA,NA,NA,NA,NA,NA,NA,N,3,0,1,2,A,-,21,22106,NA,N,G,B,F,A,H,-,A,D,0,Y,NA,NA,NA,Y,NA,A,01,0,1,0,0,1,0,0,0,0,-,-,34.082550048828125,-118.10121917724608,LOS ANGELES,SAN GABRIEL,-118.10059356689452,34.082515716552734
9587259,2023,2023-08-30,1962,2023-07-14,1253,162,1962,5,5,4,1962,0,0,0,NA,0,004,DEL MAR AV,LOFTUS DR,130,N,N,A,-,N,NA,NA,NA,NA,NA,NA,NA,NA,NA,Y,4,0,1,2,C,-,18,NA,NA,N,B,D,A,A,H,-,A,D,0,NA,NA,NA,NA,Y,NA,-,-,0,0,1,0,0,0,0,0,0,-,-,34.073768615722656,-118.09961700439452,LOS ANGELES,SAN GABRIEL,-118.09954071044922,34.074066162109375
9587260,2023,2023-08-30,1962,2023-07-14,2,166,1962,5,5,4,1962,0,0,0,NA,0,004,VALLEY BL,ALLEGRO SQ,4,E,N,A,-,N,NA,NA,NA,NA,NA,NA,NA,NA,NA,N,3,0,1,1,A,-,03,22350,NA,N,E,I,A,A,A,-,C,D,0,NA,NA,NA,NA,Y,NA,M,94,0,1,0,0,0,0,0,0,0,-,-,34.080020904541016,-118.09387969970705,LOS ANGELES,SAN GABRIEL,-118.09381866455078,34.080020904541016
9587270,2023,2023-08-31,1941,2023-08-12,120,11656,NA,6,5,7,1941,0,0,0,NA,0,NA,PINE AV,6TH ST,0,NA,Y,A,-,N,NA,NA,NA,NA,NA,NA,NA,NA,NA,NA,3,0,3,3,A,-,12,21453,A,N,D,C,A,A,H,-,C,A,0,NA,NA,NA,NA,Y,Y,-,-,0,2,1,0,0,0,0,0,0,-,-,NA,NA,LOS ANGELES,LONG BEACH,-118.19236755371094,33.774139404296875
9587272,2023,2023-08-31,1942,2023-08-12,1015,43712,1028,6,5,7,1942,0,0,0,J,0,26T27,VICTORY BL,HAYVENHURST AV,85,E,N,A,-,N,NA,NA,NA,NA,NA,NA,NA,NA,NA,Y,2,0,6,2,A,-,05,21651,B,N,A,C,A,A,H,-,A,A,0,NA,NA,NA,NA,Y,NA,A,01,1,1,4,0,0,0,0,0,0,-,-,NA,NA,LOS ANGELES,LOS ANGELES,-118.49211883544922,34.18661117553711
9587273,2023,2023-08-31,1942,2023-08-11,1220,39154,0957,5,5,7,1942,0,0,0,I,0,26TL45,WOODMAN AV,MAGNOLIA BL,0,NA,Y,A,-,N,NA,NA,NA,NA,NA,NA,NA,NA,NA,Y,2,0,2,3,A,-,09,21801,A,N,D,C,A,A,H,-,A,A,0,NA,NA,NA,NA,Y,NA,A,01,1,0,1,0,0,0,0,0,0,-,-,NA,NA,LOS ANGELES,LOS ANGELES,-118.43125152587892,34.16487121582031
9587281,2023,2023-06-06,1941,2023-04-02,1157,10947,3,7,5,7,1941,0,0,0,NA,0,022,63RD ST,63RD ST 412,0,NA,N,A,-,N,NA,NA,NA,NA,NA,NA,NA,NA,NA,Y,3,0,1,2,D,-,00,NA,NA,N,C,E,A,A,H,-,A,D,0,NA,NA,NA,NA,Y,NA,-,-,0,1,0,0,0,0,0,0,0,-,-,33.86861038208008,-118.18849182128906,LOS ANGELES,LONG BEACH,-118.33586883544922,33.9826774597168
9587282,2023,2023-06-05,1941,2023-04-21,1748,11543,WEST,5,5,7,1941,0,0,0,NA,0,003,MAINE AV,W 32ND ST,5,S,N,A,-,N,NA,NA,NA,NA,NA,NA,NA,NA,NA,Y,4,0,2,3,A,-,09,21802,A,N,D,C,A,A,H,-,A,A,0,NA,NA,NA,NA,Y,NA,A,01,0,0,2,0,0,0,0,0,0,-,-,33.81528091430664,-118.2002410888672,LOS ANGELES,LONG BEACH,-118.20028686523438,33.81526565551758
9587283,2023,2023-06-14,1941,2023-04-20,1650,10993,WEST,4,5,7,1941,0,0,0,NA,0,001,ARLINGTON ST,SANTA FE AV,0,NA,Y,A,-,N,NA,NA,NA,NA,NA,NA,NA,NA,NA,Y,4,0,1,2,A,-,08,22107,NA,N,D,C,A,A,H,-,A,A,0,NA,NA,NA,NA,Y,NA,A,01,0,0,1,0,0,0,0,0,0,-,-,33.821380615234375,-118.2155532836914,LOS ANGELES,LONG BEACH,-118.2155303955078,33.82194519042969