CASE_ID,ACCIDENT_YEAR,PROC_DATE,JURIS,COLLISION_DATE,COLLISION_TIME,OFFICER_ID,REPORTING_DISTRICT,DAY_OF_WEEK,CHP_SHIFT,POPULATION,CNTY_CITY_LOC,SPECIAL_COND,BEAT_TYPE,CHP_BEAT_TYPE,CITY_DIVISION_LAPD,CHP_BEAT_CLASS,BEAT_NUMBER,PRIMARY_RD,SECONDARY_RD,DISTANCE,DIRECTION,INTERSECTION,WEATHER_1,WEATHER_2,STATE_HWY_IND,CALTRANS_COUNTY,CALTRANS_DISTRICT,STATE_ROUTE,ROUTE_SUFFIX,POSTMILE_PREFIX,POSTMILE,LOCATION_TYPE,RAMP_INTERSECTION,SIDE_OF_HWY,TOW_AWAY,COLLISION_SEVERITY,NUMBER_KILLED,NUMBER_INJURED,PARTY_COUNT,PRIMARY_COLL_FACTOR,PCF_CODE_OF_VIOL,PCF_VIOL_CATEGORY,PCF_VIOLATION,PCF_VIOL_SUBSECTION,HIT_AND_RUN,TYPE_OF_COLLISION,MVIW,PED_ACTION,ROAD_SURFACE,ROAD_COND_1,ROAD_COND_2,LIGHTING,CONTROL_DEVICE,CHP_ROAD_TYPE,PEDESTRIAN_ACCIDENT,BICYCLE_ACCIDENT,MOTORCYCLE_ACCIDENT,TRUCK_ACCIDENT,NOT_PRIVATE_PROPERTY,ALCOHOL_INVOLVED,STWD_VEHTYPE_AT_FAULT,CHP_VEHTYPE_AT_FAULT,COUNT_SEVERE_INJ,COUNT_VISIBLE_INJ,COUNT_COMPLAINT_PAIN,COUNT_PED_KILLED,COUNT_PED_INJURED,COUNT_BICYCLIST_KILLED,COUNT_BICYCLIST_INJURED,COUNT_MC_KILLED,COUNT_MC_INJURED,PRIMARY_RAMP,SECONDARY_RAMP,LATITUDE,LONGITUDE,COUNTY,CITY,POINT_X,POINT_Y
9590404,2023,2023-06-30,1900,2023-05-27,2200,609942,0628,6,5,6,1985,0,0,0,NA,0,62T1,RAILROAD AV,4TH ST,82,N,N,A,-,N,NA,NA,NA,NA,NA,NA,NA,NA,NA,Y,4,0,1,1,A,-,01,23152,A,N,A,I,A,A,H,-,C,D,0,NA,NA,NA,NA,Y,Y,A,01,0,0,1,0,0,0,0,0,0,-,-,34.376529693603516,-118.52504730224608,LOS ANGELES,SANTA CLARITA,-118.52490997314452,34.37653732299805
9590405,2023,2023-06-30,1900,2023-05-26,1830,625432,0642,5,5,6,1985,0,0,0,NA,0,64T1,BRIDGEPORT LN,BAYSIDE LN,36,W,N,A,-,N,NA,NA,NA,NA,NA,NA,NA,NA,NA,Y,2,0,1,1,A,-,08,22107,NA,N,E,I,A,A,H,-,A,D,0,NA,NA,Y,NA,Y,NA,C,02,1,0,0,0,0,0,0,0,1,-,-,34.426048278808594,-118.55146026611328,LOS ANGELES,SANTA CLARITA,-118.5513153076172,34.42624282836914
9590406,2023,2023-06-30,1900,2023-05-27,1651,648075,0635,6,5,6,1985,0,0,0,NA,0,63T1,MAMMOTH LN,RUSHMORE CT,77,S,N,A,-,N,NA,NA,NA,NA,NA,NA,NA,NA,NA,Y,3,0,1,3,A,-,01,23152,A,N,C,E,A,A,H,-,A,D,0,NA,NA,NA,NA,Y,Y,A,01,0,1,0,0,0,0,0,0,0,-,-,34.438499450683594,-118.38469696044922,LOS ANGELES,SANTA CLARITA,-118.38697052001952,34.4384651184082
9590407,2023,2023-06-30,1900,2023-05-30,1200,647475,0644,2,5,6,1985,0,0,0,NA,0,64T1,MAGIC MOUNTAIN PKWY,AUTO CENTER DR,100,E,N,B,-,N,NA,NA,NA,NA,NA,NA,NA,NA,NA,N,4,0,1,2,A,-,21,22106,NA,N,C,C,A,A,H,-,A,A,0,NA,NA,NA,NA,Y,NA,A,07,0,0,1,0,0,0,0,0,0,-,-,34.41830825805664,-118.55767059326172,LOS ANGELES,SANTA CLARITA,-118.55776214599608,34.41838836669922
9590408,2023,2023-06-30,1900,2023-05-29,1139,476466,0612,1,5,6,1985,0,0,0,NA,0,61T1,SOLEDAD CANYON RD,HIDAWAY AV,152,W,N,A,-,N,NA,NA,NA,NA,NA,NA,NA,NA,NA,Y,4,0,2,2,A,-,21,22106,NA,N,D,C,A,A,H,-,A,D,0,NA,NA,NA,NA,Y,NA,A,01,0,0,2,0,0,0,0,0,0,-,-,34.404991149902344,-118.46543884277344,LOS ANGELES,SANTA CLARITA,-118.46947479248048,34.41569900512695
9590409,2023,2023-06-30,1900,2023-05-19,1420,602357,0627,5,5,6,1985,0,0,0,NA,0,62T1,SIERRA HWY,NEWHALL AV,250,S,N,A,-,N,NA,NA,NA,NA,NA,NA,NA,NA,NA,Y,4,0,1,1,A,-,08,22107,NA,N,F,A,A,A,H,-,A,A,0,NA,NA,NA,NA,Y,NA,A,01,0,0,1,0,0,0,0,0,0,-,-,34.3651008605957,-118.50686645507813,LOS ANGELES,SANTA CLARITA,-118.50675201416016,34.365299224853516
9590421,2023,2023-06-29,1942,2023-04-09,945,35688,0361,7,5,7,1942,0,0,0,C,0,25TL25,GIBRALTAR AV,PINAFORE ST,0,NA,Y,A,-,N,NA,NA,NA,NA,NA,NA,NA,NA,NA,N,4,0,1,2,A,-,03,22350,NA,F,D,C,A,A,H,-,A,D,0,NA,NA,NA,NA,Y,NA,-,99,0,0,1,0,0,0,0,0,0,-,-,NA,NA,LOS ANGELES,LOS ANGELES,-118.35472869873048,34.014896392822266
9590422,2023,2023-06-29,1900,2023-04-22,1745,287402,1518,6,5,5,1954,0,0,0,NA,0,151T2,ROSEMEAD BL,TELEGRAPH RD,0,NA,Y,A,-,N,NA,NA,NA,NA,NA,NA,NA,NA,NA,Y,2,0,1,2,A,-,21,22106,NA,N,A,C,A,A,H,-,A,A,0,NA,NA,Y,NA,Y,NA,C,02,1,0,0,0,0,0,0,0,1,-,-,33.960880279541016,-118.10993957519533,LOS ANGELES,PICO RIVERA,-118.1100616455078,33.96098709106445
9590442,2023,2023-07-03,1941,2023-04-04,1100,11818,SOUTH,2,5,7,1941,0,0,0,NA,0,006,EAST OCEAN BL,LINDEN AV,0,NA,Y,A,-,N,NA,NA,NA,NA,NA,NA,NA,NA,NA,Y,4,0,3,2,A,-,12,21453,A,N,D,C,A,A,H,-,A,A,0,NA,NA,NA,NA,Y,NA,A,01,0,0,3,0,0,0,0,0,0,-,-,33.76654815673828,-118.18637847900392,LOS ANGELES,LONG BEACH,-118.18636322021484,33.76646041870117
9590443,2023,2023-07-03,1941,2023-04-03,1951,11004,3,1,5,7,1941,0,0,0,NA,0,021,LONG BEACH BL,E MARKET ST,0,NA,Y,G,-,N,NA,NA,NA,NA,NA,NA,NA,NA,NA,Y,4,0,3,2,A,-,09,21801,A,N,A,C,A,A,H,-,C,A,0,NA,NA,NA,NA,Y,NA,A,01,0,0,3,0,0,0,0,0,0,-,-,33.854270935058594,-118.19660186767578,LOS ANGELES,LONG BEACH,-118.19660949707033,33.85429382324219
9590444,2023,2023-07-03,1941,2023-04-12,2147,10120,SOUTH,3,5,7,1941,0,0,0,NA,0,006,EAST OCEAN BL,PINE AV,0,NA,Y,C,-,N,NA,NA,NA,NA,NA,NA,NA,NA,NA,Y,4,0,1,2,A,-,09,21801,A,N,D,C,A,B,H,-,C,A,0,NA,NA,NA,NA,Y,NA,A,01,0,0,1,0,0,0,0,0,0,-,-,33.76708984375,-118.19239044189452,LOS ANGELES,LONG BEACH,-118.19239807128906,33.7671012878418
9590445,2023,2023-07-06,1941,2023-04-17,1617,10120,SOUTH,1,5,7,1941,0,0,0,NA,0,006,W BROADWAY,MAINE AV,0,NA,Y,A,-,N,NA,NA,NA,NA,NA,NA,NA,NA,NA,N,4,0,2,2,A,-,08,22107,NA,N,D,C,A,A,H,-,A,A,0,NA,NA,NA,NA,Y,NA,A,01,0,0,2,0,0,0,0,0,0,-,-,33.76927947998047,-118.20062255859376,LOS ANGELES,LONG BEACH,-118.2006378173828,33.769287109375
9590446,2023,2023-07-06,1941,2023-04-18,1611,11656,SOUTH,2,5,7,1941,0,0,0,NA,0,008,ORANGE AV,E 3RD ST,0,NA,Y,A,-,N,NA,NA,NA,NA,NA,NA,NA,NA,NA,N,4,0,1,2,A,-,09,21801,A,N,A,C,A,A,H,-,A,A,0,NA,NA,NA,NA,Y,NA,A,01,0,0,1,0,0,0,0,0,0,-,-,33.77014923095703,-118.17652130126952,LOS ANGELES,LONG BEACH,-118.17652130126952,33.77016067504883
9590447,2023,2023-07-03,1941,2023-04-05,1354,11805,SOUTH,3,5,7,1941,0,0,0,NA,0,008,E BROADWAY,ORANGE AV,0,NA,Y,A,-,N,NA,NA,NA,NA,NA,NA,NA,NA,NA,N,3,0,1,2,A,-,08,22107,NA,N,G,G,A,A,H,-,A,A,0,NA,Y,NA,NA,Y,NA,A,01,0,1,0,0,0,0,1,0,0,-,-,33.76845932006836,-118.17682647705078,LOS ANGELES,LONG BEACH,-118.17684173583984,33.76845169067383
9590457,2023,2023-07-03,1900,2023-04-27,1833,655224,2846,4,5,5,1915,0,0,0,NA,0,283T1,HARRIS AV,LINSLEY ST,23,S,N,A,-,N,NA,NA,NA,NA,NA,NA,NA,NA,NA,N,3,0,4,2,A,-,09,21804,A,N,A,C,A,A,H,-,A,A,0,NA,NA,NA,NA,Y,NA,A,07,0,4,0,0,0,0,0,0,0,-,-,33.890621185302734,-118.19851684570313,LOS ANGELES,COMPTON,-118.19852447509766,33.89049530029297
9590458,2023,2023-07-10,1900,2023-04-19,1541,655224,2843,3,5,5,1915,0,0,0,NA,0,283T1,ALONDRA BL,PEARL AV,6,E,N,A,-,N,NA,NA,NA,NA,NA,NA,NA,NA,NA,N,4,0,5,2,A,-,06,21755,A,N,D,C,A,A,H,-,A,D,0,NA,NA,NA,NA,Y,NA,A,01,0,0,5,0,0,0,0,0,0,-,-,33.88869857788086,-118.21324920654295,LOS ANGELES,COMPTON,-118.21347045898438,33.88853073120117
9590459,2023,2023-07-03,1946,2023-04-05,2216,P3,1946,3,5,4,1946,0,0,0,NA,0,002,MAGNOLIA,EVERGREEN,0,NA,Y,A,-,N,NA,NA,NA,NA,NA,NA,NA,NA,NA,N,3,0,1,2,A,-,10,21950,NA,N,G,B,B,A,H,-,D,A,0,Y,NA,NA,NA,Y,NA,A,01,0,1,0,0,1,0,0,0,0,-,-,NA,NA,LOS ANGELES,MONROVIA,-118.00511169433594,34.13492202758789
9590460,2023,2023-07-06,1946,2023-04-07,1353,P48,1946,5,5,4,1946,0,0,0,NA,0,002,W DUARTE,8TH,0,NA,Y,A,-,N,NA,NA,NA,NA,NA,NA,NA,NA,NA,Y,3,0,2,2,A,-,09,21802,A,N,D,C,A,A,H,-,A,D,0,NA,NA,NA,NA,Y,NA,A,01,0,1,1,0,0,0,0,0,0,-,-,NA,NA,LOS ANGELES,MONROVIA,-118.01573181152344,34.13176345825195
9590528,2023,2023-06-29,1942,2023-05-15,114,44986,361,1,5,7,1942,0,0,0,NA,0,3A41,COCO AV,NICOLET AV,0,NA,Y,A,-,N,NA,NA,NA,NA,NA,NA,NA,NA,NA,Y,3,0,1,4,A,-,01,23152,A,M,-,E,A,-,H,-,C,A,0,NA,NA,NA,NA,Y,Y,A,01,0,1,0,0,0,0,0,0,0,-,-,NA,NA,LOS ANGELES,LOS ANGELES,-118.351318359375,34.0128173828125
9590562,2023,2023-06-12,1941,2023-02-26,223,11554,SOUTH,7,5,7,1941,0,0,0,NA,0,006,W 6TH ST,DAISY AV,0,NA,Y,A,-,N,NA,NA,NA,NA,NA,NA,NA,NA,NA,N,3,0,1,2,A,-,10,21950,A,N,G,B,B,A,H,-,C,A,0,Y,NA,NA,NA,Y,NA,A,01,0,1,0,0,1,0,0,0,0,-,-,33.774139404296875,-118.19937133789064,LOS ANGELES,LONG BEACH,-118.19935607910156,33.774139404296875
9590563,2023,2023-06-13,1941,2023-02-25,1658,11834,EAST,6,5,7,1941,0,0,0,NA,0,013,EAST 7TH ST,SANTIAGO AV,0,NA,Y,C,-,N,NA,NA,NA,NA,NA,NA,NA,NA,NA,N,4,0,1,1,D,-,00,NA,NA,N,A,I,A,B,H,-,A,D,0,NA,NA,NA,NA,Y,NA,-,-,0,0,1,0,0,0,0,0,0,-,-,33.77532958984375,-118.12523651123048,LOS ANGELES,LONG BEACH,-118.12852478027344,33.775352478027344
9590566,2023,2023-06-12,1941,2023-02-18,1119,11241,WEST,6,5,7,1941,0,0,0,NA,0,005,ATLANTIC AV,E HILL ST,11,S,N,A,-,N,NA,NA,NA,NA,NA,NA,NA,NA,NA,N,4,0,1,2,D,-,00,NA,NA,N,C,C,A,A,H,-,A,D,0,NA,NA,NA,NA,Y,NA,-,-,0,0,1,0,0,0,0,0,0,-,-,33.797119140625,-118.18502807617188,LOS ANGELES,LONG BEACH,-118.18502807617188,33.79710006713867
9590568,2023,2023-06-13,1942,2023-04-09,1340,42282,1256,7,5,7,1942,0,0,0,L,0,25TL29,76TH ST,HOOVER ST,10,S,N,A,-,N,NA,NA,NA,NA,NA,NA,NA,NA,NA,N,3,0,3,4,A,-,10,21950,A,F,G,B,B,A,H,-,A,A,0,Y,NA,NA,NA,Y,NA,-,99,0,1,2,0,3,0,0,0,0,-,-,NA,NA,LOS ANGELES,LOS ANGELES,-118.28711700439452,33.97074890136719
9590569,2023,2023-06-13,1942,2023-04-08,600,40440,1203,6,5,7,1942,0,0,0,L,0,25TL29,WESTERN AV,VERNON AV,0,NA,Y,A,-,N,NA,NA,NA,NA,NA,NA,NA,NA,NA,N,3,0,1,2,A,-,09,21453,B,F,D,G,-,A,H,-,A,A,0,Y,NA,NA,NA,Y,NA,-,99,0,1,0,0,1,0,0,0,0,-,-,NA,NA,LOS ANGELES,LOS ANGELES,-118.30892944335938,34.003719329833984
9590570,2023,2023-06-13,1942,2023-04-04,2000,42069,1804,2,5,7,1942,0,0,0,R,0,25TL35,CENTRAL AV,MANCHESTER BL,0,NA,Y,A,-,N,NA,NA,NA,NA,NA,NA,NA,NA,NA,Y,2,0,2,2,A,-,09,21801,A,N,A,C,A,A,H,-,C,A,0,NA,NA,NA,NA,Y,NA,A,01,1,0,1,0,0,0,0,0,0,-,-,NA,NA,LOS ANGELES,LOS ANGELES,-118.25641632080078,33.96015930175781
9590571,2023,2023-06-13,1942,2023-04-22,2323,42069,1239,6,5,7,1942,0,0,0,L,0,25T31,FIGUEROA ST,59TH ST,144,N,N,A,-,N,NA,NA,NA,NA,NA,NA,NA,NA,NA,Y,2,0,1,2,A,-,11,21954,A,F,G,B,E,A,H,-,C,A,0,Y,NA,NA,NA,Y,NA,N,60,1,0,0,0,1,0,0,0,0,-,-,NA,NA,LOS ANGELES,LOS ANGELES,-118.28268432617188,33.987754821777344
9590572,2023,2023-06-13,1942,2023-04-23,600,40717,0318,7,5,7,1942,0,0,0,C,0,25T27W,S HOOVER ST,25TH ST,77,N,N,A,-,N,NA,NA,NA,NA,NA,NA,NA,NA,NA,N,2,0,1,2,A,-,11,21954,A,N,G,B,E,A,H,-,A,D,0,Y,NA,NA,NA,Y,NA,N,60,1,0,0,0,1,0,0,0,0,-,-,NA,NA,LOS ANGELES,LOS ANGELES,-118.28399658203124,34.03342056274414
9590573,2023,2023-06-13,1942,2023-04-26,225,42364,0359,3,5,7,1942,0,0,0,C,0,25T33,MARTIN LUTHER KING JR BL,FIGUEROA ST,10,E,N,A,-,N,NA,NA,NA,NA,NA,NA,NA,NA,NA,N,4,0,1,2,A,-,10,21950,A,F,G,B,B,A,H,-,C,-,0,Y,NA,NA,NA,Y,NA,-,99,0,0,1,0,1,0,0,0,0,-,-,NA,NA,LOS ANGELES,LOS ANGELES,-118.28270721435548,34.01112747192383
9590574,2023,2023-06-13,1942,2023-04-24,1645,36871,0559,1,5,7,1942,0,0,0,E,0,5XL2,SEASIDE AV,NAVY WY,1488,W,N,A,-,N,NA,NA,NA,NA,NA,NA,NA,NA,NA,NA,2,0,1,2,A,-,08,22107,NA,N,-,C,A,A,H,-,A,D,0,NA,NA,Y,NA,Y,NA,A,01,1,0,0,0,0,0,0,0,1,-,-,NA,NA,LOS ANGELES,LOS ANGELES,-118.2543487548828,33.7528190612793
9590576,2023,2023-06-13,1942,2023-04-25,2300,42364,1804,2,5,7,1942,0,0,0,R,0,25T37,CENTRAL AV,88TH ST,0,NA,Y,A,-,N,NA,NA,NA,NA,NA,NA,NA,NA,NA,Y,2,0,1,1,A,-,00,21720,NA,N,E,I,A,A,H,-,C,D,0,NA,NA,NA,NA,Y,NA,M,96,1,0,0,0,0,0,0,0,0,-,-,NA,NA,LOS ANGELES,LOS ANGELES,-118.25641632080078,33.95743942260742
9590577,2023,2023-06-13,1942,2023-04-24,1355,40717,1832,1,5,7,1942,0,0,0,R,0,25T,SAN PEDRO ST,E 105TH ST,28,S,N,A,-,N,NA,NA,NA,NA,NA,NA,NA,NA,NA,N,3,0,1,2,A,-,07,21658,A,F,B,G,A,A,H,-,A,A,0,NA,Y,NA,NA,Y,NA,-,99,0,1,0,0,0,0,1,0,0,-,-,NA,NA,LOS ANGELES,LOS ANGELES,-118.26952362060548,33.94094467163086
9590579,2023,2023-06-15,1942,2023-04-15,1757,45159,1827,6,5,7,1942,0,0,0,R,0,018,E 92ND ST,FIR AV,20,W,N,A,-,N,NA,NA,NA,NA,NA,NA,NA,NA,NA,Y,3,0,1,2,A,-,09,21801,NA,N,A,C,A,A,H,-,C,A,0,NA,NA,NA,NA,Y,NA,A,01,0,1,0,0,0,0,0,0,0,-,-,NA,NA,LOS ANGELES,LOS ANGELES,-118.2375030517578,33.953277587890625
9590611,2023,2023-07-24,1910,2023-06-01,827,03438,NA,4,5,4,1910,0,0,0,NA,0,004,WHITTIER DR,WILSHIRE BL,60,N,N,B,-,N,NA,NA,NA,NA,NA,NA,NA,NA,NA,Y,4,0,3,4,A,-,03,22350,NA,N,C,C,A,A,H,-,A,D,0,NA,NA,NA,NA,Y,NA,A,01,0,0,3,0,0,0,0,0,0,-,-,NA,NA,LOS ANGELES,BEVERLY HILLS,-118.41468048095705,34.06724548339844
9590612,2023,2023-07-20,1910,2023-06-02,1420,03209,NA,5,5,4,1910,0,0,0,NA,0,004,N BEVERLY DR,PARK WY,0,NA,Y,A,-,N,NA,NA,NA,NA,NA,NA,NA,NA,NA,Y,3,0,2,2,A,-,09,21802,A,N,D,C,A,A,H,-,A,A,0,NA,NA,NA,NA,Y,NA,A,01,0,1,1,0,0,0,0,0,0,-,-,NA,NA,LOS ANGELES,BEVERLY HILLS,-118.40426635742188,34.07231521606445
9590619,2023,2023-06-16,1900,2023-05-20,2011,656370,1135,6,5,6,1992,0,0,0,NA,0,111T2,20TH ST EAST,WALMART RD,0,NA,Y,A,-,N,NA,NA,NA,NA,NA,NA,NA,NA,NA,Y,4,0,4,2,A,-,09,21801,A,N,D,C,A,A,H,-,C,A,0,NA,NA,NA,NA,Y,NA,A,01,0,0,4,0,0,0,0,0,0,-,-,34.691341400146484,-118.0947494506836,LOS ANGELES,LANCASTER,NA,NA
9590620,2023,2023-06-16,1900,2023-05-22,753,647596,1123,1,5,6,1992,0,0,0,NA,0,111T1,LANCASTER BL,ANDALE AV,0,NA,Y,A,-,N,NA,NA,NA,NA,NA,NA,NA,NA,NA,Y,4,0,4,2,A,-,09,21802,A,N,D,C,A,A,H,-,A,A,0,NA,NA,NA,NA,Y,NA,A,01,0,0,4,0,0,0,0,0,0,-,-,34.696739196777344,-118.11762237548828,LOS ANGELES,LANCASTER,-118.11756896972656,34.69660949707031
9590621,2023,2023-06-16,1900,2023-05-22,1240,620752,1192,1,5,6,1992,0,0,0,NA,0,112T1,AVENUE L,40TH ST WEST,400,E,N,A,-,N,NA,NA,NA,NA,NA,NA,NA,NA,NA,Y,3,0,1,1,A,-,08,22107,NA,N,F,I,A,A,H,-,A,D,0,NA,NA,NA,NA,Y,Y,A,07,0,1,0,0,0,0,0,0,0,-,-,NA,NA,LOS ANGELES,LANCASTER,-118.20003509521484,34.66017150878906
9590627,2023,2023-06-16,1900,2023-05-24,1630,551353,0812,3,5,4,1960,0,0,0,NA,0,81K2,FOOTHILL BL,SAN DIMAS AV,0,NA,Y,A,-,N,NA,NA,NA,NA,NA,NA,NA,NA,NA,N,3,0,1,2,A,-,11,21456,B,N,G,B,B,A,H,-,A,A,0,Y,NA,NA,NA,Y,NA,N,60,0,1,0,0,1,0,0,0,0,-,-,34.124629974365234,-117.80718231201172,LOS ANGELES,SAN DIMAS,-117.80719757080078,34.12461471557617
9590628,2023,2023-06-16,1916,2023-05-23,857,2936,D32C2,2,5,4,1916,0,0,0,NA,0,00D,CITRUS AV,PUENTE ST,29,S,N,B,-,N,NA,NA,NA,NA,NA,NA,NA,NA,NA,Y,3,0,1,2,A,-,12,21453,A,N,D,C,A,A,H,-,A,A,0,NA,NA,NA,NA,Y,NA,A,01,0,1,0,0,0,0,0,0,0,-,-,34.0826416015625,-117.89009857177734,LOS ANGELES,COVINA,-117.89012908935548,34.08253860473633
9590629,2023,2023-06-16,1916,2023-05-25,612,3058,D28C1,4,5,4,1916,0,0,0,NA,0,DOWNTO,CITRUS AV,SAN BERNARDINO AV,0,NA,Y,B,-,N,NA,NA,NA,NA,NA,NA,NA,NA,NA,Y,3,0,2,2,A,-,12,21453,A,N,D,C,A,A,H,-,A,A,0,NA,NA,NA,NA,Y,NA,A,01,0,2,0,0,0,0,0,0,0,-,-,NA,NA,LOS ANGELES,COVINA,-117.89017486572266,34.09018325805664
9590630,2023,2023-06-16,1916,2023-05-15,2307,2991,E62F3,1,5,4,1916,0,0,0,NA,0,EAST,E CYPRESS ST,BROOKPORT ST,178,N,N,A,-,N,NA,NA,NA,NA,NA,NA,NA,NA,NA,N,4,0,1,1,A,-,03,22350,NA,M,A,I,A,A,H,-,C,A,0,NA,NA,NA,NA,Y,NA,A,01,0,0,1,0,0,0,0,0,0,-,-,34.09579849243164,-117.85508728027344,LOS ANGELES,COVINA,-117.85661315917967,34.09670639038086
9590632,2023,2023-06-22,1916,2023-05-07,520,2998,E62M1,7,5,4,1916,0,0,0,NA,0,EAST,CYPRESS ST,BONNIE COVE AV,350,W,N,A,-,N,NA,NA,NA,NA,NA,NA,NA,NA,NA,Y,3,0,1,1,A,-,01,23152,A,N,E,I,A,A,H,-,C,D,0,NA,NA,NA,NA,Y,Y,A,01,0,1,0,0,0,0,0,0,0,-,-,NA,NA,LOS ANGELES,COVINA,-117.85623168945313,34.09580612182617
9590634,2023,2023-06-15,1900,2023-05-25,1654,652521,1618,4,5,5,1977,0,0,0,NA,0,167T1,AVALON BL,220TH ST,0,NA,Y,A,-,N,NA,NA,NA,NA,NA,NA,NA,NA,NA,Y,4,0,1,2,A,-,12,21453,A,N,D,C,A,A,H,-,B,A,0,NA,NA,NA,NA,Y,NA,A,01,0,0,1,0,0,0,0,0,0,-,-,33.82783126831055,-118.26363372802734,LOS ANGELES,CARSON,-118.26373291015624,33.827857971191406
9590635,2023,2023-06-15,1972,2023-05-29,1519,21239,NA,1,5,6,1972,0,0,0,NA,0,NA,SEPULVEDA BL,ARLINGTON AV,0,NA,Y,A,-,N,NA,NA,NA,NA,NA,NA,NA,NA,NA,Y,3,0,3,2,A,-,12,21453,A,N,D,I,A,A,H,-,A,A,0,NA,NA,NA,NA,Y,NA,A,NA,0,1,2,0,0,0,0,0,0,-,-,NA,NA,LOS ANGELES,TORRANCE,-118.31974792480467,33.82010269165039
9590640,2023,2023-06-22,1900,2023-04-19,1819,624602,1514,3,5,5,1954,0,0,0,NA,0,151T2,JACKSON ST,WHITTIER BL,0,NA,Y,A,-,N,NA,NA,NA,NA,NA,NA,NA,NA,NA,N,3,0,1,2,A,-,12,21453,NA,N,D,G,A,A,H,-,A,A,0,NA,Y,NA,NA,Y,NA,-,-,0,1,0,0,0,0,1,0,0,-,-,33.99924087524414,-118.07946014404295,LOS ANGELES,PICO RIVERA,-118.03079223632813,33.96223068237305
9590733,2023,2023-06-19,1900,2023-05-20,1356,523534,2928,6,5,5,1990,0,0,0,NA,0,292K5,BREA CANYON RD,GLENBROOK DR,0,NA,Y,A,-,N,NA,NA,NA,NA,NA,NA,NA,NA,NA,Y,3,0,2,2,A,-,12,21453,A,N,D,C,A,A,H,-,A,A,0,NA,NA,NA,NA,Y,NA,A,01,0,2,0,0,0,0,0,0,0,-,-,33.99618911743164,-117.84246826171876,LOS ANGELES,DIAMOND BAR,-117.84249114990234,33.996185302734375
9590734,2023,2023-06-19,1972,2023-05-19,1419,22273,NA,5,5,6,1972,0,0,0,NA,0,NA,SEPULVEDA BL,ARLINGTON AV,257,E,N,A,-,N,NA,NA,NA,NA,NA,NA,NA,NA,NA,Y,3,0,1,2,A,-,09,21801,A,N,D,C,A,A,H,-,A,D,0,NA,NA,NA,NA,Y,NA,A,NA,0,1,0,0,0,0,0,0,0,-,-,NA,NA,LOS ANGELES,TORRANCE,-118.31892395019533,33.8199462890625
9590735,2023,2023-06-19,1942,2023-05-31,2115,39476,1015,3,5,7,1942,0,0,0,J,0,26T55W,LINDLEY AV,VALERIO ST,56,N,N,A,-,N,NA,NA,NA,NA,NA,NA,NA,NA,NA,N,3,0,1,2,A,-,03,22350,NA,N,C,C,A,A,H,-,C,A,0,NA,NA,NA,NA,Y,NA,-,99,0,1,0,0,0,0,0,0,0,-,-,NA,NA,LOS ANGELES,LOS ANGELES,-118.52731323242188,34.20491409301758
9590785,2023,2023-06-27,1972,2023-06-12,1323,15555,NA,1,5,6,1972,0,0,0,NA,0,NA,CRENSHAW BL,DEL AMO BL,0,NA,Y,A,-,N,NA,NA,NA,NA,NA,NA,NA,NA,NA,Y,4,0,1,2,A,-,09,21453,C,N,D,C,A,A,H,-,A,A,0,NA,NA,NA,NA,Y,NA,A,NA,0,0,1,0,0,0,0,0,0,-,-,NA,NA,LOS ANGELES,TORRANCE,-118.32886505126952,33.84699249267578
9590786,2023,2023-06-27,1972,2023-06-13,1215,15555,NA,2,5,6,1972,0,0,0,NA,0,NA,CRENSHAW BL,ARTESIA BL,175,N,N,A,-,N,NA,NA,NA,NA,NA,NA,NA,NA,NA,Y,4,0,1,2,A,-,09,21804,A,N,D,C,A,A,H,-,A,A,0,NA,NA,NA,NA,Y,NA,A,NA,0,0,1,0,0,0,0,0,0,-,-,NA,NA,LOS ANGELES,TORRANCE,-118.32649230957033,33.8732795715332
9590787,2023,2023-06-27,1931,2023-06-14,1915,5601,1931,3,5,5,1931,0,0,0,NA,0,002,GIFFORD AV,61ST ST,192,N,N,B,-,N,NA,NA,NA,NA,NA,NA,NA,NA,NA,Y,3,0,3,4,A,-,01,23153,A,N,A,C,A,A,H,-,A,D,0,NA,NA,NA,NA,Y,Y,A,01,0,1,2,0,0,0,0,0,0,-,-,NA,NA,LOS ANGELES,HUNTINGTON PARK,-118.19275665283205,33.9847412109375
9590788,2023,2023-07-19,1941,2023-06-04,2253,11547,NA,7,5,7,1941,0,0,0,NA,0,012,EAST 7TH ST,PARK AV,0,E,N,A,-,N,NA,NA,NA,NA,NA,NA,NA,NA,NA,Y,4,0,3,2,A,-,01,23152,B,N,C,C,A,A,H,-,C,D,0,NA,NA,NA,NA,Y,Y,A,01,0,0,3,0,0,0,0,0,0,-,-,33.77532958984375,-118.13719177246094,LOS ANGELES,LONG BEACH,-118.13746643066406,33.775360107421875
9590797,2023,2023-06-30,1900,2023-05-21,1900,629585,0331,7,5,4,1939,0,0,0,NA,0,35T1,AVIS AV,149TH ST,119,N,N,A,-,N,NA,NA,NA,NA,NA,NA,NA,NA,NA,Y,3,0,1,2,A,-,07,21658,A,N,B,E,A,A,H,-,A,D,0,NA,NA,NA,NA,Y,NA,A,01,0,1,0,0,0,0,0,0,0,-,-,33.896820068359375,-118.34503173828124,LOS ANGELES,LAWNDALE,-118.34500885009766,33.896766662597656