CASE_ID,ACCIDENT_YEAR,PROC_DATE,JURIS,COLLISION_DATE,COLLISION_TIME,OFFICER_ID,REPORTING_DISTRICT,DAY_OF_WEEK,CHP_SHIFT,POPULATION,CNTY_CITY_LOC,SPECIAL_COND,BEAT_TYPE,CHP_BEAT_TYPE,CITY_DIVISION_LAPD,CHP_BEAT_CLASS,BEAT_NUMBER,PRIMARY_RD,SECONDARY_RD,DISTANCE,DIRECTION,INTERSECTION,WEATHER_1,WEATHER_2,STATE_HWY_IND,CALTRANS_COUNTY,CALTRANS_DISTRICT,STATE_ROUTE,ROUTE_SUFFIX,POSTMILE_PREFIX,POSTMILE,LOCATION_TYPE,RAMP_INTERSECTION,SIDE_OF_HWY,TOW_AWAY,COLLISION_SEVERITY,NUMBER_KILLED,NUMBER_INJURED,PARTY_COUNT,PRIMARY_COLL_FACTOR,PCF_CODE_OF_VIOL,PCF_VIOL_CATEGORY,PCF_VIOLATION,PCF_VIOL_SUBSECTION,HIT_AND_RUN,TYPE_OF_COLLISION,MVIW,PED_ACTION,ROAD_SURFACE,ROAD_COND_1,ROAD_COND_2,LIGHTING,CONTROL_DEVICE,CHP_ROAD_TYPE,PEDESTRIAN_ACCIDENT,BICYCLE_ACCIDENT,MOTORCYCLE_ACCIDENT,TRUCK_ACCIDENT,NOT_PRIVATE_PROPERTY,ALCOHOL_INVOLVED,STWD_VEHTYPE_AT_FAULT,CHP_VEHTYPE_AT_FAULT,COUNT_SEVERE_INJ,COUNT_VISIBLE_INJ,COUNT_COMPLAINT_PAIN,COUNT_PED_KILLED,COUNT_PED_INJURED,COUNT_BICYCLIST_KILLED,COUNT_BICYCLIST_INJURED,COUNT_MC_KILLED,COUNT_MC_INJURED,PRIMARY_RAMP,SECONDARY_RAMP,LATITUDE,LONGITUDE,COUNTY,CITY,POINT_X,POINT_Y
9591489,2023,2023-07-03,1900,2023-03-27,624,660930,2847,1,5,5,1915,0,0,0,NA,0,282T1,ALONDRA BL,ATLANTIC AV,10,E,N,A,-,N,NA,NA,NA,NA,NA,NA,NA,NA,NA,N,4,0,1,2,A,-,10,21950,A,N,G,B,B,A,H,-,C,D,0,Y,NA,NA,NA,Y,NA,A,07,0,0,1,0,1,0,0,0,0,-,-,33.88869094848633,-118.19271087646484,LOS ANGELES,COMPTON,-118.19287872314452,33.888771057128906
9591511,2023,2023-07-05,1900,2023-01-04,1000,606099,0972,3,5,4,1979,0,0,0,NA,0,92T3,ROBERTSON BL,BEVERLY BL,0,NA,Y,C,-,N,NA,NA,NA,NA,NA,NA,NA,NA,NA,N,4,0,1,2,-,-,-,NA,NA,N,A,G,A,B,H,-,A,A,0,NA,Y,NA,NA,Y,NA,-,-,0,0,1,0,0,0,1,0,0,-,-,34.07707977294922,-118.38372039794922,LOS ANGELES,WEST HOLLYWOOD,-118.38372039794922,34.077205657958984
9591512,2023,2023-07-05,1900,2023-01-01,352,606099,0975,7,5,4,1979,0,0,0,NA,0,92T3,HAYWORTH AV,SANTA MONICA BL,72,S,N,A,-,N,NA,NA,NA,NA,NA,NA,NA,NA,NA,N,4,0,1,2,A,-,21,22106,NA,F,C,C,A,A,H,-,C,A,0,NA,NA,NA,NA,Y,NA,A,07,0,0,1,0,0,0,0,0,0,-,-,34.09053039550781,-118.36273193359376,LOS ANGELES,WEST HOLLYWOOD,-118.3629913330078,34.0908203125
9591513,2023,2023-07-13,1900,2023-01-24,1042,622922,NA,2,5,4,1979,0,0,0,NA,0,92T3,SANTA MONICA BL,LAUREL AV,0,NA,Y,A,-,N,NA,NA,NA,NA,NA,NA,NA,NA,NA,N,3,0,1,2,A,-,-,NA,NA,M,C,G,A,A,H,-,A,A,0,NA,Y,NA,NA,Y,NA,A,01,0,1,0,0,0,0,1,0,0,-,-,34.090789794921875,-118.36437225341795,LOS ANGELES,WEST HOLLYWOOD,-118.3648681640625,34.09080123901367
9591514,2023,2023-07-05,1900,2023-01-06,58,637335,0976,5,5,4,1979,0,0,0,NA,0,93T2,SANTA MONICA BL,LA CIENEGA BL,0,NA,Y,F,-,N,NA,NA,NA,NA,NA,NA,NA,NA,NA,Y,2,0,1,2,A,-,01,23152,A,N,D,C,A,A,H,-,C,A,0,NA,NA,NA,NA,Y,Y,A,07,1,0,0,0,0,0,0,0,0,-,-,34.0890007019043,-118.3759994506836,LOS ANGELES,WEST HOLLYWOOD,-118.37628936767578,34.089569091796875
9591515,2023,2023-07-05,1900,2023-01-26,156,637335,0973,4,5,4,1979,0,0,0,NA,0,91J,FOUNTAIN AV,LA BREA AV,0,NA,Y,A,-,N,NA,NA,NA,NA,NA,NA,NA,NA,NA,Y,4,0,1,3,A,-,08,22107,NA,N,A,C,A,A,H,-,C,A,0,NA,NA,NA,NA,Y,NA,A,01,0,0,1,0,0,0,0,0,0,-,-,34.09519958496094,-118.372802734375,LOS ANGELES,WEST HOLLYWOOD,-118.34410095214844,34.09436798095703
9591516,2023,2023-07-05,1900,2023-01-18,920,606099,0986,3,5,4,1979,0,0,0,NA,0,92T1,SUNSET BL,DOHENY DR,56,E,N,A,-,N,NA,NA,NA,NA,NA,NA,NA,NA,NA,N,4,0,1,2,A,-,08,22107,NA,F,C,E,A,A,H,-,A,A,0,NA,NA,NA,NA,Y,NA,-,99,0,0,1,0,0,0,0,0,0,-,-,34.09054183959961,-118.38950347900392,LOS ANGELES,WEST HOLLYWOOD,-118.38955688476564,34.090614318847656
9591518,2023,2023-07-14,1941,2023-01-16,955,11277,NORTH,1,5,7,1941,0,0,0,NA,0,020,E WARDLOW RD,ORANGE AV,0,NA,Y,A,-,N,NA,NA,NA,NA,NA,NA,NA,NA,NA,Y,3,0,2,2,A,-,08,22107,NA,N,D,C,A,B,H,-,A,A,0,NA,NA,NA,NA,Y,NA,A,01,0,2,0,0,0,0,0,0,0,-,-,33.81892013549805,-118.17633056640624,LOS ANGELES,LONG BEACH,-118.17633056640624,33.818931579589844
9591519,2023,2023-07-05,1900,2023-02-16,1015,443069,0973,4,5,4,1979,0,0,0,NA,0,92T2,SANTA MONICA BL,POINSETTIA PL,0,NA,Y,A,-,N,NA,NA,NA,NA,NA,NA,NA,NA,NA,N,4,0,1,2,A,-,08,22107,NA,N,B,C,A,A,H,-,A,D,0,NA,NA,NA,NA,Y,NA,A,01,0,0,1,0,0,0,0,0,0,-,-,34.090721130371094,-118.34876251220705,LOS ANGELES,WEST HOLLYWOOD,-118.34867095947266,34.09074020385742
9591520,2023,2023-07-05,1900,2023-02-01,30,635593,0974,3,5,4,1979,0,0,0,NA,0,93T1,SANTA MONICA BL,CURSON AV,0,NA,Y,A,-,N,NA,NA,NA,NA,NA,NA,NA,NA,NA,Y,2,0,1,2,A,-,09,21801,A,N,A,C,A,A,H,-,C,A,0,NA,NA,Y,NA,Y,NA,A,01,1,0,0,0,0,0,0,0,1,-,-,34.09077072143555,-118.35501861572266,LOS ANGELES,WEST HOLLYWOOD,-118.35535430908205,34.09079360961914
9591539,2023,2023-07-18,1941,2023-06-13,1112,11803,SOUTH,2,5,7,1941,0,0,0,NA,0,006,PINE AV,E ANAHEIM ST,0,NA,Y,A,-,N,NA,NA,NA,NA,NA,NA,NA,NA,NA,Y,2,0,2,3,A,-,12,21453,A,N,D,C,A,A,H,-,A,A,0,NA,NA,NA,NA,Y,NA,A,01,1,0,1,0,0,0,0,0,0,-,-,33.78260040283203,-118.19239044189452,LOS ANGELES,LONG BEACH,-118.19239044189452,33.782596588134766
9591543,2023,2023-07-20,1941,2023-01-15,2145,11246,NORTH,7,5,7,1941,0,0,0,NA,0,022,ORANGE AV,60TH ST,0,NA,N,C,-,N,NA,NA,NA,NA,NA,NA,NA,NA,NA,Y,3,0,2,5,A,-,01,23152,B,N,C,C,A,B,H,-,C,D,0,NA,NA,NA,NA,Y,Y,A,01,0,2,0,0,0,0,0,0,0,-,-,33.86513137817383,-118.177001953125,LOS ANGELES,LONG BEACH,-118.17733001708984,33.863704681396484
9591547,2023,2023-07-17,1941,2023-04-28,1753,11021,NORTH,5,5,7,1941,0,0,0,NA,0,023,E ARTESIA,MYRTLE AV,0,NA,Y,A,-,N,NA,NA,NA,NA,NA,NA,NA,NA,NA,N,4,0,1,2,A,-,08,22107,NA,N,C,C,A,A,H,-,A,A,0,NA,NA,NA,Y,Y,NA,F,26,0,0,1,0,0,0,0,0,0,-,-,33.87459182739258,-118.18211364746094,LOS ANGELES,LONG BEACH,-118.1821517944336,33.8745231628418
9591556,2023,2023-08-08,1931,2023-06-28,1138,5346,1931,3,5,5,1931,0,0,0,NA,0,001,SLAUSON AV,TEMPLETON ST,105,W,N,A,-,N,NA,NA,NA,NA,NA,NA,NA,NA,NA,Y,3,0,1,3,A,-,08,22107,NA,N,B,C,A,A,H,-,A,D,0,NA,NA,NA,Y,Y,NA,A,01,0,1,0,0,0,0,0,0,0,-,-,NA,NA,LOS ANGELES,HUNTINGTON PARK,-118.2205047607422,33.98918914794922
9591558,2023,2023-07-12,1900,2023-06-14,210,659171,2112,3,5,5,1943,0,0,0,NA,0,212T4,NORTON AV,MARTIN LUTHER KING JR BL,131,W,N,A,-,N,NA,NA,NA,NA,NA,NA,NA,NA,NA,Y,4,0,1,3,A,-,03,22350,NA,N,C,E,A,A,H,-,C,D,0,NA,NA,NA,NA,Y,NA,A,01,0,0,1,0,0,0,0,0,0,-,-,NA,NA,LOS ANGELES,LYNWOOD,-118.20433807373048,33.93252182006836
9591642,2023,2023-07-19,1942,2023-05-20,325,42720,0585,6,5,7,1942,0,0,0,E,0,25T31W,GAFFEY ST,21ST ST,17,S,N,A,-,N,NA,NA,NA,NA,NA,NA,NA,NA,NA,Y,3,0,3,3,A,-,12,22450,NA,N,D,C,A,A,H,-,C,D,0,NA,NA,NA,NA,Y,NA,A,01,0,2,1,0,0,0,0,0,0,-,-,NA,NA,LOS ANGELES,LOS ANGELES,-118.29239654541016,33.72513198852539
9591650,2023,2023-07-19,1942,2023-06-13,1915,40957,0375,2,5,7,1942,0,0,0,C,0,25T35,GRAMERCY PL,38TH ST,76,N,N,A,-,N,NA,NA,NA,NA,NA,NA,NA,NA,NA,Y,3,0,1,3,A,-,01,23152,A,M,D,E,A,A,H,-,A,D,0,NA,NA,NA,NA,Y,Y,A,07,0,1,0,0,0,0,0,0,0,-,-,NA,NA,LOS ANGELES,LOS ANGELES,-118.3132781982422,34.0175666809082
9591684,2023,2023-07-14,1900,2023-06-03,1939,509018,1510,6,5,5,1954,0,0,0,NA,0,151T2,WHITTIER BL,ORANGE ST,150,W,N,A,-,N,NA,NA,NA,NA,NA,NA,NA,NA,NA,Y,3,0,2,2,A,-,08,22107,NA,N,B,C,A,A,H,-,C,A,0,NA,NA,NA,NA,Y,NA,A,01,0,1,1,0,0,0,0,0,0,-,-,34.00590133666992,-118.09429931640624,LOS ANGELES,PICO RIVERA,-118.09426879882813,34.00584411621094
9591685,2023,2023-07-14,1900,2023-06-03,1707,509018,1513,6,5,5,1954,0,0,0,NA,0,151T2,WHITTIER BL,PARAMOUNT BL,0,NA,Y,A,-,N,NA,NA,NA,NA,NA,NA,NA,NA,NA,N,3,0,1,2,A,-,05,21650,NA,F,B,G,A,A,H,-,A,A,0,NA,Y,NA,NA,Y,Y,L,04,0,1,0,0,0,0,1,0,0,-,-,NA,NA,LOS ANGELES,PICO RIVERA,-118.08869171142578,34.00336837768555
9591687,2023,2023-07-14,1900,2023-06-05,2112,625330,2116,1,5,5,1943,0,0,0,NA,0,212T2,ALPINE AV,PALM AV,15,N,N,A,-,N,NA,NA,NA,NA,NA,NA,NA,NA,NA,Y,2,0,1,2,A,-,03,22350,NA,N,F,E,A,A,H,-,B,A,0,NA,NA,NA,NA,Y,NA,A,07,1,0,0,0,0,0,0,0,0,-,-,NA,NA,LOS ANGELES,LYNWOOD,-118.21312713623048,33.91463088989258
9591688,2023,2023-07-14,1900,2023-06-07,1700,635395,2114,3,5,5,1943,0,0,0,NA,0,212T2,MARTIN LUTHER KING BL,MURIEL DR,0,NA,Y,A,-,N,NA,NA,NA,NA,NA,NA,NA,NA,NA,Y,4,0,1,3,A,-,09,21801,A,N,D,C,A,A,H,-,A,A,0,NA,NA,NA,NA,Y,NA,A,07,0,0,1,0,0,0,0,0,0,-,-,NA,NA,LOS ANGELES,LYNWOOD,-118.19357299804688,33.92478942871094
9591707,2023,2023-07-17,1942,2023-06-13,1917,40957,0375,2,5,7,1942,0,0,0,C,0,25T35,GRAMERCY PL,38TH ST,66,N,N,A,-,N,NA,NA,NA,NA,NA,NA,NA,NA,NA,Y,3,0,1,2,A,-,01,23152,A,M,C,E,A,A,H,-,A,D,0,NA,NA,NA,NA,Y,Y,A,07,0,1,0,0,0,0,0,0,0,-,-,NA,NA,LOS ANGELES,LOS ANGELES,-118.31327056884766,34.017539978027344
9591761,2023,2023-07-20,1928,2023-06-30,1241,50384,529,5,5,5,1928,0,0,0,NA,0,502,116TH ST,CIMARRON ST,34,W,N,A,-,N,NA,NA,NA,NA,NA,NA,NA,NA,NA,Y,3,0,1,2,A,-,08,22107,NA,N,A,E,A,A,H,-,A,A,0,NA,NA,NA,NA,Y,NA,A,01,0,1,0,0,0,0,0,0,0,-,-,33.9280891418457,-118.31513214111328,LOS ANGELES,HAWTHORNE,-118.31528472900392,33.92803955078125
9591762,2023,2023-07-20,1928,2023-06-30,2005,50425,519,5,5,5,1928,0,0,0,NA,0,503,CRENSHAW BL,139TH ST,422,N,N,A,-,N,NA,NA,NA,NA,NA,NA,NA,NA,NA,Y,4,0,1,3,A,-,01,23152,A,N,C,E,A,A,H,-,-,D,0,NA,NA,NA,NA,Y,Y,A,01,0,0,1,0,0,0,0,0,0,-,-,33.905548095703125,-118.32650756835938,LOS ANGELES,HAWTHORNE,-118.32643127441406,33.90668487548828
9591763,2023,2023-07-20,1928,2023-06-29,1837,50365,532,4,5,5,1928,0,0,0,NA,0,501,121ST ST,BURL AV,165,W,N,A,-,N,NA,NA,NA,NA,NA,NA,NA,NA,NA,NA,3,0,1,2,A,-,00,21954,NA,N,G,B,D,A,H,-,A,D,0,Y,NA,NA,NA,Y,NA,N,60,0,1,0,0,1,0,0,0,0,-,-,33.922821044921875,-118.3622817993164,LOS ANGELES,HAWTHORNE,-118.36276245117188,33.922828674316406
9591764,2023,2023-07-20,1928,2023-06-28,2111,50365,520,3,5,5,1928,0,0,0,NA,0,503,YUKON AV,ROSECRANS AV,380,N,N,A,-,N,NA,NA,NA,NA,NA,NA,NA,NA,NA,Y,2,0,1,3,A,-,08,22107,NA,N,B,E,A,A,H,-,C,D,0,NA,NA,NA,NA,Y,NA,A,01,1,0,0,0,0,0,0,0,0,-,-,33.901878356933594,-118.33519744873048,LOS ANGELES,HAWTHORNE,-118.3352279663086,33.90297317504883
9591765,2023,2023-07-20,1928,2023-06-20,1440,50415,503,2,5,5,1928,0,0,0,NA,0,503,EL SEGUNDO BL,BIRCH AV,0,NA,Y,A,-,N,NA,NA,NA,NA,NA,NA,NA,NA,NA,NA,4,0,1,2,A,-,08,22107,NA,N,D,C,A,A,H,-,A,D,0,NA,NA,NA,NA,Y,NA,A,01,0,0,1,0,0,0,0,0,0,-,-,33.916419982910156,-118.35028839111328,LOS ANGELES,HAWTHORNE,-118.35030364990234,33.916419982910156
9591809,2023,2023-07-19,1928,2023-05-27,800,50431,509,6,5,5,1928,0,0,0,NA,0,502,EL SEGUNDO BL,KORNBLUM AV,0,NA,Y,A,-,N,NA,NA,NA,NA,NA,NA,NA,NA,NA,N,2,0,3,2,A,-,12,21453,A,N,-,C,A,A,H,-,A,A,0,NA,NA,NA,NA,Y,NA,A,01,1,0,2,0,0,0,0,0,0,-,-,33.91643142700195,-118.3373565673828,LOS ANGELES,HAWTHORNE,-118.33740234375,33.916419982910156
9591842,2023,2023-08-04,1942,2023-06-20,2030,38613,1035,2,5,7,1942,0,0,0,J,0,26T55,WHITE OAK AV,VICTORY BL,0,NA,Y,A,-,N,NA,NA,NA,NA,NA,NA,NA,NA,NA,Y,3,0,1,2,A,-,01,23152,A,N,D,C,A,A,H,-,C,A,0,NA,NA,NA,NA,Y,Y,D,22,0,1,0,0,0,0,0,0,0,-,-,NA,NA,LOS ANGELES,LOS ANGELES,-118.51848602294922,34.18661880493164
9591846,2023,2023-08-14,1942,2023-06-25,100,44844,1641,7,5,7,1942,0,0,0,P,0,26T55,TERRA BELLA ST,LAUREL CANYON BL,250,W,N,A,-,N,NA,NA,NA,NA,NA,NA,NA,NA,NA,Y,3,0,5,5,A,-,01,23152,A,N,D,C,A,A,H,-,C,A,0,NA,NA,NA,NA,Y,Y,A,07,0,4,1,0,0,0,0,0,0,-,-,NA,NA,LOS ANGELES,LOS ANGELES,-118.42642211914064,34.252384185791016
9591848,2023,2023-08-07,1973,2023-04-19,1708,568,1973,3,5,1,1973,0,0,0,NA,0,001,S SANTA FE AV,E 28TH ST,168,S,N,A,-,N,NA,NA,NA,NA,NA,NA,NA,NA,NA,Y,4,0,2,3,A,-,09,21804,A,N,A,C,A,A,H,-,A,D,0,NA,NA,NA,NA,Y,NA,A,01,0,0,2,0,0,0,0,0,0,-,-,NA,NA,LOS ANGELES,VERNON,-118.23030853271484,34.011390686035156
9591850,2023,2023-08-01,1942,2023-06-21,2105,33504,1612,3,5,7,1942,0,0,0,P,0,26TL55,BRADLEY AV,PAXTON ST,0,NA,Y,A,-,N,NA,NA,NA,NA,NA,NA,NA,NA,NA,Y,4,0,2,3,A,-,01,23152,A,N,D,C,A,A,H,-,C,A,0,NA,NA,NA,NA,Y,Y,A,01,0,0,2,0,0,0,0,0,0,-,-,NA,NA,LOS ANGELES,LOS ANGELES,-118.42457580566406,34.27486038208008
9591852,2023,2023-08-04,1973,2023-04-16,1421,661,1973,7,5,1,1973,0,0,0,NA,0,001,FRUITLAND AV,S SANTA FE AV,40,E,N,A,-,N,NA,NA,NA,NA,NA,NA,NA,NA,NA,Y,2,0,1,2,A,-,03,22350,NA,N,C,C,A,A,H,-,A,A,0,NA,NA,NA,NA,Y,NA,D,22,1,0,0,0,0,0,0,0,0,-,-,NA,NA,LOS ANGELES,VERNON,-118.23012542724608,33.99625015258789
9591854,2023,2023-08-01,1942,2023-06-30,2105,44844,1699,5,5,7,1942,0,0,0,P,0,26T57,CLAYBECK AV,ARMINTA ST,100,S,N,A,-,N,NA,NA,NA,NA,NA,NA,NA,NA,NA,Y,3,0,2,4,A,-,01,23152,A,N,B,D,A,A,H,-,C,D,0,NA,NA,NA,NA,Y,Y,A,07,0,2,0,0,0,0,0,0,0,-,-,NA,NA,LOS ANGELES,LOS ANGELES,-118.35237121582033,34.214195251464844
9591864,2023,2023-08-07,1973,2023-04-10,1710,639,1973,1,5,1,1973,0,0,0,NA,0,002,S SLAUSON AV,S BOYLE AV,374,E,N,A,-,N,NA,NA,NA,NA,NA,NA,NA,NA,NA,N,4,0,1,2,A,-,04,21703,NA,N,C,C,A,A,H,-,A,A,0,NA,NA,NA,NA,Y,NA,D,22,0,0,1,0,0,0,0,0,0,-,-,NA,NA,LOS ANGELES,VERNON,-118.21157073974608,33.98918914794922
9591870,2023,2023-08-09,1942,2023-07-02,1813,42344,1613,7,5,7,1942,0,0,0,P,0,26TL74,GLENOAKS BL,PIERCE ST,15,N,N,A,-,N,NA,NA,NA,NA,NA,NA,NA,NA,NA,Y,3,0,1,2,A,-,08,22107,NA,F,A,C,A,A,H,-,A,A,0,NA,NA,NA,NA,Y,NA,D,22,0,1,0,0,0,0,0,0,0,-,-,NA,NA,LOS ANGELES,LOS ANGELES,-118.40857696533205,34.27070236206055
9591874,2023,2023-07-26,1916,2023-06-29,802,2999,D27H1,4,5,4,1916,0,0,0,NA,0,WEST,BADILLO ST,HOLLENBECK AV,0,NA,Y,B,-,N,NA,NA,NA,NA,NA,NA,NA,NA,NA,Y,3,0,2,2,A,-,09,21801,A,N,A,C,A,A,H,-,A,A,0,NA,NA,NA,NA,Y,NA,D,22,0,2,0,0,0,0,0,0,0,-,-,NA,NA,LOS ANGELES,COVINA,-117.8989715576172,34.08633041381836
9591884,2023,2023-08-07,1973,2023-04-02,805,619,1973,7,5,1,1973,0,0,0,NA,0,002,S BOYLE AV,LEONIS BL,0,NA,Y,A,-,N,NA,NA,NA,NA,NA,NA,NA,NA,NA,N,4,0,2,2,D,-,00,NA,NA,N,D,C,A,A,H,-,A,A,0,NA,NA,NA,Y,Y,NA,-,-,0,0,2,0,0,0,0,0,0,-,-,NA,NA,LOS ANGELES,VERNON,-118.2130889892578,34.000144958496094
9591885,2023,2023-08-07,1942,2023-05-26,1535,41977,1832,5,5,7,1942,0,0,0,R,0,25MX84,104TH ST,W OLIVE ST,40,W,N,A,-,N,NA,NA,NA,NA,NA,NA,NA,NA,NA,N,3,0,1,2,A,-,03,22350,NA,N,G,B,E,A,H,-,A,A,0,Y,NA,NA,NA,Y,NA,D,22,0,1,0,0,1,0,0,0,0,-,-,NA,NA,LOS ANGELES,LOS ANGELES,-118.27957153320313,33.94192123413086
9591886,2023,2023-08-02,1944,2023-07-12,1358,294,M7,3,5,4,1944,0,0,0,NA,0,0M4,SEPULVEDA BL,30TH ST,23,S,N,A,-,Y,LA,7,1,-,-,23.591,I,5,S,Y,4,0,2,2,A,-,03,22350,NA,N,C,C,A,A,H,-,A,A,0,NA,NA,NA,NA,Y,NA,D,22,0,0,2,0,0,0,0,0,0,-,-,33.897178649902344,-118.39601135253906,LOS ANGELES,MANHATTAN BEACH,-118.3961181640625,33.89725875854492
9591889,2023,2023-08-14,1942,2023-06-03,305,41917,1871,6,5,7,1942,0,0,0,R,0,18A97,ROSECRANS AV,DENVER AV,0,NA,Y,A,-,N,NA,NA,NA,NA,NA,NA,NA,NA,NA,Y,2,0,2,2,A,-,09,21802,A,N,D,C,A,A,H,-,C,D,0,NA,NA,NA,NA,Y,NA,A,07,2,0,0,0,0,0,0,0,0,-,-,NA,NA,LOS ANGELES,LOS ANGELES,-118.28434753417967,33.9017219543457
9591890,2023,2023-08-11,1944,2023-07-01,906,329,SOUTH,6,5,4,1944,0,0,0,NA,0,003,ROSECRANS AV,VISTA DR,1,E,N,A,-,N,NA,NA,NA,NA,NA,NA,NA,NA,NA,N,3,0,1,3,A,-,09,21802,A,N,D,C,A,A,H,-,A,A,0,NA,NA,NA,NA,Y,NA,A,01,0,1,0,0,0,0,0,0,0,-,-,33.90142059326172,-118.4164810180664,LOS ANGELES,MANHATTAN BEACH,-118.41646575927734,33.90138244628906
9591896,2023,2023-08-15,1900,2023-07-07,1839,623660,1625,5,5,5,1977,0,0,0,NA,0,168T,WILMINGTON AV,223RD ST,103,S,N,A,-,N,NA,NA,NA,NA,NA,NA,NA,NA,NA,N,4,0,2,2,A,-,03,22350,NA,N,C,C,A,A,H,-,A,A,0,NA,NA,NA,NA,Y,NA,D,22,0,0,2,0,0,0,0,0,0,-,-,33.82392120361328,-118.2424774169922,LOS ANGELES,CARSON,-118.24266052246094,33.82400131225586
9591897,2023,2023-08-01,1941,2023-02-13,732,11132,SOUTH,1,5,7,1941,0,0,0,NA,0,008,ALAMITOS AV,EAST 4TH ST,0,NA,Y,A,-,N,NA,NA,NA,NA,NA,NA,NA,NA,NA,N,3,0,1,2,A,-,03,22350,NA,N,C,C,A,A,H,-,A,A,0,NA,NA,NA,NA,Y,NA,B,01,0,1,0,0,0,0,0,0,0,-,-,33.77172088623047,-118.18129730224608,LOS ANGELES,LONG BEACH,-118.18128204345705,33.771751403808594
9591901,2023,2023-08-04,1941,2023-06-20,1957,10923,WEST,2,5,7,1941,0,0,0,NA,0,003,2260 EUCALYPTUS AV,WEST HILL ST,250,S,N,A,-,N,NA,NA,NA,NA,NA,NA,NA,NA,NA,N,3,0,1,2,A,-,06,21750,NA,N,B,C,A,A,H,-,C,D,0,NA,NA,NA,NA,Y,NA,D,22,0,1,0,0,0,0,0,0,0,-,-,33.79821014404297,-118.19695281982422,LOS ANGELES,LONG BEACH,-118.19701385498048,33.79643630981445
9591905,2023,2023-08-04,1941,2023-06-26,1828,11543,WEST,1,5,7,1941,0,0,0,NA,0,003,PACIFIC AV,2627,0,NA,N,A,-,N,NA,NA,NA,NA,NA,NA,NA,NA,NA,N,4,0,1,2,D,-,00,NA,NA,N,B,C,A,A,H,-,A,D,0,NA,NA,NA,NA,Y,NA,-,-,0,0,1,0,0,0,0,0,0,-,-,33.804779052734375,-118.19451141357422,LOS ANGELES,LONG BEACH,NA,NA
9591909,2023,2023-08-08,1941,2023-03-11,2340,11416,NORTH,6,5,7,1941,0,0,0,NA,0,020,E WARDLOW RD,E WARDLOW RD 1084,0,NA,N,A,-,N,NA,NA,NA,NA,NA,NA,NA,NA,NA,Y,3,0,1,2,A,-,08,22107,NA,N,A,C,A,A,H,-,C,D,0,NA,NA,Y,NA,Y,NA,C,02,0,1,0,0,0,0,0,0,1,-,-,33.81888961791992,-118.17887115478516,LOS ANGELES,LONG BEACH,-118.21105194091795,33.823699951171875
9591913,2023,2023-08-08,1941,2023-03-10,1833,10140,NORTH,5,5,7,1941,0,0,0,NA,0,023,ARTESIA LN,BUTLER AV,0,NA,Y,C,-,N,NA,NA,NA,NA,NA,NA,NA,NA,NA,N,3,0,1,2,A,-,09,21804,A,N,D,C,A,B,D,-,C,D,0,NA,NA,NA,NA,Y,Y,D,22,0,1,0,0,0,0,0,0,0,-,-,33.87480163574219,-118.19695281982422,LOS ANGELES,LONG BEACH,-118.19695281982422,33.8747673034668
9591917,2023,2023-08-01,1942,2023-06-28,1855,43295,1961,3,5,7,1942,0,0,0,NA,0,26T55,SEPULVEDA BL,NORDHOFF ST,145,N,N,A,-,N,NA,NA,NA,NA,NA,NA,NA,NA,NA,Y,3,0,1,2,A,-,08,22107,NA,F,D,C,A,A,H,-,A,D,0,NA,NA,NA,NA,Y,NA,D,22,0,1,0,0,0,0,0,0,0,-,-,NA,NA,LOS ANGELES,LOS ANGELES,-118.46771240234376,34.23592758178711
9591919,2023,2023-08-07,1973,2023-04-22,2222,669,1973,6,5,1,1973,0,0,0,NA,0,002,S SOTO ST,BANDINI BL,78,S,N,A,-,N,NA,NA,NA,NA,NA,NA,NA,NA,NA,N,4,0,3,3,A,-,03,22350,NA,N,C,-,A,A,H,-,C,A,0,NA,NA,NA,NA,Y,NA,A,08,0,0,3,0,0,0,0,0,0,-,-,NA,NA,LOS ANGELES,VERNON,NA,NA
9591921,2023,2023-07-05,1900,2023-02-07,1952,606099,0987,2,5,4,1979,0,0,0,NA,0,92T1,SUNSET BL,LA CIENEGA BL,0,E,N,A,-,N,NA,NA,NA,NA,NA,NA,NA,NA,NA,N,4,0,1,2,A,-,04,21703,NA,N,C,C,A,A,H,-,C,A,0,NA,NA,NA,NA,Y,NA,A,07,0,0,1,0,0,0,0,0,0,-,-,NA,NA,LOS ANGELES,WEST HOLLYWOOD,-118.37638092041016,34.0943489074707
9591922,2023,2023-07-05,1900,2023-02-19,1300,606099,0977,7,5,4,1979,0,0,0,NA,0,92T1,SAN VICENTE BL,SANTA MONICA BL,0,NA,Y,A,-,N,NA,NA,NA,NA,NA,NA,NA,NA,NA,Y,4,0,1,2,A,-,09,21801,NA,N,A,C,A,A,H,-,A,A,0,NA,NA,NA,NA,Y,NA,A,07,0,0,1,0,0,0,0,0,0,-,-,34.0848503112793,-118.38410186767578,LOS ANGELES,WEST HOLLYWOOD,-118.38410949707033,34.08492660522461
9591923,2023,2023-07-05,1900,2023-02-14,905,622922,0976,2,5,4,1979,0,0,0,NA,0,92T3,SANTA MONICA BL,KINGS RD,83,E,N,A,-,N,NA,NA,NA,NA,NA,NA,NA,NA,NA,N,4,0,2,2,A,-,04,21703,NA,N,C,C,A,A,H,-,A,D,0,NA,NA,NA,NA,Y,NA,A,07,0,0,2,0,0,0,0,0,0,-,-,34.0907096862793,-118.37242126464844,LOS ANGELES,WEST HOLLYWOOD,-118.37247467041016,34.09067916870117