CASE_ID,ACCIDENT_YEAR,PROC_DATE,JURIS,COLLISION_DATE,COLLISION_TIME,OFFICER_ID,REPORTING_DISTRICT,DAY_OF_WEEK,CHP_SHIFT,POPULATION,CNTY_CITY_LOC,SPECIAL_COND,BEAT_TYPE,CHP_BEAT_TYPE,CITY_DIVISION_LAPD,CHP_BEAT_CLASS,BEAT_NUMBER,PRIMARY_RD,SECONDARY_RD,DISTANCE,DIRECTION,INTERSECTION,WEATHER_1,WEATHER_2,STATE_HWY_IND,CALTRANS_COUNTY,CALTRANS_DISTRICT,STATE_ROUTE,ROUTE_SUFFIX,POSTMILE_PREFIX,POSTMILE,LOCATION_TYPE,RAMP_INTERSECTION,SIDE_OF_HWY,TOW_AWAY,COLLISION_SEVERITY,NUMBER_KILLED,NUMBER_INJURED,PARTY_COUNT,PRIMARY_COLL_FACTOR,PCF_CODE_OF_VIOL,PCF_VIOL_CATEGORY,PCF_VIOLATION,PCF_VIOL_SUBSECTION,HIT_AND_RUN,TYPE_OF_COLLISION,MVIW,PED_ACTION,ROAD_SURFACE,ROAD_COND_1,ROAD_COND_2,LIGHTING,CONTROL_DEVICE,CHP_ROAD_TYPE,PEDESTRIAN_ACCIDENT,BICYCLE_ACCIDENT,MOTORCYCLE_ACCIDENT,TRUCK_ACCIDENT,NOT_PRIVATE_PROPERTY,ALCOHOL_INVOLVED,STWD_VEHTYPE_AT_FAULT,CHP_VEHTYPE_AT_FAULT,COUNT_SEVERE_INJ,COUNT_VISIBLE_INJ,COUNT_COMPLAINT_PAIN,COUNT_PED_KILLED,COUNT_PED_INJURED,COUNT_BICYCLIST_KILLED,COUNT_BICYCLIST_INJURED,COUNT_MC_KILLED,COUNT_MC_INJURED,PRIMARY_RAMP,SECONDARY_RAMP,LATITUDE,LONGITUDE,COUNTY,CITY,POINT_X,POINT_Y
9592561,2023,2023-06-28,1942,2023-06-04,2000,194217,1782,7,5,7,1942,0,0,0,Q,0,17X7W3,TAMPA AV,BUSINESS CENTER DR,0,NA,Y,A,-,N,NA,NA,NA,NA,NA,NA,NA,NA,NA,Y,3,0,1,2,A,-,12,21453,A,F,D,C,A,A,H,-,B,A,0,NA,NA,NA,NA,Y,NA,-,99,0,1,0,0,0,0,0,0,0,-,-,NA,NA,LOS ANGELES,LOS ANGELES,-118.55355072021484,34.230960845947266
9592562,2023,2023-06-28,1942,2023-06-06,1935,40876,2156,2,5,7,1942,0,0,0,NA,0,26T57W,CANOGA AV,W TRILLIUM DR,35,NA,N,A,-,N,NA,NA,NA,NA,NA,NA,NA,NA,NA,Y,4,0,1,2,A,-,01,23152,A,N,C,C,A,A,H,-,B,A,0,NA,NA,NA,NA,Y,Y,A,07,0,0,1,0,0,0,0,0,0,-,-,NA,NA,LOS ANGELES,LOS ANGELES,-118.59754943847656,34.184906005859375
9592563,2023,2023-06-28,1942,2023-06-04,0,40131,NA,7,5,7,1942,0,0,0,NA,0,NA,WINNETKA AV,SHERMAN WY,0,NA,Y,A,-,N,NA,NA,NA,NA,NA,NA,NA,NA,NA,Y,4,0,1,2,A,-,10,21950,A,F,G,B,B,A,H,-,C,A,0,Y,NA,NA,NA,Y,NA,-,NA,0,0,1,0,1,0,0,0,0,-,-,NA,NA,LOS ANGELES,LOS ANGELES,-118.57099151611328,34.20101547241211
9592564,2023,2023-07-20,1942,2023-06-03,1420,45219,1907,6,5,7,1942,0,0,0,NA,0,19A7,FOOTHILL BL,SHADY PALMS LN,120,NA,N,A,-,N,NA,NA,NA,NA,NA,NA,NA,NA,NA,Y,3,0,1,2,A,-,08,22107,NA,F,H,A,A,A,H,-,A,D,0,NA,NA,Y,NA,Y,NA,-,99,0,1,0,0,0,0,0,0,1,-,-,NA,NA,LOS ANGELES,LOS ANGELES,-118.42822265625,34.305633544921875
9592575,2023,2023-06-28,1942,2023-06-07,1140,36087,2157,3,5,7,1942,0,0,0,NA,0,26TL44,VANOWEN ST,MASON AV,0,NA,Y,B,-,N,NA,NA,NA,NA,NA,NA,NA,NA,NA,Y,3,0,2,2,A,-,09,21801,NA,N,-,C,A,A,H,-,A,A,0,NA,NA,NA,NA,Y,NA,A,01,0,2,0,0,0,0,0,0,0,-,-,NA,NA,LOS ANGELES,LOS ANGELES,-118.57969665527344,34.193782806396484
9592576,2023,2023-06-28,1942,2023-06-04,1805,40065,1067,7,5,7,1942,0,0,0,J,0,26T54,VENTURA BL,ENCINO AV,262,E,N,A,-,N,NA,NA,NA,NA,NA,NA,NA,NA,NA,Y,2,0,1,2,A,-,09,21801,A,N,D,C,A,A,H,-,A,D,0,NA,NA,Y,NA,Y,NA,A,01,1,0,0,0,0,0,0,0,1,-,-,NA,NA,LOS ANGELES,LOS ANGELES,-118.51334381103516,34.16136169433594
9592577,2023,2023-06-28,1942,2023-06-07,1840,36087,1027,3,5,7,1942,0,0,0,J,0,26TL44,SHERMAN WY,CALDUS AV,0,NA,Y,B,-,N,NA,NA,NA,NA,NA,NA,NA,NA,NA,Y,2,0,1,2,A,-,04,21703,NA,N,B,C,A,A,H,-,A,A,0,NA,NA,NA,NA,Y,NA,A,01,1,0,0,0,0,0,0,0,0,-,-,NA,NA,LOS ANGELES,LOS ANGELES,-118.515869140625,34.201114654541016
9592578,2023,2023-06-28,1942,2023-06-07,235,45285,0935,3,5,7,1942,0,0,0,I,0,9A5,OXNARD ST,TYRONE AV,200,E,N,B,C,N,NA,NA,NA,NA,NA,NA,NA,NA,NA,Y,3,0,1,2,A,-,07,21658,NA,N,B,E,A,B,H,-,C,D,0,NA,NA,NA,NA,Y,NA,A,01,0,1,0,0,0,0,0,0,0,-,-,NA,NA,LOS ANGELES,LOS ANGELES,-118.44368743896484,34.17940139770508
9592579,2023,2023-06-28,1942,2023-06-05,1730,37613,1797,1,5,7,1942,0,0,0,Q,0,26TL43,WOODLEY AV,PARTHENIA ST,530,N,N,A,-,N,NA,NA,NA,NA,NA,NA,NA,NA,NA,Y,2,0,1,2,A,-,08,22107,NA,N,B,C,A,A,H,-,A,A,0,NA,NA,NA,NA,Y,NA,A,01,1,0,0,0,0,0,0,0,0,-,-,NA,NA,LOS ANGELES,LOS ANGELES,-118.48512268066406,34.22983169555664
9592580,2023,2023-06-28,1942,2023-06-05,1010,41158,1701,1,5,7,1942,0,0,0,Q,0,26T25,WILBUR AV,TAMPA AV,300,E,N,B,-,N,NA,NA,NA,NA,NA,NA,NA,NA,NA,Y,4,0,1,1,A,-,08,22107,NA,N,E,I,A,A,H,-,A,D,0,NA,NA,NA,NA,Y,Y,A,01,0,0,1,0,0,0,0,0,0,-,-,NA,NA,LOS ANGELES,LOS ANGELES,-118.55730438232422,34.28841018676758
9592596,2023,2023-08-30,1941,2023-06-07,2047,11819,WEST,3,5,7,1941,0,0,0,NA,0,003,PACIFIC AV,W WILLOW ST,0,NA,Y,A,-,N,NA,NA,NA,NA,NA,NA,NA,NA,NA,Y,2,0,5,2,A,-,12,21453,A,N,D,C,A,A,H,-,C,A,0,NA,NA,NA,NA,Y,NA,A,08,1,0,4,0,0,0,0,0,0,-,-,33.80438995361328,-118.19371795654295,LOS ANGELES,LONG BEACH,-118.19371032714844,33.8043327331543
9592641,2023,2023-06-28,1900,2023-04-07,800,623011,0973,5,5,4,1979,0,0,0,NA,0,92A,SANTA MONICA BL,GARDNER AV,0,NA,Y,A,-,N,NA,NA,NA,NA,NA,NA,NA,NA,NA,N,4,0,1,2,A,-,12,22450,A,N,G,B,B,A,H,-,A,A,0,Y,NA,NA,NA,Y,NA,A,01,0,0,1,0,1,0,0,0,0,-,-,34.09067916870117,-118.3535614013672,LOS ANGELES,WEST HOLLYWOOD,-118.35327911376952,34.09076690673828
9592659,2023,2023-06-28,1900,2023-06-14,1840,652978,0451,3,5,6,1949,0,0,0,NA,0,43T1,FIRESTONE BL,HOXIE AV,279,W,N,A,-,N,NA,NA,NA,NA,NA,NA,NA,NA,NA,Y,4,0,2,2,A,-,03,22350,NA,N,C,C,A,A,H,-,B,D,0,NA,NA,NA,NA,Y,NA,A,07,0,0,2,0,0,0,0,0,0,-,-,NA,NA,LOS ANGELES,NORWALK,-118.1039810180664,33.92457580566406
9592661,2023,2023-06-28,1900,2023-06-01,849,489533,0455,4,5,6,1949,0,0,0,NA,0,43T1,GRAYSTONE AV,HIGHDALE ST,78,N,N,A,-,N,NA,NA,NA,NA,NA,NA,NA,NA,NA,Y,4,0,1,2,A,-,08,22107,NA,M,B,E,A,A,H,-,A,D,0,NA,NA,NA,NA,Y,NA,A,07,0,0,1,0,0,0,0,0,0,-,-,NA,NA,LOS ANGELES,NORWALK,-118.09345245361328,33.89404296875
9592662,2023,2023-07-14,1900,2023-06-10,1630,677322,0466,6,5,4,1936,0,0,0,NA,0,46T1PM,VALLEY VIEW AV,RT 5,0,NA,Y,B,-,Y,LA,7,5,-,-,1.087,R,4,S,Y,3,0,1,2,A,-,12,21453,A,N,D,C,A,A,H,-,A,A,0,NA,NA,NA,NA,Y,NA,-,-,0,1,0,0,0,0,0,0,0,-,EO,NA,NA,LOS ANGELES,LA MIRADA,-118.02715301513672,33.88306427001953
9592663,2023,2023-06-28,1942,2023-06-06,1025,38947,1001,2,5,7,1942,0,0,0,J,0,26TL18,SATICOY ST,CORBIN AV,22,E,N,A,-,N,NA,NA,NA,NA,NA,NA,NA,NA,NA,N,3,0,1,2,A,-,04,21703,NA,F,C,C,A,A,H,-,A,A,0,NA,NA,NA,NA,Y,NA,-,99,0,1,0,0,0,0,0,0,0,-,-,NA,NA,LOS ANGELES,LOS ANGELES,-118.56219482421876,34.20833969116211
9592664,2023,2023-06-28,1900,2023-06-01,920,489533,0453,4,5,6,1949,0,0,0,NA,0,43T1,PIONEER BL,VALENCIA ST,0,NA,Y,A,-,N,NA,NA,NA,NA,NA,NA,NA,NA,NA,Y,4,0,1,2,A,-,09,21801,A,N,D,C,A,A,H,-,A,A,0,NA,NA,NA,NA,Y,NA,A,01,0,0,1,0,0,0,0,0,0,-,-,NA,NA,LOS ANGELES,NORWALK,-118.08257293701172,33.903953552246094
9592666,2023,2023-07-05,1942,2023-06-01,2120,45251,LAPDV,4,5,7,1942,0,0,0,NA,0,0971,N SEPULVEDA BL,CAMARILLO ST,17,S,N,A,-,N,NA,NA,NA,NA,NA,NA,NA,NA,NA,N,3,0,2,2,A,-,03,22350,NA,F,C,C,A,A,H,-,C,-,0,NA,NA,NA,NA,Y,NA,-,99,0,2,0,0,0,0,0,0,0,-,-,NA,NA,LOS ANGELES,LOS ANGELES,-118.46617889404295,34.15753173828125
9592667,2023,2023-06-28,1941,2023-06-08,1700,5825,NA,4,5,7,1941,0,0,0,NA,0,NA,LOS COYOTES DIAGONAL,WARDLOW RD,0,NA,Y,A,-,N,NA,NA,NA,NA,NA,NA,NA,NA,NA,Y,3,0,1,2,A,-,03,22350,NA,M,D,C,A,A,H,-,A,A,0,NA,NA,NA,NA,Y,Y,A,01,0,1,0,0,0,0,0,0,0,-,-,NA,NA,LOS ANGELES,LONG BEACH,-118.10986328125,33.81874084472656
9592669,2023,2023-06-28,1941,2023-06-11,2028,11823,EAST,7,5,7,1941,0,0,0,NA,0,011,RAYMOND AV,BTWN END & E 14TH ST,0,E,N,A,-,N,NA,NA,NA,NA,NA,NA,NA,NA,NA,Y,4,0,3,4,A,-,01,23153,NA,N,D,C,A,A,H,-,C,D,0,NA,NA,NA,NA,Y,Y,A,01,0,0,3,0,0,0,0,0,0,-,-,33.7831916809082,-118.16409301757813,LOS ANGELES,LONG BEACH,-118.16439056396484,33.7844352722168
9592670,2023,2023-07-05,1941,2023-06-11,1534,11416,NORTH,7,5,7,1941,0,0,0,NA,0,024,SOUTH ST,PARAMOUNT BL,0,NA,Y,A,-,N,NA,NA,NA,NA,NA,NA,NA,NA,NA,Y,3,0,4,3,A,-,01,23153,B,N,D,C,A,A,H,-,A,A,0,NA,NA,NA,NA,Y,NA,A,01,0,1,3,0,0,0,0,0,0,-,-,33.86016845703125,-118.15989685058594,LOS ANGELES,LONG BEACH,-118.15990447998048,33.86017990112305
9592671,2023,2023-06-28,1941,2023-06-10,36,11570,SOUTH,6,5,7,1941,0,0,0,NA,0,006,EAST OCEAN BL,ATLANTIC AV,0,NA,Y,A,-,N,NA,NA,NA,NA,NA,NA,NA,NA,NA,NA,2,0,1,2,D,-,00,NA,NA,F,G,B,B,A,H,-,C,A,0,Y,NA,NA,NA,Y,NA,-,-,1,0,0,0,1,0,0,0,0,-,-,33.766380310058594,-118.18502807617188,LOS ANGELES,LONG BEACH,-118.18507385253906,33.766300201416016
9592672,2023,2023-06-28,1941,2023-06-03,951,11417,SOUTH,6,5,7,1941,0,0,0,NA,0,008,E 5TH ST,ATLANTIC AV,106,W,N,A,-,N,NA,NA,NA,NA,NA,NA,NA,NA,NA,N,3,0,1,2,A,-,08,22107,NA,N,D,C,A,A,H,-,A,D,0,NA,NA,Y,NA,Y,NA,A,01,0,1,0,0,0,0,0,0,1,-,-,33.77293014526367,-118.18504333496094,LOS ANGELES,LONG BEACH,-118.18539428710938,33.77294921875
9592673,2023,2023-07-05,1953,2023-05-15,1839,6648,1953,1,5,6,1953,0,0,0,NA,0,004,ORANGE GROVE BL,SUNNYSLOPE AV,0,NA,Y,A,-,N,NA,NA,NA,NA,NA,NA,NA,NA,NA,Y,4,0,2,2,A,-,09,21801,A,N,A,C,A,A,H,-,A,D,0,NA,NA,NA,NA,Y,NA,A,01,0,0,2,0,0,0,0,0,0,-,-,NA,NA,LOS ANGELES,PASADENA,-118.08927154541016,34.15849304199219
9592676,2023,2023-07-05,1953,2023-05-01,711,5678,1953,1,5,6,1953,0,0,0,NA,0,003,MAPLE AV,ALTADENA DR,0,NA,Y,C,-,N,NA,NA,NA,NA,NA,NA,NA,NA,NA,N,4,0,1,2,A,-,12,21457,A,N,B,C,A,B,H,-,A,B,0,NA,NA,NA,NA,Y,NA,-,-,0,0,1,0,0,0,0,0,0,-,-,NA,NA,LOS ANGELES,PASADENA,-118.09864044189452,34.15312957763672
9592679,2023,2023-07-05,1953,2023-05-17,1502,2012,1953,3,5,6,1953,0,0,0,NA,0,002,WASHINGTON BL,SUNSET AV,0,NA,Y,A,-,N,NA,NA,NA,NA,NA,NA,NA,NA,NA,Y,4,0,2,2,A,-,12,22450,A,N,D,C,A,A,H,-,A,A,0,NA,NA,NA,NA,Y,NA,A,01,0,0,2,0,0,0,0,0,0,-,-,NA,NA,LOS ANGELES,PASADENA,-118.15474700927734,34.1688232421875
9592680,2023,2023-07-05,1953,2023-05-09,0,1818,PASAD,2,5,6,1953,0,0,0,NA,0,002,RAYMOND AV,MOUNTAIN ST,15,S,N,A,-,N,NA,NA,NA,NA,NA,NA,NA,NA,NA,N,4,0,1,2,A,-,01,23152,A,N,C,C,A,A,H,-,C,A,0,NA,NA,NA,NA,Y,Y,A,01,0,0,1,0,0,0,0,0,0,-,-,NA,NA,LOS ANGELES,PASADENA,-118.14906311035156,34.16143035888672
9592681,2023,2023-07-13,1953,2023-05-08,1423,8500,1953,1,5,6,1953,0,0,0,NA,0,003,WALNUT AV,ALLEN AV,0,NA,Y,A,-,N,NA,NA,NA,NA,NA,NA,NA,NA,NA,Y,4,0,2,2,A,-,03,22350,NA,N,C,C,A,A,H,-,A,-,0,NA,NA,NA,NA,Y,Y,A,01,0,0,2,0,0,0,0,0,0,-,-,NA,NA,LOS ANGELES,PASADENA,-118.11318206787108,34.14956283569336
9592682,2023,2023-07-06,1953,2023-05-09,1727,3033,1953,2,5,6,1953,0,0,0,NA,0,002,N MARENGO AV,N MARENGO AV 576,0,NA,Y,A,-,N,NA,NA,NA,NA,NA,NA,NA,NA,NA,Y,4,0,2,2,A,-,09,21801,NA,F,E,A,A,A,H,-,A,D,0,NA,NA,NA,NA,Y,NA,A,08,0,0,2,0,0,0,0,0,0,-,-,NA,NA,LOS ANGELES,PASADENA,-118.14598083496094,34.14582061767578
9592683,2023,2023-07-13,1953,2023-05-10,1736,2377,1953,3,5,6,1953,0,0,0,NA,0,001,PASADENA AV,STATE ST,0,NA,Y,A,-,N,NA,NA,NA,NA,NA,NA,NA,NA,NA,Y,3,0,1,2,A,-,09,21801,NA,N,D,C,A,A,H,-,A,A,0,NA,NA,NA,NA,Y,NA,A,01,0,1,0,0,0,0,0,0,0,-,-,NA,NA,LOS ANGELES,PASADENA,-118.15447235107422,34.12575149536133
9592684,2023,2023-07-05,1953,2023-05-08,828,5268,1953,1,5,6,1953,0,0,0,NA,0,002,RAYMOND AV,CLAREMONT BL,255,N,N,A,-,N,NA,NA,NA,NA,NA,NA,NA,NA,NA,N,4,0,2,2,A,-,09,21801,A,N,D,C,A,A,H,-,A,-,0,NA,NA,NA,NA,Y,NA,A,07,0,0,2,0,0,0,0,0,0,-,-,NA,NA,LOS ANGELES,PASADENA,-118.14907073974608,34.16767883300781
9592686,2023,2023-07-05,1953,2023-05-14,2118,3553,1953,7,5,6,1953,0,0,0,NA,0,003,HILL AV,MAPLE ST,0,NA,Y,A,-,N,NA,NA,NA,NA,NA,NA,NA,NA,NA,N,3,0,4,3,A,-,12,21453,NA,N,D,C,A,A,H,-,C,A,0,NA,NA,NA,NA,Y,NA,A,01,0,4,0,0,0,0,0,0,0,-,-,NA,NA,LOS ANGELES,PASADENA,-118.12139892578124,34.15285873413086
9592703,2023,2023-08-03,1953,2023-06-08,1008,1818,1953,4,5,6,1953,0,0,0,NA,0,001,FAIR OAKS AV,STATE ST,150,S,N,A,-,N,NA,NA,NA,NA,NA,NA,NA,NA,NA,N,4,0,3,2,A,-,03,22350,A,F,C,C,A,A,H,-,A,D,0,NA,NA,NA,NA,Y,NA,A,01,0,0,3,0,0,0,0,0,0,-,-,NA,NA,LOS ANGELES,PASADENA,-118.15029907226564,34.12546920776367
9592704,2023,2023-08-03,1953,2023-06-16,1729,2377,1953,5,5,6,1953,0,0,0,NA,0,001,CALIFORNIA BL,OAKLAND AV,0,NA,Y,A,-,N,NA,NA,NA,NA,NA,NA,NA,NA,NA,N,3,0,2,2,A,-,09,21801,A,N,D,C,A,A,H,-,A,A,0,NA,NA,NA,NA,Y,NA,A,01,0,1,1,0,0,0,0,0,0,-,-,NA,NA,LOS ANGELES,PASADENA,-118.13970184326172,34.13583755493164
9592706,2023,2023-08-03,1953,2023-06-11,2000,5478,1953,7,5,6,1953,0,0,0,NA,0,004,ALTADENA DR,FOOTHILL BL,0,NA,Y,C,-,N,NA,NA,NA,NA,NA,NA,NA,NA,NA,Y,3,0,3,2,A,-,12,21453,A,N,D,C,A,B,H,-,C,A,0,NA,NA,NA,NA,Y,NA,A,07,0,2,1,0,0,0,0,0,0,-,-,NA,NA,LOS ANGELES,PASADENA,-118.09860229492188,34.14981460571289
9592712,2023,2023-08-03,1900,2023-06-04,1611,627714,2928,7,5,5,1990,0,0,0,NA,0,292K2,LYCOMING ST,BREA CANYON RD,100,E,N,A,-,N,NA,NA,NA,NA,NA,NA,NA,NA,NA,N,4,0,1,2,A,-,05,21650,NA,N,D,C,A,A,H,-,A,D,0,NA,NA,NA,NA,Y,NA,-,99,0,0,1,0,0,0,0,0,0,-,-,34.00294876098633,-117.8457489013672,LOS ANGELES,DIAMOND BAR,-117.84604644775392,34.00286865234375
9592715,2023,2023-08-03,1953,2023-06-06,747,7231,1953,2,5,6,1953,0,0,0,NA,0,003,WASHINGTON BL,CATALINA AV,0,NA,Y,B,-,N,NA,NA,NA,NA,NA,NA,NA,NA,NA,Y,4,0,2,2,A,-,12,21453,A,N,D,C,A,A,H,-,A,A,0,NA,NA,NA,NA,Y,NA,A,01,0,0,2,0,0,0,0,0,0,-,-,NA,NA,LOS ANGELES,PASADENA,-118.12960052490234,34.169002532958984
9592736,2023,2023-07-05,1953,2023-06-06,1416,7176,PASAD,2,5,6,1953,0,0,0,NA,0,004,EAST FOOTHILL BL,SANTA PAULA AV,75,E,N,B,-,N,NA,NA,NA,NA,NA,NA,NA,NA,NA,N,4,0,1,2,A,-,07,21658,A,N,B,C,A,A,H,-,A,D,0,NA,NA,NA,NA,Y,NA,I,19,0,0,1,0,0,0,0,0,0,-,-,NA,NA,LOS ANGELES,PASADENA,-118.0849838256836,34.15004348754883
9592786,2023,2023-07-05,1900,2023-06-03,1517,640994,2910,6,5,4,1974,0,0,0,NA,0,291K1,LEMON AV,AMAR RD,10,N,N,A,-,N,NA,NA,NA,NA,NA,NA,NA,NA,NA,N,4,0,1,2,A,-,12,21453,A,F,G,B,A,A,H,-,A,A,0,NA,NA,NA,NA,Y,NA,D,22,0,0,1,0,0,0,0,0,0,-,-,34.0355110168457,-117.87503814697266,LOS ANGELES,WALNUT,-117.8749542236328,34.035465240478516
9592790,2023,2023-07-12,1900,2023-06-02,2120,671045,2922,5,5,5,1990,0,0,0,NA,0,293D,RIO LOBOS RD,CHISHOLM TRAIL DR,238,E,N,A,-,N,NA,NA,NA,NA,NA,NA,NA,NA,NA,N,2,0,1,2,A,-,11,21954,A,N,G,B,E,A,H,-,C,D,0,Y,NA,NA,NA,Y,NA,N,60,1,0,0,0,1,0,0,0,0,-,-,34.005191802978516,-117.81741333007813,LOS ANGELES,DIAMOND BAR,-117.81730651855467,34.005245208740234
9592793,2023,2023-07-07,1953,2023-06-08,1611,4815,1953,4,5,6,1953,0,0,0,NA,0,002,WOODBURY RD,LOS ROBLES AV,0,NA,Y,A,-,N,NA,NA,NA,NA,NA,NA,NA,NA,NA,Y,3,0,1,2,A,-,12,21453,A,N,D,C,A,A,H,-,A,A,0,NA,NA,NA,NA,Y,NA,A,01,0,1,0,0,0,0,0,0,0,-,-,NA,NA,LOS ANGELES,PASADENA,-118.14170074462892,34.181270599365234
9592797,2023,2023-07-11,1953,2023-06-13,2143,8540,1953,2,5,6,1953,0,0,0,NA,0,002,FAIR OAKS AV,TREMONT ST,0,NA,Y,B,-,N,NA,NA,NA,NA,NA,NA,NA,NA,NA,Y,2,0,1,2,A,-,01,23153,NA,N,A,B,B,A,H,-,C,A,0,Y,NA,NA,NA,Y,Y,D,22,1,0,0,0,1,0,0,0,0,-,-,NA,NA,LOS ANGELES,PASADENA,-118.1507568359375,34.17825698852539
9592888,2023,2023-07-19,1900,2023-06-01,205,647444,0560,4,5,3,1968,0,0,0,NA,0,55T1EM,ROSEMEAD BL,GARVEY AV,0,NA,Y,A,-,Y,LA,7,164,-,-,4.81,I,5,N,Y,3,0,1,2,D,-,00,NA,NA,N,D,C,A,A,H,-,C,A,0,NA,NA,NA,NA,Y,NA,-,-,0,1,0,0,0,0,0,0,0,-,-,34.062660217285156,-118.0653076171875,LOS ANGELES,SOUTH EL MONTE,-118.06531524658205,34.062721252441406
9592892,2023,2023-07-19,1900,2023-06-03,2330,636465,0521,6,5,3,1968,0,0,0,NA,0,52T1PM,ROSEMEAD BL,KLINGERMAN ST,35,E,N,A,-,Y,LA,7,164,-,-,4.307,I,5,S,Y,3,0,2,2,A,-,09,21804,A,N,D,C,A,A,H,-,C,A,0,NA,NA,NA,NA,Y,NA,D,22,0,2,0,0,0,0,0,0,0,-,-,34.0554313659668,-118.06439208984376,LOS ANGELES,SOUTH EL MONTE,-118.06442260742188,34.05543899536133
9592893,2023,2023-07-03,1953,2023-05-15,1140,7601,5,1,5,6,1953,0,0,0,NA,0,002,EL MOLINO AV,MAPLE ST,0,NA,Y,A,-,N,NA,NA,NA,NA,NA,NA,NA,NA,NA,Y,4,0,1,2,A,-,12,21453,A,N,D,C,A,A,H,-,A,A,0,NA,NA,NA,NA,Y,NA,A,07,0,0,1,0,0,0,0,0,0,-,-,NA,NA,LOS ANGELES,PASADENA,-118.13693237304688,34.15233612060547
9592897,2023,2023-07-03,1953,2023-05-14,1035,7601,6,7,5,6,1953,0,0,0,NA,0,005,DEL MAR AV,ST JOHN ST,0,NA,Y,A,-,N,NA,NA,NA,NA,NA,NA,NA,NA,NA,Y,3,0,4,3,A,-,12,21453,A,N,D,C,A,A,H,-,A,A,0,NA,NA,NA,NA,Y,NA,A,08,0,1,3,0,0,0,0,0,0,-,-,NA,NA,LOS ANGELES,PASADENA,-118.15592956542967,34.140743255615234
9592916,2023,2023-07-10,1962,2023-05-10,1459,110,1962,3,5,4,1962,0,0,0,NA,0,003,RAMONA ST,MAIN ST,69,S,N,A,-,N,NA,NA,NA,NA,NA,NA,NA,NA,NA,N,4,0,1,2,A,-,03,22350,NA,N,C,C,A,A,H,-,A,A,0,NA,NA,NA,Y,Y,NA,F,26,0,0,1,0,0,0,0,0,0,-,-,NA,NA,LOS ANGELES,SAN GABRIEL,-118.10784149169922,34.095359802246094
9592925,2023,2023-07-05,1910,2023-06-15,1457,03438,NA,4,5,4,1910,0,0,0,NA,0,009,N LA PEER DR,WILSHIRE BL,200,N,N,A,-,N,NA,NA,NA,NA,NA,NA,NA,NA,NA,NA,4,0,1,3,A,-,01,23152,F,N,B,E,A,A,H,-,A,D,0,NA,NA,NA,NA,Y,NA,A,01,0,0,1,0,0,0,0,0,0,-,-,NA,NA,LOS ANGELES,BEVERLY HILLS,-118.38668060302734,34.06760787963867
9592943,2023,2023-07-10,1900,2023-05-15,1556,630203,0532,1,5,5,1959,0,0,0,NA,0,53T1PM,DEL MAR AV,HERSHEY ST,144,S,N,A,-,N,NA,NA,NA,NA,NA,NA,NA,NA,NA,N,2,0,2,2,A,-,08,22105,NA,N,B,C,A,A,H,-,A,D,0,NA,NA,NA,NA,Y,NA,D,22,1,1,0,0,0,0,0,0,0,-,-,34.06853103637695,-118.09953308105467,LOS ANGELES,ROSEMEAD,-118.09954071044922,34.068546295166016
9592959,2023,2023-07-19,1900,2023-06-17,1334,519502,0560,6,5,3,1968,0,0,0,NA,0,551T1A,RT 164,FERN ST,0,NA,Y,A,-,Y,LA,7,164,-,-,4.557,I,5,S,Y,3,0,5,3,A,-,09,21801,A,N,D,C,A,A,H,-,A,D,0,NA,NA,NA,NA,Y,NA,A,08,0,1,4,0,0,0,0,0,0,-,-,34.059051513671875,-118.06439971923828,LOS ANGELES,SOUTH EL MONTE,-118.06444549560548,34.05906677246094
9592971,2023,2023-07-06,1910,2023-06-15,1007,03494,NA,4,5,4,1910,0,0,0,NA,0,NA,OAKHURST DR,ELEVADO AV,208,N,N,A,-,N,NA,NA,NA,NA,NA,NA,NA,NA,NA,Y,3,0,3,3,A,-,08,22107,NA,N,C,C,A,A,H,-,A,D,0,NA,NA,NA,NA,Y,NA,A,01,0,2,1,0,0,0,0,0,0,-,-,34.0859489440918,-118.39111328125,LOS ANGELES,BEVERLY HILLS,-118.39114379882813,34.08565902709961
9592972,2023,2023-07-06,1910,2023-06-14,1243,04616,NA,3,5,4,1910,0,0,0,NA,0,004,NORTH SANTA MONICA BL,BEVERLY DR,0,NA,Y,A,-,N,NA,NA,NA,NA,NA,NA,NA,NA,NA,Y,3,0,1,2,A,-,08,22100,A,N,D,C,A,A,H,-,A,A,0,NA,NA,Y,NA,Y,NA,A,01,0,1,0,0,0,0,0,0,1,-,-,NA,NA,LOS ANGELES,BEVERLY HILLS,-118.40367126464844,34.07167053222656
9592973,2023,2023-07-06,1910,2023-06-15,1114,03494,NA,4,5,4,1910,0,0,0,NA,0,006,SANTA MONICA BL,ROXBURY DR,184,W,N,A,-,N,NA,NA,NA,NA,NA,NA,NA,NA,NA,N,4,0,1,2,A,-,03,22350,NA,F,C,C,A,A,H,-,A,D,0,NA,NA,NA,NA,Y,NA,A,01,0,0,1,0,0,0,0,0,0,-,-,34.06861114501953,-118.40830230712892,LOS ANGELES,BEVERLY HILLS,-118.40818786621094,34.06856918334961
9592974,2023,2023-07-06,1910,2023-06-15,1057,03209,NA,4,5,4,1910,0,0,0,NA,0,005,N RODEO DR,BRIGHTON WY,0,NA,Y,B,-,N,NA,NA,NA,NA,NA,NA,NA,NA,NA,N,3,0,1,2,A,-,12,21453,A,N,D,C,A,A,H,-,A,A,0,NA,NA,Y,NA,Y,NA,A,01,0,1,0,0,0,0,0,0,1,-,-,NA,NA,LOS ANGELES,BEVERLY HILLS,-118.40299224853516,34.06922912597656
9592976,2023,2023-07-06,1910,2023-06-16,708,03494,NA,5,5,4,1910,0,0,0,NA,0,004,WILSHIRE BL,WHITTIER DR,0,NA,Y,A,-,N,NA,NA,NA,NA,NA,NA,NA,NA,NA,Y,3,0,1,2,A,-,08,22100,A,N,B,C,A,A,H,-,A,A,0,NA,NA,NA,NA,Y,NA,A,01,0,1,0,0,0,0,0,0,0,-,-,34.06700134277344,-118.4145736694336,LOS ANGELES,BEVERLY HILLS,-118.41465759277344,34.06707763671875