CASE_ID,ACCIDENT_YEAR,PROC_DATE,JURIS,COLLISION_DATE,COLLISION_TIME,OFFICER_ID,REPORTING_DISTRICT,DAY_OF_WEEK,CHP_SHIFT,POPULATION,CNTY_CITY_LOC,SPECIAL_COND,BEAT_TYPE,CHP_BEAT_TYPE,CITY_DIVISION_LAPD,CHP_BEAT_CLASS,BEAT_NUMBER,PRIMARY_RD,SECONDARY_RD,DISTANCE,DIRECTION,INTERSECTION,WEATHER_1,WEATHER_2,STATE_HWY_IND,CALTRANS_COUNTY,CALTRANS_DISTRICT,STATE_ROUTE,ROUTE_SUFFIX,POSTMILE_PREFIX,POSTMILE,LOCATION_TYPE,RAMP_INTERSECTION,SIDE_OF_HWY,TOW_AWAY,COLLISION_SEVERITY,NUMBER_KILLED,NUMBER_INJURED,PARTY_COUNT,PRIMARY_COLL_FACTOR,PCF_CODE_OF_VIOL,PCF_VIOL_CATEGORY,PCF_VIOLATION,PCF_VIOL_SUBSECTION,HIT_AND_RUN,TYPE_OF_COLLISION,MVIW,PED_ACTION,ROAD_SURFACE,ROAD_COND_1,ROAD_COND_2,LIGHTING,CONTROL_DEVICE,CHP_ROAD_TYPE,PEDESTRIAN_ACCIDENT,BICYCLE_ACCIDENT,MOTORCYCLE_ACCIDENT,TRUCK_ACCIDENT,NOT_PRIVATE_PROPERTY,ALCOHOL_INVOLVED,STWD_VEHTYPE_AT_FAULT,CHP_VEHTYPE_AT_FAULT,COUNT_SEVERE_INJ,COUNT_VISIBLE_INJ,COUNT_COMPLAINT_PAIN,COUNT_PED_KILLED,COUNT_PED_INJURED,COUNT_BICYCLIST_KILLED,COUNT_BICYCLIST_INJURED,COUNT_MC_KILLED,COUNT_MC_INJURED,PRIMARY_RAMP,SECONDARY_RAMP,LATITUDE,LONGITUDE,COUNTY,CITY,POINT_X,POINT_Y
9595747,2022,2023-07-25,1942,2022-11-04,0130,426665,1428,5,5,7,1942,0,0,0,N,0,27T33,PALMS BL,GREENFIELD AV,94,W,N,A,-,N,NA,NA,NA,NA,NA,NA,NA,NA,NA,N,3,0,1,3,A,-,01,23152,A,N,C,C,A,A,H,-,C,D,0,NA,NA,NA,NA,Y,Y,A,01,0,1,0,0,0,0,0,0,0,-,-,NA,NA,LOS ANGELES,LOS ANGELES,-118.41858673095705,34.02103805541992
9595748,2023,2023-07-25,1942,2023-04-28,2012,42286,0881,5,5,7,1942,0,0,0,H,0,27TL33,OLYMPIC BL,STONER AV,80,W,N,A,-,N,NA,NA,NA,NA,NA,NA,NA,NA,NA,N,4,0,1,3,A,-,21,22106,NA,F,C,C,A,A,H,-,C,D,0,NA,NA,NA,NA,Y,NA,-,99,0,0,1,0,0,0,0,0,0,-,-,NA,NA,LOS ANGELES,LOS ANGELES,-118.4489974975586,34.03355026245117
9595752,2023,2023-07-25,1942,2023-02-15,1536,42397,0819,3,5,7,1942,0,0,0,H,0,27TL42,SUNSET BL,LADERA DR,176,W,N,A,-,N,NA,NA,NA,NA,NA,NA,NA,NA,NA,Y,2,0,1,1,A,-,03,22350,NA,F,E,I,A,A,H,-,A,D,0,NA,NA,NA,NA,Y,NA,A,07,1,0,0,0,0,0,0,0,0,-,-,NA,NA,LOS ANGELES,LOS ANGELES,-118.42298889160156,34.07987976074219
9595756,2023,2023-07-25,1900,2023-05-10,1830,658622,2825,3,5,5,1915,0,0,0,NA,0,283T1,LONG BEACH BL,ARLINGTON ST,18,S,N,A,-,N,NA,NA,NA,NA,NA,NA,NA,NA,NA,Y,4,0,1,1,A,-,03,22350,NA,N,E,I,A,A,H,-,A,D,0,NA,NA,NA,NA,Y,NA,A,07,0,0,1,0,0,0,0,0,0,-,-,33.909271240234375,-118.2087631225586,LOS ANGELES,COMPTON,-118.20884704589844,33.90932083129883
9595771,2023,2023-07-18,1920,2023-06-08,1757,14072,1920,4,5,6,1920,0,0,0,NA,0,006,IMPERIAL HWY,BARLIN AV,0,NA,Y,A,-,N,NA,NA,NA,NA,NA,NA,NA,NA,NA,N,3,0,2,2,A,-,09,21801,A,N,D,C,A,A,H,-,A,A,0,NA,NA,NA,NA,Y,NA,A,01,0,1,1,0,0,0,0,0,0,-,-,NA,NA,LOS ANGELES,DOWNEY,-118.14097595214844,33.91819381713867
9595803,2023,2023-07-19,1931,2023-06-11,1626,5352,1931,7,5,5,1931,0,0,0,NA,0,003,GAGE AV,SANTA FE AV,44,E,N,A,-,N,NA,NA,NA,NA,NA,NA,NA,NA,NA,Y,4,0,1,2,A,-,09,21806,NA,N,A,C,A,A,H,-,A,A,0,NA,NA,NA,NA,Y,NA,A,01,0,0,1,0,0,0,0,0,0,-,-,NA,NA,LOS ANGELES,HUNTINGTON PARK,-118.23015594482422,33.98163986206055
9595817,2023,2023-07-19,1942,2023-06-10,214,38090,666,6,5,7,1942,0,0,0,NA,0,27T31,LA MIRADA AV,WILCOX AV,0,NA,Y,A,-,N,NA,NA,NA,NA,NA,NA,NA,NA,NA,Y,4,0,2,2,A,-,01,23152,A,F,D,C,A,A,H,-,C,A,0,NA,NA,NA,NA,Y,Y,A,07,0,0,2,0,0,0,0,0,0,-,-,NA,NA,LOS ANGELES,LOS ANGELES,-118.33101654052734,34.093448638916016
9595846,2023,2023-07-21,1941,2023-05-12,709,10913,SOUTH,5,5,7,1941,0,0,0,NA,0,006,W 10TH ST,PACIFIC AV,0,NA,Y,B,-,N,NA,NA,NA,NA,NA,NA,NA,NA,NA,Y,4,0,1,2,D,-,00,NA,NA,N,A,C,A,A,H,-,A,A,0,NA,NA,NA,NA,Y,NA,-,-,0,0,1,0,0,0,0,0,0,-,-,33.778968811035156,-118.19373321533205,LOS ANGELES,LONG BEACH,-118.1937255859375,33.77898025512695
9595853,2023,2023-07-21,1942,2023-05-17,600,35393,0523,3,5,7,1942,0,0,0,E,0,25TL21,JOHN S GIBSON BL,CHANNEL ST,700,N,N,A,-,N,NA,NA,NA,NA,NA,NA,NA,NA,NA,N,3,0,1,2,A,-,05,21650,NA,N,D,G,A,A,H,-,A,D,0,NA,Y,NA,NA,Y,NA,L,04,0,1,0,0,0,0,1,0,0,-,-,NA,NA,LOS ANGELES,LOS ANGELES,-118.290283203125,33.75569534301758
9595864,2022,2023-07-18,1901,2022-09-10,1800,217,2,6,5,5,1901,0,0,0,NA,0,001,MAIN ST,3RD ST,45,W,N,A,-,N,NA,NA,NA,NA,NA,NA,NA,NA,NA,NA,4,0,3,3,A,-,03,22350,NA,N,C,C,A,A,H,-,A,A,0,NA,NA,NA,NA,Y,NA,A,01,0,0,3,0,0,0,0,0,0,-,-,34.09368133544922,-118.13008880615234,LOS ANGELES,ALHAMBRA,-118.1302490234375,34.093570709228516
9595869,2022,2023-07-18,1901,2022-09-07,0916,194,8,3,5,5,1901,0,0,0,NA,0,001,MAIN ST,ALMANSOR ST,12,E,N,B,-,N,NA,NA,NA,NA,NA,NA,NA,NA,NA,NA,4,0,1,2,A,-,10,21950,A,N,G,B,B,A,H,-,A,A,0,Y,NA,NA,NA,Y,NA,A,01,0,0,1,0,1,0,0,0,0,-,-,34.0978889465332,-118.12100982666016,LOS ANGELES,ALHAMBRA,-118.12098693847656,34.09793472290039
9595872,2022,2023-07-18,1901,2022-09-11,2058,221,26,7,5,5,1901,0,0,0,NA,0,003,MAIN ST,PALM AV,15,E,N,C,-,N,NA,NA,NA,NA,NA,NA,NA,NA,NA,NA,4,0,1,2,A,-,12,21453,A,F,D,C,A,B,H,-,C,A,0,NA,NA,NA,NA,Y,NA,-,NA,0,0,1,0,0,0,0,0,0,-,-,34.09223175048828,-118.14688110351564,LOS ANGELES,ALHAMBRA,-118.14674377441406,34.092201232910156
9595873,2022,2023-07-18,1901,2022-07-08,1048,194,10,5,5,5,1901,0,0,0,NA,0,002,ATLANTIC BL,SAN MARINO AV,12,N,N,B,-,N,NA,NA,NA,NA,NA,NA,NA,NA,NA,NA,4,0,1,3,A,-,03,22350,NA,N,C,C,A,A,H,-,A,D,0,NA,NA,NA,NA,Y,NA,A,07,0,0,1,0,0,0,0,0,0,-,-,34.082698822021484,-118.1345672607422,LOS ANGELES,ALHAMBRA,-118.13455200195313,34.0827522277832
9595876,2022,2023-07-18,1901,2022-09-10,1032,291,11,6,5,5,1901,0,0,0,NA,0,002,CHAPEL AV,PARK ST,200,S,N,B,-,N,NA,NA,NA,NA,NA,NA,NA,NA,NA,NA,4,0,2,2,A,-,09,21804,A,N,D,C,A,A,H,-,A,D,0,NA,NA,NA,NA,Y,NA,A,01,0,0,2,0,0,0,0,0,0,-,-,34.089168548583984,-118.11979675292967,LOS ANGELES,ALHAMBRA,-118.11976623535156,34.08858108520508
9595877,2022,2023-07-18,1901,2022-09-22,1317,194,14,4,5,5,1901,0,0,0,NA,0,002,CHAPEL AV,NORWOOD PL,256,S,N,A,-,N,NA,NA,NA,NA,NA,NA,NA,NA,NA,NA,4,0,1,3,A,-,08,22107,NA,N,C,E,A,A,H,-,A,D,0,NA,NA,NA,NA,Y,NA,A,01,0,0,1,0,0,0,0,0,0,-,-,NA,NA,LOS ANGELES,ALHAMBRA,-118.11968994140624,34.07537841796875
9595878,2022,2023-07-17,1901,2022-09-07,0750,180,4,3,5,5,1901,0,0,0,NA,0,001,ALHAMBRA AV,CHAPEL AV,7,W,N,A,-,N,NA,NA,NA,NA,NA,NA,NA,NA,NA,NA,4,0,1,2,A,-,05,21650,NA,N,D,-,A,A,H,-,A,A,0,NA,Y,NA,NA,Y,NA,L,04,0,0,1,0,0,0,1,0,0,-,-,NA,NA,LOS ANGELES,ALHAMBRA,-118.12757110595705,34.1021614074707
9595881,2022,2023-07-14,1901,2022-08-27,2029,295,29,6,5,5,1901,0,0,0,NA,0,003,FREMONT AV,MISSION RD,0,NA,Y,A,-,N,NA,NA,NA,NA,NA,NA,NA,NA,NA,N,4,0,1,2,A,-,09,21801,A,N,A,C,A,A,H,-,C,A,0,NA,NA,NA,NA,Y,NA,A,01,0,0,1,0,0,0,0,0,0,-,-,34.07931900024414,-118.15191650390624,LOS ANGELES,ALHAMBRA,-118.15198516845705,34.07931137084961
9595886,2022,2023-07-14,1901,2022-09-02,1246,119,10,5,5,5,1901,0,0,0,NA,0,002,ATLANTIC BL,FRONT ST,78,S,N,A,-,N,NA,NA,NA,NA,NA,NA,NA,NA,NA,Y,3,0,1,3,A,-,03,22350,NA,N,C,C,A,A,H,-,A,A,0,NA,NA,NA,NA,Y,NA,A,01,0,1,0,0,0,0,0,0,0,-,-,34.08427810668945,-118.13458251953124,LOS ANGELES,ALHAMBRA,-118.13455963134766,34.08406448364258
9595887,2022,2023-07-24,1901,2022-09-01,1711,194,28,4,5,5,1901,0,0,0,NA,0,003,MAIN ST,MARGUERITA AV,0,NA,Y,A,-,N,NA,NA,NA,NA,NA,NA,NA,NA,NA,Y,4,0,1,2,A,-,12,22450,A,N,D,D,A,A,H,-,A,A,0,NA,NA,NA,NA,Y,NA,A,07,0,0,1,0,0,0,0,0,0,-,-,34.09157180786133,-118.13834381103516,LOS ANGELES,ALHAMBRA,-118.13835144042967,34.0915412902832
9595891,2022,2023-07-14,1901,2022-08-31,1509,180,18,3,5,5,1901,0,0,0,NA,0,003,VALLEY BL,BENITO AV,0,NA,Y,A,-,N,NA,NA,NA,NA,NA,NA,NA,NA,NA,Y,4,0,1,2,A,-,12,21453,A,N,D,C,A,A,H,-,A,A,0,NA,NA,NA,NA,Y,NA,A,01,0,0,1,0,0,0,0,0,0,-,-,34.07759094238281,-118.14006042480467,LOS ANGELES,ALHAMBRA,-118.1400909423828,34.07752990722656
9595892,2023,2023-07-14,1942,2023-06-22,2045,04824,NA,4,5,7,1942,0,0,0,NA,0,NA,SUNSET BL,HILGARD AV,340,E,N,A,-,N,NA,NA,NA,NA,NA,NA,NA,NA,NA,Y,2,0,1,2,A,-,11,21954,A,F,G,B,E,A,H,-,C,D,0,Y,NA,NA,NA,Y,NA,N,60,1,0,0,0,1,0,0,0,0,-,-,34.078861236572266,-118.43840026855467,LOS ANGELES,LOS ANGELES,-118.43856811523438,34.078826904296875
9595893,2022,2023-07-18,1901,2022-09-04,1538,631,1,7,5,5,1901,0,0,0,NA,0,001,GARFIELD AV,HUNTINGTON DR,0,NA,Y,A,-,N,NA,NA,NA,NA,NA,NA,NA,NA,NA,Y,3,0,4,2,A,-,07,21658,A,N,B,C,A,A,H,-,A,A,0,NA,NA,NA,NA,Y,NA,A,01,0,1,3,0,0,0,0,0,0,-,-,34.10641860961914,-118.13529205322266,LOS ANGELES,ALHAMBRA,-118.13535308837892,34.10650634765625
9595894,2022,2023-07-14,1901,2022-08-25,1702,631,1,4,5,5,1901,0,0,0,NA,0,001,GARFIELD AV,MCLEAN ST,0,NA,Y,A,-,N,NA,NA,NA,NA,NA,NA,NA,NA,NA,Y,4,0,1,2,A,-,12,21453,A,N,D,C,A,A,H,-,A,A,0,NA,NA,NA,NA,Y,NA,-,-,0,0,1,0,0,0,0,0,0,-,-,NA,NA,LOS ANGELES,ALHAMBRA,-118.13176727294922,34.10215377807617
9595895,2022,2023-07-14,1901,2022-08-30,1232,288,19,2,5,5,1901,0,0,0,NA,0,004,VALLEY BL,GRAND VIEW DR,224,W,N,A,-,N,NA,NA,NA,NA,NA,NA,NA,NA,NA,N,4,0,1,2,A,-,03,22350,NA,N,C,C,A,A,H,-,A,A,0,NA,NA,NA,NA,Y,NA,A,01,0,0,1,0,0,0,0,0,0,-,-,34.07667922973633,-118.15493774414064,LOS ANGELES,ALHAMBRA,-118.15567016601564,34.076576232910156
9595899,2022,2023-07-14,1901,2022-08-29,1154,287,30,1,5,5,1901,0,0,0,NA,0,003,MISSION RD,DATE AV,0,NA,Y,A,-,N,NA,NA,NA,NA,NA,NA,NA,NA,NA,Y,4,0,2,2,A,-,09,21802,A,N,A,C,A,A,H,-,A,A,0,NA,NA,NA,NA,Y,NA,A,07,0,0,2,0,0,0,0,0,0,-,-,34.079978942871094,-118.14811706542967,LOS ANGELES,ALHAMBRA,-118.1481475830078,34.07997512817383
9595903,2022,2023-07-19,1942,2022-10-29,0205,22198,1494,6,5,7,1942,0,0,0,N,0,3A206,SEPULVEDA BL,CENTURY BL,0,NA,Y,A,-,N,NA,NA,NA,NA,NA,NA,NA,NA,NA,Y,3,0,1,2,A,-,12,21453,A,N,D,C,A,A,D,-,C,A,0,NA,NA,NA,NA,Y,Y,A,01,0,1,0,0,0,0,0,0,0,-,-,NA,NA,LOS ANGELES,LOS ANGELES,-118.39633941650392,33.945552825927734
9595906,2022,2023-07-19,1942,2022-10-24,2300,44036,2025,1,5,7,1942,0,0,0,NA,0,20A13,ALEXANDRIA AV,4TH ST,0,NA,Y,A,-,N,NA,NA,NA,NA,NA,NA,NA,NA,NA,Y,4,0,1,4,A,-,01,23152,A,N,B,C,A,A,H,-,C,D,0,NA,NA,NA,NA,Y,Y,A,01,0,0,1,0,0,0,0,0,0,-,-,NA,NA,LOS ANGELES,LOS ANGELES,-118.29794311523438,34.06721496582031
9595921,2023,2023-07-13,1942,2023-02-03,1035,31931,1767,5,5,7,1942,0,0,0,Q,0,26M28,PLUMMER ST,WILBUR AV,0,NA,Y,A,-,N,NA,NA,NA,NA,NA,NA,NA,NA,NA,Y,4,0,3,2,A,-,12,21453,A,N,A,C,A,A,H,-,A,A,0,NA,NA,NA,NA,Y,NA,A,07,0,0,3,0,0,0,0,0,0,-,-,NA,NA,LOS ANGELES,LOS ANGELES,-118.54483032226564,34.242733001708984
9595926,2022,2023-07-14,1941,2022-09-06,2120,11142,NA,2,5,7,1941,0,0,0,NA,0,NA,ELM AV,4TH ST,0,NA,Y,A,-,N,NA,NA,NA,NA,NA,NA,NA,NA,NA,Y,4,0,2,2,A,-,12,21453,A,N,D,C,A,A,H,-,C,A,0,NA,NA,NA,NA,Y,NA,A,NA,0,0,2,0,0,0,0,0,0,-,-,NA,NA,LOS ANGELES,LONG BEACH,-118.18765258789064,33.771724700927734
9595936,2023,2023-10-17,1900,2023-09-26,1806,476466,0624,2,5,6,1985,0,0,0,NA,0,61T1,LYONS AV,WILEY CANYON RD,0,NA,Y,A,-,N,NA,NA,NA,NA,NA,NA,NA,NA,NA,Y,4,0,3,2,A,-,09,21806,A,N,D,C,A,A,H,-,B,A,0,NA,NA,NA,NA,Y,NA,A,01,0,0,3,0,0,0,0,0,0,-,-,34.37874984741211,-118.55828857421876,LOS ANGELES,SANTA CLARITA,-118.55838775634766,34.37881088256836
9595937,2023,2024-03-01,1900,2023-12-31,105,653527,2607,7,5,6,1950,0,0,0,NA,0,264T1,47TH ST EAST,AVENUE S,0,NA,Y,A,-,Y,LA,7,138,-,-,49.971,I,5,W,N,4,0,8,2,A,-,07,21658,A,N,B,D,A,A,H,-,C,A,0,NA,NA,NA,NA,Y,NA,A,07,0,0,8,0,0,0,0,0,0,-,-,34.55812072753906,-118.04506683349608,LOS ANGELES,PALMDALE,-118.0451889038086,34.55807876586914
9595938,2023,2024-02-02,1907,2023-10-01,1453,202,3,7,5,4,1907,0,0,0,NA,0,NA,SLAUSON AV,SLAUSON BRIDGE,270,E,N,A,-,N,NA,NA,NA,NA,NA,NA,NA,NA,NA,Y,2,0,7,4,A,-,03,22350,NA,N,B,C,A,A,H,-,A,D,0,NA,NA,NA,NA,Y,NA,A,01,3,4,0,0,0,0,0,0,0,-,-,33.984901428222656,-118.15361785888672,LOS ANGELES,BELL,-118.1714096069336,33.98641586303711
9595940,2023,2024-02-02,1901,2023-04-19,2147,209,14,3,5,5,1901,0,0,0,NA,0,002,HELLMAN AV,GARFIELD AV,0,NA,Y,A,-,N,NA,NA,NA,NA,NA,NA,NA,NA,NA,N,4,0,1,2,A,-,09,21801,A,N,A,C,A,A,H,-,C,A,0,NA,NA,NA,NA,Y,NA,A,07,0,0,1,0,0,0,0,0,0,-,-,34.069759368896484,-118.12294769287108,LOS ANGELES,ALHAMBRA,-118.12293243408205,34.069759368896484
9595941,2023,2024-03-01,1941,2023-03-14,1551,10923,WEST,2,5,7,1941,0,0,0,NA,0,002,W PACIFIC COAST HWY,TECHNOLOGY PL,0,NA,Y,C,-,Y,LA,7,1,-,-,8.121,I,6,S,Y,2,0,1,1,D,-,00,NA,NA,N,A,I,A,B,H,-,A,D,0,NA,NA,NA,NA,Y,NA,-,-,1,0,0,0,0,0,0,0,0,-,-,33.789859771728516,-118.22139739990234,LOS ANGELES,LONG BEACH,-118.22140502929688,33.78981399536133
9595942,2023,2024-02-02,1941,2023-04-05,2014,11550,EAST,3,5,7,1941,0,0,0,NA,0,013,EAST PACIFIC COAST HWY,BELLFLOWER BL,0,NA,Y,A,-,Y,LA,NA,1,NA,NA,1.868,H,NA,R,N,4,0,1,2,A,-,03,22350,NA,F,C,C,A,A,H,-,C,A,0,NA,NA,NA,NA,Y,NA,A,07,0,0,1,0,0,0,0,0,0,-,-,33.77421188354492,-118.12120056152344,LOS ANGELES,LONG BEACH,-118.12115478515624,33.774253845214844
9595943,2023,2024-02-02,1941,2023-03-13,2124,11543,WEST,1,5,7,1941,0,0,0,NA,0,004,W PACIFIC COAST HWY,MAGNOLIA AV,0,NA,N,A,-,Y,NA,NA,NA,NA,NA,NA,NA,NA,NA,Y,4,0,1,2,A,-,08,22107,NA,F,B,C,A,A,H,-,C,D,0,NA,NA,NA,NA,Y,NA,A,07,0,0,1,0,0,0,0,0,0,-,-,33.78926086425781,-118.1989288330078,LOS ANGELES,LONG BEACH,-118.19809722900392,33.78987121582031
9595944,2023,2024-02-02,1941,2023-04-13,2220,11563,NORTH,4,5,7,1941,0,0,0,NA,0,023,E ARTESIA BL,BUTLER AV,0,NA,Y,B,-,N,NA,NA,NA,NA,NA,NA,NA,NA,NA,Y,4,0,2,2,A,-,09,21801,NA,N,D,C,A,B,H,-,C,A,0,NA,NA,NA,NA,Y,NA,A,01,0,0,2,0,0,0,0,0,0,-,-,33.874290466308594,-118.19693756103516,LOS ANGELES,LONG BEACH,-118.19696807861328,33.874237060546875
9595955,2023,2024-03-01,1900,2023-08-03,1424,661862,0334,4,5,4,1939,0,0,0,NA,0,35A,HAWTHORNE BL,162ND ST,178,S,N,A,-,N,NA,NA,NA,NA,NA,NA,NA,NA,NA,Y,3,0,1,3,A,-,21,22106,NA,N,B,C,A,A,H,-,A,D,0,NA,NA,NA,NA,Y,NA,A,01,0,1,0,0,0,0,0,0,0,-,-,33.88357925415039,-118.35237884521484,LOS ANGELES,LAWNDALE,-118.3520050048828,33.884117126464844
9595957,2023,2024-03-08,1941,2023-08-04,1623,10683,WEST,5,5,7,1941,0,0,0,NA,0,005,RT 1,MYRTLE AV,0,NA,Y,A,-,Y,LA,7,1,-,-,5.82,H,-,S,Y,4,0,1,2,A,-,03,22350,NA,N,C,C,A,A,H,-,A,D,0,NA,NA,NA,NA,Y,NA,A,01,0,0,1,0,0,0,0,0,0,-,-,33.789859771728516,-118.18177795410156,LOS ANGELES,LONG BEACH,-118.18162536621094,33.7898063659668
9595958,2023,2024-03-15,1941,2023-08-29,1734,11803,WEST,2,5,7,1941,0,0,0,NA,0,005,RT 1,GARDENIA AV,0,NA,Y,A,-,Y,LA,7,1,-,-,5.071,I,5,N,Y,4,0,1,2,A,-,08,22107,NA,N,D,C,A,A,H,-,A,D,0,NA,NA,NA,NA,Y,NA,A,01,0,0,1,0,0,0,0,0,0,-,-,33.78984832763672,-118.16873931884766,LOS ANGELES,LONG BEACH,-118.16873168945313,33.7899169921875
9595961,2023,2024-03-15,1941,2023-08-27,1531,11803,WEST,7,5,7,1941,0,0,0,NA,0,011,RT 1,CHERRY AV,0,NA,Y,A,-,Y,LA,7,1,-,-,5.011,I,5,S,NA,4,0,3,2,A,-,12,21453,A,N,D,C,A,A,H,-,A,A,0,NA,NA,NA,NA,Y,NA,A,01,0,0,3,0,0,0,0,0,0,-,-,33.78953170776367,-118.16764831542967,LOS ANGELES,LONG BEACH,-118.16767120361328,33.78980255126953
9595962,2023,2023-08-02,1942,2023-06-17,1245,36087,1035,6,5,7,1942,0,0,0,J,0,26TL44,VICTORY BL,LINDLEY AV,0,NA,Y,A,-,N,NA,NA,NA,NA,NA,NA,NA,NA,NA,Y,4,0,1,3,A,-,09,21806,NA,N,-,C,A,A,H,-,A,A,0,NA,NA,NA,NA,Y,NA,A,01,0,0,1,0,0,0,0,0,0,-,-,NA,NA,LOS ANGELES,LOS ANGELES,-118.52728271484376,34.186607360839844
9595980,2023,2023-08-02,1920,2023-06-24,2004,13547,NA,6,5,6,1920,0,0,0,NA,0,NA,FIRESTONE BL,LONG BEACH BL,0,NA,Y,A,-,N,NA,NA,NA,NA,NA,NA,NA,NA,NA,Y,4,0,1,4,D,-,00,NA,NA,N,D,C,A,A,H,-,A,D,0,NA,NA,NA,NA,Y,NA,-,-,0,0,1,0,0,0,0,0,0,-,-,NA,NA,LOS ANGELES,DOWNEY,-118.17034149169922,33.94972610473633
9595985,2022,2023-08-01,1942,2022-10-01,0410,38158,1492,6,5,7,1942,0,0,0,N,0,14FBL8,WESTCHESTER PKWY,PERSHING DR,0,NA,Y,A,-,N,NA,NA,NA,NA,NA,NA,NA,NA,NA,Y,4,0,2,1,A,-,12,21453,NA,N,E,I,A,A,H,-,C,A,0,NA,NA,NA,NA,Y,NA,A,01,0,0,2,0,0,0,0,0,0,-,-,NA,NA,LOS ANGELES,LOS ANGELES,-118.43926239013672,33.951725006103516
9595986,2022,2023-08-01,1941,2022-09-12,0853,11535,WEST,1,5,7,1941,0,0,0,NA,0,003,WILLOW ST,ELM AV,30,E,N,A,-,N,NA,NA,NA,NA,NA,NA,NA,NA,NA,Y,4,0,1,2,A,-,08,22107,NA,N,D,C,A,A,H,-,A,D,0,NA,NA,NA,NA,Y,NA,A,07,0,0,1,0,0,0,0,0,0,-,-,33.804080963134766,-118.18792724609376,LOS ANGELES,LONG BEACH,-118.18816375732422,33.80435562133789
9595989,2022,2023-08-01,1941,2022-09-19,1817,10764,NORTH,1,5,7,1941,0,0,0,NA,0,024,HARDING ST,TERMINAL ST,150,N,N,A,-,N,NA,NA,NA,NA,NA,NA,NA,NA,NA,Y,2,0,1,2,D,-,00,NA,NA,N,B,E,A,A,H,-,A,D,0,NA,NA,Y,NA,Y,NA,-,-,1,0,0,0,0,0,0,0,1,-,-,33.867679595947266,-118.16477966308594,LOS ANGELES,LONG BEACH,-118.16446685791016,33.867408752441406
9595990,2022,2023-08-01,1941,2022-12-19,1225,11512,EAST,1,5,7,1941,0,0,0,NA,0,009,COLORADO ST,REDONDO AV,0,NA,Y,A,-,N,NA,NA,NA,NA,NA,NA,NA,NA,NA,N,3,0,1,2,A,-,17,22517,NA,N,B,G,A,A,H,-,A,D,0,NA,Y,NA,NA,Y,NA,A,01,0,1,0,0,0,0,1,0,0,-,-,33.76988983154297,-118.15242004394533,LOS ANGELES,LONG BEACH,-118.15242004394533,33.76988220214844
9595991,2022,2023-08-01,1942,2022-12-04,0715,39546,0743,7,5,7,1942,0,0,0,G,0,27TL21,SAN VICENTE BL,HAUSER,0,NA,Y,B,-,N,NA,NA,NA,NA,NA,NA,NA,NA,NA,Y,2,0,2,2,A,-,01,23152,NA,N,D,C,A,A,H,-,B,A,0,NA,NA,NA,NA,Y,Y,A,08,1,0,1,0,0,0,0,0,0,-,-,NA,NA,LOS ANGELES,LOS ANGELES,-118.3547592163086,34.05393981933594
9595993,2022,2023-08-01,1942,2022-12-10,1555,42834,1453,6,5,7,1942,0,0,0,N,0,27MI55,MAXELLA AV,ALLA RD,75,E,N,B,-,N,NA,NA,NA,NA,NA,NA,NA,NA,NA,Y,3,0,1,3,A,-,01,23152,A,N,B,E,A,A,H,-,A,D,0,NA,NA,NA,NA,Y,Y,A,01,0,1,0,0,0,0,0,0,0,-,-,NA,NA,LOS ANGELES,LOS ANGELES,-118.43445587158205,33.99011993408203
9595998,2022,2023-08-01,1942,2022-10-28,1808,34393,0721,5,5,7,1942,0,0,0,G,0,7A21,BURTON WY,LAPEER DR,0,NA,Y,A,-,N,NA,NA,NA,NA,NA,NA,NA,NA,NA,N,3,0,1,2,A,-,09,21801,A,N,D,C,A,A,H,-,C,A,0,NA,NA,NA,NA,Y,NA,A,01,0,1,0,0,0,0,0,0,0,-,-,34.07209014892578,-118.38674926757813,LOS ANGELES,LOS ANGELES,-118.38679504394533,34.07232666015625
9596011,2023,2023-07-18,1942,2023-06-26,440,42286,1459,1,5,7,1942,0,0,0,N,0,27T33W,SAWTELLE BL,ARGAN AV,13,N,N,A,-,N,NA,NA,NA,NA,NA,NA,NA,NA,NA,Y,4,0,2,2,A,-,01,23152,A,N,D,C,A,A,H,-,C,D,0,NA,NA,NA,NA,Y,Y,A,07,0,0,2,0,0,0,0,0,0,-,-,NA,NA,LOS ANGELES,LOS ANGELES,-118.40707397460938,33.99943923950195
9596013,2023,2023-07-18,1900,2023-06-18,1740,600059,1414,7,5,1,1932,0,0,0,NA,0,141T6,HACIENDA BL,STAFFORD ST,0,NA,Y,A,-,N,NA,NA,NA,NA,NA,NA,NA,NA,NA,Y,3,0,8,2,A,-,12,21453,A,N,A,C,A,A,H,-,A,A,0,NA,NA,NA,NA,Y,NA,A,07,0,6,2,0,0,0,0,0,0,-,-,34.0234489440918,-117.95710754394533,LOS ANGELES,INDUSTRY,-117.95716094970705,34.02351760864258
9596027,2023,2023-08-17,1941,2023-07-08,2321,11804,WEST,6,5,7,1941,0,0,0,NA,0,002,SANTA FE AV,W PACIFIC COAST HWY,0,NA,Y,A,-,Y,LA,7,1,-,-,7.771,I,5,S,Y,3,0,3,2,D,-,00,NA,NA,N,D,C,A,A,H,-,C,A,0,NA,NA,NA,NA,Y,Y,-,-,0,1,2,0,0,0,0,0,0,-,-,33.789859771728516,-118.21546936035156,LOS ANGELES,LONG BEACH,-118.21546173095705,33.789817810058594
9596035,2023,2023-07-27,1942,2023-07-03,2155,37146,0378,1,5,7,1942,0,0,0,C,0,25T31,FIGUEROA ST,39TH ST,545,S,N,A,-,N,NA,NA,NA,NA,NA,NA,NA,NA,NA,N,3,0,1,2,A,-,03,22350,NA,N,C,C,A,A,H,-,C,D,0,NA,NA,NA,NA,Y,Y,A,01,0,1,0,0,0,0,0,0,0,-,-,NA,NA,LOS ANGELES,LOS ANGELES,-118.28275299072266,34.01250457763672