CASE_ID,ACCIDENT_YEAR,PROC_DATE,JURIS,COLLISION_DATE,COLLISION_TIME,OFFICER_ID,REPORTING_DISTRICT,DAY_OF_WEEK,CHP_SHIFT,POPULATION,CNTY_CITY_LOC,SPECIAL_COND,BEAT_TYPE,CHP_BEAT_TYPE,CITY_DIVISION_LAPD,CHP_BEAT_CLASS,BEAT_NUMBER,PRIMARY_RD,SECONDARY_RD,DISTANCE,DIRECTION,INTERSECTION,WEATHER_1,WEATHER_2,STATE_HWY_IND,CALTRANS_COUNTY,CALTRANS_DISTRICT,STATE_ROUTE,ROUTE_SUFFIX,POSTMILE_PREFIX,POSTMILE,LOCATION_TYPE,RAMP_INTERSECTION,SIDE_OF_HWY,TOW_AWAY,COLLISION_SEVERITY,NUMBER_KILLED,NUMBER_INJURED,PARTY_COUNT,PRIMARY_COLL_FACTOR,PCF_CODE_OF_VIOL,PCF_VIOL_CATEGORY,PCF_VIOLATION,PCF_VIOL_SUBSECTION,HIT_AND_RUN,TYPE_OF_COLLISION,MVIW,PED_ACTION,ROAD_SURFACE,ROAD_COND_1,ROAD_COND_2,LIGHTING,CONTROL_DEVICE,CHP_ROAD_TYPE,PEDESTRIAN_ACCIDENT,BICYCLE_ACCIDENT,MOTORCYCLE_ACCIDENT,TRUCK_ACCIDENT,NOT_PRIVATE_PROPERTY,ALCOHOL_INVOLVED,STWD_VEHTYPE_AT_FAULT,CHP_VEHTYPE_AT_FAULT,COUNT_SEVERE_INJ,COUNT_VISIBLE_INJ,COUNT_COMPLAINT_PAIN,COUNT_PED_KILLED,COUNT_PED_INJURED,COUNT_BICYCLIST_KILLED,COUNT_BICYCLIST_INJURED,COUNT_MC_KILLED,COUNT_MC_INJURED,PRIMARY_RAMP,SECONDARY_RAMP,LATITUDE,LONGITUDE,COUNTY,CITY,POINT_X,POINT_Y
9596987,2023,2023-08-09,1900,2023-07-20,415,618715,1139,4,5,6,1992,0,0,0,NA,0,112T2,AV K,60TH ST WEST,0,NA,Y,A,-,N,NA,NA,NA,NA,NA,NA,NA,NA,NA,N,4,0,1,2,A,-,12,21453,A,N,D,C,A,A,H,-,C,A,0,NA,NA,NA,NA,Y,NA,A,01,0,0,1,0,0,0,0,0,0,-,-,34.67483139038086,-118.2364501953125,LOS ANGELES,LANCASTER,-118.23661041259766,34.67473220825195
9596988,2023,2023-08-09,1900,2023-07-20,1827,656370,1134,4,5,6,1992,0,0,0,NA,0,111T2,CHALLENGER WY,AV M,3,NA,N,A,-,N,NA,NA,NA,NA,NA,NA,NA,NA,NA,N,4,0,1,2,A,-,04,21703,NA,N,C,C,A,A,H,-,A,A,0,NA,NA,NA,NA,Y,NA,A,01,0,0,1,0,0,0,0,0,0,-,-,34.64595031738281,-118.1123275756836,LOS ANGELES,LANCASTER,-118.1123275756836,34.645931243896484
9596989,2023,2023-08-09,1900,2023-07-24,1128,656657,1122,1,5,6,1992,0,0,0,NA,0,113A,10TH ST WEST,AV J,100,N,N,A,-,N,NA,NA,NA,NA,NA,NA,NA,NA,NA,N,3,0,1,3,A,-,03,22350,NA,M,C,C,A,A,H,-,A,D,0,NA,NA,NA,NA,Y,NA,A,01,0,1,0,0,0,0,0,0,0,-,-,NA,NA,LOS ANGELES,LANCASTER,-118.14802551269533,34.68972396850586
9596993,2023,2023-08-09,1920,2023-07-17,1238,14598,1920,1,5,6,1920,0,0,0,NA,0,001,LAKEWOOD BL,APOLLO WY,0,NA,N,A,-,N,NA,NA,NA,NA,NA,NA,NA,NA,NA,N,3,0,1,2,D,-,00,NA,NA,N,D,G,A,A,H,-,A,D,0,NA,Y,NA,NA,Y,NA,-,-,0,1,0,0,0,0,1,0,0,-,-,NA,NA,LOS ANGELES,DOWNEY,-118.13355255126952,33.92249298095703
9596994,2023,2023-08-09,1920,2023-07-19,1359,14598,1920,3,5,6,1920,0,0,0,NA,0,006,PARAMOUNT BL,GARDENDALE ST,0,NA,Y,A,-,N,NA,NA,NA,NA,NA,NA,NA,NA,NA,N,4,0,2,2,A,-,09,21801,A,N,D,C,A,A,H,-,A,A,0,NA,NA,NA,NA,Y,NA,A,07,0,0,2,0,0,0,0,0,0,-,-,NA,NA,LOS ANGELES,DOWNEY,-118.15702056884766,33.91740798950195
9596995,2023,2023-08-09,1920,2023-07-13,717,13500,1920,4,5,6,1920,0,0,0,NA,0,001,WOODRUFF AV,EVEREST ST,7972,N,N,A,-,N,NA,NA,NA,NA,NA,NA,NA,NA,NA,Y,4,0,2,2,A,-,09,21804,A,N,D,C,A,A,H,-,A,D,0,NA,NA,NA,NA,Y,NA,A,01,0,0,2,0,0,0,0,0,0,-,-,NA,NA,LOS ANGELES,DOWNEY,-118.11675262451172,33.93204879760742
9596996,2023,2023-08-09,1920,2023-07-15,2323,13635,1920,6,5,6,1920,0,0,0,NA,0,005,LAKEWOOD BL,FIRESTONE BL,0,NA,Y,A,-,N,NA,NA,NA,NA,NA,NA,NA,NA,NA,N,3,0,3,2,A,-,09,21801,A,N,D,C,A,A,H,-,A,A,0,NA,NA,NA,NA,Y,NA,A,07,0,3,0,0,0,0,0,0,0,-,-,NA,NA,LOS ANGELES,DOWNEY,-118.12395477294922,33.93549728393555
9596998,2023,2023-08-09,1906,2023-07-17,852,4466,NA,1,5,5,1906,0,0,0,NA,0,003,PACIFIC AV,BOGART AV,110,W,N,A,-,N,NA,NA,NA,NA,NA,NA,NA,NA,NA,N,4,0,1,2,A,-,03,22350,NA,N,C,C,A,A,H,-,A,A,0,NA,NA,NA,NA,Y,NA,A,01,0,0,1,0,0,0,0,0,0,-,-,NA,NA,LOS ANGELES,BALDWIN PARK,-117.95990753173828,34.08481216430664
9596999,2023,2023-08-09,1906,2023-07-23,821,4425,NA,7,5,5,1906,0,0,0,NA,0,002,LOS ANGELES ST,MERCED AV,171,W,N,A,-,N,NA,NA,NA,NA,NA,NA,NA,NA,NA,Y,2,0,2,2,A,-,09,21804,A,N,D,C,A,A,H,-,A,D,0,NA,NA,Y,NA,Y,NA,A,01,1,0,1,0,0,0,0,0,1,-,-,NA,NA,LOS ANGELES,BALDWIN PARK,-117.9741668701172,34.09212875366211
9597000,2023,2023-08-09,1906,2023-07-08,2131,4457,NA,6,5,5,1906,0,0,0,NA,0,003,GARVEY AV,WILLOW AV,943,W,N,A,-,N,NA,NA,NA,NA,NA,NA,NA,NA,NA,N,3,0,1,2,A,-,05,21650,1,N,D,B,F,A,H,-,C,A,0,Y,NA,NA,NA,Y,NA,N,60,0,1,0,0,1,0,0,0,0,-,-,34.07122039794922,-117.95535278320313,LOS ANGELES,BALDWIN PARK,-117.9561004638672,34.07046127319336
9597001,2023,2023-08-22,1906,2023-07-16,1814,4457,NA,7,5,5,1906,0,0,0,NA,0,001,ATHOL ST,BESS AV,0,NA,Y,A,-,N,NA,NA,NA,NA,NA,NA,NA,NA,NA,N,4,0,1,2,A,-,12,22450,A,F,D,C,A,A,H,-,A,A,0,NA,NA,Y,NA,Y,NA,C,02,0,0,1,0,0,0,0,0,0,-,-,NA,NA,LOS ANGELES,BALDWIN PARK,-117.99334716796876,34.06818771362305
9597006,2023,2023-08-22,1900,2023-07-05,1230,611176,2610,3,5,6,1950,0,0,0,NA,0,263T1,AVENUE R,SIERRA HWY,0,NA,Y,A,-,N,NA,NA,NA,NA,NA,NA,NA,NA,NA,Y,3,0,3,3,A,-,12,21457,A,N,D,C,A,A,D,-,A,B,0,NA,NA,NA,NA,Y,NA,A,07,0,3,0,0,0,0,0,0,0,-,-,34.57257843017578,-118.115478515625,LOS ANGELES,PALMDALE,-118.11551666259766,34.57258987426758
9597007,2023,2023-08-22,1900,2023-07-03,1225,467578,2608,1,5,6,1950,0,0,0,NA,0,262T1,LEMSFORD AV,AVENUE R,0,NA,Y,A,-,N,NA,NA,NA,NA,NA,NA,NA,NA,NA,N,4,0,1,2,A,-,21,22106,NA,M,G,B,E,A,H,-,A,D,0,Y,NA,NA,NA,Y,NA,A,01,0,0,1,0,1,0,0,0,0,-,-,34.573028564453125,-118.07218933105467,LOS ANGELES,PALMDALE,-118.07212829589844,34.57286071777344
9597008,2023,2023-08-22,1900,2023-07-08,917,615106,2617,6,5,6,1950,0,0,0,NA,0,262T1,45TH ST WEST,SERPENTINE LN,0,NA,Y,A,-,N,NA,NA,NA,NA,NA,NA,NA,NA,NA,Y,2,0,2,2,A,-,06,21750,A,N,D,C,A,A,H,-,A,A,0,NA,NA,Y,NA,Y,NA,C,02,1,1,0,0,0,0,0,0,1,-,-,34.62588119506836,-118.21006011962892,LOS ANGELES,PALMDALE,-118.20997619628906,34.625816345214844
9597009,2023,2023-08-22,1900,2023-07-07,1810,611176,2603,5,5,6,1950,0,0,0,NA,0,263T1,25TH ST EAST,AVENUE S,0,NA,Y,A,-,N,NA,NA,NA,NA,NA,NA,NA,NA,NA,N,4,0,1,2,A,-,04,21703,NA,N,C,C,A,A,H,-,A,A,0,NA,NA,NA,NA,Y,NA,A,07,0,0,1,0,0,0,0,0,0,-,-,34.557838439941406,-118.08473205566406,LOS ANGELES,PALMDALE,-118.08489227294922,34.558082580566406
9597010,2023,2023-08-22,1900,2023-07-10,1112,637294,2603,1,5,6,1950,0,0,0,NA,0,263T1,AVENUE S,27TH ST EAST,85,W,N,A,-,N,NA,NA,NA,NA,NA,NA,NA,NA,NA,N,3,0,1,2,A,-,04,21703,NA,M,C,C,A,A,H,-,A,D,0,NA,NA,NA,NA,Y,NA,A,01,0,1,0,0,0,0,0,0,0,-,-,34.55805969238281,-118.081298828125,LOS ANGELES,PALMDALE,-118.08122253417967,34.55809020996094
9597011,2023,2023-08-22,1900,2023-07-07,606,602254,2610,5,5,6,1950,0,0,0,NA,0,264T1,PALMDALE BL,11TH ST EAST,79,E,N,A,-,Y,LA,NA,138,NA,NA,44.84,H,NA,R,Y,3,0,1,2,A,-,09,21801,A,N,D,C,A,A,H,-,A,A,0,NA,NA,NA,NA,Y,NA,A,01,0,1,0,0,0,0,0,0,0,-,-,34.579498291015625,-118.10929107666016,LOS ANGELES,PALMDALE,-118.10929107666016,34.579532623291016
9597012,2023,2023-08-22,1900,2023-07-02,2200,602254,2607,7,5,6,1950,0,0,0,NA,0,264T1,PALMDALE BL,58TH ST EAST,256,W,N,A,-,N,NA,NA,NA,NA,NA,NA,NA,NA,NA,Y,2,0,2,2,A,-,09,21801,A,N,D,C,A,A,H,-,C,D,0,NA,NA,NA,NA,Y,NA,A,01,1,1,0,0,0,0,0,0,0,-,-,34.579750061035156,-118.02603149414064,LOS ANGELES,PALMDALE,-118.0259017944336,34.57978057861328
9597013,2023,2023-08-22,1900,2023-07-12,2349,525413,2610,3,5,6,1950,0,0,0,NA,0,262T1,SHEFFIELD AV,ONYX DR,367,W,N,A,-,N,NA,NA,NA,NA,NA,NA,NA,NA,NA,Y,4,0,3,3,A,-,08,22107,NA,N,C,E,A,A,H,-,C,D,0,NA,NA,NA,NA,Y,NA,A,01,0,0,3,0,0,0,0,0,0,-,-,34.56106948852539,-118.10382080078124,LOS ANGELES,PALMDALE,-118.1060028076172,34.56208038330078
9597014,2023,2023-10-20,1900,2023-07-14,1123,615106,2619,5,5,6,1950,0,0,0,NA,0,262T1,TRADE CENTER DR,TECHNOLOGY DR,0,NA,Y,A,-,N,NA,NA,NA,NA,NA,NA,NA,NA,NA,Y,2,0,2,2,A,-,01,23153,G,N,D,C,A,A,H,-,A,A,0,NA,NA,NA,NA,Y,Y,A,01,1,1,0,0,0,0,0,0,0,-,-,34.59450912475586,-118.1431884765625,LOS ANGELES,PALMDALE,-118.14315032958984,34.594451904296875
9597015,2023,2023-08-22,1900,2023-07-17,1956,655340,2608,1,5,6,1950,0,0,0,NA,0,262T1,22ND ST EAST,AVENUE Q-4,45,N,N,A,-,N,NA,NA,NA,NA,NA,NA,NA,NA,NA,Y,3,0,1,4,A,-,01,23152,A,N,C,E,A,A,H,-,B,D,0,NA,NA,NA,NA,Y,Y,A,01,0,1,0,0,0,0,0,0,0,-,-,34.58395004272461,-118.08966827392578,LOS ANGELES,PALMDALE,-118.08969879150392,34.58740997314453
9597016,2023,2023-08-22,1900,2023-07-18,2021,525413,2617,2,5,6,1950,0,0,0,NA,0,262T1,RANCHO VISTA BL,ASTUTO DR,15,W,N,A,-,N,NA,NA,NA,NA,NA,NA,NA,NA,NA,Y,3,0,3,2,A,-,09,21801,A,N,A,C,A,A,H,-,C,D,0,NA,NA,NA,NA,Y,NA,A,01,0,1,2,0,0,0,0,0,0,-,-,34.619319915771484,-118.21630859375,LOS ANGELES,PALMDALE,-118.21641540527344,34.61936569213867
9597017,2023,2023-08-23,1900,2023-07-18,1801,525413,2610,2,5,6,1950,0,0,0,NA,0,262T1,10TH ST EAST,PALMDALE BL,110,N,N,A,-,N,NA,NA,NA,NA,NA,NA,NA,NA,NA,Y,3,0,1,2,A,-,06,21751,NA,N,D,C,A,A,H,-,B,D,0,NA,NA,Y,NA,Y,NA,C,02,0,1,0,0,0,0,0,0,1,-,-,34.579978942871094,-118.11184692382813,LOS ANGELES,PALMDALE,-118.11184692382813,34.57956314086914
9597038,2023,2023-08-24,1910,2023-07-06,2123,05464,NA,4,5,4,1910,0,0,0,NA,0,005,OLYMPIC BL,BEVERLY DR,0,NA,Y,A,-,N,NA,NA,NA,NA,NA,NA,NA,NA,NA,Y,3,0,2,2,A,-,09,21801,A,N,D,C,A,A,H,-,C,A,0,NA,NA,NA,NA,Y,NA,A,01,0,1,1,0,0,0,0,0,0,-,-,34.059600830078125,-118.39852142333984,LOS ANGELES,BEVERLY HILLS,-118.39858245849608,34.05961990356445
9597121,2023,2023-09-29,1910,2023-07-12,1606,04616,NA,3,5,4,1910,0,0,0,NA,0,004,BEVERLY DR,REXFORD DR,0,NA,Y,A,-,N,NA,NA,NA,NA,NA,NA,NA,NA,NA,Y,3,0,1,2,A,-,09,21801,A,N,D,C,A,A,H,-,A,D,0,NA,NA,NA,NA,Y,NA,A,01,0,1,0,0,0,0,0,0,0,-,-,34.087188720703125,-118.41271209716795,LOS ANGELES,BEVERLY HILLS,-118.41267395019533,34.08717727661133
9597122,2023,2023-09-29,1910,2023-07-12,806,05466,NA,3,5,4,1910,0,0,0,NA,0,005,N CANON DR,DAYTON WY,0,NA,Y,A,-,N,NA,NA,NA,NA,NA,NA,NA,NA,NA,N,4,0,1,2,A,-,10,21950,A,N,G,B,B,A,H,-,A,A,0,Y,NA,NA,NA,Y,NA,A,01,0,0,1,0,1,0,0,0,0,-,-,34.069278717041016,-118.3993911743164,LOS ANGELES,BEVERLY HILLS,-118.39954376220705,34.06922149658203
9597141,2023,2023-08-09,1900,2023-06-05,924,617242,1126,1,5,6,1992,0,0,0,NA,0,112T1,AVENUE K,15TH ST WEST,0,NA,Y,A,-,N,NA,NA,NA,NA,NA,NA,NA,NA,NA,Y,4,0,1,2,A,-,12,21453,A,N,D,C,A,A,H,-,A,A,0,NA,NA,NA,NA,Y,NA,A,01,0,0,1,0,0,0,0,0,0,-,-,34.674869537353516,-118.15528869628906,LOS ANGELES,LANCASTER,-118.1554718017578,34.67500305175781
9597142,2023,2023-08-03,1920,2023-06-15,1744,14072,1920,4,5,6,1920,0,0,0,NA,0,001,LAKE WOOD BL,ROSECRANS AV,0,NA,Y,A,-,N,NA,NA,NA,NA,NA,NA,NA,NA,NA,Y,3,0,1,2,A,-,12,21453,A,N,B,G,A,A,H,-,A,A,0,NA,Y,NA,NA,Y,NA,L,04,0,1,0,0,0,0,1,0,0,-,-,NA,NA,LOS ANGELES,DOWNEY,-118.142822265625,33.90379333496094
9597145,2023,2023-08-03,1900,2023-06-29,1900,442490,2608,4,5,6,1950,0,0,0,NA,0,264T1,CHARLOTTE PL,57TH ST EAST,147,E,N,A,-,N,NA,NA,NA,NA,NA,NA,NA,NA,NA,Y,2,0,1,1,-,-,-,NA,NA,N,E,I,A,A,H,-,A,D,0,NA,NA,NA,NA,Y,NA,A,01,1,0,0,0,0,0,0,0,0,-,-,34.56877136230469,-118.02735137939452,LOS ANGELES,PALMDALE,-118.02731323242188,34.56852340698242
9597146,2023,2023-08-03,1900,2023-06-11,2023,634995,2611,7,5,6,1950,0,0,0,NA,0,264T1,6TH ST EAST,PALMDALE BL,157,N,N,A,-,N,NA,NA,NA,NA,NA,NA,NA,NA,NA,N,3,0,1,2,A,-,11,21954,A,M,G,B,E,A,H,-,C,D,0,Y,NA,NA,NA,Y,NA,N,60,0,1,0,0,1,0,0,0,0,-,-,34.580078125,-118.11837768554688,LOS ANGELES,PALMDALE,-118.1184310913086,34.57950973510742
9597176,2023,2023-08-01,1942,2023-06-17,2330,42324,1969,6,5,7,1942,0,0,0,NA,0,26T53W,OSBORNE ST,ARLETA AV,575,W,N,A,-,N,NA,NA,NA,NA,NA,NA,NA,NA,NA,Y,3,0,1,1,A,-,08,22107,NA,N,E,I,A,A,H,-,C,D,0,NA,NA,NA,NA,Y,NA,A,01,0,1,0,0,0,0,0,0,0,-,-,NA,NA,LOS ANGELES,LOS ANGELES,-118.42752838134766,34.241031646728516
9597177,2023,2023-08-01,1910,2023-06-25,1627,03209,NA,7,5,4,1910,0,0,0,NA,0,004,N CANON DR,PARK WY,0,NA,Y,A,-,N,NA,NA,NA,NA,NA,NA,NA,NA,NA,Y,3,0,3,2,A,-,09,21802,A,N,D,C,A,A,H,-,A,A,0,NA,NA,NA,NA,Y,NA,A,07,0,1,2,0,0,0,0,0,0,-,-,34.07304000854492,-118.40328216552734,LOS ANGELES,BEVERLY HILLS,-118.4032745361328,34.0730094909668
9597178,2023,2023-08-01,1910,2023-06-07,1434,443,NA,3,5,4,1910,0,0,0,NA,0,009,BURTON WY,MAPLE DR,0,NA,Y,A,-,N,NA,NA,NA,NA,NA,NA,NA,NA,NA,Y,2,0,1,2,A,-,08,22107,NA,N,A,C,A,A,H,-,A,A,0,NA,NA,NA,NA,Y,NA,A,01,1,0,0,0,0,0,0,0,0,-,-,NA,NA,LOS ANGELES,BEVERLY HILLS,-118.39356231689452,34.07209014892578
9597182,2023,2023-08-01,1900,2023-05-17,1643,6528494,1122,3,5,6,1992,0,0,0,NA,0,112T2,NEWGROVE ST,ELM AV,0,NA,Y,A,-,N,NA,NA,NA,NA,NA,NA,NA,NA,NA,N,3,0,1,2,A,-,12,22450,A,N,D,G,A,A,H,-,A,A,0,NA,Y,NA,NA,Y,NA,L,04,0,1,0,0,0,0,1,0,0,-,-,NA,NA,LOS ANGELES,LANCASTER,-118.1414794921875,34.69419860839844
9597363,2023,2023-08-07,1920,2023-07-25,2031,14050,1920,2,5,6,1920,0,0,0,NA,0,006,LAKEWOOD BL,MARGARET ST,0,NA,Y,A,-,N,NA,NA,NA,NA,NA,NA,NA,NA,NA,N,4,0,4,2,A,-,03,22350,NA,M,C,C,A,A,H,-,C,A,0,NA,NA,NA,NA,Y,NA,A,01,0,0,4,0,0,0,0,0,0,-,-,NA,NA,LOS ANGELES,DOWNEY,-118.1252212524414,33.93376159667969
9597364,2023,2023-08-17,1920,2023-07-27,1628,14072,NA,4,5,6,1920,0,0,0,NA,0,006,LAKEWOOD BL,RT 105,260,S,N,A,-,Y,LA,7,105,-,R,15.579,R,4,W,Y,3,0,1,2,A,-,08,22107,NA,N,B,C,A,A,H,-,A,A,0,NA,NA,NA,NA,Y,NA,A,01,0,1,0,0,0,0,0,0,0,-,WF,NA,NA,LOS ANGELES,DOWNEY,-118.14369201660156,33.91319274902344
9597365,2023,2023-08-07,1920,2023-07-21,1452,14072,NA,5,5,6,1920,0,0,0,NA,0,005,FLORENCE AV,WESTERN AV,106,E,N,A,-,N,NA,NA,NA,NA,NA,NA,NA,NA,NA,N,3,0,1,2,A,-,09,21804,A,N,H,A,A,A,H,-,A,A,0,NA,NA,Y,NA,Y,NA,C,02,0,1,0,0,0,0,0,0,1,-,-,NA,NA,LOS ANGELES,DOWNEY,-118.12754058837892,33.95232391357422
9597366,2023,2023-08-07,1920,2023-07-11,1143,11792,NA,2,5,6,1920,0,0,0,NA,0,NA,HORLEY AV,SUVA ST,0,NA,Y,A,-,N,NA,NA,NA,NA,NA,NA,NA,NA,NA,N,4,0,1,2,D,-,00,NA,NA,N,D,C,A,A,H,-,A,A,0,NA,NA,NA,NA,Y,NA,-,-,0,0,1,0,0,0,0,0,0,-,-,NA,NA,LOS ANGELES,DOWNEY,-118.13052368164064,33.962364196777344
9597367,2023,2023-08-07,1920,2023-07-11,1443,11792,1920,2,5,6,1920,0,0,0,NA,0,005,LAKEWOOD BL,CECILIA ST,0,NA,Y,A,-,N,NA,NA,NA,NA,NA,NA,NA,NA,NA,N,4,0,2,2,A,-,09,21801,A,N,D,C,A,A,H,-,A,A,0,NA,NA,NA,NA,Y,NA,A,07,0,0,2,0,0,0,0,0,0,-,-,NA,NA,LOS ANGELES,DOWNEY,-118.12187957763672,33.93902587890625
9597368,2023,2023-08-07,1920,2023-07-10,1204,11792,1920,1,5,6,1920,0,0,0,NA,0,005,FLORENCE AV,PARAMOUNT BL,0,NA,Y,A,-,N,NA,NA,NA,NA,NA,NA,NA,NA,NA,N,4,0,1,3,D,-,00,NA,NA,N,C,C,A,A,H,-,A,A,0,NA,NA,NA,NA,Y,NA,-,-,0,0,1,0,0,0,0,0,0,-,-,NA,NA,LOS ANGELES,DOWNEY,-118.13005065917967,33.95355224609375
9597369,2023,2023-08-07,1976,2023-07-05,123,530,NA,3,5,3,1964,0,0,0,NA,0,002,FLORENCE AV,NORWALK BL,79,W,N,A,-,N,NA,NA,NA,NA,NA,NA,NA,NA,NA,Y,3,0,1,2,A,-,11,21954,A,N,G,B,D,A,H,-,C,A,0,Y,NA,NA,NA,Y,Y,N,60,0,1,0,0,1,0,0,0,0,-,-,NA,NA,LOS ANGELES,SANTA FE SPRINGS,-118.07298278808594,33.93534851074219
9597379,2023,2023-08-07,1900,2023-07-25,1140,606663,1614,2,5,5,1977,0,0,0,NA,0,168T,AVALON BL,DOMINGUEZ ST,0,NA,Y,A,-,N,NA,NA,NA,NA,NA,NA,NA,NA,NA,N,4,0,1,2,A,-,12,21453,A,N,D,C,A,A,H,-,A,A,0,NA,NA,NA,NA,Y,NA,A,01,0,0,1,0,0,0,0,0,0,-,-,33.84186935424805,-118.2628173828125,LOS ANGELES,CARSON,-118.26282501220705,33.841861724853516
9597380,2023,2023-08-07,1900,2023-07-25,1440,606663,1622,2,5,5,1977,0,0,0,NA,0,168T,CARSON ST,EVONDA AV,12,N,N,A,-,N,NA,NA,NA,NA,NA,NA,NA,NA,NA,Y,4,0,6,2,A,-,09,21801,A,N,D,C,A,A,H,-,A,D,0,NA,NA,NA,NA,Y,NA,A,01,0,0,6,0,0,0,0,0,0,-,-,33.831668853759766,-118.2196807861328,LOS ANGELES,CARSON,-118.21971130371094,33.831729888916016
9597381,2023,2023-10-03,1975,2023-06-03,809,478,WCPD,6,5,6,1975,0,0,0,NA,0,NA,SUNSET AV,BADILLO ST,0,NA,Y,A,-,N,NA,NA,NA,NA,NA,NA,NA,NA,NA,N,3,0,5,2,A,-,12,21453,A,N,D,C,A,A,H,-,A,A,0,NA,NA,NA,NA,Y,NA,D,22,0,1,4,0,0,0,0,0,0,-,-,34.086761474609375,-117.93415832519533,LOS ANGELES,WEST COVINA,-117.93423461914064,34.086700439453125
9597382,2023,2023-08-14,1975,2023-06-05,1646,482,WCPD,1,5,6,1975,0,0,0,NA,0,006,AMAR RD,PASEO MERIDA,10,W,N,A,-,N,NA,NA,NA,NA,NA,NA,NA,NA,NA,Y,4,0,1,2,A,-,08,22107,NA,N,D,C,A,A,H,-,A,A,0,NA,NA,NA,NA,Y,NA,A,07,0,0,1,0,0,0,0,0,0,-,-,34.027320861816406,-117.89708709716795,LOS ANGELES,WEST COVINA,-117.89707946777344,34.027225494384766
9597385,2023,2023-08-14,1900,2023-06-13,1621,655542,1331,2,5,5,1908,0,0,0,NA,0,133A,BELLFLOWER BL,ARTHURDALE ST,53,S,N,A,-,N,NA,NA,NA,NA,NA,NA,NA,NA,NA,Y,3,0,1,2,-,-,-,NA,NA,N,B,C,A,A,H,-,A,A,0,NA,NA,NA,NA,Y,NA,-,-,0,1,0,0,0,0,0,0,0,-,-,NA,NA,LOS ANGELES,BELLFLOWER,-118.12555694580078,33.90620040893555
9597386,2023,2023-08-14,1900,2023-06-02,1720,639813,1368,5,5,5,1952,0,0,0,NA,0,136B,PARAMOUNT BL,MADISON ST,0,NA,Y,A,-,N,NA,NA,NA,NA,NA,NA,NA,NA,NA,Y,4,0,1,2,A,-,09,21802,A,N,D,C,A,A,H,-,A,A,0,NA,NA,NA,NA,Y,NA,A,07,0,0,1,0,0,0,0,0,0,-,-,NA,NA,LOS ANGELES,PARAMOUNT,-118.16014862060548,33.89109420776367
9597387,2023,2023-08-14,1900,2023-06-22,1340,620747,1335,4,5,5,1908,0,0,0,NA,0,132F1,DOWNEY AV,CEDAR ST,0,NA,Y,A,-,N,NA,NA,NA,NA,NA,NA,NA,NA,NA,Y,3,0,4,2,A,-,09,21801,A,N,A,C,A,A,H,-,A,A,0,NA,NA,NA,NA,Y,NA,A,01,0,4,0,0,0,0,0,0,0,-,-,NA,NA,LOS ANGELES,BELLFLOWER,-118.15129089355467,33.87105941772461
9597393,2023,2023-08-14,1900,2023-06-02,2030,654793,1351,5,5,3,1927,0,0,0,NA,0,135B,NORWALK BL,224TH ST,102,S,N,A,-,N,NA,NA,NA,NA,NA,NA,NA,NA,NA,Y,3,0,2,2,A,-,03,22350,NA,N,C,C,A,A,H,-,C,D,0,NA,NA,NA,NA,Y,NA,A,01,0,2,0,0,0,0,0,0,0,-,-,NA,NA,LOS ANGELES,HAWAIIAN GARDENS,-118.07181549072266,33.82516098022461
9597394,2023,2023-08-14,1900,2023-06-21,2215,654688,1349,3,5,3,1903,0,0,0,NA,0,134,183RD ST,NORWALK BL,0,NA,Y,A,-,N,NA,NA,NA,NA,NA,NA,NA,NA,NA,Y,3,0,2,2,A,-,12,21453,A,N,D,C,A,A,H,-,C,A,0,NA,NA,NA,NA,Y,NA,A,08,0,1,1,0,0,0,0,0,0,-,-,NA,NA,LOS ANGELES,ARTESIA,-118.07245635986328,33.86579513549805
9597395,2023,2023-08-14,1900,2023-06-17,2035,646909,1368,6,5,5,1952,0,0,0,NA,0,136D,INDIANA AV,JACKSON ST,0,NA,Y,A,-,N,NA,NA,NA,NA,NA,NA,NA,NA,NA,Y,3,0,2,2,A,-,12,22450,A,N,F,C,A,A,H,-,C,D,0,NA,NA,NA,NA,Y,NA,A,01,0,2,0,0,0,0,0,0,0,-,-,NA,NA,LOS ANGELES,PARAMOUNT,-118.15343475341795,33.885440826416016
9597396,2023,2023-08-14,1900,2023-06-21,1728,638628,1328,3,5,5,1935,0,0,0,NA,0,132T2,207TH ST,SEINE AV,286,E,N,A,-,N,NA,NA,NA,NA,NA,NA,NA,NA,NA,N,3,0,1,2,A,-,09,21804,A,N,B,C,A,A,H,-,A,D,0,NA,NA,NA,NA,Y,NA,A,01,0,1,0,0,0,0,0,0,0,-,-,NA,NA,LOS ANGELES,LAKEWOOD,-118.07772064208984,33.842350006103516
9597397,2023,2023-08-14,1900,2023-06-04,1230,654794,1327,7,5,5,1908,0,0,0,NA,0,134,DEL AMO BL,LOS COYOTES BL,25,S,N,A,-,N,NA,NA,NA,NA,NA,NA,NA,NA,NA,Y,4,0,3,2,A,-,09,21802,A,N,D,C,A,A,H,-,A,D,0,NA,NA,NA,NA,Y,NA,A,01,0,0,3,0,0,0,0,0,0,-,-,NA,NA,LOS ANGELES,BELLFLOWER,-118.08490753173828,33.84592819213867
9597398,2023,2023-08-14,1900,2023-06-23,840,648577,1365,5,5,5,1952,0,0,0,NA,0,136T1,CENTURY BL,KLONDIKE AV,0,NA,Y,A,-,N,NA,NA,NA,NA,NA,NA,NA,NA,NA,N,3,0,1,2,A,-,06,21750,A,N,D,C,A,A,H,-,A,D,0,NA,NA,NA,NA,Y,NA,A,01,0,1,0,0,0,0,0,0,0,-,-,NA,NA,LOS ANGELES,PARAMOUNT,-118.15322113037108,33.907203674316406