CASE_ID,ACCIDENT_YEAR,PROC_DATE,JURIS,COLLISION_DATE,COLLISION_TIME,OFFICER_ID,REPORTING_DISTRICT,DAY_OF_WEEK,CHP_SHIFT,POPULATION,CNTY_CITY_LOC,SPECIAL_COND,BEAT_TYPE,CHP_BEAT_TYPE,CITY_DIVISION_LAPD,CHP_BEAT_CLASS,BEAT_NUMBER,PRIMARY_RD,SECONDARY_RD,DISTANCE,DIRECTION,INTERSECTION,WEATHER_1,WEATHER_2,STATE_HWY_IND,CALTRANS_COUNTY,CALTRANS_DISTRICT,STATE_ROUTE,ROUTE_SUFFIX,POSTMILE_PREFIX,POSTMILE,LOCATION_TYPE,RAMP_INTERSECTION,SIDE_OF_HWY,TOW_AWAY,COLLISION_SEVERITY,NUMBER_KILLED,NUMBER_INJURED,PARTY_COUNT,PRIMARY_COLL_FACTOR,PCF_CODE_OF_VIOL,PCF_VIOL_CATEGORY,PCF_VIOLATION,PCF_VIOL_SUBSECTION,HIT_AND_RUN,TYPE_OF_COLLISION,MVIW,PED_ACTION,ROAD_SURFACE,ROAD_COND_1,ROAD_COND_2,LIGHTING,CONTROL_DEVICE,CHP_ROAD_TYPE,PEDESTRIAN_ACCIDENT,BICYCLE_ACCIDENT,MOTORCYCLE_ACCIDENT,TRUCK_ACCIDENT,NOT_PRIVATE_PROPERTY,ALCOHOL_INVOLVED,STWD_VEHTYPE_AT_FAULT,CHP_VEHTYPE_AT_FAULT,COUNT_SEVERE_INJ,COUNT_VISIBLE_INJ,COUNT_COMPLAINT_PAIN,COUNT_PED_KILLED,COUNT_PED_INJURED,COUNT_BICYCLIST_KILLED,COUNT_BICYCLIST_INJURED,COUNT_MC_KILLED,COUNT_MC_INJURED,PRIMARY_RAMP,SECONDARY_RAMP,LATITUDE,LONGITUDE,COUNTY,CITY,POINT_X,POINT_Y
9601832,2023,2023-09-14,1920,2023-08-16,1926,14050,1920,3,5,6,1920,0,0,0,NA,0,001,IMPERIAL HWY,LAKEWOOD BL,382,E,N,A,-,N,NA,NA,NA,NA,NA,NA,NA,NA,NA,N,2,0,1,2,A,-,11,21950,B,N,G,B,E,A,H,-,A,D,0,Y,NA,NA,NA,Y,NA,N,60,1,0,0,0,1,0,0,0,0,-,-,NA,NA,LOS ANGELES,DOWNEY,-118.13640594482422,33.916961669921875
9601834,2023,2023-09-21,1942,2023-08-08,1858,45455,0811,2,5,7,1942,0,0,0,H,0,8A1,PACIFIC COAST HWY,ENTRADA DR,0,NA,Y,A,-,Y,LA,7,1,-,-,37.001,I,5,S,Y,2,0,1,3,A,-,08,22101,D,N,D,C,A,A,H,-,A,A,0,NA,NA,Y,NA,Y,NA,A,07,1,0,0,0,0,0,0,0,1,-,-,NA,NA,LOS ANGELES,LOS ANGELES,-118.51891326904295,34.02778244018555
9601847,2023,2023-08-17,1900,2023-06-16,2035,658305,2111,5,5,5,1943,0,0,0,NA,0,212T3,IMPERIAL HWY,FERNWOOD AV,0,NA,Y,A,-,N,NA,NA,NA,NA,NA,NA,NA,NA,NA,N,4,0,1,2,A,-,04,21703,NA,N,C,C,A,A,H,-,C,A,0,NA,NA,NA,NA,Y,NA,A,07,0,0,1,0,0,0,0,0,0,-,-,33.930240631103516,-118.22090911865234,LOS ANGELES,LYNWOOD,-118.22074127197266,33.9302978515625
9601851,2023,2023-08-17,1900,2023-06-17,200,658305,2111,6,5,5,1943,0,0,0,NA,0,212T4,MARTIN LUTHER KING BL,N ALAMEDA ST,26,W,N,A,-,N,NA,NA,NA,NA,NA,NA,NA,NA,NA,Y,4,0,1,1,A,-,03,22350,NA,N,E,I,A,A,H,-,C,D,0,NA,NA,NA,NA,Y,NA,D,22,0,0,1,0,0,0,0,0,0,-,-,33.9382209777832,-118.22667694091795,LOS ANGELES,LYNWOOD,-118.22664642333984,33.938209533691406
9601855,2023,2023-08-17,1900,2023-06-19,1139,513435,2111,1,5,5,1943,0,0,0,NA,0,2111,LONG BEACH BL,ALMA AV,60,S,N,A,-,N,NA,NA,NA,NA,NA,NA,NA,NA,NA,Y,4,0,1,2,A,-,03,22350,NA,N,C,D,A,A,G,-,A,-,0,NA,NA,NA,NA,Y,NA,A,01,0,0,1,0,0,0,0,0,0,-,-,NA,NA,LOS ANGELES,LYNWOOD,-118.21308135986328,33.935211181640625
9601906,2023,2023-08-17,1941,2023-06-14,2124,10120,SOUTH,3,5,7,1941,0,0,0,NA,0,006,W 8TH ST,MAGNOLIA AV,0,NA,Y,B,-,N,NA,NA,NA,NA,NA,NA,NA,NA,NA,Y,4,0,1,2,A,-,12,22450,A,N,D,C,A,A,H,-,C,D,0,NA,NA,NA,NA,Y,NA,A,01,0,0,1,0,0,0,0,0,0,-,-,33.77655029296875,-118.19802856445313,LOS ANGELES,LONG BEACH,-118.19803619384766,33.77658462524414
9601910,2023,2023-08-21,1941,2023-04-08,1038,6185,4,6,5,7,1941,0,0,0,NA,0,001,W HILL ST,SANTA FE AV,0,NA,Y,A,-,N,NA,NA,NA,NA,NA,NA,NA,NA,NA,N,4,0,1,2,A,-,12,21453,A,N,D,C,A,A,H,-,A,A,0,NA,NA,NA,NA,Y,NA,I,12,0,0,1,0,0,0,0,0,0,-,-,33.7971305847168,-118.21543121337892,LOS ANGELES,LONG BEACH,-118.21552276611328,33.79713439941406
9601912,2023,2023-08-18,1900,2023-07-02,1320,648049,0263,7,5,4,1917,0,0,0,NA,0,26T,ATLANTIC AV,CECILIA ST,0,NA,Y,A,-,N,NA,NA,NA,NA,NA,NA,NA,NA,NA,Y,4,0,1,2,A,-,03,22350,A,N,D,C,A,A,H,-,A,A,0,NA,Y,NA,Y,Y,NA,L,04,0,0,1,0,0,0,1,0,0,-,-,NA,NA,LOS ANGELES,CUDAHY,-118.18518829345705,33.958953857421875
9601938,2023,2023-12-22,1931,2023-07-17,1250,5353,1931,1,5,5,1931,0,0,0,NA,0,001,GAGE AV,RITA AV,15,W,N,A,-,N,NA,NA,NA,NA,NA,NA,NA,NA,NA,N,4,0,1,2,A,-,12,21453,A,N,D,C,A,A,H,-,A,D,0,NA,NA,NA,NA,Y,NA,A,01,0,0,1,0,0,0,0,0,0,-,-,NA,NA,LOS ANGELES,HUNTINGTON PARK,-118.22393035888672,33.98162841796875
9601983,2023,2023-08-09,1916,2023-07-20,2319,2673,W39R1,4,5,4,1916,0,0,0,NA,0,WEST,CYPRESS ST,BARRANCA AV,425,W,N,A,-,N,NA,NA,NA,NA,NA,NA,NA,NA,NA,Y,3,0,2,2,A,-,21,22106,NA,N,D,C,A,A,H,-,C,D,0,NA,NA,NA,NA,Y,Y,-,-,0,2,0,0,0,0,0,0,0,-,-,NA,NA,LOS ANGELES,COVINA,-117.88279724121094,34.095733642578125
9601984,2023,2023-08-09,1916,2023-07-21,1717,3049,D27P1,5,5,4,1916,0,0,0,NA,0,DOWNTO,BADILLO ST,4TH AV,0,NA,Y,A,-,N,NA,NA,NA,NA,NA,NA,NA,NA,NA,Y,4,0,2,2,A,-,09,21801,A,N,D,C,A,A,H,-,A,A,0,NA,NA,NA,NA,Y,NA,A,01,0,0,2,0,0,0,0,0,0,-,-,NA,NA,LOS ANGELES,COVINA,-117.89450073242188,34.0863037109375
9601985,2023,2023-08-09,1916,2023-07-10,1447,2936,E47C1,1,5,4,1916,0,0,0,NA,0,00E,BARRANCA AV,SAN BERNARDINO RD,33,S,N,A,-,N,NA,NA,NA,NA,NA,NA,NA,NA,NA,N,3,0,1,2,A,-,11,21950,B,N,D,G,A,A,H,-,A,A,0,NA,Y,NA,NA,Y,NA,L,04,0,1,0,0,0,0,1,0,0,-,-,34.090789794921875,-117.88133239746094,LOS ANGELES,COVINA,-117.88134765625,34.0906982421875
9601986,2023,2023-08-09,1938,2023-07-02,1431,1132,NA,7,5,4,1938,0,0,0,NA,0,003,ARROW HWY,GATE 15,343,W,N,A,-,N,NA,NA,NA,NA,NA,NA,NA,NA,NA,Y,3,0,1,1,A,-,03,22350,NA,N,E,J,A,A,H,-,A,A,0,NA,NA,Y,NA,Y,NA,C,02,0,1,0,0,0,0,0,0,1,-,-,NA,NA,LOS ANGELES,LA VERNE,NA,NA
9601992,2023,2023-08-09,1900,2023-07-25,1235,606632,2928,2,5,5,1990,0,0,0,NA,0,292T1,GOLDEN SPRINGS DR,BREA CANYON RD,190,W,N,A,-,N,NA,NA,NA,NA,NA,NA,NA,NA,NA,Y,4,0,2,2,A,-,09,21804,A,N,D,C,A,A,A,-,A,A,0,NA,NA,NA,NA,Y,NA,A,01,0,0,2,0,0,0,0,0,0,-,-,33.99959945678711,-117.84493255615234,LOS ANGELES,DIAMOND BAR,-117.84510040283205,34.000457763671875
9601993,2023,2023-08-09,1900,2023-07-19,1705,628017,2928,3,5,5,1990,0,0,0,NA,0,292K1,LEMON AV,EARLGATE ST,0,NA,Y,A,-,N,NA,NA,NA,NA,NA,NA,NA,NA,NA,Y,3,0,2,2,A,-,09,21801,A,N,D,C,A,A,H,-,A,D,0,NA,NA,NA,NA,Y,NA,A,01,0,2,0,0,0,0,0,0,0,-,-,34.000301361083984,-117.85533905029295,LOS ANGELES,DIAMOND BAR,-117.85530090332033,34.00027084350586
9602001,2023,2023-08-07,1928,2023-07-13,2118,50420,509,4,5,5,1928,0,0,0,NA,0,502,EL SEGUNDO BL,CRENSHAW BL,60,W,N,A,-,N,NA,NA,NA,NA,NA,NA,NA,NA,NA,N,4,0,1,2,A,-,09,21804,A,N,D,C,A,A,H,-,C,A,0,NA,NA,NA,NA,Y,NA,A,01,0,0,1,0,0,0,0,0,0,-,-,33.91638946533203,-118.32650756835938,LOS ANGELES,HAWTHORNE,-118.32679748535156,33.916439056396484
9602002,2023,2023-08-07,1928,2023-07-15,1525,50432,521,6,5,5,1928,0,0,0,NA,0,503,ROSECRANS AV,CERISE AV,0,NA,Y,A,-,N,NA,NA,NA,NA,NA,NA,NA,NA,NA,Y,2,0,1,2,A,-,08,22107,NA,N,D,C,A,A,H,-,A,A,0,NA,NA,Y,NA,Y,NA,A,01,1,0,0,0,0,0,0,0,1,-,-,33.901878356933594,-118.33299255371094,LOS ANGELES,HAWTHORNE,-118.33303833007813,33.90192794799805
9602009,2023,2023-08-07,1976,2023-07-09,2151,216,NA,7,5,5,1976,0,0,0,NA,0,NA,GREENLEAF AV,LAMBERT RD,0,NA,Y,A,-,N,NA,NA,NA,NA,NA,NA,NA,NA,NA,Y,2,0,2,2,A,-,12,21453,A,N,D,C,A,A,H,-,C,A,0,NA,NA,NA,NA,Y,NA,A,07,1,1,0,0,0,0,0,0,0,-,-,NA,NA,LOS ANGELES,WHITTIER,-118.04190063476564,33.960906982421875
9602010,2023,2023-08-07,1976,2023-07-05,1104,555,NA,3,5,5,1976,0,0,0,NA,0,NA,SANTA FE SPRINGS RD,MCGEE DR,30,S,N,A,-,N,NA,NA,NA,NA,NA,NA,NA,NA,NA,NA,3,0,1,1,A,-,08,22107,NA,N,F,A,A,A,H,-,A,D,0,NA,NA,Y,NA,Y,NA,C,02,0,1,0,0,0,0,0,0,1,-,-,NA,NA,LOS ANGELES,WHITTIER,-118.04939270019533,33.960304260253906
9602011,2023,2023-08-07,1976,2023-07-04,2335,553,NA,2,5,5,1976,0,0,0,NA,0,002,MAR VISTA ST,GREENLEAF AV,0,NA,Y,A,-,N,NA,NA,NA,NA,NA,NA,NA,NA,NA,Y,4,0,1,2,A,-,09,21801,A,N,D,C,A,A,H,-,C,A,0,NA,NA,NA,NA,Y,NA,A,01,0,0,1,0,0,0,0,0,0,-,-,NA,NA,LOS ANGELES,WHITTIER,-118.03736877441406,33.97365951538086
9602030,2023,2023-08-08,1931,2023-07-10,1236,5349,1931,1,5,5,1931,0,0,0,NA,0,004,FLORENCE AV,CEDAR ST,71,W,N,A,-,N,NA,NA,NA,NA,NA,NA,NA,NA,NA,N,4,0,1,2,A,-,08,22107,NA,N,C,G,A,A,H,-,A,D,0,NA,Y,Y,NA,Y,NA,L,04,0,0,1,0,0,0,1,0,0,-,-,NA,NA,LOS ANGELES,HUNTINGTON PARK,-118.21365356445313,33.97299575805664
9602034,2023,2023-08-08,1902,2023-07-17,1637,837,20,1,5,5,1902,0,0,0,NA,0,004,DUARTE RD,BALDWIN AV,262,E,N,A,-,N,NA,NA,NA,NA,NA,NA,NA,NA,NA,N,4,0,1,2,A,-,03,22350,NA,N,C,C,A,A,H,-,A,D,0,NA,NA,NA,NA,Y,NA,A,01,0,0,1,0,0,0,0,0,0,-,-,NA,NA,LOS ANGELES,ARCADIA,-118.0540771484375,34.126190185546875
9602042,2023,2023-08-09,1900,2023-07-20,1739,632868,1622,4,5,5,1977,0,0,0,NA,0,167T1,SANTA FE AV,CARSON ST,275,S,N,A,-,N,NA,NA,NA,NA,NA,NA,NA,NA,NA,Y,3,0,1,1,A,-,03,22350,NA,N,E,I,A,A,H,-,A,A,0,NA,NA,Y,NA,Y,NA,C,02,0,1,0,0,0,0,0,0,1,-,-,33.83094024658203,-118.21711730957033,LOS ANGELES,CARSON,-118.21707916259766,33.83099365234375
9602043,2023,2023-08-09,1900,2023-07-23,1736,626048,1616,7,5,5,1977,0,0,0,NA,0,164T1,CENTRAL AV,UNIVERSITY DR,0,NA,Y,B,-,N,NA,NA,NA,NA,NA,NA,NA,NA,NA,Y,4,0,1,2,A,-,09,21801,A,N,D,C,A,A,H,-,A,A,0,NA,NA,NA,NA,Y,NA,A,01,0,0,1,0,0,0,0,0,0,-,-,33.85771942138672,-118.2484893798828,LOS ANGELES,CARSON,-118.24862670898438,33.85765838623047
9602069,2023,2023-08-08,1900,2023-07-03,500,658343,1610,1,5,5,1977,0,0,0,NA,0,160T,AVALON BL,GARDENA BL,393,S,N,A,-,N,NA,NA,NA,NA,NA,NA,NA,NA,NA,N,3,0,1,2,A,-,03,22350,NA,M,C,C,A,A,H,-,C,A,0,NA,NA,NA,NA,Y,NA,A,07,0,1,0,0,0,0,0,0,0,-,-,33.88145065307617,-118.26473236083984,LOS ANGELES,CARSON,-118.26473999023438,33.88127517700195
9602070,2023,2023-08-08,1900,2023-07-12,1709,643228,0625,3,5,6,1985,0,0,0,NA,0,62T1,LYONS AV,ARCADIA ST,0,NA,Y,A,-,N,NA,NA,NA,NA,NA,NA,NA,NA,NA,N,4,0,2,2,A,-,09,21801,A,N,D,C,A,A,H,-,A,D,0,NA,NA,NA,NA,Y,NA,A,01,0,0,2,0,0,0,0,0,0,-,-,34.380088806152344,-118.53678131103516,LOS ANGELES,SANTA CLARITA,-118.5367431640625,34.380062103271484
9602071,2023,2023-08-08,1900,2023-07-06,2040,618139,0644,4,5,6,1985,0,0,0,NA,0,64T1,VALENCIA BL,CINEMA DR,426,W,N,A,-,N,NA,NA,NA,NA,NA,NA,NA,NA,NA,N,4,0,2,2,A,-,07,21658,A,N,B,C,A,A,H,-,C,D,0,NA,NA,NA,NA,Y,NA,A,01,0,0,2,0,0,0,0,0,0,-,-,34.42028045654297,-118.54799652099608,LOS ANGELES,SANTA CLARITA,-118.5481414794922,34.41996383666992
9602080,2023,2023-08-08,1900,2023-07-13,2345,627368,2923,4,5,5,1990,0,0,0,NA,0,NA,LONGVIEW DR,BROOKWOOD DR,226,N,N,A,-,N,NA,NA,NA,NA,NA,NA,NA,NA,NA,NA,3,0,1,2,A,-,08,22107,NA,N,C,E,A,A,H,-,C,D,0,NA,NA,NA,NA,Y,NA,A,01,0,1,0,0,0,0,0,0,0,-,-,33.99937057495117,-117.79020690917967,LOS ANGELES,DIAMOND BAR,-117.79020690917967,33.99924850463867
9602141,2023,2023-08-15,1916,2023-07-16,2029,2955,W19C1,7,5,4,1916,0,0,0,NA,0,WEST,AZUSA AV,BADILLO ST,0,NA,Y,A,-,N,NA,NA,NA,NA,NA,NA,NA,NA,NA,N,2,0,1,4,A,-,01,23152,A,N,D,C,A,A,H,-,C,A,0,NA,NA,NA,NA,Y,Y,A,01,1,0,0,0,0,0,0,0,0,-,-,34.08631134033203,-117.9076690673828,LOS ANGELES,COVINA,-117.90784454345705,34.08633041381836
9602142,2023,2023-08-15,1916,2023-07-31,615,2059,W38R1,1,5,4,1916,0,0,0,NA,0,EAST,BARRANCA AV,CIENEGA AV,0,NA,Y,A,-,N,NA,NA,NA,NA,NA,NA,NA,NA,NA,Y,3,0,1,2,A,-,12,21453,A,N,D,C,A,A,H,-,A,A,0,NA,NA,NA,NA,Y,NA,A,01,0,1,0,0,0,0,0,0,0,-,-,34.10306167602539,-117.88146209716795,LOS ANGELES,COVINA,-117.8814697265625,34.10304260253906
9602151,2023,2023-08-15,1972,2023-07-15,1051,21239,NA,6,5,6,1972,0,0,0,NA,0,NA,MISTY MORNING RD,AMBERLEAF RD,50,W,N,A,-,N,NA,NA,NA,NA,NA,NA,NA,NA,NA,N,4,0,1,2,A,-,21,22106,NA,N,G,B,F,A,H,-,A,A,0,Y,NA,NA,NA,Y,NA,A,01,0,0,1,0,1,0,0,0,0,-,-,NA,NA,LOS ANGELES,TORRANCE,-118.33837890625,33.79072189331055
9602152,2023,2023-08-15,1972,2023-07-23,1107,22176,NA,7,5,6,1972,0,0,0,NA,0,NA,MADRONA AV,FASHION WY,0,NA,Y,A,-,N,NA,NA,NA,NA,NA,NA,NA,NA,NA,N,3,0,1,2,A,-,08,22107,NA,N,H,C,A,A,H,-,A,A,0,NA,NA,NA,NA,Y,NA,A,01,0,1,0,0,0,0,0,0,0,-,-,NA,NA,LOS ANGELES,TORRANCE,-118.34506988525392,33.835166931152344
9602172,2023,2023-08-11,1900,2023-07-27,1200,619576,2320,4,5,5,1919,0,0,0,NA,0,230T,183RD ST,STUDEBAKER RD,1000,E,N,A,-,N,NA,NA,NA,NA,NA,NA,NA,NA,NA,Y,3,0,2,2,A,-,09,21804,A,N,D,C,A,A,H,-,A,D,0,NA,NA,NA,NA,Y,NA,A,07,0,2,0,0,0,0,0,0,0,-,-,NA,NA,LOS ANGELES,CERRITOS,-118.0964813232422,33.8656005859375
9602173,2023,2023-08-11,1900,2023-07-23,300,639443,2319,7,5,5,1919,0,0,0,NA,0,231,ARTESIA BL,VALLEY VIEW AV,0,NA,Y,A,-,N,NA,NA,NA,NA,NA,NA,NA,NA,NA,Y,2,0,2,2,A,-,12,21453,A,N,D,C,A,A,H,-,C,A,0,NA,NA,NA,NA,Y,NA,-,-,1,0,1,0,0,0,0,0,0,-,-,33.8732795715332,-118.02883911132813,LOS ANGELES,CERRITOS,-118.02886199951172,33.87324523925781
9602174,2023,2023-08-11,1900,2023-07-22,2047,601709,2313,6,5,5,1919,0,0,0,NA,0,230T,DELANO BL,NORWALK BL,53,E,N,A,-,N,NA,NA,NA,NA,NA,NA,NA,NA,NA,Y,4,0,1,2,A,-,09,21801,A,N,D,C,A,A,H,-,C,A,0,NA,NA,NA,NA,Y,NA,A,01,0,0,1,0,0,0,0,0,0,-,-,33.84000015258789,-118.06999969482422,LOS ANGELES,CERRITOS,NA,NA
9602175,2023,2023-08-11,1900,2023-07-22,1426,601709,2318,6,5,5,1919,0,0,0,NA,0,230T,SHOEMAKER RD,166TH ST,38,S,N,A,-,N,NA,NA,NA,NA,NA,NA,NA,NA,NA,Y,4,0,2,2,A,-,12,21453,A,N,-,C,A,A,H,-,A,A,0,NA,NA,NA,NA,Y,NA,A,01,0,0,2,0,0,0,0,0,0,-,-,33.880001068115234,-118.0500030517578,LOS ANGELES,CERRITOS,-118.0552978515625,33.88034439086914
9602176,2023,2023-08-11,1900,2023-07-19,2200,413834,2321,3,5,5,1919,0,0,0,NA,0,230T,SOUTH ST,GRIDLEY RD,393,W,N,A,-,N,NA,NA,NA,NA,NA,NA,NA,NA,NA,N,4,0,1,2,A,-,08,22107,NA,N,B,D,A,A,H,-,C,A,0,NA,NA,NA,NA,Y,NA,A,01,0,0,1,0,0,0,0,0,0,-,-,NA,NA,LOS ANGELES,CERRITOS,-118.0922622680664,33.858489990234375
9602177,2023,2023-08-11,1900,2023-07-09,1125,546537,2318,7,5,5,1919,0,0,0,NA,0,230T,NORWALK BL,ARTESIA BL,320,N,N,A,-,N,NA,NA,NA,NA,NA,NA,NA,NA,NA,Y,4,0,2,2,A,-,09,21804,A,N,D,C,A,A,H,-,A,A,0,NA,NA,NA,NA,Y,NA,A,01,0,0,2,0,0,0,0,0,0,-,-,33.87409973144531,-118.07254791259766,LOS ANGELES,CERRITOS,-118.07259368896484,33.87405776977539
9602178,2023,2023-08-11,1900,2023-07-08,855,533418,2313,6,5,5,1919,0,0,0,NA,0,230T,DEL AMO BL,STUDEBAKER RD,238,E,N,A,-,N,NA,NA,NA,NA,NA,NA,NA,NA,NA,Y,3,0,1,3,A,-,03,22350,NA,N,C,C,A,A,H,-,A,A,0,NA,NA,NA,NA,Y,NA,A,08,0,1,0,0,0,0,0,0,0,-,-,33.845951080322266,-118.09705352783205,LOS ANGELES,CERRITOS,-118.0973663330078,33.8459587097168
9602179,2023,2023-08-23,1900,2023-07-04,1725,533418,2310,2,5,5,1919,0,0,0,NA,0,230T,ARTESIA BL,ALORA AV,0,NA,Y,A,-,N,NA,NA,NA,NA,NA,NA,NA,NA,NA,Y,3,0,2,2,A,-,12,21453,A,N,D,C,A,A,H,-,A,A,0,NA,NA,NA,NA,Y,NA,-,-,0,1,1,0,0,0,0,0,0,-,-,33.87297058105469,-118.09414672851564,LOS ANGELES,CERRITOS,-118.09417724609376,33.87293243408203
9602241,2023,2023-08-11,1901,2023-06-24,209,171,3,6,5,5,1901,0,0,0,NA,0,001,1ST ST,COMMONWEALTH AVE,0,NA,Y,A,-,N,NA,NA,NA,NA,NA,NA,NA,NA,NA,Y,3,0,1,1,A,-,01,23152,A,N,E,I,A,A,H,-,C,A,0,NA,NA,NA,NA,Y,Y,-,NA,0,1,0,0,0,0,0,0,0,-,-,34.091670989990234,-118.12580871582033,LOS ANGELES,ALHAMBRA,-118.12580108642578,34.09163284301758
9602257,2023,2023-08-11,1942,2023-06-23,2100,43982,1469,5,5,7,1942,0,0,0,N,0,14A67,W CENTINELA,S LA TIJEREA BLVD,0,NA,Y,A,-,N,NA,NA,NA,NA,NA,NA,NA,NA,NA,N,2,0,1,2,A,-,10,21950,A,F,G,B,B,A,H,-,C,A,0,Y,NA,NA,NA,Y,NA,-,99,1,0,0,0,1,0,0,0,0,-,-,NA,NA,LOS ANGELES,LOS ANGELES,-118.371826171875,33.97731399536133
9602258,2023,2023-08-11,1942,2023-06-29,1347,42656,2027,4,5,7,1942,0,0,0,NA,0,27TL25,6TH ST,ALEXANDRIA AV,70,E,N,A,-,N,NA,NA,NA,NA,NA,NA,NA,NA,NA,N,4,0,1,2,B,-,22,NA,NA,N,G,B,F,A,H,-,A,D,0,Y,Y,NA,NA,Y,NA,L,04,0,0,1,0,1,0,0,0,0,-,-,NA,NA,LOS ANGELES,LOS ANGELES,-118.29769897460938,34.063602447509766
9602259,2023,2023-08-14,1942,2023-06-24,221,41210,0646,6,5,7,1942,0,0,0,F,0,27T33,SUNSET BLVD,COLE PL,24,E,N,A,-,N,NA,NA,NA,NA,NA,NA,NA,NA,NA,N,2,0,1,2,A,-,11,21954,A,F,G,B,D,A,H,-,C,A,0,Y,NA,NA,NA,Y,NA,N,60,1,0,0,0,1,0,0,0,0,-,-,NA,NA,LOS ANGELES,LOS ANGELES,-118.33022308349608,34.097991943359375
9602260,2023,2023-08-10,1942,2023-06-25,2230,37511,0678,7,5,7,1942,0,0,0,F,0,27T35,MELROSE AV,OXFORD AV,0,NA,Y,A,-,N,NA,NA,NA,NA,NA,NA,NA,NA,NA,Y,2,0,1,2,A,-,06,21750,A,N,D,C,A,A,H,-,C,D,0,NA,NA,Y,NA,Y,NA,C,02,1,0,0,0,0,0,0,0,1,-,-,NA,NA,LOS ANGELES,LOS ANGELES,-118.30796813964844,34.08351135253906
9602261,2023,2023-08-11,1942,2023-06-30,340,44792,0625,5,5,7,1942,0,0,0,F,0,6A45W3,FRANKLIN AV,HIGHLAND AV,0,NA,Y,A,-,N,NA,NA,NA,NA,NA,NA,NA,NA,NA,Y,4,0,1,2,A,-,17,21657,NA,F,B,C,A,A,H,-,C,A,0,NA,NA,Y,NA,Y,NA,A,07,0,0,1,0,0,0,0,0,1,-,-,NA,NA,LOS ANGELES,LOS ANGELES,-118.33834075927734,34.10416030883789
9602262,2023,2023-08-11,1942,2023-06-28,1410,42618,0832,3,5,7,1942,0,0,0,H,0,27TL44,SAN VICENTE BL,MONTANA AV,115,E,N,A,-,N,NA,NA,NA,NA,NA,NA,NA,NA,NA,N,2,0,1,2,A,-,08,22107,NA,N,B,C,A,A,H,-,A,A,0,NA,NA,Y,NA,Y,NA,A,01,1,0,0,0,0,0,0,0,1,-,-,NA,NA,LOS ANGELES,LOS ANGELES,-118.46954345703124,34.05274963378906
9602263,2023,2023-08-11,1942,2023-06-24,1930,45126,2081,6,5,7,1942,0,0,0,NA,0,20A71W,WASHINGTON BL,GRAMERCY PL,0,NA,Y,A,-,N,NA,NA,NA,NA,NA,NA,NA,NA,NA,N,4,0,1,2,A,-,09,21801,A,F,D,G,A,A,H,-,A,A,0,NA,Y,NA,NA,Y,NA,L,04,0,0,1,0,0,0,1,0,0,-,-,NA,NA,LOS ANGELES,LOS ANGELES,-118.31332397460938,34.03990936279297
9602264,2023,2023-08-11,1942,2023-06-24,125,45299,2011,6,5,7,1942,0,0,0,NA,0,20A1W3,BEVERLY BL,BRONSON AV,5,E,N,A,-,N,NA,NA,NA,NA,NA,NA,NA,NA,NA,N,3,0,1,2,A,-,08,22107,NA,N,B,C,A,A,H,-,C,D,0,NA,NA,NA,NA,Y,NA,A,01,0,1,0,0,0,0,0,0,0,-,-,NA,NA,LOS ANGELES,LOS ANGELES,-118.31786346435548,34.07622146606445
9602265,2023,2023-08-11,1942,2023-06-27,1700,42286,2019,2,5,7,1942,0,0,0,NA,0,27T33,BEVERLY BL,WESTMORELAND AV,0,NA,Y,A,-,N,NA,NA,NA,NA,NA,NA,NA,NA,NA,N,4,0,2,2,A,-,09,21801,A,F,D,C,A,A,H,-,A,D,0,NA,NA,NA,NA,Y,NA,-,99,0,0,2,0,0,0,0,0,0,-,-,NA,NA,LOS ANGELES,LOS ANGELES,-118.28797149658205,34.07631301879883
9602271,2023,2023-08-10,1900,2023-06-26,1738,540701,2313,1,5,5,1919,0,0,0,NA,0,230T,DEL AMO BL,STUDEBAKER RD,0,NA,Y,A,-,N,NA,NA,NA,NA,NA,NA,NA,NA,NA,Y,4,0,1,3,A,-,03,22350,NA,N,C,C,A,A,H,-,A,A,0,NA,NA,NA,NA,Y,NA,A,07,0,0,1,0,0,0,0,0,0,-,-,33.34592819213867,-118.09687042236328,LOS ANGELES,CERRITOS,-118.09815216064452,33.8459587097168
9602331,2023,2023-08-10,1942,2023-07-18,1205,43958,0663,2,5,7,1942,0,0,0,F,0,27TL47,SYCAMORE AV,SANTA MONICA BL,0,NA,Y,A,-,N,NA,NA,NA,NA,NA,NA,NA,NA,NA,Y,2,0,1,2,A,-,09,21802,A,N,D,C,A,A,H,-,A,A,0,NA,NA,NA,NA,Y,NA,A,07,1,0,0,0,0,0,0,0,0,-,-,NA,NA,LOS ANGELES,LOS ANGELES,-118.3427963256836,34.09071350097656
9602332,2023,2023-08-10,1942,2023-07-18,1110,37393,0648,2,5,7,1942,0,0,0,F,0,27TL25,SUNSET BL,SAINT ANDREWS PL,4,W,N,A,-,N,NA,NA,NA,NA,NA,NA,NA,NA,NA,N,4,0,1,2,A,-,05,21650,1,N,D,G,A,A,H,-,A,A,0,NA,Y,NA,NA,Y,NA,L,04,0,0,1,0,0,0,1,0,0,-,-,NA,NA,LOS ANGELES,LOS ANGELES,-118.31148529052734,34.09809875488281
9602333,2023,2023-08-10,1942,2023-07-09,2330,44768,0676,7,5,7,1942,0,0,0,F,0,06A15,CAHUENGA BL,MELROSE AV,0,NA,Y,A,-,N,NA,NA,NA,NA,NA,NA,NA,NA,NA,Y,3,0,3,2,A,-,01,23152,A,F,D,C,A,A,H,-,C,A,0,NA,NA,NA,NA,Y,Y,A,07,0,1,2,0,0,0,0,0,0,-,-,NA,NA,LOS ANGELES,LOS ANGELES,-118.32876586914064,34.08347702026367