CASE_ID,ACCIDENT_YEAR,PROC_DATE,JURIS,COLLISION_DATE,COLLISION_TIME,OFFICER_ID,REPORTING_DISTRICT,DAY_OF_WEEK,CHP_SHIFT,POPULATION,CNTY_CITY_LOC,SPECIAL_COND,BEAT_TYPE,CHP_BEAT_TYPE,CITY_DIVISION_LAPD,CHP_BEAT_CLASS,BEAT_NUMBER,PRIMARY_RD,SECONDARY_RD,DISTANCE,DIRECTION,INTERSECTION,WEATHER_1,WEATHER_2,STATE_HWY_IND,CALTRANS_COUNTY,CALTRANS_DISTRICT,STATE_ROUTE,ROUTE_SUFFIX,POSTMILE_PREFIX,POSTMILE,LOCATION_TYPE,RAMP_INTERSECTION,SIDE_OF_HWY,TOW_AWAY,COLLISION_SEVERITY,NUMBER_KILLED,NUMBER_INJURED,PARTY_COUNT,PRIMARY_COLL_FACTOR,PCF_CODE_OF_VIOL,PCF_VIOL_CATEGORY,PCF_VIOLATION,PCF_VIOL_SUBSECTION,HIT_AND_RUN,TYPE_OF_COLLISION,MVIW,PED_ACTION,ROAD_SURFACE,ROAD_COND_1,ROAD_COND_2,LIGHTING,CONTROL_DEVICE,CHP_ROAD_TYPE,PEDESTRIAN_ACCIDENT,BICYCLE_ACCIDENT,MOTORCYCLE_ACCIDENT,TRUCK_ACCIDENT,NOT_PRIVATE_PROPERTY,ALCOHOL_INVOLVED,STWD_VEHTYPE_AT_FAULT,CHP_VEHTYPE_AT_FAULT,COUNT_SEVERE_INJ,COUNT_VISIBLE_INJ,COUNT_COMPLAINT_PAIN,COUNT_PED_KILLED,COUNT_PED_INJURED,COUNT_BICYCLIST_KILLED,COUNT_BICYCLIST_INJURED,COUNT_MC_KILLED,COUNT_MC_INJURED,PRIMARY_RAMP,SECONDARY_RAMP,LATITUDE,LONGITUDE,COUNTY,CITY,POINT_X,POINT_Y
9602565,2023,2023-08-16,1942,2023-07-26,2115,40876,1029,3,5,7,1942,0,0,0,J,0,26T57W,SHERMAN WY,HASKELL AV,315,W,N,A,-,N,NA,NA,NA,NA,NA,NA,NA,NA,NA,Y,4,0,3,3,A,-,01,23152,A,N,C,C,A,A,H,-,C,A,0,NA,NA,NA,NA,Y,Y,A,01,0,0,3,0,0,0,0,0,0,-,-,NA,NA,LOS ANGELES,LOS ANGELES,-118.47592926025392,34.20111846923828
9602566,2023,2023-08-17,1941,2023-07-02,1550,11244,SOUTH,7,5,7,1941,0,0,0,NA,0,008,EAST 7TH ST,MARTIN LUTHER KING JR AV,0,NA,Y,A,-,N,NA,NA,NA,NA,NA,NA,NA,NA,NA,Y,2,0,1,2,D,-,00,NA,NA,N,D,C,A,A,H,-,A,A,0,NA,NA,NA,NA,Y,NA,-,-,1,0,0,0,0,0,0,0,0,-,-,33.77534866333008,-118.1806869506836,LOS ANGELES,LONG BEACH,-118.18067932128906,33.77534484863281
9602567,2023,2023-08-17,1941,2023-07-28,1601,11201,WEST,5,5,7,1941,0,0,0,NA,0,011,EAST PACIFIC COAST HWY,CHERRY AV,350,E,N,A,-,N,NA,NA,NA,NA,NA,NA,NA,NA,NA,Y,3,0,1,2,A,-,01,23152,A,N,C,C,A,A,H,-,A,A,0,NA,NA,NA,NA,Y,Y,A,01,0,1,0,0,0,0,0,0,0,-,-,33.78984832763672,-118.16764831542967,LOS ANGELES,LONG BEACH,-118.16764831542967,33.7898063659668
9602599,2023,2023-08-17,1942,2023-07-06,2040,39586,0884,4,5,7,1942,0,0,0,H,0,8A1W3,PICO BL,SEPULVEDA BL,0,NA,Y,A,-,N,NA,NA,NA,NA,NA,NA,NA,NA,NA,N,2,0,1,2,A,-,00,21954,NA,N,G,B,E,A,H,-,C,A,0,Y,NA,NA,NA,Y,NA,A,01,1,0,0,0,1,0,0,0,0,-,-,NA,NA,LOS ANGELES,LOS ANGELES,-118.43512725830078,34.036991119384766
9602666,2023,2023-08-24,1946,2023-06-16,2215,23-00798,1946,5,5,4,1946,0,0,0,NA,0,003,CALIFORNIA,OLIVE,124,S,N,A,-,N,NA,NA,NA,NA,NA,NA,NA,NA,NA,NA,4,0,1,3,A,-,01,23152,A,N,C,E,A,A,H,-,C,D,0,NA,NA,NA,NA,Y,Y,A,01,0,0,1,0,0,0,0,0,0,-,-,NA,NA,LOS ANGELES,MONROVIA,-117.99497222900392,34.14453887939453
9602689,2023,2023-09-05,1941,2023-06-14,0,11018,NORTH,3,5,7,1941,0,0,0,NA,0,022,SOUTH ST,ORANGE AV,0,NA,Y,A,-,N,NA,NA,NA,NA,NA,NA,NA,NA,NA,N,3,0,1,2,D,-,00,NA,NA,N,B,J,B,A,H,-,C,A,0,Y,NA,NA,NA,Y,NA,-,-,0,1,0,0,1,0,0,0,0,-,-,33.86009979248047,-118.17729949951172,LOS ANGELES,LONG BEACH,-118.17729949951172,33.860107421875
9602690,2023,2023-08-28,1941,2023-04-16,1720,11004,NORTH,7,5,7,1941,0,0,0,NA,0,024,CHERRY AV,E 68TH ST,32,N,N,A,-,N,NA,NA,NA,NA,NA,NA,NA,NA,NA,Y,4,0,3,3,A,-,09,21802,A,N,D,C,A,A,H,-,A,D,0,NA,NA,NA,NA,Y,NA,A,07,0,0,3,0,0,0,0,0,0,-,-,33.87968063354492,-118.16869354248048,LOS ANGELES,LONG BEACH,-118.16880035400392,33.87837600708008
9602691,2023,2023-08-28,1941,2023-06-17,1241,11810,2,6,5,7,1941,0,0,0,NA,0,011,OHIO AV,ANAHEIM ST,15,N,N,A,-,N,NA,NA,NA,NA,NA,NA,NA,NA,NA,NA,2,0,1,2,A,-,21,22106,NA,F,A,A,D,A,H,-,A,D,0,Y,NA,NA,NA,Y,NA,A,01,1,0,0,0,1,0,0,0,0,-,-,33.78324890136719,-118.15923309326172,LOS ANGELES,LONG BEACH,-118.16008758544922,33.782649993896484
9602693,2023,2023-09-05,1941,2023-06-18,1009,11381,EAST,7,5,7,1941,0,0,0,NA,0,013,ANAHEIM RD,STUDEBAKER RD,0,NA,Y,A,-,N,NA,NA,NA,NA,NA,NA,NA,NA,NA,Y,4,0,1,3,A,-,12,21453,A,N,D,C,A,A,H,-,A,A,0,NA,NA,NA,NA,Y,NA,A,01,0,0,1,0,0,0,0,0,0,-,-,33.78152084350586,-118.10266876220705,LOS ANGELES,LONG BEACH,-118.10272216796876,33.78150177001953
9602694,2023,2023-09-05,1941,2023-06-23,1223,6282,EAST,5,5,7,1941,0,0,0,NA,0,017,LOS COYOTES DIAGONAL,WOODRUFF AV,0,NA,Y,A,-,N,NA,NA,NA,NA,NA,NA,NA,NA,NA,Y,4,0,2,2,A,-,12,21453,A,N,D,C,A,A,H,-,A,A,0,NA,NA,NA,NA,Y,NA,A,01,0,0,2,0,0,0,0,0,0,-,-,33.81283187866211,-118.11524963378906,LOS ANGELES,LONG BEACH,-118.11531066894533,33.8127555847168
9602695,2023,2023-09-28,1941,2023-06-23,1140,10977,WEST,5,5,7,1941,0,0,0,NA,0,003,ATLANTIC AV,E 33RD ST,6,N,N,A,-,N,NA,NA,NA,NA,NA,NA,NA,NA,NA,N,4,0,2,2,A,-,09,21801,A,N,D,C,A,A,H,-,A,A,0,NA,NA,NA,NA,Y,NA,A,01,0,0,2,0,0,0,0,0,0,-,-,33.81708908081055,-118.18502044677734,LOS ANGELES,LONG BEACH,-118.18502807617188,33.817115783691406
9602696,2023,2023-08-22,1941,2023-06-15,1521,6185,WEST,4,5,7,1941,0,0,0,NA,0,001,SEABRIGHT AV,SANTA FE AV,0,NA,Y,A,-,N,NA,NA,NA,NA,NA,NA,NA,NA,NA,Y,3,0,1,2,A,-,12,22450,A,N,D,C,A,A,H,-,A,A,0,NA,NA,NA,NA,Y,NA,A,01,0,1,0,0,0,0,0,0,0,-,-,33.800750732421875,-118.21762084960938,LOS ANGELES,LONG BEACH,NA,NA
9602697,2023,2023-09-05,1946,2023-06-05,1543,P49,PASAD,1,5,4,1946,0,0,0,NA,0,002,DUARTE RD,MAYFLOWER,36,E,N,A,-,N,NA,NA,NA,NA,NA,NA,NA,NA,NA,Y,3,0,3,2,A,-,09,21801,A,N,D,C,A,A,H,-,A,A,0,NA,NA,NA,NA,Y,NA,A,01,0,3,0,0,0,0,0,0,0,-,-,NA,NA,LOS ANGELES,MONROVIA,-118.0093231201172,34.13221740722656
9602698,2023,2023-09-08,1946,2023-06-15,1654,P8,1946,4,5,4,1946,0,0,0,NA,0,002,HUNTINGTON,MAYFLOWER,230,W,N,B,-,N,NA,NA,NA,NA,NA,NA,NA,NA,NA,Y,4,0,3,4,A,-,03,22350,NA,N,C,C,A,A,H,-,A,A,0,NA,NA,NA,NA,Y,NA,A,01,0,0,3,0,0,0,0,0,0,-,-,NA,NA,LOS ANGELES,MONROVIA,-118.01034545898438,34.14025115966797
9602699,2023,2023-09-27,1946,2023-06-24,1535,P8,1946,6,5,4,1946,0,0,0,NA,0,002,LONGDEN AV,PECK RD,0,NA,Y,A,-,N,NA,NA,NA,NA,NA,NA,NA,NA,NA,N,3,0,1,2,A,-,11,21954,A,N,G,B,D,A,H,-,A,D,0,Y,NA,NA,NA,Y,NA,N,60,0,1,0,0,1,0,0,0,0,-,-,NA,NA,LOS ANGELES,MONROVIA,-118.00422668457033,34.11402130126953
9602700,2023,2023-08-21,1946,2023-06-27,1628,P20,NA,2,5,4,1946,0,0,0,NA,0,002,PRIMROSE,CHESTNUT,20,S,N,A,-,N,NA,NA,NA,NA,NA,NA,NA,NA,NA,Y,4,0,1,4,A,-,03,22350,NA,N,C,C,A,A,H,-,A,A,0,NA,NA,NA,NA,Y,NA,A,01,0,0,1,0,0,0,0,0,0,-,-,NA,NA,LOS ANGELES,MONROVIA,-118.0030517578125,34.14253616333008
9602701,2023,2023-08-21,1946,2023-06-28,1636,P12,NA,3,5,4,1946,0,0,0,NA,0,003,SHAMROCK,MAPLE,26,S,N,A,-,N,NA,NA,NA,NA,NA,NA,NA,NA,NA,Y,4,0,3,2,A,-,09,21801,A,N,D,D,A,A,H,-,A,D,0,NA,NA,NA,NA,Y,NA,A,01,0,0,3,0,0,0,0,0,0,-,-,NA,NA,LOS ANGELES,MONROVIA,-117.99079895019533,34.14140701293945
9602708,2023,2023-09-14,1941,2023-07-09,1218,11535,WEST,7,5,7,1941,0,0,0,NA,0,004,PACIFIC AV,PACIFIC COAST HWY,187,S,N,A,-,N,NA,NA,NA,NA,NA,NA,NA,NA,NA,Y,4,0,3,2,A,-,08,22107,NA,N,D,C,A,A,H,-,A,D,0,NA,NA,NA,NA,Y,NA,A,01,0,0,3,0,0,0,0,0,0,-,-,33.78929901123047,-118.19332122802734,LOS ANGELES,LONG BEACH,-118.19373321533205,33.78935623168945
9602709,2023,2023-08-22,1941,2023-07-15,1627,11241,WEST,6,5,7,1941,0,0,0,NA,0,003,ELM AV,BURNETT ST,0,NA,Y,A,-,N,NA,NA,NA,NA,NA,NA,NA,NA,NA,N,3,0,1,3,-,-,-,NA,NA,N,A,E,A,A,H,-,A,A,0,NA,NA,NA,NA,Y,NA,A,01,0,1,0,0,0,0,0,0,0,-,-,33.800758361816406,-118.18824005126952,LOS ANGELES,LONG BEACH,-118.1882553100586,33.800743103027344
9602711,2023,2023-09-08,1910,2023-07-30,1041,05412,NA,7,5,4,1910,0,0,0,NA,0,009,BEVERLY BL,N OAKHURST DR,0,NA,Y,A,-,N,NA,NA,NA,NA,NA,NA,NA,NA,NA,Y,3,0,2,2,A,-,09,21804,A,N,D,C,A,A,H,-,A,D,0,NA,NA,NA,NA,Y,NA,A,01,0,2,0,0,0,0,0,0,0,-,-,34.07720184326172,-118.39093780517578,LOS ANGELES,BEVERLY HILLS,-118.39098358154295,34.0771598815918
9602712,2023,2023-08-22,1910,2023-07-29,1153,05410,NA,6,5,4,1910,0,0,0,NA,0,009,S ROBERTSON BL,GREGORY WY,195,S,N,A,-,N,NA,NA,NA,NA,NA,NA,NA,NA,NA,Y,4,0,2,2,A,-,02,22400,A,N,B,C,A,A,H,-,A,D,0,NA,NA,NA,NA,Y,NA,A,01,0,0,2,0,0,0,0,0,0,-,-,NA,NA,LOS ANGELES,BEVERLY HILLS,-118.3835906982422,34.061683654785156
9602713,2023,2023-09-08,1941,2023-07-09,2151,10847,EAST,7,5,7,1941,0,0,0,NA,0,009,E OCEAN,JUNIPERO AV,0,NA,Y,A,-,N,NA,NA,NA,NA,NA,NA,NA,NA,NA,Y,4,0,1,2,A,-,08,22107,NA,N,A,C,A,A,H,-,C,A,0,NA,NA,NA,NA,Y,NA,A,01,0,0,1,0,0,0,0,0,0,-,-,33.764198303222656,-118.16664123535156,LOS ANGELES,LONG BEACH,-118.1666259765625,33.76419448852539
9602714,2023,2023-08-22,1941,2023-07-21,2240,11805,EAST,5,5,7,1941,0,0,0,NA,0,009,COLORADO,E 3RD ST,0,NA,Y,A,-,N,NA,NA,NA,NA,NA,NA,NA,NA,NA,Y,4,0,1,2,A,-,12,22450,A,N,D,C,A,A,H,-,C,D,0,NA,NA,NA,NA,Y,NA,A,01,0,0,1,0,0,0,0,0,0,-,-,33.76808166503906,-118.15956878662108,LOS ANGELES,LONG BEACH,-118.15956878662108,33.76808166503906
9602715,2023,2023-08-22,1941,2023-06-08,2206,11248,EAST,4,5,7,1941,0,0,0,NA,0,015,E WILLOW ST,BELLFLOWER BL,0,NA,Y,A,-,N,NA,NA,NA,NA,NA,NA,NA,NA,NA,Y,4,0,1,2,A,-,12,21453,A,N,D,C,A,A,H,-,C,A,0,NA,NA,NA,NA,Y,NA,A,07,0,0,1,0,0,0,0,0,0,-,-,33.803279876708984,-118.12529754638672,LOS ANGELES,LONG BEACH,-118.12535858154295,33.80318832397461
9602716,2023,2023-09-13,1941,2023-07-11,1603,11511,SOUTH,2,5,7,1941,0,0,0,NA,0,006,PINE AV,E 3RD ST,10,N,N,A,-,N,NA,NA,NA,NA,NA,NA,NA,NA,NA,Y,4,0,1,3,A,-,08,22107,NA,N,B,C,A,A,H,-,A,D,0,NA,NA,NA,NA,Y,NA,A,01,0,0,1,0,0,0,0,0,0,-,-,33.770511627197266,-118.19239044189452,LOS ANGELES,LONG BEACH,-118.19236755371094,33.770538330078125
9602717,2023,2023-09-08,1941,2023-07-27,1655,11248,2,4,5,7,1941,0,0,0,NA,0,016,E WARDLOW RD,RUTGERS AV,115,E,N,A,-,N,NA,NA,NA,NA,NA,NA,NA,NA,NA,Y,2,0,1,3,A,-,11,21950,B,N,G,B,B,A,H,-,A,A,0,Y,NA,NA,NA,Y,NA,N,60,1,0,0,0,1,0,0,0,0,-,-,33.818809509277344,-118.12924194335938,LOS ANGELES,LONG BEACH,-118.12892150878906,33.818756103515625
9602718,2023,2023-09-06,1941,2023-07-22,5,11674,EAST,6,5,7,1941,0,0,0,NA,0,009,LIVINGSTON DR,E 1ST ST,0,NA,Y,A,-,N,NA,NA,NA,NA,NA,NA,NA,NA,NA,Y,4,0,1,4,A,-,08,22107,NA,N,C,E,A,A,H,-,C,D,0,NA,NA,NA,NA,Y,Y,A,01,0,0,1,0,0,0,0,0,0,-,-,33.76087188720703,-118.14511108398438,LOS ANGELES,LONG BEACH,-118.14508056640624,33.7608528137207
9602721,2023,2023-09-06,1941,2023-03-24,1516,11240,EAST,5,5,7,1941,0,0,0,NA,0,013,BELLFLOWER BL,CHANNEL DR,150,N,N,A,-,N,NA,NA,NA,NA,NA,NA,NA,NA,NA,Y,4,0,1,2,D,-,00,NA,NA,N,D,C,A,A,H,-,A,A,0,NA,NA,NA,NA,Y,NA,-,-,0,0,1,0,0,0,0,0,0,-,-,33.77531814575195,-118.12126922607422,LOS ANGELES,LONG BEACH,NA,NA
9602723,2023,2023-08-30,1941,2023-07-17,1429,11530,NORTH,1,5,7,1941,0,0,0,NA,0,020,CALIFORNIA AV,E SAN ANTONIO DR,0,NA,Y,A,-,N,NA,NA,NA,NA,NA,NA,NA,NA,NA,Y,4,0,2,2,A,-,09,21801,A,N,A,C,A,A,H,-,A,A,0,NA,NA,NA,NA,Y,NA,D,22,0,0,2,0,0,0,0,0,0,-,-,33.83863067626953,-118.18167877197266,LOS ANGELES,LONG BEACH,-118.18177795410156,33.83864974975586
9602726,2023,2023-08-24,1941,2023-06-20,532,11663,SOUTH,2,5,7,1941,0,0,0,NA,0,007,E 9TH ST,ATLANTIC AV,0,NA,Y,A,-,N,NA,NA,NA,NA,NA,NA,NA,NA,NA,Y,4,0,2,2,A,-,09,21802,A,N,D,C,A,A,H,-,B,A,0,NA,NA,NA,NA,Y,NA,I,12,0,0,2,0,0,0,0,0,0,-,-,33.77775955200195,-118.18502807617188,LOS ANGELES,LONG BEACH,-118.18505096435548,33.77778244018555
9602744,2023,2023-08-28,1942,2023-08-06,845,34458,1363,7,5,7,1942,0,0,0,M,0,24TL26,AVALON BL,48TH ST,136,S,N,A,-,N,NA,NA,NA,NA,NA,NA,NA,NA,NA,Y,4,0,1,1,A,-,05,21651,A,N,E,I,A,A,G,-,A,A,0,NA,NA,NA,NA,Y,NA,I,11,0,0,1,0,0,0,0,0,0,-,-,NA,NA,LOS ANGELES,LOS ANGELES,-118.26524353027344,33.99935531616211
9602748,2023,2023-08-25,1942,2023-08-06,2350,41068,1383,7,5,7,1942,0,0,0,M,0,24T31,MAIN ST,59TH PL,0,NA,Y,A,-,N,NA,NA,NA,NA,NA,NA,NA,NA,NA,N,3,0,1,3,A,-,12,21453,NA,F,D,C,A,A,H,-,C,D,0,NA,NA,NA,NA,Y,NA,-,99,0,1,0,0,0,0,0,0,0,-,-,NA,NA,LOS ANGELES,LOS ANGELES,-118.27393341064452,33.98604202270508
9602750,2023,2023-08-29,1942,2023-08-06,905,42932,0261,7,5,7,1942,0,0,0,B,0,24TL43,8TH ST,HOOVER ST,0,NA,Y,A,-,N,NA,NA,NA,NA,NA,NA,NA,NA,NA,N,4,0,1,2,A,-,10,21950,A,N,G,B,B,A,H,-,A,A,0,Y,NA,NA,NA,Y,NA,D,22,0,0,1,0,1,0,0,0,0,-,-,NA,NA,LOS ANGELES,LOS ANGELES,-118.28421020507813,34.057708740234375
9602771,2023,2023-09-13,1941,2023-06-10,235,11672,SOUTH,6,5,7,1941,0,0,0,NA,0,006,RT 710,BROADWAY,0,N,N,A,-,N,NA,NA,NA,NA,NA,NA,NA,NA,NA,Y,4,0,1,1,C,-,18,NA,NA,N,E,J,A,A,H,-,C,D,0,NA,NA,NA,Y,Y,NA,-,-,0,0,1,0,0,0,0,0,0,-,-,33.77008056640625,-118.20413208007813,LOS ANGELES,LONG BEACH,-118.2094497680664,33.767269134521484
9602798,2023,2023-08-28,1900,2023-04-23,1950,643769,0331,7,5,4,1939,0,0,0,NA,0,35T1,ROSECRANS AV,JEFFERSON AV,274,W,N,A,-,N,NA,NA,NA,NA,NA,NA,NA,NA,NA,Y,4,0,1,3,A,-,21,22106,NA,N,B,C,A,A,H,-,C,D,0,NA,NA,NA,NA,Y,NA,A,01,0,0,1,0,0,0,0,0,0,-,-,33.901981353759766,-118.34765625,LOS ANGELES,LAWNDALE,-118.3476104736328,33.90190887451172
9602802,2023,2023-12-18,1942,2023-07-07,1735,42487,1049,5,5,7,1942,0,0,0,J,0,10X98,WOODLEY AV,VICTORY BL,45,S,N,A,-,NA,NA,NA,NA,NA,NA,NA,NA,NA,NA,N,3,0,1,2,A,-,08,22107,NA,F,D,-,A,A,H,-,A,D,0,NA,Y,NA,NA,Y,NA,A,01,0,1,0,0,0,0,1,0,0,-,-,NA,NA,LOS ANGELES,LOS ANGELES,-118.48365020751952,34.18649673461914
9602803,2023,2023-08-08,1942,2023-07-03,2320,44714,1643,1,5,7,1942,0,0,0,P,0,16A23,TERRA BELLA ST,EL DORADO AV,35,S,N,A,-,N,NA,NA,NA,NA,NA,NA,NA,NA,NA,N,4,0,1,2,A,-,03,22350,NA,F,-,D,A,A,H,-,C,-,0,NA,NA,NA,NA,Y,NA,A,01,0,0,1,0,0,0,0,0,0,-,-,NA,NA,LOS ANGELES,LOS ANGELES,-118.41758728027344,34.25883483886719
9602805,2023,2023-08-08,1942,2023-07-08,2040,38687,0946,6,5,7,1942,0,0,0,I,0,26T57,OXNARD ST,COSTELLO AV,100,W,N,A,-,N,NA,NA,NA,NA,NA,NA,NA,NA,NA,Y,3,0,2,3,A,-,01,23152,A,N,D,C,A,A,H,-,C,D,0,NA,NA,NA,NA,Y,Y,A,01,0,2,0,0,0,0,0,0,0,-,-,NA,NA,LOS ANGELES,LOS ANGELES,-118.43802642822266,34.17940139770508
9602806,2023,2025-01-06,1942,2023-07-05,1005,34561,1995,3,5,7,1942,0,0,0,NA,0,26TL24,VAN NUYS BL,BLYTHE ST,0,NA,Y,A,-,N,NA,NA,NA,NA,NA,NA,NA,NA,NA,Y,3,0,1,2,A,-,12,21453,A,F,D,C,A,A,H,-,A,A,0,NA,NA,NA,NA,Y,NA,A,07,0,1,0,0,0,0,0,0,0,-,-,NA,NA,LOS ANGELES,LOS ANGELES,-118.44876098632813,34.21520233154297
9602807,2023,2023-08-15,1942,2023-07-11,2200,44844,0911,2,5,7,1942,0,0,0,I,0,26T35,VANOWEN ST,SEPULVEDA BL,0,NA,Y,A,-,N,NA,NA,NA,NA,NA,NA,NA,NA,NA,Y,3,0,1,2,A,-,09,21801,A,F,D,C,A,A,H,-,C,A,0,NA,NA,Y,NA,Y,NA,-,99,0,1,0,0,0,0,0,0,1,-,-,NA,NA,LOS ANGELES,LOS ANGELES,-118.46617889404295,34.19391632080078
9602808,2023,2023-08-08,1942,2023-07-10,620,41158,2185,1,5,7,1942,0,0,0,NA,0,26TL25,VENTURA BL,TOPANGA CANYON BL,30,W,N,A,-,N,NA,NA,NA,NA,NA,NA,NA,NA,NA,Y,4,0,1,2,A,-,01,23152,A,N,C,C,A,A,H,-,A,D,0,NA,NA,NA,NA,Y,Y,A,01,0,0,1,0,0,0,0,0,0,-,-,NA,NA,LOS ANGELES,LOS ANGELES,-118.60601043701172,34.168514251708984
9602809,2023,2023-08-08,1942,2023-07-01,1020,40165,1543,6,5,7,1942,0,0,0,O,0,26TL19,WHITSETT AV,HUSTON AV,0,NA,Y,A,-,N,NA,NA,NA,NA,NA,NA,NA,NA,NA,Y,2,0,1,2,A,-,09,21801,A,N,D,C,A,A,H,-,A,D,0,NA,NA,Y,NA,Y,NA,A,08,1,0,0,0,0,0,0,0,1,-,-,NA,NA,LOS ANGELES,LOS ANGELES,-118.40524291992188,34.159427642822266
9602811,2023,2023-08-15,1942,2023-07-06,2345,37304,1637,4,5,7,1942,0,0,0,P,0,26T56,JAYSEEL ST,MOUNT GLEASON AV,0,NA,Y,A,-,N,NA,NA,NA,NA,NA,NA,NA,NA,NA,N,2,0,1,2,A,-,00,21450,NA,N,B,G,A,-,H,-,D,A,0,NA,Y,NA,NA,Y,NA,L,04,1,0,0,0,0,0,1,0,0,-,-,NA,NA,LOS ANGELES,LOS ANGELES,-118.30270385742188,34.26551818847656
9602812,2023,2023-08-08,1942,2023-07-06,900,39473,2138,4,5,7,1942,0,0,0,NA,0,26TL16,SHERMAN WAY,MASON AV,0,NA,Y,A,-,N,NA,NA,NA,NA,NA,NA,NA,NA,NA,Y,2,0,1,2,A,-,12,21453,A,N,D,C,A,A,H,-,A,A,0,NA,NA,NA,NA,Y,NA,A,01,1,0,0,0,0,0,0,0,0,-,-,NA,NA,LOS ANGELES,LOS ANGELES,-118.57972717285156,34.20100784301758
9602813,2023,2023-08-08,1942,2023-07-03,100,36802,2189,1,5,7,1942,0,0,0,NA,0,21A97,VENTURA BL,KELVIN AV,0,NA,Y,A,-,N,NA,NA,NA,NA,NA,NA,NA,NA,NA,N,2,0,1,2,A,-,11,21456,NA,N,G,B,B,A,H,-,C,A,0,Y,NA,NA,NA,Y,Y,N,60,1,0,0,0,1,0,0,0,0,-,-,NA,NA,LOS ANGELES,LOS ANGELES,-118.58586120605467,34.166465759277344
9602814,2023,2023-08-08,1942,2023-07-06,1315,37613,0915,4,5,7,1942,0,0,0,I,0,26TL43,VANOWEN ST,KATHERINE AV,50,E,N,A,-,N,NA,NA,NA,NA,NA,NA,NA,NA,NA,Y,2,0,2,2,A,-,05,21460,NA,N,A,C,A,A,H,-,A,A,0,NA,NA,NA,NA,Y,NA,A,01,1,1,0,0,0,0,0,0,0,-,-,NA,NA,LOS ANGELES,LOS ANGELES,-118.44314575195313,34.193939208984375
9602815,2023,2023-08-08,1942,2023-07-01,2205,44844,0952,6,5,7,1942,0,0,0,I,0,26T32,SEPULVEDA BL,MAGNOLIA BL,0,NA,Y,A,-,N,NA,NA,NA,NA,NA,NA,NA,NA,NA,Y,3,0,1,2,A,-,01,23152,A,N,C,C,A,A,H,-,C,D,0,NA,NA,NA,NA,Y,Y,A,01,0,1,0,0,0,0,0,0,0,-,-,NA,NA,LOS ANGELES,LOS ANGELES,-118.46623229980467,34.16486358642578
9602816,2023,2023-10-05,1942,2023-07-06,520,43395,2138,4,5,7,1942,0,0,0,NA,0,26T25,SHERMAN WY,MASON AV,0,NA,Y,A,-,N,NA,NA,NA,NA,NA,NA,NA,NA,NA,Y,2,0,2,2,C,-,18,NA,NA,N,D,C,A,A,H,-,A,A,0,NA,NA,NA,NA,Y,NA,-,-,1,1,0,0,0,0,0,0,0,-,-,NA,NA,LOS ANGELES,LOS ANGELES,-118.57972717285156,34.20100784301758
9602817,2023,2023-08-08,1942,2023-07-12,620,41396,1041,3,5,7,1942,0,0,0,J,0,26TL27,DONNA AV,OXNARD ST,0,NA,Y,A,-,N,NA,NA,NA,NA,NA,NA,NA,NA,NA,Y,3,0,1,2,A,-,09,21802,A,F,D,C,A,A,H,-,A,A,0,NA,NA,NA,NA,Y,NA,A,01,0,1,0,0,0,0,0,0,0,-,-,NA,NA,LOS ANGELES,LOS ANGELES,-118.54750823974608,34.180198669433594
9602818,2023,2023-10-05,1900,2023-07-05,30,658331,2115,3,5,5,1943,0,0,0,NA,0,2R74,WRIGHT RD,ELMWOOD AV,15,E,N,A,-,N,NA,NA,NA,NA,NA,NA,NA,NA,NA,Y,2,0,3,2,A,-,01,23153,A,N,A,C,A,A,H,-,C,D,0,NA,NA,NA,NA,Y,Y,A,01,3,0,0,0,0,0,0,0,0,-,-,33.92832946777344,-118.17928314208984,LOS ANGELES,LYNWOOD,NA,NA
9602819,2023,2024-07-18,1942,2023-07-13,15,44271,1645,4,5,7,1942,0,0,0,P,0,16X41,OSBORNE ST,SAN FERNANDO RD,52,W,N,A,-,N,NA,NA,NA,NA,NA,NA,NA,NA,NA,N,2,0,1,2,A,-,08,22107,NA,F,H,J,A,A,H,-,C,D,0,NA,NA,NA,NA,Y,NA,-,99,1,0,0,0,0,0,0,0,0,-,-,NA,NA,LOS ANGELES,LOS ANGELES,-118.40963745117188,34.254085540771484
9602820,2023,2023-08-08,1942,2023-07-09,1750,33294,1041,7,5,7,1942,0,0,0,J,0,26M32,WILBUR AV,COLLINS ST,0,NA,Y,A,-,N,NA,NA,NA,NA,NA,NA,NA,NA,NA,Y,4,0,1,2,A,-,05,21650,NA,F,D,C,A,A,H,-,A,A,0,NA,NA,NA,NA,Y,NA,A,01,0,0,1,0,0,0,0,0,0,-,-,NA,NA,LOS ANGELES,LOS ANGELES,-118.54473114013672,34.174495697021484
9602839,2023,2023-08-02,1942,2023-06-20,1225,39217,1993,2,5,7,1942,0,0,0,NA,0,23TL72,ROSCOE BL,SEPULVEDA PL,0,NA,Y,A,-,N,NA,NA,NA,NA,NA,NA,NA,NA,NA,N,4,0,1,2,A,-,10,21950,A,F,G,B,B,A,H,-,A,A,0,Y,NA,NA,NA,Y,NA,-,NA,0,0,1,0,1,0,0,0,0,-,-,NA,NA,LOS ANGELES,LOS ANGELES,-118.46622467041016,34.22142791748047
9602842,2023,2023-08-02,1942,2023-06-27,1440,43272,1791,2,5,7,1942,0,0,0,Q,0,26TL75,ROSCOE BL,WINNETKA AV,25,E,N,A,-,N,NA,NA,NA,NA,NA,NA,NA,NA,NA,N,4,0,1,3,A,-,04,21703,NA,F,C,C,A,A,H,-,A,A,0,NA,NA,NA,NA,Y,NA,-,99,0,0,1,0,0,0,0,0,0,-,-,NA,NA,LOS ANGELES,LOS ANGELES,-118.57096862792967,34.22024917602539