CASE_ID,ACCIDENT_YEAR,PROC_DATE,JURIS,COLLISION_DATE,COLLISION_TIME,OFFICER_ID,REPORTING_DISTRICT,DAY_OF_WEEK,CHP_SHIFT,POPULATION,CNTY_CITY_LOC,SPECIAL_COND,BEAT_TYPE,CHP_BEAT_TYPE,CITY_DIVISION_LAPD,CHP_BEAT_CLASS,BEAT_NUMBER,PRIMARY_RD,SECONDARY_RD,DISTANCE,DIRECTION,INTERSECTION,WEATHER_1,WEATHER_2,STATE_HWY_IND,CALTRANS_COUNTY,CALTRANS_DISTRICT,STATE_ROUTE,ROUTE_SUFFIX,POSTMILE_PREFIX,POSTMILE,LOCATION_TYPE,RAMP_INTERSECTION,SIDE_OF_HWY,TOW_AWAY,COLLISION_SEVERITY,NUMBER_KILLED,NUMBER_INJURED,PARTY_COUNT,PRIMARY_COLL_FACTOR,PCF_CODE_OF_VIOL,PCF_VIOL_CATEGORY,PCF_VIOLATION,PCF_VIOL_SUBSECTION,HIT_AND_RUN,TYPE_OF_COLLISION,MVIW,PED_ACTION,ROAD_SURFACE,ROAD_COND_1,ROAD_COND_2,LIGHTING,CONTROL_DEVICE,CHP_ROAD_TYPE,PEDESTRIAN_ACCIDENT,BICYCLE_ACCIDENT,MOTORCYCLE_ACCIDENT,TRUCK_ACCIDENT,NOT_PRIVATE_PROPERTY,ALCOHOL_INVOLVED,STWD_VEHTYPE_AT_FAULT,CHP_VEHTYPE_AT_FAULT,COUNT_SEVERE_INJ,COUNT_VISIBLE_INJ,COUNT_COMPLAINT_PAIN,COUNT_PED_KILLED,COUNT_PED_INJURED,COUNT_BICYCLIST_KILLED,COUNT_BICYCLIST_INJURED,COUNT_MC_KILLED,COUNT_MC_INJURED,PRIMARY_RAMP,SECONDARY_RAMP,LATITUDE,LONGITUDE,COUNTY,CITY,POINT_X,POINT_Y
9604043,2022,2023-08-29,1942,2022-12-31,0040,44138,0666,6,5,7,1942,0,0,0,F,0,6A15W3,SANTA MONICA BL,HUDSON AV,0,NA,Y,C,-,N,NA,NA,NA,NA,NA,NA,NA,NA,NA,Y,4,0,1,2,A,-,08,22107,NA,N,C,E,A,B,H,-,C,D,0,NA,NA,Y,NA,Y,NA,C,02,0,0,1,0,0,0,0,0,1,-,-,NA,NA,LOS ANGELES,LOS ANGELES,-118.33245849609376,34.090721130371094
9604046,2022,2023-08-25,1942,2022-12-08,1205,34882,0835,4,5,7,1942,0,0,0,H,0,27M116,SEPULVEDA BL,SANTA MONICA BL,300,S,N,A,-,N,NA,NA,NA,NA,NA,NA,NA,NA,NA,N,4,0,1,2,A,-,21,22106,NA,N,C,C,A,A,H,-,A,D,0,NA,NA,NA,NA,Y,NA,D,22,0,0,1,0,0,0,0,0,0,-,-,NA,NA,LOS ANGELES,LOS ANGELES,-118.4437255859375,34.046966552734375
9604048,2022,2023-08-29,1942,2022-12-15,1015,40157,0657,4,5,7,1942,0,0,0,F,0,27TL25,WILTON PL,SANTA MONICA BL,0,NA,Y,A,-,N,NA,NA,NA,NA,NA,NA,NA,NA,NA,Y,3,0,2,2,A,-,17,21451,A,N,D,C,A,A,H,-,A,A,0,NA,NA,NA,NA,Y,NA,A,01,0,1,1,0,0,0,0,0,0,-,-,NA,NA,LOS ANGELES,LOS ANGELES,-118.31356811523438,34.09074783325195
9604050,2022,2023-08-25,1942,2022-12-05,1840,41126,0857,1,5,7,1942,0,0,0,H,0,27T33-,PICO BL,GLENVILLE DR,0,NA,Y,A,-,N,NA,NA,NA,NA,NA,NA,NA,NA,NA,N,4,0,1,2,A,-,09,21801,A,N,A,C,A,A,H,-,C,A,0,NA,NA,Y,NA,Y,NA,A,07,0,0,1,0,0,0,0,0,1,-,-,NA,NA,LOS ANGELES,LOS ANGELES,-118.39321899414064,34.05529022216797
9604053,2022,2023-08-25,1942,2022-12-18,0015,39081,0819,7,5,7,1942,0,0,0,H,0,8A29,HILGARD AV,WYTON DR,165,N,N,A,-,N,NA,NA,NA,NA,NA,NA,NA,NA,NA,N,4,0,1,1,A,-,03,22350,A,N,E,I,A,A,H,-,C,D,0,NA,NA,NA,NA,Y,NA,A,01,0,0,1,0,0,0,0,0,0,-,-,NA,NA,LOS ANGELES,LOS ANGELES,-118.43814086914064,34.07453155517578
9604054,2022,2023-08-25,1942,2022-12-04,1340,344882,0811,7,5,7,1942,0,0,0,H,0,27M116,PALISADES DR,SUNSET BL,4200,N,N,B,-,N,NA,NA,NA,NA,NA,NA,NA,NA,NA,Y,3,0,1,1,A,-,03,22350,NA,N,E,I,A,B,H,-,A,D,0,NA,NA,NA,NA,Y,NA,A,01,0,1,0,0,0,0,0,0,0,-,-,NA,NA,LOS ANGELES,LOS ANGELES,-118.55265045166016,34.047542572021484
9604055,2022,2023-08-25,1942,2022-12-07,1035,33169,0676,3,5,7,1942,0,0,0,F,0,27M11,CAHUENGA BL,WILLOUGHBY AV,0,NA,Y,A,B,N,NA,NA,NA,NA,NA,NA,NA,NA,NA,Y,4,0,2,2,A,-,12,21453,A,N,D,C,A,A,H,-,A,A,0,NA,NA,NA,NA,Y,NA,A,01,0,0,2,0,0,0,0,0,0,-,-,NA,NA,LOS ANGELES,LOS ANGELES,-118.32884979248048,34.08711242675781
9604057,2022,2023-08-25,1942,2022-12-05,1730,39022,0647,1,5,7,1942,0,0,0,F,0,27T31,GOWER ST,SELMA AV,10,N,N,A,-,N,NA,NA,NA,NA,NA,NA,NA,NA,NA,N,2,0,1,2,A,-,10,21950,NA,N,G,B,C,A,H,-,C,A,0,Y,NA,NA,NA,Y,NA,A,01,1,0,0,0,1,0,0,0,0,-,-,NA,NA,LOS ANGELES,LOS ANGELES,-118.32234191894533,34.099708557128906
9604058,2022,2023-08-25,1942,2022-12-02,2010,41957,0829,5,5,7,1942,0,0,0,H,0,27T33,ROCHESTER AV,WOODRUFF AV,28,E,N,C,-,N,NA,NA,NA,NA,NA,NA,NA,NA,NA,Y,4,0,1,1,A,-,03,22350,NA,N,E,J,A,B,G,-,C,A,0,NA,NA,NA,NA,Y,NA,A,01,0,0,1,0,0,0,0,0,0,-,-,NA,NA,LOS ANGELES,LOS ANGELES,-118.42794036865234,34.06132125854492
9604061,2022,2023-08-29,1942,2022-10-22,0110,44485,0849,6,5,7,1942,0,0,0,H,0,8X99,PICO BL,ROBERTSON BL,0,NA,Y,A,-,N,NA,NA,NA,NA,NA,NA,NA,NA,NA,N,4,0,1,2,A,-,11,21954,A,N,G,B,D,A,H,-,C,A,0,Y,NA,NA,NA,Y,NA,N,60,0,0,1,0,1,0,0,0,0,-,-,NA,NA,LOS ANGELES,LOS ANGELES,-118.38372039794922,34.05477523803711
9604062,2022,2023-08-31,1942,2022-10-31,2130,45081,0815,1,5,7,1942,0,0,0,H,0,8A29,MONTANA AV,SEPULVEDA AV,45,E,N,B,-,N,NA,NA,NA,NA,NA,NA,NA,NA,NA,Y,4,0,1,1,A,-,03,22350,NA,N,E,I,A,A,H,-,C,A,0,NA,NA,NA,NA,Y,NA,A,07,0,0,1,0,0,0,0,0,0,-,-,NA,NA,LOS ANGELES,LOS ANGELES,-118.4611358642578,34.067359924316406
9604063,2022,2023-08-29,1942,2022-11-25,1400,42277,0893,5,5,7,1942,0,0,0,H,0,27TL23,OVERLAND AV,COVENTRY PL,260,S,N,A,-,N,NA,NA,NA,NA,NA,NA,NA,NA,NA,Y,4,0,2,2,A,-,03,22350,NA,N,C,C,A,A,H,-,A,D,0,NA,NA,NA,NA,Y,NA,A,01,0,0,2,0,0,0,0,0,0,-,-,NA,NA,LOS ANGELES,LOS ANGELES,-118.41957855224608,34.035037994384766
9604066,2022,2023-08-29,1942,2022-11-03,1400,45115,0817,4,5,7,1942,0,0,0,H,0,8A95,WEYBURN PL,WEYBURN AV,120,N,N,A,-,N,NA,NA,NA,NA,NA,NA,NA,NA,NA,N,4,0,1,2,A,-,03,22350,A,N,G,B,E,Q,H,-,A,D,0,Y,NA,NA,NA,Y,NA,M,94,0,0,1,0,1,0,0,0,0,-,-,NA,NA,LOS ANGELES,LOS ANGELES,-118.4486846923828,34.06196594238281
9604068,2023,2023-08-29,1942,2023-07-28,1419,41683,1842,5,5,7,1942,0,0,0,R,0,25MX86,109TH ST,BROADWAY,0,NA,Y,A,-,N,NA,NA,NA,NA,NA,NA,NA,NA,NA,Y,3,0,3,2,A,-,09,21802,A,N,D,C,A,A,H,-,A,A,0,NA,NA,NA,NA,Y,NA,A,01,0,3,0,0,0,0,0,0,0,-,-,NA,NA,LOS ANGELES,LOS ANGELES,-118.2783660888672,33.93737030029297
9604073,2022,2023-08-29,1942,2022-10-30,0830,42685,0847,7,5,7,1942,0,0,0,H,0,8X99W2,PICO BL,PARNELL AV,98,W,N,A,-,N,NA,NA,NA,NA,NA,NA,NA,NA,NA,N,4,0,1,1,A,-,08,22107,NA,N,E,I,A,A,H,-,A,D,0,NA,NA,NA,NA,Y,NA,A,01,0,0,1,0,0,0,0,0,0,-,-,NA,NA,LOS ANGELES,LOS ANGELES,-118.42224884033205,34.043331146240234
9604077,2022,2023-08-31,1942,2022-10-29,1650,44860,0885,6,5,7,1942,0,0,0,H,0,8A98,PICO BL,FOX HILLS DR,0,NA,Y,A,-,N,NA,NA,NA,NA,NA,NA,NA,NA,NA,Y,4,0,1,2,A,-,12,22450,A,N,B,C,A,A,H,-,A,A,0,NA,NA,NA,NA,Y,NA,A,01,0,0,1,0,0,0,0,0,0,-,-,NA,NA,LOS ANGELES,LOS ANGELES,-118.41310119628906,34.04859161376953
9604078,2022,2023-08-29,1942,2022-11-07,1600,44547,0807,1,5,7,1942,0,0,0,H,0,8X29,BEVERLY GLEN BL,CORFU LN,350,S,N,C,-,N,NA,NA,NA,NA,NA,NA,NA,NA,NA,Y,3,0,1,2,A,-,03,22350,NA,N,A,C,A,B,H,-,A,A,0,NA,NA,NA,NA,Y,NA,D,22,0,1,0,0,0,0,0,0,0,-,-,NA,NA,LOS ANGELES,LOS ANGELES,-118.44493103027344,34.10087966918945
9604089,2023,2023-08-09,1900,2023-05-28,1400,647144,1323,7,5,5,1935,0,0,0,NA,0,132T1,DEL AMO BL,CHERRY AV,0,NA,Y,A,-,N,NA,NA,NA,NA,NA,NA,NA,NA,NA,Y,2,0,2,4,A,-,12,21453,A,N,D,C,A,A,H,-,A,A,0,NA,NA,Y,NA,Y,NA,C,02,1,1,0,0,0,0,0,0,1,-,-,NA,NA,LOS ANGELES,LAKEWOOD,-118.16746520996094,33.84701919555664
9604097,2023,2023-08-15,1900,2023-05-27,140,655542,1335,6,5,5,1908,0,0,0,NA,0,133T1,DOWNEY AV,RT 91,233,N,N,A,C,N,NA,NA,NA,NA,NA,NA,NA,NA,NA,Y,4,0,1,4,A,-,01,23152,A,N,B,E,A,A,H,-,-,A,0,NA,NA,NA,NA,Y,Y,A,01,0,0,1,0,0,0,0,0,0,-,-,NA,NA,LOS ANGELES,BELLFLOWER,-118.15131378173828,33.87733840942383
9604101,2023,2023-08-09,1900,2023-05-29,1620,640404,1369,1,5,5,1952,0,0,0,NA,0,136F1,DOWNEY AV,JACKSON ST,0,NA,Y,A,-,N,NA,NA,NA,NA,NA,NA,NA,NA,NA,N,3,0,1,2,A,-,09,21801,A,N,A,C,A,A,H,-,A,A,0,NA,NA,NA,NA,Y,NA,M,96,0,1,0,0,0,0,0,0,0,-,-,NA,NA,LOS ANGELES,PARAMOUNT,-118.15135192871094,33.885459899902344
9604107,2023,2023-08-09,1900,2023-05-29,1200,646909,1366,1,5,5,1952,0,0,0,NA,0,136D,ALONDRA BL,ATLANTIC PL,0,NA,Y,A,-,N,NA,NA,NA,NA,NA,NA,NA,NA,NA,N,3,0,1,2,A,-,04,21703,NA,M,C,C,A,A,H,-,A,A,0,NA,NA,NA,NA,Y,NA,A,07,0,1,0,0,0,0,0,0,0,-,-,NA,NA,LOS ANGELES,PARAMOUNT,-118.18495178222656,33.88917541503906
9604128,2023,2023-08-25,1938,2023-06-21,1338,1069,AREA2,3,5,4,1938,0,0,0,NA,0,002,FOOTHILL BL,B ST,0,NA,Y,A,-,Y,LA,7,66,-,-,1.271,I,5,E,N,3,0,1,2,A,-,09,21802,A,N,D,C,A,A,H,-,A,D,0,NA,NA,NA,NA,Y,NA,A,01,0,1,0,0,0,0,0,0,0,-,-,NA,NA,LOS ANGELES,LA VERNE,-117.7692413330078,34.11464309692383
9604131,2023,2023-08-11,1942,2023-06-21,1605,41683,1881,3,5,7,1942,0,0,0,R,0,25MX91,FIGUEROA ST,COMPTON BL,65,S,N,A,-,N,NA,NA,NA,NA,NA,NA,NA,NA,NA,Y,2,0,1,2,A,-,03,22350,NA,N,C,E,A,A,H,-,A,A,0,NA,NA,NA,Y,Y,NA,A,01,1,0,0,0,0,0,0,0,0,-,-,NA,NA,LOS ANGELES,LOS ANGELES,-118.28311920166016,33.89452362060547
9604139,2023,2023-08-11,1942,2023-07-24,1910,44844,1512,1,5,7,1942,0,0,0,O,0,26T35,VANOWEN ST,BELLAIRE AV,0,NA,Y,A,-,N,NA,NA,NA,NA,NA,NA,NA,NA,NA,Y,2,0,8,5,A,-,05,21651,B,F,A,C,A,A,H,-,A,A,0,NA,NA,NA,NA,Y,NA,A,07,1,7,0,0,0,0,0,0,0,-,-,NA,NA,LOS ANGELES,LOS ANGELES,-118.40943145751952,34.19395065307617
9604140,2023,2023-08-16,1920,2023-07-17,1947,14050,1920,1,5,6,1920,0,0,0,NA,0,002,RIVES AV,SPRINGER ST,49,S,N,A,-,N,NA,NA,NA,NA,NA,NA,NA,NA,NA,Y,4,0,2,2,A,-,08,22107,NA,N,C,E,A,A,H,-,A,D,0,NA,NA,NA,NA,Y,NA,A,01,0,0,2,0,0,0,0,0,0,-,-,NA,NA,LOS ANGELES,DOWNEY,-118.15321350097656,33.930355072021484
9604157,2023,2023-08-14,1942,2023-07-21,1930,40065,1963,5,5,7,1942,0,0,0,NA,0,26T34,NOVICE ST,VAN NUYS BL,47,W,N,A,-,N,NA,NA,NA,NA,NA,NA,NA,NA,NA,N,4,0,1,5,A,-,03,22350,NA,M,C,E,A,A,H,-,A,D,0,NA,NA,NA,NA,Y,NA,A,01,0,0,1,0,0,0,0,0,0,-,-,NA,NA,LOS ANGELES,LOS ANGELES,-118.45038604736328,34.24363708496094
9604161,2023,2023-12-14,1956,2023-10-02,1158,1395,25,1,5,5,1956,0,0,0,NA,0,002,PACIFIC COAST HWY,CARNELIAN ST,332,S,N,A,-,Y,LA,7,1,-,-,20.01,H,-,S,N,4,0,1,3,A,-,03,22350,NA,N,C,C,A,A,H,-,A,D,0,NA,NA,NA,NA,Y,NA,A,07,0,0,1,0,0,0,0,0,0,-,-,NA,NA,LOS ANGELES,REDONDO BEACH,-118.38758850097656,33.84598159790039
9604164,2023,2023-12-13,1956,2023-10-04,2357,1292,68,3,5,5,1956,0,0,0,NA,0,005,HAWTHORNE BL,178TH ST,85,N,N,A,-,Y,LA,7,107,-,-,4.43,H,-,S,Y,2,0,3,1,A,-,08,22107,NA,N,E,I,A,A,H,-,C,D,0,NA,NA,NA,NA,Y,NA,A,01,1,0,2,0,0,0,0,0,0,-,-,NA,NA,LOS ANGELES,REDONDO BEACH,-118.35271453857422,33.8690071105957
9604166,2023,2023-12-04,1942,2023-10-06,1830,39360,1273,5,5,7,1942,0,0,0,L,0,NA,VAN NESS AV,MANCHESTER AV,0,NA,Y,A,-,N,NA,NA,NA,NA,NA,NA,NA,NA,NA,N,3,0,1,2,A,-,11,21950,B,F,G,B,B,A,H,-,B,A,0,Y,NA,NA,NA,Y,NA,N,60,0,1,0,0,1,0,0,0,0,-,-,NA,NA,LOS ANGELES,LOS ANGELES,-118.31776428222656,33.95996856689453
9604170,2023,2023-12-04,1900,2023-10-23,745,648679,1334,1,5,5,1908,0,0,0,NA,0,133T2,RT 19,LOS ANGELES ST,144,S,N,A,-,N,NA,NA,NA,NA,NA,NA,NA,NA,NA,N,3,0,1,2,A,-,10,21950,A,N,G,B,D,A,G,-,A,D,0,Y,NA,NA,NA,Y,NA,A,07,0,1,0,0,1,0,0,0,0,-,-,NA,NA,LOS ANGELES,BELLFLOWER,-118.14266967773438,33.88654327392578
9604176,2023,2023-11-30,1934,2023-10-12,1637,777,IRWPD,4,5,1,1934,0,0,0,NA,0,001,ARROW HWY,ALLEN DR,0,NA,Y,A,-,N,NA,NA,NA,NA,NA,NA,NA,NA,NA,Y,3,0,2,3,A,-,09,21801,A,N,D,C,A,A,H,-,A,D,0,NA,NA,NA,NA,Y,NA,A,01,0,2,0,0,0,0,0,0,0,-,-,34.10697937011719,-117.92967987060548,LOS ANGELES,IRWINDALE,-117.92967224121094,34.1069221496582
9604177,2023,2023-12-07,1900,2023-10-11,1540,625597,2611,3,5,6,1950,0,0,0,NA,0,263T1,PALMDALE BL,5TH ST EAST,392,W,N,A,-,Y,LA,7,138,-,-,44.1,H,-,E,Y,4,0,2,2,A,-,09,21801,A,N,D,C,A,A,H,-,A,A,0,NA,NA,NA,NA,Y,NA,A,01,0,0,2,0,0,0,0,0,0,-,-,34.5797004699707,-118.12210083007813,LOS ANGELES,PALMDALE,-118.12218475341795,34.579769134521484
9604178,2023,2023-11-29,1900,2023-10-16,1755,5154671,2603,1,5,6,1950,0,0,0,NA,0,264T1,PEARBLOSSOM HWY,30TH ST EAST,0,NA,Y,A,-,N,NA,NA,NA,NA,NA,NA,NA,NA,NA,Y,4,0,3,2,A,-,12,21453,A,N,C,C,A,A,H,-,A,A,0,NA,NA,NA,NA,Y,NA,A,01,0,0,3,0,0,0,0,0,0,-,-,34.54182052612305,-118.07325744628906,LOS ANGELES,PALMDALE,-118.07347106933594,34.54174041748047
9604180,2023,2023-12-04,1900,2023-10-17,1230,LM1406,0462,2,5,4,1936,0,0,0,NA,0,46ZD,IMPERIAL HWY,EDWARDS RD,0,NA,Y,A,-,N,NA,NA,NA,NA,NA,NA,NA,NA,NA,Y,2,0,1,2,A,-,09,21801,A,N,D,C,A,A,H,-,A,A,0,NA,NA,Y,NA,Y,NA,A,01,1,0,0,0,0,0,0,0,1,-,-,33.91706085205078,-118.03379821777344,LOS ANGELES,LA MIRADA,-118.0338134765625,33.91701126098633
9604184,2023,2023-11-13,1941,2023-09-10,1252,11533,EAST,7,5,7,1941,0,0,0,NA,0,009,APPLETON ST,LOWENA DR,0,NA,Y,A,-,N,NA,NA,NA,NA,NA,NA,NA,NA,NA,N,4,0,1,2,D,-,00,NA,NA,N,A,B,A,A,H,-,A,D,0,NA,Y,NA,NA,Y,NA,-,-,0,0,1,0,0,0,1,0,0,-,-,33.76752853393555,-118.16562652587892,LOS ANGELES,LONG BEACH,-118.16563415527344,33.76744079589844
9604190,2023,2023-11-16,1941,2023-07-20,1156,11797,EAST,4,5,7,1941,0,0,0,NA,0,011,E PACIFIC COAST HY,STANLEY AV,0,NA,Y,A,-,Y,LA,7,1,-,-,4.701,I,5,S,Y,4,0,1,2,A,-,09,21801,A,N,A,C,A,A,H,-,A,D,0,NA,NA,NA,NA,Y,NA,A,07,0,0,1,0,0,0,0,0,0,-,-,33.789859771728516,-118.16230010986328,LOS ANGELES,LONG BEACH,-118.16217041015624,33.7898063659668
9604191,2023,2023-11-16,1900,2023-09-07,751,629486,2611,4,5,6,1950,0,0,0,NA,0,263,PALMDALE BL,5TH ST WEST,525,E,N,A,-,N,NA,NA,NA,NA,NA,NA,NA,NA,NA,N,3,0,1,2,A,-,03,22350,NA,N,C,C,A,A,H,-,A,D,0,NA,NA,NA,NA,Y,NA,A,01,0,1,0,0,0,0,0,0,0,-,-,34.582420349121094,-118.1361083984375,LOS ANGELES,PALMDALE,-118.13702392578124,34.58272933959961
9604198,2023,2023-11-17,1913,2023-08-02,1746,4256,90,3,5,4,1913,0,0,0,NA,0,002,RT 10,S INDIAN HILL BL,2,E,N,A,-,Y,LA,7,10,-,-,47.856,R,1,W,N,3,0,1,2,A,-,21,22106,NA,N,D,G,A,A,H,-,A,A,0,NA,Y,NA,NA,Y,NA,A,01,0,1,0,0,0,0,1,0,0,WF,-,NA,NA,LOS ANGELES,CLAREMONT,-117.71737670898438,34.081886291503906
9604200,2023,2023-11-13,1913,2023-09-12,1649,4298,45,2,5,4,1913,0,0,0,NA,0,001,ARROW HWY,NOTRE DAME RD,85,W,N,A,-,N,NA,NA,NA,NA,NA,NA,NA,NA,NA,N,4,0,2,4,A,-,03,22350,NA,N,C,C,A,A,H,-,A,D,0,NA,NA,NA,NA,Y,NA,A,01,0,0,2,0,0,0,0,0,0,-,-,NA,NA,LOS ANGELES,CLAREMONT,-117.72222137451172,34.09038162231445
9604221,2023,2023-12-07,1942,2023-08-18,507,41973,25MQ1,5,5,7,1942,0,0,0,NA,0,0307,CRENSHAW BL,ADAMS BL,644,N,N,A,-,Y,LA,7,10,-,R,11.218,R,4,E,N,4,0,1,2,A,-,12,22450,NA,N,B,C,A,A,H,-,C,A,0,NA,NA,NA,NA,Y,NA,A,01,0,0,1,0,0,0,0,0,0,-,-,NA,NA,LOS ANGELES,LOS ANGELES,-118.33682250976564,34.03481674194336
9604222,2023,2023-12-27,1941,2023-10-22,1726,11428,4,7,5,7,1941,0,0,0,NA,0,005,PACIFIC COAST HWY,ORANGE AV,69,W,N,A,-,Y,LA,7,1,-,-,5.521,I,5,S,Y,4,0,4,3,A,-,01,23153,A,N,D,C,A,A,H,-,A,D,0,NA,NA,NA,NA,Y,Y,A,07,0,0,4,0,0,0,0,0,0,-,-,33.78984832763672,-118.17632293701172,LOS ANGELES,LONG BEACH,-118.17632293701172,33.7898063659668
9604226,2023,2023-12-19,1942,2023-10-22,740,40065,0981,7,5,7,1942,0,0,0,I,0,26TL27,SEPULVEDA BL,SUTTON ST,160,S,N,A,-,N,NA,NA,NA,NA,NA,NA,NA,NA,NA,N,3,0,1,6,A,-,01,23152,G,N,C,E,A,A,H,-,A,D,0,NA,NA,NA,NA,Y,Y,A,01,0,1,0,0,0,0,0,0,0,-,-,NA,NA,LOS ANGELES,LOS ANGELES,-118.46756744384766,34.14954376220703
9604233,2023,2023-12-21,1976,2023-09-28,655,546,1976,4,5,5,1976,0,0,0,NA,0,NA,WHITTIER BL,GUNN AV,0,NA,Y,A,-,Y,LA,7,72,-,-,2.477,I,5,S,Y,4,0,2,2,A,-,09,21801,A,N,D,C,A,A,H,-,A,A,0,NA,NA,NA,NA,Y,NA,A,01,0,0,2,0,0,0,0,0,0,-,-,NA,NA,LOS ANGELES,WHITTIER,-118.01587677001952,33.953548431396484
9604240,2023,2023-12-21,1900,2023-10-22,1004,634995,2608,7,5,6,1950,0,0,0,NA,0,262T1,RT 138,20TH ST E,0,NA,Y,A,-,Y,LA,7,138,-,-,45.71,I,5,E,N,2,0,1,2,A,-,08,22107,NA,N,G,B,B,A,H,-,A,A,0,Y,NA,NA,NA,Y,NA,A,01,1,0,0,0,1,0,0,0,0,-,-,34.5797004699707,-118.09393310546876,LOS ANGELES,PALMDALE,-118.09413909912108,34.579689025878906
9604241,2023,2023-11-14,1900,2023-10-07,1830,538328,1016,6,5,3,1995,0,0,0,NA,0,101T1,RT 1,RAMBLA VISTA,1320,W,N,A,-,Y,LA,7,1,-,-,45.09,H,-,S,Y,4,0,1,3,A,-,08,22107,NA,N,B,C,A,A,H,-,A,D,0,NA,Y,Y,NA,Y,NA,C,02,0,0,1,0,0,0,1,0,0,-,-,34.03723907470703,-118.63970184326172,LOS ANGELES,MALIBU,-118.65225219726564,34.038387298583984
9604243,2023,2023-11-20,1942,2023-10-08,1340,39859,0195,7,5,7,1942,0,0,0,A,0,MQ72,VENICE BL,BROADWAY,20,E,N,A,-,N,NA,NA,NA,NA,NA,NA,NA,NA,NA,N,3,0,1,2,A,-,08,22102,NA,N,D,C,A,A,H,-,A,A,0,NA,NA,NA,NA,Y,NA,A,07,0,1,0,0,0,0,0,0,0,-,-,NA,NA,LOS ANGELES,LOS ANGELES,-118.26351928710938,34.034149169921875
9604244,2023,2023-11-20,1900,2023-10-11,1247,443104,0811,3,5,4,1960,0,0,0,NA,0,81K1,ARROW HWY,LONEHILL AV,348,W,N,A,-,N,NA,NA,NA,NA,NA,NA,NA,NA,NA,N,3,0,1,2,A,-,09,21804,A,N,H,G,A,A,H,-,A,A,0,NA,Y,NA,NA,Y,NA,L,04,0,1,0,0,0,0,1,0,0,-,-,34.10675811767578,-117.83022308349608,LOS ANGELES,SAN DIMAS,-117.83015441894533,34.10661315917969
9604245,2023,2023-11-14,1900,2023-10-12,1615,660092,1015,4,5,3,1995,0,0,0,NA,0,101,PCH,CARBON BEACH TER,15840,W,N,A,-,Y,LA,7,1,-,-,45.86,H,-,S,N,4,0,1,2,A,-,04,21703,NA,N,C,C,A,A,H,-,A,A,0,NA,NA,NA,NA,Y,NA,A,01,0,0,1,0,0,0,0,0,0,-,-,34.03963088989258,-118.66549682617188,LOS ANGELES,MALIBU,-118.66535949707033,34.039615631103516
9604246,2023,2023-11-08,1900,2023-10-10,1355,625432,0618,2,5,6,1985,0,0,0,NA,0,61T1,SIERRA HWY,CAMPUS EXIT,239,S,N,A,-,N,NA,NA,NA,NA,NA,NA,NA,NA,NA,Y,3,0,2,2,A,-,09,21804,A,N,D,C,A,-,H,-,A,D,0,NA,NA,NA,NA,Y,NA,A,01,0,1,1,0,0,0,0,0,0,-,-,34.437469482421875,-118.43222808837892,LOS ANGELES,SANTA CLARITA,-118.43458557128906,34.435081481933594
9604247,2023,2023-11-29,1942,2023-10-01,1645,41671,1473,7,5,7,1942,0,0,0,N,0,27TL46,LINCOLN BL,83RD ST,0,NA,Y,A,-,Y,LA,7,1,-,-,29.371,I,5,S,N,2,0,2,3,A,-,11,21950,B,N,G,B,B,A,H,-,A,A,0,Y,NA,NA,NA,Y,NA,N,60,1,1,0,0,2,0,0,0,0,-,-,NA,NA,LOS ANGELES,LOS ANGELES,-118.42180633544922,33.96267318725586
9604248,2023,2023-11-30,1938,2023-10-03,1145,1132,NA,2,5,4,1938,0,0,0,NA,0,NA,FOOTHILL BL,WHEELER AV,0,NA,Y,A,-,Y,LA,7,66,-,-,0.77,H,-,E,Y,4,0,1,3,A,-,03,22350,NA,N,C,C,A,A,H,-,A,A,0,NA,NA,NA,NA,Y,NA,A,07,0,0,1,0,0,0,0,0,0,-,-,34.117340087890625,-117.77690887451172,LOS ANGELES,LA VERNE,-117.77724456787108,34.1173210144043
9604249,2023,2023-11-14,1900,2023-10-09,1740,669715,1012,1,5,3,1995,0,0,0,NA,0,101K,RT 1,WESTWARD BEACH RD,0,NA,Y,A,-,Y,LA,7,1,-,-,54.911,I,5,S,N,3,0,1,2,A,-,09,21801,A,N,D,C,A,A,H,-,A,A,0,NA,NA,NA,NA,Y,NA,A,01,0,1,0,0,0,0,0,0,0,-,-,34.01710891723633,-118.81655883789064,LOS ANGELES,MALIBU,-118.81633758544922,34.01729965209961
9604254,2023,2023-11-20,1942,2023-01-02,238,34433,0861,1,5,7,1942,0,0,0,H,0,8A1,PACIFIC COAST HWY,COASTLINE DR,900,S,N,A,-,Y,LA,7,1,-,R,39.9,H,-,N,Y,4,0,2,1,A,-,03,22350,NA,N,E,I,A,-,H,-,C,A,0,NA,NA,NA,NA,Y,NA,A,01,0,0,2,0,0,0,0,0,0,-,-,NA,NA,LOS ANGELES,LOS ANGELES,-118.56488037109376,34.041404724121094
9604269,2023,2023-11-15,1972,2023-10-11,1655,21239,NA,3,5,6,1972,0,0,0,NA,0,NA,HAWTHORNE BL,177TH ST,0,NA,Y,A,-,Y,LA,7,107,-,-,4.496,I,5,N,N,4,0,1,2,A,-,09,21453,B,N,D,C,A,A,H,-,A,A,0,NA,NA,NA,NA,Y,NA,A,NA,0,0,1,0,0,0,0,0,0,-,-,NA,NA,LOS ANGELES,TORRANCE,-118.35247039794922,33.86996841430664
9604270,2023,2023-11-27,1942,2023-08-17,400,42282,1802,4,5,7,1942,0,0,0,R,0,25TL27,MANCHESTER AV,BROADWAY,375,W,N,B,-,Y,LA,7,110,-,-,15.931,R,4,N,N,4,0,1,2,A,-,10,21950,A,F,G,B,B,A,H,-,C,A,0,Y,NA,NA,NA,Y,NA,-,99,0,0,1,0,1,0,0,0,0,-,-,NA,NA,LOS ANGELES,LOS ANGELES,-118.28072357177734,33.959312438964844