CASE_ID,ACCIDENT_YEAR,PROC_DATE,JURIS,COLLISION_DATE,COLLISION_TIME,OFFICER_ID,REPORTING_DISTRICT,DAY_OF_WEEK,CHP_SHIFT,POPULATION,CNTY_CITY_LOC,SPECIAL_COND,BEAT_TYPE,CHP_BEAT_TYPE,CITY_DIVISION_LAPD,CHP_BEAT_CLASS,BEAT_NUMBER,PRIMARY_RD,SECONDARY_RD,DISTANCE,DIRECTION,INTERSECTION,WEATHER_1,WEATHER_2,STATE_HWY_IND,CALTRANS_COUNTY,CALTRANS_DISTRICT,STATE_ROUTE,ROUTE_SUFFIX,POSTMILE_PREFIX,POSTMILE,LOCATION_TYPE,RAMP_INTERSECTION,SIDE_OF_HWY,TOW_AWAY,COLLISION_SEVERITY,NUMBER_KILLED,NUMBER_INJURED,PARTY_COUNT,PRIMARY_COLL_FACTOR,PCF_CODE_OF_VIOL,PCF_VIOL_CATEGORY,PCF_VIOLATION,PCF_VIOL_SUBSECTION,HIT_AND_RUN,TYPE_OF_COLLISION,MVIW,PED_ACTION,ROAD_SURFACE,ROAD_COND_1,ROAD_COND_2,LIGHTING,CONTROL_DEVICE,CHP_ROAD_TYPE,PEDESTRIAN_ACCIDENT,BICYCLE_ACCIDENT,MOTORCYCLE_ACCIDENT,TRUCK_ACCIDENT,NOT_PRIVATE_PROPERTY,ALCOHOL_INVOLVED,STWD_VEHTYPE_AT_FAULT,CHP_VEHTYPE_AT_FAULT,COUNT_SEVERE_INJ,COUNT_VISIBLE_INJ,COUNT_COMPLAINT_PAIN,COUNT_PED_KILLED,COUNT_PED_INJURED,COUNT_BICYCLIST_KILLED,COUNT_BICYCLIST_INJURED,COUNT_MC_KILLED,COUNT_MC_INJURED,PRIMARY_RAMP,SECONDARY_RAMP,LATITUDE,LONGITUDE,COUNTY,CITY,POINT_X,POINT_Y
9604273,2023,2023-11-08,1972,2023-10-16,528,22208,NA,1,5,6,1972,0,0,0,NA,0,NA,182ND ST,WESTERN AV,0,NA,Y,A,-,N,NA,NA,NA,NA,NA,NA,NA,NA,NA,Y,4,0,1,1,A,-,08,22107,NA,N,E,I,A,A,H,-,C,A,0,NA,NA,NA,NA,Y,NA,A,NA,0,0,1,0,0,0,0,0,0,-,-,NA,NA,LOS ANGELES,TORRANCE,-118.30912017822266,33.86561584472656
9604282,2023,2023-11-16,1920,2023-09-19,1445,14050,1920,2,5,6,1920,0,0,0,NA,0,005,2ND ST,LA REINA AV,0,NA,Y,A,-,N,NA,NA,NA,NA,NA,NA,NA,NA,NA,N,3,0,1,2,A,-,11,21950,B,N,G,B,B,A,H,-,A,D,0,Y,NA,NA,NA,Y,NA,N,60,0,1,0,0,1,0,0,0,0,-,-,NA,NA,LOS ANGELES,DOWNEY,-118.13422393798828,33.941932678222656
9604284,2023,2023-11-30,1900,2023-10-01,320,630378,0631,7,5,6,1985,0,0,0,NA,0,61T1,SIERRA HWY,SKYLINE RANCH RD,78,S,N,B,-,N,NA,NA,NA,NA,NA,NA,NA,NA,NA,Y,3,0,1,2,A,-,08,22107,NA,M,A,C,A,A,H,-,C,D,0,NA,NA,NA,NA,Y,NA,A,01,0,1,0,0,0,0,0,0,0,-,-,34.4262809753418,-118.44783782958984,LOS ANGELES,SANTA CLARITA,-118.44758605957033,34.426612854003906
9604285,2023,2023-11-08,1910,2023-10-18,1557,03209,NA,3,5,4,1910,0,0,0,NA,0,006,NORTH SANTA MONICA BL,N ALPINE DR,0,NA,Y,A,-,N,NA,NA,NA,NA,NA,NA,NA,NA,NA,Y,3,0,3,2,A,-,05,21651,A,F,D,C,A,A,H,-,A,A,0,NA,NA,NA,NA,Y,NA,A,01,0,1,2,0,0,0,0,0,0,-,-,NA,NA,LOS ANGELES,BEVERLY HILLS,-118.39960479736328,34.0744514465332
9604288,2023,2023-11-29,1900,2023-10-21,1030,652772,0627,6,5,6,1985,0,0,0,NA,0,62T1,SIERRA HWY,NEWHALL AV,0,NA,Y,A,-,N,NA,NA,NA,NA,NA,NA,NA,NA,NA,Y,3,0,1,2,D,-,00,NA,NA,N,H,C,A,A,H,-,A,D,0,NA,NA,Y,NA,Y,NA,-,-,0,1,0,0,0,0,0,0,1,-,-,34.36582946777344,-118.50634765625,LOS ANGELES,SANTA CLARITA,-118.50636291503906,34.36589813232422
9604289,2023,2023-11-08,1910,2023-10-18,911,03209,NA,3,5,4,1910,0,0,0,NA,0,006,NORTH SANTA MONICA BL,N FOOTHILL RD,0,NA,Y,A,-,N,NA,NA,NA,NA,NA,NA,NA,NA,NA,N,3,0,1,2,A,-,08,22107,NA,N,D,G,A,A,H,-,A,A,0,NA,Y,NA,NA,Y,NA,A,07,0,1,0,0,0,0,1,0,0,-,-,34.07522964477539,-118.39865112304688,LOS ANGELES,BEVERLY HILLS,-118.39859771728516,34.07514190673828
9604293,2023,2023-11-08,1910,2023-10-08,1448,05290,NA,7,5,4,1910,0,0,0,NA,0,004,W SANTA MONICA BL W 2,N ROXBURY DR,0,NA,Y,A,-,N,NA,NA,NA,NA,NA,NA,NA,NA,NA,N,4,0,1,2,A,-,03,22350,NA,N,C,C,A,A,H,-,A,A,0,NA,NA,NA,NA,Y,NA,A,01,0,0,1,0,0,0,0,0,0,-,-,NA,NA,LOS ANGELES,BEVERLY HILLS,-118.40772247314452,34.06888961791992
9604297,2023,2023-11-16,1942,2023-09-18,900,34561,2187,1,5,7,1942,0,0,0,NA,0,26TL24,TOPANGA CANYON BL,DEL VALLE ST,63,N,N,B,-,Y,LA,7,27,-,-,12.17,H,-,N,Y,2,0,1,2,A,-,11,21950,B,N,G,B,D,A,H,-,A,D,0,Y,NA,Y,NA,Y,NA,N,60,1,0,0,0,1,0,0,0,0,-,-,NA,NA,LOS ANGELES,LOS ANGELES,-118.60576629638672,34.166954040527344
9604301,2023,2023-11-15,1900,2023-10-04,510,627590,1332,3,5,5,1908,0,0,0,NA,0,133T1,LAKEWOOD BL,SOMERSET BL,0,NA,Y,A,-,N,NA,NA,NA,NA,NA,NA,NA,NA,NA,Y,2,0,1,2,A,-,12,21453,A,N,D,C,A,A,H,-,B,A,0,NA,NA,NA,NA,Y,NA,A,01,1,0,0,0,0,0,0,0,0,-,-,NA,NA,LOS ANGELES,BELLFLOWER,-118.14265441894533,33.89651870727539
9604304,2023,2023-11-30,1910,2023-10-27,221,04839,NA,5,5,4,1910,0,0,0,NA,0,004,NORTH SANTA MONICA BL,ROXBURY DR,33,E,N,-,-,N,NA,NA,NA,NA,NA,NA,NA,NA,NA,Y,3,0,1,2,A,-,01,23153,B,F,C,C,A,A,H,-,C,A,0,NA,NA,NA,NA,Y,Y,A,01,0,1,0,0,0,0,0,0,0,-,-,34.06901168823242,-118.40760803222656,LOS ANGELES,BEVERLY HILLS,-118.40763854980467,34.068946838378906
9604316,2023,2023-12-07,1941,2023-10-24,1718,11534,4,2,5,7,1941,0,0,0,NA,0,005,E PACIFIC COAST HY,GUNDRY AV,0,NA,Y,A,-,Y,LA,7,1,-,-,5.391,I,5,S,Y,4,0,2,2,A,-,08,22107,NA,N,D,C,A,A,H,-,A,D,0,NA,NA,NA,NA,Y,NA,A,01,0,0,2,0,0,0,0,0,0,-,-,33.78984832763672,-118.17415618896484,LOS ANGELES,LONG BEACH,-118.17420196533205,33.7898063659668
9604324,2023,2023-11-27,1972,2023-10-06,1900,22885,NA,5,5,6,1972,0,0,0,NA,0,NA,HAWTHORNE BL,DEL AMO CIR WEST,25,S,N,A,-,Y,LA,7,107,-,-,1.988,I,5,S,N,3,0,1,2,A,-,10,21950,A,N,G,B,B,A,H,-,C,A,0,Y,NA,NA,NA,Y,NA,A,NA,0,1,0,0,1,0,0,0,0,-,-,NA,NA,LOS ANGELES,TORRANCE,-118.3530731201172,33.833797454833984
9604326,2023,2024-02-08,1900,2023-08-30,901,651854,1124,3,5,6,1992,0,0,0,NA,0,NA,SIERRA HWY,AVE M,0,NA,Y,A,-,N,NA,NA,NA,NA,NA,NA,NA,NA,NA,Y,4,0,1,3,A,-,09,21804,NA,N,D,C,A,A,H,-,A,A,0,NA,NA,NA,NA,Y,NA,A,01,0,0,1,0,0,0,0,0,0,-,-,34.64604949951172,-118.12825775146484,LOS ANGELES,LANCASTER,-118.12825012207033,34.64585876464844
9604328,2023,2023-11-16,1972,2023-08-02,1915,22438,NA,3,5,6,1972,0,0,0,NA,0,NA,HAWTHORNE BL,ARTESIA BL,100,N,N,A,-,Y,LA,7,107,-,-,4.72,H,-,N,NA,3,0,2,2,A,-,03,22350,NA,N,C,-,A,A,H,-,A,A,0,NA,NA,NA,NA,Y,NA,A,NA,0,1,1,0,0,0,0,0,0,-,-,NA,NA,LOS ANGELES,TORRANCE,-118.35235595703124,33.873191833496094
9604347,2023,2023-11-13,1942,2023-09-14,1700,44051,LAPDN,4,5,7,1942,0,0,0,NA,0,NA,W 69TH ST,BROADWAY,50,E,N,A,-,N,NA,NA,NA,NA,NA,NA,NA,NA,NA,N,4,0,1,2,A,-,11,21954,A,F,B,B,D,-,H,-,-,-,0,Y,NA,NA,NA,Y,NA,N,60,0,0,1,0,1,0,0,0,0,-,-,NA,NA,LOS ANGELES,LOS ANGELES,-118.27814483642578,33.977352142333984
9604356,2023,2023-11-13,1900,2023-08-25,1804,656671,0261,5,5,4,1917,0,0,0,NA,0,26T,WILCOX AV,WILCOX AV 7707,0,NA,-,A,-,N,NA,NA,NA,NA,NA,NA,NA,NA,NA,N,2,0,1,2,A,-,09,21801,A,N,D,C,A,A,H,-,A,A,0,NA,NA,Y,NA,Y,NA,A,01,1,0,0,0,0,0,0,0,0,-,-,33.964481353759766,-118.17864990234376,LOS ANGELES,CUDAHY,-118.12506866455078,34.033607482910156
9604362,2023,2023-11-20,1900,2023-09-24,2230,647596,1122,7,5,6,1992,0,0,0,NA,0,112T1,SIERRA HWY,AVENUE J,470,N,N,A,-,N,NA,NA,NA,NA,NA,NA,NA,NA,NA,N,3,0,1,2,A,-,11,21954,A,N,G,B,D,A,H,-,C,D,0,Y,NA,NA,NA,Y,NA,N,60,0,1,0,0,1,0,0,0,0,-,-,34.89628982543945,-118.13549041748048,LOS ANGELES,LANCASTER,-118.13571166992188,34.6906852722168
9604365,2023,2024-03-01,1900,2023-10-09,1825,658343,1628,1,5,5,1977,0,0,0,NA,0,167T1,CARSON ST,RT 405,0,NA,Y,A,-,Y,LA,7,405,-,-,10.587,R,1,N,N,4,0,1,2,A,-,21,22106,NA,N,D,G,A,A,H,-,A,A,0,NA,Y,NA,NA,Y,NA,A,01,0,0,1,0,0,0,1,0,0,-,SF,33.83158874511719,-118.2563705444336,LOS ANGELES,CARSON,-118.25603485107422,33.83198547363281
9604371,2023,2023-11-16,1900,2023-09-29,1243,611176,2608,5,5,6,1950,0,0,0,NA,0,263T1,22ND ST EAST,PALMDALE BL,0,NA,Y,A,-,Y,LA,7,138,-,-,45.98,H,-,W,Y,3,0,1,4,A,-,08,22107,NA,M,C,C,A,A,H,-,A,A,0,NA,NA,NA,NA,Y,NA,A,01,0,1,0,0,0,0,0,0,0,-,-,34.5802116394043,-118.08943176269533,LOS ANGELES,PALMDALE,-118.08942413330078,34.580169677734375
9604375,2023,2023-11-15,1900,2023-10-06,1017,671036,2611,5,5,6,1950,0,0,0,NA,0,262T1,3RD ST EAST,PALMDALE BL,0,NA,Y,A,-,Y,LA,7,138,-,-,43.95,I,5,E,Y,4,0,1,2,A,-,12,21453,A,N,D,C,A,A,H,-,A,A,0,NA,NA,NA,NA,Y,NA,A,01,0,0,1,0,0,0,0,0,0,-,-,34.579811096191406,-118.12487030029295,LOS ANGELES,PALMDALE,-118.12482452392578,34.579795837402344
9604379,2023,2023-11-16,1900,2023-09-26,650,643439,2610,2,5,6,1950,0,0,0,NA,0,264T1,PALMDALE BL,17TH ST EAST,0,NA,Y,A,-,Y,LA,7,138,-,-,45.461,I,5,E,Y,3,0,1,2,A,-,12,21453,NA,N,D,C,A,A,H,-,B,A,0,NA,NA,NA,NA,Y,NA,A,01,0,1,0,0,0,0,0,0,0,-,-,34.57963943481445,-118.09848022460938,LOS ANGELES,PALMDALE,-118.09844207763672,34.57960891723633
9604383,2023,2023-11-16,1900,2023-09-04,940,634995,2610,1,5,6,1950,0,0,0,NA,0,262T1,SIERRA HWY,PALMDALE BL,31,N,N,A,-,Y,LA,7,138,-,-,44.424,I,6,W,Y,4,0,1,2,A,-,09,21804,NA,N,D,C,A,A,H,-,A,A,0,NA,NA,NA,NA,Y,NA,A,01,0,0,1,0,0,0,0,0,0,-,-,34.519771575927734,-118.11662292480467,LOS ANGELES,PALMDALE,-118.11663055419922,34.57958984375
9604387,2023,2023-11-16,1900,2023-09-07,717,629486,2611,4,5,6,1950,0,0,0,NA,0,263,PALMDALE BL,5TH ST WEST,525,E,N,A,-,N,NA,NA,NA,NA,NA,NA,NA,NA,NA,Y,3,0,1,2,A,-,03,22350,NA,N,C,C,A,A,H,-,A,D,0,NA,NA,NA,NA,Y,NA,A,07,0,1,0,0,0,0,0,0,0,-,-,34.58258819580078,-118.13648986816406,LOS ANGELES,PALMDALE,-118.13702392578124,34.58272933959961
9604389,2023,2024-02-12,1900,2023-07-31,1739,658198,0334,1,5,4,1939,0,0,0,NA,0,35T1,164TH ST,OSAGE AV,370,W,N,A,-,N,NA,NA,NA,NA,NA,NA,NA,NA,NA,N,3,0,2,3,A,-,21,22106,NA,N,B,D,A,A,H,-,A,D,0,NA,NA,NA,NA,Y,NA,A,07,0,2,0,0,0,0,0,0,0,-,-,33.881839752197266,-118.34738159179688,LOS ANGELES,LAWNDALE,-118.3473663330078,33.88187026977539
9604396,2023,2023-11-15,1900,2023-10-08,1826,663923,1015,7,5,3,1995,0,0,0,NA,0,225A,RT 1,CROSSCREEK RD,155,E,N,A,-,Y,LA,7,1,-,-,47.03,H,-,S,Y,4,0,2,3,A,-,03,22350,NA,F,C,C,A,A,H,-,A,A,0,NA,NA,NA,NA,Y,Y,A,01,0,0,2,0,0,0,0,0,0,-,-,34.03437042236328,-118.68419647216795,LOS ANGELES,MALIBU,-118.68441772460938,34.03441619873047
9604399,2023,2023-11-15,1972,2023-10-05,1915,22776,NA,4,5,6,1972,0,0,0,NA,0,NA,PACIFIC COAST HWY,HAWTHORNE BL,0,NA,Y,A,-,Y,LA,7,1,-,-,16.005,I,5,S,Y,4,0,3,2,D,-,00,NA,NA,N,A,C,A,A,H,-,C,A,0,NA,NA,NA,NA,Y,NA,-,-,0,0,3,0,0,0,0,0,0,-,-,NA,NA,LOS ANGELES,TORRANCE,-118.35111236572266,33.804969787597656
9604400,2023,2023-11-14,1900,2023-10-12,806,664470,1012,4,5,3,1995,0,0,0,NA,0,22OA1,RT 1,KANAN DUME RD,35,W,N,A,-,Y,LA,7,1,-,-,54.04,H,-,S,Y,4,0,1,2,A,-,12,21453,A,N,C,C,A,A,H,-,A,A,0,NA,NA,NA,NA,Y,NA,A,01,0,0,1,0,0,0,0,0,0,-,-,34.02170944213867,-118.80278778076172,LOS ANGELES,MALIBU,-118.8030242919922,34.021583557128906
9604419,2023,2023-08-17,1942,2023-07-23,1210,40165,1611,7,5,7,1942,0,0,0,P,0,26TL19,LAUREL CANYON BL,RONALD REAGAN FWY,0,NA,Y,A,-,Y,LA,7,118,-,R,11.419,R,4,E,N,3,0,1,2,A,-,09,21453,B,F,D,G,A,A,H,-,A,A,0,NA,Y,NA,NA,Y,NA,-,99,0,1,0,0,0,0,1,0,0,-,-,NA,NA,LOS ANGELES,LOS ANGELES,-118.44399261474608,34.26649475097656
9604422,2023,2023-08-17,1944,2023-06-19,1619,294,M7,1,5,4,1944,0,0,0,NA,0,0M4,SEPULVEDA BL,MARINE AV,0,NA,Y,A,-,Y,LA,7,1,-,-,23.47,H,-,S,N,4,0,2,2,A,-,03,22350,NA,F,C,C,A,-,H,-,A,A,0,NA,NA,NA,NA,Y,NA,A,08,0,0,2,0,0,0,0,0,0,-,-,33.89455032348633,-118.39602661132813,LOS ANGELES,MANHATTAN BEACH,-118.39611053466795,33.895484924316406
9604434,2023,2024-02-23,1976,2023-11-15,1211,379,NA,3,5,5,1976,0,0,0,NA,0,002,WHITTIER BL,PENN ST,500,W,N,C,-,Y,LA,7,72,-,-,4.856,I,5,S,Y,4,0,1,2,A,-,08,22107,NA,N,A,C,A,B,H,-,A,D,0,NA,NA,NA,NA,Y,NA,A,01,0,0,1,0,0,0,0,0,0,-,-,NA,NA,LOS ANGELES,WHITTIER,-118.0468292236328,33.97544860839844
9604435,2022,2023-08-10,1900,2022-10-23,1600,663360,2825,7,5,5,1915,0,0,0,NA,0,283T1,ROSECRANS AV,HARRIS AV,52,E,N,A,-,N,NA,NA,NA,NA,NA,NA,NA,NA,NA,N,3,0,1,2,D,-,00,NA,NA,N,D,G,A,A,H,-,A,D,0,NA,Y,NA,NA,Y,NA,-,-,0,1,0,0,0,0,1,0,0,-,-,33.90359115600586,-118.1990966796875,LOS ANGELES,COMPTON,-118.19918060302734,33.90359115600586
9604437,2023,2024-02-05,1928,2023-11-30,257,50435,505,4,5,5,1928,0,0,0,NA,0,502,IMPERIAL HWY,FREEMAN AV,0,NA,Y,A,-,N,NA,NA,NA,NA,NA,NA,NA,NA,NA,Y,4,0,2,2,A,-,12,21453,A,N,D,C,A,A,H,-,C,A,0,NA,NA,NA,NA,Y,Y,A,01,0,0,2,0,0,0,0,0,0,-,-,33.93088150024414,-118.34835052490234,LOS ANGELES,HAWTHORNE,-118.34828186035156,33.93096160888672
9604438,2023,2024-02-23,1976,2023-11-21,1812,496,1976,2,5,5,1976,0,0,0,NA,0,002,WHITTIER BL,PHILADELPHIA ST,0,NA,Y,A,-,Y,LA,7,72,-,-,5.146,I,5,S,Y,4,0,2,2,A,-,12,21453,A,N,D,C,A,A,H,-,C,A,0,NA,NA,NA,NA,Y,NA,-,-,0,0,2,0,0,0,0,0,0,-,-,NA,NA,LOS ANGELES,WHITTIER,-118.04934692382813,33.97905731201172
9604442,2023,2024-02-23,1976,2023-11-18,1435,474,NA,6,5,5,1976,0,0,0,NA,0,002,WHITTIER BL,MILTON AV,70,W,N,A,-,Y,LA,7,72,-,-,4.1,H,-,S,N,3,0,1,2,A,-,11,21954,A,N,G,B,D,A,H,-,A,D,0,Y,NA,NA,NA,Y,NA,N,60,0,1,0,0,1,0,0,0,0,-,-,NA,NA,LOS ANGELES,WHITTIER,-118.03932189941406,33.96677017211914
9604445,2023,2024-02-23,1900,2023-10-07,1855,656357,1262,6,5,3,1991,0,0,0,NA,0,121T1,ANGELS CREST HWY,GREEN LN,512,S,N,A,-,Y,LA,7,2,-,-,24.99,H,-,E,N,3,0,1,2,A,-,03,22350,NA,N,C,E,A,A,H,-,D,D,0,NA,NA,NA,NA,Y,NA,A,07,0,1,0,0,0,0,0,0,0,-,-,34.2140007019043,-118.20040130615234,LOS ANGELES,LA CANADA-FLINTRIDGE,-118.20006561279295,34.21399688720703
9604446,2023,2024-02-23,1976,2023-11-20,707,592,NA,1,5,5,1976,0,0,0,NA,0,004,WHITTIER BL,LINDESMITH AV,0,NA,Y,A,-,Y,LA,7,72,-,-,0.305,I,5,N,Y,3,0,1,2,A,-,09,21802,A,N,D,C,A,A,H,-,A,A,0,NA,NA,NA,NA,Y,NA,A,07,0,1,0,0,0,0,0,0,0,-,-,NA,NA,LOS ANGELES,WHITTIER,-117.98180389404295,33.94010543823242
9604448,2023,2024-02-05,1900,2023-10-18,2249,623044,1262,3,5,3,1991,0,0,0,NA,0,121T1,ANGELES CREST HWY,GREENRIDGE DR,300,N,N,A,-,N,NA,NA,NA,NA,NA,NA,NA,NA,NA,Y,3,0,1,1,C,-,18,NA,NA,N,E,I,A,A,H,-,C,D,0,NA,NA,NA,NA,Y,NA,-,-,0,1,0,0,0,0,0,0,0,-,-,34.22148895263672,-118.19302368164064,LOS ANGELES,LA CANADA-FLINTRIDGE,-118.19254302978516,34.220909118652344
9604451,2022,2023-08-10,1900,2022-12-04,1310,660930,2814,7,5,5,1915,0,0,0,NA,0,283T2,ROSECRANS AV,ARANBE AV,0,NA,Y,B,-,N,NA,NA,NA,NA,NA,NA,NA,NA,NA,Y,3,0,1,2,A,-,12,21453,A,F,D,C,A,B,H,-,A,A,0,NA,NA,NA,NA,Y,NA,A,01,0,1,0,0,0,0,0,0,0,-,-,33.90336990356445,-118.23235321044922,LOS ANGELES,COMPTON,-118.23235321044922,33.90336990356445
9604452,2023,2024-02-23,1941,2023-11-16,849,11922,EAST,4,5,7,1941,0,0,0,NA,0,013,7TH ST,STUDEBAKER RD,0,E,N,A,-,Y,LA,7,22,-,-,1.46,H,-,W,Y,4,0,1,2,A,-,07,21658,A,N,C,C,A,A,H,-,A,A,0,NA,NA,NA,NA,Y,NA,A,01,0,0,1,0,0,0,0,0,0,-,-,33.774269104003906,-118.10308074951172,LOS ANGELES,LONG BEACH,-118.09780120849608,33.774383544921875
9604476,2023,2023-08-18,1942,2023-07-11,2105,37146,0555,2,5,7,1942,0,0,0,E,0,25TL31,PACIFIC AV,FARREL ST,100,N,N,A,-,N,NA,NA,NA,NA,NA,NA,NA,NA,NA,Y,3,0,2,2,A,-,01,23152,A,N,C,C,A,A,H,-,C,D,0,NA,NA,NA,NA,Y,Y,A,07,0,2,0,0,0,0,0,0,0,-,-,NA,NA,LOS ANGELES,LOS ANGELES,NA,NA
9604489,2023,2023-08-17,1900,2023-07-15,2138,626647,1351,6,5,3,1927,0,0,0,NA,0,134A,CARSON ST,PIONEER BL,0,NA,Y,A,-,N,NA,NA,NA,NA,NA,NA,NA,NA,NA,Y,3,0,2,2,B,-,22,NA,NA,N,D,C,A,A,H,-,C,A,0,NA,NA,NA,NA,Y,NA,J,48,0,2,0,0,0,0,0,0,0,-,-,NA,NA,LOS ANGELES,HAWAIIAN GARDENS,-118.08184051513672,33.83139419555664
9604498,2023,2023-08-17,1900,2023-07-01,258,635144,2820,6,5,5,1915,0,0,0,NA,0,281T1,ALAMEDA ST E,EUCLID AV,125,N,N,A,-,N,NA,NA,NA,NA,NA,NA,NA,NA,NA,Y,4,0,3,1,A,-,03,22350,NA,N,F,I,A,A,H,-,C,D,0,NA,NA,NA,NA,Y,NA,A,01,0,0,3,0,0,0,0,0,0,-,-,33.913028717041016,-118.22258758544922,LOS ANGELES,COMPTON,-118.22252655029295,33.91292953491211
9604499,2023,2023-08-17,1955,2023-07-20,1420,1395,NA,4,5,6,1955,0,0,0,NA,0,NA,MOUNTAIN AV,VASSAR ST,50,N,N,A,-,N,NA,NA,NA,NA,NA,NA,NA,NA,NA,N,3,0,1,2,C,-,18,NA,NA,N,D,C,A,A,H,-,A,D,0,NA,NA,NA,NA,Y,NA,-,-,0,1,0,0,0,0,0,0,0,-,-,NA,NA,LOS ANGELES,POMONA,-117.72798919677734,34.087276458740234
9604500,2023,2023-08-17,1942,2023-07-26,120,42296,1075,3,5,7,1942,0,0,0,J,0,26T32W,NESTLE AV,CLARK ST,139,N,N,A,-,N,NA,NA,NA,NA,NA,NA,NA,NA,NA,Y,4,0,2,2,A,-,08,22107,NA,N,A,C,A,A,H,-,C,D,0,NA,NA,NA,NA,Y,Y,A,01,0,0,2,0,0,0,0,0,0,-,-,NA,NA,LOS ANGELES,LOS ANGELES,-118.52959442138672,34.16999053955078
9604505,2022,2023-08-14,1901,2022-10-02,1414,251,NA,7,5,5,1901,0,0,0,NA,0,004,FREMONT AV,NORWOOD PL,0,NA,Y,A,-,N,NA,NA,NA,NA,NA,NA,NA,NA,NA,N,4,0,1,2,A,-,03,22350,NA,N,C,C,A,A,H,-,A,D,0,NA,NA,NA,NA,Y,NA,A,01,0,0,1,0,0,0,0,0,0,-,-,34.07561111450195,-118.15184020996094,LOS ANGELES,ALHAMBRA,-118.15186309814452,34.075592041015625
9604506,2022,2023-08-14,1901,2022-10-07,1432,631,28,5,5,5,1901,0,0,0,NA,0,003,ATLANTIC BL,COMMONWEALTH AV,338,S,N,A,-,N,NA,NA,NA,NA,NA,NA,NA,NA,NA,N,4,0,2,3,A,-,21,22106,NA,N,B,C,A,A,H,-,A,A,0,NA,NA,NA,NA,Y,NA,A,07,0,0,2,0,0,0,0,0,0,-,-,NA,NA,LOS ANGELES,ALHAMBRA,-118.13459014892578,34.08657455444336
9604512,2022,2023-08-14,1901,2022-10-08,2138,193,16,6,5,5,1901,0,0,0,NA,0,004,VALLEY BL,GRANDVIEW DR,140,W,N,A,-,N,NA,NA,NA,NA,NA,NA,NA,NA,NA,N,4,0,1,3,A,-,08,22107,NA,F,B,C,A,A,H,-,C,D,0,NA,NA,NA,NA,Y,NA,A,01,0,0,1,0,0,0,0,0,0,-,-,NA,NA,LOS ANGELES,ALHAMBRA,-118.1553955078125,34.076595306396484
9604515,2022,2023-08-14,1901,2022-09-26,1059,654,16,1,5,5,1901,0,0,0,NA,0,004,VALLEY BL,FREMONT AV,145,W,N,A,-,N,NA,NA,NA,NA,NA,NA,NA,NA,NA,N,4,0,1,2,A,-,03,22350,NA,N,C,C,A,A,H,-,A,A,0,NA,NA,NA,NA,Y,NA,A,01,0,0,1,0,0,0,0,0,0,-,-,NA,NA,LOS ANGELES,ALHAMBRA,-118.15239715576172,34.07686233520508
9604518,2022,2023-08-14,1901,2022-09-23,1832,631,28,5,5,5,1901,0,0,0,NA,0,003,COMMONWEALTH AV,MARENGO AV,30,E,N,A,-,N,NA,NA,NA,NA,NA,NA,NA,NA,NA,N,4,0,1,2,A,-,03,22350,NA,N,C,C,A,A,H,-,A,A,0,NA,NA,NA,NA,Y,NA,A,01,0,0,1,0,0,0,0,0,0,-,-,NA,NA,LOS ANGELES,ALHAMBRA,-118.14188385009766,34.08755111694336
9604521,2022,2023-08-14,1901,2022-09-27,0809,194,24,2,5,5,1901,0,0,0,NA,0,003,MAIN ST,ELECTRIC AV,13,W,N,A,-,N,NA,NA,NA,NA,NA,NA,NA,NA,NA,Y,3,0,1,2,A,-,03,22350,NA,N,C,C,A,A,H,-,A,D,0,NA,NA,Y,NA,Y,NA,C,03,0,1,0,0,0,0,0,0,1,-,-,34.09157180786133,-118.13961029052734,LOS ANGELES,ALHAMBRA,-118.13964080810548,34.091529846191406
9604523,2022,2023-08-14,1901,2022-09-30,1143,654,29,5,5,5,1901,0,0,0,NA,0,003,FREMONT AV,MISSION RD,402,N,N,A,-,N,NA,NA,NA,NA,NA,NA,NA,NA,NA,N,4,0,1,2,A,-,12,21453,A,N,D,C,A,A,H,-,A,A,0,NA,NA,NA,NA,Y,NA,A,07,0,0,1,0,0,0,0,0,0,-,-,NA,NA,LOS ANGELES,ALHAMBRA,-118.15200805664064,34.08041000366211
9604525,2022,2023-08-14,1901,2022-09-24,0151,218,7,6,5,5,1901,0,0,0,NA,0,001,GARFIELD AV,MAIN ST,21,N,N,A,-,N,NA,NA,NA,NA,NA,NA,NA,NA,NA,N,4,0,1,2,A,-,12,21453,A,N,D,C,A,A,H,-,C,A,0,NA,NA,NA,NA,Y,NA,A,01,0,0,1,0,0,0,0,0,0,-,-,34.09518814086914,-118.12689208984376,LOS ANGELES,ALHAMBRA,-118.12683868408205,34.09516906738281
9604526,2022,2023-08-14,1901,2022-10-07,1604,221,30,5,5,5,1901,0,0,0,NA,0,003,MISSION RD,FREMONT AV,0,NA,Y,A,-,N,NA,NA,NA,NA,NA,NA,NA,NA,NA,Y,3,0,1,2,A,-,09,21804,A,N,A,C,A,A,H,-,A,A,0,NA,NA,Y,NA,Y,NA,A,01,0,1,0,0,0,0,0,0,1,-,-,34.07933044433594,-118.15187072753906,LOS ANGELES,ALHAMBRA,-118.15198516845705,34.07931137084961