CASE_ID,ACCIDENT_YEAR,PROC_DATE,JURIS,COLLISION_DATE,COLLISION_TIME,OFFICER_ID,REPORTING_DISTRICT,DAY_OF_WEEK,CHP_SHIFT,POPULATION,CNTY_CITY_LOC,SPECIAL_COND,BEAT_TYPE,CHP_BEAT_TYPE,CITY_DIVISION_LAPD,CHP_BEAT_CLASS,BEAT_NUMBER,PRIMARY_RD,SECONDARY_RD,DISTANCE,DIRECTION,INTERSECTION,WEATHER_1,WEATHER_2,STATE_HWY_IND,CALTRANS_COUNTY,CALTRANS_DISTRICT,STATE_ROUTE,ROUTE_SUFFIX,POSTMILE_PREFIX,POSTMILE,LOCATION_TYPE,RAMP_INTERSECTION,SIDE_OF_HWY,TOW_AWAY,COLLISION_SEVERITY,NUMBER_KILLED,NUMBER_INJURED,PARTY_COUNT,PRIMARY_COLL_FACTOR,PCF_CODE_OF_VIOL,PCF_VIOL_CATEGORY,PCF_VIOLATION,PCF_VIOL_SUBSECTION,HIT_AND_RUN,TYPE_OF_COLLISION,MVIW,PED_ACTION,ROAD_SURFACE,ROAD_COND_1,ROAD_COND_2,LIGHTING,CONTROL_DEVICE,CHP_ROAD_TYPE,PEDESTRIAN_ACCIDENT,BICYCLE_ACCIDENT,MOTORCYCLE_ACCIDENT,TRUCK_ACCIDENT,NOT_PRIVATE_PROPERTY,ALCOHOL_INVOLVED,STWD_VEHTYPE_AT_FAULT,CHP_VEHTYPE_AT_FAULT,COUNT_SEVERE_INJ,COUNT_VISIBLE_INJ,COUNT_COMPLAINT_PAIN,COUNT_PED_KILLED,COUNT_PED_INJURED,COUNT_BICYCLIST_KILLED,COUNT_BICYCLIST_INJURED,COUNT_MC_KILLED,COUNT_MC_INJURED,PRIMARY_RAMP,SECONDARY_RAMP,LATITUDE,LONGITUDE,COUNTY,CITY,POINT_X,POINT_Y
9605549,2023,2023-08-08,1962,2023-06-12,1654,110,1962,1,5,4,1962,0,0,0,NA,0,002,SAN GABRIEL BL,HERMOSA DR,0,NA,Y,A,-,N,NA,NA,NA,NA,NA,NA,NA,NA,NA,N,2,0,1,3,A,-,03,22350,NA,N,B,C,A,A,H,-,A,A,0,NA,NA,Y,Y,Y,NA,C,02,1,0,0,0,0,0,0,0,1,-,-,34.10625076293945,-118.09105682373048,LOS ANGELES,SAN GABRIEL,-118.091064453125,34.1062126159668
9605550,2023,2023-08-08,1962,2023-06-01,951,157,1962,4,5,4,1962,0,0,0,NA,0,004,SAN GABRIEL BL,KENMORE DR,15,S,N,B,-,N,NA,NA,NA,NA,NA,NA,NA,NA,NA,N,4,0,1,2,A,-,03,22350,NA,N,C,C,A,A,H,-,A,A,0,NA,NA,NA,NA,Y,NA,A,08,0,0,1,0,0,0,0,0,0,-,-,34.08113098144531,-118.09078216552734,LOS ANGELES,SAN GABRIEL,-118.0907745361328,34.081050872802734
9605551,2023,2023-08-08,1962,2023-06-23,910,151,1962,5,5,4,1962,0,0,0,NA,0,001,DEL MAR AV,LAS TUNAS DR,0,NA,Y,A,-,N,NA,NA,NA,NA,NA,NA,NA,NA,NA,N,3,0,2,2,A,-,12,21453,A,N,D,C,A,A,H,-,A,A,0,NA,NA,NA,NA,Y,NA,A,01,0,1,1,0,0,0,0,0,0,-,-,34.102821350097656,-118.09967803955078,LOS ANGELES,SAN GABRIEL,-118.09967803955078,34.10279846191406
9605552,2023,2023-08-08,1962,2023-06-30,1645,164,1962,5,5,4,1962,0,0,0,NA,0,002,LAS TUNAS DR,BURTON AV,0,E,N,B,-,N,NA,NA,NA,NA,NA,NA,NA,NA,NA,N,4,0,1,2,A,-,17,21235,G,N,E,J,A,A,H,-,A,A,0,NA,NA,NA,NA,Y,NA,M,94,0,0,1,0,0,0,0,0,0,-,-,34.10346984863281,-118.08129119873048,LOS ANGELES,SAN GABRIEL,-118.0812759399414,34.10346603393555
9605621,2023,2023-10-17,1942,2023-09-16,1230,40008,1307,6,5,7,1942,0,0,0,M,0,24TL25,E 8TH ST,KOHLER ST,19,W,N,A,B,N,NA,NA,NA,NA,NA,NA,NA,NA,NA,N,2,0,2,2,A,-,17,22517,NA,N,G,B,A,A,H,-,A,D,0,NA,NA,NA,NA,Y,NA,D,22,1,1,0,0,0,0,0,0,0,-,-,NA,NA,LOS ANGELES,LOS ANGELES,-118.24485778808594,34.034934997558594
9605623,2023,2023-10-10,1942,2023-09-06,2030,38814,1181,3,5,7,1942,0,0,0,K,0,11A71,N ALVARADO ST,RESERVOIR ST,93,S,N,A,-,N,NA,NA,NA,NA,NA,NA,NA,NA,NA,N,4,0,1,2,A,-,17,22517,NA,N,B,E,A,A,H,-,C,D,0,NA,NA,NA,NA,Y,NA,A,01,0,0,1,0,0,0,0,0,0,-,-,NA,NA,LOS ANGELES,LOS ANGELES,-118.26273345947266,34.07882308959961
9605624,2023,2023-10-09,1942,2023-09-18,1030,40421,1352,1,5,7,1942,0,0,0,M,0,24T26W,AVALON BL,VERNON AV,12,E,N,A,-,N,NA,NA,NA,NA,NA,NA,NA,NA,NA,N,2,0,1,2,A,-,09,21804,A,N,D,G,A,A,H,-,A,A,0,NA,Y,NA,Y,Y,NA,L,04,1,0,0,0,0,0,1,0,0,-,-,NA,NA,LOS ANGELES,LOS ANGELES,-118.26526641845705,34.003868103027344
9605625,2023,2023-10-12,1942,2023-09-18,1135,36238,1371,1,5,7,1942,0,0,0,M,0,24TL24,SLAUSON AV,BROADWAY,0,NA,Y,B,-,N,NA,NA,NA,NA,NA,NA,NA,NA,NA,Y,2,0,1,3,A,-,12,21453,A,N,D,C,A,A,H,-,A,A,0,NA,NA,Y,NA,Y,NA,C,02,1,0,0,0,0,0,0,0,1,-,-,NA,NA,LOS ANGELES,LOS ANGELES,-118.27830505371094,33.98918533325195
9605627,2023,2023-10-12,1942,2023-09-08,915,42118,1367,5,5,7,1942,0,0,0,M,0,24TL26,48TH PL,LONG BEACH AV,0,NA,Y,A,-,N,NA,NA,NA,NA,NA,NA,NA,NA,NA,Y,3,0,2,2,A,-,12,21453,A,N,D,F,A,A,H,-,A,A,0,NA,NA,NA,NA,Y,NA,A,01,0,2,0,0,0,0,0,0,0,-,-,NA,NA,LOS ANGELES,LOS ANGELES,-118.2431640625,33.99938201904297
9605630,2023,2023-10-12,1942,2023-09-10,1935,42943,0497,7,5,7,1942,0,0,0,D,0,24T51,OLYMPIC BL,DACOTAH ST,156,W,N,A,-,N,NA,NA,NA,NA,NA,NA,NA,NA,NA,N,4,0,1,2,C,-,18,NA,NA,N,G,B,F,A,H,-,B,D,0,Y,NA,NA,NA,Y,NA,-,-,0,0,1,0,1,0,0,0,0,-,-,NA,NA,LOS ANGELES,LOS ANGELES,-118.21270751953124,34.02116775512695
9605631,2023,2023-10-12,1942,2023-09-12,705,42118,0473,2,5,7,1942,0,0,0,D,0,24TL28,SOTO ST,WHITTIER BL,200,S,N,A,-,N,NA,NA,NA,NA,NA,NA,NA,NA,NA,N,4,0,1,2,A,-,21,22106,NA,N,B,C,A,A,H,-,A,D,0,NA,NA,NA,Y,Y,NA,A,08,0,0,1,0,0,0,0,0,0,-,-,NA,NA,LOS ANGELES,LOS ANGELES,-118.21599578857422,34.033878326416016
9605633,2023,2023-10-12,1942,2023-09-13,1105,34458,0453,3,5,7,1942,0,0,0,D,0,24TL26,CESAR E CHAVEZ AV,BOYLE AV,30,W,N,A,G,N,NA,NA,NA,NA,NA,NA,NA,NA,NA,N,4,0,1,2,A,-,04,21703,NA,N,C,C,A,A,A,-,A,A,0,NA,NA,NA,NA,Y,NA,D,22,0,0,1,0,0,0,0,0,0,-,-,NA,NA,LOS ANGELES,LOS ANGELES,-118.21769714355467,34.051239013671875
9605634,2023,2023-10-10,1942,2023-09-08,810,33985,0261,5,5,7,1942,0,0,0,B,0,0810,8TH ST,HOOVER ST,0,NA,Y,A,-,N,NA,NA,NA,NA,NA,NA,NA,NA,NA,N,4,0,1,2,A,-,07,21658,A,N,B,C,A,A,H,-,A,D,0,NA,NA,NA,NA,Y,NA,I,19,0,0,1,0,0,0,0,0,0,-,-,NA,NA,LOS ANGELES,LOS ANGELES,-118.28421020507813,34.057708740234375
9605636,2023,2023-10-10,1920,2023-09-24,1115,13965,1920,7,5,6,1920,0,0,0,NA,0,004,CECILIA ST,STUDEBAKER RD,0,NA,Y,A,-,N,NA,NA,NA,NA,NA,NA,NA,NA,NA,N,3,0,3,2,A,-,09,21802,A,N,D,C,A,A,H,-,A,A,0,NA,NA,NA,NA,Y,NA,D,22,0,2,1,0,0,0,0,0,0,-,-,NA,NA,LOS ANGELES,DOWNEY,-118.09928131103516,33.93199920654297
9605637,2023,2023-10-23,1920,2023-09-15,805,13500,1920,5,5,6,1920,0,0,0,NA,0,006,CLETA ST,PATTON RD,0,NA,Y,A,-,N,NA,NA,NA,NA,NA,NA,NA,NA,NA,N,4,0,2,2,A,-,08,22107,NA,N,B,C,A,A,H,-,A,A,0,NA,NA,NA,Y,Y,NA,A,01,0,0,2,0,0,0,0,0,0,-,-,NA,NA,LOS ANGELES,DOWNEY,-118.13117218017578,33.93263626098633
9605639,2023,2023-10-06,1920,2023-08-24,827,13022,1920,4,5,6,1920,0,0,0,NA,0,006,DE PALMA ST,GURLEY AV,0,NA,Y,A,-,N,NA,NA,NA,NA,NA,NA,NA,NA,NA,Y,4,0,2,3,A,-,09,21802,A,N,C,E,A,A,H,-,A,A,0,NA,NA,NA,NA,Y,NA,A,01,0,0,2,0,0,0,0,0,0,-,-,NA,NA,LOS ANGELES,DOWNEY,-118.13909912109376,33.93404006958008
9605640,2023,2023-10-06,1920,2023-07-22,1102,14270,1920,6,5,6,1920,0,0,0,NA,0,005,FLORENCE AV,DOWNEY AV,0,NA,Y,A,-,N,NA,NA,NA,NA,NA,NA,NA,NA,NA,N,4,0,1,2,A,-,09,21801,A,N,D,C,A,A,H,-,A,A,0,NA,NA,Y,NA,Y,NA,C,02,0,0,1,0,0,0,0,0,1,-,-,NA,NA,LOS ANGELES,DOWNEY,-118.1257553100586,33.951419830322266
9605641,2023,2023-10-03,1942,2023-08-28,1328,40024,0127,1,5,7,1942,0,0,0,A,0,24MQ53,ALAMEDA ST,TEMPLE ST,0,NA,Y,A,-,N,NA,NA,NA,NA,NA,NA,NA,NA,NA,N,2,0,1,2,A,-,12,21453,A,N,D,G,A,A,D,-,A,D,0,NA,Y,NA,NA,Y,NA,A,01,1,0,0,0,0,0,1,0,0,-,-,NA,NA,LOS ANGELES,LOS ANGELES,-118.23805236816406,34.05110549926758
9605672,2023,2023-11-17,1942,2023-09-01,431,45427,466,5,5,7,1942,0,0,0,NA,0,4A53,CESAR CHAVEZ,FOREST,80,E,N,A,-,N,NA,NA,NA,NA,NA,NA,NA,NA,NA,Y,3,0,1,4,A,-,05,21650,A,N,A,E,A,A,H,-,C,D,0,NA,NA,Y,NA,Y,NA,A,07,0,1,0,0,0,0,0,0,0,-,-,NA,NA,LOS ANGELES,LOS ANGELES,-118.20227813720705,34.04438018798828
9605693,2023,2023-08-11,1900,2023-07-08,2222,653521,1630,6,5,5,1977,0,0,0,NA,0,160T,AVALON AV,COLONY COVE,0,NA,Y,A,-,N,NA,NA,NA,NA,NA,NA,NA,NA,NA,Y,4,0,1,2,A,-,03,22350,NA,N,C,C,A,A,H,-,C,A,0,NA,NA,NA,NA,Y,NA,D,22,0,0,1,0,0,0,0,0,0,-,-,33.869380950927734,-118.26596069335938,LOS ANGELES,CARSON,-118.266001,33.869431
9605703,2023,2023-08-24,1976,2023-06-20,1147,219,NA,2,5,3,1964,0,0,0,NA,0,001,TELELGRAPH RD,JERSEY AV,0,NA,Y,A,-,N,NA,NA,NA,NA,NA,NA,NA,NA,NA,N,3,0,1,2,A,-,12,21453,A,N,D,C,A,A,H,-,-,A,0,NA,NA,NA,NA,Y,NA,D,22,0,1,0,0,0,0,0,0,0,-,-,NA,NA,LOS ANGELES,SANTA FE SPRINGS,-118.0858917236328,33.947208404541016
9605784,2023,2023-08-14,1900,2023-07-26,2154,623598,1630,3,5,5,1977,0,0,0,NA,0,164T1,CENTRAL AV,ARTESIA BL,0,NA,Y,A,-,N,NA,NA,NA,NA,NA,NA,NA,NA,NA,Y,4,0,1,3,D,-,00,NA,NA,N,D,C,A,A,H,-,C,A,0,NA,NA,NA,NA,Y,NA,-,-,0,0,1,0,0,0,0,0,0,-,-,33.87398147583008,-118.2487564086914,LOS ANGELES,CARSON,-118.24877166748048,33.873992919921875
9605789,2023,2023-08-07,1976,2023-06-29,1550,854,NA,4,5,3,1964,0,0,0,NA,0,NA,CARMENITA RD,LANETT AV,125,S,N,A,-,N,NA,NA,NA,NA,NA,NA,NA,NA,NA,Y,3,0,1,1,A,-,08,22107,NA,N,E,I,A,A,H,-,A,D,0,NA,NA,NA,NA,Y,NA,A,01,0,1,0,0,0,0,0,0,0,-,-,NA,NA,LOS ANGELES,SANTA FE SPRINGS,-118.04657745361328,33.941375732421875
9605790,2023,2023-08-14,1976,2023-06-22,658,516,NA,4,5,3,1964,0,0,0,NA,0,002,SUNSHINE AV,GREENSTONE AV,320,W,N,B,-,N,NA,NA,NA,NA,NA,NA,NA,NA,NA,Y,3,0,1,3,A,-,09,21801,A,N,D,C,A,A,H,-,A,D,0,NA,NA,NA,NA,Y,NA,A,01,0,1,0,0,0,0,0,0,0,-,-,NA,NA,LOS ANGELES,SANTA FE SPRINGS,-118.0581512451172,33.920738220214844
9605794,2023,2023-08-07,1976,2023-06-30,1045,547,NA,5,5,5,1976,0,0,0,NA,0,001,BEVERLY BL,ADELE AV,221,W,-,A,-,N,NA,NA,NA,NA,NA,NA,NA,NA,NA,Y,4,0,1,2,A,-,07,21658,A,N,B,C,A,A,H,-,A,D,0,NA,NA,NA,NA,Y,NA,A,01,0,0,1,0,0,0,0,0,0,-,-,NA,NA,LOS ANGELES,WHITTIER,-118.0598373413086,34.00167465209961
9605801,2023,2023-08-07,1920,2023-05-30,1436,11792,1920,2,5,6,1920,0,0,0,NA,0,006,DOWNEY AV,TEXAS ST,0,NA,Y,A,-,N,NA,NA,NA,NA,NA,NA,NA,NA,NA,N,4,0,3,2,A,-,03,22350,NA,N,C,C,A,A,H,-,A,D,0,NA,NA,NA,NA,Y,NA,A,07,0,0,3,0,0,0,0,0,0,-,-,NA,NA,LOS ANGELES,DOWNEY,-118.13570404052734,33.9361572265625
9605802,2023,2023-08-07,1920,2023-05-27,1756,14072,1920,6,5,6,1920,0,0,0,NA,0,003,RIVERBED,RIO HONDO,193,W,N,A,-,N,NA,NA,NA,NA,NA,NA,NA,NA,NA,N,3,0,2,2,D,-,00,NA,NA,N,H,G,A,A,H,-,A,D,0,NA,Y,Y,NA,Y,NA,-,-,0,1,1,0,0,0,1,0,1,-,-,NA,NA,LOS ANGELES,DOWNEY,NA,NA
9605819,2023,2023-08-08,1900,2023-03-11,1708,652894,1122,6,5,6,1992,0,0,0,NA,0,112T2,10TH ST WEST,NEWGROVE AV,0,NA,Y,A,-,N,NA,NA,NA,NA,NA,NA,NA,NA,NA,N,4,0,1,2,A,-,10,21950,A,F,G,B,B,A,H,-,A,A,0,Y,NA,NA,NA,Y,NA,A,01,0,0,1,0,1,0,0,0,0,-,-,NA,NA,LOS ANGELES,LANCASTER,-118.14805603027344,34.69349670410156
9605820,2023,2023-08-08,1900,2023-03-13,1700,659987,1192,1,5,6,1992,0,0,0,NA,0,111T1,AVENUE L,30TH ST WEST,690,E,N,A,-,N,NA,NA,NA,NA,NA,NA,NA,NA,NA,Y,4,0,1,2,A,-,08,22101,D,N,B,C,A,A,H,-,A,D,0,NA,NA,NA,NA,Y,NA,A,07,0,0,1,0,0,0,0,0,0,-,-,NA,NA,LOS ANGELES,LANCASTER,-118.18119049072266,34.6602897644043
9605831,2023,2023-08-21,1900,2023-04-24,1838,649825,0531,1,5,5,1959,0,0,0,NA,0,53FPM,VALLEY BL,RIO HONDO AV,9,W,N,A,-,N,NA,NA,NA,NA,NA,NA,NA,NA,NA,N,4,0,1,2,A,-,04,21703,NA,F,C,C,A,A,H,-,A,A,0,NA,NA,NA,NA,Y,NA,D,22,0,0,1,0,0,0,0,0,0,-,-,34.08113098144531,-118.06490325927734,LOS ANGELES,ROSEMEAD,-118.06466674804688,34.08115005493164
9605910,2023,2023-09-21,1976,2023-07-13,702,593,NA,4,5,3,1964,0,0,0,NA,0,002,LEFFINGWELL RD,ORDEN DR,0,NA,Y,A,-,N,NA,NA,NA,NA,NA,NA,NA,NA,NA,Y,4,0,1,1,B,-,22,NA,NA,N,F,A,A,A,H,-,A,D,0,NA,NA,NA,Y,Y,NA,G,25,0,0,1,0,0,0,0,0,0,-,-,NA,NA,LOS ANGELES,SANTA FE SPRINGS,-118.05081939697266,33.91175842285156
9605913,2023,2023-08-22,1976,2023-07-06,1850,549,NA,4,5,3,1964,0,0,0,NA,0,001,LOS NIETOS RD,DICE RD,0,NA,Y,A,-,N,NA,NA,NA,NA,NA,NA,NA,NA,NA,Y,2,0,1,2,A,-,09,21802,A,N,D,C,A,A,H,-,A,A,0,NA,NA,Y,NA,Y,NA,D,22,1,0,0,0,0,0,0,0,0,-,-,NA,NA,LOS ANGELES,SANTA FE SPRINGS,-118.0672607421875,33.95464324951172
9605917,2023,2023-08-29,1976,2023-07-14,2157,593,NA,5,5,3,1964,0,0,0,NA,0,002,CARMENITA RD,RT 5,0,NA,Y,A,-,Y,LA,7,5,-,R,2.236,R,4,S,Y,4,0,4,3,A,-,09,21453,C,N,D,C,A,A,H,-,C,A,0,NA,NA,NA,Y,Y,NA,A,07,0,0,4,0,0,0,0,0,0,-,FR,NA,NA,LOS ANGELES,SANTA FE SPRINGS,-118.04407501220705,33.892215728759766
9605918,2023,2023-08-24,1976,2023-07-15,1321,883,NA,6,5,3,1964,0,0,0,NA,0,003,GANNET ST,VALLEYVIEW AV,35,W,N,A,-,N,NA,NA,NA,NA,NA,NA,NA,NA,NA,N,4,0,1,2,A,-,03,22350,NA,N,C,C,A,A,H,-,A,A,0,NA,NA,NA,Y,Y,NA,F,25,0,0,1,0,0,0,0,0,0,-,-,NA,NA,LOS ANGELES,SANTA FE SPRINGS,-118.02925872802734,33.894248962402344
9605953,2023,2023-08-23,1900,2023-07-18,2327,619774,2925,2,5,5,1990,0,0,0,NA,0,292K2,S DIAMOND BAR BL,SUGARPINE PL,0,NA,Y,A,-,N,NA,NA,NA,NA,NA,NA,NA,NA,NA,Y,3,0,2,2,A,-,09,21801,A,N,D,C,A,A,H,-,C,A,0,NA,NA,NA,NA,Y,NA,A,01,0,2,0,0,0,0,0,0,0,-,-,33.97468948364258,-117.83705902099608,LOS ANGELES,DIAMOND BAR,-117.83727264404295,33.974693298339844
9605954,2023,2023-08-23,1900,2023-07-20,1358,523534,2924,4,5,5,1990,0,0,0,NA,0,292K1,PATHFINDER RD,PRESADO DR,13,W,N,A,-,N,NA,NA,NA,NA,NA,NA,NA,NA,NA,Y,3,0,1,2,A,-,07,21658,A,N,C,C,A,A,H,-,A,D,0,NA,NA,NA,NA,Y,NA,A,01,0,1,0,0,0,0,0,0,0,-,-,34.0095100402832,-117.82330322265624,LOS ANGELES,DIAMOND BAR,-117.83280181884766,33.982276916503906
9605956,2023,2023-08-24,1900,2023-07-15,2215,639908,2915,6,5,4,1974,0,0,0,NA,0,291K2,LA PUENTE RD,SUZANNE RD,351,W,N,A,-,N,NA,NA,NA,NA,NA,NA,NA,NA,NA,Y,3,0,2,2,A,-,05,21650,NA,N,B,C,A,A,H,-,C,A,0,NA,NA,NA,NA,Y,NA,A,07,0,2,0,0,0,0,0,0,0,-,-,34.02473831176758,-117.84835052490234,LOS ANGELES,WALNUT,-117.85037231445313,34.024288177490234
9605957,2023,2023-09-07,1900,2023-07-30,758,606632,2923,7,5,5,1990,0,0,0,NA,0,292T1,ARMITOS PL,HIGHCREST DR,0,NA,Y,A,-,N,NA,NA,NA,NA,NA,NA,NA,NA,NA,N,3,0,1,2,A,-,21,22106,NA,N,D,G,A,A,H,-,A,D,0,NA,Y,NA,NA,Y,NA,A,01,0,1,0,0,0,0,1,0,0,-,-,34.01626968383789,-117.79686737060548,LOS ANGELES,DIAMOND BAR,-117.79691314697266,34.01625442504883
9605958,2023,2023-08-23,1900,2023-07-31,1004,606632,2924,1,5,5,1990,0,0,0,NA,0,292T1,GOLDEN SPRINGS DR,GRAND AV,745,W,N,A,-,N,NA,NA,NA,NA,NA,NA,NA,NA,NA,Y,3,0,1,1,A,-,08,22107,NA,N,A,I,A,A,C,-,A,A,0,NA,NA,NA,NA,Y,NA,A,07,0,1,0,0,0,0,0,0,0,-,-,34.004638671875,-117.82383728027344,LOS ANGELES,DIAMOND BAR,-117.82343292236328,34.00505828857422
9605959,2023,2023-08-23,1900,2023-07-20,1607,627714,2924,4,5,5,1990,0,0,0,NA,0,292K3,DIAMOND BAR BL,MAPLE HILL RD,45,N,N,A,-,N,NA,NA,NA,NA,NA,NA,NA,NA,NA,Y,3,0,3,3,A,-,04,21703,NA,N,B,C,A,A,H,-,A,A,0,NA,NA,NA,NA,Y,NA,A,01,0,3,0,0,0,0,0,0,0,-,-,33.990299224853516,-117.81961059570313,LOS ANGELES,DIAMOND BAR,-117.8197784423828,33.99016189575195
9605972,2023,2023-09-06,1900,2023-07-18,1824,636454,0530,2,5,5,1959,0,0,0,NA,0,53T1PM,WALNUT GROVE AV,MISSION DR,0,NA,Y,A,-,N,NA,NA,NA,NA,NA,NA,NA,NA,NA,N,3,0,1,3,A,-,09,21801,A,N,G,C,A,A,H,-,A,D,0,NA,NA,NA,NA,Y,NA,A,01,0,1,0,0,0,0,0,0,0,-,-,34.0877799987793,-118.08213806152344,LOS ANGELES,ROSEMEAD,-118.08213043212892,34.08776092529297
9605993,2023,2023-08-22,1929,2023-07-25,1338,207,1929,2,5,3,1929,0,0,0,NA,0,NA,PROSPECT AV,AVIATION BL,8,S,N,A,-,N,NA,NA,NA,NA,NA,NA,NA,NA,NA,N,4,0,1,2,A,-,03,22350,NA,N,C,C,A,A,H,-,A,A,0,NA,NA,NA,NA,Y,NA,A,01,0,0,1,0,0,0,0,0,0,-,-,33.86481857299805,-118.38751983642578,LOS ANGELES,HERMOSA BEACH,-118.3874969482422,33.86479949951172
9606011,2023,2023-08-18,1900,2023-07-11,851,629585,0333,2,5,4,1939,0,0,0,NA,0,0851,INGLEWOOD AV,160TH ST,16,S,N,A,-,N,NA,NA,NA,NA,NA,NA,NA,NA,NA,Y,4,0,1,2,A,-,09,21801,A,N,D,C,A,A,H,-,A,D,0,NA,NA,NA,NA,Y,NA,A,01,0,0,1,0,0,0,0,0,0,-,-,33.88549041748047,-118.36123657226564,LOS ANGELES,LAWNDALE,-118.36135864257813,33.88539505004883
9606012,2023,2023-08-18,1900,2023-07-16,1620,661314,0334,7,5,4,1939,0,0,0,NA,0,35T1,MANHATTAN BEACH BL,FREEMAN AV,10,W,N,A,-,N,NA,NA,NA,NA,NA,NA,NA,NA,NA,Y,2,0,1,2,A,-,04,21703,NA,N,B,C,A,A,H,-,A,A,0,NA,NA,NA,NA,Y,Y,A,01,1,0,0,0,0,0,0,0,0,-,-,33.887298583984375,-118.34899139404295,LOS ANGELES,LAWNDALE,-118.34895324707033,33.8873291015625
9606013,2023,2023-08-18,1900,2023-07-05,737,629585,0333,3,5,4,1939,0,0,0,NA,0,35T1,PRAIRIE AV,159TH ST,22,N,N,A,-,N,NA,NA,NA,NA,NA,NA,NA,NA,NA,Y,3,0,4,2,A,-,04,21703,NA,N,C,D,A,A,H,-,A,D,0,NA,NA,NA,NA,Y,NA,A,07,0,2,2,0,0,0,0,0,0,-,-,33.886558532714844,-118.34394073486328,LOS ANGELES,LAWNDALE,-118.34382629394533,33.88650131225586
9606056,2023,2023-08-18,1900,2023-07-30,1617,656657,1125,7,5,6,1992,0,0,0,NA,0,111T1,LANCASTER BL,20TH ST WEST,30,W,N,A,-,N,NA,NA,NA,NA,NA,NA,NA,NA,NA,N,4,0,1,2,A,-,03,22350,NA,N,C,C,A,A,H,-,A,A,0,NA,NA,NA,NA,Y,NA,A,01,0,0,1,0,0,0,0,0,0,-,-,NA,NA,LOS ANGELES,LANCASTER,-118.16591644287108,34.696739196777344
9606057,2023,2023-08-18,1900,2023-07-16,932,651440,1196,7,5,6,1992,0,0,0,NA,0,112T2,50TH ST EAST,AV L,1219,N,N,A,-,N,NA,NA,NA,NA,NA,NA,NA,NA,NA,Y,3,0,2,1,A,-,08,22107,NA,N,F,-,A,A,H,-,A,D,0,NA,NA,NA,NA,Y,NA,A,01,0,2,0,0,0,0,0,0,0,-,-,34.6651496887207,-118.04110717773438,LOS ANGELES,LANCASTER,-118.04103088378906,34.66393280029297
9606058,2023,2023-09-29,1900,2023-07-24,2047,600122,1137,1,5,6,1992,0,0,0,NA,0,112T2,AV J-8,25TH ST EAST,0,NA,Y,A,-,N,NA,NA,NA,NA,NA,NA,NA,NA,NA,Y,3,0,1,1,A,-,01,23152,A,N,E,I,A,A,H,-,D,A,0,NA,NA,NA,NA,Y,Y,A,01,0,1,0,0,0,0,0,0,0,-,-,34.68315887451172,-118.08583068847656,LOS ANGELES,LANCASTER,-118.08586883544922,34.68241882324219
9606059,2023,2023-08-18,1900,2023-07-24,1819,600122,1192,1,5,6,1992,0,0,0,NA,0,112T2,30TH ST WEST,AVE L-8,0,NA,Y,A,-,N,NA,NA,NA,NA,NA,NA,NA,NA,NA,Y,3,0,1,2,A,-,09,21801,A,N,A,I,A,A,H,-,A,A,0,NA,NA,NA,NA,Y,NA,A,07,0,1,0,0,0,0,0,0,0,-,-,34.65298843383789,-118.1831283569336,LOS ANGELES,LANCASTER,-118.18325042724608,34.65296173095703
9606065,2023,2023-08-18,1902,2023-08-02,1803,786,33,3,5,5,1902,0,0,0,NA,0,005,WOODRUFF AV,PAXSON LN,120,E,N,A,-,N,NA,NA,NA,NA,NA,NA,NA,NA,NA,N,3,0,1,2,A,-,08,22107,NA,N,G,B,E,A,H,-,B,D,0,Y,NA,NA,NA,Y,NA,A,07,0,1,0,0,1,0,0,0,0,-,-,NA,NA,LOS ANGELES,ARCADIA,-118.03341674804688,34.109474182128906
9606066,2023,2023-08-18,1902,2023-08-05,1041,824,25,6,5,5,1902,0,0,0,NA,0,004,HOLLY AV,NAOMI AV,0,NA,Y,A,-,N,NA,NA,NA,NA,NA,NA,NA,NA,NA,Y,4,0,1,2,A,-,09,21801,NA,N,A,C,A,A,H,-,A,A,0,NA,NA,NA,NA,Y,NA,A,07,0,0,1,0,0,0,0,0,0,-,-,NA,NA,LOS ANGELES,ARCADIA,-118.04580688476564,34.12378692626953
9606067,2023,2023-08-18,1902,2023-08-05,1410,801,14,6,5,5,1902,0,0,0,NA,0,003,S BALDWIN AV,W HUNTINGTON DR,0,NA,Y,A,-,N,NA,NA,NA,NA,NA,NA,NA,NA,NA,N,4,0,2,2,A,-,03,22350,NA,N,C,C,A,A,H,-,A,A,0,NA,NA,NA,NA,Y,NA,A,07,0,0,2,0,0,0,0,0,0,-,-,NA,NA,LOS ANGELES,ARCADIA,-118.05460357666016,34.13157272338867
9606070,2023,2023-08-18,1900,2023-07-31,1829,652873,1123,1,5,6,1992,0,0,0,NA,0,112T1,SIERRA HIGHWAY,AV J-2,815,S,N,A,-,N,NA,NA,NA,NA,NA,NA,NA,NA,NA,N,4,0,2,2,A,-,09,21801,A,N,D,C,A,A,H,-,A,D,0,NA,NA,NA,NA,Y,NA,D,22,0,0,2,0,0,0,0,0,0,-,-,NA,NA,LOS ANGELES,LANCASTER,-118.13451385498048,34.685359954833984
9606084,2023,2023-08-22,1900,2023-06-28,1944,652772,0616,3,5,6,1985,0,0,0,NA,0,61T1,CAMP PLENTY RD,SOLEDAD CANYON RD,0,NA,Y,A,-,N,NA,NA,NA,NA,NA,NA,NA,NA,NA,Y,3,0,2,2,A,-,01,23152,A,F,D,C,A,A,H,-,A,A,0,NA,NA,NA,NA,Y,Y,D,22,0,2,0,0,0,0,0,0,0,-,-,34.41572189331055,-118.47560119628906,LOS ANGELES,SANTA CLARITA,-118.47562408447266,34.41562271118164