CASE_ID,ACCIDENT_YEAR,PROC_DATE,JURIS,COLLISION_DATE,COLLISION_TIME,OFFICER_ID,REPORTING_DISTRICT,DAY_OF_WEEK,CHP_SHIFT,POPULATION,CNTY_CITY_LOC,SPECIAL_COND,BEAT_TYPE,CHP_BEAT_TYPE,CITY_DIVISION_LAPD,CHP_BEAT_CLASS,BEAT_NUMBER,PRIMARY_RD,SECONDARY_RD,DISTANCE,DIRECTION,INTERSECTION,WEATHER_1,WEATHER_2,STATE_HWY_IND,CALTRANS_COUNTY,CALTRANS_DISTRICT,STATE_ROUTE,ROUTE_SUFFIX,POSTMILE_PREFIX,POSTMILE,LOCATION_TYPE,RAMP_INTERSECTION,SIDE_OF_HWY,TOW_AWAY,COLLISION_SEVERITY,NUMBER_KILLED,NUMBER_INJURED,PARTY_COUNT,PRIMARY_COLL_FACTOR,PCF_CODE_OF_VIOL,PCF_VIOL_CATEGORY,PCF_VIOLATION,PCF_VIOL_SUBSECTION,HIT_AND_RUN,TYPE_OF_COLLISION,MVIW,PED_ACTION,ROAD_SURFACE,ROAD_COND_1,ROAD_COND_2,LIGHTING,CONTROL_DEVICE,CHP_ROAD_TYPE,PEDESTRIAN_ACCIDENT,BICYCLE_ACCIDENT,MOTORCYCLE_ACCIDENT,TRUCK_ACCIDENT,NOT_PRIVATE_PROPERTY,ALCOHOL_INVOLVED,STWD_VEHTYPE_AT_FAULT,CHP_VEHTYPE_AT_FAULT,COUNT_SEVERE_INJ,COUNT_VISIBLE_INJ,COUNT_COMPLAINT_PAIN,COUNT_PED_KILLED,COUNT_PED_INJURED,COUNT_BICYCLIST_KILLED,COUNT_BICYCLIST_INJURED,COUNT_MC_KILLED,COUNT_MC_INJURED,PRIMARY_RAMP,SECONDARY_RAMP,LATITUDE,LONGITUDE,COUNTY,CITY,POINT_X,POINT_Y
9609511,2023,2023-09-08,1942,2023-08-22,745,36238,0195,2,5,7,1942,0,0,0,A,0,24TL24,BROADWAY,18TH ST,0,NA,Y,B,-,N,NA,NA,NA,NA,NA,NA,NA,NA,NA,Y,4,0,1,2,A,-,09,21800,D,N,D,C,A,A,H,-,A,B,0,NA,NA,NA,NA,Y,NA,-,-,0,0,1,0,0,0,0,0,0,-,-,NA,NA,LOS ANGELES,LOS ANGELES,-118.26473236083984,34.032718658447266
9609512,2023,2023-09-08,1942,2023-08-22,2205,34332,0218,2,5,7,1942,0,0,0,B,0,24T31,GLENDALE BL,BELLEVUE AV,300,N,N,A,-,N,NA,NA,NA,NA,NA,NA,NA,NA,NA,Y,3,0,2,2,A,-,01,23152,A,N,D,E,A,A,G,-,C,A,0,NA,NA,NA,NA,Y,Y,A,07,0,2,0,0,0,0,0,0,0,-,-,NA,NA,LOS ANGELES,LOS ANGELES,-118.26148223876952,34.07143020629883
9609521,2023,2023-09-20,1942,2023-08-13,50,45338,NEWTO,7,5,7,1942,0,0,0,NA,0,13A63,AVALON,SLAUSON,500,N,N,A,-,N,NA,NA,NA,NA,NA,NA,NA,NA,NA,Y,3,0,1,2,A,-,03,22350,NA,F,C,C,A,A,H,-,C,A,0,NA,NA,NA,NA,Y,NA,A,01,0,1,0,0,0,0,0,0,0,-,-,NA,NA,LOS ANGELES,LOS ANGELES,-118.26519775390624,33.99061965942383
9609522,2023,2023-09-20,1942,2023-08-15,630,42656,2036,2,5,7,1942,0,0,0,NA,0,37TL27,WESTERN AV,7TH ST,50,N,N,A,-,N,NA,NA,NA,NA,NA,NA,NA,NA,NA,Y,4,0,2,2,A,-,05,21651,B,F,D,C,A,A,H,-,A,A,0,NA,NA,NA,NA,Y,NA,A,01,0,0,2,0,0,0,0,0,0,-,-,NA,NA,LOS ANGELES,LOS ANGELES,-118.30908966064452,34.05980682373047
9609526,2023,2023-09-20,1942,2023-08-16,2250,41957,0701,3,5,7,1942,0,0,0,G,0,27T33,LA CIENEGA BL,WARING AV,25,N,N,A,-,N,NA,NA,NA,NA,NA,NA,NA,NA,NA,Y,4,0,2,5,A,-,01,23152,A,N,B,C,A,A,H,-,C,A,0,NA,NA,NA,NA,Y,Y,A,01,0,0,2,0,0,0,0,0,0,-,-,NA,NA,LOS ANGELES,LOS ANGELES,-118.3764877319336,34.08539962768555
9609531,2023,2023-10-09,1900,2023-06-23,1638,657865,2830,5,5,5,1915,0,0,0,NA,0,283T1,ALONDRA BL,CENTRAL AV,8,S,N,A,-,N,NA,NA,NA,NA,NA,NA,NA,NA,NA,N,4,0,1,3,A,-,03,22350,NA,N,H,C,A,A,H,-,A,D,0,NA,NA,NA,NA,Y,NA,A,01,0,0,1,0,0,0,0,0,0,-,-,33.888389587402344,-118.25057220458984,LOS ANGELES,COMPTON,-118.25017547607422,33.888336181640625
9609532,2023,2023-10-26,1900,2023-09-08,1600,646457,0463,5,5,4,1936,0,0,0,NA,0,46T1PM,LA MIRADA BL,IMPERIAL HWY,500,S,N,A,-,N,NA,NA,NA,NA,NA,NA,NA,NA,NA,N,4,0,1,2,A,-,03,22350,NA,N,C,C,A,A,H,-,A,D,0,NA,NA,NA,NA,Y,NA,D,22,0,0,1,0,0,0,0,0,0,-,-,NA,NA,LOS ANGELES,LA MIRADA,-118.0119400024414,33.9157600402832
9609533,2023,2023-09-20,1942,2023-08-24,1440,41419,1134,4,5,7,1942,0,0,0,K,0,MQ40,SAN FERNANDO,EDWARD WY,30,W,N,A,-,N,NA,NA,NA,NA,NA,NA,NA,NA,NA,N,4,0,1,2,A,-,04,21703,NA,N,C,C,A,A,H,-,A,D,0,NA,NA,NA,Y,Y,NA,F,55,0,0,1,0,0,0,0,0,0,-,-,NA,NA,LOS ANGELES,LOS ANGELES,-118.2431869506836,34.11051940917969
9609537,2023,2023-09-20,1942,2023-08-26,1800,38357,1346,6,5,7,1942,0,0,0,M,0,24T34,CENTRAL AV,43RD ST,115,S,N,A,-,N,NA,NA,NA,NA,NA,NA,NA,NA,NA,Y,3,0,2,3,A,-,03,22350,NA,F,C,C,A,A,H,-,A,D,0,NA,NA,NA,NA,Y,NA,A,01,0,1,1,0,0,0,0,0,0,-,-,NA,NA,LOS ANGELES,LOS ANGELES,-118.25649261474608,34.00541305541992
9609544,2023,2023-10-12,1900,2023-08-28,830,489533,0455,1,5,6,1949,0,0,0,NA,0,43T1,PIONEER BL,166TH ST,44,N,N,A,-,N,NA,NA,NA,NA,NA,NA,NA,NA,NA,N,4,0,1,2,A,-,21,22106,NA,N,C,C,A,A,H,-,A,A,0,NA,NA,NA,NA,Y,NA,I,20,0,0,1,0,0,0,0,0,0,-,-,NA,NA,LOS ANGELES,NORWALK,-118.08242797851564,33.88050079345703
9609556,2023,2023-10-26,1902,2023-09-16,1330,801,32,6,5,5,1902,0,0,0,NA,0,005,E LIVE OAK AV,S 3RD AV,112,W,N,B,-,N,NA,NA,NA,NA,NA,NA,NA,NA,NA,N,4,0,1,2,A,-,09,21801,A,N,D,C,A,A,H,-,A,D,0,NA,NA,NA,NA,Y,NA,A,07,0,0,1,0,0,0,0,0,0,-,-,NA,NA,LOS ANGELES,ARCADIA,-118.0234146118164,34.10845184326172
9609563,2023,2023-10-03,1941,2023-06-08,840,11808,WEST,4,5,7,1941,0,0,0,NA,0,004,PINE AV,EAST PACIFIC COAST HWY,0,NA,Y,A,-,N,NA,NA,NA,NA,NA,NA,NA,NA,NA,Y,4,0,3,3,A,-,03,22350,NA,N,C,C,A,A,H,-,A,A,0,NA,NA,NA,NA,Y,NA,D,22,0,0,3,0,0,0,0,0,0,-,-,33.78987121582031,-118.19239044189452,LOS ANGELES,LONG BEACH,-118.19239044189452,33.78987121582031
9609577,2023,2023-10-09,1942,2023-01-24,1840,39022,0663,2,5,7,1942,0,0,0,F,0,27T33,HIGHLAND AV,LEXINGTON AV,0,NA,Y,A,-,N,NA,NA,NA,NA,NA,NA,NA,NA,NA,Y,4,0,1,2,A,-,07,21658,A,N,B,C,A,A,H,-,C,D,0,NA,NA,NA,NA,Y,NA,D,22,0,0,1,0,0,0,0,0,0,-,-,NA,NA,LOS ANGELES,LOS ANGELES,-118.33860778808594,34.092567443847656
9609597,2023,2023-09-20,1942,2023-08-13,1650,42624,1453,7,5,7,1942,0,0,0,N,0,27TL25,BEACH AV,GLENCOE AV,245,W,N,A,-,N,NA,NA,NA,NA,NA,NA,NA,NA,NA,Y,4,0,1,2,A,-,01,23152,A,N,B,E,A,A,H,-,A,D,0,NA,NA,NA,NA,Y,NA,A,01,0,0,1,0,0,0,0,0,0,-,-,NA,NA,LOS ANGELES,LOS ANGELES,-118.4448699951172,33.990997314453125
9609663,2023,2023-08-23,1900,2023-07-11,2126,621336,1519,2,5,5,1954,0,0,0,NA,0,151K3,TRUE AV,HAMDEN ST,97,S,N,A,-,N,NA,NA,NA,NA,NA,NA,NA,NA,NA,Y,3,0,1,3,A,-,03,22350,NA,N,B,E,A,A,H,-,C,D,0,NA,NA,NA,NA,Y,NA,A,01,0,1,0,0,0,0,0,0,0,-,-,33.954200744628906,-118.0947036743164,LOS ANGELES,PICO RIVERA,-118.09491729736328,33.95417785644531
9609669,2023,2023-08-23,1953,2023-07-07,1002,8990,1953,5,5,6,1953,0,0,0,NA,0,001,CALIFORNIA AV,OAK KNOLL AV,0,NA,Y,-,-,N,NA,NA,NA,NA,NA,NA,NA,NA,NA,N,4,0,1,2,A,-,09,21802,A,N,D,A,A,A,H,-,A,A,0,NA,NA,NA,NA,Y,NA,A,01,0,0,1,0,0,0,0,0,0,-,-,NA,NA,LOS ANGELES,PASADENA,-118.13513946533205,34.13585662841797
9609670,2023,2023-08-23,1942,2023-07-16,300,42069,0313,7,5,7,1942,0,0,0,C,0,25T31,ADAMS BL,CRENSHAW BL,57,E,N,A,-,N,NA,NA,NA,NA,NA,NA,NA,NA,NA,Y,4,0,1,2,A,-,03,22350,NA,N,A,C,A,A,H,-,C,A,0,NA,NA,NA,NA,Y,NA,A,01,0,0,1,0,0,0,0,0,0,-,-,NA,NA,LOS ANGELES,LOS ANGELES,-118.33482360839844,34.0325813293457
9609684,2023,2023-09-11,1941,2023-04-30,2026,10919,NORTH,7,5,7,1941,0,0,0,NA,0,023,BUTLER AV,E ARTESIA BL,0,NA,Y,A,-,N,NA,NA,NA,NA,NA,NA,NA,NA,NA,Y,4,0,1,2,A,-,09,21801,NA,F,D,C,A,A,H,-,C,A,0,NA,NA,NA,NA,Y,NA,A,01,0,0,1,0,0,0,0,0,0,-,-,33.874290466308594,-118.19693756103516,LOS ANGELES,LONG BEACH,-118.19696807861328,33.874237060546875
9609687,2023,2023-08-30,1953,2023-07-28,1227,5620,PASAD,5,5,6,1953,0,0,0,NA,0,NA,PASADENA AV,GLENAM ST,0,NA,Y,A,-,N,NA,NA,NA,NA,NA,NA,NA,NA,NA,Y,3,0,1,2,A,-,09,21801,A,N,D,C,A,A,H,-,A,A,0,NA,NA,NA,Y,Y,NA,A,08,0,1,0,0,0,0,0,0,0,-,-,NA,NA,LOS ANGELES,PASADENA,-118.15462493896484,34.12751388549805
9609693,2023,2023-08-25,1900,2023-08-07,2147,647144,1325,1,5,5,1935,0,0,0,NA,0,132T2,DEL AMO BL,PALO VERDE AV,50,W,N,A,-,N,NA,NA,NA,NA,NA,NA,NA,NA,NA,N,4,0,1,3,A,-,03,22350,NA,M,C,C,A,A,H,-,C,A,0,NA,NA,NA,NA,Y,NA,D,22,0,0,1,0,0,0,0,0,0,-,-,NA,NA,LOS ANGELES,LAKEWOOD,-118.1078643798828,33.84694290161133
9609700,2023,2023-08-29,1942,2023-08-07,630,45059,1524,1,5,7,1942,0,0,0,O,0,15A33,VICTORY BL,BELLINGHAM AV,0,NA,Y,A,-,N,NA,NA,NA,NA,NA,NA,NA,NA,NA,Y,4,0,1,2,A,-,09,21801,A,N,D,C,A,A,H,-,B,-,0,NA,NA,NA,NA,Y,NA,A,07,0,0,1,0,0,0,0,0,0,-,-,NA,NA,LOS ANGELES,LOS ANGELES,-118.39875030517578,34.18667221069336
9609706,2023,2023-09-21,1926,2023-08-01,1120,0032,NA,2,5,5,1926,0,0,0,NA,0,004,E GLADSTONE ST,BRADFORD ST,69,E,N,B,-,N,NA,NA,NA,NA,NA,NA,NA,NA,NA,Y,2,0,1,2,A,-,08,22107,NA,N,-,E,A,A,H,-,A,D,0,NA,NA,NA,Y,Y,NA,A,07,1,0,0,0,0,0,0,0,0,-,-,34.1138916015625,-117.84165954589844,LOS ANGELES,GLENDORA,-117.84254455566406,34.11394119262695
9609707,2023,2023-08-24,1953,2023-07-26,352,779,1953,3,5,6,1953,0,0,0,NA,0,005,UNION ST,RAYMOND AV,75,W,N,A,-,N,NA,NA,NA,NA,NA,NA,NA,NA,NA,Y,3,0,1,1,A,-,01,23152,A,N,E,I,A,A,H,-,C,D,0,NA,NA,NA,NA,Y,Y,D,22,0,1,0,0,0,0,0,0,0,-,-,NA,NA,LOS ANGELES,PASADENA,-118.1491470336914,34.14677047729492
9609712,2023,2023-08-29,1942,2023-08-10,405,38833,2114,4,5,7,1942,0,0,0,NA,0,21A1,TOPANGA CANYON BL,ELKWOOD ST,485,N,N,A,-,N,NA,NA,NA,NA,NA,NA,NA,NA,NA,Y,3,0,1,3,A,-,08,22107,NA,F,B,E,A,A,-,-,C,D,0,NA,NA,NA,NA,Y,NA,-,99,0,1,0,0,0,0,0,0,0,-,-,NA,NA,LOS ANGELES,LOS ANGELES,-118.60598754882813,34.214149475097656
9609715,2023,2023-09-05,1953,2023-08-11,1401,0999,1953,5,5,6,1953,0,0,0,NA,0,001,CALIFORNIA BL,RAYMOND AV,0,NA,Y,A,-,N,NA,NA,NA,NA,NA,NA,NA,NA,NA,Y,4,0,1,2,A,-,12,21453,A,N,D,D,A,A,H,-,A,A,0,NA,NA,NA,NA,Y,NA,D,22,0,0,1,0,0,0,0,0,0,-,-,NA,NA,LOS ANGELES,PASADENA,-118.14881134033205,34.13580322265625
9609716,2023,2023-08-30,1953,2023-07-24,2038,4564,PASAD,1,5,6,1953,0,0,0,NA,0,002,N MARENGO AV,MOUNTAIN ST,295,N,N,A,-,N,NA,NA,NA,NA,NA,NA,NA,NA,NA,N,4,0,2,2,A,-,03,22350,NA,F,B,C,A,A,H,-,B,D,0,NA,NA,NA,NA,Y,NA,D,22,0,0,2,0,0,0,0,0,0,-,-,NA,NA,LOS ANGELES,PASADENA,-118.1461181640625,34.16230773925781
9609720,2023,2023-08-30,1953,2023-07-23,734,3135,1953,7,5,6,1953,0,0,0,NA,0,004,SAN GABRIEL AV,LA TIERRA ST,0,NA,Y,A,-,N,NA,NA,NA,NA,NA,NA,NA,NA,NA,N,4,0,1,2,A,-,09,21801,NA,N,D,C,A,A,H,-,A,A,0,NA,NA,NA,NA,Y,NA,D,22,0,0,1,0,0,0,0,0,0,-,-,NA,NA,LOS ANGELES,PASADENA,-118.09432983398438,34.1517333984375
9609723,2023,2023-09-05,1953,2023-08-05,917,7601,1953,6,5,6,1953,0,0,0,NA,0,003,ALLEN AV,MOUNTAIN ST,80,S,N,A,-,N,NA,NA,NA,NA,NA,NA,NA,NA,NA,Y,4,0,1,2,A,-,03,22350,NA,N,C,C,A,A,H,-,A,A,0,NA,NA,NA,NA,Y,NA,D,22,0,0,1,0,0,0,0,0,0,-,-,NA,NA,LOS ANGELES,PASADENA,-118.11312866210938,34.16154098510742
9609727,2023,2023-08-25,1953,2023-08-02,1407,3775,1953,3,5,6,1953,0,0,0,NA,0,004,MICHILLINDA AV,SEARS WY,0,NA,Y,A,-,N,NA,NA,NA,NA,NA,NA,NA,NA,NA,Y,3,0,1,2,A,-,09,21802,A,N,D,C,A,A,H,-,A,A,0,NA,NA,NA,NA,Y,NA,A,01,0,1,0,0,0,0,0,0,0,-,-,NA,NA,LOS ANGELES,PASADENA,-118.06787872314452,34.15195846557617
9609739,2023,2023-09-05,1953,2023-07-27,1538,0720,PASAD,4,5,6,1953,0,0,0,NA,0,002,LOS ROBLES AV,ASHTABULA ST,0,NA,Y,A,-,N,NA,NA,NA,NA,NA,NA,NA,NA,NA,N,4,0,4,4,A,-,03,22350,NA,F,C,C,A,A,H,-,A,D,0,NA,NA,NA,NA,Y,NA,D,22,0,0,4,0,0,0,0,0,0,-,-,NA,NA,LOS ANGELES,PASADENA,-118.14154815673828,34.15908432006836
9609740,2023,2023-08-29,1900,2023-08-11,1720,628017,2928,5,5,5,1990,0,0,0,NA,0,292K1,WASHINGTON AV,BREA CANYON RD,280,E,N,A,-,N,NA,NA,NA,NA,NA,NA,NA,NA,NA,N,3,0,1,2,A,-,09,21804,A,N,H,G,A,A,H,-,A,D,0,NA,Y,NA,NA,Y,NA,I,11,0,1,0,0,0,0,1,0,0,-,-,34.00653839111328,-117.84536743164064,LOS ANGELES,DIAMOND BAR,-117.84561920166016,34.0064811706543
9609742,2023,2023-08-25,1926,2023-08-08,1329,0186,3,2,5,5,1926,0,0,0,NA,0,NA,EAST FOOTHILL BL,N ELWOOD AV,0,NA,Y,A,-,N,NA,NA,NA,NA,NA,NA,NA,NA,NA,Y,3,0,1,2,A,-,09,21802,A,N,D,C,A,A,H,-,A,D,0,NA,NA,NA,NA,Y,NA,A,07,0,1,0,0,0,0,0,0,0,-,-,34.136070251464844,-117.85064697265624,LOS ANGELES,GLENDORA,-117.85064697265624,34.13608169555664
9609747,2023,2023-08-24,1953,2023-07-22,819,7601,1953,6,5,6,1953,0,0,0,NA,0,001,COLORADO BL,CLUB RD,100,W,N,A,-,N,NA,NA,NA,NA,NA,NA,NA,NA,NA,N,4,0,1,2,A,-,03,22350,NA,N,B,G,A,A,H,-,A,A,0,NA,Y,NA,NA,Y,NA,D,22,0,0,1,0,0,0,1,0,0,-,-,NA,NA,LOS ANGELES,PASADENA,-118.17469024658205,34.141544342041016
9609763,2023,2023-08-25,1928,2023-07-19,1647,50384,509,3,5,5,1928,0,0,0,NA,0,503,EL SEGUNDO BL,CERISE AV E,0,NA,Y,A,-,N,NA,NA,NA,NA,NA,NA,NA,NA,NA,NA,3,0,1,2,A,-,07,21658,A,N,D,G,A,A,H,-,A,A,0,NA,Y,NA,NA,Y,NA,L,04,0,1,0,0,0,0,1,0,0,-,-,33.91638946533203,-118.33226013183594,LOS ANGELES,HAWTHORNE,-118.33251953125,33.91642761230469
9609764,2023,2023-08-25,1928,2023-07-22,1640,50410,NA,6,5,5,1928,0,0,0,NA,0,NA,ROSECRANS AV,OCEAN GATE AV,0,NA,Y,A,-,N,NA,NA,NA,NA,NA,NA,NA,NA,NA,Y,4,0,1,2,D,-,00,NA,NA,N,D,C,A,A,H,-,A,A,0,NA,NA,NA,NA,Y,NA,-,-,0,0,1,0,0,0,0,0,0,-,-,33.901859283447266,-118.36711883544922,LOS ANGELES,HAWTHORNE,-118.36715698242188,33.90174865722656
9609766,2023,2023-08-25,1928,2023-07-29,1923,50421,501,6,5,5,1928,0,0,0,NA,0,501,INGLEWOOD AV,123RD ST,0,NA,Y,A,-,N,NA,NA,NA,NA,NA,NA,NA,NA,NA,Y,2,0,1,2,A,-,03,22350,NA,F,C,C,A,A,H,-,A,D,0,NA,NA,Y,NA,Y,NA,A,01,1,0,0,0,0,0,0,0,1,-,-,33.92145919799805,-118.36139678955078,LOS ANGELES,HAWTHORNE,-118.36129760742188,33.92143249511719
9609785,2023,2023-08-28,1928,2023-08-04,2246,50420,507,5,5,5,1928,0,0,0,NA,0,502,120TH ST,CRENSHAW BL,538,W,N,A,-,N,NA,NA,NA,NA,NA,NA,NA,NA,NA,Y,4,0,1,2,A,-,01,23152,A,N,D,C,A,A,H,-,C,D,0,NA,NA,NA,NA,Y,Y,A,01,0,0,1,0,0,0,0,0,0,-,-,33.923709869384766,-118.32646942138672,LOS ANGELES,HAWTHORNE,-118.32827758789064,33.92374038696289
9609814,2023,2023-08-21,1900,2023-06-06,37,652287,1337,2,5,5,1908,0,0,0,NA,0,133T1,ALONDRA BL,WOODRUFF AV,150,W,N,A,-,N,NA,NA,NA,NA,NA,NA,NA,NA,NA,N,4,0,1,2,A,-,05,21460,NA,N,D,C,A,A,H,-,C,A,0,NA,NA,NA,NA,Y,NA,A,01,0,0,1,0,0,0,0,0,0,-,-,33.889461517333984,-118.11795806884766,LOS ANGELES,BELLFLOWER,-118.11788177490234,33.88935852050781
9609819,2023,2023-10-06,1900,2023-06-10,730,642100,1332,6,5,5,1908,0,0,0,NA,0,133T1,ALONDRA BL,CLARK AV,0,NA,Y,A,-,N,NA,NA,NA,NA,NA,NA,NA,NA,NA,Y,3,0,1,4,A,-,12,21453,A,N,B,C,A,A,H,-,A,A,0,NA,NA,NA,NA,Y,NA,A,01,0,1,0,0,0,0,0,0,0,-,-,NA,NA,LOS ANGELES,BELLFLOWER,-118.13397979736328,33.88930130004883
9609820,2023,2023-08-21,1900,2023-06-28,1420,632490,1320,3,5,5,1935,0,0,0,NA,0,132,HARDWICK ST,LAKEWOOD BL,350,W,N,A,-,N,NA,NA,NA,NA,NA,NA,NA,NA,NA,Y,3,0,1,2,A,-,09,21804,A,N,D,C,A,A,H,-,A,D,0,NA,NA,NA,NA,Y,NA,A,01,0,1,0,0,0,0,0,0,0,-,-,NA,NA,LOS ANGELES,LAKEWOOD,-118.1435775756836,33.850460052490234
9609841,2023,2023-08-17,1920,2023-07-25,841,14598,1920,2,5,6,1920,0,0,0,NA,0,003,FIRESTONE BL,ARNETT ST,0,NA,Y,A,-,N,NA,NA,NA,NA,NA,NA,NA,NA,NA,Y,4,0,1,2,A,-,03,22350,NA,N,C,C,A,A,H,-,A,A,0,NA,NA,NA,Y,Y,NA,F,77,0,0,1,0,0,0,0,0,0,-,-,NA,NA,LOS ANGELES,DOWNEY,-118.15180206298828,33.947200775146484
9609874,2023,2023-10-23,1900,2023-07-13,1050,475342,2843,4,5,5,1915,0,0,0,NA,0,282T1,LONG BEACH BL,MYRRH ST,300,N,N,A,-,N,NA,NA,NA,NA,NA,NA,NA,NA,NA,N,4,0,1,2,A,-,09,21804,A,N,G,B,A,A,H,-,A,D,0,NA,NA,NA,NA,Y,NA,A,01,0,0,1,0,0,0,0,0,0,-,-,33.89324188232422,-118.20781707763672,LOS ANGELES,COMPTON,-118.20784759521484,33.893192291259766
9609877,2023,2023-08-16,1976,2023-06-30,1839,593,NA,5,5,3,1964,0,0,0,NA,0,002,CARMENITA RD,LANETT AV,194,S,N,A,-,N,NA,NA,NA,NA,NA,NA,NA,NA,NA,Y,3,0,1,2,A,-,09,21804,A,N,D,C,A,A,H,-,A,D,0,NA,NA,NA,NA,Y,NA,A,07,0,1,0,0,0,0,0,0,0,-,-,NA,NA,LOS ANGELES,SANTA FE SPRINGS,-118.04657745361328,33.94118881225586
9609878,2023,2023-08-16,1976,2023-06-21,1444,535,NA,3,5,3,1964,0,0,0,NA,0,001,LOS NIETOS RD,SANTA FE SPRINGS RD,0,NA,Y,A,-,N,NA,NA,NA,NA,NA,NA,NA,NA,NA,Y,3,0,1,2,A,-,09,21801,A,N,D,C,A,A,H,-,A,A,0,NA,NA,NA,NA,Y,NA,A,01,0,1,0,0,0,0,0,0,0,-,-,NA,NA,LOS ANGELES,SANTA FE SPRINGS,-118.06005859375,33.94965744018555
9609886,2023,2023-08-16,1926,2023-06-26,1805,0126,NA,1,5,5,1926,0,0,0,NA,0,001,FOOTHILL BL,GRAND AV,0,NA,Y,A,-,N,NA,NA,NA,NA,NA,NA,NA,NA,NA,Y,4,0,1,2,A,-,03,22350,NA,M,C,C,A,A,H,-,A,A,0,NA,NA,NA,NA,Y,Y,A,01,0,0,1,0,0,0,0,0,0,-,-,34.136070251464844,-117.87270355224608,LOS ANGELES,GLENDORA,-117.87268829345705,34.13603591918945
9609943,2023,2023-09-11,1920,2023-08-03,1807,13635,NA,4,5,6,1920,0,0,0,NA,0,004,LAKEWOOD BL,FIRESTONE BL,0,NA,Y,A,-,N,NA,NA,NA,NA,NA,NA,NA,NA,NA,N,4,0,1,2,D,-,00,NA,NA,M,D,C,A,A,H,-,A,A,0,NA,NA,NA,NA,Y,NA,-,-,0,0,1,0,0,0,0,0,0,-,-,NA,NA,LOS ANGELES,DOWNEY,-118.12395477294922,33.93549728393555
9609944,2023,2023-08-25,1920,2023-08-04,1434,13500,1920,5,5,6,1920,0,0,0,NA,0,003,FLORENCE AV,SUSAN AV,75,W,N,A,-,N,NA,NA,NA,NA,NA,NA,NA,NA,NA,Y,4,0,1,2,D,-,00,NA,NA,F,A,C,A,A,H,-,A,D,0,NA,NA,NA,NA,Y,NA,-,-,0,0,1,0,0,0,0,0,0,-,-,NA,NA,LOS ANGELES,DOWNEY,-118.14171600341795,33.95943832397461
9609961,2023,2023-08-17,1900,2023-07-11,731,635346,0455,2,5,6,1949,0,0,0,NA,0,43T1D,PIONEER BL,MAPLEDALE ST,0,NA,Y,A,-,N,NA,NA,NA,NA,NA,NA,NA,NA,NA,N,3,0,1,2,A,-,08,22107,NA,N,D,G,A,A,H,-,A,A,0,NA,Y,NA,NA,Y,NA,A,01,0,1,0,0,0,0,1,0,0,-,-,NA,NA,LOS ANGELES,NORWALK,-118.08280181884766,33.89849853515625
9609972,2023,2023-08-18,1900,2023-07-14,810,434609,0814,5,5,4,1960,0,0,0,NA,0,81T1,COVINA BL,TERRACE DR,0,NA,Y,A,-,N,NA,NA,NA,NA,NA,NA,NA,NA,NA,N,2,0,1,2,A,-,09,21801,A,N,D,G,A,A,H,-,A,A,0,NA,Y,NA,NA,Y,NA,A,07,1,0,0,0,0,0,1,0,0,-,-,34.09952163696289,-117.81804656982422,LOS ANGELES,SAN DIMAS,-117.81806182861328,34.09946060180664
9609973,2023,2023-08-18,1900,2023-07-14,1005,434609,0814,5,5,4,1960,0,0,0,NA,0,81T1,COVINA BL,BADILLO ST,0,NA,Y,A,-,N,NA,NA,NA,NA,NA,NA,NA,NA,NA,Y,3,0,2,2,A,-,12,21453,A,N,D,C,A,A,H,-,A,A,0,NA,NA,NA,NA,Y,NA,A,01,0,2,0,0,0,0,0,0,0,-,-,34.09906005859375,-117.834228515625,LOS ANGELES,SAN DIMAS,-117.83428192138672,34.09904861450195
9609974,2023,2023-08-18,1900,2023-07-26,1135,404918,1811,3,5,2,1904,0,0,0,NA,0,184,SAINT CATHERINE WY,MARILLA AV,1,W,N,A,-,N,NA,NA,NA,NA,NA,NA,NA,NA,NA,N,3,0,1,2,A,-,05,21650,NA,N,B,G,A,A,H,-,A,D,0,NA,Y,NA,NA,Y,NA,L,04,0,1,0,0,0,0,1,0,0,-,-,33.348751068115234,-118.32640838623048,LOS ANGELES,AVALON,-118.32694244384766,33.34508514404297
9609975,2023,2023-08-18,1900,2023-07-05,1000,404918,1811,3,5,2,1904,0,0,0,NA,0,184B,WHITTLEY AV,EAST WHITTLEY AV,58,N,N,A,-,N,NA,NA,NA,NA,NA,NA,NA,NA,NA,N,3,0,1,2,A,-,12,22450,NA,N,B,E,A,A,H,-,A,A,0,NA,NA,NA,NA,Y,NA,M,96,0,1,0,0,0,0,0,0,0,-,-,NA,NA,LOS ANGELES,AVALON,-118.33199310302734,33.343448638916016
9609976,2023,2023-08-18,1900,2023-07-12,1215,404918,1810,3,5,2,1904,0,0,0,NA,0,184B,SUMNER AV,BEACON ST,500,S,N,A,-,N,NA,NA,NA,NA,NA,NA,NA,NA,NA,N,3,0,1,2,A,-,08,22100,A,N,B,G,A,A,H,-,A,D,0,NA,Y,NA,NA,Y,NA,L,04,0,1,0,0,0,0,1,0,0,-,-,33.34352111816406,-118.32630157470705,LOS ANGELES,AVALON,-118.32861328125,33.341026306152344
9609977,2023,2023-08-18,1900,2023-07-14,1800,602970,1814,5,5,2,1904,0,0,0,NA,0,184,COUNTRY CLUB DR,CABRILLO DR,28,E,N,A,-,N,NA,NA,NA,NA,NA,NA,NA,NA,NA,N,3,0,5,1,A,-,03,22350,NA,N,F,J,A,A,B,-,A,D,0,NA,NA,NA,NA,Y,NA,M,96,0,5,0,0,0,0,0,0,0,-,-,33.339778900146484,-118.33084106445313,LOS ANGELES,AVALON,-118.33097076416016,33.33977508544922
9609978,2023,2023-08-18,1900,2023-07-18,1020,404918,1811,2,5,2,1904,0,0,0,NA,0,184B,MARILLA AV,CRESCENT AV,15,S,N,A,-,N,NA,NA,NA,NA,NA,NA,NA,NA,NA,N,3,0,4,2,A,-,03,22350,NA,N,C,C,A,A,H,-,A,A,0,NA,NA,NA,NA,Y,NA,M,96,0,4,0,0,0,0,0,0,0,-,-,NA,NA,LOS ANGELES,AVALON,-118.32698822021484,33.345008850097656