CASE_ID,ACCIDENT_YEAR,PROC_DATE,JURIS,COLLISION_DATE,COLLISION_TIME,OFFICER_ID,REPORTING_DISTRICT,DAY_OF_WEEK,CHP_SHIFT,POPULATION,CNTY_CITY_LOC,SPECIAL_COND,BEAT_TYPE,CHP_BEAT_TYPE,CITY_DIVISION_LAPD,CHP_BEAT_CLASS,BEAT_NUMBER,PRIMARY_RD,SECONDARY_RD,DISTANCE,DIRECTION,INTERSECTION,WEATHER_1,WEATHER_2,STATE_HWY_IND,CALTRANS_COUNTY,CALTRANS_DISTRICT,STATE_ROUTE,ROUTE_SUFFIX,POSTMILE_PREFIX,POSTMILE,LOCATION_TYPE,RAMP_INTERSECTION,SIDE_OF_HWY,TOW_AWAY,COLLISION_SEVERITY,NUMBER_KILLED,NUMBER_INJURED,PARTY_COUNT,PRIMARY_COLL_FACTOR,PCF_CODE_OF_VIOL,PCF_VIOL_CATEGORY,PCF_VIOLATION,PCF_VIOL_SUBSECTION,HIT_AND_RUN,TYPE_OF_COLLISION,MVIW,PED_ACTION,ROAD_SURFACE,ROAD_COND_1,ROAD_COND_2,LIGHTING,CONTROL_DEVICE,CHP_ROAD_TYPE,PEDESTRIAN_ACCIDENT,BICYCLE_ACCIDENT,MOTORCYCLE_ACCIDENT,TRUCK_ACCIDENT,NOT_PRIVATE_PROPERTY,ALCOHOL_INVOLVED,STWD_VEHTYPE_AT_FAULT,CHP_VEHTYPE_AT_FAULT,COUNT_SEVERE_INJ,COUNT_VISIBLE_INJ,COUNT_COMPLAINT_PAIN,COUNT_PED_KILLED,COUNT_PED_INJURED,COUNT_BICYCLIST_KILLED,COUNT_BICYCLIST_INJURED,COUNT_MC_KILLED,COUNT_MC_INJURED,PRIMARY_RAMP,SECONDARY_RAMP,LATITUDE,LONGITUDE,COUNTY,CITY,POINT_X,POINT_Y
9611530,2023,2023-09-01,1906,2023-08-02,1316,4463,NA,3,5,5,1906,0,0,0,NA,0,003,PUENTE AV,BADILLO ST,177,S,N,A,-,N,NA,NA,NA,NA,NA,NA,NA,NA,NA,N,4,0,1,2,A,-,00,21840,NA,N,D,C,A,A,H,-,A,D,0,NA,NA,NA,NA,Y,NA,-,-,0,0,1,0,0,0,0,0,0,-,-,34.05121994018555,-117.56587982177734,LOS ANGELES,BALDWIN PARK,-117.94969940185548,34.08674621582031
9611531,2023,2023-09-01,1906,2023-08-07,1807,4452,NA,1,5,5,1906,0,0,0,NA,0,002,JOANBRIDGE ST,BLEEKER AV,496,W,N,A,-,N,NA,NA,NA,NA,NA,NA,NA,NA,NA,N,4,0,1,2,A,-,08,22107,NA,F,B,G,A,A,H,-,A,D,0,NA,Y,NA,NA,Y,NA,-,-,0,0,1,0,0,0,1,0,0,-,-,NA,NA,LOS ANGELES,BALDWIN PARK,-117.95668792724608,34.10557556152344
9611532,2023,2023-09-01,1931,2023-08-06,2104,5344,1931,7,5,5,1931,0,0,0,NA,0,003,SANTA FE AV,SATURN AV,0,NA,Y,A,-,N,NA,NA,NA,NA,NA,NA,NA,NA,NA,NA,4,0,2,4,A,-,03,22350,NA,F,D,C,A,A,H,-,C,D,0,NA,NA,NA,NA,Y,NA,A,01,0,0,2,0,0,0,0,0,0,-,-,NA,NA,LOS ANGELES,HUNTINGTON PARK,-118.23029327392578,33.9769172668457
9611539,2023,2023-08-17,1910,2023-07-17,920,05490,NA,1,5,4,1910,0,0,0,NA,0,006,N OAKHURST & PALM ALLEY,S BEVERLY BL,20,S,N,A,-,N,NA,NA,NA,NA,NA,NA,NA,NA,NA,N,4,0,1,2,A,-,21,22106,NA,N,G,B,D,A,H,-,A,D,0,Y,NA,NA,NA,Y,NA,A,07,0,0,1,0,1,0,0,0,0,-,-,34.076988220214844,-118.39163208007813,LOS ANGELES,BEVERLY HILLS,-118.39560699462892,34.07722091674805
9611540,2023,2023-08-17,1910,2023-07-25,1736,04407,NA,2,5,4,1910,0,0,0,NA,0,009,S LA CIENEGA BL,WILSHIRE BL,234,S,N,A,-,N,NA,NA,NA,NA,NA,NA,NA,NA,NA,N,4,0,1,3,A,-,03,22350,NA,N,B,C,A,A,-,-,A,D,0,NA,NA,NA,NA,Y,NA,A,01,0,0,1,0,0,0,0,0,0,-,-,34.064449310302734,-118.3762664794922,LOS ANGELES,BEVERLY HILLS,-118.37620544433594,34.064537048339844
9611541,2023,2023-08-17,1910,2023-07-26,1812,04616,NA,3,5,4,1910,0,0,0,NA,0,004,CHEVY CHASE DR,BENEDICT CANYON DR,0,NA,Y,A,-,N,NA,NA,NA,NA,NA,NA,NA,NA,NA,Y,4,0,1,2,A,-,08,22107,NA,N,D,C,A,A,H,-,B,D,0,NA,NA,NA,NA,Y,NA,A,01,0,0,1,0,0,0,0,0,0,-,-,34.08470153808594,-118.421630859375,LOS ANGELES,BEVERLY HILLS,-118.4215850830078,34.08462905883789
9611542,2023,2023-08-17,1910,2023-07-26,1502,04712,NA,3,5,4,1910,0,0,0,NA,0,005,S MCCARTY DR,OLYMPIC BL,0,NA,Y,A,-,N,NA,NA,NA,NA,NA,NA,NA,NA,NA,N,4,0,1,2,A,-,09,21804,A,N,D,C,A,A,H,-,A,D,0,NA,NA,NA,NA,Y,NA,A,07,0,0,1,0,0,0,0,0,0,-,-,34.06019973754883,-118.4067611694336,LOS ANGELES,BEVERLY HILLS,-118.40673828125,34.05970001220703
9611543,2023,2023-08-17,1941,2023-07-01,1633,10847,2,6,5,7,1941,0,0,0,NA,0,009,JUNIPERO AV,LOWENA DR,0,S,N,A,-,N,NA,NA,NA,NA,NA,NA,NA,NA,NA,N,3,0,1,2,A,-,08,22107,NA,N,A,E,A,A,H,-,A,D,0,NA,NA,Y,NA,Y,NA,C,02,0,1,0,0,0,0,0,0,1,-,-,33.76734161376953,-118.16567993164064,LOS ANGELES,LONG BEACH,-118.16569519042967,33.76735305786133
9611544,2023,2023-08-17,1941,2023-07-01,1634,10836,NORTH,6,5,7,1941,0,0,0,NA,0,020,ORANGE AV,E 37TH ST,0,NA,Y,A,-,N,NA,NA,NA,NA,NA,NA,NA,NA,NA,Y,4,0,3,3,A,-,09,21802,A,N,D,C,A,A,H,-,A,D,0,NA,NA,NA,NA,Y,NA,A,01,0,0,3,0,0,0,0,0,0,-,-,33.82421112060547,-118.17632293701172,LOS ANGELES,LONG BEACH,-118.17633056640624,33.824195861816406
9611545,2023,2023-08-17,1941,2023-07-13,2031,11834,SOUTH,4,5,7,1941,0,0,0,NA,0,011,CHERRY AV,E ANAHEIM ST,0,NA,Y,A,-,N,NA,NA,NA,NA,NA,NA,NA,NA,NA,Y,3,0,1,3,D,-,00,NA,NA,N,A,C,A,A,H,-,C,A,0,NA,NA,NA,NA,Y,NA,-,-,0,1,0,0,0,0,0,0,0,-,-,33.78261184692383,-118.16764831542967,LOS ANGELES,LONG BEACH,-118.16766357421876,33.78260803222656
9611546,2023,2023-08-18,1941,2023-07-01,1514,11359,EAST,6,5,7,1941,0,0,0,NA,0,012,E ANAHEIM ST,XIMENO AV,8,N,N,A,-,N,NA,NA,NA,NA,NA,NA,NA,NA,NA,Y,4,0,1,5,A,-,12,21453,A,N,D,C,A,A,H,-,A,A,0,NA,NA,NA,NA,Y,NA,A,01,0,0,1,0,0,0,0,0,0,-,-,33.78260040283203,-118.14154815673828,LOS ANGELES,LONG BEACH,-118.14154052734376,33.78260040283203
9611547,2023,2023-08-17,1941,2023-07-12,1307,10923,WEST,3,5,7,1941,0,0,0,NA,0,003,W SPRING ST & PACIFIC AV,W WILLOW ST,10,E,N,A,-,N,NA,NA,NA,NA,NA,NA,NA,NA,NA,Y,3,0,1,2,A,-,12,21453,A,F,B,C,A,A,H,-,A,A,0,NA,NA,NA,NA,Y,NA,A,01,0,1,0,0,0,0,0,0,0,-,-,33.811649322509766,-118.19371795654295,LOS ANGELES,LONG BEACH,-118.19367980957033,33.811649322509766
9611548,2023,2023-08-17,1941,2023-07-23,1904,11263,EAST,7,5,7,1941,0,0,0,NA,0,011,JUNIPERO AV,BTWN E 17TH ST & END,0,NA,Y,A,-,N,NA,NA,NA,NA,NA,NA,NA,NA,NA,Y,4,0,2,2,A,-,01,23153,A,F,A,C,A,A,H,-,A,D,0,NA,NA,NA,NA,Y,Y,-,NA,0,0,2,0,0,0,0,0,0,-,-,33.78805160522461,-118.16332244873048,LOS ANGELES,LONG BEACH,-118.16332244873048,33.78804397583008
9611549,2023,2023-08-17,1942,2023-07-27,1815,38264,1707,4,5,7,1942,0,0,0,Q,0,26TL76,BALBOA BL,WESTBURY DR,45,N,N,A,-,N,NA,NA,NA,NA,NA,NA,NA,NA,NA,N,4,0,2,4,A,-,03,22350,NA,N,C,C,A,A,H,-,A,A,0,NA,NA,NA,NA,Y,NA,A,08,0,0,2,0,0,0,0,0,0,-,-,NA,NA,LOS ANGELES,LOS ANGELES,-118.50267791748048,34.2990837097168
9611550,2023,2023-09-13,1942,2023-07-27,130,45294,0948,4,5,7,1942,0,0,0,I,0,9A19W3,WOODMAN AV,OXNARD ST,10,N,N,A,-,N,NA,NA,NA,NA,NA,NA,NA,NA,NA,N,2,0,1,2,A,-,12,21453,A,N,D,-,A,A,H,-,C,A,0,NA,Y,NA,NA,Y,NA,-,-,1,0,0,0,0,0,1,0,0,-,-,NA,NA,LOS ANGELES,LOS ANGELES,-118.43123626708984,34.17942810058594
9611551,2023,2023-08-17,1942,2023-07-29,1610,40542,1008,6,5,7,1942,0,0,0,J,0,M45,BALBOA BL,SATICOY ST,130,S,N,A,-,N,NA,NA,NA,NA,NA,NA,NA,NA,NA,Y,3,0,3,2,A,-,05,21651,A,N,A,C,A,A,H,-,A,A,0,NA,NA,NA,NA,Y,NA,A,07,0,3,0,0,0,0,0,0,0,-,-,34.20840072631836,-118.5011978149414,LOS ANGELES,LOS ANGELES,-118.50115966796876,34.208065032958984
9611552,2023,2023-08-17,1942,2023-07-29,2035,40388,1641,6,5,7,1942,0,0,0,P,0,26T52W,VAN NUYS BL,REMICK AV,51,E,N,A,-,N,NA,NA,NA,NA,NA,NA,NA,NA,NA,Y,2,0,1,2,A,-,09,21801,A,N,D,C,A,A,H,-,C,A,0,NA,NA,Y,NA,Y,NA,A,01,1,0,0,0,0,0,0,0,1,-,-,NA,NA,LOS ANGELES,LOS ANGELES,-118.43368530273438,34.2576904296875
9611553,2023,2023-08-17,1942,2023-07-30,2150,38687,1788,7,5,7,1942,0,0,0,Q,0,26T57,BALBOA BL,PARTHENIA ST,0,NA,Y,A,-,N,NA,NA,NA,NA,NA,NA,NA,NA,NA,N,3,0,1,2,A,-,12,21453,A,F,B,C,A,A,H,-,C,A,0,NA,NA,NA,NA,Y,NA,-,99,0,1,0,0,0,0,0,0,0,-,-,NA,NA,LOS ANGELES,LOS ANGELES,-118.50257873535156,34.228511810302734
9611554,2023,2023-08-17,1942,2023-07-31,1110,41396,1079,1,5,7,1942,0,0,0,J,0,26TL27,VENTURA BL,GAVIOTA AV,162,W,N,A,-,N,NA,NA,NA,NA,NA,NA,NA,NA,NA,Y,4,0,2,3,A,-,21,22106,NA,F,B,C,A,A,H,-,A,A,0,NA,NA,NA,NA,Y,NA,A,01,0,0,2,0,0,0,0,0,0,-,-,NA,NA,LOS ANGELES,LOS ANGELES,-118.48199462890624,34.156124114990234
9611555,2023,2023-08-17,1942,2023-07-31,155,38687,1633,1,5,7,1942,0,0,0,P,0,26T57,GLENOAKS BL,OSBORNE ST,117,S,N,A,-,N,NA,NA,NA,NA,NA,NA,NA,NA,NA,Y,3,0,1,2,A,-,01,23152,A,N,C,C,A,A,H,-,-,D,0,NA,NA,Y,NA,Y,Y,A,01,0,1,0,0,0,0,0,0,1,-,-,NA,NA,LOS ANGELES,LOS ANGELES,-118.40171813964844,34.26441955566406
9611556,2023,2023-08-18,1900,2023-07-16,2051,624614,0455,7,5,6,1949,0,0,0,NA,0,45T1,MAPLEDALE ST,CLARKDALE AV,25,E,N,A,-,N,NA,NA,NA,NA,NA,NA,NA,NA,NA,Y,3,0,1,2,A,-,08,22107,NA,N,C,E,A,A,H,-,C,D,0,NA,NA,NA,NA,Y,NA,A,01,0,1,0,0,0,0,0,0,0,-,-,NA,NA,LOS ANGELES,NORWALK,-118.07971954345705,33.89854049682617
9611570,2023,2023-08-23,1976,2023-07-26,1515,219,NA,3,5,3,1964,0,0,0,NA,0,002,CARMENITA RD,TELEGRAPH RD,279,N,N,A,-,N,NA,NA,NA,NA,NA,NA,NA,NA,NA,Y,3,0,4,2,A,-,09,21804,A,N,D,C,A,A,H,-,A,D,0,NA,NA,NA,NA,Y,NA,A,01,0,2,2,0,0,0,0,0,0,-,-,NA,NA,LOS ANGELES,SANTA FE SPRINGS,-118.04657745361328,33.94120407104492
9611582,2023,2023-08-30,1976,2023-07-26,1452,208,1976,3,5,3,1964,0,0,0,NA,0,002,FLORENCE AV,FULTON WELLS AV,0,NA,Y,A,-,N,NA,NA,NA,NA,NA,NA,NA,NA,NA,Y,3,0,2,3,A,-,03,22350,NA,N,C,C,A,A,H,-,A,D,0,NA,NA,NA,Y,Y,NA,A,01,0,1,1,0,0,0,0,0,0,-,-,NA,NA,LOS ANGELES,SANTA FE SPRINGS,-118.07622528076172,33.93533706665039
9611586,2023,2023-08-23,1976,2023-07-24,1847,215,NA,1,5,3,1964,0,0,0,NA,0,NA,FLORENCE AV,SHOEMAKER AV,0,NA,Y,A,-,N,NA,NA,NA,NA,NA,NA,NA,NA,NA,Y,2,0,3,2,A,-,12,21453,NA,N,D,C,A,A,H,-,A,A,0,NA,NA,NA,NA,Y,NA,A,01,1,1,1,0,0,0,0,0,0,-,-,NA,NA,LOS ANGELES,SANTA FE SPRINGS,-118.05522918701172,33.935272216796875
9611644,2023,2023-08-29,1900,2023-06-27,2114,646634,1327,2,5,5,1935,0,0,0,NA,0,132A,CENTRALIA ST,PIONEER BL,246,N,N,A,-,N,NA,NA,NA,NA,NA,NA,NA,NA,NA,Y,3,0,2,3,A,-,09,21804,A,F,D,C,A,A,H,-,C,A,0,NA,NA,NA,NA,Y,NA,D,22,0,2,0,0,0,0,0,0,0,-,-,NA,NA,LOS ANGELES,LAKEWOOD,-118.08197021484376,33.83871078491211
9611657,2023,2023-08-29,1920,2023-08-05,719,13500,1920,6,5,6,1920,0,0,0,NA,0,004,TELEGRAPH RD,LAKEWOOD BL,0,NA,Y,A,-,N,NA,NA,NA,NA,NA,NA,NA,NA,NA,Y,4,0,2,2,D,-,00,NA,NA,N,D,C,A,A,H,-,A,A,0,NA,NA,NA,NA,Y,NA,-,-,0,0,2,0,0,0,0,0,0,-,-,NA,NA,LOS ANGELES,DOWNEY,-118.1100616455078,33.96098709106445
9611661,2023,2023-09-11,1920,2023-07-27,1300,13022,1920,4,5,6,1920,0,0,0,NA,0,005,LAKEWOOD BL,3RD ST,0,NA,Y,A,-,N,NA,NA,NA,NA,NA,NA,NA,NA,NA,NA,4,0,1,2,A,-,09,21801,A,N,D,C,A,A,D,-,A,A,0,NA,NA,NA,NA,Y,NA,D,22,0,0,1,0,0,0,0,0,0,-,-,NA,NA,LOS ANGELES,DOWNEY,-118.12319183349608,33.937381744384766
9611662,2023,2023-08-29,1920,2023-08-06,1530,13965,1920,7,5,6,1920,0,0,0,NA,0,001,WASHBURN RD,IZETTA AV,0,NA,Y,A,-,N,NA,NA,NA,NA,NA,NA,NA,NA,NA,Y,3,0,1,2,A,-,09,21802,A,N,D,C,A,A,H,-,A,A,0,NA,NA,NA,NA,Y,NA,D,22,0,1,0,0,0,0,0,0,0,-,-,NA,NA,LOS ANGELES,DOWNEY,-118.12213134765624,33.924312591552734
9611663,2023,2023-09-11,1900,2023-07-21,948,476466,0631,5,5,6,1985,0,0,0,NA,0,61T1,DYER WY,MITCHELL DR,133,N,N,A,-,N,NA,NA,NA,NA,NA,NA,NA,NA,NA,Y,4,0,2,3,A,-,09,21804,A,N,B,C,A,A,H,-,A,D,0,NA,NA,NA,Y,Y,NA,A,01,0,0,2,0,0,0,0,0,0,-,-,34.41682815551758,-118.43057250976564,LOS ANGELES,SANTA CLARITA,NA,NA
9611665,2023,2023-08-29,1920,2023-08-11,1125,13500,1920,5,5,6,1920,0,0,0,NA,0,002,ARNETT ST,OLD RIVER SCHOOL RD,175,W,N,A,-,N,NA,NA,NA,NA,NA,NA,NA,NA,NA,Y,4,0,1,2,A,-,01,23152,A,N,B,E,A,A,H,-,A,D,0,NA,NA,NA,NA,Y,Y,A,01,0,0,1,0,0,0,0,0,0,-,-,NA,NA,LOS ANGELES,DOWNEY,-118.15060424804688,33.94595718383789
9611666,2023,2023-09-06,1920,2023-08-18,532,13647,NA,5,5,6,1920,0,0,0,NA,0,NA,LAKEWOOD BL,IMPERIAL HWY,0,NA,Y,A,-,N,NA,NA,NA,NA,NA,NA,NA,NA,NA,Y,3,0,1,2,D,-,00,NA,NA,N,D,C,A,A,H,-,C,A,0,NA,NA,NA,NA,Y,NA,-,-,0,1,0,0,0,0,0,0,0,-,-,NA,NA,LOS ANGELES,DOWNEY,-118.13765716552734,33.91695785522461
9611670,2023,2023-09-08,1920,2023-07-24,2058,14050,1920,1,5,6,1920,0,0,0,NA,0,006,LAKEWOOD BL,GARDENDALE ST,0,NA,Y,A,-,N,NA,NA,NA,NA,NA,NA,NA,NA,NA,N,3,0,5,5,A,-,12,21453,A,F,D,C,A,A,H,-,B,A,0,NA,NA,NA,NA,Y,NA,A,01,0,1,4,0,0,0,0,0,0,-,-,NA,NA,LOS ANGELES,DOWNEY,-118.14251708984376,33.91048812866211
9611674,2023,2023-08-29,1920,2023-08-16,901,13500,1920,3,5,6,1920,0,0,0,NA,0,002,PARAMOUNT BL,QUILL DR,150,S,N,A,-,N,NA,NA,NA,NA,NA,NA,NA,NA,NA,N,4,0,1,2,A,-,03,22350,NA,N,C,C,A,A,H,-,A,A,0,NA,NA,NA,NA,Y,NA,D,22,0,0,1,0,0,0,0,0,0,-,-,NA,NA,LOS ANGELES,DOWNEY,-118.1501235961914,33.92652130126953
9611675,2023,2023-09-11,1900,2023-07-15,1430,609942,0645,6,5,6,1985,0,0,0,NA,0,64T1,NEWHALL RANCH RD,RT 5,0,NA,Y,A,-,N,NA,NA,NA,NA,NA,NA,NA,NA,NA,Y,4,0,1,3,A,-,12,21453,NA,N,-,A,A,A,H,-,A,A,0,NA,NA,NA,NA,Y,NA,A,08,0,0,1,0,0,0,0,0,0,-,NF,34.443851470947266,-118.60317993164064,LOS ANGELES,SANTA CLARITA,-118.52610778808594,34.376670837402344
9611678,2023,2023-08-29,1920,2023-08-04,1620,13022,NA,5,5,6,1920,0,0,0,NA,0,NA,PARAMOUNT BL,2ND ST,126,N,N,A,-,N,NA,NA,NA,NA,NA,NA,NA,NA,NA,N,4,0,1,2,A,-,03,22350,NA,N,C,C,A,A,H,-,A,A,0,NA,NA,NA,NA,Y,NA,D,22,0,0,1,0,0,0,0,0,0,-,-,NA,NA,LOS ANGELES,DOWNEY,-118.13712310791016,33.94388961791992
9611684,2023,2023-08-31,1976,2023-06-10,1619,595,NA,6,5,3,1964,0,0,0,NA,0,001,NORWALK BL,LOS NIETOS RD,0,NA,Y,B,-,N,NA,NA,NA,NA,NA,NA,NA,NA,NA,Y,3,0,5,2,A,-,12,21453,A,N,D,C,A,A,H,-,A,A,0,NA,NA,NA,NA,Y,NA,D,22,0,4,1,0,0,0,0,0,0,-,-,NA,NA,LOS ANGELES,SANTA FE SPRINGS,-118.0714111328125,33.95748519897461
9611690,2023,2023-08-31,1900,2023-07-22,2115,657249,1619,6,5,5,1977,0,0,0,NA,0,167T1,AVALON BL,SOUTH BAY PAVILLIOIN DR,0,NA,Y,A,-,N,NA,NA,NA,NA,NA,NA,NA,NA,NA,N,4,0,1,2,A,-,12,21453,A,N,D,C,A,A,H,-,C,A,0,NA,NA,Y,NA,Y,NA,C,02,0,0,1,0,0,0,0,0,0,-,-,33.843528747558594,-118.26304626464844,LOS ANGELES,CARSON,-118.26377105712892,33.833763122558594
9611694,2023,2023-08-29,1900,2023-08-06,300,658343,1624,7,5,5,1977,0,0,0,NA,0,1607,SEPULVEDA BL,AVALON BL,2,W,N,A,-,N,NA,NA,NA,NA,NA,NA,NA,NA,NA,N,3,0,1,2,A,-,03,22350,NA,M,C,C,A,A,H,-,C,A,0,NA,NA,NA,NA,Y,NA,D,22,0,1,0,0,0,0,0,0,0,-,-,33.808250427246094,-118.2643814086914,LOS ANGELES,CARSON,-118.2641830444336,33.808231353759766
9611698,2023,2023-08-29,1900,2023-08-09,1200,661791,1622,3,5,5,1977,0,0,0,NA,0,168T,ADAMS ST,ALAMEDA ST,253,E,N,B,C,N,NA,NA,NA,NA,NA,NA,NA,NA,NA,N,4,0,1,3,D,-,00,NA,NA,N,C,B,E,A,H,-,A,D,0,Y,NA,NA,NA,Y,NA,-,-,0,0,1,0,1,0,0,0,0,-,-,33.83319854736328,-118.22429656982422,LOS ANGELES,CARSON,-118.22438049316406,33.833248138427734
9611706,2023,2023-08-29,1900,2023-08-10,1705,652302,1622,4,5,5,1977,0,0,0,NA,0,167T1,DEL AMO BL,FORDYCE AV,500,W,N,A,-,N,NA,NA,NA,NA,NA,NA,NA,NA,NA,N,4,0,1,2,A,-,21,22106,NA,N,C,C,A,A,H,-,A,D,0,NA,NA,NA,Y,Y,NA,F,25,0,0,1,0,0,0,0,0,0,-,-,33.84600067138672,-118.22499847412108,LOS ANGELES,CARSON,-118.22542572021484,33.84661102294922
9611711,2023,2023-08-29,1900,2023-08-09,1539,623660,1620,3,5,5,1977,0,0,0,NA,0,168T,WILMINGTON AV,213TH ST,562,S,N,A,-,N,NA,NA,NA,NA,NA,NA,NA,NA,NA,Y,4,0,2,2,A,-,07,21658,A,N,B,C,A,A,H,-,A,D,0,NA,NA,NA,NA,Y,NA,A,01,0,0,2,0,0,0,0,0,0,-,-,33.833919525146484,-118.23873138427734,LOS ANGELES,CARSON,-118.2387237548828,33.833988189697266
9611727,2023,2023-08-29,1900,2023-08-16,935,606663,1628,3,5,5,1977,0,0,0,NA,0,168T,WILMINGTON AV,223RD ST,220,N,N,A,-,N,NA,NA,NA,NA,NA,NA,NA,NA,NA,N,4,0,1,2,A,-,21,22106,NA,N,C,C,A,A,H,-,A,A,0,NA,NA,NA,Y,Y,NA,F,27,0,0,1,0,0,0,0,0,0,-,-,33.82495880126953,-118.24212646484376,LOS ANGELES,CARSON,-118.24212646484376,33.82574462890625
9611742,2023,2023-09-11,1976,2023-07-28,711,883,NA,5,5,3,1964,0,0,0,NA,0,003,CARMENITA RD,RT 5,0,NA,Y,A,-,Y,LA,7,5,-,R,2.236,R,4,S,Y,3,0,1,2,A,-,17,21451,A,N,D,C,A,A,H,-,A,A,0,NA,NA,NA,Y,Y,NA,A,01,0,1,0,0,0,0,0,0,0,-,SO,NA,NA,LOS ANGELES,SANTA FE SPRINGS,-118.04407501220705,33.892215728759766
9611743,2023,2023-09-08,1976,2023-07-29,806,530,NA,6,5,3,1964,0,0,0,NA,0,002,E IMPERIAL HWY,TRANSPORTATION CENTER,105,W,N,A,-,N,NA,NA,NA,NA,NA,NA,NA,NA,NA,Y,3,0,1,3,A,-,03,22350,NA,N,C,C,A,A,H,-,A,D,0,NA,NA,NA,NA,Y,NA,A,01,0,1,0,0,0,0,0,0,0,-,-,NA,NA,LOS ANGELES,SANTA FE SPRINGS,NA,NA
9611746,2023,2023-10-05,1900,2023-08-19,1941,656370,1120,6,5,6,1992,0,0,0,NA,0,111T2,AV H,15TH ST WEST,0,NA,Y,A,-,N,NA,NA,NA,NA,NA,NA,NA,NA,NA,Y,4,0,2,2,A,-,09,21802,A,N,D,C,A,A,H,-,B,A,0,NA,NA,NA,NA,Y,NA,D,22,0,0,2,0,0,0,0,0,0,-,-,34.718631744384766,-118.15734100341795,LOS ANGELES,LANCASTER,-118.15732574462892,34.718597412109375
9611755,2023,2023-10-05,1900,2023-08-03,1932,656370,1125,4,5,6,1992,0,0,0,NA,0,111T2,AVE J,10TH ST W,440,E,N,A,-,N,NA,NA,NA,NA,NA,NA,NA,NA,NA,Y,4,0,3,2,A,-,09,21804,A,N,D,C,A,A,H,-,A,D,0,NA,NA,NA,NA,Y,NA,D,22,0,0,3,0,0,0,0,0,0,-,-,34.68941116333008,-118.14669799804688,LOS ANGELES,LANCASTER,-118.14656066894533,34.689449310302734
9611758,2023,2023-10-05,1900,2023-08-18,1456,656370,1125,5,5,6,1992,0,0,0,NA,0,112T2,13TH ST WEST,WEST AV I,0,NA,Y,A,-,N,NA,NA,NA,NA,NA,NA,NA,NA,NA,Y,4,0,2,2,A,-,03,22350,NA,N,D,C,A,-,H,-,A,A,0,NA,NA,NA,NA,Y,Y,D,22,0,0,2,0,0,0,0,0,0,-,-,34.70396041870117,-118.1533432006836,LOS ANGELES,LANCASTER,-118.15335083007813,34.70418167114258
9611762,2023,2023-08-28,1976,2023-07-27,1305,530,NA,4,5,3,1964,0,0,0,NA,0,001,NORWALK BL,WASHINGTON BL,218,N,N,A,-,N,NA,NA,NA,NA,NA,NA,NA,NA,NA,Y,3,0,1,2,A,-,09,21801,A,N,D,C,A,A,H,-,A,D,0,NA,NA,NA,NA,Y,NA,A,01,0,1,0,0,0,0,0,0,0,-,-,NA,NA,LOS ANGELES,SANTA FE SPRINGS,-118.0742645263672,33.973052978515625
9611763,2023,2023-08-28,1976,2023-07-28,1901,566,NA,5,5,5,1976,0,0,0,NA,0,002,LAMBERT RD,GULFORD AV,193,E,N,A,-,N,NA,NA,NA,NA,NA,NA,NA,NA,NA,Y,4,0,2,2,C,-,18,NA,NA,N,E,J,A,A,H,-,A,D,0,NA,NA,NA,NA,Y,NA,-,-,0,0,2,0,0,0,0,0,0,-,-,NA,NA,LOS ANGELES,WHITTIER,-118.03653717041016,33.95726013183594
9611778,2023,2023-08-28,1900,2023-04-17,2210,646909,1365,1,5,5,1952,0,0,0,NA,0,136D,PARAMOUNT BL,HOWE ST,0,NA,Y,A,-,N,NA,NA,NA,NA,NA,NA,NA,NA,NA,N,2,0,1,2,A,-,09,21801,A,M,B,C,A,A,H,-,C,A,0,NA,NA,NA,NA,Y,NA,A,01,1,0,0,0,0,0,0,0,0,-,-,NA,NA,LOS ANGELES,PARAMOUNT,-118.16027069091795,33.907310485839844
9611786,2023,2023-08-28,1900,2023-05-04,815,532783,1331,4,5,5,1908,0,0,0,NA,0,133T1,ROSECRANS AV,WOODRUFF,86,E,N,B,C,N,NA,NA,NA,NA,NA,NA,NA,NA,NA,Y,3,0,1,4,A,-,04,21703,NA,N,C,C,A,B,H,-,A,D,0,NA,NA,NA,NA,Y,NA,A,01,0,1,0,0,0,0,0,0,0,-,-,NA,NA,LOS ANGELES,BELLFLOWER,-118.11639404296876,33.90203094482422
9611830,2023,2023-09-05,1928,2023-07-30,1809,50423,504,7,5,5,1928,0,0,0,NA,0,502,120TH ST,PRAIRIE AV,0,NA,Y,A,-,N,NA,NA,NA,NA,NA,NA,NA,NA,NA,NA,4,0,1,2,A,-,12,21453,A,M,D,C,A,A,H,-,A,A,0,NA,NA,NA,Y,Y,NA,A,01,0,0,1,0,0,0,0,0,0,-,-,33.923648834228516,-118.34397888183594,LOS ANGELES,HAWTHORNE,-118.34387969970705,33.923683166503906
9611839,2023,2023-09-13,1900,2023-08-15,736,533363,2603,2,5,6,1950,0,0,0,NA,0,263T1,PEARBLOSSOM HWY,30TH ST EAST,800,W,N,A,-,N,NA,NA,NA,NA,NA,NA,NA,NA,NA,Y,4,0,1,4,A,-,07,21658,A,N,B,C,A,A,H,-,A,D,0,NA,NA,NA,Y,Y,NA,D,22,0,0,1,0,0,0,0,0,0,-,-,34.5412712097168,-118.07676696777344,LOS ANGELES,PALMDALE,-118.07606506347656,34.541290283203125
9611852,2023,2023-09-14,1976,2023-08-05,1420,474,NA,6,5,5,1976,0,0,0,NA,0,002,S PICKERING AV,HADLEY ST,49,N,N,A,-,N,NA,NA,NA,NA,NA,NA,NA,NA,NA,Y,4,0,2,2,A,-,09,21804,A,N,D,C,A,A,H,-,A,D,0,NA,NA,NA,NA,Y,NA,A,07,0,0,2,0,0,0,0,0,0,-,-,NA,NA,LOS ANGELES,WHITTIER,-118.04206085205078,33.982845306396484