CASE_ID,ACCIDENT_YEAR,PROC_DATE,JURIS,COLLISION_DATE,COLLISION_TIME,OFFICER_ID,REPORTING_DISTRICT,DAY_OF_WEEK,CHP_SHIFT,POPULATION,CNTY_CITY_LOC,SPECIAL_COND,BEAT_TYPE,CHP_BEAT_TYPE,CITY_DIVISION_LAPD,CHP_BEAT_CLASS,BEAT_NUMBER,PRIMARY_RD,SECONDARY_RD,DISTANCE,DIRECTION,INTERSECTION,WEATHER_1,WEATHER_2,STATE_HWY_IND,CALTRANS_COUNTY,CALTRANS_DISTRICT,STATE_ROUTE,ROUTE_SUFFIX,POSTMILE_PREFIX,POSTMILE,LOCATION_TYPE,RAMP_INTERSECTION,SIDE_OF_HWY,TOW_AWAY,COLLISION_SEVERITY,NUMBER_KILLED,NUMBER_INJURED,PARTY_COUNT,PRIMARY_COLL_FACTOR,PCF_CODE_OF_VIOL,PCF_VIOL_CATEGORY,PCF_VIOLATION,PCF_VIOL_SUBSECTION,HIT_AND_RUN,TYPE_OF_COLLISION,MVIW,PED_ACTION,ROAD_SURFACE,ROAD_COND_1,ROAD_COND_2,LIGHTING,CONTROL_DEVICE,CHP_ROAD_TYPE,PEDESTRIAN_ACCIDENT,BICYCLE_ACCIDENT,MOTORCYCLE_ACCIDENT,TRUCK_ACCIDENT,NOT_PRIVATE_PROPERTY,ALCOHOL_INVOLVED,STWD_VEHTYPE_AT_FAULT,CHP_VEHTYPE_AT_FAULT,COUNT_SEVERE_INJ,COUNT_VISIBLE_INJ,COUNT_COMPLAINT_PAIN,COUNT_PED_KILLED,COUNT_PED_INJURED,COUNT_BICYCLIST_KILLED,COUNT_BICYCLIST_INJURED,COUNT_MC_KILLED,COUNT_MC_INJURED,PRIMARY_RAMP,SECONDARY_RAMP,LATITUDE,LONGITUDE,COUNTY,CITY,POINT_X,POINT_Y
9612925,2023,2023-08-28,1900,2023-08-01,1524,551435,1128,2,5,6,1992,0,0,0,NA,0,112T2P,AVENUE G,70TH ST WEST,0,NA,Y,A,G,N,NA,NA,NA,NA,NA,NA,NA,NA,NA,Y,3,0,2,2,A,-,12,22450,A,N,D,C,A,A,H,-,A,A,0,NA,NA,NA,NA,Y,NA,A,01,0,1,1,0,0,0,0,0,0,-,-,NA,NA,LOS ANGELES,LANCASTER,-118.25489807128906,34.73299026489258
9612931,2023,2023-08-24,1942,2023-07-19,800,43913,0337,3,5,7,1942,0,0,0,C,0,25T21,JEFFERSON BL,RAYMOND AV,0,NA,Y,A,-,N,NA,NA,NA,NA,NA,NA,NA,NA,NA,Y,2,0,2,2,A,-,09,21802,A,N,D,C,A,A,D,-,A,A,0,NA,NA,NA,NA,Y,NA,A,01,1,1,0,0,0,0,0,0,0,-,-,NA,NA,LOS ANGELES,LOS ANGELES,-118.2980499267578,34.0255241394043
9612932,2023,2023-08-24,1941,2023-07-15,306,11656,SOUTH,6,5,7,1941,0,0,0,NA,0,009,EAST OCEAN BL,CHERRY LN,180,W,N,A,-,N,NA,NA,NA,NA,NA,NA,NA,NA,NA,Y,2,0,2,4,A,-,01,23152,A,N,A,E,A,A,H,-,C,D,0,NA,NA,NA,NA,Y,Y,A,01,1,1,0,0,0,0,0,0,0,-,-,33.76449966430664,-118.16841888427734,LOS ANGELES,LONG BEACH,-118.16901397705078,33.76457595825195
9612933,2023,2023-08-24,1941,2023-07-05,607,10140,NORTH,3,5,7,1941,0,0,0,NA,0,024,E 68TH ST,ROSE AV AND GARDENIA AV,0,NA,Y,B,-,N,NA,NA,NA,NA,NA,NA,NA,NA,NA,Y,4,0,1,4,A,-,08,22107,NA,N,A,E,A,A,C,-,B,D,0,NA,NA,NA,NA,Y,Y,A,01,0,0,1,0,0,0,0,0,0,-,-,33.878761291503906,-118.17066955566406,LOS ANGELES,LONG BEACH,-118.16901397705078,33.833072662353516
9612942,2023,2023-08-24,1941,2023-06-03,1623,11823,NORTH,6,5,7,1941,0,0,0,NA,0,023,E ARTESIA BL,LONG BEACH BL,0,NA,Y,A,-,N,NA,NA,NA,NA,NA,NA,NA,NA,NA,Y,4,0,2,2,A,-,09,21802,A,N,D,C,A,A,H,-,A,A,0,NA,NA,NA,NA,Y,NA,A,01,0,0,2,0,0,0,0,0,0,-,-,33.8742790222168,-118.20275115966795,LOS ANGELES,LONG BEACH,-118.20278930664064,33.87436294555664
9612943,2023,2023-08-24,1941,2023-06-27,1714,10140,NORTH,2,5,7,1941,0,0,0,NA,0,021,ORANGE AV,VIA WANDA,0,NA,Y,A,-,N,NA,NA,NA,NA,NA,NA,NA,NA,NA,Y,4,0,2,2,A,-,09,21801,A,N,A,C,A,A,H,-,A,A,0,NA,NA,NA,NA,Y,NA,A,01,0,0,2,0,0,0,0,0,0,-,-,33.85007095336914,-118.17716979980467,LOS ANGELES,LONG BEACH,-118.17716217041016,33.85002517700195
9612945,2023,2023-08-24,1942,2023-06-19,1410,36238,2004,1,5,7,1942,0,0,0,NA,0,24TL24,OAKWOOD AV,SERRANO AV,0,NA,Y,A,-,N,NA,NA,NA,NA,NA,NA,NA,NA,NA,Y,2,0,2,4,A,-,12,22450,A,N,D,C,A,A,H,-,A,A,0,NA,NA,NA,NA,Y,NA,A,01,1,0,1,0,0,0,0,0,0,-,-,NA,NA,LOS ANGELES,LOS ANGELES,-118.30689239501952,34.077598571777344
9612946,2023,2023-08-24,1942,2023-06-25,720,45359,2071,7,5,7,1942,0,0,0,NA,0,20A53W,VENICE BL,ARLINGTON AV,380,E,N,A,-,N,NA,NA,NA,NA,NA,NA,NA,NA,NA,Y,4,0,1,2,A,-,03,22350,NA,M,B,E,A,A,H,-,A,D,0,NA,NA,NA,NA,Y,NA,A,01,0,0,1,0,0,0,0,0,0,-,-,NA,NA,LOS ANGELES,LOS ANGELES,-118.31647491455078,34.04356002807617
9612949,2023,2023-08-23,1900,2023-05-22,2339,624926,NA,1,5,6,1992,0,0,0,NA,0,NA,AVENUE I,47TH ST WEST,71,E,N,A,-,N,NA,NA,NA,NA,NA,NA,NA,NA,NA,Y,4,0,1,1,A,-,08,22107,NA,N,E,I,A,A,H,-,D,D,0,NA,NA,NA,NA,Y,NA,A,01,0,0,1,0,0,0,0,0,0,-,-,NA,NA,LOS ANGELES,LANCASTER,-118.21452331542967,34.7041015625
9612952,2023,2023-08-23,1946,2023-05-16,1146,P5,PASAD,2,5,4,1946,0,0,0,NA,0,003,MOUTAIN,ROYAL OAKS,0,NA,Y,A,-,N,NA,NA,NA,NA,NA,NA,NA,NA,NA,N,4,0,1,2,A,-,12,21453,NA,N,D,C,A,A,H,-,A,A,0,NA,NA,NA,NA,Y,NA,A,07,0,0,1,0,0,0,0,0,0,-,-,NA,NA,LOS ANGELES,MONROVIA,-117.98627471923828,34.143211364746094
9612953,2023,2023-09-05,1941,2023-05-24,1913,11248,NA,3,5,7,1941,0,0,0,NA,0,012,CLARK AV,ANAHEIM RD,0,NA,Y,A,-,N,NA,NA,NA,NA,NA,NA,NA,NA,NA,NA,4,0,1,2,A,-,08,22107,NA,N,D,C,A,A,H,-,A,D,0,NA,NA,NA,NA,Y,NA,A,01,0,0,1,0,0,0,0,0,0,-,-,33.78445816040039,-118.13406372070313,LOS ANGELES,LONG BEACH,-118.1340789794922,33.784488677978516
9612956,2023,2023-08-23,1900,2023-05-23,1340,656401,1107,2,5,6,1992,0,0,0,NA,0,111T1,AVENUE G,45TH ST WEST,0,NA,Y,A,-,N,NA,NA,NA,NA,NA,NA,NA,NA,NA,Y,3,0,4,2,A,-,09,21802,A,N,D,C,A,A,H,-,C,A,0,NA,NA,NA,NA,Y,NA,A,01,0,1,3,0,0,0,0,0,0,-,-,NA,NA,LOS ANGELES,LANCASTER,-118.21076965332033,34.7330322265625
9612957,2023,2023-08-23,1900,2023-05-13,343,641166,1137,6,5,6,1992,0,0,0,NA,0,112T2,15TH ST EAST,AVENUE K,0,NA,Y,A,-,N,NA,NA,NA,NA,NA,NA,NA,NA,NA,Y,4,0,1,2,A,-,12,21453,A,N,D,C,A,A,H,-,C,A,0,NA,NA,NA,NA,Y,NA,A,07,0,0,1,0,0,0,0,0,0,-,-,NA,NA,LOS ANGELES,LANCASTER,-118.10352325439452,34.6750373840332
9612961,2023,2023-09-05,1942,2023-08-07,1500,45175,1303,1,5,7,1942,0,0,0,M,0,13X17,11TH ST,CENTRAL AV,0,NA,Y,A,-,N,NA,NA,NA,NA,NA,NA,NA,NA,NA,N,3,0,1,2,A,-,10,21950,A,F,A,B,E,A,H,-,A,D,0,Y,NA,NA,NA,Y,Y,-,99,0,1,0,0,1,0,0,0,0,-,-,NA,NA,LOS ANGELES,LOS ANGELES,-118.24480438232422,34.03094482421875
9612962,2023,2023-09-01,1942,2023-08-11,1850,41068,1363,5,5,7,1942,0,0,0,M,0,24T31,CENTRAL AV,49TH ST,0,NA,Y,A,-,N,NA,NA,NA,NA,NA,NA,NA,NA,NA,N,2,0,1,2,A,-,09,21801,NA,N,D,C,A,A,H,-,A,D,0,NA,NA,Y,NA,Y,NA,A,07,1,0,0,0,0,0,0,0,0,-,-,NA,NA,LOS ANGELES,LOS ANGELES,-118.25647735595705,33.9989128112793
9612963,2023,2023-09-05,1942,2023-08-14,200,34350,1313,1,5,7,1942,0,0,0,M,0,24T31,PALOMA ST,14TH ST,30,S,N,A,-,N,NA,NA,NA,NA,NA,NA,NA,NA,NA,Y,4,0,1,2,A,-,10,21950,C,F,G,B,D,A,H,-,C,D,0,Y,NA,NA,NA,Y,NA,A,01,0,0,1,0,1,0,0,0,0,-,-,NA,NA,LOS ANGELES,LOS ANGELES,-118.24906158447266,34.029441833496094
9612964,2023,2023-09-13,1942,2023-08-12,1850,40730,1323,6,5,7,1942,0,0,0,M,0,24TL32,CENTRAL AV,ADAMS BL,64,S,N,A,-,N,NA,NA,NA,NA,NA,NA,NA,NA,NA,Y,4,0,1,2,A,-,08,22107,NA,F,D,C,A,A,H,-,A,D,0,NA,NA,NA,NA,Y,Y,-,99,0,0,1,0,0,0,0,0,0,-,-,NA,NA,LOS ANGELES,LOS ANGELES,-118.25501251220705,34.01860427856445
9612965,2023,2023-09-05,1942,2023-08-14,2050,41629,1373,1,5,7,1942,0,0,0,M,0,24TL54,CENTRAL AV,54TH ST,178,N,N,A,B,N,NA,NA,NA,NA,NA,NA,NA,NA,NA,N,4,0,3,3,A,-,01,23152,A,N,C,C,A,A,H,-,C,D,0,NA,NA,NA,NA,Y,Y,A,07,0,0,3,0,0,0,0,0,0,-,-,NA,NA,LOS ANGELES,LOS ANGELES,-118.25646209716795,33.99394989013672
9612966,2023,2023-09-05,1942,2023-08-14,1230,42118,1361,1,5,7,1942,0,0,0,M,0,24TL27,51ST ST,MAIN ST,200,W,N,A,-,N,NA,NA,NA,NA,NA,NA,NA,NA,NA,N,3,0,1,2,A,-,05,21651,A,F,G,B,D,A,H,-,A,D,0,Y,Y,NA,NA,Y,NA,L,04,0,1,0,0,1,0,0,0,0,-,-,NA,NA,LOS ANGELES,LOS ANGELES,-118.27462768554688,33.996490478515625
9612967,2023,2023-09-05,1942,2023-08-04,530,45049,1365,5,5,7,1942,0,0,0,M,0,13A43,COMPTON,46TH ST,0,NA,Y,A,-,N,NA,NA,NA,NA,NA,NA,NA,NA,NA,Y,4,0,1,3,A,-,12,22450,A,F,B,D,A,A,H,-,C,D,0,NA,NA,NA,NA,Y,NA,A,08,0,0,1,0,0,0,0,0,0,-,-,NA,NA,LOS ANGELES,LOS ANGELES,-118.24779510498048,34.002037048339844
9612968,2023,2023-09-05,1942,2023-08-11,2245,41068,1385,5,5,7,1942,0,0,0,M,0,24T31,GAGE AV,MCKINLEY AV,0,NA,Y,A,-,N,NA,NA,NA,NA,NA,NA,NA,NA,NA,Y,4,0,1,2,A,-,12,22450,A,F,D,C,A,A,H,-,C,A,0,NA,NA,NA,NA,Y,NA,A,01,0,0,1,0,0,0,0,0,0,-,-,NA,NA,LOS ANGELES,LOS ANGELES,-118.26143646240234,33.98185729980469
9612969,2023,2023-09-05,1942,2023-08-10,1440,33122,1313,4,5,7,1942,0,0,0,M,0,24MQ48,CENTRAL AV,18TH ST,0,NA,Y,A,-,N,NA,NA,NA,NA,NA,NA,NA,NA,NA,N,3,0,1,2,A,-,05,21460,A,F,D,C,A,A,H,-,A,A,0,NA,NA,NA,NA,Y,NA,-,99,0,1,0,0,0,0,0,0,0,-,-,NA,NA,LOS ANGELES,LOS ANGELES,-118.2498779296875,34.02519226074219
9612970,2023,2023-09-05,1942,2023-08-11,1155,36527,1351,5,5,7,1942,0,0,0,M,0,24MQ42,S BROADWAY,41ST ST,150,N,N,A,-,N,NA,NA,NA,NA,NA,NA,NA,NA,NA,Y,4,0,1,2,A,-,08,22100,B,F,B,C,A,A,H,-,A,D,0,NA,NA,Y,NA,Y,NA,A,08,0,0,1,0,0,0,0,0,1,-,-,NA,NA,LOS ANGELES,LOS ANGELES,-118.27837371826172,34.009521484375
9612971,2023,2023-09-13,1942,2023-08-13,345,33452,1333,7,5,7,1942,0,0,0,M,0,24T31,27TH ST,GRIFFITH AV,0,NA,Y,A,-,N,NA,NA,NA,NA,NA,NA,NA,NA,NA,N,2,0,1,2,A,-,12,22450,A,F,D,C,A,A,H,-,C,D,0,NA,NA,Y,NA,Y,NA,-,-,1,0,0,0,0,0,0,0,1,-,-,NA,NA,LOS ANGELES,LOS ANGELES,-118.25804901123048,34.01900100708008
9612975,2023,2023-12-18,1942,2023-08-14,1715,38264,0964,1,5,7,1942,0,0,0,I,0,26TL76,HAZELTINE AV,HARTSOOK ST,330,S,N,A,-,N,NA,NA,NA,NA,NA,NA,NA,NA,NA,Y,4,0,1,2,B,-,22,NA,NA,F,C,E,A,A,H,-,A,D,0,NA,NA,NA,NA,Y,NA,A,07,0,0,1,0,0,0,0,0,0,-,-,NA,NA,LOS ANGELES,LOS ANGELES,-118.44001007080078,34.16256332397461
9612976,2023,2023-09-13,1942,2023-08-16,1815,38033,2187,3,5,7,1942,0,0,0,NA,0,26T37W,VENTURA BL,ALHAMA DR,50,E,N,A,-,N,NA,NA,NA,NA,NA,NA,NA,NA,NA,Y,2,0,2,3,A,-,10,21950,A,N,G,B,D,A,H,-,A,A,0,Y,NA,NA,NA,Y,NA,A,07,1,1,0,0,2,0,0,0,0,-,-,NA,NA,LOS ANGELES,LOS ANGELES,-118.59261322021484,34.16691970825195
9612977,2023,2023-09-05,1942,2023-08-12,50,36121,1523,6,5,7,1942,0,0,0,O,0,15A3,VANOWEN ST,WHITSETT ST,25,W,N,A,-,N,NA,NA,NA,NA,NA,NA,NA,NA,NA,N,3,0,1,2,A,-,09,21801,A,F,B,C,A,-,H,-,C,A,0,NA,NA,NA,NA,Y,NA,-,99,0,1,0,0,0,0,0,0,0,-,-,NA,NA,LOS ANGELES,LOS ANGELES,-118.40536499023438,34.19395065307617
9612978,2023,2023-09-05,1942,2023-08-12,1915,42775,1532,6,5,7,1942,0,0,0,O,0,26T54,LAUREL CANYON BL,OXNARD ST,93,N,N,A,-,N,NA,NA,NA,NA,NA,NA,NA,NA,NA,N,3,0,1,2,A,-,03,22350,NA,F,C,C,A,A,H,-,A,A,0,NA,NA,NA,NA,Y,NA,-,99,0,1,0,0,0,0,0,0,0,-,-,NA,NA,LOS ANGELES,LOS ANGELES,-118.3965301513672,34.1796760559082
9612979,2023,2023-09-05,1942,2023-08-11,2005,42324,1785,5,5,7,1942,0,0,0,Q,0,26T32W,PARTHENIA ST,LINDLEY AV,10,W,N,A,-,N,NA,NA,NA,NA,NA,NA,NA,NA,NA,N,2,0,1,2,A,-,10,21950,A,N,G,B,B,A,H,-,C,A,0,Y,NA,NA,NA,Y,NA,A,01,1,0,0,0,1,0,0,0,0,-,-,NA,NA,LOS ANGELES,LOS ANGELES,-118.52738189697266,34.22867202758789
9612980,2023,2023-09-05,1942,2023-08-12,1325,43295,1651,6,5,7,1942,0,0,0,P,0,26T45,OSBORNE ST,REMICK AV,37,E,N,A,-,N,NA,NA,NA,NA,NA,NA,NA,NA,NA,Y,2,0,1,2,A,-,09,21804,A,N,D,C,A,A,H,-,A,A,0,NA,NA,Y,NA,Y,NA,A,07,1,0,0,0,0,0,0,0,1,-,-,NA,NA,LOS ANGELES,LOS ANGELES,-118.4208755493164,34.24587631225586
9612982,2023,2023-09-08,1942,2023-08-11,255,42000,1539,5,5,7,1942,0,0,0,O,0,15A39W,VINELAND BL,COLLINS ST,0,NA,Y,A,-,N,NA,NA,NA,NA,NA,NA,NA,NA,NA,Y,3,0,2,3,A,-,01,23153,A,F,C,C,A,A,H,-,D,A,0,NA,NA,NA,NA,Y,Y,-,NA,0,1,1,0,0,0,0,0,0,-,-,NA,NA,LOS ANGELES,LOS ANGELES,-118.37028503417967,34.173980712890625
9612990,2023,2023-09-05,1942,2023-08-20,2010,42633,1881,7,5,7,1942,0,0,0,R,0,25T31,W REDONDO BEACH BL,S FIGUEROA ST,51,E,N,C,-,N,NA,NA,NA,NA,NA,NA,NA,NA,NA,N,2,0,1,2,A,-,12,21453,A,F,H,G,A,B,H,-,C,A,0,NA,Y,NA,NA,Y,NA,L,04,1,0,0,0,0,0,1,0,0,-,-,NA,NA,LOS ANGELES,LOS ANGELES,-118.28288269042967,33.89271926879883
9612991,2023,2023-09-05,1942,2023-08-15,1815,37618,0333,2,5,7,1942,0,0,0,C,0,25MX88,30TH ST,WELLINGTON RD,0,NA,Y,A,-,N,NA,NA,NA,NA,NA,NA,NA,NA,NA,Y,4,0,2,2,A,-,09,21802,A,N,D,C,A,A,H,-,A,A,0,NA,NA,NA,NA,Y,NA,A,01,0,0,2,0,0,0,0,0,0,-,-,NA,NA,LOS ANGELES,LOS ANGELES,-118.3384246826172,34.027587890625
9612992,2023,2023-09-05,1942,2023-08-09,420,43946,1251,3,5,7,1942,0,0,0,L,0,12A69,W FLORENCE AV,CRENSHAW BL,0,NA,Y,A,-,N,NA,NA,NA,NA,NA,NA,NA,NA,NA,N,2,0,1,2,A,-,00,21954,NA,N,B,B,D,A,H,-,C,D,0,Y,NA,NA,NA,Y,NA,N,60,1,0,0,0,1,0,0,0,0,-,-,NA,NA,LOS ANGELES,LOS ANGELES,-118.33088684082033,33.97454071044922
9612993,2023,2023-10-06,1942,2023-08-20,55,42633,1257,7,5,7,1942,0,0,0,L,0,25T35,W 79TH ST,S FIGUEROA ST,26,E,N,A,-,N,NA,NA,NA,NA,NA,NA,NA,NA,NA,N,4,0,1,2,A,-,12,21453,A,F,G,B,-,A,H,-,C,A,0,Y,NA,NA,NA,Y,NA,A,07,0,0,1,0,1,0,0,0,0,-,-,NA,NA,LOS ANGELES,LOS ANGELES,-118.28263092041016,33.96784210205078
9612994,2023,2023-09-05,1942,2023-08-05,1405,38915,1821,6,5,7,1942,0,0,0,R,0,25MQ51,MAIN ST,102ND ST,5,N,N,A,-,N,NA,NA,NA,NA,NA,NA,NA,NA,NA,N,4,0,2,2,A,-,09,21804,A,N,A,C,A,A,H,-,A,D,0,NA,NA,NA,NA,Y,NA,A,01,0,0,2,0,0,0,0,0,0,-,-,NA,NA,LOS ANGELES,LOS ANGELES,-118.2738800048828,33.943782806396484
9612995,2023,2023-09-05,1942,2023-08-15,2010,39254,1824,2,5,7,1942,0,0,0,R,0,18A34,CENTRAL AV,CENTURY BL,0,NA,Y,A,-,N,NA,NA,NA,NA,NA,NA,NA,NA,NA,Y,2,0,1,2,A,-,08,22107,NA,F,B,C,A,A,H,-,C,A,0,NA,NA,Y,NA,Y,Y,A,01,1,0,0,0,0,0,0,0,1,-,-,NA,NA,LOS ANGELES,LOS ANGELES,-118.25408172607422,33.94565963745117
9613097,2023,2023-09-08,1900,2023-08-18,1525,630378,0613,5,5,6,1985,0,0,0,NA,0,61T1,SOLEDAD CANYON RD,WHITES CANYON RD,297,E,N,A,-,N,NA,NA,NA,NA,NA,NA,NA,NA,NA,Y,3,0,1,3,A,-,04,21703,NA,N,C,C,A,A,H,-,A,D,0,NA,NA,NA,NA,Y,NA,D,22,0,1,0,0,0,0,0,0,0,-,-,34.41579055786133,-118.47104644775392,LOS ANGELES,SANTA CLARITA,-118.47118377685548,34.41572189331055
9613098,2023,2023-09-08,1900,2023-08-20,1415,641133,0628,7,5,6,1985,0,0,0,NA,0,062,PINE ST,6TH ST,100,S,N,B,C,N,NA,NA,NA,NA,NA,NA,NA,NA,NA,Y,3,0,1,4,A,-,03,22350,NA,N,D,E,A,B,H,-,A,D,0,NA,NA,NA,NA,Y,NA,A,07,0,1,0,0,0,0,0,0,0,-,-,34.3778190612793,-118.52529144287108,LOS ANGELES,SANTA CLARITA,-118.52545928955078,34.37799835205078
9613099,2023,2023-09-08,1900,2023-08-20,1300,630378,0635,7,5,6,1985,0,0,0,NA,0,61A,SAND CANYON RD,VISTA POINT LN,17,N,N,C,-,N,NA,NA,NA,NA,NA,NA,NA,NA,NA,Y,3,0,2,2,A,-,03,22350,NA,N,C,C,A,B,H,-,A,D,0,NA,NA,NA,NA,Y,NA,A,01,0,1,1,0,0,0,0,0,0,-,-,34.43727111816406,-118.41757202148438,LOS ANGELES,SANTA CLARITA,-118.4176788330078,34.437156677246094
9613116,2023,2023-09-21,1900,2023-08-14,1700,650375,0334,1,5,4,1939,0,0,0,NA,0,35A,FREEMAN AV,MANHATTAN BEACH BL,0,NA,Y,A,-,N,NA,NA,NA,NA,NA,NA,NA,NA,NA,Y,4,0,1,2,A,-,12,21453,A,N,D,C,A,A,H,-,A,A,0,NA,NA,NA,NA,Y,NA,A,01,0,0,1,0,0,0,0,0,0,-,-,33.88727951049805,-118.34890747070313,LOS ANGELES,LAWNDALE,-118.3489227294922,33.8873291015625
9613122,2023,2023-09-05,1941,2023-08-09,100,11255,EAST,3,5,7,1941,0,0,0,NA,0,010,LIVINGSTON DR,EAST 2ND ST,0,NA,Y,A,-,N,NA,NA,NA,NA,NA,NA,NA,NA,NA,Y,2,0,2,1,A,-,03,22350,NA,N,A,I,A,A,H,-,C,A,0,NA,NA,NA,NA,Y,Y,A,01,1,1,0,0,0,0,0,0,0,-,-,33.762359619140625,-118.13951873779295,LOS ANGELES,LONG BEACH,-118.13963317871094,33.76231384277344
9613140,2023,2023-09-08,1900,2023-08-22,210,607713,162,2,5,5,1977,0,0,0,NA,0,165,BANNING BL,REALTY ST,57,S,N,A,-,N,NA,NA,NA,NA,NA,NA,NA,NA,NA,Y,3,0,1,2,A,-,03,22350,NA,M,C,E,A,A,H,-,C,D,0,NA,NA,NA,NA,Y,NA,A,01,0,1,0,0,0,0,0,0,0,-,-,33.80585861206055,-118.26010131835938,LOS ANGELES,CARSON,-118.26010894775392,33.80589294433594
9613141,2023,2023-09-08,1900,2023-08-19,1003,623660,1623,6,5,5,1977,0,0,0,NA,0,168T,223RD ST,FIGUEROA ST,0,NA,Y,B,-,N,NA,NA,NA,NA,NA,NA,NA,NA,NA,Y,3,0,2,2,A,-,09,21801,A,N,D,C,A,A,H,-,A,A,0,NA,NA,NA,NA,Y,NA,A,07,0,2,0,0,0,0,0,0,0,-,-,33.82447052001953,-118.28598785400392,LOS ANGELES,CARSON,-118.2861099243164,33.82442092895508
9613142,2023,2023-09-26,1900,2023-08-16,1428,606663,1626,3,5,5,1977,0,0,0,NA,0,168T,ALAMEDA ST,SEPULVEDA BL,35,N,N,A,-,N,NA,NA,NA,NA,NA,NA,NA,NA,NA,Y,4,0,4,2,A,-,00,21457,NA,N,C,C,A,A,H,-,A,B,0,NA,NA,NA,NA,Y,NA,-,-,0,0,4,0,0,0,0,0,0,-,-,33.8083610534668,-118.23442840576172,LOS ANGELES,CARSON,-118.23463439941406,33.8079833984375
9613143,2023,2023-09-08,1900,2023-08-15,1500,606663,1624,2,5,5,1977,0,0,0,NA,0,N168T,AVALON BL,SEPULVEDA BL,44,S,-,A,-,N,NA,NA,NA,NA,NA,NA,NA,NA,NA,Y,4,0,2,2,A,-,12,21453,A,N,D,C,A,A,H,-,A,A,0,NA,NA,NA,NA,Y,NA,A,01,0,0,2,0,0,0,0,0,0,-,-,33.80828857421875,-118.26399993896484,LOS ANGELES,CARSON,-118.26417541503906,33.808109283447266
9613144,2023,2023-09-08,1900,2023-08-15,1126,606663,1622,2,5,5,1977,0,0,0,NA,0,1687,223RD ST,MCHELEN AV,16,W,N,A,-,N,NA,NA,NA,NA,NA,NA,NA,NA,NA,N,3,0,1,2,A,-,11,21954,A,N,G,B,D,A,H,-,A,A,0,Y,NA,NA,NA,Y,NA,N,60,0,1,0,0,1,0,0,0,0,-,-,33.82442092895508,-118.22232818603516,LOS ANGELES,CARSON,-118.22237396240234,33.824371337890625
9613270,2023,2023-09-05,1900,2023-06-17,1350,648315,1327,6,5,5,1935,0,0,0,NA,0,132B,CARSON ST,NECTAR AV,390,W,N,A,-,N,NA,NA,NA,NA,NA,NA,NA,NA,NA,Y,3,0,2,3,A,-,04,21703,NA,N,C,C,A,A,H,-,A,A,0,NA,NA,NA,NA,Y,NA,A,07,0,1,1,0,0,0,0,0,0,-,-,NA,NA,LOS ANGELES,LAKEWOOD,-118.08924865722656,33.83150863647461
9613271,2023,2023-09-06,1900,2023-06-07,2035,643847,1334,3,5,5,1908,0,0,0,NA,0,133T1,MAPLE ST,VIRGINIA AV,147,E,N,A,-,N,NA,NA,NA,NA,NA,NA,NA,NA,NA,N,4,0,1,2,A,-,08,22107,NA,N,A,J,E,A,H,-,C,D,0,Y,NA,NA,NA,Y,NA,A,01,0,0,1,0,1,0,0,0,0,-,-,NA,NA,LOS ANGELES,BELLFLOWER,-118.13782501220705,33.88111114501953
9613272,2023,2023-09-05,1900,2023-06-24,1615,648315,1320,6,5,5,1935,0,0,0,NA,0,132D,DEL AMO BL,CHERRY AV,0,NA,Y,A,-,N,NA,NA,NA,NA,NA,NA,NA,NA,NA,Y,2,0,3,3,D,-,00,NA,NA,N,D,C,A,A,H,-,A,A,0,NA,NA,NA,NA,Y,NA,-,-,1,1,1,0,0,0,0,0,0,-,-,NA,NA,LOS ANGELES,LAKEWOOD,-118.16746520996094,33.84701919555664
9613273,2023,2023-10-20,1941,2023-06-20,2237,11830,WEST,2,5,7,1941,0,0,0,NA,0,001,SANTA FE AV,W WILLOW ST,26,N,N,A,-,N,NA,NA,NA,NA,NA,NA,NA,NA,NA,N,3,0,1,2,D,-,00,NA,NA,F,D,G,A,A,H,-,C,A,0,NA,Y,NA,NA,Y,NA,-,-,0,1,0,0,0,0,1,0,0,-,-,33.80438995361328,-118.21544647216795,LOS ANGELES,LONG BEACH,-118.21552276611328,33.80447006225586
9613274,2023,2023-09-07,1941,2023-06-20,1629,11804,EAST,2,5,7,1941,0,0,0,NA,0,009,CARROLL PARK,JUNIPERO AV,6,W,N,A,-,N,NA,NA,NA,NA,NA,NA,NA,NA,NA,Y,3,0,1,4,A,-,08,22107,NA,N,H,C,A,A,H,-,A,D,0,NA,NA,NA,NA,Y,NA,A,01,0,1,0,0,0,0,0,0,0,-,-,33.770408630371094,-118.16475677490234,LOS ANGELES,LONG BEACH,-118.1647491455078,33.770450592041016
9613277,2023,2023-10-09,1900,2023-05-16,2032,661314,0334,2,5,4,1939,0,0,0,NA,0,035,PRAIRIE AV,MANHATTAN BEACH BL,0,NA,Y,A,-,N,NA,NA,NA,NA,NA,NA,NA,NA,NA,N,3,0,2,3,A,-,09,21801,A,N,D,C,A,A,H,-,C,A,0,NA,NA,NA,NA,Y,NA,A,01,0,2,0,0,0,0,0,0,0,-,-,33.88732147216797,-118.34393310546876,LOS ANGELES,LAWNDALE,-118.34383392333984,33.887393951416016
9613292,2023,2023-09-11,1900,2023-05-13,1530,638531,0332,6,5,4,1939,0,0,0,NA,0,35T1,HAWTHORNE BL,154TH ST,10,S,N,A,-,N,NA,NA,NA,NA,NA,NA,NA,NA,NA,N,4,0,1,2,A,-,03,22350,NA,N,C,C,A,A,H,-,A,A,0,NA,NA,NA,NA,Y,NA,A,07,0,0,1,0,0,0,0,0,0,-,-,33.89104080200195,-118.53244018554688,LOS ANGELES,LAWNDALE,-118.3527374267578,33.89098358154297