CASE_ID,ACCIDENT_YEAR,PROC_DATE,JURIS,COLLISION_DATE,COLLISION_TIME,OFFICER_ID,REPORTING_DISTRICT,DAY_OF_WEEK,CHP_SHIFT,POPULATION,CNTY_CITY_LOC,SPECIAL_COND,BEAT_TYPE,CHP_BEAT_TYPE,CITY_DIVISION_LAPD,CHP_BEAT_CLASS,BEAT_NUMBER,PRIMARY_RD,SECONDARY_RD,DISTANCE,DIRECTION,INTERSECTION,WEATHER_1,WEATHER_2,STATE_HWY_IND,CALTRANS_COUNTY,CALTRANS_DISTRICT,STATE_ROUTE,ROUTE_SUFFIX,POSTMILE_PREFIX,POSTMILE,LOCATION_TYPE,RAMP_INTERSECTION,SIDE_OF_HWY,TOW_AWAY,COLLISION_SEVERITY,NUMBER_KILLED,NUMBER_INJURED,PARTY_COUNT,PRIMARY_COLL_FACTOR,PCF_CODE_OF_VIOL,PCF_VIOL_CATEGORY,PCF_VIOLATION,PCF_VIOL_SUBSECTION,HIT_AND_RUN,TYPE_OF_COLLISION,MVIW,PED_ACTION,ROAD_SURFACE,ROAD_COND_1,ROAD_COND_2,LIGHTING,CONTROL_DEVICE,CHP_ROAD_TYPE,PEDESTRIAN_ACCIDENT,BICYCLE_ACCIDENT,MOTORCYCLE_ACCIDENT,TRUCK_ACCIDENT,NOT_PRIVATE_PROPERTY,ALCOHOL_INVOLVED,STWD_VEHTYPE_AT_FAULT,CHP_VEHTYPE_AT_FAULT,COUNT_SEVERE_INJ,COUNT_VISIBLE_INJ,COUNT_COMPLAINT_PAIN,COUNT_PED_KILLED,COUNT_PED_INJURED,COUNT_BICYCLIST_KILLED,COUNT_BICYCLIST_INJURED,COUNT_MC_KILLED,COUNT_MC_INJURED,PRIMARY_RAMP,SECONDARY_RAMP,LATITUDE,LONGITUDE,COUNTY,CITY,POINT_X,POINT_Y
9615336,2023,2023-08-31,1900,2023-08-10,740,421570,0530,4,5,5,1959,0,0,0,NA,0,53T1AM,MISSION DR,EARLE AV,0,NA,Y,B,-,N,NA,NA,NA,NA,NA,NA,NA,NA,NA,Y,4,0,1,2,A,-,09,21802,A,N,D,C,A,A,H,-,A,A,0,NA,NA,NA,NA,Y,NA,A,01,0,0,1,0,0,0,0,0,0,-,-,34.088951110839844,-118.08541107177734,LOS ANGELES,ROSEMEAD,-118.0854034423828,34.0889778137207
9615337,2023,2023-08-31,1900,2023-08-01,2245,627716,0531,2,5,5,1959,0,0,0,NA,0,23T1EM,ROSEMEAD BL,GLENDON WY,0,NA,Y,A,-,N,NA,NA,NA,NA,NA,NA,NA,NA,NA,Y,4,0,2,2,A,-,12,21453,A,N,D,C,A,A,H,-,C,A,0,NA,NA,NA,NA,Y,NA,A,01,0,0,2,0,0,0,0,0,0,-,-,34.07406997680664,-118.07315063476564,LOS ANGELES,ROSEMEAD,-118.07295989990234,34.07408142089844
9615346,2023,2023-10-05,1900,2023-08-17,1640,651189,1336,4,5,5,1908,0,0,0,NA,0,133F,ARTESIA BL,REGENCY CIR,15,W,N,A,-,N,NA,NA,NA,NA,NA,NA,NA,NA,NA,N,3,0,1,2,A,-,09,21801,A,M,C,G,A,A,H,-,A,A,0,NA,Y,NA,NA,Y,NA,L,04,0,1,0,0,0,0,1,0,0,-,-,NA,NA,LOS ANGELES,BELLFLOWER,-118.11248016357422,33.87287902832031
9615348,2023,2023-10-05,1900,2023-08-12,923,642100,1337,6,5,5,1908,0,0,0,NA,0,133H,WOODRUFF AV,FLORA VISTA ST,400,N,N,A,-,N,NA,NA,NA,NA,NA,NA,NA,NA,NA,Y,4,0,1,2,A,-,08,22107,NA,N,D,C,A,A,H,-,A,D,0,NA,NA,NA,NA,Y,NA,A,01,0,0,1,0,0,0,0,0,0,-,-,NA,NA,LOS ANGELES,BELLFLOWER,-118.11733245849608,33.88298797607422
9615349,2023,2023-10-05,1900,2023-08-15,1358,620747,1321,2,5,5,1935,0,0,0,NA,0,132F,BELLFLOWER BL,DEL AMO BL,0,NA,Y,A,-,N,NA,NA,NA,NA,NA,NA,NA,NA,NA,Y,3,0,1,1,A,-,01,23152,A,N,E,I,A,A,H,-,A,A,0,NA,NA,Y,NA,Y,Y,C,02,0,1,0,0,0,0,0,0,1,-,-,NA,NA,LOS ANGELES,LAKEWOOD,-118.12514495849608,33.847110748291016
9615350,2023,2023-10-05,1900,2023-08-13,2300,616065,1321,7,5,5,1935,0,0,0,NA,0,132A,CANDLEWOOD ST,CLARK AV,0,NA,Y,A,-,N,NA,NA,NA,NA,NA,NA,NA,NA,NA,Y,3,0,4,2,A,-,09,21801,A,N,A,C,A,A,H,-,C,A,0,NA,NA,NA,NA,Y,NA,A,01,0,1,3,0,0,0,0,0,0,-,-,NA,NA,LOS ANGELES,LAKEWOOD,-118.1337890625,33.853660583496094
9615352,2023,2023-10-05,1900,2023-08-17,630,532457,1352,4,5,3,1927,0,0,0,NA,0,135Q1D,CARSON ST,NORWALK BL,20,E,N,A,-,N,NA,NA,NA,NA,NA,NA,NA,NA,NA,Y,3,0,1,2,A,-,09,21453,B,N,B,C,A,A,H,-,A,A,0,NA,NA,NA,NA,Y,NA,A,07,0,1,0,0,0,0,0,0,0,-,-,NA,NA,LOS ANGELES,HAWAIIAN GARDENS,-118.07201385498048,33.8314208984375
9615356,2023,2023-10-05,1900,2023-08-02,220,647602,1351,3,5,3,1927,0,0,0,NA,0,135B,BLOOMFIELD AV,CARSON ST,0,NA,Y,A,-,N,NA,NA,NA,NA,NA,NA,NA,NA,NA,N,2,0,1,1,A,-,03,22350,NA,M,A,J,A,A,H,-,C,A,0,NA,NA,NA,NA,Y,NA,A,01,1,0,0,0,0,0,0,0,0,-,-,33.83148956298828,-118.06340026855467,LOS ANGELES,HAWAIIAN GARDENS,-118.06343841552734,33.83155822753906
9615360,2023,2023-10-05,1900,2023-08-08,2139,655542,1337,2,5,5,1908,0,0,0,NA,0,133,CORNUTA AV,FLORA VISTA ST,626,N,N,A,-,N,NA,NA,NA,NA,NA,NA,NA,NA,NA,N,3,0,1,2,A,-,03,22350,NA,F,B,C,A,A,H,-,C,D,0,NA,NA,Y,NA,Y,NA,A,01,0,1,0,0,0,0,0,0,1,-,-,NA,NA,LOS ANGELES,BELLFLOWER,-118.1198272705078,33.88556671142578
9615361,2023,2023-10-05,1972,2023-08-18,1308,18537,NA,5,5,6,1972,0,0,0,NA,0,NA,TORRANCE BL,HAWTHORN BL,620,E,N,A,-,N,NA,NA,NA,NA,NA,NA,NA,NA,NA,Y,3,0,1,2,A,-,07,21658,A,N,B,C,A,A,H,-,A,D,0,NA,NA,NA,NA,Y,NA,A,NA,0,1,0,0,0,0,0,0,0,-,-,NA,NA,LOS ANGELES,TORRANCE,-118.35169219970705,33.83760070800781
9615364,2023,2023-10-16,1910,2023-08-13,1720,03438,NA,7,5,4,1910,0,0,0,NA,0,009,N DOHENY DR,BEVERLY BL,50,S,N,A,-,N,NA,NA,NA,NA,NA,NA,NA,NA,NA,N,4,0,1,2,A,-,03,22350,NA,N,C,C,A,A,H,-,A,D,0,NA,NA,NA,NA,Y,NA,A,01,0,0,1,0,0,0,0,0,0,-,-,34.07666015625,-118.38973236083984,LOS ANGELES,BEVERLY HILLS,-118.38971710205078,34.07704162597656
9615367,2023,2023-10-09,1910,2023-08-12,2158,05392,NA,6,5,4,1910,0,0,0,NA,0,004,COLDWATER CANYON DR,N BEVERLY DR,0,NA,Y,A,-,N,NA,NA,NA,NA,NA,NA,NA,NA,NA,N,4,0,1,2,A,-,21,22106,NA,N,C,C,A,A,H,-,C,A,0,NA,NA,NA,NA,Y,NA,A,01,0,0,1,0,0,0,0,0,0,-,-,NA,NA,LOS ANGELES,BEVERLY HILLS,-118.41207122802734,34.09052276611328
9615368,2023,2023-10-16,1910,2023-08-10,1811,04446,NA,4,5,4,1910,0,0,0,NA,0,009,S WILLAMAN DR,WILSHIRE BL,0,NA,Y,A,-,N,NA,NA,NA,NA,NA,NA,NA,NA,NA,Y,4,0,3,2,A,-,09,21804,A,N,D,C,A,A,H,-,A,A,0,NA,NA,NA,NA,Y,NA,A,01,0,0,3,0,0,0,0,0,0,-,-,34.066139221191406,-118.38047027587892,LOS ANGELES,BEVERLY HILLS,-118.38050079345705,34.06626892089844
9615370,2023,2023-10-05,1910,2023-08-12,1733,03494,NA,6,5,4,1910,0,0,0,NA,0,005,CAMDEN DR,SOUTH SANTA MONICA BL,0,NA,Y,A,-,N,NA,NA,NA,NA,NA,NA,NA,NA,NA,Y,4,0,2,2,A,-,12,21453,A,N,D,C,A,A,H,-,A,A,0,NA,NA,NA,NA,Y,NA,A,01,0,0,2,0,0,0,0,0,0,-,-,34.06991958618164,-118.40538024902344,LOS ANGELES,BEVERLY HILLS,-118.40535736083984,34.069915771484375
9615371,2023,2023-10-05,1910,2023-08-19,1254,03494,NA,6,5,4,1910,0,0,0,NA,0,005,WISHIR BL,WHITTIER DR,0,NA,Y,A,-,N,NA,NA,NA,NA,NA,NA,NA,NA,NA,Y,3,0,1,2,A,-,09,21801,A,N,D,C,A,A,H,-,A,A,0,NA,NA,NA,NA,Y,NA,A,01,0,1,0,0,0,0,0,0,0,-,-,NA,NA,LOS ANGELES,BEVERLY HILLS,NA,NA
9615372,2023,2023-10-05,1910,2023-08-17,1915,05076,NA,4,5,4,1910,0,0,0,NA,0,009,BEVERLY BL,N DOHENY DR,160,E,N,A,-,N,NA,NA,NA,NA,NA,NA,NA,NA,NA,Y,2,0,1,3,A,-,08,22107,NA,N,A,C,A,A,H,-,A,D,0,NA,NA,Y,NA,Y,NA,A,01,1,0,0,0,0,0,0,0,1,-,-,NA,NA,LOS ANGELES,BEVERLY HILLS,-118.38971710205078,34.077178955078125
9615375,2023,2023-10-05,1941,2023-08-23,842,10993,SOUTH,3,5,7,1941,0,0,0,NA,0,007,E ANAHEIM ST,ALAMITOS AV,0,NA,Y,A,-,N,NA,NA,NA,NA,NA,NA,NA,NA,NA,NA,2,0,1,2,A,-,12,21453,A,F,D,C,A,A,H,-,A,A,0,NA,NA,NA,NA,Y,NA,A,01,1,0,0,0,0,0,0,0,0,-,-,33.78261184692383,-118.17794036865234,LOS ANGELES,LONG BEACH,-118.17797088623048,33.78260803222656
9615376,2023,2023-10-05,1910,2023-08-21,1706,04616,NA,1,5,4,1910,0,0,0,NA,0,004,SUNSET BL,CRESCENT DR,0,NA,Y,A,-,N,NA,NA,NA,NA,NA,NA,NA,NA,NA,Y,4,0,1,2,A,-,09,21801,A,N,H,A,A,A,H,-,A,A,0,NA,NA,Y,NA,Y,NA,A,01,0,0,1,0,0,0,0,0,1,-,-,NA,NA,LOS ANGELES,BEVERLY HILLS,-118.41201782226564,34.08165740966797
9615378,2023,2023-10-05,1941,2023-08-10,1258,10937,WEST,4,5,7,1941,0,0,0,NA,0,003,MAGNOLIA AV,W WILLOW ST,0,NA,Y,A,-,N,NA,NA,NA,NA,NA,NA,NA,NA,NA,Y,3,0,1,2,A,-,08,22107,NA,F,D,C,A,A,H,-,A,A,0,NA,NA,NA,NA,Y,NA,A,01,0,1,0,0,0,0,0,0,0,-,-,33.80438995361328,-118.19808197021484,LOS ANGELES,LONG BEACH,-118.19811248779295,33.80434036254883
9615379,2023,2023-10-19,1972,2023-08-03,1737,21239,NA,4,5,6,1972,0,0,0,NA,0,NA,CRENSHAW BL,SEPULVEDA BL,0,NA,Y,A,-,N,NA,NA,NA,NA,NA,NA,NA,NA,NA,N,3,0,1,2,A,-,09,21453,B,N,D,-,A,A,H,-,A,A,0,NA,Y,NA,NA,Y,NA,A,NA,0,1,0,0,0,0,1,0,0,-,-,NA,NA,LOS ANGELES,TORRANCE,-118.32846069335938,33.82185745239258
9615380,2023,2023-10-05,1910,2023-08-23,956,03209,NA,3,5,4,1910,0,0,0,NA,0,005,S BEDFORD DR,CHARLEVILLE BL,0,NA,Y,A,-,N,NA,NA,NA,NA,NA,NA,NA,NA,NA,Y,4,0,3,2,A,-,09,21800,A,N,D,C,A,A,H,-,A,A,0,NA,NA,NA,NA,Y,NA,A,01,0,0,3,0,0,0,0,0,0,-,-,34.06501007080078,-118.40451049804688,LOS ANGELES,BEVERLY HILLS,-118.40457153320313,34.06501770019531
9615381,2023,2023-10-05,1972,2023-08-08,1730,21239,NA,2,5,6,1972,0,0,0,NA,0,NA,190TH ST,ANZA AV,0,NA,Y,A,-,N,NA,NA,NA,NA,NA,NA,NA,NA,NA,Y,4,0,1,2,A,-,09,21801,A,N,D,C,A,A,H,-,A,A,0,NA,NA,NA,NA,Y,NA,A,NA,0,0,1,0,0,0,0,0,0,-,-,NA,NA,LOS ANGELES,TORRANCE,-118.365478515625,33.85826873779297
9615382,2023,2023-10-05,1972,2023-08-14,1115,22882,NA,1,5,6,1972,0,0,0,NA,0,NA,W CARSON ST,ARLINGTON AV,0,NA,Y,A,-,N,NA,NA,NA,NA,NA,NA,NA,NA,NA,Y,3,0,2,2,A,-,09,21801,A,N,B,C,A,A,H,-,A,A,0,NA,NA,NA,NA,Y,NA,A,NA,0,1,1,0,0,0,0,0,0,-,-,NA,NA,LOS ANGELES,TORRANCE,-118.31781768798828,33.831424713134766
9615383,2023,2023-10-06,1941,2023-04-24,1253,10947,3,1,5,7,1941,0,0,0,NA,0,019,WHALEY AV,46TH ST,0,NA,N,A,-,N,NA,NA,NA,NA,NA,NA,NA,NA,NA,Y,3,0,1,2,A,-,05,21650,NA,N,D,E,A,A,H,-,A,D,0,NA,NA,NA,NA,Y,NA,A,01,0,1,0,0,0,0,0,0,0,-,-,33.84175109863281,-118.1873016357422,LOS ANGELES,LONG BEACH,-118.18706512451172,33.84217071533203
9615384,2023,2023-09-05,1941,2023-04-04,1706,11835,EAST,2,5,7,1941,0,0,0,NA,0,010,EAST 2ND ST,GRANADA AV,0,NA,Y,A,-,N,NA,NA,NA,NA,NA,NA,NA,NA,NA,Y,3,0,1,3,D,-,00,NA,NA,N,D,C,A,A,H,-,A,A,0,NA,NA,Y,NA,Y,NA,-,-,0,1,0,0,0,0,0,0,1,-,-,33.79072189331055,-118.13591766357422,LOS ANGELES,LONG BEACH,-118.13597106933594,33.76069259643555
9615385,2023,2023-10-05,1972,2023-08-14,1240,22097,NA,1,5,6,1972,0,0,0,NA,0,NA,TORRANCE BL,CRAVENS AV,0,NA,Y,A,-,N,NA,NA,NA,NA,NA,NA,NA,NA,NA,Y,3,0,1,2,A,-,09,21802,A,N,D,C,A,A,H,-,A,A,0,NA,NA,NA,NA,Y,NA,A,NA,0,1,0,0,0,0,0,0,0,-,-,NA,NA,LOS ANGELES,TORRANCE,-118.31977081298828,33.83641052246094
9615386,2023,2023-10-05,1900,2023-08-22,751,486620,1363,2,5,5,1952,0,0,0,NA,0,136A,ORANGE AV,SAN JUAN ST,0,NA,Y,A,-,N,NA,NA,NA,NA,NA,NA,NA,NA,NA,N,3,0,1,3,A,-,04,21703,NA,N,C,C,A,A,H,-,A,D,0,NA,NA,NA,NA,Y,Y,A,07,0,1,0,0,0,0,0,0,0,-,-,NA,NA,LOS ANGELES,PARAMOUNT,-118.17754364013672,33.90125274658203
9615387,2023,2023-09-05,1941,2023-04-11,1809,5755,2,2,5,7,1941,0,0,0,NA,0,014,XIMENO AV,LOS COYOTES DI,0,NA,Y,A,-,N,NA,NA,NA,NA,NA,NA,NA,NA,NA,N,3,0,1,2,A,-,09,21801,A,N,D,G,A,A,H,-,A,A,0,NA,Y,NA,NA,Y,NA,A,01,0,1,0,0,0,0,1,0,0,-,-,33.791988372802734,-118.13957214355467,LOS ANGELES,LONG BEACH,NA,NA
9615389,2023,2023-09-08,1970,2023-07-13,1227,210,APD,4,5,4,1970,0,0,0,NA,0,004,MARENGO AV,BANK ST,35,N,N,A,-,N,NA,NA,NA,NA,NA,NA,NA,NA,NA,Y,3,0,1,1,A,-,08,22107,1,N,H,I,A,A,H,-,A,D,0,NA,NA,NA,NA,Y,NA,-,-,0,1,0,0,0,0,0,0,0,-,-,NA,NA,LOS ANGELES,SOUTH PASADENA,-118.14671325683594,34.1100959777832
9615390,2023,2023-09-08,1900,2023-07-06,1839,655591,1351,4,5,3,1927,0,0,0,NA,0,135B,CARSON ST,BELSHIRE AV,0,NA,Y,A,-,N,NA,NA,NA,NA,NA,NA,NA,NA,NA,Y,4,0,4,2,A,-,12,21453,A,N,A,C,A,-,H,-,A,A,0,NA,NA,NA,NA,Y,NA,A,01,0,0,4,0,0,0,0,0,0,-,-,NA,NA,LOS ANGELES,HAWAIIAN GARDENS,-118.06986236572266,33.83143997192383
9615391,2023,2023-09-05,1941,2023-04-14,1358,11380,EAST,5,5,7,1941,0,0,0,NA,0,011,REDONDO AV,14TH ST,0,NA,Y,A,-,N,NA,NA,NA,NA,NA,NA,NA,NA,NA,Y,3,0,2,3,A,-,09,21802,A,N,D,C,A,A,H,-,A,D,0,NA,NA,NA,NA,Y,NA,A,01,0,2,0,0,0,0,0,0,0,-,-,33.784481048583984,-118.15244293212892,LOS ANGELES,LONG BEACH,-118.15244293212892,33.78438949584961
9615392,2023,2023-09-05,1941,2023-04-16,757,11417,1,7,5,7,1941,0,0,0,NA,0,008,EAST OCEAN BL,BONITO AV,0,NA,N,A,-,N,NA,NA,NA,NA,NA,NA,NA,NA,NA,N,4,0,3,2,A,-,08,22107,NA,N,B,C,A,A,H,-,A,D,0,NA,NA,NA,NA,Y,NA,A,01,0,0,3,0,0,0,0,0,0,-,-,33.76612854003906,-118.18092346191406,LOS ANGELES,LONG BEACH,-118.18094635009766,33.76612854003906
9615394,2023,2023-09-08,1900,2023-07-02,2225,658546,1332,7,5,5,1908,0,0,0,NA,0,133T2,ROSECRANS AV,CLARK AV,0,NA,Y,A,-,N,NA,NA,NA,NA,NA,NA,NA,NA,NA,Y,4,0,1,2,A,-,03,22350,NA,N,C,C,A,A,H,-,C,A,0,NA,NA,NA,NA,Y,NA,A,07,0,0,1,0,0,0,0,0,0,-,-,33.904048919677734,-118.13426971435548,LOS ANGELES,BELLFLOWER,-118.1340789794922,33.90409851074219
9615401,2023,2023-09-08,1900,2023-07-14,700,504713,0454,5,5,6,1949,0,0,0,NA,0,43T1,BLOOMFIELD AV,IMPERIAL HWY,456,S,N,A,-,N,NA,NA,NA,NA,NA,NA,NA,NA,NA,N,4,0,1,2,A,-,05,21650,1,N,H,G,A,A,H,-,A,D,0,NA,Y,NA,NA,Y,NA,L,04,0,0,1,0,0,0,1,0,0,-,-,NA,NA,LOS ANGELES,NORWALK,-118.0640106201172,33.91593933105469
9615406,2023,2023-09-08,1900,2023-07-28,1700,624453,0532,5,5,5,1959,0,0,0,NA,0,53T1/P,DEL MAR AV,WHITMORE ST,0,NA,Y,A,-,N,NA,NA,NA,NA,NA,NA,NA,NA,NA,N,4,0,3,2,A,-,09,21802,A,N,D,C,A,A,H,-,A,D,0,NA,NA,NA,NA,Y,NA,A,01,0,0,3,0,0,0,0,0,0,-,-,34.064998626708984,-118.09940338134766,LOS ANGELES,ROSEMEAD,-118.09951019287108,34.064971923828125
9615407,2023,2023-09-11,1900,2023-07-12,1205,626488,0541,3,5,3,1921,0,0,0,NA,0,58T1/D,HUNTINGTON DR,BUENA VISTA ST,301,W,N,A,-,N,NA,NA,NA,NA,NA,NA,NA,NA,NA,N,3,0,1,2,A,-,05,21650,1,N,D,G,A,A,H,-,A,D,0,NA,Y,NA,NA,Y,NA,L,04,0,1,0,0,0,0,1,0,0,-,-,34.139739990234375,-117.97868347167967,LOS ANGELES,DUARTE,-117.9785385131836,34.13959884643555
9615408,2023,2023-09-11,1972,2023-07-04,1128,1555,NA,2,5,6,1972,0,0,0,NA,0,NA,KINGSDALE AV,186TH ST,700,N,N,A,-,N,NA,NA,NA,NA,NA,NA,NA,NA,NA,N,4,0,1,2,A,-,21,22106,NA,N,D,C,A,A,H,-,A,A,0,NA,NA,NA,NA,Y,NA,A,NA,0,0,1,0,0,0,0,0,0,-,-,NA,NA,LOS ANGELES,TORRANCE,-118.35676574707033,33.86372756958008
9615409,2023,2023-09-11,1975,2023-07-16,1850,493,WCPD,7,5,6,1975,0,0,0,NA,0,006,VALLEY BL,NOGALES ST,0,NA,Y,A,-,N,NA,NA,NA,NA,NA,NA,NA,NA,NA,NA,4,0,2,2,A,-,03,22350,NA,N,C,C,A,A,H,-,A,A,0,NA,NA,NA,NA,Y,NA,A,01,0,0,2,0,0,0,0,0,0,-,-,34.003028869628906,-117.88764190673828,LOS ANGELES,WEST COVINA,-117.88768005371094,34.00307083129883
9615410,2023,2023-09-11,1941,2023-07-23,1933,11822,3,7,5,7,1941,0,0,0,NA,0,020,E 36TH ST,CHERRY AV,0,NA,Y,A,-,N,NA,NA,NA,NA,NA,NA,NA,NA,NA,NA,4,0,1,3,A,-,00,12500,A,N,C,C,A,A,H,-,A,A,0,NA,NA,NA,NA,Y,NA,A,01,0,0,1,0,0,0,0,0,0,-,-,33.822139739990234,-118.16761779785156,LOS ANGELES,LONG BEACH,-118.16776275634766,33.82211685180664
9615411,2023,2023-09-22,1972,2023-07-03,1915,21239,NA,1,5,6,1972,0,0,0,NA,0,NA,VAN NESS AV,166TH ST,0,NA,Y,A,-,N,NA,NA,NA,NA,NA,NA,NA,NA,NA,Y,3,0,2,2,A,-,12,21453,A,N,D,C,A,A,H,-,A,A,0,NA,NA,NA,NA,Y,NA,A,NA,0,1,1,0,0,0,0,0,0,-,-,NA,NA,LOS ANGELES,TORRANCE,-118.31786346435548,33.880123138427734
9615412,2023,2023-10-13,1972,2023-07-03,1009,18059,NA,1,5,6,1972,0,0,0,NA,0,NA,YUKON,187TH ST,0,NA,Y,-,-,N,NA,NA,NA,NA,NA,NA,NA,NA,NA,N,4,0,1,2,A,-,10,21950,A,N,G,B,B,-,H,-,-,-,0,Y,NA,NA,NA,Y,NA,-,NA,0,0,1,0,1,0,0,0,0,-,-,NA,NA,LOS ANGELES,TORRANCE,-118.33518981933594,33.86096954345703
9615413,2023,2023-09-11,1942,2023-07-19,2025,42720,1259,3,5,7,1942,0,0,0,L,0,25T35W,79TH ST,TOWNE AV,0,NA,Y,A,-,N,NA,NA,NA,NA,NA,NA,NA,NA,NA,N,2,0,1,2,A,-,12,22450,A,N,D,G,A,A,H,-,C,D,0,NA,Y,NA,NA,Y,NA,-,99,1,0,0,0,0,0,1,0,0,-,-,NA,NA,LOS ANGELES,LOS ANGELES,-118.26734924316406,33.967376708984375
9615431,2023,2023-09-05,1942,2023-03-31,125,44235,0397,5,5,7,1942,0,0,0,C,0,001,BUDLONG AV,43RD ST,40,W,N,A,-,N,NA,NA,NA,NA,NA,NA,NA,NA,NA,Y,4,0,1,2,A,-,12,22450,NA,N,B,C,A,A,H,-,D,D,0,NA,NA,NA,NA,Y,Y,A,01,0,0,1,0,0,0,0,0,0,-,-,NA,NA,LOS ANGELES,LOS ANGELES,-118.2958984375,34.0054817199707
9615440,2023,2023-10-06,1900,2023-04-28,2120,646044,0333,5,5,4,1939,0,0,0,NA,0,35T1,HAWTHORNE BL,165TH ST,60,S,N,A,-,N,NA,NA,NA,NA,NA,NA,NA,NA,NA,N,3,0,1,2,A,-,08,22107,NA,N,D,C,A,A,H,-,C,D,0,NA,NA,Y,NA,Y,NA,C,02,0,1,0,0,0,0,0,0,1,-,-,33.88079833984375,-118.35269927978516,LOS ANGELES,LAWNDALE,-118.35271453857422,33.88080596923828
9615506,2023,2023-09-14,1900,2023-08-02,1607,499039,1513,3,5,5,1954,0,0,0,NA,0,151T2,WHITTIER BL,PARAMOUNT BL,395,W,N,A,C,N,NA,NA,NA,NA,NA,NA,NA,NA,NA,Y,4,0,1,2,A,-,09,21801,NA,N,D,C,A,A,H,-,A,D,0,NA,NA,NA,NA,Y,NA,D,22,0,0,1,0,0,0,0,0,0,-,-,34.003868103027344,-118.08997344970705,LOS ANGELES,PICO RIVERA,-118.08979034423828,34.003910064697266
9615517,2023,2023-09-11,1942,2023-01-01,1340,41516,0717,7,5,7,1942,0,0,0,G,0,27TL44,HIGHLAND AV,BEVERLY BL,0,NA,Y,B,-,N,NA,NA,NA,NA,NA,NA,NA,NA,NA,Y,4,0,2,2,A,-,12,21453,A,N,D,C,A,A,H,-,A,A,0,NA,NA,NA,NA,Y,NA,D,22,0,0,2,0,0,0,0,0,0,-,-,NA,NA,LOS ANGELES,LOS ANGELES,-118.33865356445313,34.07618713378906
9615521,2023,2023-09-14,1942,2023-08-07,1605,38940,1612,1,5,7,1942,0,0,0,P,0,26M42,PAXTON ST,RT 210,0,NA,Y,A,-,Y,LA,7,210,-,R,5.919,R,4,W,Y,4,0,1,2,A,-,08,22100,B,F,A,C,A,A,H,-,A,A,0,NA,NA,NA,NA,Y,Y,A,01,0,0,1,0,0,0,0,0,0,-,-,NA,NA,LOS ANGELES,LOS ANGELES,-118.40824127197266,34.28886413574219
9615528,2023,2023-09-11,1938,2023-07-31,1420,1269,AREA2,1,5,4,1938,0,0,0,NA,0,002,FOOTHILL BL,MORENO AV,40,W,N,A,-,Y,LA,7,66,-,-,0.54,H,-,E,N,4,0,1,2,A,-,03,22350,NA,N,C,C,A,A,H,-,A,A,0,NA,NA,NA,NA,Y,NA,-,NA,0,0,1,0,0,0,0,0,0,-,-,NA,NA,LOS ANGELES,LA VERNE,-117.7809829711914,34.11855697631836
9615530,2023,2023-08-31,1942,2023-08-14,1136,38264,1916,1,5,7,1942,0,0,0,NA,0,26TL76,LUCAS ST,HUBBARD ST,10,N,N,A,-,N,NA,NA,NA,NA,NA,NA,NA,NA,NA,N,4,0,1,3,A,-,09,21802,A,F,D,D,A,-,H,-,A,D,0,NA,NA,NA,NA,Y,NA,-,99,0,0,1,0,0,0,0,0,0,-,-,NA,NA,LOS ANGELES,LOS ANGELES,-118.43756866455078,34.30064392089844
9615537,2023,2023-09-11,1942,2023-07-22,2110,42863,0532,6,5,7,1942,0,0,0,E,0,25T37W,PACIFIC COAST HWY,MC DONALD AV,0,NA,Y,A,-,Y,LA,7,1,-,-,11.024,I,5,S,Y,2,0,1,2,A,-,03,22350,NA,N,D,C,A,A,H,-,C,D,0,NA,NA,Y,NA,Y,NA,C,02,1,0,0,0,0,0,0,0,1,-,-,NA,NA,LOS ANGELES,LOS ANGELES,-118.27182006835938,33.7906608581543
9615539,2023,2023-09-12,1942,2023-08-08,1310,42539,0326,2,5,7,1942,0,0,0,C,0,25MQ16,WESTERN AV,ADAMS BL,275,S,N,A,-,N,NA,NA,NA,NA,NA,NA,NA,NA,NA,Y,4,0,1,3,A,-,03,22350,NA,N,B,I,A,A,H,-,A,A,0,NA,NA,NA,Y,Y,NA,A,01,0,0,1,0,0,0,0,0,0,-,-,NA,NA,LOS ANGELES,LOS ANGELES,-118.30896759033205,34.031944274902344
9615549,2023,2023-09-07,1900,2023-07-04,1922,636454,0562,2,5,3,1968,0,0,0,NA,0,55T1PM,TYLER AV,WEAVER AV,0,NA,Y,A,-,N,NA,NA,NA,NA,NA,NA,NA,NA,NA,N,3,0,1,2,A,-,09,21801,A,N,G,C,A,A,H,-,A,D,0,NA,NA,NA,NA,Y,NA,D,22,0,1,0,0,0,0,0,0,0,-,-,34.05278015136719,-118.03598022460938,LOS ANGELES,SOUTH EL MONTE,-118.03591918945313,34.05270767211914
9615556,2023,2023-09-05,1900,2023-04-04,1200,655208,1331,2,5,5,1908,0,0,0,NA,0,133B,FOSTER RD,BELLFLOWER BL,40,W,N,A,-,N,NA,NA,NA,NA,NA,NA,NA,NA,NA,N,4,0,2,2,A,-,03,22350,NA,M,C,C,A,A,H,-,A,A,0,NA,NA,NA,NA,Y,NA,A,01,0,0,2,0,0,0,0,0,0,-,-,NA,NA,LOS ANGELES,BELLFLOWER,-118.12548828125,33.909751892089844
9615558,2023,2023-09-21,1900,2023-08-07,1300,649825,0562,1,5,3,1968,0,0,0,NA,0,55FAM,SANTA ANITA AV,FAWCETT AV,44,N,N,A,-,N,NA,NA,NA,NA,NA,NA,NA,NA,NA,Y,2,0,1,3,A,-,08,22100,A,F,A,B,F,A,H,-,A,A,0,Y,NA,NA,NA,Y,Y,A,01,1,0,0,0,1,0,0,0,0,-,-,34.040950775146484,-118.04987335205078,LOS ANGELES,SOUTH EL MONTE,-118.04994964599608,34.040977478027344