CASE_ID,ACCIDENT_YEAR,PROC_DATE,JURIS,COLLISION_DATE,COLLISION_TIME,OFFICER_ID,REPORTING_DISTRICT,DAY_OF_WEEK,CHP_SHIFT,POPULATION,CNTY_CITY_LOC,SPECIAL_COND,BEAT_TYPE,CHP_BEAT_TYPE,CITY_DIVISION_LAPD,CHP_BEAT_CLASS,BEAT_NUMBER,PRIMARY_RD,SECONDARY_RD,DISTANCE,DIRECTION,INTERSECTION,WEATHER_1,WEATHER_2,STATE_HWY_IND,CALTRANS_COUNTY,CALTRANS_DISTRICT,STATE_ROUTE,ROUTE_SUFFIX,POSTMILE_PREFIX,POSTMILE,LOCATION_TYPE,RAMP_INTERSECTION,SIDE_OF_HWY,TOW_AWAY,COLLISION_SEVERITY,NUMBER_KILLED,NUMBER_INJURED,PARTY_COUNT,PRIMARY_COLL_FACTOR,PCF_CODE_OF_VIOL,PCF_VIOL_CATEGORY,PCF_VIOLATION,PCF_VIOL_SUBSECTION,HIT_AND_RUN,TYPE_OF_COLLISION,MVIW,PED_ACTION,ROAD_SURFACE,ROAD_COND_1,ROAD_COND_2,LIGHTING,CONTROL_DEVICE,CHP_ROAD_TYPE,PEDESTRIAN_ACCIDENT,BICYCLE_ACCIDENT,MOTORCYCLE_ACCIDENT,TRUCK_ACCIDENT,NOT_PRIVATE_PROPERTY,ALCOHOL_INVOLVED,STWD_VEHTYPE_AT_FAULT,CHP_VEHTYPE_AT_FAULT,COUNT_SEVERE_INJ,COUNT_VISIBLE_INJ,COUNT_COMPLAINT_PAIN,COUNT_PED_KILLED,COUNT_PED_INJURED,COUNT_BICYCLIST_KILLED,COUNT_BICYCLIST_INJURED,COUNT_MC_KILLED,COUNT_MC_INJURED,PRIMARY_RAMP,SECONDARY_RAMP,LATITUDE,LONGITUDE,COUNTY,CITY,POINT_X,POINT_Y
9615562,2023,2023-09-21,1900,2023-08-08,1142,502180,0536,2,5,5,1959,0,0,0,NA,0,53T1AM,RT 19,MARSHALL ST,235,S,N,A,-,Y,LA,7,164,-,-,5.81,H,-,N,N,3,0,2,2,A,-,04,21703,NA,N,C,C,A,A,H,-,A,A,0,NA,NA,NA,NA,Y,NA,D,22,0,2,0,0,0,0,0,0,0,-,-,34.07490921020508,-118.07266235351564,LOS ANGELES,ROSEMEAD,-118.07299041748048,34.074893951416016
9615567,2023,2023-09-07,1900,2023-07-28,1142,655591,1322,5,5,5,1935,0,0,0,NA,0,132B,SOUTH ST,HAYTER AV,0,NA,Y,A,-,N,NA,NA,NA,NA,NA,NA,NA,NA,NA,N,4,0,2,2,A,-,12,22450,A,N,A,C,A,A,H,-,A,A,0,NA,NA,NA,NA,Y,NA,A,07,0,0,2,0,0,0,0,0,0,-,-,NA,NA,LOS ANGELES,LAKEWOOD,-118.14617156982422,33.8602409362793
9615592,2023,2023-10-04,1900,2023-08-09,1900,646909,1363,3,5,5,1952,0,0,0,NA,0,136D,SOMERSET BL,SAN JOSE AV,0,NA,Y,A,-,N,NA,NA,NA,NA,NA,NA,NA,NA,NA,Y,3,0,2,2,A,-,12,21453,A,N,D,C,A,A,H,-,B,A,0,NA,NA,NA,NA,Y,NA,A,01,0,2,0,0,0,0,0,0,0,-,-,NA,NA,LOS ANGELES,PARAMOUNT,-118.18183135986328,33.89621353149414
9615594,2023,2023-09-08,1900,2023-07-26,820,624812,0463,3,5,4,1936,0,0,0,NA,0,481D,LA MIRADA BL,TACUBA DR,19,N,N,A,-,N,NA,NA,NA,NA,NA,NA,NA,NA,NA,N,2,0,1,2,A,-,10,21950,A,N,G,B,B,A,H,-,A,A,0,Y,NA,NA,NA,Y,NA,D,22,1,0,0,0,1,0,0,0,0,-,-,NA,NA,LOS ANGELES,LA MIRADA,-118.01210021972656,33.91438293457031
9615596,2023,2023-10-04,1900,2023-08-17,2030,640991,1334,4,5,5,1908,0,0,0,NA,0,133T2,CLARK ALY,OAK ST,0,NA,Y,A,-,N,NA,NA,NA,NA,NA,NA,NA,NA,NA,N,3,0,2,2,-,-,-,NA,NA,N,B,C,A,A,H,-,C,A,0,NA,NA,NA,NA,Y,NA,-,-,0,1,1,0,0,0,0,0,0,-,-,NA,NA,LOS ANGELES,BELLFLOWER,-118.13395690917967,33.884605407714844
9615641,2023,2023-08-29,1910,2023-08-12,1717,03438,NA,6,5,4,1910,0,0,0,NA,0,005,S BEDFORD DR,CHARLEVILLE BL,25,N,N,A,-,N,NA,NA,NA,NA,NA,NA,NA,NA,NA,N,4,0,2,2,A,-,03,22350,NA,F,C,C,A,A,H,-,A,A,0,NA,NA,NA,NA,Y,NA,A,01,0,0,2,0,0,0,0,0,0,-,-,NA,NA,LOS ANGELES,BEVERLY HILLS,-118.40457153320313,34.06509017944336
9615643,2023,2023-08-29,1910,2023-08-08,926,04616,NA,2,5,4,1910,0,0,0,NA,0,005,RODEO DR,BRIGHTON WY,151,N,N,A,-,N,NA,NA,NA,NA,NA,NA,NA,NA,NA,N,4,0,1,2,A,-,11,21954,A,N,G,B,E,A,H,-,A,D,0,Y,NA,NA,NA,Y,NA,N,60,0,0,1,0,1,0,0,0,0,-,-,34.06953811645508,-118.40341949462892,LOS ANGELES,BEVERLY HILLS,-118.40330505371094,34.069549560546875
9615644,2023,2023-08-29,1910,2023-08-15,946,04407,NA,2,5,4,1910,0,0,0,NA,0,009,W OLYMPIC BL,S LA PEER DR,0,NA,Y,A,-,N,NA,NA,NA,NA,NA,NA,NA,NA,NA,Y,4,0,1,2,A,-,09,21801,A,N,D,C,A,A,H,-,A,A,0,NA,NA,NA,NA,Y,NA,A,01,0,0,1,0,0,0,0,0,0,-,-,NA,NA,LOS ANGELES,BEVERLY HILLS,-118.38670349121094,34.0593376159668
9615645,2023,2023-08-29,1910,2023-08-02,1404,04407,NA,3,5,4,1910,0,0,0,NA,0,009,N REXFORD DR,WILSHIRE BL,0,NA,Y,A,-,N,NA,NA,NA,NA,NA,NA,NA,NA,NA,N,3,0,2,3,A,-,11,21456,A,N,G,B,B,A,H,-,A,A,0,Y,NA,NA,NA,Y,NA,N,60,0,2,0,0,2,0,0,0,0,-,-,34.067138671875,-118.39411163330078,LOS ANGELES,BEVERLY HILLS,-118.39401245117188,34.06706237792969
9615646,2023,2023-08-29,1910,2023-08-12,2106,05533,NA,6,5,4,1910,0,0,0,NA,0,004,N BEVERLY DR,N REXFORD DR,0,NA,Y,A,-,N,NA,NA,NA,NA,NA,NA,NA,NA,NA,Y,3,0,1,2,A,-,09,21801,A,N,D,C,A,A,H,-,C,A,0,NA,NA,NA,NA,Y,NA,A,01,0,1,0,0,0,0,0,0,0,-,-,34.08734130859375,-118.41278076171876,LOS ANGELES,BEVERLY HILLS,-118.41267395019533,34.08717727661133
9615662,2023,2023-10-04,1900,2023-08-02,930,411845,2262,3,5,2,1993,0,0,0,NA,0,222T1,VIA ROCAS,DOLE DR,146,N,N,A,-,N,NA,NA,NA,NA,NA,NA,NA,NA,NA,Y,3,0,2,2,A,-,09,21804,A,N,-,C,A,A,H,-,A,D,0,NA,NA,NA,NA,Y,NA,A,07,0,2,0,0,0,0,0,0,0,-,-,34.15256881713867,-118.80625915527344,LOS ANGELES,WESTLAKE VILLAGE,-118.8061981201172,34.1524772644043
9615665,2023,2023-08-30,1931,2023-08-19,2131,5731,1931,6,5,5,1931,0,0,0,NA,0,004,BISSELL ST,ZOE AV,0,NA,Y,A,-,N,NA,NA,NA,NA,NA,NA,NA,NA,NA,N,4,0,1,2,A,-,09,21800,A,N,D,C,A,A,H,-,C,D,0,NA,NA,NA,NA,Y,NA,A,01,0,0,1,0,0,0,0,0,0,-,-,NA,NA,LOS ANGELES,HUNTINGTON PARK,-118.20626831054688,33.9786262512207
9615666,2023,2023-08-30,1931,2023-08-19,944,5349,1931,6,5,5,1931,0,0,0,NA,0,004,FLORENCE AV,STATE ST,0,NA,Y,A,-,N,NA,NA,NA,NA,NA,NA,NA,NA,NA,Y,4,0,2,2,A,-,09,21804,A,N,B,C,A,A,H,-,A,B,0,NA,NA,NA,NA,Y,NA,A,07,0,0,2,0,0,0,0,0,0,-,-,NA,NA,LOS ANGELES,HUNTINGTON PARK,-118.20952606201172,33.97256088256836
9615681,2023,2023-10-20,1942,2023-08-25,740,37540,1321,5,5,7,1942,0,0,0,M,0,24TL27,ADAMS BL,MAPLE AV,300,W,N,A,-,N,NA,NA,NA,NA,NA,NA,NA,NA,NA,N,3,0,1,2,A,-,03,22350,NA,F,B,C,A,A,H,-,A,D,0,NA,NA,Y,NA,Y,NA,-,-,0,1,0,0,0,0,0,0,1,-,-,NA,NA,LOS ANGELES,LOS ANGELES,-118.26631927490234,34.023807525634766
9615682,2023,2023-09-29,1942,2023-08-25,1700,40008,1323,5,5,7,1942,0,0,0,M,0,24TL56,E ADAMS BL,S CENTRAL AV,150,W,N,A,-,N,NA,NA,NA,NA,NA,NA,NA,NA,NA,N,3,0,1,2,A,-,08,22107,NA,F,B,G,A,A,H,-,A,D,0,NA,Y,NA,NA,Y,NA,-,99,0,1,0,0,0,0,1,0,0,-,-,NA,NA,LOS ANGELES,LOS ANGELES,-118.25537872314452,34.01896286010742
9615683,2023,2023-09-29,1942,2023-08-22,915,45422,1371,2,5,7,1942,0,0,0,M,0,13A85,BROADWAY,54TH ST,0,NA,Y,A,-,N,NA,NA,NA,NA,NA,NA,NA,NA,NA,Y,3,0,2,3,A,-,08,22107,NA,F,C,C,A,A,H,-,A,A,0,NA,NA,NA,NA,Y,Y,-,99,0,2,0,0,0,0,0,0,0,-,-,NA,NA,LOS ANGELES,LOS ANGELES,-118.2783203125,33.99330520629883
9615684,2023,2023-09-29,1942,2023-08-24,1310,36527,1362,4,5,7,1942,0,0,0,M,0,24TL27,51ST ST,TOWNE AV,48,E,N,A,-,N,NA,NA,NA,NA,NA,NA,NA,NA,NA,N,2,0,1,3,A,-,05,21650,1,N,A,G,A,A,H,-,A,D,0,NA,Y,NA,NA,Y,NA,L,04,1,0,0,0,0,0,1,0,0,-,-,NA,NA,LOS ANGELES,LOS ANGELES,-118.26727294921876,33.996551513671875
9615685,2023,2023-09-29,1942,2023-08-16,1850,38863,1162,3,5,7,1942,0,0,0,K,0,11A51,MADISON AV,LEXINGTON AV,230,S,N,A,-,N,NA,NA,NA,NA,NA,NA,NA,NA,NA,N,3,0,2,2,A,-,03,22350,NA,F,C,C,A,A,H,-,B,B,0,NA,NA,NA,NA,Y,NA,-,99,0,2,0,0,0,0,0,0,0,-,-,NA,NA,LOS ANGELES,LOS ANGELES,-118.2892837524414,34.092830657958984
9615686,2023,2023-09-29,1942,2023-08-16,2100,44278,1127,3,5,7,1942,0,0,0,K,0,11A25W,YORK BL,FIGUEROA ST,100,E,N,A,-,N,NA,NA,NA,NA,NA,NA,NA,NA,NA,N,3,0,1,2,A,-,08,22107,NA,M,A,G,A,A,H,-,C,-,0,NA,Y,NA,NA,Y,NA,-,99,0,1,0,0,0,0,1,0,0,-,-,NA,NA,LOS ANGELES,LOS ANGELES,-118.18405151367188,34.11536407470703
9615693,2023,2023-09-29,1942,2023-08-27,1045,40008,1393,7,5,7,1942,0,0,0,M,0,24TL56,S MAIN ST,E 68TH ST,100,N,N,A,-,N,NA,NA,NA,NA,NA,NA,NA,NA,NA,N,2,0,2,2,A,-,05,21651,A,N,D,G,A,A,H,-,A,D,0,NA,Y,NA,NA,Y,NA,L,04,1,1,0,0,0,0,1,0,0,-,-,NA,NA,LOS ANGELES,LOS ANGELES,-118.27394104003906,33.978145599365234
9615694,2023,2023-09-29,1942,2023-08-06,2330,45269,1413,7,5,7,1942,0,0,0,N,0,14A13,5TH AV,N VERNON AV,140,N,N,A,-,N,NA,NA,NA,NA,NA,NA,NA,NA,NA,Y,2,0,1,2,A,-,03,22350,NA,N,C,E,A,A,H,-,B,D,0,NA,NA,NA,NA,Y,NA,A,01,1,0,0,0,0,0,0,0,0,-,-,NA,NA,LOS ANGELES,LOS ANGELES,-118.47226715087892,33.99608612060547
9615696,2023,2023-10-23,1942,2023-08-12,1715,38459,1441,6,5,7,1942,0,0,0,N,0,14A67,WASHINGTON BL,MILDRED AV,78,W,N,A,-,N,NA,NA,NA,NA,NA,NA,NA,NA,NA,Y,3,0,1,4,A,-,01,23152,A,N,C,C,A,A,H,-,A,A,0,NA,NA,NA,NA,Y,Y,A,01,0,1,0,0,0,0,0,0,0,-,-,NA,NA,LOS ANGELES,LOS ANGELES,-118.45540618896484,33.986209869384766
9615697,2023,2023-09-29,1942,2023-08-17,1645,44035,1445,4,5,7,1942,0,0,0,N,0,27T46,BEVERLYWOOD ST,BEVERWIL DR,0,NA,Y,A,-,N,NA,NA,NA,NA,NA,NA,NA,NA,NA,Y,3,0,1,1,A,-,09,21801,A,N,E,I,A,A,H,-,A,A,0,NA,NA,NA,NA,Y,NA,A,01,0,1,0,0,0,0,0,0,0,-,-,NA,NA,LOS ANGELES,LOS ANGELES,-118.39910125732422,34.039817810058594
9615698,2023,2023-09-29,1942,2023-08-08,2355,41623,2033,2,5,7,1942,0,0,0,NA,0,20A1,WESTERN AV,WILSHIRE BL,47,S,N,A,-,N,NA,NA,NA,NA,NA,NA,NA,NA,NA,N,2,0,2,2,A,-,11,21955,NA,N,G,B,D,A,H,-,C,D,0,Y,NA,NA,NA,Y,NA,N,60,1,1,0,0,1,0,0,0,0,-,-,NA,NA,LOS ANGELES,LOS ANGELES,-118.30908203125,34.06155014038086
9615701,2023,2023-09-29,1942,2023-08-09,1715,42720,1803,3,5,7,1942,0,0,0,R,0,25T35W,87TH PL,CROCKER ST,30,E,N,A,-,N,NA,NA,NA,NA,NA,NA,NA,NA,NA,N,2,0,1,2,A,-,05,21650,NA,F,A,G,A,A,H,-,A,D,0,NA,Y,NA,NA,Y,NA,-,99,1,0,0,0,0,0,1,0,0,-,-,NA,NA,LOS ANGELES,LOS ANGELES,-118.26795196533205,33.95806121826172
9615702,2023,2023-09-29,1942,2023-08-05,2215,38090,0783,6,5,7,1942,0,0,0,G,0,27T33,21ST ST,6TH AV,0,NA,Y,A,-,N,NA,NA,NA,NA,NA,NA,NA,NA,NA,N,2,0,1,2,A,-,10,21950,A,F,G,B,B,A,H,-,C,A,0,Y,NA,NA,NA,Y,NA,-,99,1,0,0,0,1,0,0,0,0,-,-,NA,NA,LOS ANGELES,LOS ANGELES,-118.32366180419922,34.03799057006836
9615707,2023,2023-09-19,1941,2023-06-30,1427,11863,EAST,5,5,7,1941,0,0,0,NA,0,011,MOLINO AV,E ANAHEIM ST,0,NA,Y,A,-,N,NA,NA,NA,NA,NA,NA,NA,NA,NA,Y,3,0,1,2,A,-,09,21804,A,N,D,C,A,A,H,-,A,A,0,NA,NA,NA,NA,Y,NA,A,01,0,1,0,0,0,0,0,0,0,-,-,33.78260040283203,-118.1611328125,LOS ANGELES,LONG BEACH,-118.16110229492188,33.782615661621094
9615710,2023,2023-09-18,1972,2023-06-21,810,22341,NA,3,5,6,1972,0,0,0,NA,0,NA,213TH ST,CABRILLO,300,E,N,A,-,N,NA,NA,NA,NA,NA,NA,NA,NA,NA,Y,4,0,1,2,A,-,09,21801,NA,N,A,C,A,A,H,-,A,D,0,NA,NA,NA,NA,Y,NA,A,NA,0,0,1,0,0,0,0,0,0,-,-,NA,NA,LOS ANGELES,TORRANCE,-118.31348419189452,33.835445404052734
9615711,2023,2023-09-18,1941,2023-06-29,1837,11521,SOUTH,4,5,7,1941,0,0,0,NA,0,006,ATLANTIC AV,EAST OCEAN BL,0,NA,Y,A,-,N,NA,NA,NA,NA,NA,NA,NA,NA,NA,Y,4,0,2,2,A,-,12,21453,A,N,D,C,A,A,H,-,A,A,0,NA,NA,NA,NA,Y,NA,A,01,0,0,2,0,0,0,0,0,0,-,-,33.766380310058594,-118.18502807617188,LOS ANGELES,LONG BEACH,-118.18507385253906,33.766300201416016
9615712,2023,2023-09-19,1941,2023-06-28,1403,11831,EAST,3,5,7,1941,0,0,0,NA,0,010,RAVENNA DR,EAST 2ND ST,0,NA,Y,A,-,N,NA,NA,NA,NA,NA,NA,NA,NA,NA,NA,2,0,1,2,A,-,03,22350,NA,N,A,C,A,A,H,-,A,A,0,NA,NA,Y,NA,Y,NA,C,02,1,0,0,0,0,0,0,0,1,-,-,33.75688171386719,-118.1230010986328,LOS ANGELES,LONG BEACH,-118.12303924560548,33.75693130493164
9615715,2023,2023-09-20,1942,2023-07-27,610,42157,0734,4,5,7,1942,0,0,0,G,0,27TL23,BURNSIDE AV,6TH ST,300,S,N,A,-,N,NA,NA,NA,NA,NA,NA,NA,NA,NA,Y,3,0,1,3,A,-,01,23152,A,N,B,E,A,A,H,-,A,A,0,NA,NA,NA,NA,Y,Y,A,01,0,1,0,0,0,0,0,0,0,-,-,NA,NA,LOS ANGELES,LOS ANGELES,-118.34937286376952,34.0640754699707
9615732,2023,2023-09-26,1941,2023-01-24,2051,11271,SOUTH,2,5,7,1941,0,0,0,NA,0,008,ALAMITOS AV,EAST 4TH ST,0,NA,Y,A,-,N,NA,NA,NA,NA,NA,NA,NA,NA,NA,NA,3,0,1,2,A,-,08,22107,NA,F,D,C,A,A,H,-,C,A,0,NA,NA,NA,NA,Y,NA,A,01,0,1,0,0,0,0,0,0,0,-,-,33.77172088623047,-118.18129730224608,LOS ANGELES,LONG BEACH,-118.18128204345705,33.771751403808594
9615733,2023,2023-09-26,1900,2023-03-25,2045,663360,2812,6,5,5,1915,0,0,0,NA,0,283T2,WILMINGTON AV,STOCKWELL ST,46,N,N,A,-,N,NA,NA,NA,NA,NA,NA,NA,NA,NA,N,4,0,1,2,A,-,03,22350,NA,N,C,C,A,A,H,-,C,D,0,NA,NA,NA,NA,Y,NA,A,01,0,0,1,0,0,0,0,0,0,-,-,33.909210205078125,-118.23916625976564,LOS ANGELES,COMPTON,-118.23915863037108,33.90916442871094
9615734,2023,2023-09-26,1941,2023-03-14,1732,11835,EAST,2,5,7,1941,0,0,0,NA,0,012,WILTON ST,REDONDO AV,17,S,N,C,-,N,NA,NA,NA,NA,NA,NA,NA,NA,NA,Y,4,0,1,2,A,-,09,21801,A,F,D,C,A,B,G,-,A,A,0,NA,NA,NA,NA,Y,NA,-,99,0,0,1,0,0,0,0,0,0,-,-,33.78757858276367,-118.15241241455078,LOS ANGELES,LONG BEACH,-118.15242004394533,33.78759002685547
9615735,2023,2023-09-25,1900,2023-05-26,719,655224,2826,5,5,5,1915,0,0,0,NA,0,282T1,ATLANTIC AV,SAN VICENTE ST,0,NA,Y,B,-,N,NA,NA,NA,NA,NA,NA,NA,NA,NA,N,3,0,4,2,A,-,09,21801,A,N,D,C,A,A,H,-,A,A,0,NA,NA,NA,NA,Y,NA,A,07,0,2,2,0,0,0,0,0,0,-,-,33.899478912353516,-118.19374847412108,LOS ANGELES,COMPTON,-118.19367218017578,33.89946365356445
9615736,2023,2023-10-02,1900,2023-05-10,2042,653054,2834,3,5,5,1915,0,0,0,NA,0,283T2,WILMINGTON AV,ARTESIA BL,0,NA,Y,A,-,N,NA,NA,NA,NA,NA,NA,NA,NA,NA,Y,4,0,3,2,A,-,12,21453,A,N,A,C,A,A,H,-,C,A,0,NA,NA,NA,NA,Y,NA,-,-,0,0,3,0,0,0,0,0,0,-,-,33.87297821044922,-118.2360382080078,LOS ANGELES,COMPTON,-118.23612213134766,33.8743782043457
9615737,2023,2023-10-11,1900,2023-06-21,1735,658622,2842,3,5,5,1915,0,0,0,NA,0,283T2,ALAMEDA ST,MANVILLE ST,0,NA,Y,A,-,N,NA,NA,NA,NA,NA,NA,NA,NA,NA,Y,2,0,1,2,A,-,12,21453,NA,N,D,C,A,A,H,-,A,A,0,NA,NA,NA,NA,Y,NA,A,01,1,0,0,0,0,0,0,0,0,-,-,33.87049865722656,-118.21640014648438,LOS ANGELES,COMPTON,-118.21636199951172,33.87057113647461
9615738,2023,2023-09-25,1941,2023-05-14,1320,11524,EAST,7,5,7,1941,0,0,0,NA,0,014,LAKEWOOD BL,STEARNS ST,0,NA,N,A,-,N,NA,NA,NA,NA,NA,NA,NA,NA,NA,N,4,0,2,2,D,-,00,NA,NA,N,C,C,A,A,H,-,A,D,0,NA,NA,NA,NA,Y,NA,-,-,0,0,2,0,0,0,0,0,0,-,-,33.79607009887695,-118.1427001953125,LOS ANGELES,LONG BEACH,-118.1427764892578,33.79608154296875
9615739,2023,2023-09-25,1941,2023-06-21,1410,10943,EAST,3,5,7,1941,0,0,0,NA,0,014,OUTER TRAFFIC CIR,LAKEWOOD BL,0,NA,Y,A,-,N,NA,NA,NA,NA,NA,NA,NA,NA,NA,N,3,0,1,2,A,-,09,21804,A,N,D,C,A,A,H,-,A,A,0,NA,NA,NA,NA,Y,NA,A,01,0,1,0,0,0,0,0,0,0,-,-,33.79153823852539,-118.14270782470705,LOS ANGELES,LONG BEACH,-118.14273071289064,33.791526794433594
9615741,2023,2023-09-25,1900,2023-06-26,1810,658622,2811,1,5,5,1915,0,0,0,NA,0,283T1,ROSECRANS AV,PARMELEE AV,221,W,N,A,-,N,NA,NA,NA,NA,NA,NA,NA,NA,NA,Y,4,0,1,3,A,-,03,22350,NA,N,C,C,A,A,H,-,A,D,0,NA,NA,NA,NA,Y,NA,-,-,0,0,1,0,0,0,0,0,0,-,-,33.902950286865234,-118.25196838378906,LOS ANGELES,COMPTON,-118.25192260742188,33.90283203125
9615742,2023,2023-09-25,1941,2023-06-06,1147,11534,SOUTH,2,5,7,1941,0,0,0,NA,0,007,ATLANTIC AV,EAST 10TH ST,0,NA,Y,A,-,N,NA,NA,NA,NA,NA,NA,NA,NA,NA,N,4,0,2,3,A,-,03,22350,NA,N,C,C,A,A,H,-,A,A,0,NA,NA,NA,NA,Y,NA,A,07,0,0,2,0,0,0,0,0,0,-,-,33.778968811035156,-118.18502807617188,LOS ANGELES,LONG BEACH,-118.18505096435548,33.77898025512695
9615743,2023,2023-09-25,1900,2023-07-19,1708,657865,2830,3,5,5,1915,0,0,0,NA,0,283T1,ALONDRA BL,MCKINLEY AV,0,NA,Y,A,-,N,NA,NA,NA,NA,NA,NA,NA,NA,NA,N,2,0,2,2,A,-,09,21802,A,N,D,C,A,A,H,-,A,D,0,NA,NA,NA,NA,Y,NA,A,01,1,1,0,0,0,0,0,0,0,-,-,33.88888168334961,-118.19286346435548,LOS ANGELES,COMPTON,-118.2594757080078,33.88622283935547
9615744,2023,2023-10-11,1900,2023-06-09,1943,657865,2840,5,5,5,1915,0,0,0,NA,0,283T1,LAUREL ST,WILLOW AV,170,W,N,A,-,N,NA,NA,NA,NA,NA,NA,NA,NA,NA,N,3,0,1,2,A,-,17,21663,NA,N,G,B,F,A,H,-,A,D,0,Y,NA,Y,NA,Y,NA,C,02,0,1,0,0,1,0,0,0,0,-,-,33.894081115722656,-118.21794891357422,LOS ANGELES,COMPTON,-118.21797943115234,33.89413070678711
9615745,2023,2024-01-17,1900,2023-08-04,1315,657865,2840,5,5,5,1915,0,0,0,NA,0,283T1,COMPTON BL,WILLOWBROOK AV EAST,0,NA,Y,A,-,N,NA,NA,NA,NA,NA,NA,NA,NA,NA,N,3,0,2,2,A,-,09,21802,B,N,D,C,A,A,H,-,A,A,0,NA,NA,NA,NA,Y,NA,A,01,0,1,1,0,0,0,0,0,0,-,-,33.89588165283203,-118.22405242919922,LOS ANGELES,COMPTON,-118.22438049316406,33.89598846435547
9615746,2023,2023-09-25,1900,2023-07-07,1700,663360,2812,5,5,5,1915,0,0,0,NA,0,283T2,EL SEGUNDO BL,SLATER AV,0,NA,Y,A,-,N,NA,NA,NA,NA,NA,NA,NA,NA,NA,N,3,0,1,2,A,-,05,21650,1,N,D,G,A,A,H,-,A,A,0,NA,Y,NA,NA,Y,NA,L,04,0,1,0,0,0,0,1,0,0,-,-,33.9163818359375,-118.2490463256836,LOS ANGELES,COMPTON,-118.2489776611328,33.91626739501953
9615747,2023,2023-09-26,1931,2023-09-16,810,5735,1931,6,5,5,1931,0,0,0,NA,0,003,SEVILLE AV,SATURN AV,0,NA,Y,A,-,N,NA,NA,NA,NA,NA,NA,NA,NA,NA,N,4,0,1,2,A,-,12,21453,A,N,D,C,A,A,H,-,A,A,0,NA,NA,NA,NA,Y,NA,A,01,0,0,1,0,0,0,0,0,0,-,-,NA,NA,LOS ANGELES,HUNTINGTON PARK,-118.22252655029295,33.97690963745117
9615748,2023,2023-09-25,1900,2023-08-28,1605,655224,2842,1,5,5,1915,0,0,0,NA,0,283T2,SANTA FE AV,AUTO DR SOUTH,238,S,N,A,-,N,NA,NA,NA,NA,NA,NA,NA,NA,NA,Y,2,0,1,2,A,-,09,21801,A,N,D,C,A,A,H,-,A,D,0,NA,NA,Y,NA,Y,NA,A,01,1,0,0,0,0,0,0,0,0,-,-,33.8767204284668,-118.21502685546876,LOS ANGELES,COMPTON,-118.21498107910156,33.87687301635742
9615749,2023,2023-09-26,1941,2023-01-26,1317,10068,EAST,4,5,7,1941,0,0,0,NA,0,016,LAKEWOOD BL,DONALD DOUGLAS DR,30,N,N,A,-,N,NA,NA,NA,NA,NA,NA,NA,NA,NA,Y,3,0,1,2,A,-,03,22350,NA,N,C,C,A,A,C,-,A,A,0,NA,NA,NA,NA,Y,NA,A,01,0,1,0,0,0,0,0,0,0,-,-,33.81882095336914,-118.13916778564452,LOS ANGELES,LONG BEACH,-118.13930511474608,33.81894302368164
9615757,2023,2023-10-10,1900,2023-05-06,1200,643794,1325,6,5,5,1935,0,0,0,NA,0,132T1,DEL AMO BL,STUDEBAKER RD,300,W,N,A,-,N,NA,NA,NA,NA,NA,NA,NA,NA,NA,N,4,0,3,3,A,-,04,21703,NA,N,C,C,A,A,H,-,A,D,0,NA,NA,NA,NA,Y,NA,A,07,0,0,3,0,0,0,0,0,0,-,-,NA,NA,LOS ANGELES,LAKEWOOD,-118.09913635253906,33.8459587097168
9615761,2023,2023-09-28,1944,2023-08-04,1706,373,M12,5,5,4,1944,0,0,0,NA,0,0M3,12TH ST,HIGHLAND AV,142,E,N,A,-,N,NA,NA,NA,NA,NA,NA,NA,NA,NA,N,3,0,1,2,A,-,08,22107,NA,N,G,B,F,A,H,-,A,A,0,Y,NA,NA,NA,Y,NA,A,01,0,1,0,0,1,0,0,0,0,-,-,33.8857307434082,-118.4101104736328,LOS ANGELES,MANHATTAN BEACH,-118.40966033935548,33.885921478271484
9615763,2023,2023-09-28,1900,2023-08-22,2209,641316,0462,2,5,4,1936,0,0,0,NA,0,46T1E,MANSA DR,BIOLA AV,6,E,N,A,-,N,NA,NA,NA,NA,NA,NA,NA,NA,NA,N,3,0,1,2,A,-,11,21950,B,N,G,B,E,A,H,-,C,A,0,Y,NA,NA,NA,Y,NA,N,60,0,1,0,0,1,0,0,0,0,-,-,NA,NA,LOS ANGELES,LA MIRADA,-118.01934814453124,33.9081916809082
9615764,2023,2023-09-28,1900,2023-08-11,1545,605584,0815,5,5,4,1960,0,0,0,NA,0,81T2,SAN DIMAS AV,ARROW HWY,126,N,N,A,-,N,NA,NA,NA,NA,NA,NA,NA,NA,NA,Y,3,0,1,3,A,-,04,21703,NA,N,C,C,A,A,H,-,A,D,0,NA,NA,NA,NA,Y,NA,A,01,0,1,0,0,0,0,0,0,0,-,-,34.10298156738281,-117.80718994140624,LOS ANGELES,SAN DIMAS,-117.80712890625,34.10331726074219
9615807,2023,2023-09-20,1900,2023-07-26,1541,652895,0456,3,5,6,1949,0,0,0,NA,0,45T1P,EXCELSIOR DR,PIONEER BL,0,NA,Y,A,-,N,NA,NA,NA,NA,NA,NA,NA,NA,NA,N,3,0,1,2,A,-,10,21950,A,N,G,B,B,A,H,-,A,A,0,Y,NA,NA,NA,Y,NA,A,01,0,1,0,0,1,0,0,0,0,-,-,NA,NA,LOS ANGELES,NORWALK,-118.08261871337892,33.8949089050293