CASE_ID,ACCIDENT_YEAR,PROC_DATE,JURIS,COLLISION_DATE,COLLISION_TIME,OFFICER_ID,REPORTING_DISTRICT,DAY_OF_WEEK,CHP_SHIFT,POPULATION,CNTY_CITY_LOC,SPECIAL_COND,BEAT_TYPE,CHP_BEAT_TYPE,CITY_DIVISION_LAPD,CHP_BEAT_CLASS,BEAT_NUMBER,PRIMARY_RD,SECONDARY_RD,DISTANCE,DIRECTION,INTERSECTION,WEATHER_1,WEATHER_2,STATE_HWY_IND,CALTRANS_COUNTY,CALTRANS_DISTRICT,STATE_ROUTE,ROUTE_SUFFIX,POSTMILE_PREFIX,POSTMILE,LOCATION_TYPE,RAMP_INTERSECTION,SIDE_OF_HWY,TOW_AWAY,COLLISION_SEVERITY,NUMBER_KILLED,NUMBER_INJURED,PARTY_COUNT,PRIMARY_COLL_FACTOR,PCF_CODE_OF_VIOL,PCF_VIOL_CATEGORY,PCF_VIOLATION,PCF_VIOL_SUBSECTION,HIT_AND_RUN,TYPE_OF_COLLISION,MVIW,PED_ACTION,ROAD_SURFACE,ROAD_COND_1,ROAD_COND_2,LIGHTING,CONTROL_DEVICE,CHP_ROAD_TYPE,PEDESTRIAN_ACCIDENT,BICYCLE_ACCIDENT,MOTORCYCLE_ACCIDENT,TRUCK_ACCIDENT,NOT_PRIVATE_PROPERTY,ALCOHOL_INVOLVED,STWD_VEHTYPE_AT_FAULT,CHP_VEHTYPE_AT_FAULT,COUNT_SEVERE_INJ,COUNT_VISIBLE_INJ,COUNT_COMPLAINT_PAIN,COUNT_PED_KILLED,COUNT_PED_INJURED,COUNT_BICYCLIST_KILLED,COUNT_BICYCLIST_INJURED,COUNT_MC_KILLED,COUNT_MC_INJURED,PRIMARY_RAMP,SECONDARY_RAMP,LATITUDE,LONGITUDE,COUNTY,CITY,POINT_X,POINT_Y
9616106,2023,2023-10-02,1900,2023-08-28,904,641674,2117,1,5,5,1943,0,0,0,NA,0,212A,CARLIN AV,BULLIS RD,500,W,N,A,-,N,NA,NA,NA,NA,NA,NA,NA,NA,NA,N,4,0,1,2,A,-,11,21950,B,N,G,B,D,A,H,-,A,D,0,Y,NA,NA,NA,Y,NA,N,60,0,0,1,0,1,0,0,0,0,-,-,NA,NA,LOS ANGELES,LYNWOOD,-118.20694732666016,33.91437530517578
9616111,2023,2023-10-02,1900,2023-08-01,2238,654262,1352,2,5,3,1927,0,0,0,NA,0,132T1,PIONEER BL,216TH ST,37,S,N,A,-,N,NA,NA,NA,NA,NA,NA,NA,NA,NA,N,2,0,1,2,A,-,04,21703,NA,N,C,G,A,A,H,-,C,D,0,NA,Y,NA,NA,Y,NA,A,01,1,0,0,0,0,0,1,0,0,-,-,NA,NA,LOS ANGELES,HAWAIIAN GARDENS,-118.08191680908205,33.83273696899414
9616113,2023,2023-09-29,1941,2023-08-16,1209,11146,4,3,5,7,1941,0,0,0,NA,0,003,W WILLOW ST,MAGNOLIA AV,0,NA,Y,A,-,N,NA,NA,NA,NA,NA,NA,NA,NA,NA,Y,3,0,2,3,D,-,00,NA,NA,N,H,C,A,A,H,-,A,A,0,NA,NA,NA,NA,Y,NA,-,-,0,1,1,0,0,0,0,0,0,-,-,33.804378509521484,-118.19806671142578,LOS ANGELES,LONG BEACH,-118.19811248779295,33.80434036254883
9616114,2023,2023-10-02,1900,2023-08-07,1040,624036,1337,1,5,5,1908,0,0,0,NA,0,133T1,WOODRUFF AV,FLORA VISTA ST,0,NA,Y,A,-,N,NA,NA,NA,NA,NA,NA,NA,NA,NA,N,3,0,1,2,A,-,09,21801,A,N,B,C,A,A,H,-,A,A,0,NA,NA,NA,NA,Y,NA,A,01,0,1,0,0,0,0,0,0,0,-,-,NA,NA,LOS ANGELES,BELLFLOWER,-118.1173095703125,33.88188552856445
9616118,2023,2023-10-18,1931,2023-09-13,1304,5315,1931,3,5,5,1931,0,0,0,NA,0,002,SLAUSON AV,BICKETT ST,312,E,N,A,-,N,NA,NA,NA,NA,NA,NA,NA,NA,NA,N,4,0,1,2,A,-,04,21703,NA,N,C,C,A,A,H,-,A,D,0,NA,NA,NA,NA,Y,NA,A,08,0,0,1,0,0,0,0,0,0,-,-,NA,NA,LOS ANGELES,HUNTINGTON PARK,-118.21508026123048,33.98918914794922
9616123,2023,2023-10-18,1900,2023-09-01,2230,657959,1322,5,5,5,1935,0,0,0,NA,0,132,LAKEWOOD BL,ASHWORTH ST,550,S,N,A,-,N,NA,NA,NA,NA,NA,NA,NA,NA,NA,N,3,0,1,3,A,-,05,21651,B,M,C,C,A,A,H,-,C,D,0,NA,NA,NA,NA,Y,NA,A,01,0,1,0,0,0,0,0,0,0,-,-,NA,NA,LOS ANGELES,LAKEWOOD,-118.1424560546875,33.86629104614258
9616125,2023,2023-10-18,1900,2023-09-18,720,543272,1337,1,5,5,1908,0,0,0,NA,0,133T1,ALONDRA BL,WOODRUFF AV,50,W,N,A,-,N,NA,NA,NA,NA,NA,NA,NA,NA,NA,N,4,0,1,2,A,-,03,22350,NA,N,C,C,A,A,H,-,A,A,0,NA,NA,NA,NA,Y,NA,A,07,0,0,1,0,0,0,0,0,0,-,-,NA,NA,LOS ANGELES,BELLFLOWER,-118.1175537109375,33.88935852050781
9616126,2023,2023-10-18,1900,2023-09-01,1805,661293,1326,5,5,5,1935,0,0,0,NA,0,132,SOUTH ST,PALO VERDE AV,556,E,N,A,-,N,NA,NA,NA,NA,NA,NA,NA,NA,NA,Y,4,0,1,2,A,-,09,21802,A,N,A,C,A,A,H,-,A,D,0,NA,NA,NA,NA,Y,NA,A,08,0,0,1,0,0,0,0,0,0,-,-,NA,NA,LOS ANGELES,LAKEWOOD,-118.10651397705078,33.858299255371094
9616127,2023,2023-10-18,1900,2023-09-15,110,615096,1323,5,5,5,1935,0,0,0,NA,0,132T1,CARSON ST,BRIZENDINE AV,150,W,N,A,-,N,NA,NA,NA,NA,NA,NA,NA,NA,NA,Y,2,0,2,1,A,-,07,21658,A,N,E,I,A,A,H,-,C,D,0,NA,NA,NA,NA,Y,NA,A,07,1,1,0,0,0,0,0,0,0,-,-,NA,NA,LOS ANGELES,LAKEWOOD,-118.15035247802734,33.83232116699219
9616128,2023,2023-10-18,1900,2023-09-11,1204,655542,1322,1,5,5,1935,0,0,0,NA,0,132,SOUTH ST,ADENMOOR AV,47,S,N,A,-,N,NA,NA,NA,NA,NA,NA,NA,NA,NA,N,3,0,1,2,A,-,10,21950,A,N,G,B,D,A,H,-,A,D,0,Y,NA,NA,NA,Y,NA,A,01,0,1,0,0,1,0,0,0,0,-,-,NA,NA,LOS ANGELES,LAKEWOOD,-118.12354278564452,33.8603515625
9616152,2023,2023-10-16,1900,2023-08-26,1833,615575,2920,6,5,5,1990,0,0,0,NA,0,292K4,DIAMOND BAR BL,HIGHLAND VALLEY  RD,131,S,N,A,-,N,NA,NA,NA,NA,NA,NA,NA,NA,NA,Y,3,0,6,2,A,-,03,22350,NA,N,C,C,A,A,H,-,A,A,0,NA,NA,NA,NA,Y,NA,A,01,0,6,0,0,0,0,0,0,0,-,-,34.03607177734375,-117.80596923828124,LOS ANGELES,DIAMOND BAR,-117.80601501464844,34.03617477416992
9616170,2023,2023-10-11,1942,2023-09-05,220,40013,1412,2,5,7,1942,0,0,0,N,0,14FB19,PACIFIC AV,WAVECREST CT,25,N,N,A,-,N,NA,NA,NA,NA,NA,NA,NA,NA,NA,Y,3,0,1,1,A,-,03,22350,NA,N,E,I,A,A,H,-,C,D,0,NA,NA,NA,NA,Y,NA,D,22,0,1,0,0,0,0,0,0,0,-,-,NA,NA,LOS ANGELES,LOS ANGELES,-118.47430419921876,33.990264892578125
9616179,2023,2023-10-30,1972,2023-09-14,1457,20418,NA,4,5,6,1972,0,0,0,NA,0,NA,PACIFIC COAST HWY,ROLLING HILLS WY,0,NA,Y,A,-,Y,LA,7,1,-,-,14.83,I,5,S,N,4,0,1,2,A,-,03,22350,NA,N,D,C,A,A,H,-,A,A,0,NA,NA,Y,NA,Y,NA,C,NA,0,0,1,0,0,0,0,0,1,-,-,NA,NA,LOS ANGELES,TORRANCE,-118.33575439453124,33.793907165527344
9616180,2023,2023-10-21,1953,2023-09-03,1215,4888,NA,7,5,6,1953,0,0,0,NA,0,005,PASADENA AV,COLORADO BL,0,NA,Y,A,-,N,NA,NA,NA,NA,NA,NA,NA,NA,NA,Y,3,0,1,3,A,-,12,21453,A,N,B,C,A,A,H,-,A,A,0,NA,NA,NA,NA,Y,NA,A,07,0,1,0,0,0,0,0,0,0,-,-,NA,NA,LOS ANGELES,PASADENA,-118.15415954589844,34.145748138427734
9616183,2023,2023-10-13,1972,2023-09-15,551,18059,NA,5,5,6,1972,0,0,0,NA,0,NA,SEPULVEDA,PLUM,0,NA,Y,A,-,N,NA,NA,NA,NA,NA,NA,NA,NA,NA,Y,4,0,2,2,A,-,03,22350,NA,N,C,C,A,A,H,-,C,D,0,NA,NA,NA,NA,Y,NA,A,NA,0,0,2,0,0,0,0,0,0,-,-,NA,NA,LOS ANGELES,TORRANCE,-118.32643127441406,33.821380615234375
9616199,2023,2023-10-17,1910,2023-08-31,1403,04971,NA,4,5,4,1910,0,0,0,NA,0,006,W N SANTA MONICA BL,FOOTHILL RD,50,E,N,A,-,N,NA,NA,NA,NA,NA,NA,NA,NA,NA,N,4,0,1,2,A,-,03,22350,NA,N,B,G,A,A,H,-,A,D,0,NA,Y,NA,NA,Y,NA,L,04,0,0,1,0,0,0,1,0,0,-,-,34.075321197509766,-118.3984832763672,LOS ANGELES,BEVERLY HILLS,-118.39847564697266,34.07522964477539
9616204,2023,2023-10-23,1953,2023-09-11,1455,8990,PASAD,1,5,6,1953,0,0,0,NA,0,005,CORDOVA ST,S OAKLAND ST,0,NA,Y,A,-,N,NA,NA,NA,NA,NA,NA,NA,NA,NA,Y,3,0,4,2,A,-,09,21802,A,N,D,C,A,A,H,-,A,A,0,NA,NA,NA,NA,Y,NA,A,01,0,1,3,0,0,0,0,0,0,-,-,NA,NA,LOS ANGELES,PASADENA,-118.13972473144533,34.14256286621094
9616208,2023,2023-10-23,1953,2023-09-15,713,1001,1953,5,5,6,1953,0,0,0,NA,0,005,MARENGO AV,GREEN ST,0,NA,Y,B,-,N,NA,NA,NA,NA,NA,NA,NA,NA,NA,Y,3,0,2,2,A,-,09,21801,A,N,D,C,A,A,H,-,A,A,0,NA,NA,NA,NA,Y,NA,A,01,0,2,0,0,0,0,0,0,0,-,-,NA,NA,LOS ANGELES,PASADENA,-118.14595794677734,34.14449691772461
9616215,2023,2023-10-18,1976,2023-09-01,1317,894,NA,5,5,3,1964,0,0,0,NA,0,002,NORWALK BL,LAKELAND RD,145,S,N,B,-,N,NA,NA,NA,NA,NA,NA,NA,NA,NA,Y,4,0,1,3,A,-,03,22350,NA,N,C,C,A,A,H,-,A,A,0,NA,NA,NA,Y,Y,NA,F,26,0,0,1,0,0,0,0,0,0,-,-,NA,NA,LOS ANGELES,SANTA FE SPRINGS,-118.07264709472656,33.931304931640625
9616222,2023,2023-11-03,1929,2023-09-25,1646,201,1929,1,5,3,1929,0,0,0,NA,0,003,PACIFIC COAST HWY,1ST PL,0,NA,Y,A,-,Y,LA,7,1,-,-,20.701,I,5,S,N,4,0,1,2,A,-,08,22107,NA,N,A,G,A,A,H,-,A,D,0,NA,Y,NA,NA,Y,NA,D,22,0,0,1,0,0,0,1,0,0,-,-,33.85585021972656,-118.39051818847656,LOS ANGELES,HERMOSA BEACH,-118.39055633544922,33.855804443359375
9616223,2023,2023-10-16,1976,2023-08-30,1435,501,NA,3,5,3,1964,0,0,0,NA,0,NA,VALLEY VIEW AV,ALONDRA BL,112,S,N,A,-,N,NA,NA,NA,NA,NA,NA,NA,NA,NA,N,2,0,1,2,A,-,03,22350,NA,N,D,C,A,A,H,-,A,D,0,NA,NA,Y,Y,Y,NA,C,02,1,0,0,0,0,0,0,0,1,-,-,NA,NA,LOS ANGELES,SANTA FE SPRINGS,-118.02890014648438,33.88806915283203
9616278,2023,2023-10-09,1942,2023-01-23,1900,38510,2024,1,5,7,1942,0,0,0,NA,0,20A1,WILSHIRE BL,OXFORD AV,0,NA,Y,A,-,N,NA,NA,NA,NA,NA,NA,NA,NA,NA,N,4,0,1,2,A,-,00,20001,A,N,D,C,A,A,H,-,C,A,0,NA,NA,NA,NA,Y,NA,A,01,0,0,1,0,0,0,0,0,0,-,-,NA,NA,LOS ANGELES,LOS ANGELES,-118.30783081054688,34.06169509887695
9616282,2023,2023-10-09,1942,2023-01-19,1330,39341,2033,4,5,7,1942,0,0,0,NA,0,27M128,WILSHIRE BL,WESTERN AV,102,W,N,A,-,N,NA,NA,NA,NA,NA,NA,NA,NA,NA,N,4,0,1,2,A,-,08,22107,NA,N,B,C,A,A,H,-,A,D,0,NA,NA,NA,NA,Y,NA,A,01,0,0,1,0,0,0,0,0,0,-,-,NA,NA,LOS ANGELES,LOS ANGELES,-118.30941772460938,34.06168746948242
9616291,2023,2023-10-12,1900,2023-09-08,1415,625597,2612,5,5,6,1950,0,0,0,NA,0,263T1,BOLZ RANCH RD,TOWNCENTER DR,0,NA,Y,A,-,N,NA,NA,NA,NA,NA,NA,NA,NA,NA,N,3,0,1,2,A,-,04,21703,NA,N,C,C,A,A,H,-,A,A,0,NA,NA,Y,NA,Y,NA,D,22,0,1,0,0,0,0,0,0,1,-,-,34.615699768066406,-118.19499969482422,LOS ANGELES,PALMDALE,-118.19493103027344,34.61559295654297
9616294,2023,2023-10-09,1942,2023-04-30,1015,39022,0745,7,5,7,1942,0,0,0,G,0,27TL23,HAUSER BL,SAN VICENTE BL,300,N,N,B,-,N,NA,NA,NA,NA,NA,NA,NA,NA,NA,Y,3,0,1,2,A,-,03,22350,NA,F,C,C,A,A,H,-,A,D,0,NA,NA,NA,NA,Y,NA,-,99,0,1,0,0,0,0,0,0,0,-,-,NA,NA,LOS ANGELES,LOS ANGELES,-118.35447692871094,34.054725646972656
9616295,2023,2023-10-12,1900,2023-09-09,1508,625597,2607,6,5,6,1950,0,0,0,NA,0,263T1,52ND ST E,AV S,0,NA,Y,A,-,N,NA,NA,NA,NA,NA,NA,NA,NA,NA,N,3,0,1,2,A,-,09,21801,A,N,D,C,A,A,H,-,A,A,0,NA,NA,NA,NA,Y,NA,A,07,0,1,0,0,0,0,0,0,0,-,-,34.55799865722656,-118.0364990234375,LOS ANGELES,PALMDALE,-118.0365982055664,34.558048248291016
9616296,2023,2023-10-11,1900,2023-06-09,200,658305,2111,5,5,5,1943,0,0,0,NA,0,212H1,LONG BEACH BL,CHEROKEE AV,0,NA,Y,A,-,N,NA,NA,NA,NA,NA,NA,NA,NA,NA,Y,3,0,3,2,A,-,09,21802,A,N,D,C,A,A,H,-,C,A,0,NA,NA,NA,NA,Y,NA,D,22,0,1,2,0,0,0,0,0,0,-,-,33.94075012207031,-118.21484375,LOS ANGELES,LYNWOOD,-118.21480560302734,33.94072723388672
9616302,2023,2023-10-12,1942,2023-09-05,1840,39655,2053,2,5,7,1942,0,0,0,NA,0,27Q14,OLYMPIC BL,MANHATTAN PL,0,NA,Y,A,-,N,NA,NA,NA,NA,NA,NA,NA,NA,NA,Y,4,0,1,5,A,-,05,21460,A,F,B,C,A,A,H,-,A,A,0,NA,NA,NA,NA,Y,NA,A,01,0,0,1,0,0,0,0,0,0,-,-,NA,NA,LOS ANGELES,LOS ANGELES,-118.31012725830078,34.052650451660156
9616303,2023,2023-10-12,1900,2023-09-09,1304,611176,2623,6,5,6,1950,0,0,0,NA,0,263T1,AV O,110TH ST EAST,0,NA,Y,A,-,N,NA,NA,NA,NA,NA,NA,NA,NA,NA,Y,3,0,2,2,A,-,09,21802,A,N,D,C,A,A,H,-,A,A,0,NA,NA,NA,NA,Y,NA,D,22,0,1,1,0,0,0,0,0,0,-,-,34.61669158935547,-117.93401336669922,LOS ANGELES,PALMDALE,-117.93402862548828,34.61669158935547
9616306,2023,2023-10-10,1942,2023-09-08,1630,39525,1469,5,5,7,1942,0,0,0,N,0,27M149,LA TIJERA BL,THORNBURN ST,12,S,N,A,-,N,NA,NA,NA,NA,NA,NA,NA,NA,NA,N,3,0,2,2,A,-,08,22100,A,N,B,C,A,A,H,-,A,A,0,NA,NA,NA,NA,Y,NA,A,07,0,1,1,0,0,0,0,0,0,-,-,NA,NA,LOS ANGELES,LOS ANGELES,-118.37664794921876,33.97299575805664
9616307,2023,2023-10-12,1900,2023-09-12,2000,655308,2603,2,5,6,1950,0,0,0,NA,0,263T1,CASA VERDE,AV S,0,NA,Y,A,-,N,NA,NA,NA,NA,NA,NA,NA,NA,NA,Y,3,0,2,2,A,-,03,22350,NA,M,C,C,A,A,H,-,C,A,0,NA,NA,NA,NA,Y,NA,D,22,0,2,0,0,0,0,0,0,0,-,-,34.558109283447266,-118.10050964355467,LOS ANGELES,PALMDALE,-118.1003189086914,34.5582160949707
9616308,2023,2023-10-13,1900,2023-09-09,1820,625597,2608,6,5,6,1950,0,0,0,NA,0,263T1,20TH ST E,E AV Q-2,146,S,N,A,-,N,NA,NA,NA,NA,NA,NA,NA,NA,NA,Y,3,0,1,3,A,-,01,23152,A,N,B,E,A,A,H,-,A,D,0,NA,NA,NA,NA,Y,NA,A,01,0,1,0,0,0,0,0,0,0,-,-,34.585201263427734,-118.09429931640624,LOS ANGELES,PALMDALE,-118.09426879882813,34.58702850341797
9616310,2023,2023-10-09,1942,2023-09-09,1034,42157,0648,6,5,7,1942,0,0,0,F,0,27TL27,SUNSET BL,WESTERN AV,16,S,N,A,-,N,NA,NA,NA,NA,NA,NA,NA,NA,NA,Y,2,0,1,2,A,-,08,22107,NA,N,D,C,A,A,H,-,A,A,0,NA,NA,Y,Y,Y,NA,G,27,1,0,0,0,0,0,0,0,1,-,-,NA,NA,LOS ANGELES,LOS ANGELES,-118.30921936035156,34.09809875488281
9616337,2023,2023-10-18,1972,2023-09-08,1201,21879,NA,5,5,6,1972,0,0,0,NA,0,0SW,CALLE MAYOR,PACIFIC COAST HWY,326,N,N,A,-,N,NA,NA,NA,NA,NA,NA,NA,NA,NA,N,4,0,3,2,A,-,09,21800,A,N,D,C,A,A,H,-,A,A,0,NA,NA,NA,NA,Y,NA,A,01,0,0,3,0,0,0,0,0,0,-,-,NA,NA,LOS ANGELES,TORRANCE,-118.36863708496094,33.813812255859375
9616342,2023,2023-10-19,1972,2023-09-10,631,22341,NA,7,5,6,1972,0,0,0,NA,0,NA,CARSON ST,WESTERN AV,300,W,N,B,-,N,NA,NA,NA,NA,NA,NA,NA,NA,NA,Y,4,0,2,2,A,-,09,21801,A,N,A,C,A,B,H,-,B,D,0,NA,NA,NA,NA,Y,NA,A,NA,0,0,2,0,0,0,0,0,0,-,-,NA,NA,LOS ANGELES,TORRANCE,-118.3100128173828,33.83148956298828
9616353,2023,2023-10-19,1972,2023-09-08,615,17433,NA,5,5,6,1972,0,0,0,NA,0,NA,LOMITA BL,CRENSHAW BL,1500,W,N,A,-,N,NA,NA,NA,NA,NA,NA,NA,NA,NA,Y,3,0,1,2,A,-,09,21801,A,N,H,C,A,A,H,-,B,D,0,NA,NA,Y,NA,Y,NA,A,NA,0,1,0,0,0,0,0,0,1,-,-,NA,NA,LOS ANGELES,TORRANCE,-118.33234405517578,33.80781936645508
9616355,2023,2023-10-19,1972,2023-09-06,1610,22176,NA,3,5,6,1972,0,0,0,NA,0,NA,190TH ST,INGLEWOOD AV,590,W,N,A,-,N,NA,NA,NA,NA,NA,NA,NA,NA,NA,Y,3,0,1,2,A,-,09,21801,A,N,D,C,A,A,H,-,A,D,0,NA,NA,NA,NA,Y,NA,A,NA,0,1,0,0,0,0,0,0,0,-,-,NA,NA,LOS ANGELES,TORRANCE,-118.36337280273438,33.85826873779297
9616356,2023,2023-10-19,1972,2023-09-07,1633,21234,NA,4,5,6,1972,0,0,0,NA,0,NA,LOMITA BL,EARLY AV,250,E,N,A,-,N,NA,NA,NA,NA,NA,NA,NA,NA,NA,N,4,0,1,2,A,-,07,21658,A,N,C,C,A,A,H,-,A,A,0,NA,NA,Y,NA,Y,NA,A,NA,0,0,1,0,0,0,0,0,1,-,-,NA,NA,LOS ANGELES,TORRANCE,-118.34410095214844,33.81279373168945
9616357,2023,2023-10-19,1972,2023-09-10,1550,22882,NA,7,5,6,1972,0,0,0,NA,0,NA,DEL AMO BL,MAPLE AV,0,NA,Y,A,-,N,NA,NA,NA,NA,NA,NA,NA,NA,NA,Y,3,0,2,2,A,-,12,21453,A,N,D,C,A,A,H,-,A,A,0,NA,NA,NA,NA,Y,NA,A,NA,0,2,0,0,0,0,0,0,0,-,-,NA,NA,LOS ANGELES,TORRANCE,-118.34017944335938,33.84750747680664
9616358,2023,2023-10-24,1972,2023-09-04,1438,21239,NA,1,5,6,1972,0,0,0,NA,0,NA,CRENSHAW BL,PACIFIC COAST HWY,250,N,N,A,-,Y,LA,7,1,-,-,14.634,I,6,N,Y,4,0,1,3,A,-,09,21801,A,N,D,C,A,A,H,-,A,A,0,NA,NA,NA,NA,Y,NA,A,NA,0,0,1,0,0,0,0,0,0,-,-,NA,NA,LOS ANGELES,TORRANCE,-118.33314514160156,33.79213333129883
9616359,2023,2023-10-19,1942,2023-09-02,300,40543,1231,6,5,7,1942,0,0,0,L,0,12A57,SLAUSON AV,BUCKLER AV,10,E,N,A,-,N,NA,NA,NA,NA,NA,NA,NA,NA,NA,N,3,0,2,2,A,-,03,22350,NA,N,C,C,A,A,H,-,C,A,0,NA,NA,NA,NA,Y,NA,A,01,0,2,0,0,0,0,0,0,0,-,-,NA,NA,LOS ANGELES,LOS ANGELES,-118.35174560546876,33.98887252807617
9616360,2023,2023-10-19,1942,2023-09-06,1800,40726,1233,3,5,7,1942,0,0,0,L,0,25MX85,S ST ANDREWS PL,62ND ST,108,N,N,A,-,N,NA,NA,NA,NA,NA,NA,NA,NA,NA,N,3,0,1,2,A,-,21,22106,NA,F,C,E,A,A,H,-,A,D,0,NA,NA,NA,NA,Y,NA,-,99,0,1,0,0,0,0,0,0,0,-,-,NA,NA,LOS ANGELES,LOS ANGELES,-118.3114776611328,33.98365783691406
9616397,2023,2023-10-03,1942,2023-08-15,1900,44000,1257,2,5,7,1942,0,0,0,L,0,DESK,78TH ST,FIGUEROA ST,0,NA,Y,A,-,N,NA,NA,NA,NA,NA,NA,NA,NA,NA,N,2,0,1,2,A,-,08,22107,NA,N,G,B,D,A,H,-,A,A,0,Y,NA,NA,NA,Y,NA,A,01,1,0,0,0,1,0,0,0,0,-,-,NA,NA,LOS ANGELES,LOS ANGELES,-118.28271484375,33.96881866455078
9616398,2023,2023-10-03,1900,2023-09-28,1546,658634,2112,4,5,5,1943,0,0,0,NA,0,212T3,BULLIS RD,LE SAGE AV,105,S,N,A,-,N,NA,NA,NA,NA,NA,NA,NA,NA,NA,N,4,0,1,4,A,-,09,21804,A,N,D,D,A,A,H,-,A,D,0,NA,NA,NA,NA,Y,NA,A,01,0,0,1,0,0,0,0,0,0,-,-,NA,NA,LOS ANGELES,LYNWOOD,-118.19876098632813,33.92901611328125
9616399,2023,2023-10-03,1925,2023-07-05,1926,29008,239,3,5,6,1925,0,0,0,NA,0,004,VERDUGO,WILSON,0,NA,Y,A,-,N,NA,NA,NA,NA,NA,NA,NA,NA,NA,N,2,0,1,2,A,-,10,21950,NA,N,G,B,B,A,H,-,A,A,0,Y,NA,NA,NA,Y,NA,A,01,1,0,0,0,1,0,0,0,0,-,-,NA,NA,LOS ANGELES,GLENDALE,-118.23555755615234,34.1480598449707
9616400,2023,2023-10-03,1942,2023-07-11,2135,42720,1837,2,5,7,1942,0,0,0,R,0,25T35W,WILLOW BROOK AV,WILMINGTON AV,3,E,N,A,-,N,NA,NA,NA,NA,NA,NA,NA,NA,NA,N,2,0,1,2,A,-,10,21950,A,F,G,B,C,A,H,-,C,D,0,Y,NA,NA,NA,Y,NA,-,99,1,0,0,0,1,0,0,0,0,-,-,NA,NA,LOS ANGELES,LOS ANGELES,-118.23908996582033,33.93107604980469
9616401,2023,2023-10-18,1900,2023-09-05,1556,627714,2923,2,5,5,1990,0,0,0,NA,0,292K3,DIAMOND BAR BL,GOLD RUSH DR,0,NA,Y,A,-,N,NA,NA,NA,NA,NA,NA,NA,NA,NA,Y,3,0,1,2,A,-,12,21453,A,N,D,C,A,A,H,-,A,A,0,NA,NA,NA,NA,Y,NA,A,07,0,1,0,0,0,0,0,0,0,-,-,37.0141487121582,-117.80670166015624,LOS ANGELES,DIAMOND BAR,-117.80731201171876,34.01416778564453
9616403,2023,2023-10-18,1900,2023-09-09,26,651189,1364,6,5,5,1952,0,0,0,NA,0,136D,ROSECRANS AV,TEXACO AV,250,W,N,A,-,N,NA,NA,NA,NA,NA,NA,NA,NA,NA,Y,4,0,2,1,A,-,08,22107,NA,N,E,I,A,A,H,-,C,A,0,NA,NA,NA,NA,Y,NA,A,01,0,0,2,0,0,0,0,0,0,-,-,NA,NA,LOS ANGELES,PARAMOUNT,-118.17397308349608,33.90357971191406
9616404,2023,2023-10-18,1900,2023-09-09,505,657959,1322,6,5,5,1935,0,0,0,NA,0,132A,WOODRUFF AV,E REVA ST,90,S,N,A,-,N,NA,NA,NA,NA,NA,NA,NA,NA,NA,Y,2,0,3,1,A,-,08,22107,NA,N,E,I,A,A,H,-,C,D,0,NA,NA,NA,NA,Y,NA,A,07,3,0,0,0,0,0,0,0,0,-,-,NA,NA,LOS ANGELES,LAKEWOOD,-118.11721801757813,33.86713409423828
9616405,2023,2023-10-18,1941,2023-09-17,504,11009,EAST,7,5,7,1941,0,0,0,NA,0,017,E WARDLOW RD,WOODRUFF AV,0,NA,N,F,-,N,NA,NA,NA,NA,NA,NA,NA,NA,NA,Y,3,0,1,1,A,-,08,22107,NA,F,A,I,A,A,H,-,C,D,0,NA,NA,NA,NA,Y,Y,A,07,0,1,0,0,0,0,0,0,0,-,-,33.81882095336914,-118.11653137207033,LOS ANGELES,LONG BEACH,-118.11676788330078,33.81875228881836
9616406,2023,2023-10-18,1900,2023-09-06,1554,655542,1323,3,5,5,1935,0,0,0,NA,0,132E,COVER ST,INDUSTRY AV,0,NA,Y,A,-,N,NA,NA,NA,NA,NA,NA,NA,NA,NA,Y,4,0,2,2,A,-,09,21801,A,N,D,C,A,A,H,-,A,D,0,NA,NA,NA,NA,Y,NA,A,01,0,0,2,0,0,0,0,0,0,-,-,NA,NA,LOS ANGELES,LAKEWOOD,-118.16544342041016,33.827659606933594
9616411,2023,2023-10-19,1900,2023-09-06,2035,617953,0542,3,5,3,1921,0,0,0,NA,0,58T1PM,LAS LOMAS RD,ROYAL OAKS DR,0,NA,Y,A,-,N,NA,NA,NA,NA,NA,NA,NA,NA,NA,Y,3,0,2,2,D,-,00,NA,NA,N,D,C,A,A,H,-,C,A,0,NA,NA,NA,NA,Y,NA,-,-,0,2,0,0,0,0,0,0,0,-,-,34.14347839355469,-117.94686889648438,LOS ANGELES,DUARTE,-117.9468994140625,34.1434440612793
9616413,2023,2023-10-18,1900,2023-09-02,1545,642065,0562,6,5,3,1968,0,0,0,NA,0,541PM,KLINGERMAN ST,CONTINENTAL AV,0,NA,Y,A,-,N,NA,NA,NA,NA,NA,NA,NA,NA,NA,N,2,0,1,2,A,-,12,22450,A,F,A,C,A,A,H,-,A,A,0,NA,NA,Y,NA,Y,NA,A,07,1,0,0,0,0,0,0,0,1,-,-,34.055999755859375,-118.03810119628906,LOS ANGELES,SOUTH EL MONTE,-118.03816223144533,34.056026458740234
9616414,2023,2023-10-17,1900,2023-09-07,1600,622124,0521,4,5,4,1971,0,0,0,NA,0,52T1PM,OAK AV,EMPEROR AV,15,S,N,A,-,N,NA,NA,NA,NA,NA,NA,NA,NA,NA,Y,2,0,1,2,A,-,08,22100,A,N,G,B,B,A,H,-,A,D,0,Y,NA,NA,NA,Y,NA,A,01,1,0,0,0,1,0,0,0,0,-,-,34.118621826171875,-118.06768798828124,LOS ANGELES,TEMPLE CITY,-118.0676498413086,34.11853790283203