CASE_ID,ACCIDENT_YEAR,PROC_DATE,JURIS,COLLISION_DATE,COLLISION_TIME,OFFICER_ID,REPORTING_DISTRICT,DAY_OF_WEEK,CHP_SHIFT,POPULATION,CNTY_CITY_LOC,SPECIAL_COND,BEAT_TYPE,CHP_BEAT_TYPE,CITY_DIVISION_LAPD,CHP_BEAT_CLASS,BEAT_NUMBER,PRIMARY_RD,SECONDARY_RD,DISTANCE,DIRECTION,INTERSECTION,WEATHER_1,WEATHER_2,STATE_HWY_IND,CALTRANS_COUNTY,CALTRANS_DISTRICT,STATE_ROUTE,ROUTE_SUFFIX,POSTMILE_PREFIX,POSTMILE,LOCATION_TYPE,RAMP_INTERSECTION,SIDE_OF_HWY,TOW_AWAY,COLLISION_SEVERITY,NUMBER_KILLED,NUMBER_INJURED,PARTY_COUNT,PRIMARY_COLL_FACTOR,PCF_CODE_OF_VIOL,PCF_VIOL_CATEGORY,PCF_VIOLATION,PCF_VIOL_SUBSECTION,HIT_AND_RUN,TYPE_OF_COLLISION,MVIW,PED_ACTION,ROAD_SURFACE,ROAD_COND_1,ROAD_COND_2,LIGHTING,CONTROL_DEVICE,CHP_ROAD_TYPE,PEDESTRIAN_ACCIDENT,BICYCLE_ACCIDENT,MOTORCYCLE_ACCIDENT,TRUCK_ACCIDENT,NOT_PRIVATE_PROPERTY,ALCOHOL_INVOLVED,STWD_VEHTYPE_AT_FAULT,CHP_VEHTYPE_AT_FAULT,COUNT_SEVERE_INJ,COUNT_VISIBLE_INJ,COUNT_COMPLAINT_PAIN,COUNT_PED_KILLED,COUNT_PED_INJURED,COUNT_BICYCLIST_KILLED,COUNT_BICYCLIST_INJURED,COUNT_MC_KILLED,COUNT_MC_INJURED,PRIMARY_RAMP,SECONDARY_RAMP,LATITUDE,LONGITUDE,COUNTY,CITY,POINT_X,POINT_Y
9619511,2023,2023-12-18,1942,2023-05-12,720,42656,0711,5,5,7,1942,0,0,0,G,0,27TL23,CRESCENT HEIGHTS BL,OAKWOOD AV,250,N,N,A,-,N,NA,NA,NA,NA,NA,NA,NA,NA,NA,Y,3,0,1,1,A,-,08,22107,NA,N,E,I,A,A,H,-,A,A,0,NA,NA,NA,NA,Y,NA,A,01,0,1,0,0,0,0,0,0,0,-,-,NA,NA,LOS ANGELES,LOS ANGELES,-118.36587524414064,34.07887649536133
9619512,2023,2023-12-18,1942,2023-05-26,1255,42656,0719,5,5,7,1942,0,0,0,G,0,27TL27,LUCERNE BL,BEVERLY BL,0,NA,Y,B,-,N,NA,NA,NA,NA,NA,NA,NA,NA,NA,Y,4,0,3,3,A,-,09,21802,A,N,D,C,A,A,H,-,A,A,0,NA,NA,NA,NA,Y,NA,A,01,0,0,3,0,0,0,0,0,0,-,-,NA,NA,LOS ANGELES,LOS ANGELES,-118.3248291015625,34.07623291015625
9619513,2023,2023-12-18,1942,2023-05-04,1000,43919,0702,4,5,7,1942,0,0,0,G,0,8A29,MELROSE AV,STANLEY AV,0,NA,Y,B,-,N,NA,NA,NA,NA,NA,NA,NA,NA,NA,Y,4,0,1,2,A,-,09,21801,A,N,D,C,A,A,H,-,A,A,0,NA,NA,NA,NA,Y,NA,A,07,0,0,1,0,0,0,0,0,0,-,-,NA,NA,LOS ANGELES,LOS ANGELES,-118.35639190673828,34.08372116088867
9619514,2023,2023-12-15,1942,2023-05-31,1445,41376,1435,3,5,7,1942,0,0,0,N,0,27TL48,WINDWARD AV,CENTINELA AV,0,NA,Y,B,-,N,NA,NA,NA,NA,NA,NA,NA,NA,NA,Y,4,0,2,2,A,-,09,21801,A,N,D,C,A,A,H,-,A,A,0,NA,NA,NA,NA,Y,NA,A,07,0,0,2,0,0,0,0,0,0,-,-,NA,NA,LOS ANGELES,LOS ANGELES,-118.4363021850586,34.00730895996094
9619516,2023,2023-12-15,1941,2023-05-13,1154,11358,EAST,6,5,7,1941,0,0,0,NA,0,015,STUDEBAKER RD,ATHERTON ST,0,NA,N,A,-,N,NA,NA,NA,NA,NA,NA,NA,NA,NA,Y,4,0,1,1,A,-,03,22350,NA,N,E,J,A,A,H,-,A,A,0,NA,NA,NA,NA,Y,NA,A,01,0,0,1,0,0,0,0,0,0,-,-,33.78868103027344,-118.09928131103516,LOS ANGELES,LONG BEACH,-118.09960174560548,33.78849411010742
9619517,2023,2023-12-15,1942,2023-05-20,2205,40157,2055,6,5,7,1942,0,0,0,NA,0,27T31,MARIPOSA AV,12TH ST,0,NA,Y,A,-,N,NA,NA,NA,NA,NA,NA,NA,NA,NA,Y,4,0,1,4,A,-,12,22450,A,F,D,C,A,A,H,-,C,A,0,NA,NA,NA,NA,Y,NA,A,01,0,0,1,0,0,0,0,0,0,-,-,NA,NA,LOS ANGELES,LOS ANGELES,-118.29892730712892,34.04907989501953
9619518,2023,2023-12-14,1942,2023-05-07,130,36239,2013,7,5,7,1942,0,0,0,NA,0,20A1,HOBART BL,1ST ST,10,S,N,A,-,N,NA,NA,NA,NA,NA,NA,NA,NA,NA,Y,3,0,1,1,C,-,18,NA,NA,N,E,I,A,A,H,-,C,D,0,NA,NA,NA,NA,Y,NA,-,-,0,1,0,0,0,0,0,0,0,-,-,NA,NA,LOS ANGELES,LOS ANGELES,-118.30550384521484,34.07370376586914
9619519,2023,2023-12-14,1942,2023-05-19,755,34959,2024,5,5,7,1942,0,0,0,NA,0,27TL29,WILTON PL,WILSHIRE BL,31,N,N,B,-,N,NA,NA,NA,NA,NA,NA,NA,NA,NA,N,3,0,1,2,A,-,10,21954,B,N,G,B,E,A,H,-,A,D,0,Y,NA,NA,NA,Y,NA,A,01,0,1,0,0,1,0,0,0,0,-,-,NA,NA,LOS ANGELES,LOS ANGELES,-118.31417846679688,34.061771392822266
9619520,2023,2023-12-14,1942,2023-04-18,1443,41671,0742,2,5,7,1942,0,0,0,G,0,27TL46,OLYMPIC BL,HI POINT ST,0,NA,Y,A,-,N,NA,NA,NA,NA,NA,NA,NA,NA,NA,Y,4,0,1,2,A,-,03,22350,NA,N,D,C,A,A,H,-,A,D,0,NA,NA,NA,NA,Y,NA,A,01,0,0,1,0,0,0,0,0,0,-,-,NA,NA,LOS ANGELES,LOS ANGELES,-118.36595153808594,34.05842971801758
9619521,2023,2023-12-14,1941,2023-02-05,1003,10819,SOUTH,7,5,7,1941,0,0,0,NA,0,008,EAST OCEAN BL,FALCON AV,0,NA,Y,A,-,N,NA,NA,NA,NA,NA,NA,NA,NA,NA,Y,3,0,1,2,A,-,08,22107,NA,N,D,C,A,A,H,-,A,A,0,NA,NA,NA,NA,Y,NA,A,01,0,1,0,0,0,0,0,0,0,-,-,33.765201568603516,-118.17379760742188,LOS ANGELES,LONG BEACH,-118.17381286621094,33.765201568603516
9619522,2023,2023-12-14,1941,2023-01-07,418,11562,NORTH,6,5,7,1941,0,0,0,NA,0,022,CHERRY AV,HARDING ST,5,E,N,A,-,N,NA,NA,NA,NA,NA,NA,NA,NA,NA,Y,3,0,1,5,A,-,03,22350,NA,N,C,E,A,A,H,-,C,D,0,NA,NA,NA,NA,Y,NA,A,01,0,1,0,0,0,0,0,0,0,-,-,33.86787033081055,-118.16895294189452,LOS ANGELES,LONG BEACH,-118.16860961914064,33.86737060546875
9619541,2023,2023-12-21,1942,2023-11-07,1835,41671,0832,2,5,7,1942,0,0,0,H,0,27T31,BARRINGTON AV,DARLINGTON AV,170,S,N,A,-,N,NA,NA,NA,NA,NA,NA,NA,NA,NA,Y,4,0,1,2,A,-,11,21954,A,N,G,B,D,A,H,-,C,D,0,Y,NA,NA,NA,Y,NA,N,60,0,0,1,0,1,0,0,0,0,-,-,NA,NA,LOS ANGELES,LOS ANGELES,-118.4639129638672,34.05219268798828
9619542,2023,2023-12-21,1942,2023-11-01,1015,37393,1494,3,5,7,1942,0,0,0,N,0,27T29W,WESTCHESTER PKWY,LOYOLA BL,17,E,N,A,-,N,NA,NA,NA,NA,NA,NA,NA,NA,NA,N,2,0,2,2,A,-,10,21950,A,N,G,B,A,A,H,-,A,A,0,NA,Y,NA,NA,Y,NA,A,01,1,0,1,0,0,0,1,0,0,-,-,NA,NA,LOS ANGELES,LOS ANGELES,-118.41714477539064,33.95341491699219
9619602,2023,2023-12-30,1941,2023-01-20,1541,11365,1,5,5,7,1941,0,0,0,NA,0,008,3RD ST,ALAMO CT,0,NA,Y,F,-,N,NA,NA,NA,NA,NA,NA,NA,NA,NA,NA,3,0,1,2,A,-,09,21804,A,F,D,G,A,A,H,-,A,D,0,NA,Y,NA,NA,Y,NA,D,22,0,1,0,0,0,0,1,0,0,-,-,33.7724609375,-118.19969940185548,LOS ANGELES,LONG BEACH,-118.18831634521484,33.770511627197266
9619605,2023,2024-01-04,1900,2023-10-28,1152,641161,1335,6,5,5,1908,0,0,0,NA,0,133D,CLARK AV,ROSE ST,18,N,N,A,-,N,NA,NA,NA,NA,NA,NA,NA,NA,NA,Y,4,0,2,2,A,-,09,21801,A,N,D,C,A,A,H,-,A,D,0,NA,NA,NA,NA,Y,NA,D,22,0,0,2,0,0,0,0,0,0,-,-,NA,NA,LOS ANGELES,BELLFLOWER,-118.13387298583984,33.86964797973633
9619606,2023,2023-12-30,1900,2023-09-25,630,625912,1348,1,5,3,1903,0,0,0,NA,0,134A,PIONEER BL,168TH ST,75,S,N,A,-,N,NA,NA,NA,NA,NA,NA,NA,NA,NA,N,3,0,1,2,A,-,05,21650,1,N,A,G,A,A,H,-,C,D,0,NA,Y,NA,NA,Y,NA,L,04,0,1,0,0,0,0,1,0,0,-,-,NA,NA,LOS ANGELES,ARTESIA,-118.08238983154295,33.87783432006836
9619607,2023,2023-12-28,1900,2023-10-21,1700,655204,1335,6,5,5,1908,0,0,0,NA,0,133,DOWNEY AV,ARTESIA BL,15,N,N,A,-,N,NA,NA,NA,NA,NA,NA,NA,NA,NA,Y,3,0,1,2,A,-,09,21804,A,N,B,C,A,A,H,-,A,D,0,NA,NA,NA,NA,Y,NA,A,01,0,1,0,0,0,0,0,0,0,-,-,33.87596893310547,-118.15126037597656,LOS ANGELES,BELLFLOWER,-118.15129089355467,33.87470245361328
9619630,2023,2024-01-13,1942,2023-11-13,2145,41122,0516,1,5,7,1942,0,0,0,E,0,5A17W3,ALAMEDA ST,E O ST,700,N,N,A,-,N,NA,NA,NA,NA,NA,NA,NA,NA,NA,Y,2,0,1,1,A,-,03,22350,NA,N,E,I,A,A,H,-,E,D,0,NA,NA,NA,NA,Y,NA,-,NA,1,0,0,0,0,0,0,0,0,-,-,NA,NA,LOS ANGELES,LOS ANGELES,-118.24056243896484,33.79344940185547
9619634,2023,2023-12-28,1942,2023-11-15,1800,45309,LOSAN,3,5,7,1942,0,0,0,NA,0,0523,N PACIFIC AV,W CHANNEL ST,0,NA,Y,C,-,N,NA,NA,NA,NA,NA,NA,NA,NA,NA,Y,4,0,1,1,A,-,03,22350,NA,N,A,I,A,B,H,-,C,A,0,NA,NA,NA,NA,Y,NA,A,01,0,0,1,0,0,0,0,0,0,-,-,NA,NA,LOS ANGELES,LOS ANGELES,-118.29051971435548,33.75379943847656
9619638,2023,2024-01-08,1942,2023-11-30,630,42863,0518,4,5,7,1942,0,0,0,E,0,25TL23,PACIFIC COAST HWY,AVALON BL,0,NA,Y,A,-,N,NA,NA,NA,NA,NA,NA,NA,NA,NA,N,4,0,3,2,A,-,01,23152,NA,N,C,C,A,A,H,-,A,A,0,NA,NA,NA,NA,Y,Y,A,07,0,0,3,0,0,0,0,0,0,-,-,NA,NA,LOS ANGELES,LOS ANGELES,-118.26332092285156,33.79115676879883
9619672,2023,2023-12-21,1941,2023-11-04,1300,11534,NORTH,6,5,7,1941,0,0,0,NA,0,024,E 70TH ST,VIRGINIA AV,0,NA,Y,A,-,N,NA,NA,NA,NA,NA,NA,NA,NA,NA,N,4,0,1,2,A,-,12,22450,NA,F,D,C,A,A,H,-,A,A,0,NA,NA,NA,NA,Y,NA,A,01,0,0,1,0,0,0,0,0,0,-,-,33.881980895996094,-118.15569305419922,LOS ANGELES,LONG BEACH,-118.15476989746094,33.88197708129883
9619673,2023,2023-12-21,1900,2023-11-21,1805,644558,0977,2,5,4,1979,0,0,0,NA,0,93T2,LA CIENEGA BL,HOLLOWAY DR,156,N,N,A,-,N,NA,NA,NA,NA,NA,NA,NA,NA,NA,N,4,0,2,2,A,-,09,21804,A,N,D,C,A,A,H,-,C,D,0,NA,NA,NA,NA,Y,NA,A,01,0,0,2,0,0,0,0,0,0,-,-,34.09114074707031,-118.37628936767578,LOS ANGELES,WEST HOLLYWOOD,-118.37629699707033,34.09107971191406
9619674,2023,2023-12-21,1900,2023-11-14,1006,606099,0977,2,5,4,1979,0,0,0,NA,0,92T1,PALM AV,CYNTHIA ST,43,N,N,A,-,N,NA,NA,NA,NA,NA,NA,NA,NA,NA,Y,4,0,1,2,A,-,09,21801,A,N,A,C,A,A,H,-,A,A,0,NA,NA,NA,NA,Y,NA,A,01,0,0,1,0,0,0,0,0,0,-,-,34.087459564208984,-118.38292694091795,LOS ANGELES,WEST HOLLYWOOD,-118.38291168212892,34.087398529052734
9619675,2023,2023-12-21,1900,2023-11-30,2225,637314,1328,4,5,5,1935,0,0,0,NA,0,132T1,BLOOMFIELD AV,CENTRALIA ST,190,N,N,A,-,N,NA,NA,NA,NA,NA,NA,NA,NA,NA,N,4,0,1,2,A,-,09,21804,A,N,A,C,A,A,H,-,C,D,0,NA,NA,NA,NA,Y,NA,A,07,0,0,1,0,0,0,0,0,0,-,-,NA,NA,LOS ANGELES,LAKEWOOD,-118.0634765625,33.83927917480469
9619676,2023,2023-12-21,1900,2023-11-03,2200,658892,1321,5,5,5,1935,0,0,0,NA,0,132T2,CLARK AV,DEL AMO BL,0,NA,Y,A,-,N,NA,NA,NA,NA,NA,NA,NA,NA,NA,Y,4,0,3,2,A,-,09,21801,A,N,-,C,A,A,H,-,C,A,0,NA,NA,NA,NA,Y,NA,A,01,0,0,3,0,0,0,0,0,0,-,-,NA,NA,LOS ANGELES,LAKEWOOD,-118.13380432128906,33.847137451171875
9619677,2023,2023-12-21,1900,2023-11-08,2217,643822,1369,3,5,5,1952,0,0,0,NA,0,136,DOWNEY AV,JACKSON ST,0,NA,Y,A,-,N,NA,NA,NA,NA,NA,NA,NA,NA,NA,N,3,0,1,3,A,-,03,22350,NA,N,C,C,A,A,H,-,C,A,0,NA,NA,NA,NA,Y,NA,A,01,0,1,0,0,0,0,0,0,0,-,-,NA,NA,LOS ANGELES,PARAMOUNT,-118.15135192871094,33.885459899902344
9619678,2023,2024-01-17,1900,2023-11-24,1707,656411,1349,5,5,3,1903,0,0,0,NA,0,132,PIONEER BL,183RD ST,0,NA,Y,A,-,N,NA,NA,NA,NA,NA,NA,NA,NA,NA,N,3,0,1,2,A,-,09,21800,A,F,G,G,A,A,H,-,C,A,0,NA,Y,NA,NA,Y,NA,A,07,0,1,0,0,0,0,1,0,0,-,-,NA,NA,LOS ANGELES,ARTESIA,-118.08220672607422,33.8657112121582
9619679,2023,2023-12-21,1900,2023-11-29,642,661798,1320,3,5,5,1935,0,0,0,NA,0,132,SOUTH ST,DOWNEY AV,134,W,N,A,-,N,NA,NA,NA,NA,NA,NA,NA,NA,NA,Y,3,0,1,2,A,-,08,22100,5,N,D,C,A,A,H,-,A,A,0,NA,NA,Y,NA,Y,NA,A,01,0,1,0,0,0,0,0,0,1,-,-,NA,NA,LOS ANGELES,LAKEWOOD,-118.15117645263672,33.86022186279297
9619680,2023,2023-12-21,1900,2023-11-22,600,661654,1337,3,5,5,1908,0,0,0,NA,0,133D,ALONDRA BL,CORNUTA AV,25,E,N,A,-,N,NA,NA,NA,NA,NA,NA,NA,NA,NA,N,3,0,1,3,A,-,04,21703,NA,N,C,C,A,A,H,-,B,A,0,NA,NA,NA,NA,Y,NA,A,01,0,1,0,0,0,0,0,0,0,-,-,NA,NA,LOS ANGELES,BELLFLOWER,-118.11978912353516,33.88936996459961
9619776,2023,2024-02-28,1941,2023-12-10,2336,6033,EAST,7,5,7,1941,0,0,0,NA,0,009,TEMPLE AV,6TH ST EAST,0,NA,N,A,-,N,NA,NA,NA,NA,NA,NA,NA,NA,NA,Y,4,0,1,4,A,-,05,21650,NA,F,A,E,A,A,H,-,C,D,0,NA,NA,NA,NA,Y,Y,A,01,0,0,1,0,0,0,0,0,0,-,-,33.773521423339844,-118.15894317626952,LOS ANGELES,LONG BEACH,-118.15897369384766,33.77350616455078
9619777,2023,2024-02-28,1900,2023-12-07,810,647144,1321,4,5,5,1935,0,0,0,NA,0,132T2,CLARK AV,MICHELSON ST,0,NA,Y,A,-,N,NA,NA,NA,NA,NA,NA,NA,NA,NA,N,4,0,1,2,A,-,04,21703,NA,N,C,C,A,A,H,-,A,D,0,NA,NA,NA,NA,Y,NA,A,01,0,0,1,0,0,0,0,0,0,-,-,33.857330322265625,-118.1339111328125,LOS ANGELES,LAKEWOOD,-118.13375854492188,33.85735321044922
9619779,2023,2024-02-28,1931,2023-12-01,1829,5264,1931,5,5,5,1931,0,0,0,NA,0,003,SATURN AV,SEVILLE AV,60,E,N,A,-,N,NA,NA,NA,NA,NA,NA,NA,NA,NA,N,3,0,1,2,A,-,09,21804,A,N,D,J,A,A,H,-,C,D,0,NA,NA,NA,NA,Y,NA,A,01,0,1,0,0,0,0,0,0,0,-,-,NA,NA,LOS ANGELES,HUNTINGTON PARK,-118.22233581542967,33.97690963745117
9619866,2023,2024-01-13,1942,2023-11-20,220,40717,0519,1,5,7,1942,0,0,0,E,0,25T31,ALAMEDA,O ST,671,N,N,A,-,N,NA,NA,NA,NA,NA,NA,NA,NA,NA,Y,2,0,5,1,A,-,01,23153,A,N,A,I,A,A,H,-,D,D,0,NA,NA,NA,NA,Y,Y,A,08,3,0,2,0,0,0,0,0,0,-,-,NA,NA,LOS ANGELES,LOS ANGELES,-118.24056243896484,33.79344940185547
9619867,2023,2024-01-13,1942,2023-11-14,1940,41072,0584,2,5,7,1942,0,0,0,E,0,25T35,PASEO DEL MAR,GAFFEY ST,310,W,N,A,-,N,NA,NA,NA,NA,NA,NA,NA,NA,NA,Y,3,0,1,3,A,-,01,23152,A,N,B,E,A,A,H,-,C,A,0,NA,NA,NA,NA,Y,Y,A,08,0,1,0,0,0,0,0,0,0,-,-,NA,NA,LOS ANGELES,LOS ANGELES,-118.29351806640624,33.7067985534668
9619885,2023,2023-12-27,1916,2023-09-28,1935,2998,D31C1,4,5,4,1916,0,0,0,NA,0,DOWNTO,BADILLO ST,CEDAR DR,0,NA,Y,A,-,N,NA,NA,NA,NA,NA,NA,NA,NA,NA,N,3,0,1,2,A,-,05,21650,1,N,A,G,A,A,H,-,A,D,0,NA,Y,NA,NA,Y,Y,L,04,0,1,0,0,0,0,1,0,0,-,-,NA,NA,LOS ANGELES,COVINA,-117.89809417724608,34.08632278442383
9619886,2023,2023-12-27,1916,2023-09-13,1040,2999,E58C1,3,5,4,1916,0,0,0,NA,0,EAST,BADILLO ST,GRAND AV,383,E,N,B,-,N,NA,NA,NA,NA,NA,NA,NA,NA,NA,Y,3,0,2,2,A,-,09,21804,A,N,D,C,A,A,H,-,A,D,0,NA,NA,NA,NA,Y,NA,A,01,0,1,1,0,0,0,0,0,0,-,-,NA,NA,LOS ANGELES,COVINA,-117.8713607788086,34.08626174926758
9619889,2023,2023-12-27,1900,2023-09-11,1445,625912,1322,1,5,5,1935,0,0,0,NA,0,132T1,CLARK AV,HEDDA ST,0,NA,Y,A,-,N,NA,NA,NA,NA,NA,NA,NA,NA,NA,N,4,0,1,2,A,-,08,22107,A,M,D,G,A,A,H,-,A,A,0,NA,Y,NA,NA,Y,NA,A,01,0,0,1,0,0,0,1,0,0,-,-,NA,NA,LOS ANGELES,LAKEWOOD,-118.1338119506836,33.8641471862793
9619890,2023,2023-12-27,1941,2023-09-14,1553,10553,WEST,4,5,7,1941,0,0,0,NA,0,004,E 20TH ST,PINE AV,15,E,N,A,-,N,NA,NA,NA,NA,NA,NA,NA,NA,NA,N,4,0,1,2,A,-,12,21453,A,M,D,C,A,A,H,-,A,D,0,NA,NA,NA,NA,Y,NA,A,01,0,0,1,0,0,0,0,0,0,-,-,33.79349136352539,-118.19239044189452,LOS ANGELES,LONG BEACH,-118.1923599243164,33.793479919433594
9619894,2023,2024-01-03,1941,2023-09-11,1300,10938,EAST,1,5,7,1941,0,0,0,NA,0,014,EAST PACIFIC COAST HWY,TERMINO AV,0,NA,Y,A,-,N,NA,NA,NA,NA,NA,NA,NA,NA,NA,Y,4,0,1,2,A,-,09,21800,A,N,D,C,A,A,D,-,A,B,0,NA,NA,NA,NA,Y,NA,A,01,0,0,1,0,0,0,0,0,0,-,-,33.78984832763672,-118.14588928222656,LOS ANGELES,LONG BEACH,-118.14591979980467,33.789852142333984
9619903,2023,2023-12-26,1953,2023-07-23,730,5651,1953,7,5,6,1953,0,0,0,NA,0,003,ORANGE GROVE BL,OAK AV,0,NA,Y,A,-,N,NA,NA,NA,NA,NA,NA,NA,NA,NA,Y,4,0,1,2,A,-,08,22107,NA,N,E,A,A,A,H,-,A,A,0,NA,NA,NA,NA,Y,NA,A,07,0,0,1,0,0,0,0,0,0,-,-,NA,NA,LOS ANGELES,PASADENA,-118.10816192626952,34.157997131347656
9619905,2023,2023-12-26,1900,2023-07-20,1700,641155,1328,4,5,5,1935,0,0,0,NA,0,132T1,CENTRALIA ST,CLARETTA AV,0,NA,Y,A,-,N,NA,NA,NA,NA,NA,NA,NA,NA,NA,N,4,0,3,3,A,-,09,21801,A,N,D,C,A,A,H,-,A,A,0,NA,NA,NA,NA,Y,NA,A,01,0,0,3,0,0,0,0,0,0,-,-,NA,NA,LOS ANGELES,LAKEWOOD,-118.06768035888672,33.838741302490234
9620001,2023,2024-02-26,1942,2023-12-07,700,40065,1653,4,5,7,1942,0,0,0,P,0,26TL27,SAN FERNANDO RD,SUNBURST ST,0,NA,Y,A,-,N,NA,NA,NA,NA,NA,NA,NA,NA,NA,Y,2,0,3,4,A,-,09,21801,A,N,D,C,B,A,H,-,A,D,0,Y,NA,NA,NA,Y,NA,A,07,1,1,1,0,2,0,0,0,0,-,-,NA,NA,LOS ANGELES,LOS ANGELES,-118.41029357910156,34.25492858886719
9620002,2023,2024-02-26,1942,2023-12-10,1815,44311,1907,7,5,7,1942,0,0,0,NA,0,16A81,AZORES AV,MACNEIL ST,200,S,N,A,-,N,NA,NA,NA,NA,NA,NA,NA,NA,NA,Y,3,0,1,3,A,-,01,23152,F,N,B,E,A,A,H,-,C,D,0,NA,NA,NA,NA,Y,NA,D,22,0,1,0,0,0,0,0,0,0,-,-,NA,NA,LOS ANGELES,LOS ANGELES,-118.41348266601564,34.30167770385742
9620003,2023,2024-02-26,1942,2023-12-07,1910,45232,1967,4,5,7,1942,0,0,0,NA,0,19A79,TERRA BELLA ST,BEACHY AV,60,E,N,A,-,N,NA,NA,NA,NA,NA,NA,NA,NA,NA,Y,3,0,1,2,A,-,09,21801,A,F,-,C,A,-,G,-,C,D,0,NA,NA,NA,NA,Y,NA,D,22,0,1,0,0,0,0,0,0,0,-,-,NA,NA,LOS ANGELES,LOS ANGELES,-118.43556213378906,34.245731353759766
9620006,2023,2024-02-27,1942,2023-12-05,1500,44099,1611,2,5,7,1942,0,0,0,P,0,16X2,EUSTACE ST,DE GARMO AV,70,W,N,A,-,N,NA,NA,NA,NA,NA,NA,NA,NA,NA,Y,3,0,1,2,A,-,03,22350,NA,F,G,B,F,A,H,-,A,D,0,Y,NA,NA,NA,Y,NA,-,NA,0,1,0,0,1,0,0,0,0,-,-,NA,NA,LOS ANGELES,LOS ANGELES,-118.42108917236328,34.27949905395508
9620008,2023,2024-02-27,1942,2023-12-06,1940,38119,1525,3,5,7,1942,0,0,0,O,0,15A43,RADFORD AV,VICTORY BL,0,NA,Y,A,-,N,NA,NA,NA,NA,NA,NA,NA,NA,NA,N,3,0,1,2,A,-,12,21453,A,F,D,C,A,A,H,-,C,A,0,NA,NA,NA,NA,Y,NA,-,99,0,1,0,0,0,0,0,0,0,-,-,NA,NA,LOS ANGELES,LOS ANGELES,-118.39218139648438,34.18667221069336
9620009,2023,2024-02-27,1942,2023-12-07,1905,33504,0906,4,5,7,1942,0,0,0,I,0,26T55-,VAN NUYS BL,COVELLO ST,371,S,N,A,G,N,NA,NA,NA,NA,NA,NA,NA,NA,NA,N,2,0,1,2,A,-,11,21954,A,F,G,B,E,-,H,-,C,D,0,Y,NA,NA,NA,Y,Y,N,60,1,0,0,0,1,0,0,0,0,-,-,NA,NA,LOS ANGELES,LOS ANGELES,-118.44876861572266,34.20613098144531
9620010,2023,2024-02-27,1942,2023-12-07,1355,39473,1544,4,5,7,1942,0,0,0,O,0,26TL77,LAUREL CANYON BL,ADDISON ST,0,NA,Y,A,-,N,NA,NA,NA,NA,NA,NA,NA,NA,NA,N,2,0,1,2,A,-,10,21950,A,N,G,B,B,A,H,-,A,A,0,Y,NA,NA,NA,Y,NA,A,01,1,0,0,0,1,0,0,0,0,-,-,NA,NA,LOS ANGELES,LOS ANGELES,-118.39649963378906,34.16124725341797
9620011,2023,2024-02-27,1942,2023-12-09,1640,38403,1501,6,5,7,1942,0,0,0,O,0,15X48,COLDWATER CANYON AV,SATICOY ST,0,NA,Y,A,-,N,NA,NA,NA,NA,NA,NA,NA,NA,NA,Y,2,0,3,4,A,-,01,23152,A,N,A,C,A,A,H,-,B,A,0,NA,NA,NA,NA,Y,Y,A,01,1,1,1,0,0,0,0,0,0,-,-,NA,NA,LOS ANGELES,LOS ANGELES,-118.41439056396484,34.206607818603516
9620012,2023,2024-02-27,1942,2023-12-06,810,40065,0904,3,5,7,1942,0,0,0,I,0,26TL27,SATICOY ST,BURNET AV,33,W,N,A,-,N,NA,NA,NA,NA,NA,NA,NA,NA,NA,N,2,0,1,2,A,-,11,21954,A,N,G,B,D,A,H,-,A,D,0,Y,NA,NA,NA,Y,NA,N,60,1,0,0,0,1,0,0,0,0,-,-,NA,NA,LOS ANGELES,LOS ANGELES,-118.46412658691406,34.20846176147461
9620013,2023,2024-02-27,1942,2023-12-07,740,45055,1788,4,5,7,1942,0,0,0,Q,0,17XL91,PARTHENIA ST,LOUISE AV,0,NA,Y,A,-,N,NA,NA,NA,NA,NA,NA,NA,NA,NA,Y,4,0,1,2,A,-,01,23152,NA,N,D,C,A,A,H,-,A,A,0,NA,NA,NA,NA,Y,NA,A,01,0,0,1,0,0,0,0,0,0,-,-,NA,NA,LOS ANGELES,LOS ANGELES,-118.50983428955078,34.228546142578125
9620014,2023,2024-02-27,1942,2023-12-09,415,44957,2172,6,5,7,1942,0,0,0,NA,0,21A73,VALLEY CIRCLE BL,LONG VALLEY RD,50,NA,N,A,-,N,NA,NA,NA,NA,NA,NA,NA,NA,NA,N,2,0,1,2,A,-,01,23152,A,N,B,D,A,A,H,-,C,D,0,NA,NA,NA,NA,Y,Y,A,01,1,0,0,0,0,0,0,0,0,-,-,NA,NA,LOS ANGELES,LOS ANGELES,-118.63774871826172,34.159969329833984
9620015,2023,2024-02-27,1942,2023-12-08,730,42251,1021,5,5,7,1942,0,0,0,J,0,26TL18,TAMPA AV,VANOWEN,21,N,N,B,-,N,NA,NA,NA,NA,NA,NA,NA,NA,NA,Y,2,0,1,2,A,-,10,21950,A,N,G,B,B,A,H,-,A,A,0,Y,NA,NA,NA,Y,NA,A,01,1,0,0,0,1,0,0,0,0,-,-,NA,NA,LOS ANGELES,LOS ANGELES,-118.5535125732422,34.193885803222656
9620016,2023,2024-02-27,1942,2023-12-11,2140,41158,0906,1,5,7,1942,0,0,0,I,0,26TL34,SHERMAN WY,TYRONE AV,0,NA,Y,A,-,N,NA,NA,NA,NA,NA,NA,NA,NA,NA,Y,3,0,2,2,A,-,01,23152,A,N,D,C,A,A,H,-,C,A,0,NA,NA,NA,NA,Y,Y,A,07,0,2,0,0,0,0,0,0,0,-,-,NA,NA,LOS ANGELES,LOS ANGELES,-118.4443588256836,34.20119857788086