CASE_ID,ACCIDENT_YEAR,PROC_DATE,JURIS,COLLISION_DATE,COLLISION_TIME,OFFICER_ID,REPORTING_DISTRICT,DAY_OF_WEEK,CHP_SHIFT,POPULATION,CNTY_CITY_LOC,SPECIAL_COND,BEAT_TYPE,CHP_BEAT_TYPE,CITY_DIVISION_LAPD,CHP_BEAT_CLASS,BEAT_NUMBER,PRIMARY_RD,SECONDARY_RD,DISTANCE,DIRECTION,INTERSECTION,WEATHER_1,WEATHER_2,STATE_HWY_IND,CALTRANS_COUNTY,CALTRANS_DISTRICT,STATE_ROUTE,ROUTE_SUFFIX,POSTMILE_PREFIX,POSTMILE,LOCATION_TYPE,RAMP_INTERSECTION,SIDE_OF_HWY,TOW_AWAY,COLLISION_SEVERITY,NUMBER_KILLED,NUMBER_INJURED,PARTY_COUNT,PRIMARY_COLL_FACTOR,PCF_CODE_OF_VIOL,PCF_VIOL_CATEGORY,PCF_VIOLATION,PCF_VIOL_SUBSECTION,HIT_AND_RUN,TYPE_OF_COLLISION,MVIW,PED_ACTION,ROAD_SURFACE,ROAD_COND_1,ROAD_COND_2,LIGHTING,CONTROL_DEVICE,CHP_ROAD_TYPE,PEDESTRIAN_ACCIDENT,BICYCLE_ACCIDENT,MOTORCYCLE_ACCIDENT,TRUCK_ACCIDENT,NOT_PRIVATE_PROPERTY,ALCOHOL_INVOLVED,STWD_VEHTYPE_AT_FAULT,CHP_VEHTYPE_AT_FAULT,COUNT_SEVERE_INJ,COUNT_VISIBLE_INJ,COUNT_COMPLAINT_PAIN,COUNT_PED_KILLED,COUNT_PED_INJURED,COUNT_BICYCLIST_KILLED,COUNT_BICYCLIST_INJURED,COUNT_MC_KILLED,COUNT_MC_INJURED,PRIMARY_RAMP,SECONDARY_RAMP,LATITUDE,LONGITUDE,COUNTY,CITY,POINT_X,POINT_Y
9626324,2023,2023-10-18,1942,2023-09-03,2235,40404,0363,7,5,7,1942,0,0,0,C,0,25TL33,STOCKER ST,SANTA ROSALIA DR,0,NA,Y,A,-,N,NA,NA,NA,NA,NA,NA,NA,NA,NA,Y,2,0,5,4,A,-,12,21453,A,N,D,C,A,A,H,-,C,A,0,NA,NA,NA,NA,Y,NA,A,07,1,1,3,0,0,0,0,0,0,-,-,NA,NA,LOS ANGELES,LOS ANGELES,-118.33734893798828,34.007110595703125
9626325,2023,2023-10-18,1942,2023-09-03,110,45085,1823,7,5,7,1942,0,0,0,R,0,18A41,CENTURY BL,SAN PEDRO ST,25,N,N,A,-,N,NA,NA,NA,NA,NA,NA,NA,NA,NA,N,2,0,1,2,A,-,10,21950,A,F,G,B,B,A,H,-,C,A,0,Y,NA,NA,NA,Y,NA,-,99,1,0,0,0,1,0,0,0,0,-,-,NA,NA,LOS ANGELES,LOS ANGELES,-118.26953125,33.94559097290039
9626326,2023,2023-10-17,1942,2023-09-04,400,42720,1841,1,5,7,1942,0,0,0,R,0,25T37W,116TH PL,VERMONT AV,180,E,N,A,-,N,NA,NA,NA,NA,NA,NA,NA,NA,NA,N,2,0,1,1,A,-,03,22350,NA,N,H,J,A,A,B,-,C,D,0,NA,NA,Y,NA,Y,NA,C,02,1,0,0,0,0,0,0,0,1,-,-,NA,NA,LOS ANGELES,LOS ANGELES,-118.29100799560548,33.928096771240234
9626327,2023,2023-10-18,1942,2023-09-01,2300,42863,1821,5,5,7,1942,0,0,0,R,0,25T35W,FIGUEROA ST,103RD ST,0,NA,Y,A,-,N,NA,NA,NA,NA,NA,NA,NA,NA,NA,N,2,0,1,2,A,-,03,22350,NA,N,A,B,D,A,H,-,C,D,0,Y,NA,NA,NA,Y,NA,-,99,1,0,0,0,1,0,0,0,0,-,-,NA,NA,LOS ANGELES,LOS ANGELES,-118.28263092041016,33.94279861450195
9626328,2023,2023-10-18,1942,2023-09-04,20,42364,1861,1,5,7,1942,0,0,0,R,0,25Q9W6,IMPERIAL HWY,FIGUEROA ST,0,NA,Y,A,-,N,NA,NA,NA,NA,NA,NA,NA,NA,NA,Y,3,0,3,2,A,-,08,22101,D,F,D,C,A,A,H,-,C,A,0,NA,NA,NA,NA,Y,NA,-,99,0,1,2,0,0,0,0,0,0,-,-,NA,NA,LOS ANGELES,LOS ANGELES,-118.28260040283205,33.930999755859375
9626329,2023,2023-10-18,1942,2023-09-04,845,43477,1827,1,5,7,1942,0,0,0,R,0,25T27,103RD ST,BEACH ST,0,NA,Y,A,-,N,NA,NA,NA,NA,NA,NA,NA,NA,NA,Y,2,0,4,2,A,-,09,21804,A,N,D,C,A,A,H,-,A,D,0,NA,NA,NA,NA,Y,NA,A,01,2,2,0,0,0,0,0,0,0,-,-,NA,NA,LOS ANGELES,LOS ANGELES,-118.24205780029295,33.94322204589844
9626330,2023,2023-10-18,1942,2023-09-16,1530,45391,1824,6,5,7,1942,0,0,0,R,0,18X38,103RD ST,CENTRAL AV,0,NA,Y,B,-,N,NA,NA,NA,NA,NA,NA,NA,NA,NA,N,3,0,1,2,A,-,08,22107,NA,F,B,B,B,A,H,-,A,A,0,Y,NA,NA,NA,Y,NA,-,99,0,1,0,0,1,0,0,0,0,-,-,NA,NA,LOS ANGELES,LOS ANGELES,-118.25411224365234,33.943267822265625
9626331,2023,2023-10-18,1942,2023-09-22,2040,44783,1827,5,5,7,1942,0,0,0,R,0,12A15,92ND ST,BEACH ST,50,E,N,A,-,N,NA,NA,NA,NA,NA,NA,NA,NA,NA,N,3,0,2,2,A,-,01,23152,F,N,D,C,A,A,H,-,C,D,0,NA,NA,NA,NA,Y,NA,A,01,0,1,1,0,0,0,0,0,0,-,-,NA,NA,LOS ANGELES,LOS ANGELES,-118.24173736572266,33.95328140258789
9626332,2023,2023-10-18,1942,2023-09-22,1700,41680,1864,5,5,7,1942,0,0,0,R,0,18A34,CENTRAL AV,IMPERIAL HWY,0,NA,Y,A,-,N,NA,NA,NA,NA,NA,NA,NA,NA,NA,Y,3,0,1,2,A,-,01,23152,A,N,A,C,A,A,H,-,A,A,0,NA,NA,Y,NA,Y,Y,A,01,0,1,0,0,0,0,0,0,1,-,-,NA,NA,LOS ANGELES,LOS ANGELES,-118.25423431396484,33.92947006225586
9626333,2023,2024-01-11,1942,2023-09-20,1415,39028,0397,3,5,7,1942,0,0,0,C,0,MQ58,VERNON AV,RAYMOND AV,4,E,N,A,-,N,NA,NA,NA,NA,NA,NA,NA,NA,NA,Y,4,0,1,2,A,-,03,22350,NA,N,B,C,A,A,H,-,A,A,0,NA,NA,NA,NA,Y,NA,A,01,0,0,1,0,0,0,0,0,0,-,-,NA,NA,LOS ANGELES,LOS ANGELES,-118.2980499267578,34.003700256347656
9626334,2023,2023-10-18,1942,2023-09-25,1820,40726,0378,1,5,7,1942,0,0,0,C,0,25MX83,MLK JR BL,HOOVER ST,0,NA,Y,A,-,N,NA,NA,NA,NA,NA,NA,NA,NA,NA,Y,4,0,1,2,A,-,03,22350,NA,F,D,C,A,A,H,-,B,A,0,NA,NA,NA,NA,Y,NA,A,01,0,0,1,0,0,0,0,0,0,-,-,NA,NA,LOS ANGELES,LOS ANGELES,-118.28725433349608,34.01108169555664
9626335,2023,2023-10-18,1942,2023-09-08,912,37146,0321,5,5,7,1942,0,0,0,C,0,25T29,LA CIENEGA BL,OBAMA BL,75,N,N,A,-,N,NA,NA,NA,NA,NA,NA,NA,NA,NA,N,3,0,1,2,C,-,18,NA,NA,F,G,B,F,A,H,-,A,A,0,Y,NA,NA,NA,Y,NA,-,-,0,1,0,0,1,0,0,0,0,-,-,NA,NA,LOS ANGELES,LOS ANGELES,-118.37235260009766,34.02190399169922
9626336,2023,2023-10-18,1942,2023-09-07,1935,42633,0395,4,5,7,1942,0,0,0,C,0,25733,W VERNON AV,S WESTERN AV,155,W,N,A,-,N,NA,NA,NA,NA,NA,NA,NA,NA,NA,N,3,0,1,2,A,-,11,21954,A,F,G,B,D,A,H,-,C,D,0,Y,NA,NA,NA,Y,NA,N,60,0,1,0,0,1,0,0,0,0,-,-,NA,NA,LOS ANGELES,LOS ANGELES,-118.30944061279295,34.003719329833984
9626337,2023,2023-10-18,1942,2023-09-09,1930,39151,0397,6,5,7,1942,0,0,0,C,0,25T35,WALTON AV,42ND ST,130,S,N,A,-,N,NA,NA,NA,NA,NA,NA,NA,NA,NA,N,4,0,1,2,A,-,11,21954,A,F,D,B,D,A,H,-,C,D,0,Y,NA,NA,NA,Y,Y,N,60,0,0,1,0,1,0,0,0,0,-,-,NA,NA,LOS ANGELES,LOS ANGELES,-118.29481506347656,34.00694274902344
9626340,2023,2023-10-18,1956,2023-09-15,11,1344,54,5,5,5,1956,0,0,0,NA,0,005,INGLEWOOD AV,ARTESIA BL,150,N,N,A,-,N,NA,NA,NA,NA,NA,NA,NA,NA,NA,N,3,0,1,2,A,-,01,23152,A,N,C,C,A,A,H,-,C,D,0,NA,NA,NA,NA,Y,Y,A,01,0,1,0,0,0,0,0,0,0,-,-,33.8727912902832,-118.36122131347656,LOS ANGELES,REDONDO BEACH,-118.3613052368164,33.87321090698242
9626341,2023,2023-10-17,1956,2023-09-17,1942,1398,2,7,5,5,1956,0,0,0,NA,0,001,SOUTH CATALINA AV,AVE G,0,NA,Y,A,-,N,NA,NA,NA,NA,NA,NA,NA,NA,NA,Y,3,0,1,2,A,-,01,23152,A,N,D,C,A,A,H,-,C,D,0,NA,NA,NA,NA,Y,Y,A,01,0,1,0,0,0,0,0,0,0,-,-,33.821388244628906,-118.3884506225586,LOS ANGELES,REDONDO BEACH,-118.38842010498048,33.821380615234375
9626342,2023,2023-10-17,1956,2023-09-13,2250,1292,39,3,5,5,1956,0,0,0,NA,0,003,190TH ST,GREEN LN,370,W,N,A,-,N,NA,NA,NA,NA,NA,NA,NA,NA,NA,Y,2,0,4,3,A,-,03,22350,NA,N,F,A,A,A,H,-,C,D,0,NA,NA,Y,NA,Y,NA,C,02,1,1,2,0,0,0,0,0,1,-,-,NA,NA,LOS ANGELES,REDONDO BEACH,-118.37814331054688,33.85826110839844
9626348,2023,2023-10-17,1931,2023-09-23,740,5735,1931,6,5,5,1931,0,0,0,NA,0,004,FLORENCE AV,CEDAR ST,0,NA,N,A,-,N,NA,NA,NA,NA,NA,NA,NA,NA,NA,N,4,0,1,2,D,-,00,NA,NA,F,D,G,A,A,H,-,A,D,0,NA,Y,NA,NA,Y,NA,-,-,0,0,1,0,0,0,1,0,0,-,-,NA,NA,LOS ANGELES,HUNTINGTON PARK,-118.21341705322266,33.972965240478516
9626349,2023,2023-10-19,1972,2023-09-20,1512,21239,NA,3,5,6,1972,0,0,0,NA,0,NA,190TH ST,PRAIRIE AV,250,E,N,A,-,N,NA,NA,NA,NA,NA,NA,NA,NA,NA,N,3,0,1,2,A,-,09,21801,A,N,D,C,A,A,H,-,A,A,0,NA,Y,NA,NA,Y,NA,D,NA,0,1,0,0,0,0,1,0,0,-,-,NA,NA,LOS ANGELES,TORRANCE,-118.34304809570313,33.858280181884766
9626350,2023,2023-10-19,1972,2023-09-20,648,18059,NA,3,5,6,1972,0,0,0,NA,0,NA,DEL AMO,WAYNE,0,NA,Y,A,-,N,NA,NA,NA,NA,NA,NA,NA,NA,NA,N,3,0,1,2,A,-,10,21950,A,N,G,B,B,A,H,-,A,A,0,Y,NA,NA,NA,Y,NA,A,NA,0,1,0,0,1,0,0,0,0,-,-,NA,NA,LOS ANGELES,TORRANCE,-118.37316131591795,33.84858703613281
9626351,2023,2023-10-19,1972,2023-09-19,923,18059,NA,2,5,6,1972,0,0,0,NA,0,NA,DEL AMO,MARINER,0,NA,Y,A,-,N,NA,NA,NA,NA,NA,NA,NA,NA,NA,Y,4,0,1,2,A,-,12,21453,A,N,D,C,A,A,H,-,A,A,0,NA,NA,NA,NA,Y,NA,A,NA,0,0,1,0,0,0,0,0,0,-,-,NA,NA,LOS ANGELES,TORRANCE,-118.3496551513672,33.848575592041016
9626352,2023,2023-10-19,1972,2023-09-15,2147,22205,NA,5,5,6,1972,0,0,0,NA,0,NA,190TH ST,VAN NESS AV,630,W,N,A,-,N,NA,NA,NA,NA,NA,NA,NA,NA,NA,N,4,0,3,3,A,-,03,22350,NA,N,C,C,A,A,H,-,C,D,0,NA,NA,NA,NA,Y,NA,A,NA,0,0,3,0,0,0,0,0,0,-,-,NA,NA,LOS ANGELES,TORRANCE,-118.31989288330078,33.85833740234375
9626364,2023,2023-10-16,1956,2023-09-16,1640,1384,57,6,5,5,1956,0,0,0,NA,0,004,RINDGE LN,CURTIS AV,0,NA,Y,B,-,N,NA,NA,NA,NA,NA,NA,NA,NA,NA,N,3,0,1,2,A,-,12,22450,A,N,D,G,A,A,H,-,A,A,0,NA,Y,NA,NA,Y,NA,L,04,0,1,0,0,0,0,1,0,0,-,-,33.87754821777344,-118.37274932861328,LOS ANGELES,REDONDO BEACH,-118.3727798461914,33.877540588378906
9626365,2023,2023-10-16,1956,2023-09-14,1230,1384,9,4,5,5,1956,0,0,0,NA,0,001,BICYCLE PATH,SAPPHIRE ST,208,S,N,A,-,N,NA,NA,NA,NA,NA,NA,NA,NA,NA,N,2,0,2,2,A,-,11,21950,B,N,G,B,E,A,H,-,A,D,0,Y,Y,NA,NA,Y,NA,N,60,1,1,0,0,1,0,1,0,0,-,-,NA,NA,LOS ANGELES,REDONDO BEACH,NA,NA
9626366,2023,2023-10-16,1956,2023-09-14,1725,1384,55,4,5,5,1956,0,0,0,NA,0,005,INGLEWOOD AV,VOORHEES AV,0,NA,Y,A,-,N,NA,NA,NA,NA,NA,NA,NA,NA,NA,N,4,0,2,2,A,-,09,21801,A,N,D,C,A,A,H,-,A,D,0,NA,NA,NA,NA,Y,NA,A,01,0,0,2,0,0,0,0,0,0,-,-,33.876548767089844,-118.36122131347656,LOS ANGELES,REDONDO BEACH,-118.36132049560548,33.87662124633789
9626367,2023,2023-10-16,1956,2023-09-13,1731,1395,8,3,5,5,1956,0,0,0,NA,0,001,SOUTH CATALINA AV,AVENUE D,0,NA,Y,A,-,N,NA,NA,NA,NA,NA,NA,NA,NA,NA,N,4,0,1,2,A,-,09,21802,A,N,D,C,A,A,H,-,A,D,0,NA,NA,NA,NA,Y,NA,A,01,0,0,1,0,0,0,0,0,0,-,-,33.82453155517578,-118.38858795166016,LOS ANGELES,REDONDO BEACH,-118.38858032226564,33.824493408203125
9626368,2023,2023-10-16,1956,2023-09-13,1552,1395,24,3,5,5,1956,0,0,0,NA,0,002,N CATALINA AV,N CERTRUDA AV,263,N,N,A,-,N,NA,NA,NA,NA,NA,NA,NA,NA,NA,N,3,0,5,2,A,-,09,21804,A,N,D,C,A,A,H,-,A,D,0,NA,NA,NA,NA,Y,NA,A,07,0,2,3,0,0,0,0,0,0,-,-,NA,NA,LOS ANGELES,REDONDO BEACH,-118.39097595214844,33.85171127319336
9626369,2023,2023-10-16,1956,2023-09-27,1809,1395,64,3,5,5,1956,0,0,0,NA,0,005,ROBINSON ST,PHELAN LN,163,E,N,A,-,N,NA,NA,NA,NA,NA,NA,NA,NA,NA,N,3,0,1,2,A,-,12,22450,A,N,D,G,A,A,H,-,B,D,0,NA,Y,NA,NA,Y,NA,L,04,0,1,0,0,0,0,1,0,0,-,-,33.88010025024414,-119.36585998535156,LOS ANGELES,REDONDO BEACH,-118.36591339111328,33.88010025024414
9626373,2023,2023-10-16,1953,2023-09-24,1033,7601,1953,7,5,6,1953,0,0,0,NA,0,003,HILL AV,WASHINGTON BL,35,S,N,A,-,N,NA,NA,NA,NA,NA,NA,NA,NA,NA,Y,3,0,2,4,A,-,03,22350,NA,N,C,C,A,A,H,-,A,A,0,NA,NA,NA,NA,Y,NA,A,01,0,1,1,0,0,0,0,0,0,-,-,NA,NA,LOS ANGELES,PASADENA,-118.12152862548828,34.168975830078125
9626374,2023,2023-10-16,1953,2023-09-24,1130,5970,1953,7,5,6,1953,0,0,0,NA,0,1L32,ALLEN AV,MAPLE AV,0,NA,Y,A,-,N,NA,NA,NA,NA,NA,NA,NA,NA,NA,N,4,0,1,2,A,-,05,21650,1,M,D,G,A,A,H,-,A,A,0,NA,Y,NA,NA,Y,NA,L,04,0,0,1,0,0,0,1,0,0,-,-,NA,NA,LOS ANGELES,PASADENA,-118.11321258544922,34.15294647216797
9626375,2023,2023-10-16,1953,2023-09-22,713,5831,1953,5,5,6,1953,0,0,0,NA,0,001,BELLEFONTAINE ST,SAINT JOHN AV,25,S,N,A,-,N,NA,NA,NA,NA,NA,NA,NA,NA,NA,Y,3,0,1,2,A,-,03,22350,NA,N,E,E,A,A,H,-,A,D,0,NA,NA,NA,NA,Y,NA,A,01,0,1,0,0,0,0,0,0,0,-,-,NA,NA,LOS ANGELES,PASADENA,-118.15538024902344,34.131568908691406
9626376,2023,2023-10-16,1953,2023-09-18,2127,2039,1953,1,5,6,1953,0,0,0,NA,0,004,DEL MAR BL,EL NIDO AV,0,NA,Y,A,-,N,NA,NA,NA,NA,NA,NA,NA,NA,NA,N,2,0,1,2,A,-,03,22350,NA,F,A,B,B,A,H,-,C,D,0,Y,NA,NA,NA,Y,NA,A,01,1,0,0,0,1,0,0,0,0,-,-,NA,NA,LOS ANGELES,PASADENA,-118.08932495117188,34.14216613769531
9626377,2023,2023-10-16,1953,2023-09-19,827,7601,1953,2,5,6,1953,0,0,0,NA,0,002,LOS ROBLES AV,MOUNTAIN ST,60,N,N,A,-,N,NA,NA,NA,NA,NA,NA,NA,NA,NA,N,4,0,2,3,A,-,03,22350,NA,N,C,C,A,A,H,-,A,A,0,NA,NA,NA,NA,Y,NA,A,01,0,0,2,0,0,0,0,0,0,-,-,NA,NA,LOS ANGELES,PASADENA,-118.14157104492188,34.161685943603516
9626378,2023,2023-10-19,1953,2023-09-27,1600,4654,PASAD,3,5,6,1953,0,0,0,NA,0,002,WOODBURY RD,EL MOLINO AV,0,NA,Y,A,-,N,NA,NA,NA,NA,NA,NA,NA,NA,NA,N,4,0,1,2,A,-,12,22450,A,N,D,C,A,A,H,-,A,A,0,NA,NA,NA,NA,Y,NA,-,-,0,0,1,0,0,0,0,0,0,-,-,NA,NA,LOS ANGELES,PASADENA,-118.1368408203125,34.17914581298828
9626379,2023,2023-10-16,1953,2023-09-20,1531,4888,PASAD,3,5,6,1953,0,0,0,NA,0,004,ALTADENA DR,MAPLE ST,0,NA,Y,A,-,N,NA,NA,NA,NA,NA,NA,NA,NA,NA,Y,4,0,2,2,A,-,12,22450,NA,N,D,C,A,A,H,-,A,A,0,NA,NA,NA,NA,Y,NA,-,-,0,0,2,0,0,0,0,0,0,-,-,NA,NA,LOS ANGELES,PASADENA,-118.09864044189452,34.15312957763672
9626380,2023,2023-10-16,1953,2023-09-29,2255,1010,1953,5,5,6,1953,0,0,0,NA,0,002,MOUNTAIN ST,WRIGHT AV,0,NA,Y,A,-,N,NA,NA,NA,NA,NA,NA,NA,NA,NA,N,3,0,1,2,A,-,03,22350,NA,M,B,B,A,A,H,-,C,D,0,NA,Y,NA,NA,Y,NA,A,01,0,1,0,0,0,0,1,0,0,-,-,NA,NA,LOS ANGELES,PASADENA,-118.13502502441406,34.16155242919922
9626381,2023,2023-10-16,1942,2023-08-31,1050,42069,1255,4,5,7,1942,0,0,0,L,0,25TL31,VERMONT AV,84TH PL,208,N,N,A,-,N,NA,NA,NA,NA,NA,NA,NA,NA,NA,N,2,0,1,2,A,-,03,22350,NA,N,A,B,E,A,-,-,-,D,0,Y,NA,NA,NA,Y,NA,-,99,1,0,0,0,1,0,0,0,0,-,-,NA,NA,LOS ANGELES,LOS ANGELES,-118.29189300537108,33.96240997314453
9626382,2023,2023-11-16,1942,2023-08-30,5,39689,LOSAN,3,5,7,1942,0,0,0,NA,0,18A44,FIGUEROA ST,91ST ST,0,NA,Y,A,-,N,NA,NA,NA,NA,NA,NA,NA,NA,NA,N,2,0,1,2,A,-,00,20001,A,F,A,G,A,A,H,-,C,D,0,NA,Y,NA,NA,Y,NA,-,99,1,0,0,0,0,0,1,0,0,-,-,NA,NA,LOS ANGELES,LOS ANGELES,-118.28272247314452,33.954200744628906
9626383,2023,2023-10-16,1942,2023-08-10,1655,37618,0395,4,5,7,1942,0,0,0,C,0,25MX88,WESTERN AV,43RD ST,0,NA,Y,A,-,N,NA,NA,NA,NA,NA,NA,NA,NA,NA,N,4,0,1,2,A,-,00,29150,A,F,G,B,B,A,H,-,A,A,0,Y,NA,NA,NA,Y,NA,-,99,0,0,1,0,1,0,0,0,0,-,-,NA,NA,LOS ANGELES,LOS ANGELES,-118.30892944335938,34.0054817199707
9626384,2023,2023-10-16,1942,2023-08-09,1610,40099,0329,3,5,7,1942,0,0,0,C,0,25MQ56,FLOWER ST,29TH ST,7,N,N,A,-,N,NA,NA,NA,NA,NA,NA,NA,NA,NA,N,4,0,1,2,A,-,00,21450,1,F,D,G,A,A,H,-,A,A,0,NA,Y,NA,NA,Y,Y,L,04,0,0,1,0,0,0,1,0,0,-,-,NA,NA,LOS ANGELES,LOS ANGELES,-118.27626037597656,34.02527618408203
9626385,2023,2023-10-16,1942,2023-08-25,1600,45347,033,5,5,7,1942,0,0,0,C,0,3A99,NORMANDIE AV,35TH ST,20,W,N,A,-,N,NA,NA,NA,NA,NA,NA,NA,NA,NA,N,3,0,1,2,A,-,03,22350,NA,F,D,J,A,A,H,-,A,D,0,NA,NA,NA,NA,Y,NA,-,99,0,1,0,0,0,0,0,0,0,-,-,NA,NA,LOS ANGELES,LOS ANGELES,-118.30023956298828,34.02463150024414
9626386,2023,2023-10-16,1942,2023-08-29,1515,41704,0392,2,5,7,1942,0,0,0,C,0,25MQ57,CRENSHAW,48TH ST,50,S,N,A,-,N,NA,NA,NA,NA,NA,NA,NA,NA,NA,N,4,0,1,2,A,-,08,22107,NA,F,B,C,A,A,H,-,A,A,0,NA,NA,NA,NA,Y,NA,-,99,0,0,1,0,0,0,0,0,0,-,-,NA,NA,LOS ANGELES,LOS ANGELES,-118.33097076416016,33.99986267089844
9626465,2023,2023-10-17,1953,2023-09-01,939,8585,PASAD,5,5,6,1953,0,0,0,NA,0,005,N HUDSON AV,E COLORADO BL,280,N,N,A,-,N,NA,NA,NA,NA,NA,NA,NA,NA,NA,N,4,0,1,2,A,-,08,22107,NA,N,B,C,A,A,H,-,A,D,0,NA,NA,NA,NA,Y,NA,A,01,0,0,1,0,0,0,0,0,0,-,-,NA,NA,LOS ANGELES,PASADENA,-118.13390350341795,34.14665603637695
9626500,2023,2023-10-24,1900,2023-08-24,1854,643386,0456,4,5,6,1949,0,0,0,NA,0,43T1,ROSECRANS AV,BLOOMFIELD AV,164,E,N,A,-,N,NA,NA,NA,NA,NA,NA,NA,NA,NA,Y,4,0,1,2,A,-,03,22350,NA,N,C,C,A,A,H,-,A,D,0,NA,NA,NA,NA,Y,NA,D,22,0,0,1,0,0,0,0,0,0,-,-,NA,NA,LOS ANGELES,NORWALK,-118.06356811523438,33.90226745605469
9626535,2023,2023-11-04,1900,2023-09-02,1459,499039,1516,6,5,5,1954,0,0,0,NA,0,151T2,TELEGRAPH RD,SAMOLINE AV,90,E,N,A,-,N,NA,NA,NA,NA,NA,NA,NA,NA,NA,N,4,0,1,2,A,-,08,22107,NA,M,B,E,A,A,H,-,A,D,0,NA,NA,NA,Y,Y,NA,F,26,0,0,1,0,0,0,0,0,0,-,-,33.99861145019531,-118.0824966430664,LOS ANGELES,PICO RIVERA,-118.11612701416016,33.96772384643555
9626539,2023,2023-10-24,1900,2023-08-22,812,621336,1515,2,5,5,1954,0,0,0,NA,0,151F,PASSONS BL,WAMPLER ST,3,W,N,A,-,N,NA,NA,NA,NA,NA,NA,NA,NA,NA,Y,3,0,2,2,A,-,09,21802,A,N,A,C,A,A,H,-,A,A,0,NA,NA,NA,NA,Y,NA,D,22,0,2,0,0,0,0,0,0,0,-,-,33.98149871826172,-118.0885009765625,LOS ANGELES,PICO RIVERA,-118.08875274658205,33.98115158081055
9626544,2023,2023-11-06,1900,2023-09-05,1624,643386,0453,2,5,6,1949,0,0,0,NA,0,43T1,IMPERIAL HWY,ORR AND DAY RD,70,W,N,A,-,N,NA,NA,NA,NA,NA,NA,NA,NA,NA,Y,4,0,1,3,A,-,03,22350,NA,N,C,C,A,A,H,-,A,D,0,NA,NA,NA,NA,Y,NA,D,22,0,0,1,0,0,0,0,0,0,-,-,NA,NA,LOS ANGELES,NORWALK,-118.09192657470705,33.917171478271484
9626554,2023,2023-10-24,1970,2023-08-14,1125,218,NA,1,5,4,1970,0,0,0,NA,0,003,PASADENA AV,MONTEREY AV,0,NA,Y,A,-,N,NA,NA,NA,NA,NA,NA,NA,NA,NA,Y,3,0,1,2,A,-,09,21453,C,N,A,C,A,A,H,-,A,A,0,NA,NA,NA,NA,Y,NA,D,22,0,1,0,0,0,0,0,0,0,-,-,NA,NA,LOS ANGELES,SOUTH PASADENA,-118.16976165771484,34.11180877685547
9626568,2023,2023-10-17,1900,2023-09-29,1300,661687,2248,5,5,3,1989,0,0,0,NA,0,225,OLD TOPANGA RD,BLUE BIRD DR,0,NA,Y,A,-,N,NA,NA,NA,NA,NA,NA,NA,NA,NA,Y,3,0,1,2,A,-,08,22100,5,N,D,C,A,A,H,-,A,A,0,NA,NA,NA,NA,Y,NA,A,01,0,1,0,0,0,0,0,0,0,-,-,34.141658782958984,-118.63101959228516,LOS ANGELES,CALABASAS,-118.63103485107422,34.14166259765625
9626569,2023,2023-10-24,1900,2023-09-24,1455,656786,2245,7,5,3,1989,0,0,0,NA,0,226,CALABASAS RD,RT 101,15,S,N,A,-,Y,LA,7,101,-,-,28.669,R,4,S,Y,3,0,3,2,A,-,12,21453,A,N,D,C,A,A,H,-,A,A,0,NA,NA,NA,NA,Y,NA,A,01,0,3,0,0,0,0,0,0,0,-,SO,34.15108871459961,-118.65657043457033,LOS ANGELES,CALABASAS,-118.65828704833984,34.15130615234375
9626570,2023,2023-10-17,1900,2023-09-13,1523,664477,2221,3,5,3,1994,0,0,0,NA,0,225P,THOUSAND OAKS BL,KANAN RD,90,W,N,A,-,N,NA,NA,NA,NA,NA,NA,NA,NA,NA,Y,4,0,1,3,B,-,22,NA,NA,N,A,C,A,A,H,-,A,A,0,NA,NA,NA,NA,Y,NA,A,01,0,0,1,0,0,0,0,0,0,-,-,34.15399932861328,-118.75753021240234,LOS ANGELES,AGOURA HILLS,-118.75746154785156,34.15404510498047
9626571,2023,2023-10-19,1900,2023-09-19,1819,611688,2246,2,5,3,1989,0,0,0,NA,0,224T2,CALABASAS RD,PARKWAY CALABASAS,1170,E,N,A,-,N,NA,NA,NA,NA,NA,NA,NA,NA,NA,Y,2,0,1,2,A,-,03,22350,NA,N,C,G,A,A,H,-,A,D,0,NA,Y,NA,NA,Y,NA,A,01,1,0,0,0,0,0,1,0,0,-,-,34.15147018432617,-118.6553192138672,LOS ANGELES,CALABASAS,-118.65550994873048,34.15210723876953
9626572,2023,2023-10-16,1900,2023-09-10,1810,517840,1013,7,5,3,1995,0,0,0,NA,0,101T1,BIRDVIEW AV,BLUEWATER RD,663,W,N,A,-,N,NA,NA,NA,NA,NA,NA,NA,NA,NA,N,3,0,1,2,A,-,08,22107,NA,N,C,B,E,A,H,-,A,D,0,Y,NA,NA,NA,Y,NA,A,07,0,1,0,0,1,0,0,0,0,-,-,34.0107307434082,-118.81533813476564,LOS ANGELES,MALIBU,-118.8151397705078,34.01060104370117
9626573,2023,2023-10-19,1900,2023-09-13,2038,676863,2245,3,5,3,1989,0,0,0,NA,0,224A,PARK ORA RD,PARK SIENNA,0,NA,Y,A,-,N,NA,NA,NA,NA,NA,NA,NA,NA,NA,N,3,0,2,2,A,-,08,22107,NA,N,A,C,A,A,H,-,C,D,0,NA,NA,NA,NA,Y,NA,A,01,0,1,1,0,0,0,0,0,0,-,-,34.14889144897461,-118.63385772705078,LOS ANGELES,CALABASAS,-118.63002014160156,34.14881134033203
9626574,2023,2023-10-17,1900,2023-09-19,1749,672481,2262,2,5,2,1993,0,0,0,NA,0,225A,THOUSAND OAKS BL,LA BAYA DR,0,NA,Y,A,-,N,NA,NA,NA,NA,NA,NA,NA,NA,NA,Y,3,0,1,2,A,-,17,21461,A,N,D,C,A,A,H,-,B,D,0,NA,NA,NA,NA,Y,NA,A,07,0,1,0,0,0,0,0,0,0,-,-,34.157318115234375,-118.80274200439452,LOS ANGELES,WESTLAKE VILLAGE,-118.8026123046875,34.15732192993164