CASE_ID,ACCIDENT_YEAR,PROC_DATE,JURIS,COLLISION_DATE,COLLISION_TIME,OFFICER_ID,REPORTING_DISTRICT,DAY_OF_WEEK,CHP_SHIFT,POPULATION,CNTY_CITY_LOC,SPECIAL_COND,BEAT_TYPE,CHP_BEAT_TYPE,CITY_DIVISION_LAPD,CHP_BEAT_CLASS,BEAT_NUMBER,PRIMARY_RD,SECONDARY_RD,DISTANCE,DIRECTION,INTERSECTION,WEATHER_1,WEATHER_2,STATE_HWY_IND,CALTRANS_COUNTY,CALTRANS_DISTRICT,STATE_ROUTE,ROUTE_SUFFIX,POSTMILE_PREFIX,POSTMILE,LOCATION_TYPE,RAMP_INTERSECTION,SIDE_OF_HWY,TOW_AWAY,COLLISION_SEVERITY,NUMBER_KILLED,NUMBER_INJURED,PARTY_COUNT,PRIMARY_COLL_FACTOR,PCF_CODE_OF_VIOL,PCF_VIOL_CATEGORY,PCF_VIOLATION,PCF_VIOL_SUBSECTION,HIT_AND_RUN,TYPE_OF_COLLISION,MVIW,PED_ACTION,ROAD_SURFACE,ROAD_COND_1,ROAD_COND_2,LIGHTING,CONTROL_DEVICE,CHP_ROAD_TYPE,PEDESTRIAN_ACCIDENT,BICYCLE_ACCIDENT,MOTORCYCLE_ACCIDENT,TRUCK_ACCIDENT,NOT_PRIVATE_PROPERTY,ALCOHOL_INVOLVED,STWD_VEHTYPE_AT_FAULT,CHP_VEHTYPE_AT_FAULT,COUNT_SEVERE_INJ,COUNT_VISIBLE_INJ,COUNT_COMPLAINT_PAIN,COUNT_PED_KILLED,COUNT_PED_INJURED,COUNT_BICYCLIST_KILLED,COUNT_BICYCLIST_INJURED,COUNT_MC_KILLED,COUNT_MC_INJURED,PRIMARY_RAMP,SECONDARY_RAMP,LATITUDE,LONGITUDE,COUNTY,CITY,POINT_X,POINT_Y
9626575,2023,2023-10-16,1953,2023-09-21,1345,7601,1953,4,5,6,1953,0,0,0,NA,0,003,WALNUT AV,CRAIG AV,0,NA,Y,A,-,N,NA,NA,NA,NA,NA,NA,NA,NA,NA,Y,4,0,1,2,A,-,12,22450,A,N,D,C,A,A,H,-,A,A,0,NA,NA,NA,NA,Y,NA,A,07,0,0,1,0,0,0,0,0,0,-,-,NA,NA,LOS ANGELES,PASADENA,-118.1062240600586,34.148860931396484
9626576,2023,2023-10-16,1953,2023-09-25,1801,7706,1953,1,5,6,1953,0,0,0,NA,0,003,WASHINGTON BL,CATALINA AV,0,NA,Y,A,-,N,NA,NA,NA,NA,NA,NA,NA,NA,NA,Y,3,0,4,2,A,-,12,21453,A,N,D,C,A,A,H,-,A,A,0,NA,NA,NA,NA,Y,NA,A,01,0,1,3,0,0,0,0,0,0,-,-,NA,NA,LOS ANGELES,PASADENA,-118.12960052490234,34.169002532958984
9626577,2023,2023-10-16,1953,2023-09-25,1741,9610,1953,1,5,6,1953,0,0,0,NA,0,003,DEL MAR BL,BERKELEY AV,0,NA,Y,A,-,N,NA,NA,NA,NA,NA,NA,NA,NA,NA,Y,4,0,1,2,A,-,12,21453,A,N,D,C,A,A,H,-,A,A,0,NA,NA,NA,NA,Y,NA,A,01,0,0,1,0,0,0,0,0,0,-,-,NA,NA,LOS ANGELES,PASADENA,-118.10945892333984,34.14197540283203
9626578,2023,2023-10-16,1953,2023-09-11,2109,0790,PASAD,1,5,6,1953,0,0,0,NA,0,002,LINCOLN AV,CANADA AV,286,NA,N,A,-,N,NA,NA,NA,NA,NA,NA,NA,NA,NA,Y,4,0,1,2,A,-,03,22350,NA,M,C,C,A,A,H,-,C,A,0,NA,NA,NA,NA,Y,Y,A,01,0,0,1,0,0,0,0,0,0,-,-,NA,NA,LOS ANGELES,PASADENA,-118.15962982177734,34.175880432128906
9626579,2023,2023-10-16,1953,2023-09-02,1723,8585,PASAD,6,5,6,1953,0,0,0,NA,0,004,E MAPLE ST,N ALTADENA DR,0,NA,Y,B,-,N,NA,NA,NA,NA,NA,NA,NA,NA,NA,Y,3,0,3,2,A,-,12,21453,A,N,D,C,A,A,H,-,A,A,0,NA,NA,NA,NA,Y,NA,A,01,0,1,2,0,0,0,0,0,0,-,-,NA,NA,LOS ANGELES,PASADENA,-118.09864044189452,34.15312957763672
9626580,2023,2023-10-16,1953,2023-09-06,827,3775,1953,3,5,6,1953,0,0,0,NA,0,001,GLENARM ST,EUCLID AV,50,E,N,A,-,N,NA,NA,NA,NA,NA,NA,NA,NA,NA,Y,4,0,1,2,A,-,04,21703,NA,N,C,C,A,A,H,-,A,A,0,NA,NA,NA,NA,Y,NA,A,07,0,0,1,0,0,0,0,0,0,-,-,NA,NA,LOS ANGELES,PASADENA,-118.14260864257813,34.12757110595703
9626637,2023,2023-10-18,1900,2023-09-07,1540,499039,1517,4,5,5,1954,0,0,0,NA,0,151T2,ROSEMEAD BL,DANBRIDGE ST,150,N,N,A,-,N,NA,NA,NA,NA,NA,NA,NA,NA,NA,N,4,0,1,2,A,-,04,21703,NA,N,C,C,A,A,H,-,A,A,0,NA,NA,NA,NA,Y,NA,A,01,0,0,1,0,0,0,0,0,0,-,-,33.980289459228516,-118.09913635253906,LOS ANGELES,PICO RIVERA,-118.0989990234375,33.980491638183594
9626638,2023,2023-10-18,1900,2023-09-06,1725,499039,1510,3,5,5,1954,0,0,0,NA,0,151T2,PARAMOUNT BL,CALICO AV,150,N,N,A,-,N,NA,NA,NA,NA,NA,NA,NA,NA,NA,N,4,0,3,2,A,-,03,22350,NA,N,C,C,A,A,H,-,A,A,0,NA,NA,NA,NA,Y,NA,A,01,0,0,3,0,0,0,0,0,0,-,-,34.010250091552734,-118.08606719970705,LOS ANGELES,PICO RIVERA,-118.086181640625,34.01015853881836
9626647,2023,2023-10-18,1900,2023-09-02,1215,489533,0453,6,5,6,1949,0,0,0,NA,0,43T1,IMPERIAL HWY,PIONEER BL,0,NA,Y,A,-,N,NA,NA,NA,NA,NA,NA,NA,NA,NA,Y,4,0,2,2,A,-,12,21453,A,N,D,C,A,A,H,-,A,A,0,NA,NA,NA,NA,Y,NA,A,07,0,0,2,0,0,0,0,0,0,-,-,NA,NA,LOS ANGELES,NORWALK,-118.08190155029295,33.91709518432617
9626713,2023,2023-11-06,1900,2023-09-20,1039,635346,0454,3,5,6,1949,0,0,0,NA,0,43T1D,SAN ANTONIO DR,FIRESTONE BL,20,N,N,A,-,N,NA,NA,NA,NA,NA,NA,NA,NA,NA,N,4,0,1,2,A,-,03,22350,NA,N,C,C,A,A,H,-,A,A,0,NA,NA,NA,NA,Y,NA,A,07,0,0,1,0,0,0,0,0,0,-,-,NA,NA,LOS ANGELES,NORWALK,-118.0757293701172,33.90943908691406
9626714,2023,2023-11-06,1900,2023-09-20,1634,635346,0455,3,5,6,1949,0,0,0,NA,0,43T1O,EXCELSIOR DR,GRIDLEY RD,0,NA,Y,A,-,N,NA,NA,NA,NA,NA,NA,NA,NA,NA,N,2,0,1,2,A,-,12,22450,A,N,D,G,A,A,H,-,A,A,0,NA,Y,NA,NA,Y,NA,L,04,1,0,0,0,0,0,1,0,0,-,-,NA,NA,LOS ANGELES,NORWALK,-118.09125518798828,33.89483642578125
9626715,2023,2023-11-06,1900,2023-09-27,753,635346,0455,3,5,6,1949,0,0,0,NA,0,43T10,MAPLEDALE ST,PIONEER BL,0,NA,Y,A,-,N,NA,NA,NA,NA,NA,NA,NA,NA,NA,Y,4,0,1,2,A,-,12,21453,A,M,D,C,A,A,H,-,A,A,0,NA,NA,NA,NA,Y,NA,A,01,0,0,1,0,0,0,0,0,0,-,-,NA,NA,LOS ANGELES,NORWALK,-118.08280181884766,33.89849853515625
9626716,2023,2023-11-06,1900,2023-09-18,2145,642089,0467,1,5,4,1936,0,0,0,NA,0,46T1,BEACH BL,HILLSBOROUGH DR,45,N,N,A,-,N,NA,NA,NA,NA,NA,NA,NA,NA,NA,N,3,0,1,2,A,-,03,22350,NA,N,C,C,A,A,H,-,C,A,0,NA,NA,NA,NA,Y,NA,A,01,0,1,0,0,0,0,0,0,0,-,-,NA,NA,LOS ANGELES,LA MIRADA,-117.97767639160156,33.908592224121094
9626717,2023,2023-11-06,1900,2023-09-06,1631,672196,0452,3,5,6,1949,0,0,0,NA,0,43T11P,LAKELAND RD,PIONEER BL,130,W,N,A,-,N,NA,NA,NA,NA,NA,NA,NA,NA,NA,Y,4,0,1,2,A,-,09,21804,A,N,D,C,A,A,H,-,A,D,0,NA,NA,NA,NA,Y,NA,A,01,0,0,1,0,0,0,0,0,0,-,-,NA,NA,LOS ANGELES,NORWALK,-118.08226013183594,33.931678771972656
9626718,2023,2023-11-06,1900,2023-09-24,1800,635564,0459,7,5,6,1949,0,0,0,NA,0,45T1P,MAPLEDALE ST,MARILLA AV,0,NA,Y,A,-,N,NA,NA,NA,NA,NA,NA,NA,NA,NA,N,2,0,3,4,A,-,10,21950,A,N,G,B,D,A,H,-,B,D,0,Y,NA,NA,NA,Y,NA,A,01,1,2,0,0,3,0,0,0,0,-,-,NA,NA,LOS ANGELES,NORWALK,-118.04753875732422,33.89876937866211
9626719,2023,2023-11-06,1900,2023-09-08,1430,650094,0467,5,5,4,1936,0,0,0,NA,0,46T1,HILLSBOROUGH DR,BEACH BL,0,NA,Y,A,-,N,NA,NA,NA,NA,NA,NA,NA,NA,NA,Y,4,0,1,2,A,-,12,21453,A,N,F,C,A,A,H,-,A,A,0,NA,NA,NA,NA,Y,NA,A,01,0,0,1,0,0,0,0,0,0,-,-,NA,NA,LOS ANGELES,LA MIRADA,-117.9777603149414,33.90848922729492
9626720,2023,2023-11-06,1900,2023-09-08,712,600889,0463,5,5,4,1936,0,0,0,NA,0,46K2,TELEGRAPH RD,SPRINGVIEW DR,0,NA,Y,A,-,N,NA,NA,NA,NA,NA,NA,NA,NA,NA,Y,3,0,2,2,A,-,12,21453,A,N,D,C,A,A,H,-,A,A,0,NA,NA,NA,NA,Y,NA,A,01,0,1,1,0,0,0,0,0,0,-,-,NA,NA,LOS ANGELES,LA MIRADA,-118.01753997802734,33.92057800292969
9626721,2023,2023-11-06,1900,2023-09-19,1800,630211,0457,2,5,6,1949,0,0,0,NA,0,45T1/P,STUDEBAKER RD,ALONDRA BL,269,N,N,A,-,N,NA,NA,NA,NA,NA,NA,NA,NA,NA,NA,2,0,1,2,A,-,00,21955,A,N,D,B,D,A,H,-,A,D,0,Y,NA,Y,NA,Y,NA,N,60,1,0,0,0,1,0,0,0,0,-,-,NA,NA,LOS ANGELES,NORWALK,-118.09998321533205,33.888336181640625
9626722,2023,2023-11-07,1900,2023-09-30,920,612130,0453,6,5,6,1949,0,0,0,NA,0,43T1/D,IMPEREAL HIGHWAY,CURTIS AND KING RD,705,W,N,B,-,N,NA,NA,NA,NA,NA,NA,NA,NA,NA,Y,4,0,1,2,A,-,07,21658,A,N,B,C,A,A,H,-,A,D,0,NA,NA,NA,NA,Y,NA,A,07,0,0,1,0,0,0,0,0,0,-,-,NA,NA,LOS ANGELES,NORWALK,-118.11026000976564,33.91682815551758
9626723,2023,2023-11-07,1900,2023-09-04,2119,643386,0455,1,5,6,1949,0,0,0,NA,0,43T1,MAPLEDALE AT,JERSEY AV,105,E,N,A,-,N,NA,NA,NA,NA,NA,NA,NA,NA,NA,Y,3,0,1,2,A,-,08,22107,NA,N,C,E,A,A,H,-,C,D,0,NA,NA,NA,NA,Y,NA,A,07,0,1,0,0,0,0,0,0,0,-,-,NA,NA,LOS ANGELES,NORWALK,-118.08603668212892,33.89849090576172
9626724,2023,2023-11-07,1900,2023-09-20,1513,646457,0460,3,5,4,1936,0,0,0,NA,0,46T1,LEFFINGWELL RD,TOERGE DR,0,NA,Y,A,-,N,NA,NA,NA,NA,NA,NA,NA,NA,NA,N,4,0,1,2,A,-,09,21802,A,N,D,C,A,A,H,-,A,A,0,NA,NA,NA,NA,Y,NA,A,07,0,0,1,0,0,0,0,0,0,-,-,NA,NA,LOS ANGELES,LA MIRADA,-118.00917053222656,33.927371978759766
9626725,2023,2023-11-06,1900,2023-09-03,1554,625433,0456,7,5,6,1949,0,0,0,NA,0,45T1/E,GRAYLAND AV,MAPLEDALE ST,0,NA,Y,A,-,N,NA,NA,NA,NA,NA,NA,NA,NA,NA,N,4,0,3,2,A,-,03,22350,NA,M,D,C,A,A,H,-,A,A,0,NA,NA,NA,NA,Y,NA,A,01,0,0,3,0,0,0,0,0,0,-,-,NA,NA,LOS ANGELES,NORWALK,-118.07621002197266,33.8985710144043
9626726,2023,2023-11-06,1900,2023-09-10,2043,625433,0456,7,5,6,1949,0,0,0,NA,0,45T1,SHOEMAKER AV,ALONDRA BL,0,NA,Y,A,-,N,NA,NA,NA,NA,NA,NA,NA,NA,NA,N,4,0,1,2,A,-,03,22350,NA,F,D,C,A,A,H,-,C,A,0,NA,NA,NA,NA,Y,NA,-,99,0,0,1,0,0,0,0,0,0,-,-,NA,NA,LOS ANGELES,NORWALK,-118.05538177490234,33.88773727416992
9626727,2023,2023-11-07,1900,2023-09-14,703,LM1406,0464,4,5,4,1936,0,0,0,NA,0,46Z/D,ADELFA DR,ROSECRANS AV,0,NA,Y,A,-,N,NA,NA,NA,NA,NA,NA,NA,NA,NA,N,3,0,1,2,A,-,09,21801,A,N,D,G,A,A,H,-,A,A,0,NA,Y,NA,NA,Y,NA,A,01,0,1,0,0,0,0,1,0,0,-,-,33.89896011352539,-118.0051498413086,LOS ANGELES,LA MIRADA,-118.00521850585938,33.898895263671875
9626761,2023,2023-10-21,1942,2023-09-11,1610,35936,0353,1,5,7,1942,0,0,0,C,0,25T31,OBAMA BL,POTOMAC AV,0,NA,Y,A,-,N,NA,NA,NA,NA,NA,NA,NA,NA,NA,Y,2,0,7,4,A,-,12,22450,A,N,D,C,A,A,H,-,A,A,0,NA,NA,NA,NA,Y,NA,A,01,2,5,0,0,0,0,0,0,0,-,-,NA,NA,LOS ANGELES,LOS ANGELES,-118.34422302246094,34.02146530151367
9626762,2023,2023-10-21,1942,2023-09-15,2055,40529,0321,5,5,7,1942,0,0,0,C,0,25T31,OBAMA BL,LA BREA AV,0,NA,Y,A,-,N,NA,NA,NA,NA,NA,NA,NA,NA,NA,N,2,0,1,3,A,-,09,21801,A,N,D,C,A,A,H,-,C,A,0,NA,NA,Y,NA,Y,NA,C,02,1,0,0,0,0,0,0,0,1,-,-,NA,NA,LOS ANGELES,LOS ANGELES,-118.35561370849608,34.02153015136719
9626763,2023,2023-10-21,1942,2023-09-21,2310,40957,0376,4,5,7,1942,0,0,0,C,0,25T37,MARTIN LUTHER KING JR BL,HARVARD BL,0,NA,Y,A,-,N,NA,NA,NA,NA,NA,NA,NA,NA,NA,Y,2,0,1,2,A,-,01,23152,A,N,G,B,B,A,H,-,C,D,0,Y,NA,NA,NA,Y,Y,A,01,1,0,0,0,1,0,0,0,0,-,-,NA,NA,LOS ANGELES,LOS ANGELES,-118.30672454833984,34.01084518432617
9626764,2023,2023-10-21,1942,2023-09-11,700,43477,0501,1,5,7,1942,0,0,0,E,0,25T21,185TH ST,NORMANDIE AV,20,W,N,A,-,N,NA,NA,NA,NA,NA,NA,NA,NA,NA,N,2,0,1,2,A,-,11,21956,A,N,G,B,E,A,H,-,A,D,0,Y,NA,NA,NA,Y,NA,N,60,1,0,0,0,1,0,0,0,0,-,-,NA,NA,LOS ANGELES,LOS ANGELES,-118.29963684082033,33.862911224365234
9626765,2023,2023-10-21,1942,2023-09-14,35,45420,1208,4,5,7,1942,0,0,0,L,0,12A69,FIGUEROA ST,51ST ST,132,S,N,A,-,N,NA,NA,NA,NA,NA,NA,NA,NA,NA,Y,2,0,1,3,A,-,03,22350,NA,N,B,D,A,A,H,-,C,D,0,NA,NA,NA,NA,Y,NA,A,01,1,0,0,0,0,0,0,0,0,-,-,NA,NA,LOS ANGELES,LOS ANGELES,-118.28270721435548,33.996116638183594
9626791,2023,2023-10-24,1900,2023-09-02,1441,642065,0530,6,5,5,1959,0,0,0,NA,0,54PM,ROSEMEAD BL,BENTEL AV,157,N,N,A,-,N,NA,NA,NA,NA,NA,NA,NA,NA,NA,N,3,0,2,3,A,-,04,21703,NA,N,C,C,A,A,H,-,A,A,0,NA,NA,NA,NA,Y,NA,A,01,0,2,0,0,0,0,0,0,0,-,-,34.08209991455078,-118.07330322265624,LOS ANGELES,ROSEMEAD,-118.07318878173828,34.08230972290039
9626792,2023,2023-10-24,1900,2023-09-14,1509,655349,052,4,5,4,1971,0,0,0,NA,0,51PM,TEMPLE CITY BL,LONGDEN AV,65,S,N,A,-,N,NA,NA,NA,NA,NA,NA,NA,NA,NA,N,3,0,1,2,D,-,00,NA,NA,N,B,C,A,A,H,-,A,D,0,NA,NA,Y,NA,Y,NA,-,-,0,1,0,0,0,0,0,0,1,-,-,34.113609313964844,-118.06224822998048,LOS ANGELES,TEMPLE CITY,-118.0622787475586,34.113685607910156
9626793,2023,2023-10-24,1900,2023-09-15,1216,606776,0541,5,5,3,1921,0,0,0,NA,0,58T1AM,BUENA VISTA ST,CENTRAL AV,82,S,N,A,-,N,NA,NA,NA,NA,NA,NA,NA,NA,NA,Y,4,0,1,2,A,-,09,21453,C,N,A,C,A,A,H,-,A,A,0,NA,NA,NA,NA,Y,NA,A,01,0,0,1,0,0,0,0,0,0,-,-,34.1356315612793,-117.9776611328125,LOS ANGELES,DUARTE,-117.97755432128906,34.135684967041016
9626794,2023,2023-10-23,1900,2023-09-02,1456,642065,0533,6,5,5,1959,0,0,0,NA,0,541PM,GARVEY AV,SAN GABRIEL BL,5,E,N,A,-,N,NA,NA,NA,NA,NA,NA,NA,NA,NA,N,2,0,1,2,A,-,11,21954,A,N,G,B,B,A,H,-,A,A,0,Y,NA,NA,NA,Y,NA,N,60,1,0,0,0,1,0,0,0,0,-,-,34.062599182128906,-118.09020233154295,LOS ANGELES,ROSEMEAD,-118.09049224853516,34.06264114379883
9626795,2023,2023-10-23,1900,2023-09-27,2244,519502,0533,3,5,5,1959,0,0,0,NA,0,53T1EM,SAN GABRIEL BL,GARVEY AV,404,S,N,A,-,N,NA,NA,NA,NA,NA,NA,NA,NA,NA,N,2,0,1,2,A,-,11,21954,A,N,G,B,D,A,H,-,C,D,0,Y,NA,NA,NA,Y,Y,N,60,1,0,0,0,1,0,0,0,0,-,-,34.061439514160156,-118.09047698974608,LOS ANGELES,ROSEMEAD,-118.0905532836914,34.0615348815918
9626796,2023,2023-10-23,1900,2023-09-24,1220,626545,0524,7,5,4,1971,0,0,0,NA,0,52T1PM,SPARKLETT ST,CAMELLIA AV,60,W,N,A,-,N,NA,NA,NA,NA,NA,NA,NA,NA,NA,N,3,0,1,2,A,-,08,22107,NA,N,A,C,A,A,H,-,A,D,0,NA,NA,NA,NA,Y,NA,A,01,0,1,0,0,0,0,0,0,0,-,-,34.0920295715332,-118.05670166015624,LOS ANGELES,TEMPLE CITY,-118.0566864013672,34.0920524597168
9626797,2023,2023-10-23,1900,2023-09-30,2140,617953,0541,6,5,3,1921,0,0,0,NA,0,58T1PM,FASANA RD,GLENFORD AV,95,E,N,B,C,N,NA,NA,NA,NA,NA,NA,NA,NA,NA,N,3,0,1,2,A,-,11,21954,A,N,G,B,D,B,H,-,C,D,0,Y,NA,NA,NA,Y,NA,N,60,0,1,0,0,1,0,0,0,0,-,-,34.13425064086914,-117.96955871582033,LOS ANGELES,DUARTE,-117.96963500976564,34.134239196777344
9626821,2023,2023-10-20,1970,2023-08-23,742,195,SPB4,3,5,4,1970,0,0,0,NA,0,004,FREMONT AV,ROLLIN ST,0,NA,Y,A,-,N,NA,NA,NA,NA,NA,NA,NA,NA,NA,N,4,0,1,2,A,-,09,21801,A,N,D,G,A,A,H,-,A,A,0,NA,Y,NA,NA,Y,NA,L,04,0,0,1,0,0,0,1,0,0,-,-,NA,NA,LOS ANGELES,SOUTH PASADENA,-118.15317535400392,34.10889434814453
9626822,2023,2023-10-20,1970,2023-08-16,1644,195,SPB2,3,5,4,1970,0,0,0,NA,0,002,MONTEREY AV,BRENT AV,0,NA,Y,A,-,N,NA,NA,NA,NA,NA,NA,NA,NA,NA,N,3,0,1,2,A,-,05,21650,NA,N,H,G,A,A,H,-,A,A,0,NA,Y,NA,NA,Y,NA,L,04,0,1,0,0,0,0,1,0,0,-,-,NA,NA,LOS ANGELES,SOUTH PASADENA,-118.14901733398438,34.11222457885742
9626823,2023,2023-10-20,1900,2023-08-10,750,529141,1513,4,5,5,1954,0,0,0,NA,0,151T1,LOS TOROS AV,TOWNLEY DR,222,S,N,A,-,N,NA,NA,NA,NA,NA,NA,NA,NA,NA,N,3,0,1,2,A,-,21,22106,NA,N,C,C,A,A,H,-,A,D,0,NA,NA,NA,NA,Y,NA,A,07,0,1,0,0,0,0,0,0,0,-,-,33.99769973754883,-118.089599609375,LOS ANGELES,PICO RIVERA,-118.08953857421876,33.99773406982422
9626825,2023,2023-11-06,1900,2023-08-30,1830,677322,0459,3,5,6,1949,0,0,0,NA,0,43T1PM,ROSECRANS AV,GREENSTONE AV,0,NA,Y,A,-,N,NA,NA,NA,NA,NA,NA,NA,NA,NA,Y,2,0,1,2,A,-,12,21453,A,N,D,C,A,A,H,-,A,A,0,NA,NA,Y,NA,Y,NA,-,-,1,0,0,0,0,0,0,0,1,-,-,NA,NA,LOS ANGELES,NORWALK,-118.05780029296876,33.90229797363281
9626833,2023,2023-10-20,1942,2023-08-26,1955,39151,0541,6,5,7,1942,0,0,0,E,0,25T3,PARK WESTERN DR,WESTERN AV,23,E,N,A,-,N,NA,NA,NA,NA,NA,NA,NA,NA,NA,Y,3,0,1,1,A,-,03,22350,NA,N,A,I,A,A,H,-,C,D,0,NA,NA,NA,NA,Y,NA,A,01,0,1,0,0,0,0,0,0,0,-,-,NA,NA,LOS ANGELES,LOS ANGELES,-118.3088607788086,33.75214385986328
9626834,2023,2023-10-20,1942,2023-08-23,740,35393,0522,3,5,7,1942,0,0,0,E,0,25T21,F ST,NEPTUNE AV,0,NA,Y,A,-,N,NA,NA,NA,NA,NA,NA,NA,NA,NA,N,3,0,3,4,A,-,10,21950,A,N,G,B,B,A,H,-,A,A,0,Y,NA,NA,NA,Y,NA,A,01,0,3,0,0,3,0,0,0,0,-,-,NA,NA,LOS ANGELES,LOS ANGELES,-118.26874542236328,33.7767219543457
9626837,2023,2023-10-20,1900,2023-08-28,730,606767,0523,1,5,4,1971,0,0,0,NA,0,52T1D,LIVE OAK AV,BALDWIN AV,24,W,N,A,-,N,NA,NA,NA,NA,NA,NA,NA,NA,NA,N,2,0,1,2,A,-,08,22107,NA,N,A,B,E,A,H,-,A,A,0,Y,NA,NA,NA,Y,NA,A,01,1,0,0,0,1,0,0,0,0,-,-,34.104251861572266,-118.05177307128906,LOS ANGELES,TEMPLE CITY,-118.05169677734376,34.104278564453125
9626838,2023,2023-10-20,1900,2023-08-30,1200,641664,0534,3,5,5,1959,0,0,0,NA,0,53T1AM,GARVEY AV,STINGLE AV,250,W,N,A,-,N,NA,NA,NA,NA,NA,NA,NA,NA,NA,N,2,0,2,2,A,-,09,21804,A,N,D,C,A,A,-,-,A,D,0,NA,NA,Y,NA,Y,NA,A,08,1,1,0,0,0,0,0,0,1,-,-,34.062618255615234,-118.07582855224608,LOS ANGELES,ROSEMEAD,-118.07572174072266,34.06262969970703
9626868,2023,2023-10-25,1942,2023-09-23,230,44846,919,6,5,7,1942,0,0,0,NA,0,9X84,KITTRIDGE ST,WOODMAN AV,20,E,N,A,-,N,NA,NA,NA,NA,NA,NA,NA,NA,NA,Y,4,0,1,1,A,-,03,22350,NA,N,A,I,A,A,H,-,C,A,0,NA,NA,NA,NA,Y,NA,A,01,0,0,1,0,0,0,0,0,0,-,-,NA,NA,LOS ANGELES,LOS ANGELES,-118.43119049072266,34.19029998779297
9626901,2023,2023-11-04,1942,2023-09-22,800,45268,0984,5,5,7,1942,0,0,0,I,0,9A41W2,WILLIS AV,VENTURA BL,0,N,-,A,-,N,NA,NA,NA,NA,NA,NA,NA,NA,NA,Y,2,0,1,2,A,-,09,21801,A,N,A,C,A,A,H,-,A,A,0,NA,NA,NA,NA,Y,NA,A,01,1,0,0,0,0,0,0,0,0,-,-,NA,NA,LOS ANGELES,LOS ANGELES,-118.45529174804688,34.15200424194336
9626902,2023,2023-11-04,1942,2023-09-24,2225,32774,1583,7,5,7,1942,0,0,0,O,0,26TL32,MOORPARK ST,MORELLA AV,0,NA,Y,A,-,N,NA,NA,NA,NA,NA,NA,NA,NA,NA,Y,2,0,2,2,A,-,09,21804,A,N,D,C,A,A,H,-,C,D,0,NA,NA,NA,NA,Y,NA,A,08,1,0,1,0,0,0,0,0,0,-,-,NA,NA,LOS ANGELES,LOS ANGELES,-118.38995361328124,34.15037536621094
9626903,2023,2023-11-04,1942,2023-09-24,135,38314,1523,7,5,7,1942,0,0,0,O,0,26T52W,OXNARD ST,WHITSETT AV,0,NA,Y,A,-,N,NA,NA,NA,NA,NA,NA,NA,NA,NA,Y,2,0,1,2,A,-,01,23152,A,N,E,I,E,A,D,-,D,A,0,Y,NA,NA,NA,Y,Y,A,01,1,0,0,0,0,0,0,0,0,-,-,NA,NA,LOS ANGELES,LOS ANGELES,-118.40525817871094,34.17940902709961
9626904,2023,2023-11-04,1942,2023-09-23,220,43603,1041,6,5,7,1942,0,0,0,J,0,10A67,MELVIN AV,TOPHAM ST,30,N,N,A,-,N,NA,NA,NA,NA,NA,NA,NA,NA,NA,Y,2,0,1,1,A,-,01,23152,A,M,E,I,A,A,H,-,C,D,0,NA,NA,NA,NA,Y,Y,A,01,1,0,0,0,0,0,0,0,0,-,-,NA,NA,LOS ANGELES,LOS ANGELES,-118.56005859375,34.18326187133789
9626905,2023,2023-11-04,1942,2023-09-28,1905,39476,0914,4,5,7,1942,0,0,0,I,0,26T55W,KESTER AV,VANOWEN ST,23,N,N,A,-,N,NA,NA,NA,NA,NA,NA,NA,NA,NA,N,2,0,1,3,A,-,11,21955,NA,N,G,B,D,A,H,-,C,A,0,Y,NA,NA,NA,Y,NA,N,60,1,0,0,0,1,0,0,0,0,-,-,NA,NA,LOS ANGELES,LOS ANGELES,-118.45744323730467,34.19398498535156
9626906,2023,2023-11-04,1942,2023-09-30,2310,42775,1063,6,5,7,1942,0,0,0,J,0,26T32,BURBANK BL,RESEDA BL,194,E,N,A,-,N,NA,NA,NA,NA,NA,NA,NA,NA,NA,Y,3,0,1,1,A,-,01,23152,A,N,E,I,A,A,H,-,C,D,0,NA,NA,NA,NA,Y,Y,A,07,0,1,0,0,0,0,0,0,0,-,-,NA,NA,LOS ANGELES,LOS ANGELES,-118.53536224365234,34.17233657836914
9626907,2023,2023-11-04,1942,2023-09-26,910,43822,0943,2,5,7,1942,0,0,0,I,0,26TL16,OXNARD ST,HAZELTINE AV,275,E,N,A,-,N,NA,NA,NA,NA,NA,NA,NA,NA,NA,Y,2,0,2,3,A,-,05,21460,A,F,A,C,A,A,H,-,A,A,0,NA,NA,NA,NA,Y,NA,A,01,1,0,1,0,0,0,0,0,0,-,-,NA,NA,LOS ANGELES,LOS ANGELES,-118.43906402587892,34.17940139770508
9626908,2023,2023-11-04,1942,2023-09-26,737,40542,0952,2,5,7,1942,0,0,0,I,0,M45,ALBERS ST,VESPER AV,8,W,N,A,-,N,NA,NA,NA,NA,NA,NA,NA,NA,NA,N,4,0,1,2,A,-,10,21950,A,F,G,B,B,A,H,-,A,A,0,Y,NA,NA,NA,Y,NA,-,99,0,0,1,0,1,0,0,0,0,-,-,NA,NA,LOS ANGELES,LOS ANGELES,-118.45093536376952,34.17028045654297
9626909,2023,2023-11-04,1942,2023-09-10,2100,41128,1749,7,5,7,1942,0,0,0,Q,0,17A95,DEVONSHIRE,DEVONSHIRE 15909,0,NA,-,A,-,N,NA,NA,NA,NA,NA,NA,NA,NA,NA,Y,3,0,2,2,A,-,08,22107,NA,N,A,C,A,A,H,-,C,D,0,NA,NA,NA,NA,Y,NA,A,01,0,1,1,0,0,0,0,0,0,-,-,NA,NA,LOS ANGELES,LOS ANGELES,NA,NA