CASE_ID,ACCIDENT_YEAR,PROC_DATE,JURIS,COLLISION_DATE,COLLISION_TIME,OFFICER_ID,REPORTING_DISTRICT,DAY_OF_WEEK,CHP_SHIFT,POPULATION,CNTY_CITY_LOC,SPECIAL_COND,BEAT_TYPE,CHP_BEAT_TYPE,CITY_DIVISION_LAPD,CHP_BEAT_CLASS,BEAT_NUMBER,PRIMARY_RD,SECONDARY_RD,DISTANCE,DIRECTION,INTERSECTION,WEATHER_1,WEATHER_2,STATE_HWY_IND,CALTRANS_COUNTY,CALTRANS_DISTRICT,STATE_ROUTE,ROUTE_SUFFIX,POSTMILE_PREFIX,POSTMILE,LOCATION_TYPE,RAMP_INTERSECTION,SIDE_OF_HWY,TOW_AWAY,COLLISION_SEVERITY,NUMBER_KILLED,NUMBER_INJURED,PARTY_COUNT,PRIMARY_COLL_FACTOR,PCF_CODE_OF_VIOL,PCF_VIOL_CATEGORY,PCF_VIOLATION,PCF_VIOL_SUBSECTION,HIT_AND_RUN,TYPE_OF_COLLISION,MVIW,PED_ACTION,ROAD_SURFACE,ROAD_COND_1,ROAD_COND_2,LIGHTING,CONTROL_DEVICE,CHP_ROAD_TYPE,PEDESTRIAN_ACCIDENT,BICYCLE_ACCIDENT,MOTORCYCLE_ACCIDENT,TRUCK_ACCIDENT,NOT_PRIVATE_PROPERTY,ALCOHOL_INVOLVED,STWD_VEHTYPE_AT_FAULT,CHP_VEHTYPE_AT_FAULT,COUNT_SEVERE_INJ,COUNT_VISIBLE_INJ,COUNT_COMPLAINT_PAIN,COUNT_PED_KILLED,COUNT_PED_INJURED,COUNT_BICYCLIST_KILLED,COUNT_BICYCLIST_INJURED,COUNT_MC_KILLED,COUNT_MC_INJURED,PRIMARY_RAMP,SECONDARY_RAMP,LATITUDE,LONGITUDE,COUNTY,CITY,POINT_X,POINT_Y
9627970,2023,2023-10-17,1900,2023-08-30,500,625466,2316,3,5,5,1919,0,0,0,NA,0,230T,BLOOMFIELD AV,SOUTH ST,0,NA,Y,A,-,N,NA,NA,NA,NA,NA,NA,NA,NA,NA,Y,3,0,1,2,A,-,12,21453,A,N,B,C,A,A,H,-,B,A,0,NA,NA,NA,NA,Y,NA,A,01,0,1,0,0,0,0,0,0,0,-,-,33.8586311340332,-118.0636978149414,LOS ANGELES,CERRITOS,-118.06369018554688,33.8585205078125
9627971,2023,2023-10-19,1900,2023-08-30,1503,625466,2313,3,5,5,1919,0,0,0,NA,0,230T,DEL AMO BL,ROSETON AV,0,NA,Y,A,-,N,NA,NA,NA,NA,NA,NA,NA,NA,NA,N,4,0,1,2,A,-,12,21453,A,N,-,C,A,-,H,-,A,A,0,NA,NA,NA,NA,Y,NA,-,-,0,0,1,0,0,0,0,0,0,-,-,33.84614181518555,-118.08683776855467,LOS ANGELES,CERRITOS,-118.08683776855467,33.846031188964844
9627990,2023,2023-10-17,1941,2023-06-25,1847,10847,EAST,7,5,7,1941,0,0,0,NA,0,015,ATHERTON ST,STUDEBAKER RD,0,NA,Y,A,-,N,NA,NA,NA,NA,NA,NA,NA,NA,NA,Y,3,0,3,2,A,-,08,22107,NA,N,A,C,A,A,H,-,A,A,0,NA,NA,NA,NA,Y,NA,A,01,0,1,2,0,0,0,0,0,0,-,-,33.78868103027344,-118.09922790527344,LOS ANGELES,LONG BEACH,-118.09960174560548,33.78849411010742
9627991,2023,2023-10-17,1900,2023-06-30,2215,657968,0332,5,5,4,1939,0,0,0,NA,0,35T1,MARINE AV,MANSEL AV,0,NA,Y,A,-,N,NA,NA,NA,NA,NA,NA,NA,NA,NA,N,3,0,2,2,A,-,12,21453,A,N,D,C,A,A,H,-,C,A,0,NA,NA,NA,NA,Y,NA,A,01,0,1,1,0,0,0,0,0,0,-,-,33.89466094970703,-118.35588836669922,LOS ANGELES,LAWNDALE,-118.35586547851564,33.89463806152344
9627992,2023,2023-10-17,1900,2023-05-22,1200,652431,0332,1,5,4,1939,0,0,0,NA,0,35T1,MANHATTAN BEACH BL,INGLEWOOD AV,60,E,N,B,-,N,NA,NA,NA,NA,NA,NA,NA,NA,NA,N,3,0,1,2,A,-,08,22107,NA,N,H,G,A,A,H,-,A,D,0,NA,Y,NA,NA,Y,NA,A,07,0,1,0,0,0,0,1,0,0,-,-,33.88727951049805,-118.36096954345705,LOS ANGELES,LAWNDALE,-118.36114501953124,33.88730239868164
9627998,2023,2023-10-19,1941,2023-10-03,1913,11230,NORTH,2,5,7,1941,0,0,0,NA,0,020,45TH ST,ROSE AV,0,NA,Y,A,-,N,NA,NA,NA,NA,NA,NA,NA,NA,NA,Y,4,0,1,2,A,-,01,23153,B,N,D,C,A,A,H,-,C,A,0,NA,NA,NA,NA,Y,Y,A,01,0,0,1,0,0,0,0,0,0,-,-,33.838600158691406,-118.16915130615234,LOS ANGELES,LONG BEACH,-118.16929626464844,33.83855056762695
9627999,2023,2023-10-18,1941,2023-10-03,2042,5955,EAST,2,5,7,1941,0,0,0,NA,0,016,E CARSON ST,LAKEWOOD BL,35,W,N,A,-,N,NA,NA,NA,NA,NA,NA,NA,NA,NA,Y,3,0,2,3,A,-,03,22350,NA,N,C,C,A,A,H,-,C,A,0,NA,NA,NA,NA,Y,Y,A,01,0,2,0,0,0,0,0,0,0,-,-,33.83235168457031,-118.14256286621094,LOS ANGELES,LONG BEACH,-118.14275360107422,33.83229064941406
9628002,2023,2023-10-18,1900,2023-09-25,1630,612439,0644,1,5,6,1985,0,0,0,NA,0,641T1,NEWHALL RANCH RD,BOUQUET CANYON RD,250,W,N,A,-,N,NA,NA,NA,NA,NA,NA,NA,NA,NA,N,4,0,1,2,A,-,08,22107,NA,N,D,C,A,A,H,-,A,D,0,NA,NA,NA,NA,Y,NA,A,01,0,0,1,0,0,0,0,0,0,-,-,34.42720031738281,-118.53710174560548,LOS ANGELES,SANTA CLARITA,-118.5380401611328,34.427494049072266
9628006,2023,2023-10-18,1900,2023-09-01,1937,500762,0613,5,5,6,1985,0,0,0,NA,0,61A,SOLEDAD CANYON RD,CROSSGLADE AV,87,E,N,A,-,N,NA,NA,NA,NA,NA,NA,NA,NA,NA,Y,4,0,1,2,A,-,03,22350,NA,N,C,C,A,A,H,-,C,A,0,NA,NA,NA,NA,Y,NA,A,01,0,0,1,0,0,0,0,0,0,-,-,34.41572952270508,-118.46604919433594,LOS ANGELES,SANTA CLARITA,-118.46609497070313,34.415687561035156
9628010,2023,2023-10-18,1900,2023-09-13,955,514681,D628,3,5,6,1985,0,0,0,NA,0,62T1,LYONS AV,WHEELER RD,375,E,N,A,-,N,NA,NA,NA,NA,NA,NA,NA,NA,NA,N,4,0,2,2,A,-,09,21804,A,N,D,C,A,A,H,-,A,D,0,NA,NA,NA,NA,Y,NA,A,01,0,0,2,0,0,0,0,0,0,-,-,34.379310607910156,-118.55021667480467,LOS ANGELES,SANTA CLARITA,-118.54983520507813,34.37915802001953
9628014,2023,2023-10-18,1900,2023-09-23,845,652853,0612,6,5,6,1985,0,0,0,NA,0,61T1,WHITES CANYON RD,STILLMORE ST,0,NA,Y,A,-,N,NA,NA,NA,NA,NA,NA,NA,NA,NA,Y,3,0,1,2,A,-,12,21453,A,N,D,C,A,A,H,-,A,A,0,NA,NA,NA,NA,Y,NA,A,01,0,1,0,0,0,0,0,0,0,-,-,34.41843032836914,-118.47231292724608,LOS ANGELES,SANTA CLARITA,-118.47216796875,34.418357849121094
9628017,2023,2023-10-18,1934,2023-09-29,1337,800,IRWPD,5,5,1,1934,0,0,0,NA,0,NA,FOOTHILL BL,CALLE EVA MIRANDA,229,E,N,B,-,N,NA,NA,NA,NA,NA,NA,NA,NA,NA,N,4,0,1,2,A,-,03,22350,NA,N,C,C,A,A,H,-,A,A,0,NA,NA,NA,NA,Y,NA,A,07,0,0,1,0,0,0,0,0,0,-,-,NA,NA,LOS ANGELES,IRWINDALE,-117.93100738525392,34.13372039794922
9628018,2023,2023-10-18,1900,2023-09-23,1935,642979,0641,6,5,6,1985,0,0,0,NA,0,64T1,RIO BOSQUE DR,RIO CHICO DR,16,N,N,A,-,N,NA,NA,NA,NA,NA,NA,NA,NA,NA,N,3,0,1,2,A,-,21,22106,NA,N,H,E,A,A,H,-,C,D,0,NA,NA,NA,NA,Y,Y,A,01,0,1,0,0,0,0,0,0,0,-,-,34.43830108642578,-118.53328704833984,LOS ANGELES,SANTA CLARITA,-118.53329467773438,34.43837356567383
9628022,2023,2023-10-18,1900,2023-09-11,735,476477,0641,1,5,6,1985,0,0,0,NA,0,61T1O,MCBEAN PKWY,DECORO DR,0,NA,Y,A,-,N,NA,NA,NA,NA,NA,NA,NA,NA,NA,N,3,0,1,2,A,-,12,21453,A,N,D,G,A,A,H,-,A,A,0,NA,Y,NA,NA,Y,NA,L,04,0,1,0,0,0,0,1,0,0,-,-,34.44409942626953,-118.55359649658205,LOS ANGELES,SANTA CLARITA,-118.55352020263672,34.44424057006836
9628025,2023,2023-10-18,1934,2023-09-28,1739,777,IRWPD,4,5,1,1934,0,0,0,NA,0,001,LIVE OAK AV,LONGDEN AV,460,E,N,A,-,N,NA,NA,NA,NA,NA,NA,NA,NA,NA,Y,4,0,1,2,A,-,03,22350,NA,N,C,C,A,A,H,-,A,D,0,NA,NA,NA,NA,Y,NA,A,07,0,0,1,0,0,0,0,0,0,-,-,34.111820220947266,-117.99778747558594,LOS ANGELES,IRWINDALE,-117.99739074707033,34.1121826171875
9628026,2023,2023-10-18,1900,2023-09-26,1210,641133,0622,2,5,6,1985,0,0,0,NA,0,62T1,MCBEAN PKWY,ARROYO PKWY,250,S,N,A,-,N,NA,NA,NA,NA,NA,NA,NA,NA,NA,Y,3,0,1,1,A,-,03,22350,NA,N,E,I,A,A,H,-,A,D,0,NA,NA,NA,NA,Y,NA,A,01,0,1,0,0,0,0,0,0,0,-,-,34.402320861816406,-118.55135345458984,LOS ANGELES,SANTA CLARITA,NA,NA
9628028,2023,2023-10-18,1900,2023-08-29,1950,602402,0642,2,5,6,1985,0,0,0,NA,0,64T1,DECORO DR,MCBEAN PKWY,300,E,N,A,-,N,NA,NA,NA,NA,NA,NA,NA,NA,NA,Y,3,0,2,2,A,-,08,22107,NA,N,D,C,A,A,H,-,C,D,0,NA,NA,NA,NA,Y,NA,A,01,0,1,1,0,0,0,0,0,0,-,-,34.44411849975586,-118.55191040039064,LOS ANGELES,SANTA CLARITA,-118.55252838134766,34.444210052490234
9628036,2023,2023-10-18,1900,2023-08-27,1425,404918,1812,7,5,2,1904,0,0,0,NA,0,184B,CAMINO DEL MONTE,LAS LOMAS AV,400,W,N,A,-,N,NA,NA,NA,NA,NA,NA,NA,NA,NA,N,2,0,1,1,-,-,-,NA,NA,N,H,A,A,A,H,-,A,D,0,NA,NA,NA,NA,Y,NA,-,-,1,0,0,0,0,0,0,0,0,-,-,33.344688415527344,-118.33323669433594,LOS ANGELES,AVALON,-118.33353424072266,33.34474563598633
9628039,2023,2023-10-19,1900,2023-09-28,1530,642979,0641,4,5,6,1985,0,0,0,NA,0,64T1,BOUQUET CANYON RD,CENTURION WY,252,S,N,A,-,N,NA,NA,NA,NA,NA,NA,NA,NA,NA,N,4,0,1,2,A,-,05,21650,NA,N,A,G,A,A,C,-,A,D,0,NA,Y,NA,NA,Y,NA,L,04,0,0,1,0,0,0,1,0,0,-,-,34.439430236816406,-118.51534271240234,LOS ANGELES,SANTA CLARITA,-118.51521301269533,34.439414978027344
9628040,2023,2023-10-19,1900,2023-09-08,1422,643228,0640,5,5,6,1985,0,0,0,NA,0,62T1,BOUQUET CANYON RD,HASKELL CANYON RD,0,NA,Y,A,-,N,NA,NA,NA,NA,NA,NA,NA,NA,NA,N,4,0,1,2,D,-,00,NA,NA,N,A,C,A,A,H,-,A,A,0,NA,NA,NA,NA,Y,NA,-,-,0,0,1,0,0,0,0,0,0,-,-,34.44260025024414,-118.51226043701172,LOS ANGELES,SANTA CLARITA,-118.51231384277344,34.442657470703125
9628043,2023,2023-10-19,1900,2023-09-09,1037,652853,0612,6,5,6,1985,0,0,0,NA,0,61T1,WHITE CANYON RD,PLEASANTDALE ST,0,NA,Y,A,-,N,NA,NA,NA,NA,NA,NA,NA,NA,NA,Y,3,0,3,2,A,-,12,21453,A,N,D,C,A,A,H,-,A,A,0,NA,NA,NA,NA,Y,NA,A,01,0,3,0,0,0,0,0,0,0,-,-,34.42087936401367,-118.47229766845705,LOS ANGELES,SANTA CLARITA,-118.4722137451172,34.420806884765625
9628044,2023,2023-10-19,1900,2023-09-18,1905,652853,0613,1,5,6,1985,0,0,0,NA,0,61T1,SOLEDAD CANYON RD,SHANGRI LA DR,0,NA,Y,A,-,N,NA,NA,NA,NA,NA,NA,NA,NA,NA,Y,3,0,1,3,A,-,05,21651,B,N,C,C,A,A,H,-,C,A,0,NA,NA,Y,NA,Y,NA,A,07,0,1,0,0,0,0,0,0,1,-,-,34.41596984863281,-118.45864105224608,LOS ANGELES,SANTA CLARITA,-118.45866394042967,34.416080474853516
9628047,2023,2023-10-19,1900,2023-09-12,1600,618828,0644,2,5,6,1985,0,0,0,NA,0,64T1,COPPER HILL DR,RIO NORTE DR,16,W,N,A,-,N,NA,NA,NA,NA,NA,NA,NA,NA,NA,N,3,0,1,2,A,-,07,21658,A,N,B,D,A,A,H,-,A,D,0,NA,NA,NA,NA,Y,NA,A,01,0,1,0,0,0,0,0,0,0,-,-,34.462440490722656,-118.55947113037108,LOS ANGELES,SANTA CLARITA,-118.55995178222656,34.462276458740234
9628051,2023,2023-10-19,1900,2023-09-12,1435,636901,0617,2,5,6,1985,0,0,0,NA,0,61T1,SOLEDAD CANYON RD,SHANGRI LA DR,427,E,N,A,-,N,NA,NA,NA,NA,NA,NA,NA,NA,NA,N,4,0,1,2,A,-,09,21804,A,N,D,C,A,A,H,-,A,D,0,NA,NA,NA,NA,Y,NA,A,08,0,0,1,0,0,0,0,0,0,-,-,34.41611862182617,-118.45762634277344,LOS ANGELES,SANTA CLARITA,-118.45728302001952,34.41633224487305
9628052,2023,2023-10-19,1900,2023-09-14,1305,642979,0612,4,5,6,1985,0,0,0,NA,0,64T1,WHITES CANYON RD,STILLMORE ST,0,NA,Y,A,-,N,NA,NA,NA,NA,NA,NA,NA,NA,NA,Y,4,0,1,2,A,-,12,21453,A,N,D,C,A,A,H,-,A,A,0,NA,NA,NA,NA,Y,NA,A,01,0,0,1,0,0,0,0,0,0,-,-,NA,NA,LOS ANGELES,SANTA CLARITA,-118.47216796875,34.418357849121094
9628055,2023,2023-11-03,1900,2023-09-18,1635,652853,0633,1,5,6,1985,0,0,0,NA,0,61T1,MANZANITA LN,JAKES WY,0,NA,Y,A,-,N,NA,NA,NA,NA,NA,NA,NA,NA,NA,N,4,0,1,2,A,-,05,21650,1,N,D,G,A,A,H,-,A,D,0,NA,NA,NA,NA,Y,NA,M,94,0,0,1,0,0,0,0,0,0,-,-,34.4099006652832,-118.4555435180664,LOS ANGELES,SANTA CLARITA,-118.4555206298828,34.40975570678711
9628056,2023,2023-10-19,1900,2023-09-14,1850,642979,0642,4,5,6,1985,0,0,0,NA,0,64T1,COPPER HILL DR,SECO CANYON RD,0,NA,Y,A,-,N,NA,NA,NA,NA,NA,NA,NA,NA,NA,Y,4,0,2,2,A,-,12,21453,A,N,D,C,A,A,H,-,A,A,0,NA,NA,NA,NA,Y,NA,A,01,0,0,2,0,0,0,0,0,0,-,-,34.45989990234375,-118.53440856933594,LOS ANGELES,SANTA CLARITA,-118.5344009399414,34.46001052856445
9628163,2023,2023-10-24,1972,2023-07-22,2008,22328,NA,6,5,6,1972,0,0,0,NA,0,NA,HAWTHORNE BL,TORRANCE BL,200,S,N,A,-,Y,LA,7,107,-,-,2.21,H,-,N,Y,4,0,1,3,A,-,01,23152,A,F,C,C,A,A,H,-,B,A,0,NA,NA,NA,NA,Y,Y,A,NA,0,0,1,0,0,0,0,0,0,-,-,NA,NA,LOS ANGELES,TORRANCE,-118.35338592529295,33.83700942993164
9628167,2023,2023-10-24,1941,2023-08-11,1638,11340,WEST,5,5,7,1941,0,0,0,NA,0,004,CEDAR AV,W PACIFIC COAST HY,0,NA,Y,A,-,Y,LA,7,1,-,-,6.591,I,5,S,N,4,0,1,2,D,-,00,NA,NA,F,C,C,A,A,H,-,A,A,0,NA,NA,NA,NA,Y,NA,-,-,0,0,1,0,0,0,0,0,0,-,-,33.789859771728516,-118.195068359375,LOS ANGELES,LONG BEACH,-118.195068359375,33.78981018066406
9628172,2023,2023-10-27,1929,2023-09-07,1245,245,1929,4,5,3,1929,0,0,0,NA,0,NA,PACIFIC COAST HWY,5TH ST,39,S,N,A,-,N,NA,NA,NA,NA,NA,NA,NA,NA,NA,Y,4,0,1,2,A,-,04,21703,NA,N,C,C,A,A,H,-,A,A,0,NA,NA,NA,NA,Y,NA,A,01,0,0,1,0,0,0,0,0,0,-,-,NA,NA,LOS ANGELES,HERMOSA BEACH,-118.3912353515625,33.85859680175781
9628180,2023,2023-10-19,1926,2023-09-22,756,0198,NA,5,5,5,1926,0,0,0,NA,0,NA,RT 66,S VERMONT AV,0,NA,Y,A,-,N,NA,NA,NA,NA,NA,NA,NA,NA,NA,Y,3,0,1,2,A,-,12,21453,A,N,D,C,A,A,H,-,A,A,0,NA,NA,NA,NA,Y,NA,D,22,0,1,0,0,0,0,0,0,0,-,-,34.12866973876953,-117.86740112304688,LOS ANGELES,GLENDORA,-117.86740112304688,34.128692626953125
9628183,2023,2023-10-19,1941,2023-09-21,1008,11843,SOUTH,4,5,7,1941,0,0,0,NA,0,007,HELLMAN ST,BETWEEN ALAMITOS AV & CERRITOS AV,0,NA,Y,A,-,N,NA,NA,NA,NA,NA,NA,NA,NA,NA,Y,3,0,2,3,A,-,03,22350,NA,N,A,E,A,A,H,-,A,A,0,NA,NA,NA,NA,Y,NA,A,01,0,2,0,0,0,0,0,0,0,-,-,33.77695083618164,-118.17796325683594,LOS ANGELES,LONG BEACH,-118.07186126708984,33.81038284301758
9628184,2023,2023-10-19,1900,2023-09-07,1830,618139,0627,4,5,6,1985,0,0,0,NA,0,62T1,SIERRA HWY,DOCKWEILER DR,977,S,N,A,-,N,NA,NA,NA,NA,NA,NA,NA,NA,NA,N,4,0,1,2,A,-,03,22350,NA,N,C,C,A,A,H,-,A,A,0,NA,NA,NA,NA,Y,NA,A,07,0,0,1,0,0,0,0,0,0,-,-,34.36943817138672,-118.50234222412108,LOS ANGELES,SANTA CLARITA,-118.50227355957033,34.36974334716797
9628189,2023,2023-10-12,1910,2023-09-14,1247,03209,NA,4,5,4,1910,0,0,0,NA,0,004,NORTH SANTA MONICA BL,RODEO DR,172,E,N,A,-,N,NA,NA,NA,NA,NA,NA,NA,NA,NA,N,3,0,4,2,A,-,03,22350,NA,N,C,C,A,A,H,-,A,A,0,NA,NA,NA,NA,Y,NA,D,22,0,1,3,0,0,0,0,0,0,-,-,34.07126998901367,-118.40415191650392,LOS ANGELES,BEVERLY HILLS,-118.4042510986328,34.07126998901367
9628194,2023,2023-10-18,1900,2023-08-30,1730,652772,0617,3,5,6,1985,0,0,0,NA,0,61T1,SIERRA HWY,GOLDEN VALLEY RD,533,S,N,A,-,Y,LA,7,14,U,-,29.14,H,-,N,Y,4,0,1,2,D,-,00,NA,NA,N,C,C,A,A,H,-,A,D,0,NA,NA,NA,NA,Y,NA,-,-,0,0,1,0,0,0,0,0,0,-,-,34.393821716308594,-118.48644256591795,LOS ANGELES,SANTA CLARITA,-118.48604583740234,34.39445495605469
9628198,2023,2023-10-12,1900,2023-08-15,1810,611625,0627,2,5,6,1985,0,0,0,NA,0,62T1,SIERRA HWY,NEEDHAM RANCH PKWY,93,S,N,A,-,N,NA,NA,NA,NA,NA,NA,NA,NA,NA,Y,3,0,1,1,A,-,08,22107,NA,N,F,I,A,A,H,-,A,D,0,NA,NA,NA,NA,Y,NA,A,01,0,1,0,0,0,0,0,0,0,-,-,34.3559684753418,-118.5081024169922,LOS ANGELES,SANTA CLARITA,-118.50798034667967,34.356285095214844
9628201,2023,2023-10-12,1942,2023-09-07,1430,36814,0195,4,5,7,1942,0,0,0,A,0,24TL34,BROADWAY,17TH ST,100,S,N,A,-,N,NA,NA,NA,NA,NA,NA,NA,NA,NA,N,2,0,1,2,A,-,11,21954,A,N,G,B,E,A,H,-,A,D,0,Y,NA,NA,NA,Y,NA,N,60,1,0,0,0,1,0,0,0,0,-,-,NA,NA,LOS ANGELES,LOS ANGELES,-118.26434326171876,34.033203125
9628209,2023,2023-10-12,1910,2023-09-19,826,03209,NA,2,5,4,1910,0,0,0,NA,0,005,NORTH SANTA MONICA BL,N RODEO DR,0,NA,Y,B,-,N,NA,NA,NA,NA,NA,NA,NA,NA,NA,N,4,0,1,2,A,-,09,21801,A,N,D,C,A,A,H,-,A,A,0,NA,NA,NA,NA,Y,NA,A,01,0,0,1,0,0,0,0,0,0,-,-,34.0709114074707,-118.40469360351564,LOS ANGELES,BEVERLY HILLS,-118.40468597412108,34.07096862792969
9628230,2023,2023-10-19,1941,2023-07-06,740,10125,NORTH,4,5,7,1941,0,0,0,NA,0,020,ORANGE AV,E 37TH ST,0,NA,Y,A,-,N,NA,NA,NA,NA,NA,NA,NA,NA,NA,Y,3,0,2,2,A,-,09,21804,A,N,D,C,A,A,H,-,A,A,0,NA,NA,NA,NA,Y,NA,A,01,0,1,1,0,0,0,0,0,0,-,-,33.82421112060547,-118.17632293701172,LOS ANGELES,LONG BEACH,-118.17633056640624,33.824195861816406
9628234,2023,2023-10-24,1941,2023-07-26,2159,10996,WEST,3,5,7,1941,0,0,0,NA,0,004,EAST PACIFIC COAST HWY,LONG BEACH BL,0,NA,Y,A,-,Y,LA,7,1,-,-,6.261,I,5,S,Y,4,0,2,2,B,-,22,NA,NA,N,D,C,A,A,H,-,C,A,0,NA,NA,NA,NA,Y,NA,A,01,0,0,2,0,0,0,0,0,0,-,-,33.789859771728516,-118.18937683105467,LOS ANGELES,LONG BEACH,-118.18936920166016,33.7898063659668
9628235,2023,2023-10-30,1900,2023-09-07,1912,605584,0812,4,5,4,1960,0,0,0,NA,0,81T2,ARROW HWY,RT 57,0,NA,Y,A,-,Y,LA,7,57,-,R,10.514,R,4,N,Y,3,0,1,2,A,-,08,22101,D,N,B,C,A,A,H,-,A,A,0,NA,NA,NA,NA,Y,NA,A,07,0,1,0,0,0,0,0,0,0,-,NF,34.106201171875,-117.81951141357422,LOS ANGELES,SAN DIMAS,-117.81966400146484,34.102725982666016
9628243,2023,2023-10-25,1920,2023-09-18,1822,14050,1920,1,5,6,1920,0,0,0,NA,0,001,BELLFLOWER,HALL RD,0,NA,Y,A,-,N,NA,NA,NA,NA,NA,NA,NA,NA,NA,N,3,0,1,2,A,-,12,22450,A,N,B,C,A,A,H,-,A,D,0,NA,NA,NA,NA,Y,NA,A,01,0,1,0,0,0,0,0,0,0,-,-,NA,NA,LOS ANGELES,DOWNEY,-118.12545776367188,33.93159484863281
9628247,2023,2023-10-25,1920,2023-09-16,1350,14050,1920,6,5,6,1920,0,0,0,NA,0,002,PARAMOUNT BL,IMPERIAL HWY,0,NA,Y,A,-,N,NA,NA,NA,NA,NA,NA,NA,NA,NA,N,4,0,1,2,A,-,09,21804,A,N,G,B,D,A,H,-,A,D,0,Y,NA,NA,NA,Y,NA,A,01,0,0,1,0,1,0,0,0,0,-,-,NA,NA,LOS ANGELES,DOWNEY,-118.15200042724608,33.9240608215332
9628266,2023,2023-10-24,1920,2023-08-31,109,14050,1920,4,5,6,1920,0,0,0,NA,0,003,4TH PL,RIVES AV,0,NA,Y,E,-,N,NA,NA,NA,NA,NA,NA,NA,NA,NA,Y,3,0,1,1,A,-,03,22350,NA,N,F,I,A,A,H,-,C,D,0,NA,NA,NA,NA,Y,NA,A,01,0,1,0,0,0,0,0,0,0,-,-,NA,NA,LOS ANGELES,DOWNEY,-118.14037322998048,33.947181701660156
9628270,2023,2023-10-24,1920,2023-08-16,1946,14050,1920,3,5,6,1920,0,0,0,NA,0,002,PARAMOUNT BL,IMPERIAL HWY,0,NA,Y,A,-,N,NA,NA,NA,NA,NA,NA,NA,NA,NA,N,4,0,1,2,D,-,00,NA,NA,M,G,B,B,A,H,-,A,A,0,Y,NA,NA,NA,Y,NA,-,-,0,0,1,0,1,0,0,0,0,-,-,NA,NA,LOS ANGELES,DOWNEY,-118.15200042724608,33.9240608215332
9628314,2023,2023-10-25,1920,2023-09-11,1853,14050,1920,1,5,6,1920,0,0,0,NA,0,001,IMPERIAL HWY,BENEDICT AV,92,E,N,A,-,N,NA,NA,NA,NA,NA,NA,NA,NA,NA,Y,3,0,1,2,A,-,03,22350,NA,N,C,C,A,A,H,-,-,D,0,NA,NA,NA,NA,Y,NA,A,01,0,1,0,0,0,0,0,0,0,-,-,NA,NA,LOS ANGELES,DOWNEY,-118.11858367919922,33.91712188720703
9628321,2023,2023-10-27,1941,2023-06-18,1200,11800,NORTH,7,5,7,1941,0,0,0,NA,0,024,CHERRY AV,E 68TH ST,160,N,N,A,-,N,NA,NA,NA,NA,NA,NA,NA,NA,NA,Y,2,0,2,2,A,-,03,22350,NA,N,F,C,A,A,H,-,A,D,0,NA,NA,NA,NA,Y,NA,A,07,1,0,1,0,0,0,0,0,0,-,-,33.87828063964844,-118.16870880126952,LOS ANGELES,LONG BEACH,-118.16880035400392,33.878726959228516
9628325,2023,2023-10-27,1942,2023-07-16,10,45279,NA,7,5,7,1942,0,0,0,NA,0,5A17,SEASIDE AV,NAVY WY,680,E,N,A,-,N,NA,NA,NA,NA,NA,NA,NA,NA,NA,Y,2,0,1,1,A,-,03,22350,NA,N,F,I,A,A,H,-,C,D,0,NA,NA,NA,NA,Y,NA,A,07,1,0,0,0,0,0,0,0,0,-,-,NA,NA,LOS ANGELES,LOS ANGELES,-118.24966430664064,33.75469207763672
9628340,2023,2023-10-26,1928,2023-09-29,2224,50414,525,5,5,5,1928,0,0,0,NA,0,502,IMPERIAL HWY,OXFORD,0,NA,Y,A,-,N,NA,NA,NA,NA,NA,NA,NA,NA,NA,N,2,0,1,2,A,-,11,21954,A,N,G,B,D,A,H,-,C,D,0,Y,NA,NA,NA,Y,NA,N,60,1,0,0,0,1,0,0,0,0,-,-,NA,NA,LOS ANGELES,HAWTHORNE,-118.34613800048828,33.93096160888672
9628352,2023,2023-11-09,1900,2023-09-21,2050,618671,1335,4,5,5,1908,0,0,0,NA,0,133T1,LAKEWOOD BL,ARTESIA BL,0,NA,Y,A,-,N,NA,NA,NA,NA,NA,NA,NA,NA,NA,Y,4,0,2,2,A,-,12,21453,A,N,D,C,A,A,H,-,C,A,0,NA,NA,NA,NA,Y,NA,A,01,0,0,2,0,0,0,0,0,0,-,-,33.87472152709961,-118.1425323486328,LOS ANGELES,BELLFLOWER,-118.14259338378906,33.87470245361328
9628356,2023,2023-10-26,1900,2023-09-11,1406,602978,1333,1,5,5,1908,0,0,0,NA,0,133T1,LAKEWOOD BL,LAUREL ST,0,NA,Y,A,-,N,NA,NA,NA,NA,NA,NA,NA,NA,NA,Y,4,0,1,2,A,-,09,21802,A,N,D,C,A,A,H,-,A,D,0,NA,NA,NA,NA,Y,NA,A,01,0,0,1,0,0,0,0,0,0,-,-,NA,NA,LOS ANGELES,BELLFLOWER,-118.14263916015624,33.882930755615234
9628360,2023,2023-10-25,1900,2023-09-01,2208,651854,1133,5,5,6,1992,0,0,0,NA,0,112T2,SIERRA HWY,AVENUE J 8,230,S,N,A,-,N,NA,NA,NA,NA,NA,NA,NA,NA,NA,Y,4,0,1,1,A,-,01,23152,A,N,E,I,A,A,H,-,A,D,0,NA,NA,NA,NA,Y,Y,A,07,0,0,1,0,0,0,0,0,0,-,-,34.68170928955078,-118.13385772705078,LOS ANGELES,LANCASTER,-118.13391876220705,34.68154525756836