CASE_ID,ACCIDENT_YEAR,PROC_DATE,JURIS,COLLISION_DATE,COLLISION_TIME,OFFICER_ID,REPORTING_DISTRICT,DAY_OF_WEEK,CHP_SHIFT,POPULATION,CNTY_CITY_LOC,SPECIAL_COND,BEAT_TYPE,CHP_BEAT_TYPE,CITY_DIVISION_LAPD,CHP_BEAT_CLASS,BEAT_NUMBER,PRIMARY_RD,SECONDARY_RD,DISTANCE,DIRECTION,INTERSECTION,WEATHER_1,WEATHER_2,STATE_HWY_IND,CALTRANS_COUNTY,CALTRANS_DISTRICT,STATE_ROUTE,ROUTE_SUFFIX,POSTMILE_PREFIX,POSTMILE,LOCATION_TYPE,RAMP_INTERSECTION,SIDE_OF_HWY,TOW_AWAY,COLLISION_SEVERITY,NUMBER_KILLED,NUMBER_INJURED,PARTY_COUNT,PRIMARY_COLL_FACTOR,PCF_CODE_OF_VIOL,PCF_VIOL_CATEGORY,PCF_VIOLATION,PCF_VIOL_SUBSECTION,HIT_AND_RUN,TYPE_OF_COLLISION,MVIW,PED_ACTION,ROAD_SURFACE,ROAD_COND_1,ROAD_COND_2,LIGHTING,CONTROL_DEVICE,CHP_ROAD_TYPE,PEDESTRIAN_ACCIDENT,BICYCLE_ACCIDENT,MOTORCYCLE_ACCIDENT,TRUCK_ACCIDENT,NOT_PRIVATE_PROPERTY,ALCOHOL_INVOLVED,STWD_VEHTYPE_AT_FAULT,CHP_VEHTYPE_AT_FAULT,COUNT_SEVERE_INJ,COUNT_VISIBLE_INJ,COUNT_COMPLAINT_PAIN,COUNT_PED_KILLED,COUNT_PED_INJURED,COUNT_BICYCLIST_KILLED,COUNT_BICYCLIST_INJURED,COUNT_MC_KILLED,COUNT_MC_INJURED,PRIMARY_RAMP,SECONDARY_RAMP,LATITUDE,LONGITUDE,COUNTY,CITY,POINT_X,POINT_Y
9630720,2023,2023-11-14,1942,2023-10-08,2203,43694,0359,7,5,7,1942,0,0,0,C,0,3A57,FIGUEROA ST,MCCARTHY WY,5,N,N,-,-,N,NA,NA,NA,NA,NA,NA,NA,NA,NA,Y,3,0,1,1,A,-,03,22350,NA,N,A,I,A,A,H,-,C,A,0,NA,NA,NA,NA,Y,NA,A,01,0,1,0,0,0,0,0,0,0,-,-,NA,NA,LOS ANGELES,LOS ANGELES,-118.281005859375,34.02047348022461
9630721,2023,2023-10-31,1942,2023-07-23,1300,41671,0676,7,5,7,1942,0,0,0,F,0,27TL46,CAHUENGA BL,MELROSE AV,0,NA,Y,A,-,N,NA,NA,NA,NA,NA,NA,NA,NA,NA,Y,4,0,2,2,A,-,00,24801,A,N,D,C,A,A,H,-,A,A,0,NA,NA,NA,NA,Y,NA,A,07,0,0,2,0,0,0,0,0,0,-,-,NA,NA,LOS ANGELES,LOS ANGELES,-118.32876586914064,34.08347702026367
9630722,2023,2023-10-31,1942,2023-07-24,2120,42665,0657,1,5,7,1942,0,0,0,F,0,27T33,SAINT ANDREWS PL,SIERRA VISTA AV,0,NA,Y,A,-,N,NA,NA,NA,NA,NA,NA,NA,NA,NA,N,4,0,1,2,A,-,10,21950,A,F,G,B,B,A,H,-,C,A,0,Y,NA,NA,NA,Y,NA,-,99,0,0,1,0,1,0,0,0,0,-,-,NA,NA,LOS ANGELES,LOS ANGELES,-118.31139373779295,34.089542388916016
9630723,2023,2023-10-31,1942,2023-07-24,1035,36940,0645,1,5,7,1942,0,0,0,F,0,27M22,HOLLYWOOD BL,SYCAMORE AV,0,NA,Y,A,-,N,NA,NA,NA,NA,NA,NA,NA,NA,NA,N,4,0,1,2,A,-,10,21950,A,F,G,B,B,A,H,-,A,A,0,Y,NA,NA,NA,Y,NA,-,99,0,0,1,0,1,0,0,0,0,-,-,NA,NA,LOS ANGELES,LOS ANGELES,-118.34339141845705,34.101531982421875
9630724,2023,2023-10-31,1942,2023-07-24,1655,41906,0643,1,5,7,1942,0,0,0,F,0,27M155,HAWTHORN AV,LA BREA AV,0,NA,Y,A,-,N,NA,NA,NA,NA,NA,NA,NA,NA,NA,N,4,0,1,2,A,-,21,22106,NA,F,D,C,A,A,H,-,A,A,0,NA,NA,NA,NA,Y,NA,-,99,0,0,1,0,0,0,0,0,0,-,-,NA,NA,LOS ANGELES,LOS ANGELES,-118.34481811523438,34.10029983520508
9630726,2023,2023-10-31,1942,2023-06-24,2055,42720,0557,6,5,7,1942,0,0,0,E,0,25T35W,PACIFIC AV,1ST ST,0,NA,Y,A,-,N,NA,NA,NA,NA,NA,NA,NA,NA,NA,Y,4,0,1,2,A,-,01,23152,A,N,D,I,A,A,H,-,C,A,0,NA,NA,NA,NA,Y,Y,A,01,0,0,1,0,0,0,0,0,0,-,-,NA,NA,LOS ANGELES,LOS ANGELES,-118.2878875732422,33.74332046508789
9630727,2023,2023-10-31,1942,2023-06-24,131,R6478,0507,6,5,7,1942,0,0,0,E,0,5A1,NORMANDIE AV,223RD ST,0,NA,Y,A,-,N,NA,NA,NA,NA,NA,NA,NA,NA,NA,N,4,0,1,2,A,-,10,21950,NA,F,G,B,B,A,H,-,C,A,0,Y,NA,NA,NA,Y,NA,-,99,0,0,1,0,1,0,0,0,0,-,-,NA,NA,LOS ANGELES,LOS ANGELES,-118.29956817626952,33.824493408203125
9630728,2023,2023-10-31,1942,2023-06-25,2150,42863,0563,7,5,7,1942,0,0,0,E,0,25T37W,PACIFIC AV,13TH ST,40,S,N,A,-,N,NA,NA,NA,NA,NA,NA,NA,NA,NA,N,3,0,1,2,A,-,03,22350,NA,F,C,C,A,A,H,-,C,A,0,NA,NA,NA,NA,Y,NA,-,99,0,1,0,0,0,0,0,0,0,-,-,NA,NA,LOS ANGELES,LOS ANGELES,-118.28794860839844,33.7323112487793
9630729,2023,2023-10-31,1942,2023-06-26,820,33296,0521,1,5,7,1942,0,0,0,E,0,25MQ11,GAFFEY ST,WESTMONT DR,2150,N,N,A,-,N,NA,NA,NA,NA,NA,NA,NA,NA,NA,Y,3,0,2,1,A,-,03,22350,NA,N,F,I,A,A,H,-,A,D,0,NA,NA,NA,NA,Y,NA,A,01,0,2,0,0,0,0,0,0,0,-,-,NA,NA,LOS ANGELES,LOS ANGELES,-118.29401397705078,33.76978302001953
9630732,2023,2023-11-30,1942,2023-10-15,2225,39457,0129,7,5,7,1942,0,0,0,A,0,11261,E 1ST ST,VIGNES ST,45,E,N,A,-,N,NA,NA,NA,NA,NA,NA,NA,NA,NA,Y,2,0,2,1,A,-,08,22107,NA,N,E,I,A,A,H,-,C,A,0,NA,NA,NA,NA,Y,NA,D,22,1,1,0,0,0,0,0,0,0,-,-,NA,NA,LOS ANGELES,LOS ANGELES,-118.23378753662108,34.048377990722656
9630735,2023,2023-11-08,1942,2023-09-25,1830,41933,0528,1,5,7,1942,0,0,0,E,0,25T33,SANFORD AV,CONLON ST,20,S,N,A,-,N,NA,NA,NA,NA,NA,NA,NA,NA,NA,N,4,0,1,2,A,-,03,22350,NA,N,E,I,F,A,H,-,A,D,0,Y,NA,NA,Y,Y,NA,G,27,0,0,1,0,1,0,0,0,0,-,-,NA,NA,LOS ANGELES,LOS ANGELES,-118.25105285644533,33.791473388671875
9630736,2023,2023-11-30,1942,2023-10-13,2100,34350,0161,5,5,7,1942,0,0,0,A,0,24T32,GEORGIA ST,JAMES M WOOD BL,0,NA,Y,A,-,N,NA,NA,NA,NA,NA,NA,NA,NA,NA,Y,3,0,2,2,A,-,12,21453,A,F,D,C,A,A,H,-,C,A,0,NA,NA,NA,NA,Y,NA,A,08,0,2,0,0,0,0,0,0,0,-,-,NA,NA,LOS ANGELES,LOS ANGELES,-118.26571655273438,34.04747772216797
9630737,2023,2023-12-16,1900,2023-10-06,810,641133,0633,5,5,6,1985,0,0,0,NA,0,065,LOST CANYON RD,CANYON PARK BL,0,NA,Y,A,-,N,NA,NA,NA,NA,NA,NA,NA,NA,NA,Y,3,0,1,2,A,-,09,21802,A,N,D,C,A,A,H,-,A,D,0,NA,NA,Y,NA,Y,NA,D,22,0,1,0,0,0,0,0,0,1,-,-,34.40618133544922,-118.44715881347656,LOS ANGELES,SANTA CLARITA,-118.44696807861328,34.40610122680664
9630745,2023,2023-11-01,1900,2023-09-20,1405,476477,0641,3,5,6,1985,0,0,0,NA,0,62T1P,SECO CANYON RD,GARZOTA DR,0,NA,Y,A,-,N,NA,NA,NA,NA,NA,NA,NA,NA,NA,N,4,0,1,2,D,-,00,NA,NA,M,D,G,A,A,H,-,A,A,0,NA,Y,NA,NA,Y,NA,-,-,0,0,1,0,0,0,1,0,0,-,-,34.437599182128906,-118.53279876708984,LOS ANGELES,SANTA CLARITA,-118.53279113769533,34.43751907348633
9630749,2023,2023-11-22,1900,2023-10-10,559,630378,0621,2,5,6,1985,0,0,0,NA,0,61T1,MCBEAN PKWY,AVENIDA NAVARRE,0,NA,Y,A,-,N,NA,NA,NA,NA,NA,NA,NA,NA,NA,Y,3,0,2,2,D,-,00,NA,NA,N,D,C,A,A,H,-,B,A,0,NA,NA,NA,NA,Y,NA,-,-,0,2,0,0,0,0,0,0,0,-,-,34.39923095703125,-118.55108642578124,LOS ANGELES,SANTA CLARITA,-118.55107879638672,34.39911651611328
9630759,2023,2023-11-07,1942,2023-09-27,200,34332,0195,3,5,7,1942,0,0,0,A,0,27T33,BROADWAY,17TH ST,0,NA,Y,A,-,N,NA,NA,NA,NA,NA,NA,NA,NA,NA,Y,3,0,1,2,A,-,08,22107,NA,N,B,C,A,A,H,-,C,A,0,NA,NA,NA,NA,Y,NA,I,09,0,1,0,0,0,0,0,0,0,-,-,NA,NA,LOS ANGELES,LOS ANGELES,-118.26416015625,34.03342819213867
9630760,2023,2023-11-08,1942,2023-09-17,115,45421,0159,7,5,7,1942,0,0,0,A,0,1A29,SANTA FE,7TH,0,NA,Y,A,-,N,NA,NA,NA,NA,NA,NA,NA,NA,NA,N,4,0,1,4,A,-,03,22350,A,F,B,B,E,A,H,-,C,D,0,Y,NA,NA,NA,Y,NA,-,99,0,0,1,0,1,0,0,0,0,-,-,NA,NA,LOS ANGELES,LOS ANGELES,-118.23007202148438,34.03457260131836
9630762,2023,2023-11-21,1942,2023-09-13,805,41158,0991,3,5,7,1942,0,0,0,I,0,26TL25,BRIARWOOD DR,DEERHORN RD,75,N,N,A,-,N,NA,NA,NA,NA,NA,NA,NA,NA,NA,N,4,0,1,2,A,-,08,22107,NA,N,B,C,A,A,D,-,A,D,0,NA,NA,NA,Y,Y,NA,F,27,0,0,1,0,0,0,0,0,0,-,-,NA,NA,LOS ANGELES,LOS ANGELES,-118.47087860107422,34.14183807373047
9630763,2023,2023-11-30,1942,2023-10-05,830,33985,0118,4,5,7,1942,0,0,0,A,0,224MQ6,ALAMEDA ST,ALPINE ST,100,N,N,A,-,N,NA,NA,NA,NA,NA,NA,NA,NA,NA,N,4,0,1,2,A,-,04,21703,NA,N,C,C,A,A,H,-,A,D,0,NA,NA,NA,Y,Y,NA,F,26,0,0,1,0,0,0,0,0,0,-,-,NA,NA,LOS ANGELES,LOS ANGELES,-118.23629760742188,34.0619010925293
9630764,2023,2023-11-16,1942,2023-09-16,300,44626,0142,6,5,7,1942,0,0,0,A,0,1X37,FLOWER ST,5TH ST,0,NA,Y,B,-,N,NA,NA,NA,NA,NA,NA,NA,NA,NA,N,3,0,1,2,A,-,12,21453,A,N,D,C,A,A,H,-,C,A,0,NA,NA,NA,NA,Y,NA,-,-,0,1,0,0,0,0,0,0,0,-,-,NA,NA,LOS ANGELES,LOS ANGELES,-118.25611114501952,34.0516242980957
9630766,2023,2024-04-27,1942,2023-10-09,1135,40291,1687,1,5,7,1942,0,0,0,P,0,26M44,SAN FERNANDO RD,CLYBOURN AV,535,S,N,A,-,N,NA,NA,NA,NA,NA,NA,NA,NA,NA,N,3,0,1,2,A,-,04,21703,NA,N,C,-,A,A,H,-,A,A,0,NA,NA,NA,NA,Y,NA,I,09,0,1,0,0,0,0,0,0,0,-,-,NA,NA,LOS ANGELES,LOS ANGELES,-118.36296081542967,34.21549987792969
9630770,2023,2023-11-27,1942,2023-10-11,40,33504,0941,3,5,7,1942,0,0,0,I,0,26T55,KESTER AV,HATTERAS ST,275,S,N,A,-,N,NA,NA,NA,NA,NA,NA,NA,NA,NA,Y,3,0,1,3,A,-,08,22107,NA,N,D,E,A,A,H,-,C,D,0,NA,NA,NA,NA,Y,NA,A,01,0,1,0,0,0,0,0,0,0,-,-,NA,NA,LOS ANGELES,LOS ANGELES,-118.45742797851564,34.17497634887695
9630775,2023,2023-11-30,1942,2023-10-09,1350,36238,0162,1,5,7,1942,0,0,0,A,0,24TL24,8TH ST,GRAND AV,35,E,N,A,-,N,NA,NA,NA,NA,NA,NA,NA,NA,NA,N,3,0,3,2,A,-,03,22350,NA,N,B,E,A,A,H,-,A,D,0,NA,NA,NA,Y,Y,NA,I,09,0,1,2,0,0,0,0,0,0,-,-,NA,NA,LOS ANGELES,LOS ANGELES,-118.29004669189452,33.736968994140625
9630776,2023,2023-11-14,1942,2023-04-14,1019,36940,2014,5,5,7,1942,0,0,0,NA,0,27M22W,KINGSLEY DR,BEVERLY BL,6,S,N,A,-,N,NA,NA,NA,NA,NA,NA,NA,NA,NA,N,3,0,1,2,C,-,18,NA,NA,N,E,J,A,A,H,-,A,D,0,NA,NA,NA,Y,Y,NA,-,-,0,1,0,0,0,0,0,0,0,-,-,NA,NA,LOS ANGELES,LOS ANGELES,-118.30352020263672,34.076271057128906
9630779,2023,2023-11-30,1942,2023-10-12,1735,45521,0192,4,5,7,1942,0,0,0,A,0,1A2,GRAND AV,17TH ST,0,NA,Y,A,-,N,NA,NA,NA,NA,NA,NA,NA,NA,NA,N,4,0,1,2,A,-,17,21658,B,N,H,G,A,A,H,-,A,A,0,NA,Y,NA,NA,Y,NA,L,04,0,0,1,0,0,0,1,0,0,-,-,NA,NA,LOS ANGELES,LOS ANGELES,-118.29022216796876,33.72877883911133
9630782,2023,2025-01-07,1942,2023-09-30,1905,44344,1962,6,5,7,1942,0,0,0,NA,0,26T56,NOBLE AV,NORHHOFF ST,8,S,N,B,-,N,NA,NA,NA,NA,NA,NA,NA,NA,NA,N,3,0,2,3,A,-,09,21801,A,F,D,C,A,A,H,-,C,A,0,NA,NA,NA,NA,Y,NA,A,07,0,2,0,0,0,0,0,0,0,-,-,NA,NA,LOS ANGELES,LOS ANGELES,-118.46106719970705,34.23545837402344
9630783,2023,2023-11-27,1942,2023-10-13,310,41068,0159,5,5,7,1942,0,0,0,A,0,24T31,MATEO ST,7TH ST,0,NA,Y,A,-,N,NA,NA,NA,NA,NA,NA,NA,NA,NA,Y,4,0,1,2,A,-,12,21453,NA,N,D,C,A,A,H,-,C,A,0,NA,NA,NA,Y,Y,NA,-,-,0,0,1,0,0,0,0,0,0,-,-,NA,NA,LOS ANGELES,LOS ANGELES,-118.2322998046875,34.03459930419922
9630786,2023,2023-12-01,1942,2023-10-14,2030,38314,0911,6,5,7,1942,0,0,0,I,0,26T52,VANOWEN ST,SEPULVEDA BL,0,NA,Y,A,-,N,NA,NA,NA,NA,NA,NA,NA,NA,NA,Y,3,0,1,2,A,-,01,23152,A,N,A,C,A,A,H,-,C,A,0,NA,NA,NA,NA,Y,Y,A,07,0,1,0,0,0,0,0,0,0,-,-,NA,NA,LOS ANGELES,LOS ANGELES,-118.46617889404295,34.19391632080078
9630789,2023,2023-11-01,1900,2023-09-11,1325,653913,1320,1,5,5,1935,0,0,0,NA,0,132D,DEL AMO BL,LAKEWOOD BL,88,W,N,A,-,N,NA,NA,NA,NA,NA,NA,NA,NA,NA,N,3,0,1,3,A,-,03,22350,NA,N,C,C,A,A,H,-,A,A,0,NA,NA,NA,NA,Y,NA,A,01,0,1,0,0,0,0,0,0,0,-,-,NA,NA,LOS ANGELES,LAKEWOOD,-118.14270782470705,33.8471794128418
9630796,2023,2023-11-06,1942,2023-09-25,1105,42624,1443,1,5,7,1942,0,0,0,N,0,27TL27,VENICE BL,GLENCOE AV,121,W,N,A,-,N,NA,NA,NA,NA,NA,NA,NA,NA,NA,Y,4,0,2,2,A,-,07,21658,A,N,B,C,A,A,H,-,A,D,0,NA,NA,NA,NA,Y,NA,A,01,0,0,2,0,0,0,0,0,0,-,-,NA,NA,LOS ANGELES,LOS ANGELES,-118.44771575927734,33.99666213989258
9630798,2023,2023-11-16,1942,2023-08-26,2000,44892,1842,6,5,7,1942,0,0,0,R,0,18A3,IMPERIAL HWY,MAIN ST,0,NA,-,B,-,N,NA,NA,NA,NA,NA,NA,NA,NA,NA,N,2,0,1,2,A,-,11,21950,B,N,G,B,D,A,H,-,D,A,0,Y,NA,NA,NA,Y,NA,N,60,1,0,0,0,1,0,0,0,0,-,-,NA,NA,LOS ANGELES,LOS ANGELES,-118.4159698486328,33.9312858581543
9630853,2023,2023-12-05,1910,2023-10-26,1540,03494,NA,4,5,4,1910,0,0,0,NA,0,005,RODEO DR,OLYMPIC BL,117,S,N,A,-,N,NA,NA,NA,NA,NA,NA,NA,NA,NA,Y,4,0,1,2,A,-,08,22107,NA,N,D,C,A,A,H,-,A,D,0,NA,NA,NA,NA,Y,NA,A,01,0,0,1,0,0,0,0,0,0,-,-,34.05928039550781,-118.40126800537108,LOS ANGELES,BEVERLY HILLS,-118.40131378173828,34.05936050415039
9630861,2023,2023-11-07,1900,2023-09-25,1840,643386,0452,1,5,6,1949,0,0,0,NA,0,43T1,MILANO,LAKELAND RD,40,N,N,A,-,N,NA,NA,NA,NA,NA,NA,NA,NA,NA,N,4,0,1,2,A,-,09,21804,A,N,D,G,A,A,H,-,A,D,0,NA,Y,NA,NA,Y,NA,L,04,0,0,1,0,0,0,1,0,0,-,-,NA,NA,LOS ANGELES,NORWALK,-118.08499145507813,33.932220458984375
9630865,2023,2023-11-07,1900,2023-09-22,1600,636395,0455,5,5,6,1949,0,0,0,NA,0,45T1,JERSEY AV,LINDALE ST,0,NA,Y,A,-,N,NA,NA,NA,NA,NA,NA,NA,NA,NA,Y,4,0,2,3,A,-,09,21802,A,N,A,C,A,A,H,-,A,A,0,NA,NA,NA,NA,Y,NA,A,07,0,0,2,0,0,0,0,0,0,-,-,NA,NA,LOS ANGELES,NORWALK,-118.08639526367188,33.90031051635742
9630866,2023,2023-11-07,1900,2023-09-28,1645,647450,0453,4,5,6,1949,0,0,0,NA,0,43T1,ROSECRANS AV,CROSSDALE AV,0,NA,Y,A,-,N,NA,NA,NA,NA,NA,NA,NA,NA,NA,N,3,0,1,2,A,-,09,21801,A,N,D,C,A,A,H,-,A,D,0,NA,NA,Y,NA,Y,NA,D,22,0,1,0,0,0,0,0,0,1,-,-,NA,NA,LOS ANGELES,NORWALK,-118.097412109375,33.90206527709961
9630875,2023,2023-11-30,1900,2023-09-13,1015,634995,2610,3,5,6,1950,0,0,0,NA,0,262T1,PALMDALE BL,9TH ST EAST,173,W,N,A,-,Y,LA,7,138,-,-,44.52,H,-,W,Y,4,0,2,3,A,-,03,22350,NA,N,C,C,A,A,H,-,A,D,0,NA,NA,NA,NA,Y,NA,D,22,0,0,2,0,0,0,0,0,0,-,-,34.57960891723633,-118.11498260498048,LOS ANGELES,PALMDALE,-118.11483764648438,34.57960891723633
9630876,2023,2023-11-07,1900,2023-09-11,735,634995,2612,1,5,6,1950,0,0,0,NA,0,2621T,PARKWOOD DR,CANDLEBERRY WY,0,NA,Y,A,-,N,NA,NA,NA,NA,NA,NA,NA,NA,NA,N,4,0,1,2,A,-,04,21703,NA,N,C,C,A,A,H,-,A,B,0,NA,NA,NA,NA,Y,NA,D,22,0,0,1,0,0,0,0,0,0,-,-,34.564579010009766,-118.17601013183594,LOS ANGELES,PALMDALE,-118.17613220214844,34.56419372558594
9630900,2023,2023-12-05,1972,2023-10-12,921,18059,NA,4,5,6,1972,0,0,0,NA,0,NA,CRENSHAW,180TH ST,0,NA,Y,A,-,N,NA,NA,NA,NA,NA,NA,NA,NA,NA,Y,4,0,1,2,A,-,07,21658,A,N,B,C,A,A,H,-,A,D,0,NA,NA,Y,NA,Y,NA,A,NA,0,0,1,0,0,0,0,0,1,-,-,NA,NA,LOS ANGELES,TORRANCE,-118.32649230957033,33.867774963378906
9630913,2023,2023-11-09,1900,2023-10-21,529,62821,0814,6,5,4,1960,0,0,0,NA,0,81K2,COVINA BL,CLIFFSIDE DR,321,E,N,A,-,N,NA,NA,NA,NA,NA,NA,NA,NA,NA,Y,3,0,1,1,A,-,08,22107,NA,N,A,I,A,A,H,-,C,A,0,NA,NA,NA,NA,Y,NA,A,01,0,1,0,0,0,0,0,0,0,-,-,34.09933853149414,-117.81455993652344,LOS ANGELES,SAN DIMAS,-117.81357574462892,34.0993766784668
9630920,2023,2023-11-09,1900,2023-10-14,414,637307,0819,6,5,4,1960,0,0,0,NA,0,81K1,VIA VERDE,AVENIDA ENTRADA,76,E,N,A,-,N,NA,NA,NA,NA,NA,NA,NA,NA,NA,Y,2,0,1,1,A,-,08,22107,NA,N,A,I,A,A,H,-,C,A,0,NA,NA,NA,NA,Y,Y,A,01,1,0,0,0,0,0,0,0,0,-,-,34.07722854614258,-117.8215789794922,LOS ANGELES,SAN DIMAS,-117.82151794433594,34.077327728271484
9630925,2023,2023-11-09,1931,2023-10-06,1055,5308,1931,5,5,5,1931,0,0,0,NA,0,003,SANTA FE AV,SATURN AV,230,S,N,A,-,N,NA,NA,NA,NA,NA,NA,NA,NA,NA,NA,4,0,2,2,A,-,09,21804,A,N,D,C,A,A,H,-,A,D,0,NA,NA,NA,NA,Y,NA,A,01,0,0,2,0,0,0,0,0,0,-,-,NA,NA,LOS ANGELES,HUNTINGTON PARK,-118.23029327392578,33.976287841796875
9630932,2023,2023-11-09,1931,2023-10-11,1645,5735,1931,3,5,5,1931,0,0,0,NA,0,003,MALABAR ST,FLORENCE AV,6,N,N,A,-,N,NA,NA,NA,NA,NA,NA,NA,NA,NA,NA,3,0,1,2,A,-,12,22450,A,F,D,G,A,A,H,-,A,A,0,NA,Y,NA,NA,Y,NA,A,01,0,1,0,0,0,0,1,0,0,-,-,NA,NA,LOS ANGELES,HUNTINGTON PARK,-118.2277603149414,33.9744873046875
9630949,2023,2023-11-06,1920,2023-09-20,759,13022,NA,3,5,6,1920,0,0,0,NA,0,NA,STEWART,GRAY RD,0,NA,Y,A,-,N,NA,NA,NA,NA,NA,NA,NA,NA,NA,N,4,0,3,2,A,-,12,21453,A,N,D,C,A,A,H,-,A,A,0,NA,NA,NA,NA,Y,NA,A,01,0,0,3,0,0,0,0,0,0,-,-,NA,NA,LOS ANGELES,DOWNEY,NA,NA
9630957,2023,2023-11-06,1900,2023-09-10,2335,677316,0814,7,5,4,1960,0,0,0,NA,0,87K1,COVINA BL,TERRACE DR,0,NA,Y,A,-,N,NA,NA,NA,NA,NA,NA,NA,NA,NA,Y,4,0,1,2,A,-,09,21800,A,N,D,C,A,A,H,-,C,A,0,NA,NA,Y,NA,Y,NA,A,01,0,0,1,0,0,0,0,0,0,-,-,34.0994987487793,-117.81916809082033,LOS ANGELES,SAN DIMAS,-117.81806182861328,34.09946060180664
9630965,2023,2023-11-30,1900,2023-10-11,1131,602403,2262,3,5,2,1993,0,0,0,NA,0,222T1,THOUSAND OAKS BL,PORTOLA CT,0,NA,Y,A,-,N,NA,NA,NA,NA,NA,NA,NA,NA,NA,Y,3,0,1,2,A,-,09,21800,A,N,D,C,A,A,H,-,A,A,0,NA,NA,NA,NA,Y,NA,A,01,0,1,0,0,0,0,0,0,0,-,-,34.15507888793945,-118.79241180419922,LOS ANGELES,WESTLAKE VILLAGE,-118.7924575805664,34.1550178527832
9630966,2023,2023-11-30,1900,2023-10-10,1930,663918,22545,2,5,3,1989,0,0,0,NA,0,224,PARK GRANADA,PARK SORRENTO,0,NA,Y,A,-,N,NA,NA,NA,NA,NA,NA,NA,NA,NA,N,3,0,1,2,A,-,21,22106,NA,N,C,C,A,A,H,-,C,A,0,NA,NA,NA,NA,Y,NA,A,01,0,1,0,0,0,0,0,0,0,-,-,34.1545295715332,-118.6423568725586,LOS ANGELES,CALABASAS,-118.6423568725586,34.1546745300293
9630967,2023,2023-11-30,1900,2023-10-21,1603,612140,2227,6,5,3,1994,0,0,0,NA,0,222T1,THOUSAND OAKS BL,KANAN RD,200,N,N,A,-,N,NA,NA,NA,NA,NA,NA,NA,NA,NA,Y,4,0,2,2,A,-,09,21801,A,N,D,C,A,A,H,-,A,D,0,NA,NA,NA,NA,Y,NA,A,01,0,0,2,0,0,0,0,0,0,-,-,34.15528869628906,-118.75656127929688,LOS ANGELES,AGOURA HILLS,-118.75779724121094,34.154151916503906
9631019,2023,2023-11-30,1920,2023-10-20,747,13022,1920,5,5,6,1920,0,0,0,NA,0,004,HASTY AV,FARM ST,0,NA,Y,A,-,N,NA,NA,NA,NA,NA,NA,NA,NA,NA,N,4,0,1,2,A,-,10,21950,A,N,G,B,B,A,H,-,A,A,0,Y,NA,NA,NA,Y,NA,A,01,0,0,1,0,1,0,0,0,0,-,-,NA,NA,LOS ANGELES,DOWNEY,-118.11033630371094,33.93901062011719
9631020,2023,2023-12-04,1920,2023-10-11,738,13022,1920,3,5,6,1920,0,0,0,NA,0,006,PATTON RD,STEWART AND GRAY RD,116,S,N,A,-,N,NA,NA,NA,NA,NA,NA,NA,NA,NA,N,3,0,1,2,A,-,17,21235,G,N,D,C,A,A,H,-,A,A,0,NA,NA,NA,NA,Y,NA,M,94,0,1,0,0,0,0,0,0,0,-,-,NA,NA,LOS ANGELES,DOWNEY,-118.13349151611328,33.92959976196289
9631024,2023,2023-12-04,1920,2023-10-12,708,13022,1920,4,5,6,1920,0,0,0,NA,0,006,DOWNEY AV,LAURELDALE AV,153,S,N,A,-,N,NA,NA,NA,NA,NA,NA,NA,NA,NA,N,4,0,1,2,A,-,08,22107,NA,N,B,C,A,A,H,-,A,A,0,NA,NA,Y,NA,Y,NA,A,01,0,0,1,0,0,0,0,0,1,-,-,NA,NA,LOS ANGELES,DOWNEY,-118.15154266357422,33.90703201293945
9631067,2023,2023-11-03,1910,2023-09-26,1556,04971,NA,2,5,4,1910,0,0,0,NA,0,009,W PALM DR,BURTON WA,0,NA,Y,A,-,N,NA,NA,NA,NA,NA,NA,NA,NA,NA,Y,4,0,1,2,A,-,09,21804,NA,N,D,C,A,A,H,-,A,D,0,NA,NA,NA,NA,Y,NA,A,01,0,0,1,0,0,0,0,0,0,-,-,34.07231903076172,-118.39224243164064,LOS ANGELES,BEVERLY HILLS,-118.39225769042967,34.07209014892578
9631194,2023,2023-10-24,1942,2023-08-29,1600,45294,0914,2,5,7,1942,0,0,0,I,0,9X52W4,KESTER AV,HARTLAND ST,40,S,N,A,-,N,NA,NA,NA,NA,NA,NA,NA,NA,NA,Y,3,0,1,1,A,-,09,21802,A,N,E,I,A,A,H,-,A,A,0,NA,NA,NA,NA,Y,NA,A,01,0,1,0,0,0,0,0,0,0,-,-,NA,NA,LOS ANGELES,LOS ANGELES,-118.45744323730467,34.19475173950195
9631195,2023,2023-10-24,1942,2023-08-19,1225,40291,0939,6,5,7,1942,0,0,0,I,0,26M44,VICTORY BL,COLDWATER CANYON,400,W,N,A,-,N,NA,NA,NA,NA,NA,NA,NA,NA,NA,N,4,0,3,2,A,-,08,22107,NA,N,C,C,A,A,H,-,A,A,0,NA,NA,NA,NA,Y,NA,A,07,0,0,3,0,0,0,0,0,0,-,-,NA,NA,LOS ANGELES,LOS ANGELES,-118.41513061523438,34.18667984008789
9631196,2023,2023-10-24,1970,2023-08-23,859,195,SPB2,3,5,4,1970,0,0,0,NA,0,002,GREVELIA ST,BRENT AV,193,E,N,A,-,N,NA,NA,NA,NA,NA,NA,NA,NA,NA,Y,3,0,3,3,A,-,09,21804,A,N,D,C,A,A,H,-,A,D,0,NA,NA,NA,NA,Y,NA,A,07,0,3,0,0,0,0,0,0,0,-,-,NA,NA,LOS ANGELES,SOUTH PASADENA,-118.14835357666016,34.11893844604492
9631199,2023,2023-11-01,1900,2023-08-22,730,673790,2246,2,5,3,1989,0,0,0,NA,0,225,CALLE JOAQUIN,CALLE CEDRO,400,S,N,A,-,N,NA,NA,NA,NA,NA,NA,NA,NA,NA,N,3,0,1,2,A,-,08,22107,NA,N,D,C,A,A,H,-,A,D,0,NA,NA,NA,NA,Y,NA,A,01,0,1,0,0,0,0,0,0,0,-,-,34.13731002807617,-118.66163635253906,LOS ANGELES,CALABASAS,-118.66162109375,34.13740539550781