CASE_ID,ACCIDENT_YEAR,PROC_DATE,JURIS,COLLISION_DATE,COLLISION_TIME,OFFICER_ID,REPORTING_DISTRICT,DAY_OF_WEEK,CHP_SHIFT,POPULATION,CNTY_CITY_LOC,SPECIAL_COND,BEAT_TYPE,CHP_BEAT_TYPE,CITY_DIVISION_LAPD,CHP_BEAT_CLASS,BEAT_NUMBER,PRIMARY_RD,SECONDARY_RD,DISTANCE,DIRECTION,INTERSECTION,WEATHER_1,WEATHER_2,STATE_HWY_IND,CALTRANS_COUNTY,CALTRANS_DISTRICT,STATE_ROUTE,ROUTE_SUFFIX,POSTMILE_PREFIX,POSTMILE,LOCATION_TYPE,RAMP_INTERSECTION,SIDE_OF_HWY,TOW_AWAY,COLLISION_SEVERITY,NUMBER_KILLED,NUMBER_INJURED,PARTY_COUNT,PRIMARY_COLL_FACTOR,PCF_CODE_OF_VIOL,PCF_VIOL_CATEGORY,PCF_VIOLATION,PCF_VIOL_SUBSECTION,HIT_AND_RUN,TYPE_OF_COLLISION,MVIW,PED_ACTION,ROAD_SURFACE,ROAD_COND_1,ROAD_COND_2,LIGHTING,CONTROL_DEVICE,CHP_ROAD_TYPE,PEDESTRIAN_ACCIDENT,BICYCLE_ACCIDENT,MOTORCYCLE_ACCIDENT,TRUCK_ACCIDENT,NOT_PRIVATE_PROPERTY,ALCOHOL_INVOLVED,STWD_VEHTYPE_AT_FAULT,CHP_VEHTYPE_AT_FAULT,COUNT_SEVERE_INJ,COUNT_VISIBLE_INJ,COUNT_COMPLAINT_PAIN,COUNT_PED_KILLED,COUNT_PED_INJURED,COUNT_BICYCLIST_KILLED,COUNT_BICYCLIST_INJURED,COUNT_MC_KILLED,COUNT_MC_INJURED,PRIMARY_RAMP,SECONDARY_RAMP,LATITUDE,LONGITUDE,COUNTY,CITY,POINT_X,POINT_Y
9631492,2023,2023-11-06,1900,2023-09-26,834,657184,1366,2,5,5,1952,0,0,0,NA,0,136B,ORANGE AV,SOMERSET BL,574,S,N,A,-,N,NA,NA,NA,NA,NA,NA,NA,NA,NA,Y,4,0,1,2,A,-,08,22100,A,N,D,C,A,A,H,-,A,D,0,NA,NA,NA,NA,Y,NA,A,01,0,0,1,0,0,0,0,0,0,-,-,33.85857009887695,-118.07212066650392,LOS ANGELES,PARAMOUNT,-118.1775131225586,33.89470672607422
9631493,2023,2023-11-06,1900,2023-09-13,818,648577,1365,3,5,5,1952,0,0,0,NA,0,136T1,DOWNEY AV,MADISON ST,45,S,N,A,-,N,NA,NA,NA,NA,NA,NA,NA,NA,NA,N,3,0,1,2,A,-,11,21954,A,N,G,B,E,A,H,-,A,A,0,Y,NA,NA,NA,Y,NA,N,60,0,1,0,0,1,0,0,0,0,-,-,NA,NA,LOS ANGELES,PARAMOUNT,-118.15147399902344,33.890987396240234
9631494,2023,2023-11-06,1900,2023-09-28,839,648577,1368,4,5,5,1952,0,0,0,NA,0,136T1,ALONDRA BL,COLORADO AV,0,NA,Y,A,-,N,NA,NA,NA,NA,NA,NA,NA,NA,NA,Y,4,0,1,2,A,-,09,21802,A,N,B,C,A,A,H,-,A,D,0,NA,NA,NA,NA,Y,NA,A,01,0,0,1,0,0,0,0,0,0,-,-,NA,NA,LOS ANGELES,PARAMOUNT,-118.16146087646484,33.889129638671875
9631499,2023,2023-11-06,1942,2023-09-19,815,42624,0964,2,5,7,1942,0,0,0,I,0,26TL25,HAZELTINE AV,FASHION SQUARE LN,0,NA,Y,A,-,N,NA,NA,NA,NA,NA,NA,NA,NA,NA,Y,2,0,2,2,A,-,12,21453,A,N,D,C,A,A,H,-,A,A,0,NA,NA,NA,NA,Y,NA,A,07,1,0,1,0,0,0,0,0,0,-,-,NA,NA,LOS ANGELES,LOS ANGELES,-118.43997955322266,34.15652084350586
9631500,2023,2023-11-07,1942,2023-09-15,1445,42857,1525,5,5,7,1942,0,0,0,O,0,15X66,LAUREL CANYON BL,VICTORY BL,220,N,N,A,-,N,NA,NA,NA,NA,NA,NA,NA,NA,NA,Y,2,0,1,1,C,-,18,NA,NA,N,E,I,A,A,H,-,A,D,0,NA,NA,NA,NA,Y,NA,-,-,1,0,0,0,0,0,0,0,0,-,-,NA,NA,LOS ANGELES,LOS ANGELES,-118.39652252197266,34.18728256225586
9631501,2023,2023-11-07,1942,2023-09-27,2200,42788,1469,3,5,7,1942,0,0,0,N,0,27T33W,CENTINELA AV,S LA TIJERA BL,30,W,N,A,-,N,NA,NA,NA,NA,NA,NA,NA,NA,NA,Y,3,0,2,2,A,-,01,23152,A,N,B,C,A,A,H,-,C,A,0,NA,NA,NA,NA,Y,Y,A,01,0,2,0,0,0,0,0,0,0,-,-,NA,NA,LOS ANGELES,LOS ANGELES,-118.37192535400392,33.97730255126953
9631502,2023,2023-11-07,1942,2023-09-25,1900,42788,1489,1,5,7,1942,0,0,0,N,0,27T33,W CENTURY BL,LA CIENEGA BL,0,NA,Y,A,-,N,NA,NA,NA,NA,NA,NA,NA,NA,NA,Y,4,0,2,2,A,-,09,21801,NA,F,D,C,A,A,H,-,C,A,0,NA,NA,NA,NA,Y,NA,-,99,0,0,2,0,0,0,0,0,0,-,-,NA,NA,LOS ANGELES,LOS ANGELES,-118.37006378173828,33.94540786743164
9631503,2023,2023-11-07,1942,2023-09-23,2046,43796,1459,6,5,7,1942,0,0,0,N,0,14A49,LA TIJERA BL,OSAGE AV,200,E,N,A,-,N,NA,NA,NA,NA,NA,NA,NA,NA,NA,N,4,0,1,2,A,-,03,22350,NA,F,C,D,A,A,H,-,B,A,0,NA,NA,NA,NA,Y,NA,-,99,0,0,1,0,0,0,0,0,0,-,-,NA,NA,LOS ANGELES,LOS ANGELES,-118.37833404541016,33.97150421142578
9631504,2023,2023-11-07,1942,2023-09-21,1935,38090,782,4,5,7,1942,0,0,0,NA,0,27T35,VENICE BL,CADILLAC AV,36,W,N,A,-,N,NA,NA,NA,NA,NA,NA,NA,NA,NA,Y,2,0,1,1,A,-,01,23152,A,N,E,I,A,A,H,-,C,A,0,NA,NA,NA,NA,Y,Y,A,01,1,0,0,0,0,0,0,0,0,-,-,NA,NA,LOS ANGELES,LOS ANGELES,-118.37428283691406,34.037384033203125
9631505,2023,2023-11-07,1942,2023-09-19,1215,38333,0701,2,5,7,1942,0,0,0,G,0,27M134,N FAIRFAX AV,WARING AV,64,S,N,A,-,N,NA,NA,NA,NA,NA,NA,NA,NA,NA,N,2,0,1,2,A,-,11,21954,A,N,G,B,D,A,H,-,A,A,0,Y,NA,NA,NA,Y,NA,N,60,1,0,0,0,1,0,0,0,0,-,-,NA,NA,LOS ANGELES,LOS ANGELES,-118.3615264892578,34.08527374267578
9631506,2023,2023-11-07,1942,2023-09-29,1552,36264,0778,5,5,7,1942,0,0,0,G,0,27M170,WASHINGTON BL,BRONSON AV,0,NA,Y,A,-,N,NA,NA,NA,NA,NA,NA,NA,NA,NA,N,4,0,1,2,A,-,09,21802,A,F,D,C,A,A,H,-,A,D,0,NA,NA,NA,NA,Y,NA,-,99,0,0,1,0,0,0,0,0,0,-,-,NA,NA,LOS ANGELES,LOS ANGELES,-118.32978057861328,34.03987121582031
9631507,2023,2023-11-07,1942,2023-09-22,540,42157,0766,5,5,7,1942,0,0,0,G,0,27TL25,VENICE BL,CRENSHAW BL,0,NA,Y,A,-,N,NA,NA,NA,NA,NA,NA,NA,NA,NA,Y,4,0,1,2,A,-,12,21453,A,F,D,C,A,A,H,-,B,A,0,NA,NA,NA,NA,Y,NA,A,07,0,0,1,0,0,0,0,0,0,-,-,NA,NA,LOS ANGELES,LOS ANGELES,-118.32840728759766,34.04469680786133
9631508,2023,2023-11-07,1942,2023-09-29,400,43724,0677,5,5,7,1942,0,0,0,F,0,6A15W3,WESTERN AV,MELROSE AV,0,NA,Y,B,-,N,NA,NA,NA,NA,NA,NA,NA,NA,NA,N,4,0,1,2,A,-,10,21950,A,F,G,B,B,A,H,-,C,A,0,Y,NA,NA,NA,Y,NA,-,99,0,0,1,0,1,0,0,0,0,-,-,NA,NA,LOS ANGELES,LOS ANGELES,-118.3091278076172,34.08351135253906
9631509,2023,2023-11-07,1942,2023-09-09,2015,42901,0782,6,5,7,1942,0,0,0,G,0,27TL33,LA CIENEGA BL,VENICE BL,180,S,N,A,-,N,NA,NA,NA,NA,NA,NA,NA,NA,NA,N,3,0,1,2,A,-,03,22350,NA,F,G,B,E,A,H,-,C,D,0,Y,NA,NA,NA,Y,NA,-,99,0,1,0,0,1,0,0,0,0,-,-,NA,NA,LOS ANGELES,LOS ANGELES,-118.37779235839844,34.03468704223633
9631516,2023,2023-11-07,1942,2023-09-26,1855,42788,2097,2,5,7,1942,0,0,0,NA,0,27T33W,MARIPOSA,WASHINGTON BL,102,S,N,A,-,N,NA,NA,NA,NA,NA,NA,NA,NA,NA,N,4,0,1,2,A,-,05,21651,B,N,A,G,A,A,H,-,B,A,0,NA,Y,NA,NA,Y,NA,L,04,0,0,1,0,0,0,1,0,0,-,-,NA,NA,LOS ANGELES,LOS ANGELES,-118.2983627319336,34.03971862792969
9631517,2023,2023-11-07,1942,2023-09-28,2110,41978,0882,4,5,7,1942,0,0,0,H,0,27T31,PICO BL,FEDERAL AV,317,E,N,A,-,N,NA,NA,NA,NA,NA,NA,NA,NA,NA,N,3,0,1,2,A,-,11,21954,A,N,G,B,E,A,H,-,C,A,0,Y,NA,NA,NA,Y,NA,N,60,0,1,0,0,1,0,0,0,0,-,-,NA,NA,LOS ANGELES,LOS ANGELES,-118.44309997558594,34.03297424316406
9631518,2023,2023-11-07,1942,2023-09-27,2320,41978,0817,3,5,7,1942,0,0,0,H,0,27T35,WILSHIRE BL,GAYLEY AV,10,W,N,A,-,N,NA,NA,NA,NA,NA,NA,NA,NA,NA,N,3,0,1,1,A,-,03,22350,NA,N,E,I,A,A,H,-,C,A,0,NA,NA,Y,NA,Y,NA,C,02,0,1,0,0,0,0,0,0,1,-,-,NA,NA,LOS ANGELES,LOS ANGELES,-118.44554901123048,34.05832290649414
9631519,2023,2023-11-07,1942,2023-09-27,1350,43181,0835,3,5,7,1942,0,0,0,H,0,27T48W,SEPULVEDA BL,OLYMPIC BL,0,NA,Y,A,-,N,NA,NA,NA,NA,NA,NA,NA,NA,NA,Y,3,0,1,2,A,-,09,21801,A,N,D,C,A,A,H,-,A,A,0,NA,NA,NA,NA,Y,NA,A,01,0,1,0,0,0,0,0,0,0,-,-,NA,NA,LOS ANGELES,LOS ANGELES,-118.43791961669922,34.04022216796875
9631520,2023,2023-11-07,1942,2023-09-21,915,34882,0828,4,5,7,1942,0,0,0,H,0,37M103,WILSHIRE BL,MANNING AV,0,NA,Y,B,-,N,NA,NA,NA,NA,NA,NA,NA,NA,NA,Y,3,0,1,2,A,-,09,21801,A,N,D,C,A,A,H,-,A,A,0,NA,NA,Y,NA,Y,NA,A,01,0,1,0,0,0,0,0,0,1,-,-,NA,NA,LOS ANGELES,LOS ANGELES,-118.43575286865234,34.06085968017578
9631551,2023,2023-11-27,1902,2023-10-31,1956,831,31,2,5,5,1902,0,0,0,NA,0,005,LEMON AV,BALDWIN AV,325,E,N,A,-,N,NA,NA,NA,NA,NA,NA,NA,NA,NA,N,3,0,1,2,A,-,08,22107,NA,N,B,E,A,A,H,-,C,D,0,NA,Y,NA,NA,Y,NA,L,04,0,1,0,0,0,0,1,0,0,-,-,NA,NA,LOS ANGELES,ARCADIA,-118.05438232421876,34.1186408996582
9631604,2023,2023-11-28,1906,2023-09-28,336,4446,1906,4,5,5,1906,0,0,0,NA,0,002,LOS ANGELES ST,MERCED AV,0,NA,Y,A,-,N,NA,NA,NA,NA,NA,NA,NA,NA,NA,Y,2,0,3,3,A,-,12,21453,A,N,A,E,A,A,H,-,C,A,0,NA,NA,NA,NA,Y,NA,A,01,2,1,0,0,0,0,0,0,0,-,-,NA,NA,LOS ANGELES,BALDWIN PARK,-117.97360229492188,34.092124938964844
9631607,2023,2024-01-19,1920,2023-10-11,1103,13022,1920,3,5,6,1920,0,0,0,NA,0,006,CLETA ST,BROOKSHIRE AV,0,NA,Y,A,-,N,NA,NA,NA,NA,NA,NA,NA,NA,NA,N,4,0,1,3,D,-,00,NA,NA,M,D,C,-,A,H,-,A,A,0,Y,NA,NA,NA,Y,NA,-,-,0,0,1,0,0,0,0,0,0,-,-,NA,NA,LOS ANGELES,DOWNEY,-118.13335418701172,33.93338394165039
9631611,2023,2024-01-18,1976,2023-10-28,2307,241,NA,6,5,3,1964,0,0,0,NA,0,003,VALLEY VIEW AV,ALONDRA BL,429,S,N,A,-,N,NA,NA,NA,NA,NA,NA,NA,NA,NA,Y,4,0,2,2,A,-,01,23152,A,N,C,C,A,A,H,-,C,A,0,NA,NA,NA,NA,Y,Y,-,NA,0,0,2,0,0,0,0,0,0,-,-,NA,NA,LOS ANGELES,SANTA FE SPRINGS,-118.02892303466795,33.888938903808594
9631619,2023,2023-12-05,1920,2023-09-01,1427,13022,1920,5,5,6,1920,0,0,0,NA,0,006,GARDENDALE ST,BLODGETT AV,61,E,N,-,-,N,NA,NA,NA,NA,NA,NA,NA,NA,NA,Y,3,0,1,2,A,-,08,22107,NA,N,C,E,A,A,H,-,A,A,0,NA,NA,NA,NA,Y,NA,A,01,0,1,0,0,0,0,0,0,0,-,-,NA,NA,LOS ANGELES,DOWNEY,-118.14404296875,33.91122817993164
9631631,2023,2024-01-19,1976,2023-10-20,2324,561,1976,5,5,5,1976,0,0,0,NA,0,002,HADLEY ST,PIERCE AV,99,W,N,A,-,N,NA,NA,NA,NA,NA,NA,NA,NA,NA,Y,4,0,1,3,A,-,01,23152,NA,N,C,E,A,A,H,-,C,D,0,NA,NA,NA,NA,Y,Y,-,NA,0,0,1,0,0,0,0,0,0,-,-,NA,NA,LOS ANGELES,WHITTIER,-118.04464721679688,33.982730865478516
9631634,2023,2024-01-24,1900,2023-11-07,2014,637374,1620,2,5,5,1977,0,0,0,NA,0,160T,CARSON ST,WILMINGTON AV,0,NA,Y,A,-,N,NA,NA,NA,NA,NA,NA,NA,NA,NA,Y,4,0,1,4,A,-,01,23152,A,N,D,C,A,A,H,-,C,A,0,NA,NA,NA,NA,Y,Y,A,01,0,0,1,0,0,0,0,0,0,-,-,33.83156967163086,-118.23956298828124,LOS ANGELES,CARSON,-118.23958587646484,33.83168411254883
9631635,2023,2024-01-19,1976,2023-10-31,1218,210,NA,2,5,3,1964,0,0,0,NA,0,003,VALLEY VIEW AV,ALONDRA BL,10,N,N,A,-,N,NA,NA,NA,NA,NA,NA,NA,NA,NA,N,4,0,1,2,A,-,03,22350,NA,N,C,C,A,A,H,-,A,A,0,NA,NA,NA,NA,Y,Y,-,NA,0,0,1,0,0,0,0,0,0,-,-,NA,NA,LOS ANGELES,SANTA FE SPRINGS,-118.02906799316406,33.88806915283203
9631666,2023,2024-01-09,1900,2023-11-08,949,546537,2319,3,5,5,1919,0,0,0,NA,0,230T,166TH ST,SHOEMAKER AV,530,W,N,A,-,N,NA,NA,NA,NA,NA,NA,NA,NA,NA,Y,4,0,1,2,A,-,03,22350,NA,N,C,C,A,A,H,-,A,D,0,NA,NA,NA,NA,Y,NA,D,22,0,0,1,0,0,0,0,0,0,-,-,33.880531311035156,-118.05722808837892,LOS ANGELES,CERRITOS,-118.05704498291016,33.88042068481445
9631669,2023,2024-01-09,1900,2023-11-15,1048,546537,2313,3,5,5,1919,0,0,0,NA,0,230T,STUDEBAKER RD,SOUTH ST,60,S,N,C,-,N,NA,NA,NA,NA,NA,NA,NA,NA,NA,Y,3,0,1,2,A,-,03,22350,NA,N,C,C,A,B,H,-,A,A,0,NA,NA,NA,NA,Y,NA,A,01,0,1,0,0,0,0,0,0,0,-,-,33.85808181762695,-118.09951782226564,LOS ANGELES,CERRITOS,-118.09966278076172,33.858177185058594
9631678,2023,2023-12-08,1976,2023-10-24,1152,555,NA,2,5,5,1976,0,0,0,NA,0,001,13430 HADLEY ST,HAVILAND AV,27,W,N,A,-,N,NA,NA,NA,NA,NA,NA,NA,NA,NA,Y,3,0,2,2,A,-,08,22107,NA,N,C,C,A,A,H,-,A,D,0,NA,NA,NA,NA,Y,NA,A,01,0,2,0,0,0,0,0,0,0,-,-,NA,NA,LOS ANGELES,WHITTIER,-118.03179168701172,33.98271179199219
9631688,2023,2024-01-23,1928,2023-11-08,717,50313,520,3,5,5,1928,0,0,0,NA,0,503,ROSECRANS AVE,CORDARY AV,18,E,N,A,-,N,NA,NA,NA,NA,NA,NA,NA,NA,NA,Y,4,0,1,2,A,-,08,22107,NA,M,D,C,A,A,H,-,A,D,0,NA,NA,NA,NA,Y,Y,A,07,0,0,1,0,0,0,0,0,0,-,-,33.90190887451172,-118.34178161621094,LOS ANGELES,HAWTHORNE,-118.34165954589844,33.90190887451172
9631689,2023,2024-01-23,1928,2023-11-07,1630,50437,512,2,5,5,1928,0,0,0,NA,0,504,OCEAN GATE AV,COURT WAY,0,NA,Y,A,-,N,NA,NA,NA,NA,NA,NA,NA,NA,NA,N,4,0,1,2,A,-,10,21950,A,N,G,B,D,A,H,-,A,A,0,Y,NA,NA,NA,Y,NA,A,01,0,0,1,0,1,0,0,0,0,-,-,33.900108337402344,-118.36712646484376,LOS ANGELES,HAWTHORNE,-118.46279144287108,33.98451232910156
9631692,2023,2024-01-23,1976,2023-11-02,806,241,NA,4,5,3,1964,0,0,0,NA,0,001,LOS NIETOS RD,PAINTER AV,0,NA,Y,A,-,N,NA,NA,NA,NA,NA,NA,NA,NA,NA,Y,4,0,2,2,A,-,09,21801,A,N,D,C,A,A,H,-,A,A,0,NA,NA,NA,NA,Y,NA,A,01,0,0,2,0,0,0,0,0,0,-,-,NA,NA,LOS ANGELES,SANTA FE SPRINGS,-118.05209350585938,33.944122314453125
9631698,2023,2024-01-23,1900,2023-11-08,1730,645876,1623,3,5,5,1977,0,0,0,NA,0,167T1,LOMITA BL,FIGUEROA ST,7,S,N,A,-,N,NA,NA,NA,NA,NA,NA,NA,NA,NA,N,4,0,2,2,A,-,12,21453,A,N,D,C,A,A,H,-,C,A,0,NA,NA,NA,NA,Y,NA,-,-,0,0,2,0,0,0,0,0,0,-,-,33.798248291015625,-118.2829818725586,LOS ANGELES,CARSON,-118.28303527832033,33.798309326171875
9631699,2023,2024-01-23,1900,2023-11-15,2249,606663,1630,3,5,5,1977,0,0,0,NA,0,161T,CENTRAL AVE,ARTESIA BL,30,N,N,B,-,N,NA,NA,NA,NA,NA,NA,NA,NA,NA,Y,3,0,2,2,A,-,09,21801,A,N,D,C,A,B,H,-,C,A,0,NA,NA,NA,NA,Y,NA,A,01,0,1,1,0,0,0,0,0,0,-,-,33.87281036376953,-118.248779296875,LOS ANGELES,CARSON,-118.24877166748048,33.87407302856445
9631700,2023,2024-01-23,1900,2023-11-10,1915,658343,1624,5,5,5,1977,0,0,0,NA,0,167T1,DOLORES ST,229TH ST,170,N,N,A,-,N,NA,NA,NA,NA,NA,NA,NA,NA,NA,N,4,0,1,2,A,-,03,22350,NA,N,C,D,A,A,H,-,A,D,0,NA,NA,NA,NA,Y,NA,A,07,0,0,1,0,0,0,0,0,0,-,-,33.81779861450195,-118.27236938476564,LOS ANGELES,CARSON,-118.27238464355467,33.81770706176758
9631706,2023,2023-12-02,1928,2023-10-29,52,50423,529,7,5,5,1928,0,0,0,NA,0,502,120TH ST,VAN NESS AV,10,W,N,A,-,N,NA,NA,NA,NA,NA,NA,NA,NA,NA,Y,4,0,1,2,A,-,09,21453,B,N,B,C,A,A,H,-,C,A,0,NA,NA,NA,NA,Y,NA,A,07,0,0,1,0,0,0,0,0,0,-,-,33.923648834228516,-118.31775665283205,LOS ANGELES,HAWTHORNE,-118.31786346435548,33.92372131347656
9631707,2023,2023-12-02,1920,2023-10-19,657,13022,1920,4,5,6,1920,0,0,0,NA,0,004,STUDEBAKER,BENFIELD AV,50,N,N,A,-,N,NA,NA,NA,NA,NA,NA,NA,NA,NA,NA,4,0,1,4,A,-,08,22107,NA,N,B,C,A,A,H,-,A,A,0,NA,NA,NA,NA,Y,NA,A,01,0,0,1,0,0,0,0,0,0,-,-,NA,NA,LOS ANGELES,DOWNEY,-118.09857177734376,33.934593200683594
9631708,2023,2023-12-02,1920,2023-10-20,1450,13022,1920,5,5,6,1920,0,0,0,NA,0,002,FIRESTONE BL,RIVES AV,578,E,N,A,-,N,NA,NA,NA,NA,NA,NA,NA,NA,NA,NA,4,0,3,2,A,-,03,22350,NA,N,C,C,A,A,H,-,A,A,0,NA,NA,NA,NA,Y,NA,A,01,0,0,3,0,0,0,0,0,0,-,-,NA,NA,LOS ANGELES,DOWNEY,-118.14051818847656,33.94401550292969
9631709,2023,2023-12-02,1976,2023-10-29,1247,410,NA,7,5,3,1964,0,0,0,NA,0,001,LOS NIETOS RD,GREENLEAF AV,19,E,N,A,-,N,NA,NA,NA,NA,NA,NA,NA,NA,NA,Y,3,0,5,3,A,-,03,22350,NA,N,C,C,A,A,H,-,A,A,0,NA,NA,NA,NA,Y,NA,A,07,0,2,3,0,0,0,0,0,0,-,-,NA,NA,LOS ANGELES,SANTA FE SPRINGS,-118.05607604980467,33.946895599365234
9631710,2023,2023-12-02,1976,2023-10-28,1641,769,NA,6,5,3,1964,0,0,0,NA,0,NA,LOS NIETOS RD,NORWALK BL,0,NA,Y,A,-,N,NA,NA,NA,NA,NA,NA,NA,NA,NA,N,4,0,3,2,A,-,12,21453,NA,N,D,C,A,A,H,-,A,A,0,NA,NA,NA,NA,Y,NA,-,-,0,0,3,0,0,0,0,0,0,-,-,NA,NA,LOS ANGELES,SANTA FE SPRINGS,-118.0714111328125,33.95748519897461
9631711,2023,2023-12-02,1976,2023-10-28,1216,593,NA,6,5,3,1964,0,0,0,NA,0,NA,CARMENITA RD,WATERWAY PLZ,75,N,N,A,-,N,NA,NA,NA,NA,NA,NA,NA,NA,NA,N,4,0,1,2,A,-,03,22350,NA,N,C,C,A,A,H,-,A,A,0,NA,NA,NA,NA,Y,NA,A,07,0,0,1,0,0,0,0,0,0,-,-,NA,NA,LOS ANGELES,SANTA FE SPRINGS,NA,NA
9631712,2023,2023-12-02,1976,2023-10-24,1637,525,NA,2,5,5,1976,0,0,0,NA,0,002,PUTNAM ST,MILTON AV,96,E,N,A,-,N,NA,NA,NA,NA,NA,NA,NA,NA,NA,N,4,0,1,2,A,-,08,22107,NA,N,D,C,A,A,H,-,B,D,0,NA,NA,NA,NA,Y,NA,A,01,0,0,1,0,0,0,0,0,0,-,-,NA,NA,LOS ANGELES,WHITTIER,-118.04107666015624,33.96394348144531
9631713,2023,2023-12-02,1976,2023-10-24,1725,407,NA,2,5,5,1976,0,0,0,NA,0,001,GREENLEAF AV,CAMILLA ST,190,N,N,A,-,N,NA,NA,NA,NA,NA,NA,NA,NA,NA,Y,4,0,1,3,A,-,08,22107,NA,N,B,E,A,A,H,-,A,D,0,NA,NA,NA,NA,Y,NA,A,01,0,0,1,0,0,0,0,0,0,-,-,NA,NA,LOS ANGELES,WHITTIER,-118.037353515625,33.984989166259766
9631714,2023,2023-12-02,1976,2023-10-18,2046,532,NA,3,5,5,1976,0,0,0,NA,0,001,FRIENDS AV,BAILEY ST,196,S,N,A,-,N,NA,NA,NA,NA,NA,NA,NA,NA,NA,N,3,0,1,3,A,-,01,23152,A,N,C,E,A,A,H,-,C,D,0,NA,NA,NA,NA,Y,Y,A,01,0,1,0,0,0,0,0,0,0,-,-,NA,NA,LOS ANGELES,WHITTIER,-118.03383636474608,33.98031234741211
9631715,2023,2023-12-02,1976,2023-10-12,914,589,NA,4,5,5,1976,0,0,0,NA,0,002,PHILADELPHIA ST,PICKERING AV,66,W,N,A,-,N,NA,NA,NA,NA,NA,NA,NA,NA,NA,Y,4,0,2,2,A,-,09,21801,A,N,D,C,A,A,H,-,A,D,0,NA,NA,NA,NA,Y,NA,A,01,0,0,2,0,0,0,0,0,0,-,-,NA,NA,LOS ANGELES,WHITTIER,-118.04228973388672,33.97909927368164
9631716,2023,2023-12-02,1976,2023-10-10,1810,496,1976,2,5,5,1976,0,0,0,NA,0,002,SANTA FE SPRINGS RD,LAMBERT RD,205,N,N,A,-,N,NA,NA,NA,NA,NA,NA,NA,NA,NA,N,4,0,1,2,A,-,03,22350,NA,N,C,C,A,-,H,-,A,A,0,NA,NA,NA,NA,Y,NA,A,01,0,0,1,0,0,0,0,0,0,-,-,NA,NA,LOS ANGELES,WHITTIER,-118.0454559326172,33.96420669555664
9631762,2023,2023-11-29,1942,2023-10-14,2240,40484,0222,6,5,7,1942,0,0,0,B,0,2A75,WESTLAKE AV,OLYMPIC BL,0,NA,Y,A,-,N,NA,NA,NA,NA,NA,NA,NA,NA,NA,Y,4,0,1,2,A,-,08,22107,NA,F,B,C,A,A,H,-,C,A,0,NA,NA,NA,NA,Y,Y,A,01,0,0,1,0,0,0,0,0,0,-,-,NA,NA,LOS ANGELES,LOS ANGELES,-118.27873229980467,34.051212310791016
9631763,2023,2023-11-29,1942,2023-10-01,1900,42901,2083,7,5,7,1942,0,0,0,NA,0,27T33,VENICE BL,HOBART BL,50,W,N,A,-,N,NA,NA,NA,NA,NA,NA,NA,NA,NA,Y,4,0,3,2,A,-,05,21460,A,F,A,C,A,A,H,-,C,A,0,NA,NA,NA,NA,Y,NA,A,01,0,0,3,0,0,0,0,0,0,-,-,NA,NA,LOS ANGELES,LOS ANGELES,-118.30545806884766,34.043609619140625
9631764,2023,2023-11-29,1942,2023-10-02,820,44035,2036,1,5,7,1942,0,0,0,NA,0,27TL23,8TH ST,NEW HAMPSHIRE AV,0,NA,Y,A,-,N,NA,NA,NA,NA,NA,NA,NA,NA,NA,Y,4,0,1,2,A,-,09,21801,A,F,A,C,A,A,H,-,A,A,0,NA,NA,NA,NA,Y,NA,-,99,0,0,1,0,0,0,0,0,0,-,-,NA,NA,LOS ANGELES,LOS ANGELES,-118.29290008544922,34.057735443115234
9631765,2023,2023-11-08,1942,2023-09-30,1235,43958,0882,6,5,7,1942,0,0,0,H,0,27TL46,OLYMPIC BL,SAWTELLE BL,0,NA,Y,A,-,N,NA,NA,NA,NA,NA,NA,NA,NA,NA,Y,2,0,3,2,A,-,12,21453,NA,N,D,C,A,A,H,-,A,A,0,NA,NA,NA,NA,Y,NA,A,07,1,0,2,0,0,0,0,0,0,-,-,NA,NA,LOS ANGELES,LOS ANGELES,-118.4412078857422,34.03818130493164
9631766,2023,2023-11-08,1942,2023-09-27,1025,40157,2033,3,5,7,1942,0,0,0,NA,0,27TL29,WESTERN AV,INGRAHAM ST,70,S,N,A,-,N,NA,NA,NA,NA,NA,NA,NA,NA,NA,Y,2,0,1,2,A,-,03,22350,A,N,D,C,A,A,H,-,A,A,0,NA,NA,Y,NA,Y,NA,C,02,1,0,0,0,0,0,0,0,1,-,-,NA,NA,LOS ANGELES,LOS ANGELES,-118.30908966064452,34.06049728393555
9631767,2023,2023-11-08,1942,2023-09-25,2100,42664,1414,1,5,7,1942,0,0,0,N,0,27TL35,LINCOLN BL,CALIFORNIA AV,0,NA,Y,A,-,N,NA,NA,NA,NA,NA,NA,NA,NA,NA,N,3,0,1,2,A,-,03,22350,NA,F,D,G,A,A,H,-,C,A,0,NA,Y,NA,NA,Y,NA,-,99,0,1,0,0,0,0,1,0,0,-,-,NA,NA,LOS ANGELES,LOS ANGELES,-118.46105194091795,33.998050689697266
9631768,2023,2023-11-14,1942,2023-09-28,40,42520,0426,4,5,7,1942,0,0,0,D,0,4A9,HUNTINGTON DR,PUEBLO ST,100,E,N,A,-,N,NA,NA,NA,NA,NA,NA,NA,NA,NA,N,3,0,1,2,A,-,03,22350,NA,F,G,B,D,A,H,-,C,A,0,Y,NA,NA,NA,Y,NA,-,99,0,1,0,0,1,0,0,0,0,-,-,NA,NA,LOS ANGELES,LOS ANGELES,-118.17462921142578,34.08780288696289
9631769,2023,2023-11-08,1942,2023-09-30,815,37540,0408,6,5,7,1942,0,0,0,D,0,24TL28,EL SERENO AV,HUNTINGTON DR N,0,NA,Y,B,-,N,NA,NA,NA,NA,NA,NA,NA,NA,NA,Y,4,0,1,2,A,-,09,21801,A,F,B,C,A,A,H,-,A,A,0,NA,NA,NA,NA,Y,NA,-,99,0,0,1,0,0,0,0,0,0,-,-,NA,NA,LOS ANGELES,LOS ANGELES,-118.17836761474608,34.086238861083984