CASE_ID,ACCIDENT_YEAR,PROC_DATE,JURIS,COLLISION_DATE,COLLISION_TIME,OFFICER_ID,REPORTING_DISTRICT,DAY_OF_WEEK,CHP_SHIFT,POPULATION,CNTY_CITY_LOC,SPECIAL_COND,BEAT_TYPE,CHP_BEAT_TYPE,CITY_DIVISION_LAPD,CHP_BEAT_CLASS,BEAT_NUMBER,PRIMARY_RD,SECONDARY_RD,DISTANCE,DIRECTION,INTERSECTION,WEATHER_1,WEATHER_2,STATE_HWY_IND,CALTRANS_COUNTY,CALTRANS_DISTRICT,STATE_ROUTE,ROUTE_SUFFIX,POSTMILE_PREFIX,POSTMILE,LOCATION_TYPE,RAMP_INTERSECTION,SIDE_OF_HWY,TOW_AWAY,COLLISION_SEVERITY,NUMBER_KILLED,NUMBER_INJURED,PARTY_COUNT,PRIMARY_COLL_FACTOR,PCF_CODE_OF_VIOL,PCF_VIOL_CATEGORY,PCF_VIOLATION,PCF_VIOL_SUBSECTION,HIT_AND_RUN,TYPE_OF_COLLISION,MVIW,PED_ACTION,ROAD_SURFACE,ROAD_COND_1,ROAD_COND_2,LIGHTING,CONTROL_DEVICE,CHP_ROAD_TYPE,PEDESTRIAN_ACCIDENT,BICYCLE_ACCIDENT,MOTORCYCLE_ACCIDENT,TRUCK_ACCIDENT,NOT_PRIVATE_PROPERTY,ALCOHOL_INVOLVED,STWD_VEHTYPE_AT_FAULT,CHP_VEHTYPE_AT_FAULT,COUNT_SEVERE_INJ,COUNT_VISIBLE_INJ,COUNT_COMPLAINT_PAIN,COUNT_PED_KILLED,COUNT_PED_INJURED,COUNT_BICYCLIST_KILLED,COUNT_BICYCLIST_INJURED,COUNT_MC_KILLED,COUNT_MC_INJURED,PRIMARY_RAMP,SECONDARY_RAMP,LATITUDE,LONGITUDE,COUNTY,CITY,POINT_X,POINT_Y
9635365,2023,2023-12-26,1900,2023-10-09,2323,656744,1123,1,5,6,1992,0,0,0,NA,0,112T2,FIG AV,AV J-4,392,N,N,A,-,N,NA,NA,NA,NA,NA,NA,NA,NA,NA,Y,4,0,1,2,A,-,01,23152,A,M,A,E,A,A,H,-,C,D,0,NA,NA,NA,NA,Y,Y,A,08,0,0,1,0,0,0,0,0,0,-,-,NA,NA,LOS ANGELES,LANCASTER,-118.14199066162108,34.68686294555664
9635366,2023,2023-12-13,1900,2023-08-29,1200,676879,1127,2,5,6,1992,0,0,0,NA,0,111T1,5TH ST EAST,KETTERING ST,225,S,N,A,-,N,NA,NA,NA,NA,NA,NA,NA,NA,NA,N,4,0,1,2,A,-,08,22107,NA,M,B,C,A,A,H,-,A,D,0,NA,NA,NA,NA,Y,NA,D,22,0,0,1,0,0,0,0,0,0,-,-,NA,NA,LOS ANGELES,LANCASTER,-118.12149810791016,34.69975280761719
9635369,2023,2023-12-13,1900,2023-11-11,1243,647596,1123,6,5,6,1992,0,0,0,NA,0,112T2,SIERRA HWY,AVENUE J-2,692,S,N,A,-,N,NA,NA,NA,NA,NA,NA,NA,NA,NA,Y,4,0,1,2,A,-,09,21801,A,N,D,C,A,A,H,-,A,D,0,NA,NA,NA,NA,Y,NA,D,22,0,0,1,0,0,0,0,0,0,-,-,34.685829162597656,-118.13455963134766,LOS ANGELES,LANCASTER,-118.1345672607422,34.68569564819336
9635393,2023,2023-12-13,1920,2023-11-01,1846,14050,1920,3,5,6,1920,0,0,0,NA,0,002,STEWART AND GRAY RD,JULIUS AV,0,NA,Y,A,-,N,NA,NA,NA,NA,NA,NA,NA,NA,NA,Y,3,0,1,3,A,-,01,23152,A,N,C,E,A,A,H,-,C,D,0,NA,NA,NA,NA,Y,Y,D,22,0,1,0,0,0,0,0,0,0,-,-,NA,NA,LOS ANGELES,DOWNEY,-118.151611328125,33.93896484375
9635395,2023,2023-12-21,1900,2023-11-03,1206,618888,1625,5,5,5,1977,0,0,0,NA,0,168T,WILMINGTON AV,223RD ST,400,S,N,A,-,N,NA,NA,NA,NA,NA,NA,NA,NA,NA,Y,4,0,1,2,A,-,03,22350,NA,N,C,C,A,A,H,-,A,D,0,NA,NA,NA,Y,Y,NA,F,25,0,0,1,0,0,0,0,0,0,-,-,33.822418212890625,-118.24394989013672,LOS ANGELES,CARSON,-118.24321746826172,33.823333740234375
9635403,2023,2024-01-17,1900,2023-11-27,1655,652302,1621,1,5,5,1977,0,0,0,NA,0,167T1,ALAMEDA ST,RT 405,0,NA,Y,A,-,Y,LA,7,405,-,-,8.611,R,4,N,Y,4,0,1,2,A,-,03,22350,NA,N,C,C,A,A,H,-,A,A,0,NA,NA,NA,Y,Y,NA,F,55,0,0,1,0,0,0,0,0,0,-,-,33.827999114990234,-118.22699737548828,LOS ANGELES,CARSON,-118.22492980957033,33.825435638427734
9635406,2023,2023-12-16,1900,2023-10-06,1516,660059,1137,5,5,6,1992,0,0,0,NA,0,112T2F,CHALLENGER WY,AVENUE K-4,114,N,N,A,-,N,NA,NA,NA,NA,NA,NA,NA,NA,NA,N,4,0,1,2,A,-,03,22350,NA,M,C,C,A,A,H,-,A,A,0,NA,NA,NA,NA,Y,NA,D,22,0,0,1,0,0,0,0,0,0,-,-,NA,NA,LOS ANGELES,LANCASTER,-118.11235809326172,34.6716423034668
9635409,2023,2024-02-28,1900,2023-11-09,1825,629461,1137,4,5,6,1992,0,0,0,NA,0,112A,AVENUE J 14,CHALLENGER WY,0,NA,Y,A,-,N,NA,NA,NA,NA,NA,NA,NA,NA,NA,N,4,0,1,2,A,-,05,21650,1,N,D,G,A,A,H,-,C,D,0,NA,Y,NA,NA,Y,NA,L,04,0,0,1,0,0,0,1,0,0,-,-,NA,NA,LOS ANGELES,LANCASTER,-118.11266326904295,34.689483642578125
9635422,2023,2023-12-26,1900,2023-10-19,1501,651854,NA,4,5,6,1992,0,0,0,NA,0,111T2A,WEST AV L,W 25TH ST,4091,W,N,A,-,N,NA,NA,NA,NA,NA,NA,NA,NA,NA,Y,4,0,1,2,A,-,07,21658,A,N,B,C,A,A,H,-,A,D,0,NA,NA,NA,NA,Y,NA,-,99,0,0,1,0,0,0,0,0,0,-,-,34.6602783203125,-118.17878723144533,LOS ANGELES,LANCASTER,-118.18814086914064,34.660240173339844
9635426,2023,2023-12-15,1900,2023-09-24,1040,671063,1137,7,5,6,1992,0,0,0,NA,0,112T1,30TH ST EAST,AVE K,0,NA,Y,A,-,N,NA,NA,NA,NA,NA,NA,NA,NA,NA,Y,4,0,4,2,A,-,12,21453,A,N,D,C,A,A,H,-,A,A,0,NA,NA,NA,NA,Y,NA,D,22,0,0,4,0,0,0,0,0,0,-,-,34.67525100708008,-118.07691192626952,LOS ANGELES,LANCASTER,-118.07694244384766,34.675235748291016
9635428,2023,2023-12-08,1920,2023-10-23,1532,13118,1920,1,5,6,1920,0,0,0,NA,0,002,STEWART AND GRAY RD,OLD RIVER SCHOOL RD,121,W,N,A,-,N,NA,NA,NA,NA,NA,NA,NA,NA,NA,Y,4,0,1,2,A,-,07,21658,A,N,E,I,A,A,H,-,A,D,0,NA,NA,NA,Y,Y,NA,-,NA,0,0,1,0,0,0,0,0,0,-,-,NA,NA,LOS ANGELES,DOWNEY,-118.15439605712892,33.940372467041016
9635440,2023,2023-12-26,1920,2023-10-06,1418,14072,1920,5,5,6,1920,0,0,0,NA,0,005,FLORENCE AV,WESTERN AV,0,NA,Y,A,-,N,NA,NA,NA,NA,NA,NA,NA,NA,NA,Y,4,0,3,2,D,-,00,NA,NA,N,D,C,A,A,H,-,A,A,0,NA,NA,NA,NA,Y,NA,-,-,0,0,3,0,0,0,0,0,0,-,-,NA,NA,LOS ANGELES,DOWNEY,-118.12783813476564,33.95247268676758
9635491,2023,2023-12-13,1900,2023-03-26,1800,659984,1123,7,5,6,1992,0,0,0,NA,0,111T1,AV J,10TH ST W,40,E,N,A,-,N,NA,NA,NA,NA,NA,NA,NA,NA,NA,Y,4,0,2,2,A,-,01,23152,A,N,C,D,A,A,H,-,A,A,0,NA,NA,NA,NA,Y,Y,A,01,0,0,2,0,0,0,0,0,0,-,-,NA,NA,LOS ANGELES,LANCASTER,-118.14788818359376,34.689449310302734
9635493,2023,2023-12-13,1900,2023-06-30,1549,652894,1135,5,5,6,1992,0,0,0,NA,0,112T2,NUGENT ST,CHALLENGER WY,6,E,N,A,-,N,NA,NA,NA,NA,NA,NA,NA,NA,NA,Y,2,0,1,1,A,-,08,22107,NA,N,E,I,A,A,H,-,A,D,0,NA,NA,NA,NA,Y,NA,M,94,1,0,0,0,0,0,0,0,0,-,-,NA,NA,LOS ANGELES,LANCASTER,-118.11263275146484,34.69308090209961
9635496,2023,2023-12-13,1900,2023-08-24,1047,652894,1133,4,5,6,1992,0,0,0,NA,0,110A,AV J,DENMORE AV,0,NA,Y,A,-,N,NA,NA,NA,NA,NA,NA,NA,NA,NA,Y,3,0,2,2,A,-,12,22450,A,N,D,C,A,A,H,-,A,D,0,NA,NA,NA,NA,Y,NA,A,01,0,2,0,0,0,0,0,0,0,-,-,NA,NA,LOS ANGELES,LANCASTER,-118.11384582519533,34.68947219848633
9635501,2023,2023-12-13,1900,2023-09-21,1232,510509,1132,4,5,6,1992,0,0,0,NA,0,112T1,AV J,SIERRA HWY,176,E,N,A,-,N,NA,NA,NA,NA,NA,NA,NA,NA,NA,N,4,0,1,3,A,-,03,22350,NA,M,C,C,A,A,H,-,A,D,0,NA,NA,NA,NA,Y,Y,A,01,0,0,1,0,0,0,0,0,0,-,-,NA,NA,LOS ANGELES,LANCASTER,-118.1347885131836,34.689430236816406
9635502,2023,2023-12-13,1900,2023-09-03,247,656744,1126,7,5,6,1992,0,0,0,NA,0,111T1,MOTOR LN,DRIVERS WY,538,W,N,A,-,N,NA,NA,NA,NA,NA,NA,NA,NA,NA,Y,3,0,1,2,A,-,01,23152,B,N,C,E,A,A,H,-,C,D,0,NA,NA,NA,NA,Y,Y,A,01,0,1,0,0,0,0,0,0,0,-,-,NA,NA,LOS ANGELES,LANCASTER,-118.15129852294922,34.668880462646484
9635503,2023,2023-12-13,1920,2023-09-17,945,13965,1920,7,5,6,1920,0,0,0,NA,0,006,FIRESTONE BL,PATTON RD,530,E,N,A,-,N,NA,NA,NA,NA,NA,NA,NA,NA,NA,N,4,0,1,2,A,-,09,21804,NA,N,D,G,A,A,H,-,A,A,0,NA,Y,NA,NA,Y,NA,A,07,0,0,1,0,0,0,1,0,0,-,-,NA,NA,LOS ANGELES,DOWNEY,-118.12622833251952,33.93660354614258
9635516,2023,2023-12-21,1920,2023-11-24,1458,14072,NA,5,5,6,1920,0,0,0,NA,0,NA,WOODRUFF AV,HALL RD,0,NA,Y,A,-,N,NA,NA,NA,NA,NA,NA,NA,NA,NA,NA,4,0,1,2,A,-,09,21804,A,N,D,C,A,A,H,-,A,A,0,NA,NA,NA,NA,Y,NA,A,01,0,0,1,0,0,0,0,0,0,-,-,NA,NA,LOS ANGELES,DOWNEY,-118.11672973632813,33.9296760559082
9635518,2023,2024-02-29,1928,2023-12-04,1616,50324,505,1,5,5,1928,0,0,0,NA,0,502,IMPERIAL HWY,HAWTHORN BL,0,NA,Y,A,-,N,NA,NA,NA,NA,NA,NA,NA,NA,NA,N,4,0,1,2,A,-,10,21950,A,N,G,B,B,A,H,-,A,A,0,Y,NA,NA,NA,Y,NA,D,22,0,0,1,0,1,0,0,0,0,-,-,33.930938720703125,-118.35256958007813,LOS ANGELES,HAWTHORNE,-118.35270690917967,33.93096160888672
9635562,2023,2023-12-30,1900,2023-11-22,1359,630203,0522,3,5,4,1971,0,0,0,NA,0,53T1PM,ROSEMEAD AV,BROADWAY,0,NA,Y,A,-,N,NA,NA,NA,NA,NA,NA,NA,NA,NA,Y,2,0,3,2,A,-,12,21453,A,N,D,C,A,A,H,-,A,A,0,NA,NA,NA,Y,Y,Y,A,01,1,2,0,0,0,0,0,0,0,-,-,34.09906005859375,-118.07356262207033,LOS ANGELES,TEMPLE CITY,-118.07341003417967,34.099029541015625
9635564,2023,2024-01-11,1900,2023-11-17,2238,609636,0542,5,5,3,1921,0,0,0,NA,0,51X/E,HUNTINGTON DR,HIGHLAND AV,0,NA,Y,B,-,N,NA,NA,NA,NA,NA,NA,NA,NA,NA,Y,3,0,4,2,A,-,03,22350,NA,F,C,C,A,A,H,-,C,A,0,NA,NA,NA,NA,Y,NA,D,22,0,4,0,0,0,0,0,0,0,-,-,34.13975143432617,-117.96669769287108,LOS ANGELES,DUARTE,-117.96664428710938,34.13966369628906
9635621,2023,2024-02-27,1900,2023-12-06,1614,652007,1127,3,5,6,1992,0,0,0,NA,0,111T1,LANCASTER BL,VALLEY CENTRAL WY,735,E,N,A,-,N,NA,NA,NA,NA,NA,NA,NA,NA,NA,Y,3,0,1,2,A,-,03,22350,NA,N,C,C,A,A,H,-,B,A,0,NA,NA,NA,NA,Y,NA,A,01,0,1,0,0,0,0,0,0,0,-,-,NA,NA,LOS ANGELES,LANCASTER,-118.17123413085938,34.696781158447266
9635622,2023,2024-02-27,1900,2023-12-10,1752,221182,1137,7,5,6,1992,0,0,0,NA,0,11121,AVE J,DIVISION ST,167,W,N,A,-,N,NA,NA,NA,NA,NA,NA,NA,NA,NA,N,3,0,3,3,A,-,03,22350,NA,M,C,C,A,A,H,-,B,A,0,NA,NA,NA,NA,Y,NA,-,99,0,3,0,0,0,0,0,0,0,-,-,NA,NA,LOS ANGELES,LANCASTER,-118.13092041015624,34.68946838378906
9635623,2023,2024-02-27,1900,2023-12-01,1603,656370,1135,5,5,6,1992,0,0,0,NA,0,111T2,LANCASTER BL,17TH ST EAST,0,NA,Y,A,-,N,NA,NA,NA,NA,NA,NA,NA,NA,NA,Y,3,0,2,2,A,-,09,21802,A,N,D,C,A,A,H,-,A,A,0,NA,NA,NA,NA,Y,NA,A,01,0,1,1,0,0,0,0,0,0,-,-,34.6969108581543,-118.09929656982422,LOS ANGELES,LANCASTER,-118.09925842285156,34.696861267089844
9635624,2023,2024-02-27,1900,2023-12-02,1130,656370,1125,6,5,6,1992,0,0,0,NA,0,112T2,AVE I,10TH ST W,0,NA,Y,A,-,N,NA,NA,NA,NA,NA,NA,NA,NA,NA,Y,4,0,2,2,D,-,00,NA,NA,M,D,C,A,A,H,-,A,A,0,NA,NA,NA,NA,Y,NA,-,-,0,0,2,0,0,0,0,0,0,-,-,34.703941345214844,-118.14811706542967,LOS ANGELES,LANCASTER,-118.14812469482422,34.70394515991211
9635625,2023,2024-02-27,1900,2023-12-02,1401,673096,1139,6,5,6,1992,0,0,0,NA,0,111T2,60TH ST W,AVE L,0,NA,Y,A,-,N,NA,NA,NA,NA,NA,NA,NA,NA,NA,Y,3,0,1,2,D,-,00,NA,NA,N,D,C,A,A,H,-,A,A,0,NA,NA,NA,NA,Y,NA,-,-,0,1,0,0,0,0,0,0,0,-,-,34.66019821166992,-118.23634338378906,LOS ANGELES,LANCASTER,-118.23635864257813,34.66020584106445
9635626,2023,2024-02-27,1900,2023-12-03,1151,656370,1137,7,5,6,1992,0,0,0,NA,0,112T2,22ND ST EAST,PONDEROSA ST,35,N,N,A,-,N,NA,NA,NA,NA,NA,NA,NA,NA,NA,Y,3,0,1,2,A,-,08,22107,NA,N,A,E,A,A,H,-,A,D,0,NA,NA,NA,NA,Y,NA,A,01,0,1,0,0,0,0,0,0,0,-,-,34.675559997558594,-118.09010314941406,LOS ANGELES,LANCASTER,-118.09017944335938,34.67570495605469
9635627,2023,2024-02-27,1900,2023-12-06,657,551435,1132,3,5,6,1992,0,0,0,NA,0,112T2D,TREVOR AV,NORBERRY ST,0,NA,Y,A,-,N,NA,NA,NA,NA,NA,NA,NA,NA,NA,Y,4,0,2,2,A,-,12,22450,A,N,D,C,A,A,H,-,B,A,0,NA,NA,NA,NA,Y,NA,A,07,0,0,2,0,0,0,0,0,0,-,-,NA,NA,LOS ANGELES,LANCASTER,-118.13256072998048,34.69384765625
9635628,2023,2024-02-27,1900,2023-12-06,1155,551435,1126,3,5,6,1992,0,0,0,NA,0,112T2D,AVE K-8,DRIVERS WY,0,NA,Y,A,-,N,NA,NA,NA,NA,NA,NA,NA,NA,NA,Y,3,0,2,2,A,-,09,21802,A,N,D,C,A,A,H,-,A,A,0,NA,NA,NA,NA,Y,NA,A,01,0,1,1,0,0,0,0,0,0,-,-,NA,NA,LOS ANGELES,LANCASTER,-118.1495361328125,34.6676025390625
9635641,2023,2023-12-27,1900,2023-11-22,1902,660059,1135,3,5,6,1992,0,0,0,NA,0,112T2P,20TH ST E,E LANCASTER WALMART RD,0,NA,Y,A,-,N,NA,NA,NA,NA,NA,NA,NA,NA,NA,Y,2,0,3,2,A,-,09,21801,A,N,A,C,A,A,H,-,C,A,0,NA,NA,NA,NA,Y,NA,A,01,1,0,2,0,0,0,0,0,0,-,-,NA,NA,LOS ANGELES,LANCASTER,-118.09481811523438,34.6968994140625
9635642,2023,2023-12-27,1900,2023-11-25,1759,656657,1120,6,5,6,1992,0,0,0,NA,0,112T1,AV H,50TH ST WEST,0,NA,Y,A,-,N,NA,NA,NA,NA,NA,NA,NA,NA,NA,N,3,0,1,2,A,-,12,22450,A,M,B,C,A,A,H,-,D,A,0,NA,NA,NA,NA,Y,NA,A,01,0,1,0,0,0,0,0,0,0,-,-,NA,NA,LOS ANGELES,LANCASTER,-118.2195281982422,34.71877670288086
9635643,2023,2023-12-27,1900,2023-11-20,1715,660059,1137,1,5,6,1992,0,0,0,NA,0,112T2P,AV J-8,SHILOH LN,118,W,N,A,-,N,NA,NA,NA,NA,NA,NA,NA,NA,NA,N,2,0,1,2,D,-,00,NA,NA,N,G,B,E,A,H,-,D,D,0,Y,NA,NA,NA,Y,NA,-,-,1,0,0,0,1,0,0,0,0,-,-,NA,NA,LOS ANGELES,LANCASTER,-118.06625366210938,34.68251037597656
9635644,2023,2023-12-27,1900,2023-11-13,1810,673096,1159,1,5,6,1992,0,0,0,NA,0,111T1,60TH ST W,AV J,0,NA,Y,A,-,N,NA,NA,NA,NA,NA,NA,NA,NA,NA,Y,3,0,2,2,A,-,09,21801,A,N,A,C,A,A,H,-,C,A,0,NA,NA,NA,NA,Y,NA,A,01,0,2,0,0,0,0,0,0,0,-,-,NA,NA,LOS ANGELES,LANCASTER,-118.23663330078124,34.68934631347656
9635645,2023,2023-12-27,1900,2023-11-20,1341,610418,1122,1,5,6,1992,0,0,0,NA,0,112T1,10TH ST W,AV J,67,S,N,A,-,N,NA,NA,NA,NA,NA,NA,NA,NA,NA,NA,4,0,9,3,A,-,03,22350,NA,N,C,C,A,A,H,-,A,A,0,NA,NA,NA,NA,Y,NA,A,01,0,0,9,0,0,0,0,0,0,-,-,NA,NA,LOS ANGELES,LANCASTER,-118.14801788330078,34.689266204833984
9635646,2023,2024-01-03,1900,2023-11-20,1528,660059,1137,1,5,6,1992,0,0,0,NA,0,112T2P,AV K,17TH ST EAST,0,NA,Y,A,-,N,NA,NA,NA,NA,NA,NA,NA,NA,NA,Y,4,0,3,2,A,-,09,21802,A,N,A,C,A,A,H,-,A,A,0,NA,NA,NA,NA,Y,NA,A,07,0,0,3,0,0,0,0,0,0,-,-,NA,NA,LOS ANGELES,LANCASTER,-118.09906768798828,34.67500305175781
9635647,2023,2023-12-27,1900,2023-11-28,842,618055,1137,2,5,6,1992,0,0,0,NA,0,112T2,17TH ST EAST,AV J,0,NA,Y,A,-,N,NA,NA,NA,NA,NA,NA,NA,NA,NA,N,4,0,1,2,A,-,10,21950,A,N,G,B,B,A,H,-,A,A,0,Y,NA,NA,NA,Y,NA,A,01,0,0,1,0,1,0,0,0,0,-,-,34.68952941894531,-118.09909057617188,LOS ANGELES,LANCASTER,-118.09921264648438,34.689510345458984
9635648,2023,2023-12-27,1900,2023-11-28,1135,221182,1133,2,5,6,1992,0,0,0,NA,0,112T2,DIVISION ST,AV J-5,25,N,N,A,-,N,NA,NA,NA,NA,NA,NA,NA,NA,NA,Y,3,0,1,5,A,-,03,22350,NA,N,D,C,A,A,H,-,A,A,0,NA,NA,NA,NA,Y,NA,A,01,0,1,0,0,0,0,0,0,0,-,-,NA,NA,LOS ANGELES,LANCASTER,-118.1303253173828,34.68531799316406
9635649,2023,2023-12-27,1900,2023-11-25,1453,629508,1135,6,5,6,1992,0,0,0,NA,0,112T2,AV I,CHALLENGER WY,41,E,N,A,-,N,NA,NA,NA,NA,NA,NA,NA,NA,NA,N,4,0,1,2,A,-,03,22350,NA,N,C,C,A,A,H,-,A,A,0,NA,NA,NA,NA,Y,NA,A,07,0,0,1,0,0,0,0,0,0,-,-,NA,NA,LOS ANGELES,LANCASTER,-118.1125030517578,34.704139709472656
9635650,2023,2023-12-27,1900,2023-11-16,1130,673096,1131,4,5,6,1992,0,0,0,NA,0,111T1,AV I,TREVOR AV,65,E,N,A,-,N,NA,NA,NA,NA,NA,NA,NA,NA,NA,N,4,0,1,2,A,-,03,22350,NA,M,C,C,A,A,H,-,A,A,0,NA,NA,NA,NA,Y,Y,A,01,0,0,1,0,0,0,0,0,0,-,-,NA,NA,LOS ANGELES,LANCASTER,-118.13433074951172,34.7039680480957
9635657,2023,2023-12-27,1920,2023-11-10,1334,11792,1920,5,5,6,1920,0,0,0,NA,0,002,OLD RIVER SCHOOL RD,ADWEN ST,0,NA,Y,A,-,N,NA,NA,NA,NA,NA,NA,NA,NA,NA,N,3,0,2,2,A,-,09,21801,A,N,D,C,A,A,H,-,A,A,0,NA,NA,NA,NA,Y,NA,A,01,0,1,1,0,0,0,0,0,0,-,-,NA,NA,LOS ANGELES,DOWNEY,-118.1513900756836,33.943931579589844
9635658,2023,2023-12-27,1920,2023-11-13,1754,14050,1920,1,5,6,1920,0,0,0,NA,0,003,3RD ST,RIVES AV,0,NA,Y,A,-,N,NA,NA,NA,NA,NA,NA,NA,NA,NA,Y,4,0,1,2,A,-,09,21802,A,N,D,C,A,A,H,-,C,D,0,NA,NA,NA,NA,Y,NA,A,07,0,0,1,0,0,0,0,0,0,-,-,NA,NA,LOS ANGELES,DOWNEY,-118.14094543457033,33.946434020996094
9635702,2023,2023-12-20,1900,2023-11-11,1230,624625,1192,6,5,6,1992,0,0,0,NA,0,111T1,20TH ST W,AV L,0,NA,Y,A,-,N,NA,NA,NA,NA,NA,NA,NA,NA,NA,NA,3,0,1,2,A,-,09,21801,A,N,D,C,A,A,H,-,A,A,0,NA,NA,NA,NA,Y,NA,A,07,0,1,0,0,0,0,0,0,0,-,-,NA,NA,LOS ANGELES,LANCASTER,-118.16564178466795,34.660404205322266
9635735,2023,2024-01-08,1976,2023-11-10,1955,558,NA,5,5,3,1964,0,0,0,NA,0,002,CARMENITA RD,GATEWAY PLAZA,120,N,N,A,-,N,NA,NA,NA,NA,NA,NA,NA,NA,NA,N,4,0,1,2,A,-,03,22350,NA,F,D,C,A,A,H,-,C,A,0,NA,NA,NA,NA,Y,NA,A,07,0,0,1,0,0,0,0,0,0,-,-,NA,NA,LOS ANGELES,SANTA FE SPRINGS,NA,NA
9635736,2023,2024-01-08,1976,2023-11-09,1245,883,NA,4,5,3,1964,0,0,0,NA,0,002,FLORENCE AV,PIONEER BL,105,W,N,A,-,N,NA,NA,NA,NA,NA,NA,NA,NA,NA,Y,3,0,4,3,A,-,03,22350,NA,N,C,C,A,A,H,-,A,A,0,NA,NA,NA,NA,Y,NA,A,01,0,1,3,0,0,0,0,0,0,-,-,NA,NA,LOS ANGELES,SANTA FE SPRINGS,-118.08218383789064,33.93532180786133
9635737,2023,2024-01-08,1976,2023-11-06,1503,769,NA,1,5,3,1964,0,0,0,NA,0,NA,TELEGRAPH RD,JERSEY AV,0,NA,Y,A,-,N,NA,NA,NA,NA,NA,NA,NA,NA,NA,Y,4,0,2,3,A,-,12,21453,A,N,D,C,A,A,H,-,A,A,0,NA,NA,NA,NA,Y,NA,A,07,0,0,2,0,0,0,0,0,0,-,-,NA,NA,LOS ANGELES,SANTA FE SPRINGS,-118.0858917236328,33.947208404541016
9635747,2023,2023-12-30,1920,2023-10-20,820,11792,1920,5,5,6,1920,0,0,0,NA,0,002,QUILL DR,RIVES AV,0,NA,Y,A,-,N,NA,NA,NA,NA,NA,NA,NA,NA,NA,N,4,0,2,2,A,-,03,22350,NA,N,C,C,A,A,H,-,A,A,0,NA,NA,NA,NA,Y,NA,A,01,0,0,2,0,0,0,0,0,0,-,-,NA,NA,LOS ANGELES,DOWNEY,-118.15422821044922,33.929046630859375
9635749,2023,2023-12-30,1900,2023-10-26,1710,624625,1126,4,5,6,1992,0,0,0,NA,0,111T1,AVENUE J-8,20TH ST W,382,E,N,A,-,N,NA,NA,NA,NA,NA,NA,NA,NA,NA,Y,4,0,1,2,A,-,07,21658,A,N,C,C,A,A,H,-,A,A,0,NA,NA,NA,NA,Y,NA,A,01,0,0,1,0,0,0,0,0,0,-,-,NA,NA,LOS ANGELES,LANCASTER,-118.16442108154295,34.68220138549805
9635750,2023,2023-12-30,1900,2023-10-03,1728,652007,1137,2,5,6,1992,0,0,0,NA,0,114,30TH ST EAST,AVENUE J-8,100,N,N,A,-,N,NA,NA,NA,NA,NA,NA,NA,NA,NA,N,4,0,2,2,A,-,21,22106,NA,N,C,C,A,A,H,-,A,A,0,NA,NA,NA,NA,Y,NA,A,01,0,0,2,0,0,0,0,0,0,-,-,NA,NA,LOS ANGELES,LANCASTER,-118.07691955566406,34.682823181152344
9635752,2023,2023-12-30,1900,2023-10-31,1235,510509,1126,2,5,6,1992,0,0,0,NA,0,112T1,AVENUE J-8,15TH ST WEST,222,E,N,A,-,N,NA,NA,NA,NA,NA,NA,NA,NA,NA,N,4,0,2,3,A,-,03,22350,NA,N,C,C,A,A,H,-,A,A,0,NA,NA,NA,NA,Y,NA,A,07,0,0,2,0,0,0,0,0,0,-,-,NA,NA,LOS ANGELES,LANCASTER,-118.15606689453124,34.68217849731445
9635753,2023,2023-12-30,1900,2023-10-27,923,629508,1134,5,5,6,1992,0,0,0,NA,0,112T1,AVENUE J,5TH ST EAST,0,NA,Y,A,-,N,NA,NA,NA,NA,NA,NA,NA,NA,NA,N,4,0,1,2,A,-,10,21950,A,N,D,G,A,A,H,-,A,A,0,NA,Y,NA,NA,Y,NA,A,01,0,0,1,0,0,0,1,0,0,-,-,NA,NA,LOS ANGELES,LANCASTER,-118.12149810791016,34.68947219848633
9635754,2023,2023-12-30,1900,2023-10-26,1341,510509,1122,4,5,6,1992,0,0,0,NA,0,112T1,LANCASTER BL,DATE AV,0,NA,Y,A,G,N,NA,NA,NA,NA,NA,NA,NA,NA,NA,N,4,0,1,1,C,-,18,NA,NA,N,H,C,A,A,H,-,A,D,0,NA,NA,NA,NA,Y,NA,-,-,0,0,1,0,0,0,0,0,0,-,-,NA,NA,LOS ANGELES,LANCASTER,-118.14080047607422,34.69803237915039
9635755,2023,2023-12-30,1900,2023-10-26,1201,510509,1123,4,5,6,1992,0,0,0,NA,0,112T1,10TH ST WEST,AVENUE J-12,0,NA,Y,A,-,N,NA,NA,NA,NA,NA,NA,NA,NA,NA,Y,4,0,2,2,D,-,00,NA,NA,N,B,C,A,A,H,-,A,A,0,NA,NA,NA,NA,Y,NA,-,-,0,0,2,0,0,0,0,0,0,-,-,NA,NA,LOS ANGELES,LANCASTER,-118.14788818359376,34.678096771240234
9635758,2023,2023-12-30,1946,2023-10-31,1035,P5,PASAD,2,5,4,1946,0,0,0,NA,0,002,DUARTE,8TH,48,E,N,A,-,N,NA,NA,NA,NA,NA,NA,NA,NA,NA,Y,4,0,1,2,A,-,01,23152,A,N,A,C,A,A,H,-,A,A,0,NA,NA,NA,NA,Y,Y,A,01,0,0,1,0,0,0,0,0,0,-,-,NA,NA,LOS ANGELES,MONROVIA,-118.01557159423828,34.13178634643555
9635759,2023,2023-12-30,1946,2023-10-31,1710,P17,1946,2,5,4,1946,0,0,0,NA,0,001,FOOTHILL,ALTA VISTA,0,NA,Y,A,-,N,NA,NA,NA,NA,NA,NA,NA,NA,NA,Y,2,0,1,2,A,-,09,21802,A,N,D,G,A,A,H,-,A,A,0,NA,Y,NA,NA,Y,NA,L,04,1,0,0,0,0,0,1,0,0,-,-,NA,NA,LOS ANGELES,MONROVIA,-118.00762176513672,34.151275634765625