CASE_ID,ACCIDENT_YEAR,PROC_DATE,JURIS,COLLISION_DATE,COLLISION_TIME,OFFICER_ID,REPORTING_DISTRICT,DAY_OF_WEEK,CHP_SHIFT,POPULATION,CNTY_CITY_LOC,SPECIAL_COND,BEAT_TYPE,CHP_BEAT_TYPE,CITY_DIVISION_LAPD,CHP_BEAT_CLASS,BEAT_NUMBER,PRIMARY_RD,SECONDARY_RD,DISTANCE,DIRECTION,INTERSECTION,WEATHER_1,WEATHER_2,STATE_HWY_IND,CALTRANS_COUNTY,CALTRANS_DISTRICT,STATE_ROUTE,ROUTE_SUFFIX,POSTMILE_PREFIX,POSTMILE,LOCATION_TYPE,RAMP_INTERSECTION,SIDE_OF_HWY,TOW_AWAY,COLLISION_SEVERITY,NUMBER_KILLED,NUMBER_INJURED,PARTY_COUNT,PRIMARY_COLL_FACTOR,PCF_CODE_OF_VIOL,PCF_VIOL_CATEGORY,PCF_VIOLATION,PCF_VIOL_SUBSECTION,HIT_AND_RUN,TYPE_OF_COLLISION,MVIW,PED_ACTION,ROAD_SURFACE,ROAD_COND_1,ROAD_COND_2,LIGHTING,CONTROL_DEVICE,CHP_ROAD_TYPE,PEDESTRIAN_ACCIDENT,BICYCLE_ACCIDENT,MOTORCYCLE_ACCIDENT,TRUCK_ACCIDENT,NOT_PRIVATE_PROPERTY,ALCOHOL_INVOLVED,STWD_VEHTYPE_AT_FAULT,CHP_VEHTYPE_AT_FAULT,COUNT_SEVERE_INJ,COUNT_VISIBLE_INJ,COUNT_COMPLAINT_PAIN,COUNT_PED_KILLED,COUNT_PED_INJURED,COUNT_BICYCLIST_KILLED,COUNT_BICYCLIST_INJURED,COUNT_MC_KILLED,COUNT_MC_INJURED,PRIMARY_RAMP,SECONDARY_RAMP,LATITUDE,LONGITUDE,COUNTY,CITY,POINT_X,POINT_Y
9637219,2023,2024-01-16,1900,2023-10-12,627,660059,1123,4,5,6,1992,0,0,0,NA,0,112T2,SIERRA HWY,BALMONT ST,591,N,N,A,-,N,NA,NA,NA,NA,NA,NA,NA,NA,NA,Y,3,0,2,1,A,-,08,22107,NA,N,A,I,A,A,H,-,B,D,0,NA,NA,NA,NA,Y,NA,A,01,0,2,0,0,0,0,0,0,0,-,-,NA,NA,LOS ANGELES,LANCASTER,NA,NA
9637221,2023,2023-11-29,1900,2023-05-21,1040,658303,1335,7,5,5,1908,0,0,0,NA,0,1330,LAKEWOOD BL,FLOWER ST,0,NA,Y,A,-,N,NA,NA,NA,NA,NA,NA,NA,NA,NA,Y,3,0,3,2,A,-,12,21453,A,N,D,C,A,A,H,-,A,A,0,NA,NA,NA,NA,Y,NA,A,01,0,3,0,0,0,0,0,0,0,-,-,NA,NA,LOS ANGELES,BELLFLOWER,-118.14263916015624,33.88200378417969
9637226,2023,2023-12-22,1920,2023-09-26,1414,14050,1920,2,5,6,1920,0,0,0,NA,0,006,BROOKSHIRE AV,FONTANA ST,0,NA,Y,A,-,N,NA,NA,NA,NA,NA,NA,NA,NA,NA,N,3,0,1,2,A,-,05,21650,1,N,D,G,A,A,H,-,A,D,0,NA,Y,NA,NA,Y,NA,L,04,0,1,0,0,0,0,1,0,0,-,-,NA,NA,LOS ANGELES,DOWNEY,-118.13495635986328,33.93120574951172
9637228,2023,2024-01-25,1962,2023-10-21,1550,156,1962,6,5,4,1962,0,0,0,NA,0,003,DEL MAR AV,CHESTNUT AV,286,N,N,A,-,N,NA,NA,NA,NA,NA,NA,NA,NA,NA,NA,2,0,1,2,A,-,06,21755,A,N,B,C,A,A,H,-,A,D,0,NA,NA,Y,NA,Y,NA,C,02,1,0,0,0,0,0,0,0,1,-,-,34.086158752441406,-118.09957885742188,LOS ANGELES,SAN GABRIEL,-118.09957885742188,34.086402893066406
9637231,2023,2024-01-23,1953,2023-10-31,1539,1001,1953,2,5,6,1953,0,0,0,NA,0,005,LAKE AV,CORSON AV,0,NA,Y,A,-,Y,LA,7,210,-,-,26.537,R,4,W,N,3,0,2,2,A,-,12,21453,A,N,F,C,A,A,H,-,A,-,0,NA,NA,NA,NA,Y,NA,A,01,0,2,0,0,0,0,0,0,0,-,-,NA,NA,LOS ANGELES,PASADENA,-118.12871551513672,34.15199279785156
9637235,2023,2024-01-22,1953,2023-10-26,1616,4564,1953,4,5,6,1953,0,0,0,NA,0,002,RAYMOND AV,ORANGE GROVE BL,0,NA,Y,A,-,N,NA,NA,NA,NA,NA,NA,NA,NA,NA,N,3,0,1,2,A,-,10,21950,A,N,G,B,B,A,H,-,A,A,0,Y,NA,NA,NA,Y,NA,A,07,0,1,0,0,1,0,0,0,0,-,-,NA,NA,LOS ANGELES,PASADENA,-118.14901733398438,34.15781784057617
9637236,2023,2024-01-25,1900,2023-10-24,2035,655308,2621,2,5,6,1950,0,0,0,NA,0,263T1,AVENUE M,10TH ST E,315,E,N,A,-,N,NA,NA,NA,NA,NA,NA,NA,NA,NA,Y,2,0,1,2,A,-,09,21801,A,M,F,C,A,A,H,-,D,D,0,NA,NA,NA,NA,Y,NA,A,07,1,0,0,0,0,0,0,0,0,-,-,34.64577102661133,-118.11122131347656,LOS ANGELES,PALMDALE,-118.1112823486328,34.645931243896484
9637237,2023,2023-11-29,1941,2023-06-15,1254,5883,WEST,4,5,7,1941,0,0,0,NA,0,005,EAST PACIFIC COAST HWY,ROSE AV,0,NA,Y,A,-,Y,LA,7,1,-,-,5.071,I,5,S,Y,4,0,1,2,A,-,09,21801,A,M,D,C,A,A,H,-,A,D,0,NA,NA,NA,NA,Y,NA,A,01,0,0,1,0,0,0,0,0,0,-,-,33.789859771728516,-118.16982269287108,LOS ANGELES,LONG BEACH,-118.16873168945313,33.78980255126953
9637244,2023,2023-11-30,1944,2023-10-21,24,386,M5,6,5,4,1944,0,0,0,NA,0,0M3,SEPULVEDA BL,33RD ST,72,S,N,A,-,Y,LA,7,1,-,-,23.68,H,-,S,Y,3,0,1,1,A,-,01,23152,A,N,E,I,A,A,H,-,C,A,0,NA,NA,NA,NA,Y,Y,A,01,0,1,0,0,0,0,0,0,0,-,-,33.89894104003906,-118.39601135253906,LOS ANGELES,MANHATTAN BEACH,-118.3961181640625,33.898677825927734
9637245,2023,2023-11-30,1941,2023-06-13,1204,11554,EAST,2,5,7,1941,0,0,0,NA,0,012,EAST PACIFIC COAST HWY,CLARK AV,265,W,N,A,-,Y,LA,7,1,-,-,2.93,H,-,S,Y,4,0,1,2,A,-,04,21703,NA,N,C,C,A,A,H,-,A,D,0,NA,NA,NA,NA,Y,NA,A,07,0,0,1,0,0,0,0,0,0,-,-,33.784568786621094,-118.13504028320313,LOS ANGELES,LONG BEACH,-118.13492584228516,33.78441619873047
9637248,2023,2023-11-20,1976,2023-10-24,2130,208,1976,2,5,3,1964,0,0,0,NA,0,003,IMPERIAL HWY,MARQUARDT AV,575,W,N,A,-,N,NA,NA,NA,NA,NA,NA,NA,NA,NA,Y,2,0,1,1,A,-,08,22107,NA,N,E,I,A,A,H,-,C,D,0,NA,NA,NA,NA,Y,NA,A,01,1,0,0,0,0,0,0,0,0,-,-,NA,NA,LOS ANGELES,SANTA FE SPRINGS,-118.03990936279295,33.9169807434082
9637249,2023,2023-11-29,1941,2023-07-18,1430,11222,WEST,2,5,7,1941,0,0,0,NA,0,004,LOCUST AV,EAST PACIFIC COAST HWY,0,NA,Y,A,-,Y,LA,7,1,-,-,6.371,I,5,S,Y,4,0,1,3,A,-,08,22107,NA,N,A,C,A,A,H,-,A,D,0,NA,NA,NA,NA,Y,NA,A,07,0,0,1,0,0,0,0,0,0,-,-,33.789859771728516,-118.19107818603516,LOS ANGELES,LONG BEACH,-118.19107055664064,33.78981018066406
9637250,2023,2023-12-21,1941,2023-09-30,959,11126,3,6,5,7,1941,0,0,0,NA,0,024,RT 91,PARAMOUNT BL,0,NA,Y,A,-,Y,LA,7,91,-,R,13.462,R,4,W,Y,3,0,2,2,D,-,00,NA,NA,N,D,C,A,A,H,-,A,A,0,NA,NA,NA,NA,Y,NA,-,-,0,2,0,0,0,0,0,0,0,-,-,33.8760986328125,-118.15998840332033,LOS ANGELES,LONG BEACH,-118.16261291503906,33.87611770629883
9637254,2023,2023-12-20,1905,2023-09-23,1556,1206,443,6,5,4,1905,0,0,0,NA,0,001,CERRITOS AV,ARROW HWY,0,NA,Y,A,-,N,NA,NA,NA,NA,NA,NA,NA,NA,NA,Y,3,0,5,3,A,-,12,21453,A,N,A,C,A,A,H,-,A,A,0,NA,NA,NA,NA,Y,NA,A,07,0,3,2,0,0,0,0,0,0,-,-,34.106788635253906,-117.8989486694336,LOS ANGELES,AZUSA,-117.89896392822266,34.10676956176758
9637257,2023,2023-11-29,1900,2023-07-03,1500,649278,0530,1,5,5,1959,0,0,0,NA,0,53T1,ROSEMEAD AV,GRAND AV,30,S,N,A,-,Y,LA,7,164,-,-,6.87,H,-,S,Y,2,0,1,3,A,-,08,22107,NA,N,B,C,A,A,H,-,A,D,0,NA,NA,NA,NA,Y,NA,A,01,1,0,0,0,0,0,0,0,0,-,-,34.088680267333984,-118.07383728027344,LOS ANGELES,ROSEMEAD,-118.07339477539064,34.09017562866211
9637258,2023,2023-12-21,1905,2023-09-09,2006,1217,124,6,5,4,1905,0,0,0,NA,0,001,BASELINE RD,FENIMORE AV,180,E,N,A,-,Y,LA,7,210,-,R,41.628,R,4,W,Y,3,0,1,2,A,-,09,21801,B,N,D,C,A,A,H,-,C,D,0,NA,NA,NA,NA,Y,NA,A,01,0,1,0,0,0,0,0,0,0,-,-,34.12141036987305,-117.8901596069336,LOS ANGELES,AZUSA,-117.87230682373048,34.120704650878906
9637259,2023,2024-01-22,1905,2023-10-05,1406,1206,325,4,5,4,1905,0,0,0,NA,0,003,N CALERA AV,ALOSTA AV,0,NA,Y,A,-,N,NA,NA,NA,NA,NA,NA,NA,NA,NA,Y,3,0,2,2,A,-,08,22107,NA,N,A,C,A,A,H,-,A,A,0,NA,NA,NA,NA,Y,NA,A,01,0,2,0,0,0,0,0,0,0,-,-,34.1286506652832,-117.88577270507813,LOS ANGELES,AZUSA,-117.88577270507813,34.128665924072266
9637262,2023,2023-12-26,1905,2023-09-06,800,1206,241,3,5,4,1905,0,0,0,NA,0,001,AZUSA AV,ROLAND ST,0,NA,Y,B,-,N,NA,NA,NA,NA,NA,NA,NA,NA,NA,Y,3,0,1,2,A,-,03,22350,NA,N,C,C,A,A,H,-,A,D,0,NA,NA,NA,Y,Y,NA,A,01,0,1,0,0,0,0,0,0,0,-,-,34.116058349609375,-117.90757751464844,LOS ANGELES,AZUSA,-117.90756988525392,34.116058349609375
9637264,2023,2023-11-30,1942,2023-10-27,2307,44344,1725,5,5,7,1942,0,0,0,Q,0,26T57,TAMPA AV,RT 118,0,NA,N,A,-,Y,LA,7,118,-,R,4.82,R,4,W,Y,3,0,2,1,A,-,03,22350,NA,F,E,I,A,A,H,-,C,A,0,NA,NA,NA,NA,Y,NA,A,01,0,2,0,0,0,0,0,0,0,-,WF,NA,NA,LOS ANGELES,LOS ANGELES,-118.55310821533205,34.27251434326172
9637266,2023,2024-01-11,1900,2023-09-30,1710,655346,2603,6,5,6,1950,0,0,0,NA,0,264T1,RT 138,37TH STREET E,226,E,N,A,-,N,NA,NA,NA,NA,NA,NA,NA,NA,NA,Y,3,0,1,3,A,-,03,22350,NA,N,C,C,A,A,H,-,A,A,0,NA,NA,NA,NA,Y,NA,A,01,0,1,0,0,0,0,0,0,0,-,-,34.542781829833984,-118.06208801269533,LOS ANGELES,PALMDALE,-118.06343841552734,34.580265045166016
9637268,2023,2023-11-30,1942,2023-10-22,2105,39062,0161,7,5,7,1942,0,0,0,A,0,24T33,JAMES M WOOD BL,GEORGIA ST,0,NA,Y,A,-,Y,LA,7,110,-,-,22.394,R,4,N,N,4,0,1,2,A,-,12,21453,A,F,D,C,A,A,H,-,C,A,0,NA,NA,NA,NA,Y,NA,-,99,0,0,1,0,0,0,0,0,0,-,-,NA,NA,LOS ANGELES,LOS ANGELES,-118.264892578125,34.04887008666992
9637270,2023,2024-01-19,1900,2023-10-24,2115,627716,0521,2,5,4,1971,0,0,0,NA,0,52T1PM,ROSEMEAD BL,LAS TUNAS DR,0,NA,Y,A,-,N,NA,NA,NA,NA,NA,NA,NA,NA,NA,Y,4,0,2,2,D,-,00,NA,NA,N,D,C,A,A,H,-,E,B,0,NA,NA,NA,NA,Y,NA,-,-,0,0,2,0,0,0,0,0,0,-,-,34.10356140136719,-118.0736083984375,LOS ANGELES,TEMPLE CITY,-118.07347869873048,34.103546142578125
9637272,2023,2023-11-20,1920,2023-10-21,1406,13022,1920,6,5,6,1920,0,0,0,NA,0,005,LAKEWOOD BL,GALLATIN RD,94,S,N,A,-,N,NA,NA,NA,NA,NA,NA,NA,NA,NA,N,4,0,1,2,A,-,08,22107,NA,N,B,C,A,A,H,-,A,A,0,NA,NA,NA,NA,Y,NA,A,01,0,0,1,0,0,0,0,0,0,-,-,NA,NA,LOS ANGELES,DOWNEY,-118.11369323730467,33.95407485961914
9637277,2023,2023-12-12,1905,2023-08-21,1456,2019,811,1,5,4,1905,0,0,0,NA,0,002,RT 39,MM 18.01,68,S,-,A,-,N,NA,NA,NA,NA,NA,NA,NA,NA,NA,Y,3,0,1,1,A,-,03,22350,NA,N,H,J,A,A,B,-,A,D,0,NA,NA,Y,NA,Y,NA,C,02,0,1,0,0,0,0,0,0,1,-,-,34.1592903137207,-117.90895080566406,LOS ANGELES,AZUSA,NA,NA
9637286,2023,2023-12-05,1942,2023-08-03,1400,38111,1837,4,5,7,1942,0,0,0,R,0,25TL27,IMPERIAL HWY,WILMINGTON AV,771,W,N,A,-,N,NA,NA,NA,NA,NA,NA,NA,NA,NA,Y,4,0,1,2,A,-,07,21658,A,F,B,C,A,A,H,-,A,D,0,NA,NA,NA,NA,Y,NA,-,99,0,0,1,0,0,0,0,0,0,-,-,NA,NA,LOS ANGELES,LOS ANGELES,-118.24161529541016,33.92959976196289
9637296,2023,2024-01-11,1942,2023-04-30,1340,419T1,1842,7,5,7,1942,0,0,0,R,0,25T55,IMPERIAL HWY,BROADWAY,0,NA,Y,A,-,N,NA,NA,NA,NA,NA,NA,NA,NA,NA,N,4,0,6,3,A,-,03,22350,NA,F,C,C,A,A,H,-,A,A,0,NA,NA,NA,NA,Y,NA,-,99,0,0,6,0,0,0,0,0,0,-,-,NA,NA,LOS ANGELES,LOS ANGELES,-118.27845764160156,33.931007385253906
9637308,2023,2024-01-19,1942,2023-10-28,1245,39397,0517,6,5,7,1942,0,0,0,E,0,25TL25,BROAD AV,PCH,35,N,N,A,-,Y,LA,7,1,-,-,10.436,I,6,N,N,3,0,1,2,A,-,11,21954,A,F,B,B,E,A,H,-,A,D,0,Y,NA,NA,NA,Y,NA,N,60,0,1,0,0,1,0,0,0,0,-,-,NA,NA,LOS ANGELES,LOS ANGELES,-118.26165771484376,33.79133224487305
9637312,2023,2024-01-17,1941,2023-10-16,1839,11535,WEST,1,5,7,1941,0,0,0,NA,0,004,LONG BEACH BL,PCH,0,E,N,A,-,Y,LA,7,1,-,-,6.24,H,-,S,N,3,0,1,2,A,-,05,21650,NA,N,D,G,A,A,H,-,B,D,0,NA,Y,NA,NA,Y,NA,L,04,0,1,0,0,0,0,1,0,0,-,-,33.789649963378906,-118.18933868408205,LOS ANGELES,LONG BEACH,-118.1889877319336,33.7898063659668
9637316,2023,2024-01-19,1942,2023-10-28,430,42775,2177,6,5,7,1942,0,0,0,NA,0,26T25,WINNETKA AV,RT 101,18,N,N,A,-,Y,LA,7,101,-,-,23.419,R,4,N,Y,3,0,1,1,A,-,03,22350,NA,N,E,I,A,A,H,-,D,A,0,NA,NA,NA,NA,Y,NA,A,01,0,1,0,0,0,0,0,0,0,-,NO,NA,NA,LOS ANGELES,LOS ANGELES,-118.57325744628906,34.17148208618164
9637320,2023,2024-01-17,1942,2023-10-22,2000,42859,0507,7,5,7,1942,0,0,0,E,0,5A1,WESTERN,226TH ST,0,NA,N,A,-,Y,LA,7,213,-,-,7.3,H,-,N,Y,3,0,1,2,A,-,01,23152,A,N,C,E,A,A,H,-,C,D,0,NA,NA,NA,NA,Y,Y,A,01,0,1,0,0,0,0,0,0,0,-,-,NA,NA,LOS ANGELES,LOS ANGELES,-118.308837890625,33.821537017822266
9637337,2023,2023-11-20,1920,2023-10-31,2238,14050,1920,2,5,6,1920,0,0,0,NA,0,002,STEWART AND GRAY RD,OLD RIVER SCHOOL RD,0,NA,Y,A,-,N,NA,NA,NA,NA,NA,NA,NA,NA,NA,Y,4,0,4,2,A,-,12,21453,A,N,D,C,A,A,H,-,C,A,0,NA,NA,NA,NA,Y,NA,A,01,0,0,4,0,0,0,0,0,0,-,-,NA,NA,LOS ANGELES,DOWNEY,-118.15406036376952,33.9401969909668
9637344,2023,2024-01-11,1942,2023-10-13,1600,38037,1805,5,5,7,1942,0,0,0,R,0,25MQ53,SAN PREDRO ST,92ND ST,5,N,N,A,-,N,NA,NA,NA,NA,NA,NA,NA,NA,NA,N,2,0,1,2,A,-,17,21209,NA,N,E,J,A,A,H,-,A,D,0,NA,NA,Y,NA,Y,NA,A,08,1,0,0,0,0,0,0,0,1,-,-,NA,NA,LOS ANGELES,LOS ANGELES,-118.2695083618164,33.9528923034668
9637355,2023,2024-01-17,1942,2023-04-25,1143,41671,0835,2,5,7,1942,0,0,0,H,0,27TL46,SANTA MONICA BL,COTNER AV,50,W,N,A,-,Y,LA,7,2,-,-,3.67,H,-,E,N,4,0,1,2,A,-,07,21658,A,F,B,C,A,A,H,-,A,D,0,NA,NA,NA,NA,Y,NA,-,99,0,0,1,0,0,0,0,0,0,-,-,NA,NA,LOS ANGELES,LOS ANGELES,-118.44636535644533,34.047027587890625
9637359,2023,2024-01-11,1900,2023-06-02,1500,654262,1322,5,5,5,1935,0,0,0,NA,0,132T1,SOUTH ST,LAKEWOOD BL,2,W,N,A,-,N,NA,NA,NA,NA,NA,NA,NA,NA,NA,N,4,0,1,2,A,-,04,21703,NA,N,C,C,A,A,H,-,A,A,0,NA,NA,NA,NA,Y,NA,A,01,0,0,1,0,0,0,0,0,0,-,-,NA,NA,LOS ANGELES,LAKEWOOD,-118.14242553710938,33.86024856567383
9637362,2023,2024-02-23,1972,2023-10-18,1103,22270,NA,3,5,6,1972,0,0,0,NA,0,NA,LOMITA BL,HAWTHORNE BL,0,NA,Y,A,-,Y,LA,7,107,-,-,0.747,I,5,N,Y,4,0,1,3,A,-,12,21453,A,N,D,C,A,-,H,-,A,A,0,NA,NA,NA,NA,Y,NA,A,NA,0,0,1,0,0,0,0,0,0,-,-,NA,NA,LOS ANGELES,TORRANCE,-118.35099029541016,33.81587219238281
9637363,2023,2024-02-23,1900,2023-10-29,1200,612140,2241,7,5,3,1989,0,0,0,NA,0,224,LAS VIRGENES RD,RT 101,0,NA,Y,A,-,Y,LA,7,101,-,-,31.335,R,4,S,Y,4,0,2,2,A,-,12,22450,A,N,D,C,A,A,H,-,A,B,0,NA,NA,NA,NA,Y,NA,A,01,0,0,2,0,0,0,0,0,0,-,EF,34.15583038330078,-118.69805908203124,LOS ANGELES,CALABASAS,-118.70114135742188,34.14522933959961
9637367,2023,2024-02-23,1900,2023-10-17,957,625556,1012,2,5,3,1995,0,0,0,NA,0,101T1,PACIFIC COAST HWY,TRANCAS CANYON RD,492,E,N,A,-,Y,LA,7,1,-,-,56.76,H,-,S,Y,3,0,1,1,A,-,08,22107,NA,N,A,I,A,-,H,-,A,D,0,NA,NA,NA,NA,Y,NA,A,01,0,1,0,0,0,0,0,0,0,-,-,34.03017044067383,-118.84246826171876,LOS ANGELES,MALIBU,-118.84243774414064,34.03018569946289
9637369,2023,2024-02-01,1953,2023-10-19,1230,4564,1953,4,5,6,1953,0,0,0,NA,0,005,EUCLID AV,WALNUT ST,70,S,N,A,-,N,NA,NA,NA,NA,NA,NA,NA,NA,NA,N,4,0,1,2,A,-,11,21955,NA,N,G,B,D,A,H,-,A,D,0,Y,NA,NA,NA,Y,NA,N,60,0,0,1,0,1,0,0,0,0,-,-,NA,NA,LOS ANGELES,PASADENA,-118.14295959472656,34.14931869506836
9637370,2023,2024-02-13,1900,2023-10-22,1850,545762,2603,7,5,6,1950,0,0,0,NA,0,262T1,PEARBLOSSOM HWY,30TH ST W,43,W,N,A,-,N,NA,NA,NA,NA,NA,NA,NA,NA,NA,Y,2,0,2,2,A,-,04,21703,NA,M,C,C,A,A,H,-,C,A,0,NA,NA,NA,NA,Y,NA,A,01,1,0,1,0,0,0,0,0,0,-,-,34.54166030883789,-118.0737533569336,LOS ANGELES,PALMDALE,-118.0736083984375,34.541717529296875
9637374,2023,2024-02-13,1900,2023-10-22,1849,545762,2603,7,5,6,1950,0,0,0,NA,0,262T1,PEARBLOSSOM HWY,30TH ST W,43,W,N,A,-,N,NA,NA,NA,NA,NA,NA,NA,NA,NA,Y,2,0,4,2,A,-,04,21703,NA,N,C,C,A,A,H,-,C,A,0,NA,NA,NA,NA,Y,NA,A,01,1,3,0,0,0,0,0,0,0,-,-,34.54166030883789,-118.0737533569336,LOS ANGELES,PALMDALE,-118.0736083984375,34.541717529296875
9637377,2023,2024-02-16,1976,2023-10-10,2243,593,NA,2,5,5,1976,0,0,0,NA,0,003,WHITTIER BL,CALMADA AV,69,E,N,A,-,Y,LA,7,72,-,-,2.84,H,-,N,Y,3,0,3,3,A,-,01,23152,A,F,C,C,A,A,H,-,C,D,0,NA,NA,NA,NA,Y,Y,A,07,0,3,0,0,0,0,0,0,0,-,-,NA,NA,LOS ANGELES,WHITTIER,-118.0210189819336,33.95655822753906
9637378,2023,2024-02-13,1900,2023-10-25,1353,605584,0814,3,5,4,1960,0,0,0,NA,0,81T2,ARROW HWY,RENNELL AV,248,W,N,A,-,N,NA,NA,NA,NA,NA,NA,NA,NA,NA,Y,3,0,1,2,A,-,04,21703,NA,N,C,C,A,A,H,-,A,D,0,NA,NA,NA,NA,Y,NA,A,07,0,1,0,0,0,0,0,0,0,-,-,34.10700988769531,-117.83321380615234,LOS ANGELES,SAN DIMAS,-117.83366394042967,34.10662078857422
9637379,2023,2024-02-23,1900,2023-10-19,1240,664470,1014,4,5,3,1995,0,0,0,NA,0,220A1,RT 1,MALIBU CANYON RD,0,NA,Y,A,-,Y,LA,7,1,-,-,48.171,I,5,S,Y,3,0,1,2,A,-,12,21453,A,N,A,C,A,A,H,-,A,A,0,NA,NA,NA,NA,Y,NA,A,01,0,1,0,0,0,0,0,0,0,-,-,34.03472900390625,-118.70350646972656,LOS ANGELES,MALIBU,-118.70336151123048,34.03466796875
9637383,2023,2024-02-13,1900,2023-10-19,1945,602218,0451,4,5,6,1949,0,0,0,NA,0,43T1,IMPERIAL HWY,JERSEY AV,42,E,N,A,-,N,NA,NA,NA,NA,NA,NA,NA,NA,NA,N,3,0,1,2,A,-,00,21955,A,N,G,B,D,A,H,-,C,D,0,Y,NA,NA,NA,Y,NA,N,60,0,1,0,0,1,0,0,0,0,-,-,NA,NA,LOS ANGELES,NORWALK,-118.08605194091795,33.917091369628906
9637384,2023,2024-03-01,1900,2023-11-05,1605,517840,1015,7,5,3,1995,0,0,0,NA,0,101T1,PCH,WEBB WY,701,E,N,A,-,Y,LA,7,1,-,-,47.28,H,-,N,Y,3,0,1,1,A,-,03,22350,NA,N,E,I,A,A,H,-,B,A,0,NA,NA,Y,NA,Y,NA,C,02,0,1,0,0,0,0,0,0,1,-,-,34.03446960449219,-118.6887664794922,LOS ANGELES,MALIBU,-118.68870544433594,34.03450393676758
9637385,2023,2024-03-19,1929,2023-11-07,1832,176,1929,2,5,3,1929,0,0,0,NA,0,003,PCH,8TH ST,108,S,N,A,-,Y,LA,7,1,-,-,21.02,H,-,S,Y,4,0,2,3,A,-,01,23152,A,N,C,C,A,-,H,-,C,D,0,NA,NA,NA,NA,Y,Y,A,01,0,0,2,0,0,0,0,0,0,-,-,33.860721588134766,-118.3918685913086,LOS ANGELES,HERMOSA BEACH,-118.39185333251952,33.860389709472656
9637387,2023,2024-02-03,1900,2023-10-08,1055,684995,2610,7,5,6,1950,0,0,0,NA,0,262T1,SIERRA HWY,AVENUE R,1954,S,N,A,-,N,NA,NA,NA,NA,NA,NA,NA,NA,NA,Y,3,0,2,2,A,-,04,21703,NA,N,C,C,A,A,H,-,A,D,0,NA,NA,NA,NA,Y,NA,A,07,0,1,1,0,0,0,0,0,0,-,-,34.567169189453125,-118.11473083496094,LOS ANGELES,PALMDALE,-118.11478424072266,34.56727600097656
9637388,2023,2024-03-01,1900,2023-11-02,1300,650291,1015,4,5,3,1995,0,0,0,NA,0,101T1,PCH,SERRA RD,1371,E,N,A,-,Y,LA,7,1,-,-,46.53,H,-,N,N,4,0,1,2,A,-,08,22107,NA,N,B,C,A,A,H,-,A,D,0,NA,NA,Y,NA,Y,NA,C,02,0,0,1,0,0,0,0,0,1,-,-,34.03744125366211,-118.67691802978516,LOS ANGELES,MALIBU,-118.67679595947266,34.03755187988281
9637390,2023,2024-02-02,1976,2023-10-08,1617,595,NA,7,5,5,1976,0,0,0,NA,0,002,GREENLEAF AV,MAR VISTA ST,0,NA,Y,A,-,Y,NA,NA,NA,NA,NA,NA,NA,NA,NA,N,3,0,1,2,A,-,09,21801,A,N,H,G,A,A,H,-,A,A,0,NA,Y,NA,NA,Y,Y,A,01,0,1,0,0,0,0,1,0,0,-,-,NA,NA,LOS ANGELES,WHITTIER,-118.03736877441406,33.97365951538086
9637391,2023,2024-02-13,1900,2023-10-31,1705,655390,2619,2,5,6,1950,0,0,0,NA,0,263T1,SIERR HWY,AVENUE O-8,739,N,N,A,-,N,NA,NA,NA,NA,NA,NA,NA,NA,NA,Y,3,0,2,3,A,-,03,22350,NA,N,C,C,A,A,H,-,A,D,0,NA,NA,NA,NA,Y,NA,A,01,0,1,1,0,0,0,0,0,0,-,-,34.61137008666992,-118.122802734375,LOS ANGELES,PALMDALE,-118.1227798461914,34.61116027832031
9637392,2023,2024-03-01,1972,2023-11-04,2040,22884,NA,6,5,6,1972,0,0,0,NA,0,NA,HAWTHORNE BL,SEPULVEDA BL,200,N,N,A,-,Y,LA,7,107,-,-,1.46,H,-,S,N,4,0,1,3,A,-,03,22350,NA,N,C,C,A,A,H,-,C,A,0,NA,NA,NA,NA,Y,NA,A,01,0,0,1,0,0,0,0,0,0,-,-,NA,NA,LOS ANGELES,TORRANCE,-118.35174560546876,33.82627487182617
9637394,2023,2024-02-23,1976,2023-10-20,853,579,NA,5,5,5,1976,0,0,0,NA,0,004,WHITTIER BL,VIRGINIA AV,374,E,N,A,-,Y,LA,7,72,-,-,0.69,H,-,S,Y,3,0,2,3,A,-,09,21804,A,N,D,C,A,A,H,-,A,D,0,NA,NA,NA,NA,Y,NA,A,01,0,2,0,0,0,0,0,0,0,-,-,NA,NA,LOS ANGELES,WHITTIER,-117.98790740966795,33.94220733642578
9637396,2023,2024-03-01,1972,2023-11-14,300,22777,NA,2,5,6,1972,0,0,0,NA,0,NA,HAWTHORNE BL,HALISON ST,15,S,N,A,-,Y,LA,7,107,-,-,3.2,H,-,N,Y,4,0,1,2,A,-,03,22350,NA,N,C,C,A,A,H,-,C,A,0,NA,NA,NA,NA,Y,NA,A,01,0,0,1,0,0,0,0,0,0,-,-,NA,NA,LOS ANGELES,TORRANCE,-118.35360717773438,33.8513298034668
9637397,2023,2024-02-16,1942,2023-11-04,1555,39028,1864,6,5,7,1942,0,0,0,R,0,MQ56,GLENN ANDERSON FWY,CENTRAL AV,126,NA,N,A,-,Y,LA,7,105,-,R,9.089,R,1,W,N,4,0,1,2,A,-,03,22350,NA,N,B,C,A,A,H,-,A,A,0,NA,NA,NA,NA,Y,NA,-,99,0,0,1,0,0,0,0,0,0,-,-,NA,NA,LOS ANGELES,LOS ANGELES,-118.25139617919922,33.9286003112793