CASE_ID,ACCIDENT_YEAR,PROC_DATE,JURIS,COLLISION_DATE,COLLISION_TIME,OFFICER_ID,REPORTING_DISTRICT,DAY_OF_WEEK,CHP_SHIFT,POPULATION,CNTY_CITY_LOC,SPECIAL_COND,BEAT_TYPE,CHP_BEAT_TYPE,CITY_DIVISION_LAPD,CHP_BEAT_CLASS,BEAT_NUMBER,PRIMARY_RD,SECONDARY_RD,DISTANCE,DIRECTION,INTERSECTION,WEATHER_1,WEATHER_2,STATE_HWY_IND,CALTRANS_COUNTY,CALTRANS_DISTRICT,STATE_ROUTE,ROUTE_SUFFIX,POSTMILE_PREFIX,POSTMILE,LOCATION_TYPE,RAMP_INTERSECTION,SIDE_OF_HWY,TOW_AWAY,COLLISION_SEVERITY,NUMBER_KILLED,NUMBER_INJURED,PARTY_COUNT,PRIMARY_COLL_FACTOR,PCF_CODE_OF_VIOL,PCF_VIOL_CATEGORY,PCF_VIOLATION,PCF_VIOL_SUBSECTION,HIT_AND_RUN,TYPE_OF_COLLISION,MVIW,PED_ACTION,ROAD_SURFACE,ROAD_COND_1,ROAD_COND_2,LIGHTING,CONTROL_DEVICE,CHP_ROAD_TYPE,PEDESTRIAN_ACCIDENT,BICYCLE_ACCIDENT,MOTORCYCLE_ACCIDENT,TRUCK_ACCIDENT,NOT_PRIVATE_PROPERTY,ALCOHOL_INVOLVED,STWD_VEHTYPE_AT_FAULT,CHP_VEHTYPE_AT_FAULT,COUNT_SEVERE_INJ,COUNT_VISIBLE_INJ,COUNT_COMPLAINT_PAIN,COUNT_PED_KILLED,COUNT_PED_INJURED,COUNT_BICYCLIST_KILLED,COUNT_BICYCLIST_INJURED,COUNT_MC_KILLED,COUNT_MC_INJURED,PRIMARY_RAMP,SECONDARY_RAMP,LATITUDE,LONGITUDE,COUNTY,CITY,POINT_X,POINT_Y
9641088,2023,2024-01-10,1900,2023-11-08,1945,642979,0644,3,5,6,1985,0,0,0,NA,0,64T1,VALENCIA BL,MAGIC MOUNTAIN PKWY,121,S,N,A,-,N,NA,NA,NA,NA,NA,NA,NA,NA,NA,Y,3,0,3,3,A,-,09,21804,A,N,A,C,A,A,H,-,C,D,0,NA,NA,NA,NA,Y,NA,A,08,0,2,1,0,0,0,0,0,0,-,-,34.415531158447266,-118.54991912841795,LOS ANGELES,SANTA CLARITA,-118.54996490478516,34.415645599365234
9641090,2023,2024-01-10,1900,2023-11-01,1715,643228,0625,3,5,6,1985,0,0,0,NA,0,62T1,VIA PRINCESSA,VIA PACIFICA,0,NA,Y,A,-,N,NA,NA,NA,NA,NA,NA,NA,NA,NA,Y,3,0,2,2,A,-,12,21453,A,N,D,C,A,A,H,-,A,A,0,NA,NA,NA,NA,Y,NA,A,01,0,2,0,0,0,0,0,0,0,-,-,34.39365005493164,-118.54405975341795,LOS ANGELES,SANTA CLARITA,-118.54408264160156,34.39364242553711
9641092,2023,2024-01-10,1902,2023-11-11,1758,815,32,6,5,5,1902,0,0,0,NA,0,005,LIVE OAK AV,S 2ND AV,194,E,N,A,-,N,NA,NA,NA,NA,NA,NA,NA,NA,NA,N,4,0,3,2,A,-,03,22350,NA,N,C,C,A,A,H,-,C,A,0,NA,NA,NA,NA,Y,NA,A,07,0,0,3,0,0,0,0,0,0,-,-,NA,NA,LOS ANGELES,ARCADIA,-118.02396392822266,34.1083869934082
9641120,2023,2023-11-27,1942,2023-10-15,2145,42069,1871,7,5,7,1942,0,0,0,R,0,25T31,135TH ST,FIGUEROA ST,122,E,N,A,-,N,NA,NA,NA,NA,NA,NA,NA,NA,NA,Y,2,0,1,2,A,-,08,22101,D,N,A,C,A,A,H,-,C,A,0,NA,NA,Y,NA,Y,NA,A,01,1,0,0,0,0,0,0,0,1,-,-,NA,NA,LOS ANGELES,LOS ANGELES,-118.28234100341795,33.90917205810547
9641121,2023,2023-12-15,1942,2023-10-21,757,45347,0378,6,5,7,1942,0,0,0,C,0,3A41,MARTIN LUTHER KING JR BL,HOOVER ST,10,W,N,A,-,N,NA,NA,NA,NA,NA,NA,NA,NA,NA,N,3,0,1,2,A,-,08,22107,NA,N,B,C,A,A,H,-,A,A,0,NA,NA,NA,NA,Y,NA,-,99,0,1,0,0,0,0,0,0,0,-,-,NA,NA,LOS ANGELES,LOS ANGELES,-118.28728485107422,34.011077880859375
9641129,2023,2023-12-01,1942,2023-10-30,2020,45519,1841,1,5,7,1942,0,0,0,R,0,18A17,HOOVER ST,104TH ST,0,NA,Y,A,-,N,NA,NA,NA,NA,NA,NA,NA,NA,NA,Y,3,0,1,4,A,-,12,21453,NA,N,C,D,A,A,H,-,C,D,0,NA,NA,NA,NA,Y,NA,A,07,0,1,0,0,0,0,0,0,0,-,-,NA,NA,LOS ANGELES,LOS ANGELES,-118.28697204589844,33.94234085083008
9641145,2023,2023-11-22,1900,2023-09-15,2100,923347,1450,5,5,2,1999,0,0,0,NA,0,140Z2,HACIENDA RD,SKYLINE DR,1056,N,N,A,-,N,NA,NA,NA,NA,NA,NA,NA,NA,NA,Y,3,0,3,3,A,-,05,21650,NA,N,A,D,A,A,H,-,C,D,0,NA,NA,NA,NA,Y,Y,A,07,0,1,2,0,0,0,0,0,0,-,-,33.970829010009766,-117.96466827392578,LOS ANGELES,LA HABRA HEIGHTS,-117.96208953857422,33.968711853027344
9641147,2023,2023-11-28,1900,2023-06-29,2140,635144,2811,4,5,5,1915,0,0,0,NA,0,281T1,CENTRAL AV,POPLAR ST,0,NA,Y,A,-,N,NA,NA,NA,NA,NA,NA,NA,NA,NA,N,4,0,1,2,A,-,09,21801,NA,F,D,C,A,A,H,-,C,D,0,NA,NA,NA,NA,Y,NA,D,22,0,0,1,0,0,0,0,0,0,-,-,33.900020599365234,-118.25276184082033,LOS ANGELES,COMPTON,-118.2529067993164,33.899967193603516
9641158,2023,2023-11-30,1900,2023-10-21,1345,657316,1622,6,5,5,1977,0,0,0,NA,0,164T,HARRISON ST,SANTA FE AV,361,W,N,A,-,N,NA,NA,NA,NA,NA,NA,NA,NA,NA,Y,3,0,1,4,A,-,03,22350,NA,N,C,E,A,A,H,-,A,D,0,NA,NA,NA,NA,Y,NA,A,01,0,1,0,0,0,0,0,0,0,-,-,33.837730407714844,-118.2160873413086,LOS ANGELES,CARSON,-118.21597290039064,33.83768844604492
9641162,2023,2023-11-29,1926,2023-10-24,944,0184,NA,2,5,5,1926,0,0,0,NA,0,002,S GLENDORA AVE,E GLADSTONE ST,0,NA,Y,A,-,N,NA,NA,NA,NA,NA,NA,NA,NA,NA,Y,3,0,1,2,A,-,12,21453,A,N,D,C,A,A,H,-,A,A,0,NA,NA,NA,NA,Y,Y,D,22,0,1,0,0,0,0,0,0,0,-,-,34.11394119262695,-117.86338043212892,LOS ANGELES,GLENDORA,-117.86382293701172,34.11396026611328
9641165,2023,2024-01-06,1942,2023-11-06,830,38598,0356,1,5,7,1942,0,0,0,C,0,25T23,EXPOSITION BL,DENKER AV,0,NA,Y,-,-,N,NA,NA,NA,NA,NA,NA,NA,NA,NA,Y,3,0,1,1,A,-,08,22101,D,N,H,F,A,A,H,-,A,A,0,NA,NA,NA,NA,Y,NA,A,01,0,1,0,0,0,0,0,0,0,-,-,NA,NA,LOS ANGELES,LOS ANGELES,-118.30451965332033,34.01820755004883
9641167,2023,2023-11-29,1900,2023-10-22,1451,627368,2922,7,5,5,1990,0,0,0,NA,0,292K3,DIAMOND BAR BL,GOLDEN SPRINGS DR,0,NA,Y,A,-,N,NA,NA,NA,NA,NA,NA,NA,NA,NA,N,3,0,2,2,A,-,12,21453,A,N,D,C,A,A,H,-,A,A,0,NA,NA,NA,NA,Y,NA,D,22,0,2,0,0,0,0,0,0,0,-,-,34.01898956298828,-117.80860900878906,LOS ANGELES,DIAMOND BAR,-117.80860137939452,34.01893615722656
9641170,2023,2024-01-22,1941,2023-11-11,54,11930,EAST,6,5,7,1941,0,0,0,NA,0,009,JUNIPERO AV,E 6TH,0,NA,Y,A,-,N,NA,NA,NA,NA,NA,NA,NA,NA,NA,Y,3,0,2,2,A,-,09,21801,A,F,D,C,A,A,H,-,C,D,0,NA,NA,NA,NA,Y,Y,A,01,0,1,1,0,0,0,0,0,0,-,-,33.775360107421875,-118.163330078125,LOS ANGELES,LONG BEACH,-118.1638641357422,33.77351760864258
9641172,2023,2023-12-11,1900,2023-09-18,1550,658290,0251,1,5,4,1945,0,0,0,NA,0,28T,SLAUSON AV,ATLANTIC BL,100,E,N,A,-,N,NA,NA,NA,NA,NA,NA,NA,NA,NA,Y,3,0,5,6,A,-,07,21658,A,N,B,C,A,A,H,-,A,A,0,NA,NA,NA,NA,Y,NA,A,08,0,1,4,0,0,0,0,0,0,-,-,NA,NA,LOS ANGELES,MAYWOOD,-118.1852798461914,33.98704528808594
9641173,2023,2024-01-06,1942,2023-11-02,1110,37146,1256,4,5,7,1942,0,0,0,L,0,25TL23,73RD ST,FLOWER ST,160,W,N,A,-,N,NA,NA,NA,NA,NA,NA,NA,NA,NA,N,3,0,1,2,A,-,17,22517,NA,N,B,E,A,A,H,-,A,D,0,NA,NA,NA,NA,Y,NA,A,07,0,1,0,0,0,0,0,0,0,-,-,NA,NA,LOS ANGELES,LOS ANGELES,-118.28183746337892,33.973670959472656
9641177,2023,2023-11-30,1942,2023-10-14,2020,42633,1273,6,5,7,1942,0,0,0,L,0,25T31,NORMANDIE AV,88TH ST,0,NA,Y,A,-,N,NA,NA,NA,NA,NA,NA,NA,NA,NA,N,2,0,1,3,A,-,10,21950,A,F,G,B,B,A,H,-,C,A,0,Y,NA,NA,NA,Y,NA,-,99,1,0,0,0,1,0,0,0,0,-,-,NA,NA,LOS ANGELES,LOS ANGELES,-118.30026245117188,33.9582405090332
9641179,2023,2023-11-28,1900,2023-06-13,915,658622,2820,2,5,5,1915,0,0,0,NA,0,282T1,ALAMEDA ST EAST,WEBER ST,15,N,N,A,-,N,NA,NA,NA,NA,NA,NA,NA,NA,NA,N,3,0,1,3,A,-,09,21802,A,N,D,C,A,A,H,-,A,D,0,NA,NA,NA,NA,Y,NA,D,22,0,1,0,0,0,0,0,0,0,-,-,33.9198112487793,-118.22366333007813,LOS ANGELES,COMPTON,-118.2236328125,33.91984939575195
9641183,2023,2023-11-28,1900,2023-06-13,1541,645885,2840,2,5,5,1915,0,0,0,NA,0,283T2,ALAMEDA ST EAST,MYRRH ST,230,N,N,A,-,N,NA,NA,NA,NA,NA,NA,NA,NA,NA,N,3,0,1,2,A,-,03,22350,NA,N,D,E,A,A,H,-,A,A,0,NA,NA,NA,NA,Y,NA,D,22,0,1,0,0,0,0,0,0,0,-,-,NA,NA,LOS ANGELES,COMPTON,-118.21941375732422,33.8929557800293
9641186,2023,2024-01-22,1941,2023-11-05,829,11834,WEST,7,5,7,1941,0,0,0,NA,0,011,CHERRY AV,E ANAHEIM ST,0,NA,N,A,-,N,NA,NA,NA,NA,NA,NA,NA,NA,NA,Y,4,0,1,4,A,-,-,NA,2,M,A,E,A,A,H,-,A,D,0,NA,NA,NA,NA,Y,NA,D,22,0,0,1,0,0,0,0,0,0,-,-,33.78440856933594,-118.16764831542967,LOS ANGELES,LONG BEACH,-118.16766357421876,33.78260803222656
9641192,2023,2023-12-07,1900,2023-10-16,1930,525754,0262,1,5,4,1917,0,0,0,NA,0,26T,ELIZABETH ST,WILCOX AV,500,W,N,A,-,N,NA,NA,NA,NA,NA,NA,NA,NA,NA,N,4,0,1,2,A,-,07,21658,A,N,B,E,A,A,H,-,C,D,0,NA,NA,NA,NA,Y,NA,A,08,0,0,1,0,0,0,0,0,0,-,-,33.96269989013672,-118.181396484375,LOS ANGELES,CUDAHY,-118.18057250976564,33.96260452270508
9641202,2023,2023-12-22,1941,2023-11-13,144,11562,EAST,1,5,7,1941,0,0,0,NA,0,014,EAST PACIFIC COAST HWY,TERMINO AV,0,NA,Y,A,-,N,NA,NA,NA,NA,NA,NA,NA,NA,NA,Y,3,0,2,2,A,-,01,23152,NA,N,C,C,A,A,H,-,C,A,0,NA,NA,NA,NA,Y,Y,A,01,0,1,1,0,0,0,0,0,0,-,-,33.78984832763672,-118.14588928222656,LOS ANGELES,LONG BEACH,-118.14591979980467,33.789852142333984
9641214,2023,2023-12-21,1902,2023-11-10,2125,831,214,5,5,5,1902,0,0,0,NA,0,NA,HUNTINGTON DR,SUNSET BL,66,W,N,A,-,N,NA,NA,NA,NA,NA,NA,NA,NA,NA,Y,4,0,1,1,A,-,08,22107,NA,N,E,I,A,A,H,-,C,A,0,NA,NA,NA,NA,Y,NA,A,01,0,0,1,0,0,0,0,0,0,-,-,NA,NA,LOS ANGELES,ARCADIA,-118.06536865234376,34.13106155395508
9641215,2023,2023-12-21,1941,2023-11-07,2307,11406,EAST,2,5,7,1941,0,0,0,NA,0,013,EAST 7TH ST,HAVANA AV,0,NA,Y,A,-,N,NA,NA,NA,NA,NA,NA,NA,NA,NA,N,4,0,1,2,A,-,03,22350,NA,F,C,C,A,A,H,-,C,A,0,NA,NA,NA,NA,Y,NA,-,99,0,0,1,0,0,0,0,0,0,-,-,33.775081634521484,-118.12190246582033,LOS ANGELES,LONG BEACH,-118.12635040283205,33.775352478027344
9641217,2023,2023-12-21,1900,2023-11-07,1730,636464,2925,2,5,5,1990,0,0,0,NA,0,292K4,DIAMOND BAR BL,KIOWA CREST DR,0,NA,Y,A,-,N,NA,NA,NA,NA,NA,NA,NA,NA,NA,Y,3,0,2,2,A,-,09,21801,A,N,A,C,A,A,H,-,C,A,0,NA,NA,NA,NA,Y,NA,A,01,0,2,0,0,0,0,0,0,0,-,-,33.9869384765625,-117.82456207275392,LOS ANGELES,DIAMOND BAR,-117.82453155517578,33.986907958984375
9641218,2023,2023-12-21,1900,2023-11-04,1620,637369,2920,6,5,5,1990,0,0,0,NA,0,292T1,DIAMOND BAR BL,PALOMINO DR,45,S,N,A,-,N,NA,NA,NA,NA,NA,NA,NA,NA,NA,N,3,0,1,2,A,-,08,22107,NA,N,D,G,A,A,H,-,A,D,0,NA,Y,NA,NA,Y,NA,A,07,0,1,0,0,0,0,1,0,0,-,-,34.02204895019531,-117.8108367919922,LOS ANGELES,DIAMOND BAR,-117.81070709228516,34.02196502685547
9641234,2023,2023-11-27,1941,2023-10-08,2301,11554,SOUTH,7,5,7,1941,0,0,0,NA,0,008,OLIVE AV,EAST 7TH ST,0,NA,Y,A,-,N,NA,NA,NA,NA,NA,NA,NA,NA,NA,N,3,0,1,2,D,-,00,NA,NA,F,G,B,B,A,H,-,C,A,0,Y,NA,NA,NA,Y,NA,-,-,0,1,0,0,1,0,0,0,0,-,-,33.77534866333008,-118.18240356445313,LOS ANGELES,LONG BEACH,-118.18240356445313,33.77534484863281
9641237,2023,2023-12-07,1942,2023-04-26,900,43057,0857,3,5,7,1942,0,0,0,H,0,8A29,BEVERLY DR,PICO BL,25,N,N,A,-,N,NA,NA,NA,NA,NA,NA,NA,NA,NA,N,3,0,1,2,A,-,11,21954,A,F,G,B,E,A,-,-,A,A,0,Y,NA,NA,NA,Y,NA,N,60,0,1,0,0,1,0,0,0,0,-,-,NA,NA,LOS ANGELES,LOS ANGELES,-118.39547729492188,34.05533218383789
9641238,2023,2023-12-12,1941,2023-02-19,2105,11531,WEST,7,5,7,1941,0,0,0,NA,0,005,E 14TH ST,E ANANHEIM ST,0,NA,N,A,-,N,NA,NA,NA,NA,NA,NA,NA,NA,NA,Y,3,0,1,2,A,-,09,21802,NA,F,D,D,A,A,H,-,C,D,0,NA,NA,Y,NA,Y,NA,-,NA,0,1,0,0,0,0,0,0,1,-,-,33.783790588378906,-118.18502807617188,LOS ANGELES,LONG BEACH,-118.13665008544922,33.78441619873047
9641239,2023,2023-12-12,1942,2023-04-09,1102,45101,0892,7,5,7,1942,0,0,0,H,0,8A35,COOLIDGE AV,GATEWAY BL,2,E,N,A,-,N,NA,NA,NA,NA,NA,NA,NA,NA,NA,N,3,0,1,2,A,-,12,22450,NA,F,D,G,A,A,H,-,A,A,0,NA,Y,NA,NA,Y,NA,-,NA,0,1,0,0,0,0,1,0,0,-,-,NA,NA,LOS ANGELES,LOS ANGELES,-118.44237518310548,34.03175735473633
9641240,2023,2023-12-12,1942,2023-05-22,350,43716,0677,1,5,7,1942,0,0,0,F,0,6A63,MELBA AV,WILTON PL,0,NA,Y,A,-,N,NA,NA,NA,NA,NA,NA,NA,NA,NA,Y,3,0,1,2,A,-,12,21453,A,F,D,C,A,A,H,-,C,A,0,NA,NA,NA,NA,Y,NA,A,07,0,1,0,0,0,0,0,0,0,-,-,NA,NA,LOS ANGELES,LOS ANGELES,NA,NA
9641241,2023,2023-12-12,1942,2023-05-16,1930,33757,0657,2,5,7,1942,0,0,0,F,0,27TL31,SANTA MONICA BL,VAN NESS AV,0,NA,Y,A,-,N,NA,NA,NA,NA,NA,NA,NA,NA,NA,N,3,0,1,2,A,-,12,21453,A,F,D,C,A,A,H,-,A,A,0,NA,NA,Y,NA,Y,NA,-,99,0,1,0,0,0,0,0,0,1,-,-,NA,NA,LOS ANGELES,LOS ANGELES,-118.31575012207033,34.09074020385742
9641242,2023,2023-12-12,1942,2023-05-13,1120,42618,0626,6,5,7,1942,0,0,0,F,0,27TL44,CAHUENGA BL,DIX ST,0,NA,Y,A,-,N,NA,NA,NA,NA,NA,NA,NA,NA,NA,N,3,0,2,2,A,-,12,22450,A,F,D,C,A,A,H,-,A,A,0,NA,NA,NA,NA,Y,NA,-,99,0,1,1,0,0,0,0,0,0,-,-,NA,NA,LOS ANGELES,LOS ANGELES,-118.33065795898438,34.10578918457031
9641243,2023,2023-12-12,1900,2023-06-13,1538,645885,2840,2,5,5,1915,0,0,0,NA,0,283T2,ALAMEDA ST E,MYRRH ST,0,NA,Y,A,-,N,NA,NA,NA,NA,NA,NA,NA,NA,NA,N,3,0,1,2,A,-,12,21453,A,F,D,C,A,A,H,-,A,A,0,NA,NA,NA,NA,Y,NA,A,01,0,1,0,0,0,0,0,0,0,-,-,33.89229965209961,-118.21926879882813,LOS ANGELES,COMPTON,-118.21932220458984,33.89232635498047
9641244,2023,2023-12-12,1942,2023-05-19,1017,42665,0638,5,5,7,1942,0,0,0,F,0,27TL21,GOWER ST,FRANKLIN AV,0,NA,Y,A,-,N,NA,NA,NA,NA,NA,NA,NA,NA,NA,N,3,0,1,2,A,-,10,21950,A,F,G,B,B,A,H,-,A,A,0,Y,NA,NA,NA,Y,NA,-,99,0,1,0,0,1,0,0,0,0,-,-,NA,NA,LOS ANGELES,LOS ANGELES,-118.32244110107422,34.105247497558594
9641246,2023,2023-12-12,1941,2023-06-12,1657,11834,SOUTH,1,5,7,1941,0,0,0,NA,0,007,WASHINGTON PL,10TH ST,0,NA,N,A,-,N,NA,NA,NA,NA,NA,NA,NA,NA,NA,N,4,0,1,4,D,-,00,NA,NA,M,C,C,A,A,H,-,A,D,0,NA,NA,NA,NA,Y,NA,-,-,0,0,1,0,0,0,0,0,0,-,-,33.778968811035156,-118.18131256103516,LOS ANGELES,LONG BEACH,-118.18130493164064,33.77898025512695
9641274,2023,2023-12-08,1900,2023-08-03,1815,663360,2825,4,5,5,1915,0,0,0,NA,0,283T2,LONG BEACH BL,GOLDEN ST,8,N,N,A,-,N,NA,NA,NA,NA,NA,NA,NA,NA,NA,N,4,0,1,2,A,-,10,21950,A,N,A,B,B,A,H,-,A,A,0,Y,NA,NA,NA,Y,NA,A,01,0,0,1,0,1,0,0,0,0,-,-,33.907989501953125,-118.20867156982422,LOS ANGELES,COMPTON,-118.2087631225586,33.90793228149414
9641277,2023,2023-12-06,1926,2023-11-09,1438,0191,3,4,5,5,1926,0,0,0,NA,0,NA,RT 66,COMPROMISE LINE RD,0,NA,Y,A,-,N,NA,NA,NA,NA,NA,NA,NA,NA,NA,Y,3,0,2,2,A,-,03,22350,NA,N,D,C,A,A,H,-,A,A,0,NA,NA,NA,NA,Y,NA,-,-,0,2,0,0,0,0,0,0,0,-,-,34.12907028198242,-117.83309936523438,LOS ANGELES,GLENDORA,-117.8331298828125,34.12907028198242
9641278,2023,2023-11-27,1900,2023-11-11,1200,628021,0816,6,5,4,1960,0,0,0,NA,0,81T2,DANECROFT AV,BENWOOD ST,19,S,N,A,-,N,NA,NA,NA,NA,NA,NA,NA,NA,NA,N,3,0,1,2,A,-,08,22107,NA,N,C,E,A,A,H,-,A,D,0,NA,Y,NA,NA,Y,NA,L,04,0,1,0,0,0,0,1,0,0,-,-,34.09711837768555,-117.82624816894533,LOS ANGELES,SAN DIMAS,-117.82630157470705,34.097206115722656
9641280,2023,2023-11-27,1926,2023-11-06,1714,0184,NA,1,5,5,1926,0,0,0,NA,0,002,W GLADSTONE ST,GRAND AV,330,E,N,A,-,N,NA,NA,NA,NA,NA,NA,NA,NA,NA,Y,4,0,1,2,A,-,08,22107,NA,N,C,E,A,A,H,-,C,D,0,NA,NA,NA,NA,Y,NA,A,07,0,0,1,0,0,0,0,0,0,-,-,34.113929748535156,-117.87270355224608,LOS ANGELES,GLENDORA,-117.8716049194336,34.11396026611328
9641283,2023,2024-01-25,1900,2023-09-26,1451,529151,1510,2,5,5,1954,0,0,0,NA,0,151T2,ROSEMEAD BL,ARMA ST,125,S,N,A,-,N,NA,NA,NA,NA,NA,NA,NA,NA,NA,N,3,0,3,2,A,-,03,22350,NA,N,C,C,A,A,H,-,A,A,0,NA,NA,NA,NA,Y,NA,D,22,0,2,1,0,0,0,0,0,0,-,-,34.00870132446289,-118.0186004638672,LOS ANGELES,PICO RIVERA,-118.08139801025392,34.00872802734375
9641284,2023,2024-01-20,1900,2023-11-12,1700,657379,1337,7,5,5,1908,0,0,0,NA,0,133T1,ALONDRA BL,WOODRUFF AV,75,W,N,A,-,N,NA,NA,NA,NA,NA,NA,NA,NA,NA,N,4,0,1,2,A,-,08,22102,NA,N,D,C,A,A,H,-,A,A,0,NA,NA,NA,NA,Y,NA,D,22,0,0,1,0,0,0,0,0,0,-,-,33.88943862915039,-118.1186294555664,LOS ANGELES,BELLFLOWER,-118.11763763427734,33.88935852050781
9641288,2023,2024-01-20,1900,2023-11-11,200,616065,1324,6,5,5,1935,0,0,0,NA,0,1328E,PALO VERDE AV,DEL AMO BL,696,S,N,A,-,N,NA,NA,NA,NA,NA,NA,NA,NA,NA,Y,3,0,1,2,A,-,08,22107,NA,N,C,E,A,A,H,-,C,D,0,NA,NA,NA,NA,Y,NA,A,01,0,1,0,0,0,0,0,0,0,-,-,NA,NA,LOS ANGELES,LAKEWOOD,-118.10770416259766,33.84503173828125
9641289,2023,2023-12-15,1900,2023-10-07,830,476477,0617,6,5,6,1985,0,0,0,NA,0,61T1D,GOLDEN VALLEY RD,CENTRE POINTE PKWY,0,S,N,A,-,N,NA,NA,NA,NA,NA,NA,NA,NA,NA,Y,3,0,2,2,A,-,03,22350,NA,N,A,C,A,A,H,-,A,D,0,NA,NA,NA,NA,Y,NA,D,22,0,2,0,0,0,0,0,0,0,-,-,34.40530014038086,-118.50309753417967,LOS ANGELES,SANTA CLARITA,-118.50228118896484,34.412696838378906
9641290,2023,2024-01-13,1973,2023-07-11,752,634,1973,2,5,1,1973,0,0,0,NA,0,002,S SOTO ST,FRUITLAND AV,171,N,-,A,-,N,NA,NA,NA,NA,NA,NA,NA,NA,NA,Y,4,0,1,2,A,-,08,22107,NA,N,B,C,A,A,H,-,A,A,0,NA,NA,NA,Y,Y,NA,A,01,0,0,1,0,0,0,0,0,0,-,-,NA,NA,LOS ANGELES,VERNON,-118.21951293945313,33.99687957763672
9641293,2023,2023-12-18,1900,2023-10-09,2100,641006,2260,1,5,2,1993,0,0,0,NA,0,226A,LINDERO CANYON RD,FOXFIELD DR,1,E,N,A,-,N,NA,NA,NA,NA,NA,NA,NA,NA,NA,Y,3,0,1,5,A,-,03,22350,NA,N,C,E,A,A,H,-,C,D,0,NA,NA,NA,NA,Y,Y,A,01,0,1,0,0,0,0,0,0,0,-,-,34.13893127441406,-118.82125091552734,LOS ANGELES,WESTLAKE VILLAGE,-118.81975555419922,34.13938903808594
9641294,2023,2023-12-04,1973,2023-07-11,839,660,1973,2,5,1,1973,0,0,0,NA,0,003,SOUTH ATLANTIC BL,DISTRICT BL,30,S,N,A,-,N,NA,NA,NA,NA,NA,NA,NA,NA,NA,N,3,0,2,2,A,-,03,22350,NA,N,C,C,A,A,H,-,A,A,0,NA,NA,NA,NA,Y,NA,D,22,0,2,0,0,0,0,0,0,0,-,-,NA,NA,LOS ANGELES,VERNON,-118.18296813964844,33.99361038208008
9641296,2023,2023-12-30,1900,2023-06-06,1233,625912,1349,2,5,3,1903,0,0,0,NA,0,134A,GRIDLEY RD,186TH ST,0,NA,Y,A,-,N,NA,NA,NA,NA,NA,NA,NA,NA,NA,N,4,0,1,2,A,-,21,22106,A,N,C,C,A,A,H,-,A,D,0,NA,NA,Y,NA,Y,NA,D,22,0,0,1,0,0,0,0,0,1,-,-,NA,NA,LOS ANGELES,ARTESIA,-118.09085083007813,33.863101959228516
9641297,2023,2023-12-07,1900,2023-10-15,810,649313,2242,7,5,3,1989,0,0,0,NA,0,224A,LOST HILLS RD,COLD SPRINGS RD,0,NA,Y,-,-,N,NA,NA,NA,NA,NA,NA,NA,NA,NA,Y,2,0,2,2,A,-,12,22450,NA,N,D,C,A,A,H,-,A,D,0,NA,NA,NA,NA,Y,NA,A,07,1,1,0,0,0,0,0,0,0,-,-,34.133880615234375,-118.70735931396484,LOS ANGELES,CALABASAS,-118.70726013183594,34.13382339477539
9641298,2023,2023-12-04,1973,2023-07-13,158,619,1973,4,5,1,1973,0,0,0,NA,0,001,S ALAMEDA ST,E 25TH ST,25,S,N,A,-,N,NA,NA,NA,NA,NA,NA,NA,NA,NA,N,3,0,1,2,A,-,08,22107,NA,N,B,C,A,A,H,-,C,A,0,NA,NA,NA,Y,Y,NA,G,25,0,1,0,0,0,0,0,0,0,-,-,NA,NA,LOS ANGELES,VERNON,-118.23967742919922,34.014678955078125
9641300,2023,2023-12-08,1900,2023-10-01,29,657379,1335,7,5,5,1908,0,0,0,NA,0,133T1,CLARK AVE,ROSE ST,60,N,N,A,-,N,NA,NA,NA,NA,NA,NA,NA,NA,NA,Y,4,0,1,6,A,-,07,21658,A,M,D,E,A,A,H,-,C,D,0,NA,NA,NA,NA,Y,NA,-,99,0,0,1,0,0,0,0,0,0,-,-,33.87015914916992,-118.13359832763672,LOS ANGELES,BELLFLOWER,-118.13387298583984,33.86976623535156
9641306,2023,2023-12-05,1973,2023-08-12,815,655,1973,6,5,1,1973,0,0,0,NA,0,001,PACIFIC BL,S SANTA FE AV,23,W,N,A,-,N,NA,NA,NA,NA,NA,NA,NA,NA,NA,Y,3,0,1,3,A,-,12,21453,A,F,D,C,A,A,H,-,A,A,0,NA,NA,NA,NA,Y,NA,A,08,0,1,0,0,0,0,0,0,0,-,-,NA,NA,LOS ANGELES,VERNON,-118.23023223876952,34.00394821166992
9641318,2023,2023-12-04,1973,2023-08-02,1105,613,1973,3,5,1,1973,0,0,0,NA,0,002,BANDINI BL,S SOTO ST,51,E,N,A,-,N,NA,NA,NA,NA,NA,NA,NA,NA,NA,N,3,0,1,2,A,-,03,22350,NA,N,C,C,A,A,H,-,A,A,0,NA,NA,NA,Y,Y,NA,G,25,0,1,0,0,0,0,0,0,0,-,-,NA,NA,LOS ANGELES,VERNON,NA,NA
9641326,2023,2023-12-12,1973,2023-08-18,1037,613,1973,5,5,1,1973,0,0,0,NA,0,002,S SOTO ST,E 46TH ST,0,NA,Y,A,-,N,NA,NA,NA,NA,NA,NA,NA,NA,NA,Y,4,0,1,3,A,-,09,21802,NA,N,D,C,A,A,H,-,A,D,0,NA,NA,NA,NA,Y,NA,A,01,0,0,1,0,0,0,0,0,0,-,-,NA,NA,LOS ANGELES,VERNON,-118.21965026855467,34.00185775756836
9641334,2023,2023-12-18,1973,2023-08-10,126,619,NA,4,5,1,1973,0,0,0,NA,0,003,EVERETT AV,DISTRICT BL,101,N,N,B,-,N,NA,NA,NA,NA,NA,NA,NA,NA,NA,Y,4,0,1,2,A,-,01,23152,F,N,C,E,A,A,H,-,C,D,0,NA,NA,NA,Y,Y,NA,A,01,0,0,1,0,0,0,0,0,0,-,-,NA,NA,LOS ANGELES,VERNON,-118.200439453125,33.99998092651367