CASE_ID,ACCIDENT_YEAR,PROC_DATE,JURIS,COLLISION_DATE,COLLISION_TIME,OFFICER_ID,REPORTING_DISTRICT,DAY_OF_WEEK,CHP_SHIFT,POPULATION,CNTY_CITY_LOC,SPECIAL_COND,BEAT_TYPE,CHP_BEAT_TYPE,CITY_DIVISION_LAPD,CHP_BEAT_CLASS,BEAT_NUMBER,PRIMARY_RD,SECONDARY_RD,DISTANCE,DIRECTION,INTERSECTION,WEATHER_1,WEATHER_2,STATE_HWY_IND,CALTRANS_COUNTY,CALTRANS_DISTRICT,STATE_ROUTE,ROUTE_SUFFIX,POSTMILE_PREFIX,POSTMILE,LOCATION_TYPE,RAMP_INTERSECTION,SIDE_OF_HWY,TOW_AWAY,COLLISION_SEVERITY,NUMBER_KILLED,NUMBER_INJURED,PARTY_COUNT,PRIMARY_COLL_FACTOR,PCF_CODE_OF_VIOL,PCF_VIOL_CATEGORY,PCF_VIOLATION,PCF_VIOL_SUBSECTION,HIT_AND_RUN,TYPE_OF_COLLISION,MVIW,PED_ACTION,ROAD_SURFACE,ROAD_COND_1,ROAD_COND_2,LIGHTING,CONTROL_DEVICE,CHP_ROAD_TYPE,PEDESTRIAN_ACCIDENT,BICYCLE_ACCIDENT,MOTORCYCLE_ACCIDENT,TRUCK_ACCIDENT,NOT_PRIVATE_PROPERTY,ALCOHOL_INVOLVED,STWD_VEHTYPE_AT_FAULT,CHP_VEHTYPE_AT_FAULT,COUNT_SEVERE_INJ,COUNT_VISIBLE_INJ,COUNT_COMPLAINT_PAIN,COUNT_PED_KILLED,COUNT_PED_INJURED,COUNT_BICYCLIST_KILLED,COUNT_BICYCLIST_INJURED,COUNT_MC_KILLED,COUNT_MC_INJURED,PRIMARY_RAMP,SECONDARY_RAMP,LATITUDE,LONGITUDE,COUNTY,CITY,POINT_X,POINT_Y
9643310,2023,2023-12-07,1900,2023-10-25,52,642808,2832,3,5,5,1915,0,0,0,NA,0,281E,ALONDRA BL,WILMINGTON AV,0,NA,Y,A,-,N,NA,NA,NA,NA,NA,NA,NA,NA,NA,N,4,0,1,2,A,-,12,21453,A,N,A,C,A,A,H,-,C,A,0,NA,NA,NA,NA,Y,NA,A,01,0,0,1,0,0,0,0,0,0,-,-,33.88856887817383,-118.23719787597656,LOS ANGELES,COMPTON,-118.23709869384766,33.88844680786133
9643311,2023,2023-12-07,1900,2023-10-18,245,645885,2847,3,5,5,1915,0,0,0,NA,0,282EE,ATLANTIC AV,ATLANTIC DR,660,S,N,E,-,N,NA,NA,NA,NA,NA,NA,NA,NA,NA,N,2,0,3,2,A,-,07,21658,NA,N,A,C,A,A,H,-,C,D,0,NA,NA,NA,NA,Y,NA,A,01,2,1,0,0,0,0,0,0,0,-,-,NA,NA,LOS ANGELES,COMPTON,-118.19161224365234,33.88562774658203
9643312,2023,2023-12-07,1900,2023-10-01,2100,663360,2825,7,5,5,1915,0,0,0,NA,0,283T2,ROSECRANS AV,MURIEL AV,142,E,N,A,-,N,NA,NA,NA,NA,NA,NA,NA,NA,NA,N,3,0,1,3,A,-,03,22350,NA,F,D,C,A,A,H,-,C,D,0,NA,NA,NA,NA,Y,NA,-,99,0,1,0,0,0,0,0,0,0,-,-,33.90346908569336,-118.20187377929688,LOS ANGELES,COMPTON,-118.20169067382813,33.90357208251953
9643313,2023,2023-12-07,1900,2023-10-05,625,647211,2813,4,5,5,1915,0,0,0,NA,0,282T1,WILMINGTON AV,STOCKWELL ST,0,NA,Y,A,-,N,NA,NA,NA,NA,NA,NA,NA,NA,NA,N,4,0,1,3,A,-,17,21200,A,N,D,G,A,A,H,-,A,D,0,NA,Y,NA,NA,Y,NA,L,04,0,0,1,0,0,0,1,0,0,-,-,33.90916061401367,-118.23902893066406,LOS ANGELES,COMPTON,-118.23915863037108,33.90903854370117
9643315,2023,2023-12-07,1942,2023-10-22,1530,38233,1838,7,5,7,1942,0,0,0,R,0,25MQ53,S WILMINGTON AV,105TH ST,30,N,N,A,-,N,NA,NA,NA,NA,NA,NA,NA,NA,NA,N,4,0,1,2,A,-,21,22106,NA,F,B,C,A,A,H,-,A,D,0,NA,NA,NA,NA,Y,Y,-,99,0,0,1,0,0,0,0,0,0,-,-,NA,NA,LOS ANGELES,LOS ANGELES,-118.23902893066406,33.94070053100586
9643316,2023,2023-12-07,1942,2023-10-21,2215,42720,1801,6,5,7,1942,0,0,0,R,0,25T35W,MANCHESTER AV,MENLO AV,15,E,N,A,-,N,NA,NA,NA,NA,NA,NA,NA,NA,NA,Y,3,0,1,2,A,-,09,21801,A,F,D,C,A,A,H,-,C,D,0,NA,NA,Y,NA,Y,NA,-,99,0,1,0,0,0,0,0,0,1,-,-,NA,NA,LOS ANGELES,LOS ANGELES,-118.29038238525392,33.96002960205078
9643317,2023,2023-12-11,1942,2023-10-07,2150,41680,1821,6,5,7,1942,0,0,0,R,0,18A34,FIGUEROA ST,103RD ST,0,NA,Y,A,-,N,NA,NA,NA,NA,NA,NA,NA,NA,NA,Y,4,0,1,2,A,-,05,21650,NA,F,A,C,A,A,H,-,C,A,0,NA,NA,NA,NA,Y,Y,A,01,0,0,1,0,0,0,0,0,0,-,-,NA,NA,LOS ANGELES,LOS ANGELES,-118.28263092041016,33.94279861450195
9643318,2023,2023-12-07,1942,2023-10-13,1640,45377,1802,5,5,7,1942,0,0,0,R,0,18A49,MANCHESTER AV,BROADWAY,0,NA,Y,A,-,N,NA,NA,NA,NA,NA,NA,NA,NA,NA,Y,3,0,2,2,A,-,09,21801,A,F,D,C,A,A,H,-,A,A,0,NA,NA,NA,NA,Y,NA,A,01,0,1,1,0,0,0,0,0,0,-,-,NA,NA,LOS ANGELES,LOS ANGELES,-118.27828216552734,33.960079193115234
9643319,2023,2023-12-07,1942,2023-10-13,650,40440,0376,5,5,7,1942,0,0,0,C,0,25T21,NORMANDIE AV,39TH ST,50,S,N,A,-,N,NA,NA,NA,NA,NA,NA,NA,NA,NA,N,3,0,1,2,A,-,03,22350,NA,F,B,C,A,A,H,-,A,D,0,NA,NA,Y,NA,Y,NA,-,99,0,1,0,0,0,0,0,0,1,-,-,NA,NA,LOS ANGELES,LOS ANGELES,-118.3001708984375,34.015384674072266
9643320,2023,2023-12-07,1942,2023-10-16,1245,41683,0399,1,5,7,1942,0,0,0,C,0,25MQ54,FIGUEROA ST,41ST PL,20,N,N,A,-,N,NA,NA,NA,NA,NA,NA,NA,NA,NA,N,4,0,1,2,A,-,05,21650,1,F,A,G,A,A,H,-,A,D,0,NA,Y,NA,NA,Y,NA,L,04,0,0,1,0,0,0,1,0,0,-,-,NA,NA,LOS ANGELES,LOS ANGELES,-118.2827377319336,34.00787353515625
9643322,2023,2023-12-07,1942,2023-10-20,51,44310,0318,5,5,7,1942,0,0,0,C,0,3A15,VERMONT AV,24TH ST,11,S,N,A,-,N,NA,NA,NA,NA,NA,NA,NA,NA,NA,Y,4,0,5,2,A,-,03,22350,NA,F,C,C,A,A,H,-,C,A,0,NA,NA,NA,NA,Y,NA,A,01,0,0,5,0,0,0,0,0,0,-,-,NA,NA,LOS ANGELES,LOS ANGELES,-118.2915496826172,34.034358978271484
9643323,2023,2023-12-07,1942,2023-10-01,803,38598,1829,7,5,7,1942,0,0,0,R,0,25T27,ALAMEDA ST,103RD ST,0,NA,Y,B,-,N,NA,NA,NA,NA,NA,NA,NA,NA,NA,Y,2,0,2,2,A,-,03,22350,NA,F,A,C,A,A,H,-,A,A,0,NA,NA,NA,NA,Y,NA,A,01,1,0,1,0,0,0,0,0,0,-,-,NA,NA,LOS ANGELES,LOS ANGELES,-118.22786712646484,33.943084716796875
9643324,2023,2023-12-07,1942,2023-10-11,700,37146,1821,3,5,7,1942,0,0,0,R,0,25TL27,FIGUEROA ST,GOLDEN AV,70,N,N,A,-,N,NA,NA,NA,NA,NA,NA,NA,NA,NA,Y,3,0,2,3,A,-,07,21658,A,F,B,C,A,A,H,-,A,A,0,NA,NA,NA,NA,Y,NA,A,07,0,2,0,0,0,0,0,0,0,-,-,NA,NA,LOS ANGELES,LOS ANGELES,-118.28270721435548,33.9493522644043
9643325,2023,2023-12-06,1942,2023-10-14,1130,40440,1826,6,5,7,1942,0,0,0,R,0,25TL23,GRANDEE AV,103RD ST,0,NA,N,A,-,N,NA,NA,NA,NA,NA,NA,NA,NA,NA,NA,3,0,1,2,A,-,11,21456,B,N,G,B,B,A,H,-,A,A,0,Y,NA,NA,NA,Y,NA,N,60,0,1,0,0,1,0,0,0,0,-,-,NA,NA,LOS ANGELES,LOS ANGELES,-118.24346160888672,33.94321060180664
9643326,2023,2023-12-06,1942,2023-10-18,1020,40440,1827,3,5,7,1942,0,0,0,R,0,25T23,103RD ST,GRAPE ST,5,E,N,A,-,N,NA,NA,NA,NA,NA,NA,NA,NA,NA,N,3,0,1,2,A,-,10,21950,A,F,G,B,B,A,H,-,A,D,0,Y,NA,NA,NA,Y,Y,-,99,0,1,0,0,1,0,0,0,0,-,-,NA,NA,LOS ANGELES,LOS ANGELES,-118.23690032958984,33.94313049316406
9643327,2023,2023-12-06,1942,2023-10-03,830,40726,1891,2,5,7,1942,0,0,0,R,0,25MX83,AINSWORTH ST,GARDENA BL,4,S,N,A,-,N,NA,NA,NA,NA,NA,NA,NA,NA,NA,N,3,0,1,2,A,-,05,21650,NA,F,D,G,A,A,H,-,A,A,0,NA,Y,NA,NA,Y,NA,-,99,0,1,0,0,0,0,1,0,0,-,-,NA,NA,LOS ANGELES,LOS ANGELES,-118.29022979736328,33.88161087036133
9643328,2023,2023-12-06,1900,2023-10-14,1039,643959,1362,6,5,5,1952,0,0,0,NA,0,136B,GARDENDALE ST,MERKEL AV,10,E,N,A,-,N,NA,NA,NA,NA,NA,NA,NA,NA,NA,Y,3,0,1,5,A,-,01,23152,A,N,B,E,A,A,H,-,A,D,0,NA,NA,NA,NA,Y,Y,A,07,0,1,0,0,0,0,0,0,0,-,-,NA,NA,LOS ANGELES,PARAMOUNT,-118.15277099609376,33.91538619995117
9643329,2023,2023-12-06,1900,2023-10-10,2001,658546,1334,2,5,5,1908,0,0,0,NA,0,133T2,ALONDRA BL,CLARK AV,0,NA,Y,A,-,N,NA,NA,NA,NA,NA,NA,NA,NA,NA,N,4,0,1,2,A,-,08,22107,NA,N,C,C,A,A,H,-,B,A,0,NA,NA,Y,NA,Y,NA,A,01,0,0,1,0,0,0,0,0,1,-,-,33.88936996459961,-118.13385772705078,LOS ANGELES,BELLFLOWER,-118.13397979736328,33.88930130004883
9643330,2023,2023-12-06,1900,2023-10-29,1500,638935,1328,7,5,5,1935,0,0,0,NA,0,132A,CENTRALIA ST,ELAINE AV,0,NA,Y,A,-,N,NA,NA,NA,NA,NA,NA,NA,NA,NA,N,3,0,1,2,A,-,12,22450,A,N,D,C,A,A,H,-,A,D,0,NA,NA,NA,NA,Y,NA,A,01,0,1,0,0,0,0,0,0,0,-,-,NA,NA,LOS ANGELES,LAKEWOOD,-118.076416015625,33.83872985839844
9643331,2023,2023-12-06,1900,2023-10-27,2230,656309,1334,5,5,5,1908,0,0,0,NA,0,133E,BELLFLOWER BL,ALONDRA BL,5,S,N,A,-,N,NA,NA,NA,NA,NA,NA,NA,NA,NA,Y,4,0,1,2,A,-,03,22350,NA,M,D,C,A,A,H,-,C,A,0,NA,NA,NA,NA,Y,NA,A,01,0,0,1,0,0,0,0,0,0,-,-,NA,NA,LOS ANGELES,BELLFLOWER,-118.12529754638672,33.88933563232422
9643354,2023,2023-12-27,1946,2023-09-02,1147,P8,1946,6,5,4,1946,0,0,0,NA,0,002,PRIMROSE,COLORADO,0,NA,Y,B,-,N,NA,NA,NA,NA,NA,NA,NA,NA,NA,Y,4,0,1,2,A,-,12,22450,A,N,D,C,A,B,H,-,A,D,0,NA,NA,NA,NA,Y,NA,A,01,0,0,1,0,0,0,0,0,0,-,-,NA,NA,LOS ANGELES,MONROVIA,-118.00310516357422,34.1458740234375
9643355,2023,2023-12-27,1946,2023-09-06,1755,P58,PASAD,3,5,4,1946,0,0,0,NA,0,001,N SHAMROCK AV,E FOOTHILL,21,S,N,A,-,N,NA,NA,NA,NA,NA,NA,NA,NA,NA,Y,3,0,1,2,A,-,09,21800,A,N,A,C,A,A,H,-,A,A,0,NA,NA,NA,NA,Y,NA,A,01,0,1,0,0,0,0,0,0,0,-,-,NA,NA,LOS ANGELES,MONROVIA,-117.9906768798828,34.1514892578125
9643356,2023,2023-11-21,1946,2023-09-07,556,P48,1946,4,5,4,1946,0,0,0,NA,0,002,DUARTE,ALTA VISTA,0,NA,Y,A,-,N,NA,NA,NA,NA,NA,NA,NA,NA,NA,N,4,0,1,2,A,-,10,21950,A,N,E,J,B,A,H,-,C,D,0,Y,NA,NA,NA,Y,NA,A,01,0,0,1,0,1,0,0,0,0,-,-,NA,NA,LOS ANGELES,MONROVIA,-118.00788879394533,34.1322021484375
9643357,2023,2023-12-27,1946,2023-09-15,1844,P2,1946,5,5,4,1946,0,0,0,NA,0,003,HUNTINGTON DR,CALIFORNIA,0,NA,Y,A,-,N,NA,NA,NA,NA,NA,NA,NA,NA,NA,Y,3,0,1,2,A,-,12,21453,A,N,-,C,A,A,H,-,A,A,0,NA,NA,NA,NA,Y,NA,D,22,0,1,0,0,0,0,0,0,0,-,-,NA,NA,LOS ANGELES,MONROVIA,-117.99501037597656,34.140445709228516
9643358,2023,2023-11-21,1946,2023-09-21,1311,P35,PASAD,4,5,4,1946,0,0,0,NA,0,003,MOUTAIN,EVERGREEN,20,S,N,A,-,N,NA,NA,NA,NA,NA,NA,NA,NA,NA,Y,3,0,4,4,A,-,12,21453,A,N,D,C,A,A,H,-,A,A,0,NA,NA,NA,NA,Y,NA,A,01,0,1,3,0,0,0,0,0,0,-,-,NA,NA,LOS ANGELES,MONROVIA,-117.986328125,34.13497543334961
9643359,2023,2023-11-21,1946,2023-09-27,1253,P58,1946,3,5,4,1946,0,0,0,NA,0,002,W EVERGREEN,S MAGNOLIA,0,NA,Y,A,-,N,NA,NA,NA,NA,NA,NA,NA,NA,NA,Y,4,0,1,2,A,-,12,22450,A,N,B,C,A,A,H,-,A,D,0,NA,NA,NA,NA,Y,NA,A,01,0,0,1,0,0,0,0,0,0,-,-,NA,NA,LOS ANGELES,MONROVIA,-118.00511169433594,34.13492202758789
9643428,2023,2023-11-29,1942,2023-10-19,2305,44393,0313,4,5,7,1942,0,0,0,C,0,3A15,ADAMS BL,EDGEHILL DR,15,E,N,A,-,N,NA,NA,NA,NA,NA,NA,NA,NA,NA,N,4,0,1,2,A,-,03,22350,NA,N,B,C,A,A,H,-,C,D,0,NA,NA,NA,NA,Y,NA,A,01,0,0,1,0,0,0,0,0,0,-,-,NA,NA,LOS ANGELES,LOS ANGELES,-118.328369140625,34.03261184692383
9643474,2023,2023-12-04,1942,2023-09-30,1410,37634,1802,6,5,7,1942,0,0,0,R,0,NA,MANCHESTER AV,FIGUEROA ST,60,E,N,B,-,N,NA,NA,NA,NA,NA,NA,NA,NA,NA,N,3,0,2,2,A,-,07,21658,A,F,B,C,A,A,H,-,A,A,0,NA,NA,NA,NA,Y,NA,-,NA,0,2,0,0,0,0,0,0,0,-,-,NA,NA,LOS ANGELES,LOS ANGELES,-118.28253173828124,33.96006774902344
9643484,2023,2024-01-11,1900,2023-11-10,351,613235,1321,5,5,5,1935,0,0,0,NA,0,132A,SOUTH ST,WOODRUFF AV,371,W,N,A,-,N,NA,NA,NA,NA,NA,NA,NA,NA,NA,Y,2,0,1,4,A,-,07,21658,A,N,B,E,A,A,H,-,C,D,0,NA,NA,NA,NA,Y,NA,A,01,1,0,0,0,0,0,0,0,0,-,-,33.8585090637207,-118.11843872070313,LOS ANGELES,LAKEWOOD,-118.11826324462892,33.85847091674805
9643485,2023,2024-01-11,1900,2023-11-10,1105,648315,1322,5,5,5,1935,0,0,0,NA,0,132T1,WOODRUFF AV,ALLINGTON ST,0,NA,Y,A,-,N,NA,NA,NA,NA,NA,NA,NA,NA,NA,Y,3,0,3,2,A,-,09,21801,A,N,A,C,A,A,H,-,A,A,0,NA,NA,NA,NA,Y,NA,A,01,0,3,0,0,0,0,0,0,0,-,-,NA,NA,LOS ANGELES,LAKEWOOD,-118.1171875,33.86555099487305
9643486,2023,2024-01-11,1900,2023-11-03,1915,643411,1361,5,5,5,1952,0,0,0,NA,0,136,GARFIELD AV,SOMERSET RANCH RD NORTH,0,NA,Y,A,-,N,NA,NA,NA,NA,NA,NA,NA,NA,NA,N,4,0,1,2,A,-,12,21453,A,N,D,C,A,A,H,-,A,A,0,NA,NA,NA,NA,Y,NA,D,22,0,0,1,0,0,0,0,0,0,-,-,NA,NA,LOS ANGELES,PARAMOUNT,-118.16871643066406,33.911643981933594
9643487,2023,2024-01-11,1931,2023-11-03,2051,5346,1931,5,5,5,1931,0,0,0,NA,0,001,ALAMEDA ST,GAGE AV,0,NA,Y,A,-,N,NA,NA,NA,NA,NA,NA,NA,NA,NA,N,4,0,1,2,A,-,12,21453,A,N,D,J,A,A,H,-,C,A,0,NA,NA,NA,NA,Y,NA,-,NA,0,0,1,0,0,0,0,0,0,-,-,NA,NA,LOS ANGELES,HUNTINGTON PARK,-118.23590087890624,33.981651306152344
9643488,2023,2024-01-11,1931,2023-11-06,1758,5315,1931,1,5,5,1931,0,0,0,NA,0,004,CALIFORNIA AV,GRAND AV,0,NA,Y,A,-,N,NA,NA,NA,NA,NA,NA,NA,NA,NA,N,2,0,1,2,A,-,10,21950,A,F,G,B,B,A,H,-,C,D,0,Y,NA,NA,NA,Y,NA,A,01,1,0,0,0,1,0,0,0,0,-,-,NA,NA,LOS ANGELES,HUNTINGTON PARK,-118.20417022705078,33.96697235107422
9643489,2023,2024-01-11,1931,2023-11-06,1513,5315,1931,1,5,5,1931,0,0,0,NA,0,003,WILSON AV,67TH ST,36,S,N,A,-,N,NA,NA,NA,NA,NA,NA,NA,NA,NA,N,4,0,1,2,A,-,02,22400,A,N,C,C,A,A,H,-,A,D,0,NA,NA,NA,NA,Y,NA,A,01,0,0,1,0,0,0,0,0,0,-,-,NA,NA,LOS ANGELES,HUNTINGTON PARK,-118.23789978027344,33.9787712097168
9643490,2023,2024-01-11,1931,2023-11-07,1335,5315,1931,2,5,5,1931,0,0,0,NA,0,002,MAYWOOD AV,61ST ST,0,NA,Y,A,-,N,NA,NA,NA,NA,NA,NA,NA,NA,NA,N,3,0,2,2,A,-,09,21801,A,N,D,C,A,A,H,-,A,D,0,NA,NA,NA,NA,Y,NA,A,01,0,2,0,0,0,0,0,0,0,-,-,NA,NA,LOS ANGELES,HUNTINGTON PARK,-118.20263671875,33.98519515991211
9643491,2023,2024-01-11,1925,2023-11-11,1009,29188,199,6,5,6,1925,0,0,0,NA,0,001,SAN FERNANDO RD,WESTERN AV,0,NA,Y,A,-,N,NA,NA,NA,NA,NA,NA,NA,NA,NA,Y,3,0,3,2,A,-,12,21453,A,N,F,C,A,A,H,-,A,A,0,NA,NA,NA,NA,Y,NA,A,01,0,1,2,0,0,0,0,0,0,-,-,NA,NA,LOS ANGELES,GLENDALE,-118.29218292236328,34.16878890991211
9643492,2023,2024-01-11,1929,2023-11-03,1832,245,1929,5,5,3,1929,0,0,0,NA,0,001,MANHATTAN AV,8TH ST,0,W,N,A,-,N,NA,NA,NA,NA,NA,NA,NA,NA,NA,N,3,0,1,2,A,-,12,22450,A,N,D,G,A,A,H,-,C,A,0,NA,Y,NA,NA,Y,Y,L,04,0,1,0,0,0,0,1,0,0,-,-,33.859439849853516,-118.39826202392578,LOS ANGELES,HERMOSA BEACH,-118.39833068847656,33.859432220458984
9643497,2023,2024-01-11,1941,2023-11-13,1725,5870,SOUTH,1,5,7,1941,0,0,0,NA,0,008,ELM AV,ALTA WY,4,S,N,A,-,N,NA,NA,NA,NA,NA,NA,NA,NA,NA,Y,4,0,1,2,A,-,05,21650,NA,N,B,C,A,A,H,-,C,D,0,NA,NA,NA,NA,Y,Y,A,01,0,0,1,0,0,0,0,0,0,-,-,33.768619537353516,-118.18768310546876,LOS ANGELES,LONG BEACH,-118.18766784667967,33.768619537353516
9643506,2023,2023-11-29,1941,2023-10-28,1043,10542,EAST,6,5,7,1941,0,0,0,NA,0,018,E CARSON ST,LOS COYOTES DIAGONAL,0,NA,Y,A,-,N,NA,NA,NA,NA,NA,NA,NA,NA,NA,Y,4,0,2,2,A,-,03,22350,NA,N,C,C,A,A,H,-,A,D,0,NA,NA,NA,NA,Y,NA,A,01,0,0,2,0,0,0,0,0,0,-,-,33.832218170166016,-118.09893035888672,LOS ANGELES,LONG BEACH,-118.09890747070313,33.83229446411133
9643507,2023,2023-11-29,1941,2023-10-23,1550,6170,WEST,1,5,7,1941,0,0,0,NA,0,001,SANTA FE AV,W 23RD ST,14,W,N,A,-,N,NA,NA,NA,NA,NA,NA,NA,NA,NA,Y,4,0,2,2,A,-,09,21801,A,N,D,C,A,A,H,-,A,A,0,NA,NA,NA,NA,Y,NA,A,01,0,0,2,0,0,0,0,0,0,-,-,33.7989387512207,-118.21543884277344,LOS ANGELES,LONG BEACH,-118.21552276611328,33.79893112182617
9643509,2023,2023-11-29,1942,2023-10-16,1250,41977,0373,1,5,7,1942,0,0,0,C,0,25MX84,CRENSHAW BL,OBAMA BL,30,S,N,A,-,N,NA,NA,NA,NA,NA,NA,NA,NA,NA,N,4,0,2,2,A,-,03,22350,NA,N,C,C,A,A,H,-,A,A,0,NA,NA,NA,NA,Y,NA,D,22,0,0,2,0,0,0,0,0,0,-,-,NA,NA,LOS ANGELES,LOS ANGELES,-118.33509826660156,34.02131652832031
9643510,2023,2023-11-29,1900,2023-10-30,1630,624032,1335,1,5,5,1908,0,0,0,NA,0,133,DOWNEY AV,CEDAR ST,0,NA,Y,A,-,N,NA,NA,NA,NA,NA,NA,NA,NA,NA,Y,3,0,2,2,A,-,09,21801,A,N,D,C,A,A,H,-,A,A,0,NA,NA,NA,NA,Y,NA,A,01,0,2,0,0,0,0,0,0,0,-,-,NA,NA,LOS ANGELES,BELLFLOWER,-118.15129089355467,33.87105941772461
9643511,2023,2023-11-29,1900,2023-10-10,1846,658546,1335,2,5,5,1908,0,0,0,NA,0,133T2,ARTESIA BL,DOWNEY AV,0,NA,Y,A,-,N,NA,NA,NA,NA,NA,NA,NA,NA,NA,Y,4,0,2,2,A,-,09,21801,A,N,D,C,A,A,H,-,B,A,0,NA,NA,NA,NA,Y,NA,A,07,0,0,2,0,0,0,0,0,0,-,-,33.874691009521484,-118.15133666992188,LOS ANGELES,BELLFLOWER,-118.15129089355467,33.87466049194336
9643512,2023,2023-11-27,1942,2023-08-29,1735,45077,1823,2,5,7,1942,0,0,0,R,0,18A34,E 104TH ST,AVALON BL,0,NA,Y,A,-,N,NA,NA,NA,NA,NA,NA,NA,NA,NA,Y,3,0,3,3,A,-,03,22350,NA,N,C,C,A,A,H,-,A,A,0,NA,NA,NA,NA,Y,NA,A,01,0,1,2,0,0,0,0,0,0,-,-,NA,NA,LOS ANGELES,LOS ANGELES,-118.2651824951172,33.941951751708984
9643513,2023,2023-11-22,1942,2023-08-10,30,43913,1823,4,5,7,1942,0,0,0,R,0,25T39W,SAN PEDRO ST,93RD ST,0,S,N,A,-,N,NA,NA,NA,NA,NA,NA,NA,NA,NA,Y,3,0,1,5,A,-,01,23152,A,N,B,E,A,A,H,-,C,D,0,NA,NA,NA,NA,Y,Y,A,01,0,1,0,0,0,0,0,0,0,-,-,NA,NA,LOS ANGELES,LOS ANGELES,-118.2695083618164,33.951934814453125
9643514,2023,2023-11-27,1942,2023-08-21,1130,38556,1835,1,5,7,1942,0,0,0,R,0,25T25,CENTRAL AV,106TH ST,0,NA,Y,A,-,N,NA,NA,NA,NA,NA,NA,NA,NA,NA,N,4,0,3,4,A,-,03,22350,NA,N,C,C,A,A,H,-,A,D,0,NA,NA,NA,NA,Y,NA,A,01,0,0,3,0,0,0,0,0,0,-,-,NA,NA,LOS ANGELES,LOS ANGELES,-118.25418090820313,33.9400634765625
9643515,2023,2023-11-27,1900,2023-08-31,1650,654688,1352,4,5,3,1927,0,0,0,NA,0,135B,CENTRALIA ST,ELAINE AV,350,E,N,A,-,N,NA,NA,NA,NA,NA,NA,NA,NA,NA,N,3,0,1,2,A,-,09,21804,A,N,D,G,A,A,H,-,A,D,0,NA,Y,NA,NA,Y,NA,A,07,0,1,0,0,0,0,1,0,0,-,-,NA,NA,LOS ANGELES,HAWAIIAN GARDENS,-118.07527160644533,33.83871841430664
9643516,2023,2023-11-27,1900,2023-08-05,1224,656309,1368,6,5,5,1952,0,0,0,NA,0,136D,ALONDRA BL,CALIFORNIA AV,0,NA,Y,A,-,N,NA,NA,NA,NA,NA,NA,NA,NA,NA,N,4,0,2,4,A,-,09,21802,A,N,D,C,A,A,H,-,A,D,0,NA,NA,NA,NA,Y,NA,A,07,0,0,2,0,0,0,0,0,0,-,-,NA,NA,LOS ANGELES,PARAMOUNT,-118.15874481201172,33.88914108276367
9643520,2023,2023-11-27,1942,2023-08-29,1425,39028,1822,2,5,7,1942,0,0,0,R,0,MQ58,OLIVE ST,104TH ST,0,NA,Y,A,-,N,NA,NA,NA,NA,NA,NA,NA,NA,NA,Y,3,0,1,2,A,-,09,21802,A,F,D,C,A,A,H,-,A,A,0,NA,NA,NA,NA,Y,NA,A,01,0,1,0,0,0,0,0,0,0,-,-,NA,NA,LOS ANGELES,LOS ANGELES,-118.27944183349608,33.941917419433594
9643541,2023,2023-11-22,1900,2023-08-18,2209,657865,2847,5,5,5,1915,0,0,0,NA,0,283T1,ALONDRA BL,WARD AV,46,W,N,A,-,N,NA,NA,NA,NA,NA,NA,NA,NA,NA,N,2,0,1,2,A,-,17,22517,NA,F,H,G,A,A,H,-,C,D,0,NA,Y,NA,NA,Y,NA,A,08,1,0,0,0,0,0,1,0,0,-,-,33.88861846923828,-118.2052764892578,LOS ANGELES,COMPTON,-118.20526123046876,33.88869857788086
9643542,2023,2023-11-27,1900,2023-08-14,727,672479,2845,1,5,5,1915,0,0,0,NA,0,282T1,GREENLEAF BL,PEARL AV,95,W,N,A,-,N,NA,NA,NA,NA,NA,NA,NA,NA,NA,Y,2,0,3,2,A,-,05,21650,A,N,A,C,A,A,H,-,A,D,0,NA,NA,NA,NA,Y,NA,A,01,2,1,0,0,0,0,0,0,0,-,-,33.88127136230469,-118.21322631835938,LOS ANGELES,COMPTON,-118.21320343017578,33.881248474121094
9643544,2023,2023-11-27,1900,2023-08-04,2110,663360,2833,5,5,5,1915,0,0,0,NA,0,283T2,CALDWELL ST,EXMOOR AV,86,E,N,A,-,N,NA,NA,NA,NA,NA,NA,NA,NA,NA,N,4,0,1,2,A,-,03,22350,NA,F,G,B,E,A,H,-,C,D,0,Y,NA,NA,NA,Y,NA,-,99,0,0,1,0,1,0,0,0,0,-,-,33.883880615234375,-118.23780822753906,LOS ANGELES,COMPTON,-118.23788452148438,33.88388442993164
9643545,2023,2023-12-04,1900,2023-08-05,2330,614047,2814,6,5,5,1915,0,0,0,NA,0,285E,ALAMEDA ST WEST,ROSECRANS AV,0,NA,Y,A,-,N,NA,NA,NA,NA,NA,NA,NA,NA,NA,N,4,0,1,2,A,-,12,21453,A,N,D,C,A,A,H,-,C,A,0,NA,NA,NA,NA,Y,NA,-,-,0,0,1,0,0,0,0,0,0,-,-,33.903350830078125,-118.22161865234376,LOS ANGELES,COMPTON,-118.22157287597656,33.9034423828125
9643610,2023,2023-11-29,1941,2023-07-15,1802,11828,WEST,6,5,7,1941,0,0,0,NA,0,004,E HILL ST,LONG BEACH BL,35,N,N,A,-,N,NA,NA,NA,NA,NA,NA,NA,NA,NA,Y,3,0,2,2,D,-,00,NA,NA,N,D,C,A,A,H,-,A,A,0,NA,NA,NA,NA,Y,NA,-,-,0,1,1,0,0,0,0,0,0,-,-,33.797119140625,-118.18939208984376,LOS ANGELES,LONG BEACH,-118.18948364257813,33.7971305847168
9643613,2023,2023-11-29,1900,2023-07-26,500,643959,1369,3,5,5,1952,0,0,0,NA,0,136,ALONDRA BL,DOWNEY AV,15,E,N,A,-,N,NA,NA,NA,NA,NA,NA,NA,NA,NA,N,4,0,1,2,A,-,11,21955,NA,M,G,B,D,A,H,-,C,D,0,Y,NA,NA,NA,Y,Y,N,60,0,0,1,0,1,0,0,0,0,-,-,NA,NA,LOS ANGELES,PARAMOUNT,-118.1514129638672,33.8891716003418