CASE_ID,ACCIDENT_YEAR,PROC_DATE,JURIS,COLLISION_DATE,COLLISION_TIME,OFFICER_ID,REPORTING_DISTRICT,DAY_OF_WEEK,CHP_SHIFT,POPULATION,CNTY_CITY_LOC,SPECIAL_COND,BEAT_TYPE,CHP_BEAT_TYPE,CITY_DIVISION_LAPD,CHP_BEAT_CLASS,BEAT_NUMBER,PRIMARY_RD,SECONDARY_RD,DISTANCE,DIRECTION,INTERSECTION,WEATHER_1,WEATHER_2,STATE_HWY_IND,CALTRANS_COUNTY,CALTRANS_DISTRICT,STATE_ROUTE,ROUTE_SUFFIX,POSTMILE_PREFIX,POSTMILE,LOCATION_TYPE,RAMP_INTERSECTION,SIDE_OF_HWY,TOW_AWAY,COLLISION_SEVERITY,NUMBER_KILLED,NUMBER_INJURED,PARTY_COUNT,PRIMARY_COLL_FACTOR,PCF_CODE_OF_VIOL,PCF_VIOL_CATEGORY,PCF_VIOLATION,PCF_VIOL_SUBSECTION,HIT_AND_RUN,TYPE_OF_COLLISION,MVIW,PED_ACTION,ROAD_SURFACE,ROAD_COND_1,ROAD_COND_2,LIGHTING,CONTROL_DEVICE,CHP_ROAD_TYPE,PEDESTRIAN_ACCIDENT,BICYCLE_ACCIDENT,MOTORCYCLE_ACCIDENT,TRUCK_ACCIDENT,NOT_PRIVATE_PROPERTY,ALCOHOL_INVOLVED,STWD_VEHTYPE_AT_FAULT,CHP_VEHTYPE_AT_FAULT,COUNT_SEVERE_INJ,COUNT_VISIBLE_INJ,COUNT_COMPLAINT_PAIN,COUNT_PED_KILLED,COUNT_PED_INJURED,COUNT_BICYCLIST_KILLED,COUNT_BICYCLIST_INJURED,COUNT_MC_KILLED,COUNT_MC_INJURED,PRIMARY_RAMP,SECONDARY_RAMP,LATITUDE,LONGITUDE,COUNTY,CITY,POINT_X,POINT_Y
9647883,2023,2023-12-23,1900,2023-11-27,310,652805,0628,1,5,6,1985,0,0,0,NA,0,62T1,NEWHALL AV,MAIN ST,0,NA,Y,A,G,N,NA,NA,NA,NA,NA,NA,NA,NA,NA,Y,4,0,1,1,A,-,03,22350,NA,N,E,I,A,A,H,-,C,D,0,NA,NA,NA,NA,Y,NA,A,01,0,0,1,0,0,0,0,0,0,-,-,34.37648010253906,-118.52644348144533,LOS ANGELES,SANTA CLARITA,-118.52628326416016,34.376583099365234
9647884,2023,2023-12-23,1900,2023-11-28,830,652535,0612,2,5,6,1985,0,0,0,NA,0,61A,VIA PRINCESSA,CANYON TERRACE WY,50,W,N,A,-,N,NA,NA,NA,NA,NA,NA,NA,NA,NA,Y,2,0,2,2,A,-,08,22107,NA,N,D,C,A,A,H,-,A,D,0,NA,NA,NA,NA,Y,NA,A,07,1,0,1,0,0,0,0,0,0,-,-,34.40959930419922,-118.47730255126952,LOS ANGELES,SANTA CLARITA,-118.47732543945313,34.40958023071289
9647885,2023,2023-12-23,1900,2023-11-25,1609,643228,0644,6,5,6,1985,0,0,0,NA,0,62T1,HASKELL CANYON RD,JEFFERS LN,187,N,N,A,-,N,NA,NA,NA,NA,NA,NA,NA,NA,NA,Y,3,0,1,2,A,-,03,22350,NA,N,D,C,A,A,H,-,A,D,0,NA,NA,Y,NA,Y,NA,C,02,0,1,0,0,0,0,0,0,1,-,-,34.453468322753906,-118.5128936767578,LOS ANGELES,SANTA CLARITA,-118.51290130615234,34.453365325927734
9647886,2023,2023-12-23,1900,2023-11-22,1144,652853,0629,3,5,6,1985,0,0,0,NA,0,61T1,LYONS AV,PEACHLAND AV,30,E,N,A,-,N,NA,NA,NA,NA,NA,NA,NA,NA,NA,N,4,0,1,2,A,-,03,22350,NA,N,C,C,A,A,H,-,A,A,0,NA,NA,NA,NA,Y,NA,A,01,0,0,1,0,0,0,0,0,0,-,-,34.379451751708984,-118.54676818847656,LOS ANGELES,SANTA CLARITA,-118.54686737060548,34.37946701049805
9647887,2023,2023-12-23,1900,2023-11-26,809,652772,0621,7,5,6,1985,0,0,0,NA,0,62T1,VALENCIA BL,ROCKWELL CANYON RD,0,NA,Y,A,-,N,NA,NA,NA,NA,NA,NA,NA,NA,NA,Y,4,0,1,2,D,-,00,NA,NA,N,D,C,A,A,H,-,A,A,0,NA,NA,NA,NA,Y,NA,-,-,0,0,1,0,0,0,0,0,0,-,-,34.40864181518555,-118.5679931640625,LOS ANGELES,SANTA CLARITA,-118.56796264648438,34.408782958984375
9647888,2023,2023-12-23,1900,2023-11-19,1855,652772,0617,7,5,6,1985,0,0,0,NA,0,61T1,WHITES CANYON RD,RANIER ST,75,N,N,A,-,N,NA,NA,NA,NA,NA,NA,NA,NA,NA,Y,4,0,2,2,D,-,00,NA,NA,N,B,C,A,A,H,-,C,D,0,NA,NA,NA,NA,Y,NA,-,-,0,0,2,0,0,0,0,0,0,-,-,34.426090240478516,-118.46988677978516,LOS ANGELES,SANTA CLARITA,-118.47005462646484,34.42608642578125
9647889,2023,2023-12-23,1900,2023-11-21,1034,612439,0629,2,5,6,1985,0,0,0,NA,0,62T1,LYONS AV,WAYMAN ST,0,NA,Y,A,-,N,NA,NA,NA,NA,NA,NA,NA,NA,NA,Y,3,0,1,2,A,-,09,21801,A,N,D,C,A,A,H,-,A,A,0,NA,NA,Y,NA,Y,NA,A,01,0,1,0,0,0,0,0,0,1,-,-,34.37990188598633,-118.53829956054688,LOS ANGELES,SANTA CLARITA,-118.5381088256836,34.379981994628906
9647890,2023,2023-12-23,1900,2023-11-23,1120,618139,0639,4,5,6,1985,0,0,0,NA,0,61T1,LOST CANYON RD,CANYON PARK BL,0,NA,Y,A,-,N,NA,NA,NA,NA,NA,NA,NA,NA,NA,Y,4,0,1,2,A,-,09,21802,NA,N,D,C,A,A,H,-,A,D,0,NA,NA,NA,NA,Y,NA,A,01,0,0,1,0,0,0,0,0,0,-,-,34.40610122680664,-118.44708251953124,LOS ANGELES,SANTA CLARITA,-118.44696807861328,34.40610122680664
9647894,2023,2023-12-23,1966,2023-11-06,1610,10981,1,1,5,3,1966,0,0,0,NA,0,NA,MICHILLINDA AV,HIGHLAND AV,0,NA,Y,A,-,N,NA,NA,NA,NA,NA,NA,NA,NA,NA,Y,4,0,2,2,A,-,08,22107,NA,N,B,C,A,A,H,-,B,D,0,NA,NA,NA,NA,Y,NA,A,01,0,0,2,0,0,0,0,0,0,-,-,NA,NA,LOS ANGELES,SIERRA MADRE,-118.06808471679688,34.164268493652344
9647896,2023,2023-12-23,1900,2023-11-19,1650,625597,2619,7,5,6,1950,0,0,0,NA,0,263T1,AVENUE O-8,10TH ST WEST,237,E,N,A,-,N,NA,NA,NA,NA,NA,NA,NA,NA,NA,N,2,0,1,2,A,-,05,21202,A,N,D,G,A,A,H,-,C,D,0,NA,Y,NA,NA,Y,NA,L,04,1,0,0,0,0,0,1,0,0,-,-,34.60908126831055,-118.14672088623048,LOS ANGELES,PALMDALE,-118.14693450927734,34.60917663574219
9647897,2023,2023-12-23,1900,2023-11-11,1702,641592,2603,6,5,6,1950,0,0,0,NA,0,262T1,25TH ST EAST,OLD HAROLD RD,0,NA,Y,A,-,N,NA,NA,NA,NA,NA,NA,NA,NA,NA,Y,3,0,2,2,A,-,08,22107,NA,N,A,C,A,A,H,-,A,A,0,NA,NA,NA,NA,Y,NA,A,01,0,2,0,0,0,0,0,0,0,-,-,34.5526008605957,-118.08634185791016,LOS ANGELES,PALMDALE,-118.08637237548828,34.552547454833984
9647898,2023,2023-12-23,1900,2023-11-15,849,611176,2610,3,5,6,1950,0,0,0,NA,0,263T1,20TH ST EAST,AVENUE Q-13,0,NA,Y,B,-,N,NA,NA,NA,NA,NA,NA,NA,NA,NA,Y,3,0,2,2,A,-,09,21802,A,N,D,C,A,A,H,-,A,A,0,NA,NA,NA,NA,Y,NA,A,07,0,2,0,0,0,0,0,0,0,-,-,34.57548904418945,-118.09397888183594,LOS ANGELES,PALMDALE,-118.09427642822266,34.587432861328125
9647899,2023,2023-12-23,1900,2023-11-14,1300,550490,2607,2,5,6,1950,0,0,0,NA,0,264T1,AVENUE R,70TH ST EAST,0,NA,Y,A,-,N,NA,NA,NA,NA,NA,NA,NA,NA,NA,Y,4,0,1,2,A,-,09,21802,A,N,D,C,A,A,H,-,A,A,0,NA,NA,NA,NA,Y,NA,A,07,0,0,1,0,0,0,0,0,0,-,-,34.57221984863281,-118.00498199462892,LOS ANGELES,PALMDALE,-118.00493621826172,34.57222366333008
9647900,2023,2023-12-23,1900,2023-11-18,900,611176,2612,6,5,6,1950,0,0,0,NA,0,263T1,RANCHO VISTA BL,10TH ST WEST,0,NA,Y,A,-,N,NA,NA,NA,NA,NA,NA,NA,NA,NA,Y,4,0,2,2,A,-,12,21453,A,N,A,C,A,A,H,-,-,A,0,NA,NA,NA,NA,Y,NA,A,01,0,0,2,0,0,0,0,0,0,-,-,34.60171890258789,-118.14769744873048,LOS ANGELES,PALMDALE,-118.14781188964844,34.601741790771484
9647901,2023,2023-12-26,1900,2023-11-18,1729,545762,2608,6,5,6,1950,0,0,0,NA,0,262T1,AVENUE R,30TH ST EAST,0,NA,Y,A,-,N,NA,NA,NA,NA,NA,NA,NA,NA,NA,Y,3,0,2,2,A,-,04,21703,NA,N,C,C,A,A,H,-,C,A,0,NA,NA,NA,NA,Y,NA,A,01,0,1,1,0,0,0,0,0,0,-,-,34.572818756103516,-118.07649230957033,LOS ANGELES,PALMDALE,-118.07616424560548,34.57278823852539
9647902,2023,2023-12-26,1900,2023-11-18,1728,545762,2608,6,5,6,1950,0,0,0,NA,0,262T1,AVENUE R,30TH ST EAST,0,NA,Y,A,-,N,NA,NA,NA,NA,NA,NA,NA,NA,NA,Y,3,0,2,2,A,-,04,21703,NA,N,C,C,A,A,H,-,C,A,0,NA,NA,NA,NA,Y,NA,A,01,0,1,1,0,0,0,0,0,0,-,-,34.57283020019531,-118.07644653320313,LOS ANGELES,PALMDALE,-118.07616424560548,34.57278823852539
9647903,2023,2023-12-26,1900,2023-11-18,1650,655390,2612,6,5,6,1950,0,0,0,NA,0,261T1,SUNGATE DR,BORICA CT,0,NA,Y,A,-,N,NA,NA,NA,NA,NA,NA,NA,NA,NA,N,3,0,1,2,A,-,09,21801,A,N,D,G,A,A,H,-,B,D,0,NA,Y,NA,NA,Y,NA,A,01,0,1,0,0,0,0,1,0,0,-,-,34.6077995300293,-118.19332122802734,LOS ANGELES,PALMDALE,-118.19329071044922,34.607872009277344
9647904,2023,2023-12-26,1900,2023-11-28,1531,525413,2619,2,5,6,1950,0,0,0,NA,0,262T1,AVENUE O,LEGACY LN,16,W,N,A,-,N,NA,NA,NA,NA,NA,NA,NA,NA,NA,Y,4,0,1,2,A,-,09,21801,A,N,D,C,A,A,H,-,B,D,0,NA,NA,NA,NA,Y,NA,A,01,0,0,1,0,0,0,0,0,0,-,-,34.6163215637207,-118.13719177246094,LOS ANGELES,PALMDALE,-118.13724517822266,34.616329193115234
9647905,2023,2023-12-26,1900,2023-11-28,46,525413,2608,2,5,6,1950,0,0,0,NA,0,262T1,AVENUE R,LEMSFORD AV,196,E,N,A,-,N,NA,NA,NA,NA,NA,NA,NA,NA,NA,Y,4,0,1,1,A,-,03,22350,NA,N,A,I,A,A,H,-,C,D,0,NA,NA,NA,NA,Y,NA,A,07,0,0,1,0,0,0,0,0,0,-,-,34.572879791259766,-118.07127380371094,LOS ANGELES,PALMDALE,-118.07147979736328,34.5728759765625
9647906,2023,2023-12-26,1900,2023-11-27,725,514671,2603,1,5,6,1950,0,0,0,NA,0,263T1,25TH ST EAST,OLD HAROLD RD,390,S,N,A,-,N,NA,NA,NA,NA,NA,NA,NA,NA,NA,Y,3,0,1,2,A,-,09,21804,A,N,D,C,A,A,H,-,A,D,0,NA,NA,NA,NA,Y,NA,A,01,0,1,0,0,0,0,0,0,0,-,-,34.55144119262695,-118.08612060546876,LOS ANGELES,PALMDALE,-118.08608245849608,34.551509857177734
9647907,2023,2023-12-26,1900,2023-11-21,1750,655308,2611,2,5,6,1950,0,0,0,NA,0,264T1,5TH ST WEST,AVENUE Q,0,NA,Y,A,-,N,NA,NA,NA,NA,NA,NA,NA,NA,NA,Y,4,0,4,2,A,-,09,21801,A,N,B,C,A,A,H,-,C,A,0,NA,NA,NA,NA,Y,NA,A,01,0,0,4,0,0,0,0,0,0,-,-,34.587120056152344,-118.13858795166016,LOS ANGELES,PALMDALE,-118.13864135742188,34.58711624145508
9647909,2023,2023-12-26,1902,2023-11-28,1738,779,32,2,5,5,1902,0,0,0,NA,0,005,LIVE OAK AV,6TH AV,0,NA,Y,A,-,N,NA,NA,NA,NA,NA,NA,NA,NA,NA,N,4,0,1,2,A,-,09,21801,A,N,D,C,A,A,H,-,C,A,0,NA,NA,NA,NA,Y,NA,A,01,0,0,1,0,0,0,0,0,0,-,-,NA,NA,LOS ANGELES,ARCADIA,-118.01834869384766,34.10919952392578
9647910,2023,2023-12-26,1902,2023-11-24,1708,826,23,5,5,5,1902,0,0,0,NA,0,002,DUARTE RD,2ND AV,0,NA,Y,B,-,N,NA,NA,NA,NA,NA,NA,NA,NA,NA,Y,4,0,1,2,A,-,09,21801,A,N,A,C,A,A,H,-,C,A,0,NA,NA,Y,NA,Y,NA,A,07,0,0,1,0,0,0,0,0,1,-,-,NA,NA,LOS ANGELES,ARCADIA,-118.0250244140625,34.13042068481445
9647912,2023,2023-12-26,1900,2023-11-24,1618,637369,2927,5,5,5,1990,0,0,0,NA,0,292T1,DIAMOND BAR BL,COLD SPRINGS LN,0,NA,Y,A,-,N,NA,NA,NA,NA,NA,NA,NA,NA,NA,Y,3,0,1,4,A,-,12,21453,A,N,A,C,A,A,H,-,A,A,0,NA,NA,NA,NA,Y,NA,A,08,0,1,0,0,0,0,0,0,0,-,-,33.972129821777344,-117.89299774169922,LOS ANGELES,DIAMOND BAR,-117.83938598632813,33.972110748291016
9647913,2023,2023-12-26,1900,2023-11-01,2130,6373669,2923,3,5,5,1990,0,0,0,NA,0,292T1,DIAMOND BAR BL,CLEAR CREEK DR,79,S,N,A,-,N,NA,NA,NA,NA,NA,NA,NA,NA,NA,N,4,0,1,2,A,-,08,22107,NA,N,D,C,A,A,H,-,C,A,0,NA,NA,NA,NA,Y,NA,A,07,0,0,1,0,0,0,0,0,0,-,-,34.00312042236328,-117.8097686767578,LOS ANGELES,DIAMOND BAR,-117.80988311767578,34.00330352783203
9647915,2023,2023-12-26,1929,2023-11-22,1911,236,1929,3,5,3,1929,0,0,0,NA,0,NA,MONTEREY BL,LYNDON ST,0,NA,Y,A,-,N,NA,NA,NA,NA,NA,NA,NA,NA,NA,N,3,0,1,2,A,-,09,21801,A,N,D,G,A,A,H,-,C,A,0,NA,Y,NA,NA,Y,NA,A,01,0,1,0,0,0,0,1,0,0,-,-,33.85337829589844,-118.3957290649414,LOS ANGELES,HERMOSA BEACH,-118.39579010009766,33.8533821105957
9647917,2023,2023-12-26,1900,2023-11-03,1706,507079,2913,5,5,4,1974,0,0,0,NA,0,291K1,VALLEY BL,LEMON AV,0,NA,Y,A,-,N,NA,NA,NA,NA,NA,NA,NA,NA,NA,Y,3,0,1,2,A,-,12,21453,NA,N,D,D,A,A,H,-,A,A,0,NA,NA,NA,NA,Y,NA,A,01,0,1,0,0,0,0,0,0,0,-,-,34.009769439697266,-117.85881042480467,LOS ANGELES,WALNUT,-117.85888671875,34.009765625
9647918,2023,2023-12-26,1900,2023-11-08,1400,606632,2922,3,5,5,1990,0,0,0,NA,0,292T1,GOLDEN SPRINGS DR,RACQUET CLUB DR,10,W,N,A,-,N,NA,NA,NA,NA,NA,NA,NA,NA,NA,Y,3,0,1,2,A,-,08,22107,NA,N,B,C,A,A,H,-,A,A,0,NA,NA,NA,NA,Y,NA,A,01,0,1,0,0,0,0,0,0,0,-,-,34.00849914550781,-117.8184814453125,LOS ANGELES,DIAMOND BAR,-117.81829833984376,34.00859451293945
9647927,2023,2024-02-28,1951,2023-12-03,1720,755,704,7,5,3,1951,0,0,0,NA,0,001,VIA CORONEL,VIA CORONEL 1400 BLK,125,N,N,A,-,N,NA,NA,NA,NA,NA,NA,NA,NA,NA,N,4,0,1,2,A,-,08,22107,NA,M,B,E,A,A,H,-,D,D,0,NA,NA,NA,NA,Y,NA,A,01,0,0,1,0,0,0,0,0,0,-,-,NA,NA,LOS ANGELES,PALOS VERDES EST,-118.39202117919922,33.78435134887695
9648005,2023,2023-12-15,1942,2023-06-28,1724,41516,1443,3,5,7,1942,0,0,0,N,0,27TL46,COEUR D ALENE AV,OAKWOOD AV,10,E,N,A,-,N,NA,NA,NA,NA,NA,NA,NA,NA,NA,Y,3,0,3,2,A,-,08,22107,NA,F,B,C,A,A,H,-,A,A,0,NA,NA,NA,NA,Y,NA,A,01,0,2,1,0,0,0,0,0,0,-,-,NA,NA,LOS ANGELES,LOS ANGELES,-118.45367431640624,33.98975372314453
9648006,2023,2023-12-15,1942,2023-06-28,1720,41516,1443,3,5,7,1942,0,0,0,N,0,27TL46,COEUR D ALENE AV,LINCOLN BL,145,W,N,A,-,N,NA,NA,NA,NA,NA,NA,NA,NA,NA,Y,4,0,2,2,A,-,09,21804,A,F,D,C,A,A,H,-,A,D,0,NA,NA,NA,NA,Y,NA,-,NA,0,0,2,0,0,0,0,0,0,-,-,NA,NA,LOS ANGELES,LOS ANGELES,-118.45149230957033,33.99298095703125
9648008,2023,2023-12-15,1942,2023-07-11,1730,45280,1465,2,5,7,1942,0,0,0,N,0,14A49,JEFFERSON BL,MESMER AV,0,NA,Y,A,-,N,NA,NA,NA,NA,NA,NA,NA,NA,NA,Y,4,0,1,2,A,-,12,21453,A,F,D,C,A,A,H,-,A,A,0,NA,NA,NA,NA,Y,NA,-,99,0,0,1,0,0,0,0,0,0,-,-,NA,NA,LOS ANGELES,LOS ANGELES,-118.4012451171875,33.986366271972656
9648009,2023,2023-12-15,1942,2023-09-11,1635,41376,0817,1,5,7,1942,0,0,0,H,0,27T48W,WESTWOOD BL,LE CONTE AV,0,NA,Y,A,-,N,NA,NA,NA,NA,NA,NA,NA,NA,NA,N,2,0,1,2,A,-,11,21456,A,N,G,B,B,A,H,-,A,A,0,Y,NA,NA,NA,Y,NA,N,60,1,0,0,0,1,0,0,0,0,-,-,NA,NA,LOS ANGELES,LOS ANGELES,-118.44541931152344,34.06368637084961
9648011,2023,2023-12-26,1900,2023-11-02,218,621336,1512,4,5,5,1954,0,0,0,NA,0,151D,ROSEMEAD BL,OLYMPIC BL,0,N,N,A,-,N,NA,NA,NA,NA,NA,NA,NA,NA,NA,Y,3,0,1,1,A,-,08,22107,NA,M,A,I,A,-,G,-,C,D,0,NA,NA,NA,NA,Y,NA,A,07,0,1,0,0,0,0,0,0,0,-,-,34.00579833984375,-118.08219909667967,LOS ANGELES,PICO RIVERA,-118.08251953125,34.00579833984375
9648014,2023,2023-12-14,1942,2023-09-22,650,44591,0836,5,5,7,1942,0,0,0,H,0,8A35,OLYMPIC BL,PROSSER AV,0,NA,Y,A,-,N,NA,NA,NA,NA,NA,NA,NA,NA,NA,N,2,0,1,2,A,-,10,21950,A,F,G,B,B,A,H,-,A,A,0,Y,NA,NA,NA,Y,NA,-,99,1,0,0,0,1,0,0,0,0,-,-,NA,NA,LOS ANGELES,LOS ANGELES,-118.42459869384766,34.04808044433594
9648017,2023,2024-01-23,1900,2023-11-07,1540,602402,0621,2,5,6,1985,0,0,0,NA,0,62T1,MAGIC MOUNTAIN PKWY,WAYNE MILL PL,750,E,N,A,-,N,NA,NA,NA,NA,NA,NA,NA,NA,NA,Y,4,0,1,2,A,-,07,21658,A,N,B,C,A,A,H,-,A,D,0,NA,NA,NA,NA,Y,NA,A,01,0,0,1,0,0,0,0,0,0,-,-,34.42399978637695,-118.57642364501952,LOS ANGELES,SANTA CLARITA,-118.57627868652344,34.423927307128906
9648018,2023,2023-12-15,1900,2023-09-16,106,641037,0977,6,5,4,1979,0,0,0,NA,0,93T3,HANCOCK AV,SANTA MONICA BL,50,N,N,A,-,N,NA,NA,NA,NA,NA,NA,NA,NA,NA,Y,4,0,1,4,A,-,01,23152,A,N,A,C,A,B,H,-,C,D,0,NA,NA,NA,NA,Y,Y,A,08,0,0,1,0,0,0,0,0,0,-,-,34.08699035644531,-118.381591796875,LOS ANGELES,WEST HOLLYWOOD,-118.38153076171876,34.08687210083008
9648021,2023,2024-01-23,1900,2023-11-09,1419,661664,0643,4,5,6,1985,0,0,0,NA,0,066,BOUQUET CANYON RD,BOUQUET CANYON PLZ,0,NA,Y,A,-,N,NA,NA,NA,NA,NA,NA,NA,NA,NA,Y,4,0,2,2,A,-,12,21453,NA,N,A,C,A,A,H,-,A,A,0,NA,NA,NA,NA,Y,NA,A,01,0,0,2,0,0,0,0,0,0,-,-,34.42967987060547,-118.53514862060548,LOS ANGELES,SANTA CLARITA,-118.43495941162108,34.54512405395508
9648025,2023,2024-01-23,1900,2023-11-09,325,476477,0639,4,5,6,1985,0,0,0,NA,0,61T1E,ENGLISH IVY LN,SOUTHERN WILLOW CT,0,NA,Y,A,-,N,NA,NA,NA,NA,NA,NA,NA,NA,NA,Y,4,0,1,2,A,-,03,22350,NA,N,A,C,A,A,H,-,C,D,0,NA,NA,NA,NA,Y,NA,A,01,0,0,1,0,0,0,0,0,0,-,-,34.41059875488281,-118.43399810791016,LOS ANGELES,SANTA CLARITA,-118.43436431884766,34.410545349121094
9648029,2023,2024-01-23,1900,2023-11-09,1749,623701,0643,4,5,6,1985,0,0,0,NA,0,60T1,BOUQUET CANYON RD,CENTRAL PARK,275,W,N,A,-,N,NA,NA,NA,NA,NA,NA,NA,NA,NA,Y,4,0,1,2,A,-,03,22350,NA,N,C,C,A,A,H,-,C,D,0,NA,NA,NA,NA,Y,NA,A,01,0,0,1,0,0,0,0,0,0,-,-,34.435218811035156,-118.52229309082033,LOS ANGELES,SANTA CLARITA,-118.52214050292967,34.43524932861328
9648030,2023,2024-01-23,1900,2023-11-07,1030,612439,0625,2,5,6,1985,0,0,0,NA,0,62T1,ORCHARD VILLAGE RD,DALBEY DR,0,NA,Y,A,-,N,NA,NA,NA,NA,NA,NA,NA,NA,NA,Y,3,0,2,3,A,-,09,21801,A,N,D,C,A,A,H,-,A,A,0,NA,NA,NA,NA,Y,NA,A,07,0,1,1,0,0,0,0,0,0,-,-,34.3849983215332,-118.54360198974608,LOS ANGELES,SANTA CLARITA,-118.5437240600586,34.38494110107422
9648033,2023,2024-01-23,1900,2023-11-13,1935,642979,0621,1,5,6,1985,0,0,0,NA,0,64T1,MCBEAN PKWY,DEL MONTE DR,992,S,N,A,-,N,NA,NA,NA,NA,NA,NA,NA,NA,NA,Y,3,0,1,1,A,-,01,23152,A,N,A,I,A,A,H,-,C,D,0,NA,NA,NA,NA,Y,Y,A,01,0,1,0,0,0,0,0,0,0,-,-,34.40800094604492,-118.55618286132813,LOS ANGELES,SANTA CLARITA,-118.55616760253906,34.40803909301758
9648037,2023,2024-01-23,1900,2023-11-15,815,652853,0631,3,5,6,1985,0,0,0,NA,0,61T1,SARITA AV,PARKRIDGE LN,0,NA,Y,A,-,N,NA,NA,NA,NA,NA,NA,NA,NA,NA,N,4,0,2,2,A,-,09,21804,A,N,D,C,A,A,H,-,A,D,0,NA,NA,NA,NA,Y,NA,A,07,0,0,2,0,0,0,0,0,0,-,-,34.420780181884766,-118.44171905517578,LOS ANGELES,SANTA CLARITA,-118.441650390625,34.42076873779297
9648038,2023,2024-01-23,1900,2023-11-21,450,525935,0627,2,5,6,1985,0,0,0,NA,0,67A,VALLE DEL ORO,DEPUTY JAKE DR,274,N,N,A,-,N,NA,NA,NA,NA,NA,NA,NA,NA,NA,Y,4,0,1,2,A,-,21,22106,NA,N,F,E,A,A,H,-,C,D,0,NA,NA,NA,NA,Y,NA,A,01,0,0,1,0,0,0,0,0,0,-,-,34.376808166503906,-118.51178741455078,LOS ANGELES,SANTA CLARITA,-118.51171875,34.37738800048828
9648045,2023,2024-01-23,1900,2023-11-15,1905,648979,0644,3,5,6,1985,0,0,0,NA,0,64T1,MCBEAN PKWY,MAGIC MOUNTAIN PKWY,288,N,N,C,-,N,NA,NA,NA,NA,NA,NA,NA,NA,NA,Y,3,0,2,2,A,-,17,21707,NA,N,B,C,A,B,H,-,C,D,0,NA,NA,NA,NA,Y,NA,A,01,0,1,1,0,0,0,0,0,0,-,-,34.420711517333984,-118.56256103515624,LOS ANGELES,SANTA CLARITA,-118.56283569335938,34.42049789428711
9648049,2023,2024-01-23,1900,2023-11-16,1521,643228,0628,4,5,6,1985,0,0,0,NA,0,62T1,LYONS AV,AVENIDA ROTELLA,164,E,N,A,-,N,NA,NA,NA,NA,NA,NA,NA,NA,NA,N,4,0,1,2,A,-,10,21952,NA,N,G,B,F,A,H,-,A,D,0,Y,NA,NA,NA,Y,NA,A,01,0,0,1,0,1,0,0,0,0,-,-,34.379371643066406,-118.54534149169922,LOS ANGELES,SANTA CLARITA,-118.54548645019533,34.379547119140625
9648053,2023,2024-01-23,1900,2023-11-16,1659,643228,0622,4,5,6,1985,0,0,0,NA,0,62T1,VALENCIA BL,TOURNEY RD,776,W,N,B,-,N,NA,NA,NA,NA,NA,NA,NA,NA,NA,Y,4,0,1,2,A,-,08,22107,NA,N,B,C,A,A,H,-,C,D,0,NA,NA,NA,NA,Y,NA,A,01,0,0,1,0,0,0,0,0,0,-,-,34.408390045166016,-118.57598876953124,LOS ANGELES,SANTA CLARITA,-118.576171875,34.40830993652344
9648057,2023,2024-01-23,1900,2023-11-25,1504,643288,0612,6,5,6,1985,0,0,0,NA,0,62T1,SOLEDAD CANYON RD,HIDAWAY AV,337,W,N,A,-,N,NA,NA,NA,NA,NA,NA,NA,NA,NA,Y,3,0,2,3,A,-,09,21804,A,N,D,C,A,A,H,-,A,A,0,NA,NA,NA,NA,Y,NA,A,01,0,1,1,0,0,0,0,0,0,-,-,34.415679931640625,-118.4701919555664,LOS ANGELES,SANTA CLARITA,-118.47008514404295,34.41571044921875
9648061,2023,2024-01-23,1900,2023-11-27,115,652805,0645,1,5,6,1985,0,0,0,NA,0,62T1,COPPER HILL DR,SMYTH DR,315,S,N,A,-,N,NA,NA,NA,NA,NA,NA,NA,NA,NA,Y,3,0,1,1,A,-,03,22350,NA,N,E,I,A,A,H,-,C,D,0,NA,NA,NA,NA,Y,NA,A,01,0,1,0,0,0,0,0,0,0,-,-,34.44398880004883,-118.57479858398438,LOS ANGELES,SANTA CLARITA,-118.57479095458984,34.444122314453125
9648071,2023,2024-01-23,1900,2023-11-07,1810,602402,0621,2,5,6,1985,0,0,0,NA,0,62T1,VALENCIA BL,GOLDCREST DR,0,NA,Y,A,-,N,NA,NA,NA,NA,NA,NA,NA,NA,NA,N,4,0,1,2,D,-,00,NA,NA,N,B,C,A,A,H,-,C,A,0,NA,NA,NA,NA,Y,NA,-,-,0,0,1,0,0,0,0,0,0,-,-,34.41056823730469,-118.56500244140624,LOS ANGELES,SANTA CLARITA,-118.56511688232422,34.410682678222656
9648086,2023,2023-12-28,1900,2023-10-23,1913,643386,0456,1,5,6,1949,0,0,0,NA,0,43T1,ALONDRA BL,NORWALK BL,90,E,N,A,-,N,NA,NA,NA,NA,NA,NA,NA,NA,NA,N,4,0,2,2,A,-,21,22106,NA,N,C,C,A,A,H,-,C,D,0,NA,NA,NA,NA,Y,NA,D,22,0,0,2,0,0,0,0,0,0,-,-,NA,NA,LOS ANGELES,NORWALK,-118.0725555419922,33.88774108886719