CASE_ID,ACCIDENT_YEAR,PROC_DATE,JURIS,COLLISION_DATE,COLLISION_TIME,OFFICER_ID,REPORTING_DISTRICT,DAY_OF_WEEK,CHP_SHIFT,POPULATION,CNTY_CITY_LOC,SPECIAL_COND,BEAT_TYPE,CHP_BEAT_TYPE,CITY_DIVISION_LAPD,CHP_BEAT_CLASS,BEAT_NUMBER,PRIMARY_RD,SECONDARY_RD,DISTANCE,DIRECTION,INTERSECTION,WEATHER_1,WEATHER_2,STATE_HWY_IND,CALTRANS_COUNTY,CALTRANS_DISTRICT,STATE_ROUTE,ROUTE_SUFFIX,POSTMILE_PREFIX,POSTMILE,LOCATION_TYPE,RAMP_INTERSECTION,SIDE_OF_HWY,TOW_AWAY,COLLISION_SEVERITY,NUMBER_KILLED,NUMBER_INJURED,PARTY_COUNT,PRIMARY_COLL_FACTOR,PCF_CODE_OF_VIOL,PCF_VIOL_CATEGORY,PCF_VIOLATION,PCF_VIOL_SUBSECTION,HIT_AND_RUN,TYPE_OF_COLLISION,MVIW,PED_ACTION,ROAD_SURFACE,ROAD_COND_1,ROAD_COND_2,LIGHTING,CONTROL_DEVICE,CHP_ROAD_TYPE,PEDESTRIAN_ACCIDENT,BICYCLE_ACCIDENT,MOTORCYCLE_ACCIDENT,TRUCK_ACCIDENT,NOT_PRIVATE_PROPERTY,ALCOHOL_INVOLVED,STWD_VEHTYPE_AT_FAULT,CHP_VEHTYPE_AT_FAULT,COUNT_SEVERE_INJ,COUNT_VISIBLE_INJ,COUNT_COMPLAINT_PAIN,COUNT_PED_KILLED,COUNT_PED_INJURED,COUNT_BICYCLIST_KILLED,COUNT_BICYCLIST_INJURED,COUNT_MC_KILLED,COUNT_MC_INJURED,PRIMARY_RAMP,SECONDARY_RAMP,LATITUDE,LONGITUDE,COUNTY,CITY,POINT_X,POINT_Y
9648434,2023,2023-12-23,1942,2023-11-24,1740,45450,1657,5,5,7,1942,0,0,0,P,0,16X57,VALMONT ST,COMMERCE AV,180,W,N,A,-,N,NA,NA,NA,NA,NA,NA,NA,NA,NA,N,2,0,1,2,A,-,03,22350,NA,F,G,B,E,A,H,-,C,D,0,Y,NA,NA,NA,Y,Y,-,99,1,0,0,0,1,0,0,0,0,-,-,NA,NA,LOS ANGELES,LOS ANGELES,-118.28923797607422,34.25230026245117
9648438,2023,2023-12-23,1942,2023-11-13,1905,40567,2187,1,5,7,1942,0,0,0,NA,0,26T54W,VENTURA BL,CANOGA AV,0,NA,Y,A,-,N,NA,NA,NA,NA,NA,NA,NA,NA,NA,Y,2,0,5,3,A,-,03,22350,NA,N,C,C,A,A,H,-,C,A,0,NA,NA,NA,NA,Y,NA,A,01,2,0,3,0,0,0,0,0,0,-,-,NA,NA,LOS ANGELES,LOS ANGELES,-118.59744262695313,34.16786193847656
9648465,2023,2023-12-23,1942,2023-11-24,1300,41274,1908,5,5,7,1942,0,0,0,NA,0,23M48W,SAYRE ST,LEXICON AV,142,N,N,A,-,N,NA,NA,NA,NA,NA,NA,NA,NA,NA,N,2,0,1,1,A,-,03,22350,NA,N,H,-,A,A,H,-,A,D,0,NA,NA,Y,NA,Y,NA,C,02,1,0,0,0,0,0,0,0,1,-,-,NA,NA,LOS ANGELES,LOS ANGELES,-118.4230499267578,34.31966781616211
9648469,2023,2023-12-23,1942,2023-11-19,2250,40388,1961,7,5,7,1942,0,0,0,NA,0,26T52W,SEPULVEDA BL,PLUMMER ST,0,NA,Y,A,-,N,NA,NA,NA,NA,NA,NA,NA,NA,NA,Y,2,0,2,2,A,-,09,21453,C,N,A,C,A,A,H,-,C,A,0,NA,NA,NA,NA,Y,NA,A,01,2,0,0,0,0,0,0,0,0,-,-,NA,NA,LOS ANGELES,LOS ANGELES,-118.46763610839844,34.2427864074707
9648484,2023,2023-12-28,1900,2023-10-18,1712,843386,0458,3,5,6,1949,0,0,0,NA,0,43T1,166TH ST,PIONEER BL,16,E,N,A,-,N,NA,NA,NA,NA,NA,NA,NA,NA,NA,N,4,0,1,2,A,-,12,21453,A,N,G,B,B,A,H,-,A,A,0,Y,NA,NA,NA,Y,NA,D,22,0,0,1,0,1,0,0,0,0,-,-,NA,NA,LOS ANGELES,NORWALK,-118.08236694335938,33.88037872314453
9648486,2023,2024-01-13,1942,2023-11-15,920,37540,1101,3,5,7,1942,0,0,0,K,0,24T27,FOREST LAWN DR,ZOO DR,1300,W,N,B,-,N,NA,NA,NA,NA,NA,NA,NA,NA,NA,N,4,0,3,2,A,-,03,22350,NA,N,C,C,A,A,H,-,A,D,0,NA,NA,NA,NA,Y,NA,A,01,0,0,3,0,0,0,0,0,0,-,-,NA,NA,LOS ANGELES,LOS ANGELES,-118.31555938720705,34.15177536010742
9648487,2023,2024-01-04,1942,2023-11-27,645,40024,1172,1,5,7,1942,0,0,0,K,0,24MQ53,GLENDALE BL,AARON ST,0,NA,Y,A,-,N,NA,NA,NA,NA,NA,NA,NA,NA,NA,N,4,0,3,2,A,-,08,22107,NA,N,B,C,A,A,H,-,A,A,0,NA,NA,NA,NA,Y,NA,A,01,0,0,3,0,0,0,0,0,0,-,-,NA,NA,LOS ANGELES,LOS ANGELES,-118.25977325439452,34.08686828613281
9648488,2023,2024-01-04,1942,2023-11-22,1510,42932,1101,3,5,7,1942,0,0,0,K,0,24TL28,N VERMONT CANYON RD,OBSERVATORY RD,0,NA,Y,A,-,N,NA,NA,NA,NA,NA,NA,NA,NA,NA,N,4,0,1,2,A,-,03,22350,NA,N,C,C,A,A,H,-,A,D,0,NA,NA,NA,NA,Y,NA,D,22,0,0,1,0,0,0,0,0,0,-,-,NA,NA,LOS ANGELES,LOS ANGELES,-118.29959106445313,34.12321090698242
9648489,2022,2023-12-27,1942,2022-10-18,0001,39508,1321,2,5,7,1942,0,0,0,M,0,24T33,HILL ST,ADAMS BL,0,NA,Y,A,-,N,NA,NA,NA,NA,NA,NA,NA,NA,NA,Y,3,0,2,2,A,-,01,23152,A,N,D,C,A,A,H,-,C,D,0,NA,NA,NA,NA,Y,Y,A,01,0,1,1,0,0,0,0,0,0,-,-,NA,NA,LOS ANGELES,LOS ANGELES,-118.27084350585938,34.025821685791016
9648491,2023,2024-01-04,1942,2023-11-08,605,40421,1321,3,5,7,1942,0,0,0,M,0,24T22W,WASHINGTON BL,LOS ANGELES ST,70,W,N,A,-,N,NA,NA,NA,NA,NA,NA,NA,NA,NA,Y,4,0,1,3,A,-,01,23152,A,N,C,C,A,A,H,-,A,D,0,NA,NA,NA,NA,Y,NA,D,22,0,0,1,0,0,0,0,0,0,-,-,NA,NA,LOS ANGELES,LOS ANGELES,-118.26380157470705,34.030555725097656
9648492,2023,2024-01-04,1942,2023-11-08,1805,42943,1317,3,5,7,1942,0,0,0,M,0,24T55,NAOMI AV,18TH ST,0,NA,Y,A,-,N,NA,NA,NA,NA,NA,NA,NA,NA,NA,N,4,0,1,2,A,-,12,22450,A,F,D,C,A,A,H,-,B,A,0,NA,NA,NA,NA,Y,Y,-,99,0,0,1,0,0,0,0,0,0,-,-,NA,NA,LOS ANGELES,LOS ANGELES,-118.24745178222656,34.023799896240234
9648495,2023,2024-01-04,1942,2023-11-15,1600,41068,1309,3,5,7,1942,0,0,0,M,0,24T51,WASHINGTON BL,ALAMEDA ST,900,E,N,C,-,N,NA,NA,NA,NA,NA,NA,NA,NA,NA,N,4,0,1,2,A,-,03,22350,NA,N,C,C,A,D,H,-,C,D,0,NA,NA,Y,NA,Y,NA,C,02,0,0,1,0,0,0,0,0,1,-,-,NA,NA,LOS ANGELES,LOS ANGELES,-118.23670196533205,34.019248962402344
9648499,2023,2023-12-27,1942,2023-10-28,224,45339,1123,6,5,7,1942,0,0,0,K,0,11A1,LEGION LN,DOVER ST,271,E,N,A,-,N,NA,NA,NA,NA,NA,NA,NA,NA,NA,Y,3,0,1,3,A,-,05,21650,NA,F,B,E,A,A,H,-,C,D,0,NA,NA,NA,NA,Y,NA,A,01,0,1,0,0,0,0,0,0,0,-,-,NA,NA,LOS ANGELES,LOS ANGELES,-118.268310546875,34.12028884887695
9648507,2023,2024-01-18,1970,2023-11-03,1521,169,SPB2,5,5,4,1970,0,0,0,NA,0,002,FAIR OAKS AV,OXLEY ST,8,S,N,A,-,N,NA,NA,NA,NA,NA,NA,NA,NA,NA,N,4,0,1,2,A,-,10,21950,A,M,G,B,B,A,H,-,A,A,0,Y,NA,NA,NA,Y,Y,D,22,0,0,1,0,1,0,0,0,0,-,-,NA,NA,LOS ANGELES,SOUTH PASADENA,-118.1503677368164,34.11378860473633
9648508,2023,2024-01-04,1970,2023-11-27,1556,169,SPB1,1,5,4,1970,0,0,0,NA,0,001,PASADENA AV,PASADENA AV GRADE CROSSING,0,NA,Y,A,-,N,NA,NA,NA,NA,NA,NA,NA,NA,NA,Y,4,0,1,2,-,-,-,NA,A,N,D,C,A,A,H,-,A,A,0,NA,NA,NA,NA,Y,NA,A,01,0,0,1,0,0,0,0,0,0,-,-,NA,NA,LOS ANGELES,SOUTH PASADENA,-118.15415954589844,34.145748138427734
9648514,2023,2024-01-10,1900,2023-11-10,1045,605584,0812,5,5,4,1960,0,0,0,NA,0,81K1,SAN DIMAS AV,PUDDINGSTON AVE,2000,S,N,A,-,N,NA,NA,NA,NA,NA,NA,NA,NA,NA,Y,3,0,2,2,A,-,05,21651,B,N,A,C,A,A,H,-,A,D,0,NA,NA,NA,NA,Y,NA,A,01,0,1,1,0,0,0,0,0,0,-,-,34.09564971923828,-117.81578063964844,LOS ANGELES,SAN DIMAS,-117.81446075439452,34.09588623046875
9648529,2023,2024-02-29,1910,2023-12-12,1750,04616,NA,2,5,4,1910,0,0,0,NA,0,009,WILSHIRE BL,OAKHURST DR,0,NA,Y,A,-,N,NA,NA,NA,NA,NA,NA,NA,NA,NA,Y,3,0,1,3,A,-,09,21801,A,N,D,C,A,A,H,-,C,D,0,NA,NA,NA,NA,Y,NA,A,01,0,1,0,0,0,0,0,0,0,-,-,34.06708908081055,-118.39073944091795,LOS ANGELES,BEVERLY HILLS,-118.39073181152344,34.06706237792969
9648553,2023,2024-02-29,1902,2023-12-12,1900,840,08,2,5,5,1902,0,0,0,NA,0,001,FOOTHILL BL,1ST AV,300,W,N,A,-,N,NA,NA,NA,NA,NA,NA,NA,NA,NA,Y,3,0,1,2,A,-,09,21804,A,N,D,C,A,A,H,-,C,D,0,NA,NA,Y,NA,Y,NA,C,02,0,1,0,0,0,0,0,0,1,-,-,NA,NA,LOS ANGELES,ARCADIA,-118.02954864501952,34.150997161865234
9648568,2023,2024-01-12,1942,2023-11-24,1600,44345,WVAL,5,5,7,1942,0,0,0,NA,0,10X18,VICTORY BL,RESEDA BL,5,N,N,A,-,N,NA,NA,NA,NA,NA,NA,NA,NA,NA,NA,4,0,1,1,A,-,01,23152,NA,N,A,I,A,A,H,-,A,A,0,NA,NA,NA,NA,Y,Y,A,07,0,0,1,0,0,0,0,0,0,-,-,NA,NA,LOS ANGELES,LOS ANGELES,-118.53601837158205,34.18656921386719
9648579,2023,2023-12-30,1942,2023-11-04,37,45368,WVAL,6,5,7,1942,0,0,0,NA,0,10A3,STRATHERN ST,GARDEN GROVE AV,0,NA,Y,A,-,N,NA,NA,NA,NA,NA,NA,NA,NA,NA,N,3,0,3,2,A,-,17,21451,A,N,C,C,A,A,H,-,C,D,0,NA,NA,NA,NA,Y,Y,D,22,0,1,2,0,0,0,0,0,0,-,-,NA,NA,LOS ANGELES,LOS ANGELES,-118.52850341796876,34.21565246582031
9648580,2023,2023-12-30,1942,2023-11-25,420,38687,1767,6,5,7,1942,0,0,0,Q,0,26TL25,RESEDA BL,HALSTED ST,100,S,N,A,-,N,NA,NA,NA,NA,NA,NA,NA,NA,NA,Y,4,0,1,4,A,-,01,23152,A,N,C,E,A,A,H,-,A,D,0,NA,NA,NA,NA,Y,Y,A,01,0,0,1,0,0,0,0,0,0,-,-,NA,NA,LOS ANGELES,LOS ANGELES,-118.5360870361328,34.24429702758789
9648581,2023,2023-12-30,1942,2023-11-23,2340,43712,0926,4,5,7,1942,0,0,0,I,0,26T55,VICTORY BL,TYRONE AV,120,E,N,B,-,N,NA,NA,NA,NA,NA,NA,NA,NA,NA,Y,4,0,1,2,A,-,07,21658,A,F,C,C,A,A,H,-,E,A,0,NA,NA,NA,NA,Y,NA,A,07,0,0,1,0,0,0,0,0,0,-,-,NA,NA,LOS ANGELES,LOS ANGELES,-118.44394683837892,34.186668395996094
9648582,2023,2024-11-01,1942,2023-11-23,2220,40388,0926,4,5,7,1942,0,0,0,I,0,26T52W,SYLMAR AV,VICTORY BL,0,NA,Y,B,-,N,NA,NA,NA,NA,NA,NA,NA,NA,NA,Y,4,0,1,2,A,-,12,21453,A,F,D,C,A,A,H,-,C,A,0,NA,NA,NA,NA,Y,NA,A,01,0,0,1,0,0,0,0,0,0,-,-,NA,NA,LOS ANGELES,LOS ANGELES,-118.446533203125,34.18667221069336
9648583,2023,2023-12-30,1942,2023-11-22,1800,38033,2145,3,5,7,1942,0,0,0,NA,0,26T37W,VICTORY BL,TOPANGA CANYON BL,14,E,N,A,-,N,NA,NA,NA,NA,NA,NA,NA,NA,NA,Y,3,0,1,2,A,-,11,21456,B,F,G,B,B,A,H,-,C,A,0,Y,NA,NA,NA,Y,NA,N,60,0,1,0,0,1,0,0,0,0,-,-,NA,NA,LOS ANGELES,LOS ANGELES,-118.60584259033205,34.186927795410156
9648584,2023,2023-12-30,1942,2023-11-22,1802,38033,2145,3,5,7,1942,0,0,0,NA,0,26T37W,VICTORY BL,OWENSMOUTH AV,0,NA,Y,A,-,N,NA,NA,NA,NA,NA,NA,NA,NA,NA,Y,4,0,1,3,A,-,12,21453,A,N,D,C,A,A,H,-,C,A,0,NA,NA,NA,NA,Y,NA,A,01,0,0,1,0,0,0,0,0,0,-,-,NA,NA,LOS ANGELES,LOS ANGELES,-118.6015396118164,34.1877326965332
9648585,2023,2023-12-30,1942,2023-11-21,1410,39473,1712,2,5,7,1942,0,0,0,Q,0,26TL77,DORAL AV,PORTER VALLEY DR,200,S,N,A,-,N,NA,NA,NA,NA,NA,NA,NA,NA,NA,Y,3,0,1,2,A,-,01,23152,A,N,C,E,A,A,H,-,A,D,0,NA,NA,NA,NA,Y,Y,A,01,0,1,0,0,0,0,0,0,0,-,-,NA,NA,LOS ANGELES,LOS ANGELES,-118.55438995361328,34.287803649902344
9648586,2023,2023-12-30,1942,2023-11-19,2350,41158,195,7,5,7,1942,0,0,0,NA,0,26T34W,LINDLEY AV,ACRE ST,60,S,N,A,-,N,NA,NA,NA,NA,NA,NA,NA,NA,NA,N,4,0,1,2,A,-,08,22107,NA,F,D,C,A,A,H,-,C,D,0,NA,NA,NA,NA,Y,NA,-,99,0,0,1,0,0,0,0,0,0,-,-,NA,NA,LOS ANGELES,LOS ANGELES,-118.52735137939452,34.22987365722656
9648587,2023,2023-12-30,1942,2023-11-17,115,41158,0941,5,5,7,1942,0,0,0,I,0,26T34W,VAN NUYS BL,CALIFA ST,77,S,N,A,-,N,NA,NA,NA,NA,NA,NA,NA,NA,NA,N,2,0,1,2,A,-,11,21954,A,F,G,B,D,A,H,-,C,A,0,Y,NA,NA,NA,Y,NA,N,60,1,0,0,0,1,0,0,0,0,-,-,NA,NA,LOS ANGELES,LOS ANGELES,-118.44873046875,34.177337646484375
9648588,2023,2023-12-30,1942,2023-11-16,305,41158,0964,4,5,7,1942,0,0,0,I,0,26T53,HAZELTINE AV,RIVERSIDE DR,65,N,N,C,-,N,NA,NA,NA,NA,NA,NA,NA,NA,NA,Y,4,0,1,1,A,-,01,23152,A,N,E,I,A,B,H,-,C,A,0,NA,NA,NA,NA,Y,NA,A,01,0,0,1,0,0,0,0,0,0,-,-,NA,NA,LOS ANGELES,LOS ANGELES,-118.44000244140624,34.15778732299805
9648589,2023,2023-12-30,1942,2023-11-17,1900,42279,1029,5,5,7,1942,0,0,0,J,0,10X18W,HASKELL,VANOWEN,0,NA,-,-,-,N,NA,NA,NA,NA,NA,NA,NA,NA,NA,Y,3,0,2,4,A,-,03,22350,NA,F,C,C,A,A,H,-,C,A,0,NA,NA,NA,NA,Y,NA,-,NA,0,2,0,0,0,0,0,0,0,-,-,NA,NA,LOS ANGELES,LOS ANGELES,-118.4748764038086,34.19390869140625
9648590,2023,2023-12-30,1942,2023-11-12,1500,43659,1015,7,5,7,1942,0,0,0,J,0,10A3,WYANDOTTE ST,WHITE OAK AV,0,NA,Y,A,-,N,NA,NA,NA,NA,NA,NA,NA,NA,NA,Y,4,0,1,2,A,-,03,22350,NA,M,D,C,A,A,H,-,A,D,0,NA,NA,NA,NA,Y,NA,-,NA,0,0,1,0,0,0,0,0,0,-,-,NA,NA,LOS ANGELES,LOS ANGELES,-118.51858520507813,34.20295333862305
9648591,2023,2023-12-30,1942,2023-11-15,2130,42746,1065,3,5,7,1942,0,0,0,J,0,10A99,VENTURA BL,ZELZAH AV,10,E,N,A,-,N,NA,NA,NA,NA,NA,NA,NA,NA,NA,N,4,0,1,2,A,-,03,22350,NA,F,C,-,A,A,H,-,C,A,0,NA,NA,NA,NA,Y,NA,-,99,0,0,1,0,0,0,0,0,0,-,-,NA,NA,LOS ANGELES,LOS ANGELES,-118.52278900146484,34.163818359375
9648592,2023,2023-12-30,1942,2023-11-17,2005,37845,1745,5,5,7,1942,0,0,0,Q,0,17A35,WHITE OAK AV,SAN JOSE ST,0,NA,Y,B,-,N,NA,NA,NA,NA,NA,NA,NA,NA,NA,Y,3,0,2,2,A,-,12,22450,NA,F,D,C,A,A,H,-,C,A,0,NA,NA,NA,NA,Y,NA,A,01,0,2,0,0,0,0,0,0,0,-,-,NA,NA,LOS ANGELES,LOS ANGELES,-118.5197982788086,34.26127243041992
9648593,2023,2023-12-30,1942,2023-11-17,830,44265,1723,5,5,7,1942,0,0,0,Q,0,17A23,DEVONSHIRE ST,CANOGA AV,0,NA,Y,A,-,N,NA,NA,NA,NA,NA,NA,NA,NA,NA,Y,4,0,1,2,A,-,12,21453,A,F,B,C,A,A,H,-,A,A,0,NA,NA,Y,NA,Y,NA,A,07,0,0,1,0,0,0,0,0,1,-,-,NA,NA,LOS ANGELES,LOS ANGELES,-118.59732818603516,34.257240295410156
9648594,2023,2023-12-30,1942,2023-11-24,2310,44344,1924,5,5,7,1942,0,0,0,NA,0,26T35,LAUREL CANYON BL,HUBBARD ST,0,NA,Y,A,-,N,NA,NA,NA,NA,NA,NA,NA,NA,NA,N,3,0,1,2,A,-,12,21453,A,F,D,C,A,A,H,-,C,A,0,NA,NA,NA,NA,Y,NA,-,99,0,1,0,0,0,0,0,0,0,-,-,NA,NA,LOS ANGELES,LOS ANGELES,-118.45796966552734,34.284175872802734
9648595,2023,2023-12-30,1942,2023-11-16,2300,41396,1967,4,5,7,1942,0,0,0,NA,0,26T34W,NORDHOFF ST,OSBORNE ST,70,W,N,A,-,N,NA,NA,NA,NA,NA,NA,NA,NA,NA,Y,4,0,2,3,A,-,03,22350,NA,F,C,C,A,A,H,-,C,A,0,NA,NA,NA,NA,Y,NA,A,01,0,0,2,0,0,0,0,0,0,-,-,NA,NA,LOS ANGELES,LOS ANGELES,-118.4356689453125,34.23529052734375
9648596,2023,2023-12-30,1942,2023-11-20,1410,38264,1984,1,5,7,1942,0,0,0,NA,0,26TL72,CEDROS AV,PARTHENIA ST,660,N,N,A,-,N,NA,NA,NA,NA,NA,NA,NA,NA,NA,N,2,0,1,2,A,-,10,21954,B,F,B,B,E,A,-,-,A,D,0,Y,NA,NA,NA,Y,NA,-,99,1,0,0,0,1,0,0,0,0,-,-,NA,NA,LOS ANGELES,LOS ANGELES,-118.45352935791016,34.22991943359375
9648609,2023,2023-12-20,1900,2023-11-05,1830,489533,0456,7,5,6,1949,0,0,0,NA,0,45T1,NORWALK BL,EXCELSIOR DR,199,N,N,A,-,N,NA,NA,NA,NA,NA,NA,NA,NA,NA,Y,4,0,1,2,A,-,08,22107,NA,N,C,E,A,A,H,-,C,D,0,NA,NA,NA,NA,Y,Y,A,01,0,0,1,0,0,0,0,0,0,-,-,NA,NA,LOS ANGELES,NORWALK,-118.0729522705078,33.89546585083008
9648640,2023,2023-12-27,1926,2023-11-28,1755,0184,NA,2,5,5,1926,0,0,0,NA,0,002,W BASELINE RD,S GRAND AV,412,E,N,A,-,N,NA,NA,NA,NA,NA,NA,NA,NA,NA,N,4,0,1,2,D,-,00,NA,NA,N,B,C,A,A,H,-,C,D,0,NA,NA,NA,NA,Y,NA,-,-,0,0,1,0,0,0,0,0,0,-,-,34.121360778808594,-117.8727569580078,LOS ANGELES,GLENDORA,-117.87139129638672,34.12135314941406
9648641,2023,2023-12-30,1941,2023-10-25,1516,11154,WEST,3,5,7,1941,0,0,0,NA,0,004,E PACIFIC COAST HY,LOCUST AV,0,NA,Y,A,-,N,NA,NA,NA,NA,NA,NA,NA,NA,NA,Y,4,0,1,2,D,-,00,NA,NA,N,D,C,A,A,H,-,A,D,0,NA,NA,NA,NA,Y,NA,-,-,0,0,1,0,0,0,0,0,0,-,-,33.789859771728516,-118.19107818603516,LOS ANGELES,LONG BEACH,-118.19107055664064,33.78987121582031
9648696,2023,2024-02-27,1942,2023-12-03,326,45196,0563,7,5,7,1942,0,0,0,E,0,5A85,15TH ST,PACIFIC AV,0,NA,Y,A,-,N,NA,NA,NA,NA,NA,NA,NA,NA,NA,Y,3,0,3,2,A,-,01,23152,A,F,D,C,A,A,H,-,C,A,0,NA,NA,NA,NA,Y,Y,A,01,0,3,0,0,0,0,0,0,0,-,-,NA,NA,LOS ANGELES,LOS ANGELES,-118.28794860839844,33.730594635009766
9648703,2023,2023-12-27,1953,2023-11-25,2330,5339,1953,6,5,6,1953,0,0,0,NA,0,002,ORANGE GROVE BL,GARFIELD AV,30,E,N,A,-,N,NA,NA,NA,NA,NA,NA,NA,NA,NA,Y,4,0,1,2,A,-,01,23152,A,N,-,C,A,A,H,-,C,D,0,NA,NA,NA,NA,Y,Y,A,01,0,0,1,0,0,0,0,0,0,-,-,NA,NA,LOS ANGELES,PASADENA,-118.14372253417967,34.15785217285156
9648704,2023,2023-12-27,1953,2023-11-30,1746,8515,1953,4,5,6,1953,0,0,0,NA,0,001,GLENARM ST,EUCLID AV,0,NA,Y,A,-,N,NA,NA,NA,NA,NA,NA,NA,NA,NA,Y,4,0,1,2,A,-,09,21801,NA,N,D,C,A,A,H,-,C,A,0,NA,NA,NA,NA,Y,NA,A,01,0,0,1,0,0,0,0,0,0,-,-,NA,NA,LOS ANGELES,PASADENA,-118.14276885986328,34.127567291259766
9648705,2023,2023-12-27,1953,2023-11-30,1319,8091,1953,4,5,6,1953,0,0,0,NA,0,001,ARROYO BL,NORWOOD DR,0,NA,Y,A,-,N,NA,NA,NA,NA,NA,NA,NA,NA,NA,Y,3,0,1,2,A,-,08,22107,NA,N,C,E,A,A,H,-,A,D,0,NA,NA,NA,NA,Y,NA,A,01,0,1,0,0,0,0,0,0,0,-,-,NA,NA,LOS ANGELES,PASADENA,-118.16580963134766,34.138431549072266
9648706,2023,2023-12-27,1900,2023-11-12,1534,661687,2260,7,5,2,1993,0,0,0,NA,0,222,AGOURA RD,LINDERO CANYON RD,5,E,N,A,-,N,NA,NA,NA,NA,NA,NA,NA,NA,NA,Y,2,0,1,2,A,-,08,22107,NA,N,D,C,A,A,H,-,A,D,0,NA,NA,Y,NA,Y,NA,A,01,1,0,0,0,0,0,0,0,1,-,-,34.145050048828125,-118.79818725585938,LOS ANGELES,WESTLAKE VILLAGE,-118.80587768554688,34.146053314208984
9648707,2023,2023-12-27,1900,2023-11-25,1350,658320,2248,6,5,3,1989,0,0,0,NA,0,224T1,PARK GRANADA,PARK SORRENTO,102,S,N,-,-,N,NA,NA,NA,NA,NA,NA,NA,NA,NA,Y,3,0,2,2,A,-,03,22350,NA,N,C,C,A,A,H,-,A,A,0,NA,NA,NA,NA,Y,NA,A,07,0,1,1,0,0,0,0,0,0,-,-,34.1544303894043,-118.64225769042967,LOS ANGELES,CALABASAS,-118.64237213134766,34.15439987182617
9648708,2023,2024-01-03,1900,2023-11-27,2045,663923,2244,1,5,3,1989,0,0,0,NA,0,103A,LAS VIRGENES RD,RT 101,6,S,N,A,-,N,NA,NA,NA,NA,NA,NA,NA,NA,NA,N,4,0,1,2,A,-,10,21950,A,N,H,B,C,A,H,-,C,A,0,Y,NA,NA,NA,Y,NA,A,01,0,0,1,0,1,0,0,0,0,-,SO,34.14570999145508,-118.6982192993164,LOS ANGELES,CALABASAS,NA,NA
9648709,2023,2023-12-27,1900,2023-11-29,1229,539642,2220,3,5,3,1994,0,0,0,NA,0,222T2,REYES ADOBE RD,THOUSAND OAKS BL,0,NA,Y,A,-,N,NA,NA,NA,NA,NA,NA,NA,NA,NA,Y,3,0,4,2,A,-,12,21453,A,N,D,C,A,A,-,-,A,A,0,NA,NA,NA,NA,Y,NA,A,07,0,2,2,0,0,0,0,0,0,-,-,34.151519775390625,-118.75853729248048,LOS ANGELES,AGOURA HILLS,-118.7812271118164,34.15562057495117
9648712,2023,2023-12-27,1900,2023-11-28,1920,624812,0465,2,5,4,1936,0,0,0,NA,0,4ET1,LA MIRADA BL,ALONDRA BL,346,N,N,A,-,N,NA,NA,NA,NA,NA,NA,NA,NA,NA,Y,4,0,2,4,A,-,03,22350,NA,N,C,C,A,A,H,-,C,D,0,NA,NA,NA,NA,Y,NA,A,01,0,0,2,0,0,0,0,0,0,-,-,NA,NA,LOS ANGELES,LA MIRADA,-117.99994659423828,33.88899612426758
9648713,2023,2023-12-27,1953,2023-11-29,1902,4606,1953,3,5,6,1953,0,0,0,NA,0,002,VILLA ST,WILSON AV,10,E,N,A,-,N,NA,NA,NA,NA,NA,NA,NA,NA,NA,N,4,0,1,2,A,-,08,22107,NA,N,G,B,B,A,H,-,C,A,0,Y,NA,NA,NA,Y,NA,A,01,0,0,1,0,1,0,0,0,0,-,-,NA,NA,LOS ANGELES,PASADENA,-118.12813568115234,34.154319763183594
9648714,2023,2023-12-27,1953,2023-11-27,2141,7791,1953,1,5,6,1953,0,0,0,NA,0,005,MARENGO AV,GREEN ST,0,NA,Y,A,-,N,NA,NA,NA,NA,NA,NA,NA,NA,NA,Y,3,0,2,2,A,-,12,21453,A,N,D,C,A,A,H,-,C,A,0,NA,NA,NA,NA,Y,NA,A,07,0,1,1,0,0,0,0,0,0,-,-,NA,NA,LOS ANGELES,PASADENA,-118.14595794677734,34.14449691772461
9648715,2023,2023-12-28,1900,2023-11-17,652,612141,0455,5,5,6,1949,0,0,0,NA,0,45K1D,ALONDRA BL,PLUMA AV,10,E,N,A,-,N,NA,NA,NA,NA,NA,NA,NA,NA,NA,N,4,0,1,2,A,-,08,22107,NA,N,D,G,A,A,H,-,A,A,0,NA,Y,NA,NA,Y,NA,A,01,0,0,1,0,0,0,1,0,0,-,-,NA,NA,LOS ANGELES,NORWALK,-118.10590362548828,33.88768768310547
9648716,2023,2023-12-27,1900,2023-11-17,739,624614,0455,5,5,6,1949,0,0,0,NA,0,43T1,EXCELSIOR DR,LEFLOSS AV,0,NA,Y,A,-,N,NA,NA,NA,NA,NA,NA,NA,NA,NA,Y,3,0,2,2,A,-,09,21802,A,N,D,C,A,A,H,-,A,A,0,NA,NA,Y,NA,Y,NA,O,05,0,2,0,0,0,0,0,0,1,-,-,NA,NA,LOS ANGELES,NORWALK,-118.10099029541016,33.89463806152344
9648717,2023,2023-12-27,1900,2023-11-15,1714,625511,0460,3,5,4,1936,0,0,0,NA,0,46T1,LA MIRADA BL,GRANADA AV,0,NA,Y,C,-,N,NA,NA,NA,NA,NA,NA,NA,NA,NA,Y,3,0,1,2,A,-,09,21802,A,N,D,C,A,B,H,-,C,A,0,NA,NA,NA,NA,Y,NA,A,01,0,1,0,0,0,0,0,0,0,-,-,NA,NA,LOS ANGELES,LA MIRADA,-118.0120086669922,33.92241287231445
9648718,2023,2023-12-27,1900,2023-11-21,1620,624812,0470,2,5,4,1936,0,0,0,NA,0,46T1,ROSECRANS AV,LA MIRADA BL,501,W,N,A,-,N,NA,NA,NA,NA,NA,NA,NA,NA,NA,Y,4,0,1,2,A,-,09,21804,A,N,D,C,A,A,H,-,A,D,0,NA,NA,NA,NA,Y,NA,A,01,0,0,1,0,0,0,0,0,0,-,-,NA,NA,LOS ANGELES,LA MIRADA,-118.01266479492188,33.898460388183594