CASE_ID,ACCIDENT_YEAR,PROC_DATE,JURIS,COLLISION_DATE,COLLISION_TIME,OFFICER_ID,REPORTING_DISTRICT,DAY_OF_WEEK,CHP_SHIFT,POPULATION,CNTY_CITY_LOC,SPECIAL_COND,BEAT_TYPE,CHP_BEAT_TYPE,CITY_DIVISION_LAPD,CHP_BEAT_CLASS,BEAT_NUMBER,PRIMARY_RD,SECONDARY_RD,DISTANCE,DIRECTION,INTERSECTION,WEATHER_1,WEATHER_2,STATE_HWY_IND,CALTRANS_COUNTY,CALTRANS_DISTRICT,STATE_ROUTE,ROUTE_SUFFIX,POSTMILE_PREFIX,POSTMILE,LOCATION_TYPE,RAMP_INTERSECTION,SIDE_OF_HWY,TOW_AWAY,COLLISION_SEVERITY,NUMBER_KILLED,NUMBER_INJURED,PARTY_COUNT,PRIMARY_COLL_FACTOR,PCF_CODE_OF_VIOL,PCF_VIOL_CATEGORY,PCF_VIOLATION,PCF_VIOL_SUBSECTION,HIT_AND_RUN,TYPE_OF_COLLISION,MVIW,PED_ACTION,ROAD_SURFACE,ROAD_COND_1,ROAD_COND_2,LIGHTING,CONTROL_DEVICE,CHP_ROAD_TYPE,PEDESTRIAN_ACCIDENT,BICYCLE_ACCIDENT,MOTORCYCLE_ACCIDENT,TRUCK_ACCIDENT,NOT_PRIVATE_PROPERTY,ALCOHOL_INVOLVED,STWD_VEHTYPE_AT_FAULT,CHP_VEHTYPE_AT_FAULT,COUNT_SEVERE_INJ,COUNT_VISIBLE_INJ,COUNT_COMPLAINT_PAIN,COUNT_PED_KILLED,COUNT_PED_INJURED,COUNT_BICYCLIST_KILLED,COUNT_BICYCLIST_INJURED,COUNT_MC_KILLED,COUNT_MC_INJURED,PRIMARY_RAMP,SECONDARY_RAMP,LATITUDE,LONGITUDE,COUNTY,CITY,POINT_X,POINT_Y
9651452,2023,2024-01-02,1900,2023-11-22,2224,638935,1326,3,5,5,1935,0,0,0,NA,0,132,SOUTH ST,PALO VERDE AV,0,NA,Y,A,-,N,NA,NA,NA,NA,NA,NA,NA,NA,NA,Y,4,0,1,1,A,-,01,23152,A,N,A,I,A,A,H,-,C,A,0,NA,NA,NA,NA,Y,Y,A,07,0,0,1,0,0,0,0,0,0,-,-,NA,NA,LOS ANGELES,LAKEWOOD,-118.10833740234376,33.858280181884766
9651499,2023,2024-02-26,1900,2023-12-01,1813,681680,1321,5,5,5,1935,0,0,0,NA,0,132T1,SOUTH ST,BELLFLOWER BL,60,W,N,A,-,N,NA,NA,NA,NA,NA,NA,NA,NA,NA,N,4,0,1,2,A,-,04,21703,NA,M,C,C,A,A,H,-,C,A,0,NA,NA,NA,NA,Y,NA,A,07,0,0,1,0,0,0,0,0,0,-,-,NA,NA,LOS ANGELES,LAKEWOOD,-118.12535858154295,33.860328674316406
9651501,2023,2024-02-26,1900,2023-12-05,1345,648577,1365,2,5,5,1952,0,0,0,NA,0,136T1,ROSECRANS AV,DOWNEY AV,250,E,N,A,-,N,NA,NA,NA,NA,NA,NA,NA,NA,NA,N,4,0,1,2,A,-,09,21801,A,N,D,C,A,A,H,-,A,D,0,NA,NA,NA,NA,Y,NA,A,01,0,0,1,0,0,0,0,0,0,-,-,NA,NA,LOS ANGELES,PARAMOUNT,-118.15074157714844,33.90367126464844
9651502,2023,2024-02-26,1900,2023-12-08,1515,624032,1321,5,5,5,1935,0,0,0,NA,0,133,GRAYWOOD AV,MICHELSON ST,390,S,N,A,-,N,NA,NA,NA,NA,NA,NA,NA,NA,NA,N,3,0,1,2,A,-,11,21954,A,N,A,B,D,A,H,-,A,D,0,Y,NA,NA,NA,Y,NA,N,60,0,1,0,0,1,0,0,0,0,-,-,NA,NA,LOS ANGELES,LAKEWOOD,-118.13812255859376,33.85626983642578
9651504,2023,2024-02-26,1900,2023-12-05,1405,647144,1323,2,5,5,1935,0,0,0,NA,0,132T2,CARSON ST,CLUBHOUSE DR,0,NA,Y,A,-,N,NA,NA,NA,NA,NA,NA,NA,NA,NA,Y,4,0,1,2,A,-,09,21804,A,N,D,C,A,A,H,-,A,A,0,NA,NA,NA,NA,Y,NA,A,01,0,0,1,0,0,0,0,0,0,-,-,NA,NA,LOS ANGELES,LAKEWOOD,-118.15509033203124,33.83246612548828
9651513,2023,2024-01-04,1900,2023-10-29,1335,643386,0453,7,5,6,1949,0,0,0,NA,0,43T1,PIONEER BL,FIRESTONE BL,240,S,N,A,-,N,NA,NA,NA,NA,NA,NA,NA,NA,NA,N,4,0,1,2,A,-,05,21202,A,N,H,G,A,A,H,-,A,A,0,NA,Y,NA,NA,Y,NA,L,04,0,0,1,0,0,0,1,0,0,-,-,NA,NA,LOS ANGELES,NORWALK,-118.08187866210938,33.91203308105469
9651515,2023,2024-01-04,1900,2023-10-15,2130,639813,1364,7,5,5,1952,0,0,0,NA,0,133B,GARFIELD AV,SOMERSET BL,260,N,N,A,-,N,NA,NA,NA,NA,NA,NA,NA,NA,NA,Y,3,0,2,3,A,-,09,21804,A,N,D,E,A,A,H,-,C,A,0,NA,NA,NA,NA,Y,NA,A,01,0,1,1,0,0,0,0,0,0,-,-,NA,NA,LOS ANGELES,PARAMOUNT,-118.16883850097656,33.89704132080078
9651516,2023,2024-01-04,1900,2023-10-03,2358,652793,1323,2,5,5,1935,0,0,0,NA,0,135A,COVER ST,PARAMOUNT BL,53,W,N,A,-,N,NA,NA,NA,NA,NA,NA,NA,NA,NA,Y,3,0,1,1,A,-,03,22350,NA,N,H,J,A,A,H,-,C,A,0,NA,NA,NA,NA,Y,NA,A,01,0,1,0,0,0,0,0,0,0,-,-,NA,NA,LOS ANGELES,LAKEWOOD,-118.1601333618164,33.827640533447266
9651531,2023,2024-01-10,1900,2023-11-26,1100,656309,1337,7,5,5,1908,0,0,0,NA,0,133T1,CORNUTA AV,FLORA VISTA ST,148,N,N,A,-,N,NA,NA,NA,NA,NA,NA,NA,NA,NA,N,4,0,2,2,A,-,09,21804,A,N,D,C,A,A,H,-,A,D,0,NA,NA,NA,NA,Y,NA,-,-,0,0,2,0,0,0,0,0,0,-,-,NA,NA,LOS ANGELES,BELLFLOWER,-118.11981201171876,33.884254455566406
9651533,2023,2024-01-10,1900,2023-11-01,23,615096,1336,3,5,5,1908,0,0,0,NA,0,132T1,ALLINGTON ST,PALO VERDE AV,17,W,N,A,-,N,NA,NA,NA,NA,NA,NA,NA,NA,NA,Y,3,0,2,1,A,-,03,22350,NA,N,E,I,A,-,H,-,C,A,0,NA,NA,NA,NA,Y,NA,A,07,0,2,0,0,0,0,0,0,0,-,-,NA,NA,LOS ANGELES,BELLFLOWER,-118.10848236083984,33.86558151245117
9651534,2023,2024-01-10,1900,2023-11-27,1540,643411,136,1,5,5,1952,0,0,0,NA,0,136,ALABAMA AV,TEXACO AV,100,W,N,A,-,N,NA,NA,NA,NA,NA,NA,NA,NA,NA,Y,4,0,1,2,A,-,03,22350,NA,M,C,C,A,A,H,-,A,D,0,NA,NA,NA,NA,Y,NA,A,01,0,0,1,0,0,0,0,0,0,-,-,NA,NA,LOS ANGELES,PARAMOUNT,NA,NA
9651536,2023,2024-01-10,1900,2023-11-02,630,622989,1349,4,5,3,1903,0,0,0,NA,0,134,ALBURTIS AV,186TH ST,0,NA,Y,A,-,N,NA,NA,NA,NA,NA,NA,NA,NA,NA,N,4,0,1,2,A,-,09,21801,A,N,D,G,A,A,H,-,C,D,0,NA,Y,NA,NA,Y,NA,A,01,0,0,1,0,0,0,1,0,0,-,-,NA,NA,LOS ANGELES,ARTESIA,-118.08468627929688,33.862789154052734
9651537,2023,2024-01-10,1900,2023-11-11,849,646466,1412,6,5,1,1932,0,0,0,NA,0,141T3,VINELAND AV,NELSON AV,286,S,N,A,-,N,NA,NA,NA,NA,NA,NA,NA,NA,NA,Y,4,0,1,3,A,-,09,21804,A,N,D,C,A,A,H,-,A,D,0,NA,NA,NA,NA,Y,NA,A,01,0,0,1,0,0,0,0,0,0,-,-,34.04924011230469,-117.9912109375,LOS ANGELES,INDUSTRY,-117.99111175537108,34.04936981201172
9651538,2023,2024-01-10,1900,2023-11-16,1307,606669,1419,4,5,1,1932,0,0,0,NA,0,141T3,GRAND AV,GARCIA LN,0,NA,Y,A,-,N,NA,NA,NA,NA,NA,NA,NA,NA,NA,Y,3,0,1,4,A,-,05,21651,B,N,D,J,A,A,H,-,A,A,0,NA,NA,NA,NA,Y,NA,A,01,0,1,0,0,0,0,0,0,0,-,-,33.025760650634766,-117.83335876464844,LOS ANGELES,INDUSTRY,-117.83326721191406,34.02564239501953
9651539,2023,2024-01-10,1900,2023-11-05,1515,635401,1430,7,5,4,1937,0,0,0,NA,0,143T1,AMAR RD,ARDILLA AV,0,NA,Y,A,-,N,NA,NA,NA,NA,NA,NA,NA,NA,NA,N,3,0,1,2,A,-,12,21453,A,N,A,B,B,A,H,-,A,A,0,Y,NA,NA,NA,Y,NA,A,01,0,1,0,0,1,0,0,0,0,-,-,34.05344009399414,-117.974853515625,LOS ANGELES,LA PUENTE,-117.97476959228516,34.0535774230957
9651540,2023,2024-01-10,1900,2023-11-07,805,635401,1430,2,5,4,1937,0,0,0,NA,0,143T1,TEMPLE AV,TONOPAH AV,0,NA,Y,A,-,N,NA,NA,NA,NA,NA,NA,NA,NA,NA,Y,4,0,1,2,A,-,09,21801,A,N,D,C,A,A,H,-,A,D,0,NA,NA,NA,NA,Y,NA,A,01,0,0,1,0,0,0,0,0,0,-,-,34.04243850708008,-117.9704132080078,LOS ANGELES,LA PUENTE,-117.970458984375,34.04241943359375
9651541,2023,2024-01-10,1900,2023-11-09,1415,653406,1430,4,5,4,1937,0,0,0,NA,0,143T1,WILLOW AV,NELSON AV,330,N,N,A,-,N,NA,NA,NA,NA,NA,NA,NA,NA,NA,N,3,0,1,2,A,-,09,21804,A,N,D,C,A,A,H,-,A,D,0,NA,NA,NA,NA,Y,NA,A,01,0,1,0,0,0,0,0,0,0,-,-,34.045040130615234,-117.98107147216795,LOS ANGELES,LA PUENTE,-117.98081970214844,34.04457473754883
9651542,2023,2024-01-10,1900,2023-11-29,1414,644925,2111,3,5,5,1943,0,0,0,NA,0,212T3,LONG BEACH BL,IMPERIAL HWY,36,N,N,A,-,N,NA,NA,NA,NA,NA,NA,NA,NA,NA,Y,3,0,1,2,C,-,18,NA,NA,N,C,C,A,A,H,-,A,A,0,NA,NA,NA,NA,Y,NA,-,-,0,1,0,0,0,0,0,0,0,-,-,NA,NA,LOS ANGELES,LYNWOOD,-118.21167755126952,33.93059539794922
9651555,2023,2024-01-22,1942,2023-11-22,2150,45193,0505,3,5,7,1942,0,0,0,E,0,5A11,190TH ST,VERMONT,0,NA,Y,A,-,N,NA,NA,NA,NA,NA,NA,NA,NA,NA,N,3,0,1,2,A,-,03,22350,NA,N,A,B,D,A,H,-,C,A,0,Y,NA,NA,NA,Y,NA,A,01,0,1,0,0,1,0,0,0,0,-,-,NA,NA,LOS ANGELES,LOS ANGELES,-118.29054260253906,33.858829498291016
9651558,2023,2024-01-22,1942,2023-11-26,40,45279,0504,7,5,7,1942,0,0,0,E,0,5A1,204TH ST,DENVER ST,400,E,N,A,-,N,NA,NA,NA,NA,NA,NA,NA,NA,NA,N,4,0,1,2,A,-,21,22106,NA,F,C,E,A,A,H,-,C,D,0,NA,NA,NA,NA,Y,NA,-,99,0,0,1,0,0,0,0,0,0,-,-,NA,NA,LOS ANGELES,LOS ANGELES,-118.30399322509766,33.84492874145508
9651725,2023,2024-02-26,1900,2023-12-07,1620,618139,0629,4,5,6,1985,0,0,0,NA,0,62T1,LA GLORITA CIR,WILEY CANYON RD,302,W,N,A,-,N,NA,NA,NA,NA,NA,NA,NA,NA,NA,Y,3,0,1,2,A,-,08,22107,NA,N,A,E,A,A,H,-,B,D,0,NA,NA,NA,NA,Y,NA,A,07,0,1,0,0,0,0,0,0,0,-,-,34.37630081176758,-118.55860900878906,LOS ANGELES,SANTA CLARITA,-118.55873107910156,34.376346588134766
9651726,2023,2024-02-26,1900,2023-12-07,1510,642979,0645,4,5,6,1985,0,0,0,NA,0,64T1,KELLY JOHNSON PKWY,CONSTELLATION RD,898,N,N,A,-,N,NA,NA,NA,NA,NA,NA,NA,NA,NA,N,3,0,1,2,A,-,17,21708,NA,N,D,D,A,A,H,-,A,D,0,NA,NA,NA,NA,Y,NA,A,01,0,1,0,0,0,0,0,0,0,-,-,34.45043182373047,-118.57997894287108,LOS ANGELES,SANTA CLARITA,-118.57998657226564,34.450382232666016
9651727,2023,2024-02-26,1900,2023-12-15,1935,652772,0617,5,5,6,1985,0,0,0,NA,0,61T1,GOLDEN VALLEY RD,CENTRE POINTE PKWY,50,S,N,A,-,N,NA,NA,NA,NA,NA,NA,NA,NA,NA,N,4,0,1,3,A,-,07,21658,A,N,B,C,A,A,H,-,C,D,0,NA,NA,NA,NA,Y,NA,A,07,0,0,1,0,0,0,0,0,0,-,TO,34.41270065307617,-118.50218963623048,LOS ANGELES,SANTA CLARITA,-118.5023193359375,34.412567138671875
9651728,2023,2024-02-23,1951,2023-12-23,1423,762,707,6,5,3,1951,0,0,0,NA,0,002,VIA DEL MONTE,VIA CONEJO,408,S,N,A,-,N,NA,NA,NA,NA,NA,NA,NA,NA,NA,Y,3,0,1,1,A,-,03,22350,NA,N,H,A,A,A,H,-,A,D,0,NA,Y,NA,NA,Y,NA,L,04,0,1,0,0,0,0,1,0,0,-,-,NA,NA,LOS ANGELES,PALOS VERDES EST,-118.40070343017578,33.79568862915039
9651729,2023,2024-02-26,1900,2023-12-11,1535,643228,0625,1,5,6,1985,0,0,0,NA,0,62T1,LYONS AV,ORCHARD VILLAGE RD,334,E,N,A,-,N,NA,NA,NA,NA,NA,NA,NA,NA,NA,N,3,0,1,2,A,-,09,21804,A,N,H,G,A,A,H,-,A,D,0,NA,Y,NA,NA,Y,NA,A,07,0,1,0,0,0,0,1,0,0,-,-,34.37997055053711,-118.53958892822266,LOS ANGELES,SANTA CLARITA,-118.53977966308594,34.379886627197266
9651730,2023,2024-02-26,1900,2023-12-16,731,647593,0645,6,5,6,1985,0,0,0,NA,0,64T1,NEWHALL RANCH RD,RYE CANYON RD,0,NA,Y,A,-,N,NA,NA,NA,NA,NA,NA,NA,NA,NA,Y,3,0,1,2,A,-,07,21658,A,N,B,C,A,A,H,-,A,D,0,NA,NA,NA,NA,Y,NA,A,01,0,1,0,0,0,0,0,0,0,-,-,34.443138122558594,-118.5789031982422,LOS ANGELES,SANTA CLARITA,-118.5791244506836,34.443153381347656
9651731,2023,2024-02-26,1900,2023-12-13,1644,652772,0617,3,5,6,1985,0,0,0,NA,0,61T1,RAINBOW GLEN DR,FLO LN,0,NA,Y,A,-,N,NA,NA,NA,NA,NA,NA,NA,NA,NA,Y,2,0,1,3,A,-,09,21801,A,N,-,C,A,A,H,-,A,A,0,NA,NA,Y,NA,Y,NA,A,07,1,0,0,0,0,0,0,0,1,-,-,34.41905975341797,-118.4887466430664,LOS ANGELES,SANTA CLARITA,-118.4887237548828,34.41900634765625
9651732,2023,2024-02-26,1900,2023-12-15,1448,652772,0617,5,5,6,1985,0,0,0,NA,0,61T1,GOLDEN TRIANGLE RD,ISABELLA PKWY,0,NA,Y,A,-,N,NA,NA,NA,NA,NA,NA,NA,NA,NA,Y,4,0,1,2,A,-,09,21801,A,N,F,C,A,A,H,-,A,A,0,NA,NA,NA,NA,Y,NA,A,07,0,0,1,0,0,0,0,0,0,-,-,34.420509338378906,-118.4938735961914,LOS ANGELES,SANTA CLARITA,-118.49392700195313,34.420555114746094
9651733,2023,2024-02-26,1900,2023-12-08,941,652772,0631,5,5,6,1985,0,0,0,NA,0,61T1,SOLEDAD CANYON RD,KENROY AV,0,NA,Y,A,-,N,NA,NA,NA,NA,NA,NA,NA,NA,NA,N,3,0,1,2,A,-,08,22107,NA,N,A,G,A,A,H,-,A,D,0,NA,Y,NA,NA,Y,NA,L,04,0,1,0,0,0,0,1,0,0,-,-,34.42689895629883,-118.42536163330078,LOS ANGELES,SANTA CLARITA,-118.42559051513672,34.42689895629883
9651734,2023,2024-02-26,1900,2023-12-07,1700,642479,0641,4,5,6,1985,0,0,0,NA,0,64T1,HASKELL CANYON RD,GROVE PARK DR,39,S,N,A,-,N,NA,NA,NA,NA,NA,NA,NA,NA,NA,N,4,0,2,2,A,-,04,21703,NA,M,C,C,A,A,H,-,A,A,0,NA,NA,NA,NA,Y,Y,A,07,0,0,2,0,0,0,0,0,0,-,-,34.44755172729492,-118.51306915283205,LOS ANGELES,SANTA CLARITA,-118.51306915283205,34.44760513305664
9651735,2023,2024-02-26,1900,2023-12-09,1310,618139,0617,6,5,6,1985,0,0,0,NA,0,61T1,VIA PRINCESSA,WEYERHAUSER WY,38,E,N,A,-,N,NA,NA,NA,NA,NA,NA,NA,NA,NA,N,4,0,1,2,A,-,04,21703,NA,N,C,C,A,A,H,-,A,A,0,NA,NA,NA,NA,Y,NA,A,01,0,0,1,0,0,0,0,0,0,-,-,34.40745162963867,-118.46862030029295,LOS ANGELES,SANTA CLARITA,-118.46868896484376,34.40739440917969
9651736,2023,2024-02-26,1900,2023-12-08,1130,652772,0647,5,5,6,1985,0,0,0,NA,0,61T1,RAILROAD AV,OAKRIDGE DR,1070,S,N,A,-,N,NA,NA,NA,NA,NA,NA,NA,NA,NA,Y,4,0,1,1,A,-,08,22107,NA,N,A,J,A,A,H,-,A,D,0,NA,NA,NA,NA,Y,NA,A,01,0,0,1,0,0,0,0,0,0,-,-,34.397499084472656,-118.53836059570313,LOS ANGELES,SANTA CLARITA,-118.53838348388672,34.39762878417969
9651737,2023,2024-02-26,1900,2023-12-08,1150,654100,2814,5,5,5,1915,0,0,0,NA,0,282T1,ROSECRANS AV,MATTHISEN AV,0,NA,Y,A,-,N,NA,NA,NA,NA,NA,NA,NA,NA,NA,N,2,0,1,2,A,-,09,21802,A,N,D,C,A,A,H,-,A,A,0,NA,NA,Y,NA,Y,NA,C,02,1,0,0,0,0,0,0,0,1,-,-,33.90327072143555,-118.23430633544922,LOS ANGELES,COMPTON,-118.2343521118164,33.90336990356445
9651738,2023,2024-02-26,1900,2023-12-05,800,476477,0617,2,5,6,1985,0,0,0,NA,0,61T1,GOLDEN VALLEY RD,GREEN MOUNTAIN DR,0,NA,Y,A,-,N,NA,NA,NA,NA,NA,NA,NA,NA,NA,Y,4,0,1,2,A,-,12,21453,A,N,A,C,A,A,H,-,A,A,0,NA,NA,NA,NA,Y,NA,A,01,0,0,1,0,0,0,0,0,0,-,-,34.39440155029297,-118.47540283203124,LOS ANGELES,SANTA CLARITA,-118.47571563720705,34.39441680908203
9651739,2023,2024-03-05,1900,2023-12-10,917,661926,2831,7,5,5,1915,0,0,0,NA,0,282T1,CENTRAL AV,ALONDRA BL,41,S,N,A,-,N,NA,NA,NA,NA,NA,NA,NA,NA,NA,N,3,0,1,2,A,-,03,22350,NA,N,C,C,A,A,H,-,A,A,0,NA,NA,NA,NA,Y,NA,A,01,0,1,0,0,0,0,0,0,0,-,-,33.88816833496094,-118.24999237060548,LOS ANGELES,COMPTON,-118.2501220703125,33.88822937011719
9651740,2023,2024-02-26,1900,2023-12-05,1300,661926,2845,2,5,5,1915,0,0,0,NA,0,282T1,ARTESIA BL,DELTA AV,170,W,N,A,-,N,NA,NA,NA,NA,NA,NA,NA,NA,NA,Y,3,0,3,2,A,-,03,22350,NA,N,D,C,A,A,H,-,A,A,0,NA,NA,NA,NA,Y,NA,A,01,0,3,0,0,0,0,0,0,0,-,-,33.87432098388672,-118.20867919921876,LOS ANGELES,COMPTON,-118.20864868164064,33.87419891357422
9651742,2023,2024-02-26,1900,2023-12-05,1644,635701,0617,2,5,6,1985,0,0,0,NA,0,61T1,SIERRA HWY,FRIENDLY VALLEY PKWY,162,N,N,A,-,N,NA,NA,NA,NA,NA,NA,NA,NA,NA,Y,4,0,1,2,A,-,08,22107,NA,N,B,C,A,A,H,-,A,A,0,NA,NA,NA,NA,Y,NA,A,07,0,0,1,0,0,0,0,0,0,-,-,34.39984893798828,-118.47328186035156,LOS ANGELES,SANTA CLARITA,-118.47344207763672,34.39991760253906
9651825,2023,2024-01-11,1900,2023-10-25,1925,641161,1337,3,5,5,1908,0,0,0,NA,0,133T2,ALONDRA BL,CORNUTA AV,0,NA,Y,A,-,N,NA,NA,NA,NA,NA,NA,NA,NA,NA,Y,4,0,2,2,A,-,09,21801,A,N,D,C,A,A,H,-,C,A,0,NA,NA,NA,NA,Y,NA,A,01,0,0,2,0,0,0,0,0,0,-,-,NA,NA,LOS ANGELES,BELLFLOWER,-118.119873046875,33.889373779296875
9651826,2023,2024-01-11,1900,2023-10-24,2254,615096,1320,2,5,5,1935,0,0,0,NA,0,132T1,PARAMOUNT BL,DEL AMO BL,0,NA,Y,A,-,N,NA,NA,NA,NA,NA,NA,NA,NA,NA,Y,3,0,2,2,A,-,09,21801,A,N,D,C,A,A,H,-,C,A,0,NA,NA,NA,NA,Y,NA,A,07,0,2,0,0,0,0,0,0,0,-,-,NA,NA,LOS ANGELES,LAKEWOOD,-118.1598892211914,33.84701156616211
9651828,2023,2024-01-11,1900,2023-10-28,1700,655208,1349,6,5,3,1903,0,0,0,NA,0,134,SOUTH ST,GRAYLAND AV,150,E,N,A,-,N,NA,NA,NA,NA,NA,NA,NA,NA,NA,Y,4,0,1,2,A,-,03,22350,NA,N,C,C,A,A,H,-,A,D,0,NA,NA,NA,NA,Y,Y,A,07,0,0,1,0,0,0,0,0,0,-,-,NA,NA,LOS ANGELES,ARTESIA,-118.07511901855467,33.85846710205078
9651835,2023,2024-01-11,1900,2023-10-11,1200,661926,2836,3,5,5,1915,0,0,0,NA,0,282T1,ALONDRA BL,ACACIA AV,10,W,N,A,-,N,NA,NA,NA,NA,NA,NA,NA,NA,NA,N,3,0,1,2,A,-,10,21950,A,N,G,B,B,A,H,-,A,A,0,Y,NA,NA,NA,Y,NA,A,01,0,1,0,0,1,0,0,0,0,-,-,33.88861846923828,-118.22615814208984,LOS ANGELES,COMPTON,-118.22608184814452,33.888580322265625
9651837,2023,2024-01-10,1900,2023-10-25,1406,663909,2824,3,5,5,1915,0,0,0,NA,0,283T2,COMPTON AV,CHESTER AV,50,W,N,A,-,N,NA,NA,NA,NA,NA,NA,NA,NA,NA,N,3,0,1,2,D,-,00,NA,NA,N,B,G,A,A,H,-,A,D,0,NA,Y,NA,NA,Y,NA,-,-,0,1,0,0,0,0,1,0,0,-,-,33.89611053466797,-118.2150421142578,LOS ANGELES,COMPTON,-118.21500396728516,33.895999908447266
9651838,2023,2024-01-11,1900,2023-10-04,837,663909,2812,3,5,5,1915,0,0,0,NA,0,282A,EL SEGUNDO BL,SLATER AV,0,NA,Y,A,-,N,NA,NA,NA,NA,NA,NA,NA,NA,NA,Y,3,0,2,2,D,-,00,NA,NA,N,D,C,A,A,-,-,A,A,0,NA,NA,NA,NA,Y,NA,-,-,0,2,0,0,0,0,0,0,0,-,-,33.916358947753906,-118.24896240234376,LOS ANGELES,COMPTON,-118.2489776611328,33.91626739501953
9651839,2023,2024-01-11,1900,2023-10-11,600,647211,NA,3,5,5,1915,0,0,0,NA,0,282T1,COMPTON BL,MATTHISEN AV,42,W,N,A,-,N,NA,NA,NA,NA,NA,NA,NA,NA,NA,N,2,0,1,2,A,-,11,21954,A,F,G,B,D,A,H,-,C,D,0,Y,NA,NA,NA,Y,NA,N,60,1,0,0,0,1,0,0,0,0,-,-,33.89585876464844,-118.23403930664064,LOS ANGELES,COMPTON,-118.23448944091795,33.89590072631836
9651840,2023,2024-01-10,1941,2023-10-02,1427,10785,EAST,1,5,7,1941,0,0,0,NA,0,012,PARK AV,EAST 7TH ST,0,NA,Y,A,-,N,NA,NA,NA,NA,NA,NA,NA,NA,NA,Y,3,0,1,2,A,-,09,21801,A,N,D,C,A,A,H,-,A,A,0,NA,NA,NA,NA,Y,NA,A,01,0,1,0,0,0,0,0,0,0,-,-,33.77532958984375,-118.13719177246094,LOS ANGELES,LONG BEACH,-118.13746643066406,33.775360107421875
9651841,2023,2024-01-04,1900,2023-11-14,1547,654793,1352,2,5,3,1927,0,0,0,NA,0,135D,PIONEER BL,216TH ST,17,N,N,A,-,N,NA,NA,NA,NA,NA,NA,NA,NA,NA,N,3,0,1,2,A,-,09,21804,NA,M,D,C,A,A,H,-,A,D,0,NA,NA,Y,NA,Y,NA,A,01,0,1,0,0,0,0,0,0,1,-,-,NA,NA,LOS ANGELES,HAWAIIAN GARDENS,-118.08191680908205,33.8328857421875
9651842,2023,2024-01-04,1900,2023-11-11,1540,655204,1334,6,5,5,1908,0,0,0,NA,0,133A,FLOWER ST,VIRGINIA AV,0,NA,Y,A,-,N,NA,NA,NA,NA,NA,NA,NA,NA,NA,Y,3,0,3,2,A,-,09,21802,A,N,D,C,A,A,H,-,A,D,0,NA,NA,NA,NA,Y,NA,A,07,0,3,0,0,0,0,0,0,0,-,-,NA,NA,LOS ANGELES,BELLFLOWER,-118.13832092285156,33.882022857666016
9651857,2023,2024-01-04,1900,2023-11-30,2030,632900,0645,4,5,6,1985,0,0,0,NA,0,64T1PM,COPPER HILL DR,KELLY JOHNSON PKWY,0,NA,Y,A,-,N,NA,NA,NA,NA,NA,NA,NA,NA,NA,Y,3,0,2,2,A,-,12,21453,A,N,D,C,A,A,D,-,C,A,0,NA,NA,NA,NA,Y,NA,A,01,0,2,0,0,0,0,0,0,0,-,-,34.44501876831055,-118.57496643066406,LOS ANGELES,SANTA CLARITA,-118.57438659667967,34.44496154785156
9651858,2023,2024-01-04,1900,2023-11-08,1328,673095,2844,3,5,5,1915,0,0,0,NA,0,283T1,GREENLEAF BL,LONG BEACH BL,0,NA,Y,A,-,N,NA,NA,NA,NA,NA,NA,NA,NA,NA,N,2,0,1,2,A,-,12,21453,A,N,D,C,A,A,H,-,A,A,0,NA,NA,Y,NA,Y,NA,C,02,1,0,0,0,0,0,0,0,1,-,-,33.88132858276367,-118.20496368408205,LOS ANGELES,COMPTON,-118.20487213134766,33.88132858276367
9651859,2023,2024-01-04,1900,2023-11-27,745,612439,0625,1,5,6,1985,0,0,0,NA,0,62T1,ORCHARD VILLAGE RD,DALBEY DR,0,NA,Y,A,-,N,NA,NA,NA,NA,NA,NA,NA,NA,NA,Y,3,0,4,2,A,-,09,21801,NA,N,D,C,A,A,H,-,A,A,0,NA,NA,NA,NA,Y,NA,A,01,0,1,3,0,0,0,0,0,0,-,-,34.3849983215332,-118.54360198974608,LOS ANGELES,SANTA CLARITA,-118.5437240600586,34.38494110107422
9651860,2023,2024-01-08,1941,2023-11-27,1300,10939,4,1,5,7,1941,0,0,0,NA,0,001,W WARDLOW RD,DELTA AV,0,NA,Y,A,-,N,NA,NA,NA,NA,NA,NA,NA,NA,NA,NA,4,0,2,2,A,-,01,23152,NA,N,D,C,A,A,H,-,A,A,0,NA,NA,NA,NA,Y,Y,A,07,0,0,2,0,0,0,0,0,0,-,-,33.82379913330078,-118.21109771728516,LOS ANGELES,LONG BEACH,-118.21105194091795,33.823699951171875
9651861,2023,2024-02-23,1942,2023-12-18,1010,41933,0376,1,5,7,1942,0,0,0,C,0,25T21,MARTINLUTHER KINGJR BL,DENKERAV,0,NA,Y,A,-,N,NA,NA,NA,NA,NA,NA,NA,NA,NA,Y,3,0,2,2,A,-,12,21453,A,N,D,C,A,A,H,-,A,A,0,NA,NA,NA,NA,Y,NA,A,01,0,2,0,0,0,0,0,0,0,-,-,NA,NA,LOS ANGELES,LOS ANGELES,-118.30455017089844,34.01084518432617
9651862,2023,2024-02-23,1902,2023-12-14,1614,841,26,4,5,5,1902,0,0,0,NA,0,004,HOLLY AV,LE ROY AV,13,S,N,A,-,N,NA,NA,NA,NA,NA,NA,NA,NA,NA,N,3,0,1,2,A,-,10,21950,A,N,D,G,A,A,H,-,A,A,0,NA,Y,NA,NA,Y,NA,A,01,0,1,0,0,0,0,1,0,0,-,-,NA,NA,LOS ANGELES,ARCADIA,-118.04582977294922,34.12504577636719