CASE_ID,ACCIDENT_YEAR,PROC_DATE,JURIS,COLLISION_DATE,COLLISION_TIME,OFFICER_ID,REPORTING_DISTRICT,DAY_OF_WEEK,CHP_SHIFT,POPULATION,CNTY_CITY_LOC,SPECIAL_COND,BEAT_TYPE,CHP_BEAT_TYPE,CITY_DIVISION_LAPD,CHP_BEAT_CLASS,BEAT_NUMBER,PRIMARY_RD,SECONDARY_RD,DISTANCE,DIRECTION,INTERSECTION,WEATHER_1,WEATHER_2,STATE_HWY_IND,CALTRANS_COUNTY,CALTRANS_DISTRICT,STATE_ROUTE,ROUTE_SUFFIX,POSTMILE_PREFIX,POSTMILE,LOCATION_TYPE,RAMP_INTERSECTION,SIDE_OF_HWY,TOW_AWAY,COLLISION_SEVERITY,NUMBER_KILLED,NUMBER_INJURED,PARTY_COUNT,PRIMARY_COLL_FACTOR,PCF_CODE_OF_VIOL,PCF_VIOL_CATEGORY,PCF_VIOLATION,PCF_VIOL_SUBSECTION,HIT_AND_RUN,TYPE_OF_COLLISION,MVIW,PED_ACTION,ROAD_SURFACE,ROAD_COND_1,ROAD_COND_2,LIGHTING,CONTROL_DEVICE,CHP_ROAD_TYPE,PEDESTRIAN_ACCIDENT,BICYCLE_ACCIDENT,MOTORCYCLE_ACCIDENT,TRUCK_ACCIDENT,NOT_PRIVATE_PROPERTY,ALCOHOL_INVOLVED,STWD_VEHTYPE_AT_FAULT,CHP_VEHTYPE_AT_FAULT,COUNT_SEVERE_INJ,COUNT_VISIBLE_INJ,COUNT_COMPLAINT_PAIN,COUNT_PED_KILLED,COUNT_PED_INJURED,COUNT_BICYCLIST_KILLED,COUNT_BICYCLIST_INJURED,COUNT_MC_KILLED,COUNT_MC_INJURED,PRIMARY_RAMP,SECONDARY_RAMP,LATITUDE,LONGITUDE,COUNTY,CITY,POINT_X,POINT_Y
9653272,2023,2024-01-16,1920,2023-11-29,1446,14050,1920,3,5,6,1920,0,0,0,NA,0,003,PARAMOUNT BL,SUVA ST,0,NA,Y,A,-,N,NA,NA,NA,NA,NA,NA,NA,NA,NA,Y,4,0,2,2,D,-,00,NA,NA,M,D,C,A,A,H,-,A,A,0,NA,NA,NA,NA,Y,NA,-,-,0,0,2,0,0,0,0,0,0,-,-,NA,NA,LOS ANGELES,DOWNEY,-118.12531280517578,33.95989990234375
9653275,2023,2024-01-26,1920,2023-12-21,1053,13816,1920,4,5,6,1920,0,0,0,NA,0,006,LAKEWOOD BL,DALEN ST,355,S,N,B,-,N,NA,NA,NA,NA,NA,NA,NA,NA,NA,N,3,0,2,2,A,-,08,22107,NA,N,B,D,A,B,H,-,A,A,0,NA,NA,NA,Y,Y,NA,F,26,0,2,0,0,0,0,0,0,0,-,-,NA,NA,LOS ANGELES,DOWNEY,-118.13959503173828,33.91457748413086
9653279,2023,2024-01-16,1920,2023-11-17,724,13022,1920,5,5,6,1920,0,0,0,NA,0,002,IMPERIAL HWY,PARAMOUNT BL,47,W,N,A,-,N,NA,NA,NA,NA,NA,NA,NA,NA,NA,N,4,0,1,3,A,-,03,22350,NA,N,C,C,A,A,H,-,A,A,0,NA,NA,NA,NA,Y,NA,A,07,0,0,1,0,0,0,0,0,0,-,-,NA,NA,LOS ANGELES,DOWNEY,-118.15213012695313,33.92412567138672
9653288,2023,2024-01-05,1972,2023-11-29,1655,21239,NA,3,5,6,1972,0,0,0,NA,0,NA,CARSON ST,CABRILLO AV,0,NA,Y,A,-,N,NA,NA,NA,NA,NA,NA,NA,NA,NA,Y,3,0,1,2,A,-,09,21801,A,N,D,C,A,A,H,-,C,A,0,NA,NA,NA,NA,Y,NA,A,01,0,1,0,0,0,0,0,0,0,-,-,33.831451416015625,-118.31442260742188,LOS ANGELES,TORRANCE,-118.31443786621094,33.83143997192383
9653295,2023,2024-01-05,1972,2023-11-28,2059,21239,NA,2,5,6,1972,0,0,0,NA,0,NA,TORRANCE BL,MADRONA AV,0,NA,Y,A,-,N,NA,NA,NA,NA,NA,NA,NA,NA,NA,Y,4,0,2,2,A,-,09,21453,C,N,D,C,A,A,H,-,C,A,0,NA,NA,NA,NA,Y,NA,A,01,0,0,2,0,0,0,0,0,0,-,-,33.83742904663086,-118.34497833251952,LOS ANGELES,TORRANCE,-118.34500122070313,33.83751678466797
9653296,2023,2024-09-26,1942,2023-11-26,1750,34265,1037,7,5,7,1942,0,0,0,J,0,26TL46,WHITE OAK AV,VICTORY BL,0,N,N,A,-,N,NA,NA,NA,NA,NA,NA,NA,NA,NA,Y,4,0,1,3,A,-,03,22350,NA,F,C,C,A,A,H,-,C,D,0,NA,NA,NA,NA,Y,NA,A,01,0,0,1,0,0,0,0,0,0,-,-,NA,NA,LOS ANGELES,LOS ANGELES,-118.51848602294922,34.18661880493164
9653300,2023,2024-01-05,1900,2023-11-18,2321,650314,1430,6,5,4,1937,0,0,0,NA,0,143T2,TEMPLE AV,ORANGE AV,0,NA,Y,B,C,N,NA,NA,NA,NA,NA,NA,NA,NA,NA,Y,3,0,1,2,A,-,03,22350,NA,N,D,C,A,B,H,-,C,A,0,NA,NA,NA,NA,Y,NA,A,01,0,1,0,0,0,0,0,0,0,-,-,34.044189453125,-117.97280883789064,LOS ANGELES,LA PUENTE,-117.97283172607422,34.04415512084961
9653303,2023,2024-01-05,1900,2023-11-23,1505,643298,1413,4,5,1,1932,0,0,0,NA,0,141T6,PROCTOR AV,7TH AV,0,NA,Y,A,-,N,NA,NA,NA,NA,NA,NA,NA,NA,NA,N,3,0,2,2,A,-,12,21453,A,N,D,C,A,A,H,-,A,A,0,NA,NA,NA,NA,Y,NA,A,07,0,2,0,0,0,0,0,0,0,-,-,34.03200912475586,-117.97779083251952,LOS ANGELES,INDUSTRY,-117.97767639160156,34.0319709777832
9653306,2023,2024-01-08,1942,2023-11-20,1700,39646,1078,1,5,7,1942,0,0,0,J,0,10X94,VENTURA BL,RUBIO ST,0,NA,Y,A,-,N,NA,NA,NA,NA,NA,NA,NA,NA,NA,Y,4,0,1,3,A,-,03,22350,NA,F,B,D,A,A,H,-,C,A,0,NA,NA,NA,NA,Y,Y,-,NA,0,0,1,0,0,0,0,0,0,-,-,NA,NA,LOS ANGELES,LOS ANGELES,-118.49455261230467,34.15785217285156
9653307,2023,2024-01-05,1900,2023-11-28,2235,650314,1413,2,5,1,1932,0,0,0,NA,0,141T1,HACIENDA BL,VALLEY BL,27,N,N,A,-,N,NA,NA,NA,NA,NA,NA,NA,NA,NA,N,3,0,1,2,A,-,12,21453,A,N,B,C,A,A,H,-,C,A,0,NA,NA,NA,NA,Y,NA,A,01,0,1,0,0,0,0,0,0,0,-,-,34.02001190185547,-117.95812225341795,LOS ANGELES,INDUSTRY,-117.95819091796876,34.01987838745117
9653310,2023,2024-01-05,1942,2023-11-29,1235,38131,1063,3,5,7,1942,0,0,0,J,0,26TL44,CLARK ST,RESEDA BL,530,E,N,A,-,N,NA,NA,NA,NA,NA,NA,NA,NA,NA,N,4,0,1,2,A,-,08,22107,NA,F,G,B,E,A,D,-,A,D,0,Y,NA,NA,NA,Y,NA,-,99,0,0,1,0,1,0,0,0,0,-,-,NA,NA,LOS ANGELES,LOS ANGELES,-118.53426361083984,34.169769287109375
9653312,2023,2024-01-08,1941,2023-11-21,1425,11905,WEST,2,5,7,1941,0,0,0,NA,0,003,CREST DR,PEPPER DR,0,NA,Y,A,-,N,NA,NA,NA,NA,NA,NA,NA,NA,NA,Y,3,0,3,2,A,-,08,22107,NA,N,C,C,A,A,H,-,A,D,0,NA,NA,NA,NA,Y,NA,A,01,0,3,0,0,0,0,0,0,0,-,-,33.81690979003906,-118.18936920166016,LOS ANGELES,LONG BEACH,-118.18930816650392,33.816978454589844
9653314,2023,2024-01-05,1900,2023-11-26,1400,635563,1416,7,5,1,1932,0,0,0,NA,0,141T3,CASTLETON ST,HANOVER RD,0,NA,Y,A,-,N,NA,NA,NA,NA,NA,NA,NA,NA,NA,Y,4,0,1,2,A,-,09,21801,A,M,A,C,A,A,H,-,A,A,0,NA,NA,NA,NA,Y,NA,A,01,0,0,1,0,0,0,0,0,0,-,-,33.993709564208984,-117.91986846923828,LOS ANGELES,INDUSTRY,-117.91983032226564,33.993682861328125
9653315,2023,2024-01-05,1972,2023-11-24,1232,21239,NA,5,5,6,1972,0,0,0,NA,0,NA,PRAIRIE AV,B ST,200,N,N,A,-,N,NA,NA,NA,NA,NA,NA,NA,NA,NA,Y,3,0,2,3,A,-,03,22350,NA,N,C,C,A,A,H,-,A,A,0,NA,NA,NA,NA,Y,NA,A,NA,0,1,1,0,0,0,0,0,0,-,-,NA,NA,LOS ANGELES,TORRANCE,NA,NA
9653316,2023,2024-01-08,1941,2023-11-07,2108,11271,1,2,5,7,1941,0,0,0,NA,0,008,EAST 4TH ST,ORANGE AV,0,NA,N,A,-,N,NA,NA,NA,NA,NA,NA,NA,NA,NA,N,3,0,1,4,A,-,07,21658,A,N,C,E,A,A,H,-,C,D,0,NA,NA,NA,NA,Y,NA,A,01,0,1,0,0,0,0,0,0,0,-,-,33.77170944213867,-118.17633819580078,LOS ANGELES,LONG BEACH,-118.17636108398438,33.77174377441406
9653318,2023,2024-01-05,1972,2023-11-05,1250,22571,NA,7,5,6,1972,0,0,0,NA,0,NA,EMERALD ST,AMIE AV,50,W,N,A,-,N,NA,NA,NA,NA,NA,NA,NA,NA,NA,N,3,0,1,2,A,-,11,21954,A,N,G,B,D,A,H,-,A,D,0,Y,NA,NA,NA,Y,NA,N,NA,0,1,0,0,1,0,0,0,0,-,-,NA,NA,LOS ANGELES,TORRANCE,-118.34951782226564,33.84136962890625
9653319,2023,2024-01-05,1941,2023-11-07,2041,11118,EAST,2,5,7,1941,0,0,0,NA,0,012,PARK AV,EAST 7TH ST,50,W,N,A,-,N,NA,NA,NA,NA,NA,NA,NA,NA,NA,Y,3,0,3,5,A,-,07,21658,A,N,B,E,F,A,H,-,E,D,0,Y,NA,NA,NA,Y,NA,A,01,0,3,0,0,3,0,0,0,0,-,-,33.77532958984375,-118.13719177246094,LOS ANGELES,LONG BEACH,-118.13758087158205,33.77545928955078
9653320,2023,2024-01-05,1900,2023-11-22,1904,644558,0977,3,5,4,1979,0,0,0,NA,0,93T2,SANTA MONICA BL,SAN VICENTE BL,0,NA,Y,A,-,N,NA,NA,NA,NA,NA,NA,NA,NA,NA,Y,4,0,4,3,A,-,01,23152,A,N,D,C,A,A,H,-,C,A,0,NA,NA,NA,NA,Y,Y,A,01,0,0,4,0,0,0,0,0,0,-,-,34.08498001098633,-118.38408660888672,LOS ANGELES,WEST HOLLYWOOD,-118.38410949707033,34.08492660522461
9653323,2023,2024-01-05,1938,2023-11-26,1159,1269,NA,7,5,4,1938,0,0,0,NA,0,003,D ST,8TH ST,5,S,N,A,-,N,NA,NA,NA,NA,NA,NA,NA,NA,NA,N,3,0,2,3,A,-,10,21950,A,F,G,B,B,A,H,-,A,A,0,Y,NA,NA,NA,Y,NA,A,01,0,1,1,0,2,0,0,0,0,-,-,NA,NA,LOS ANGELES,LA VERNE,-117.76842498779295,34.10517883300781
9653324,2023,2024-01-05,1900,2023-11-18,1325,641037,0975,6,5,4,1979,0,0,0,NA,0,094,CRESCENT HEIGHTS BL,FOUNTAIN AV,0,NA,Y,A,-,N,NA,NA,NA,NA,NA,NA,NA,NA,NA,Y,4,0,1,1,A,-,08,22107,NA,N,A,C,A,A,H,-,C,A,0,NA,NA,NA,NA,Y,NA,A,01,0,0,1,0,0,0,0,0,0,-,-,34.09461975097656,-118.36609649658205,LOS ANGELES,WEST HOLLYWOOD,-118.365966796875,34.09440231323242
9653326,2023,2024-01-05,1938,2023-11-13,1547,1495,AREA2,1,5,4,1938,0,0,0,NA,0,002,C ST,BONITA AV,0,NA,Y,A,-,N,NA,NA,NA,NA,NA,NA,NA,NA,NA,Y,4,0,1,2,A,-,09,21802,A,M,D,C,A,A,H,-,A,A,0,NA,NA,NA,NA,Y,NA,A,01,0,0,1,0,0,0,0,0,0,-,-,NA,NA,LOS ANGELES,LA VERNE,-117.77164459228516,34.10199737548828
9653327,2023,2024-01-05,1972,2023-11-25,1915,22438,NA,6,5,6,1972,0,0,0,NA,0,NA,CARSON ST,DEL AMO CIR EAST,0,NA,Y,A,-,N,NA,NA,NA,NA,NA,NA,NA,NA,NA,Y,4,0,1,2,A,-,11,21453,D,N,D,-,A,A,H,-,C,A,0,NA,NA,NA,NA,Y,NA,A,NA,0,0,1,0,0,0,0,0,0,-,-,NA,NA,LOS ANGELES,TORRANCE,-118.34695434570313,33.83114242553711
9653328,2023,2024-01-05,1900,2023-11-16,1601,606099,0972,4,5,4,1979,0,0,0,NA,0,92T1,SANTA MONICA BL,WEST MOUNT DR,112,E,N,A,-,N,NA,NA,NA,NA,NA,NA,NA,NA,NA,Y,3,0,1,2,A,-,09,21801,NA,N,D,C,A,A,H,-,A,A,0,NA,NA,Y,NA,Y,NA,A,01,0,1,0,0,0,0,0,0,1,-,-,34.08818054199219,-118.37860107421876,LOS ANGELES,WEST HOLLYWOOD,-118.37875366210938,34.088226318359375
9653330,2023,2024-01-05,1942,2023-11-30,250,39476,0938,4,5,7,1942,0,0,0,I,0,26T57W,HILLVIEW PARK AV,FULTON AV,23,W,N,A,-,N,NA,NA,NA,NA,NA,NA,NA,NA,NA,Y,4,0,1,1,A,-,08,22107,NA,F,E,I,A,A,H,-,C,D,0,NA,NA,NA,NA,Y,NA,A,01,0,0,1,0,0,0,0,0,0,-,-,NA,NA,LOS ANGELES,LOS ANGELES,-118.42256927490234,34.174110412597656
9653331,2023,2024-01-05,1942,2023-11-29,130,37304,1595,3,5,7,1942,0,0,0,O,0,26T56,CARPENTER AV,VENTURA BL,185,S,N,A,-,N,NA,NA,NA,NA,NA,NA,NA,NA,NA,Y,4,0,1,2,A,-,01,23152,A,M,B,E,A,A,H,-,C,D,0,NA,NA,NA,NA,Y,NA,A,01,0,0,1,0,0,0,0,0,0,-,-,NA,NA,LOS ANGELES,LOS ANGELES,-118.39110565185548,34.142234802246094
9653332,2023,2024-01-05,1938,2023-11-23,1902,1317,AREA2,4,5,4,1938,0,0,0,NA,0,002,BONITA AV,DAMIEN AV,0,NA,Y,A,-,N,NA,NA,NA,NA,NA,NA,NA,NA,NA,Y,4,0,3,2,A,-,12,21453,A,N,D,C,A,A,H,-,C,A,0,NA,NA,NA,NA,Y,NA,A,01,0,0,3,0,0,0,0,0,0,-,-,NA,NA,LOS ANGELES,LA VERNE,-117.78832244873048,34.10645294189453
9653334,2023,2024-02-07,1942,2023-11-29,115,37304,1595,3,5,7,1942,0,0,0,O,0,26T56,LAUREL CANYON BL,SUNSHINE TER,6,S,N,A,-,N,NA,NA,NA,NA,NA,NA,NA,NA,NA,Y,4,0,1,1,A,-,01,23152,A,M,B,I,A,A,H,-,C,D,0,NA,NA,NA,NA,Y,NA,A,01,0,0,1,0,0,0,0,0,0,-,-,NA,NA,LOS ANGELES,LOS ANGELES,-118.39293670654295,34.13722610473633
9653335,2023,2024-01-05,1942,2023-11-22,2105,39476,1663,3,5,7,1942,0,0,0,P,0,26T35W,LAUREL CANYON BL,SHELDON ST,350,N,N,A,-,N,NA,NA,NA,NA,NA,NA,NA,NA,NA,N,2,0,1,2,A,-,11,21954,A,F,G,B,D,A,H,-,C,A,0,Y,NA,NA,NA,Y,NA,N,60,1,0,0,0,1,0,0,0,0,-,-,NA,NA,LOS ANGELES,LOS ANGELES,-118.40448760986328,34.23268508911133
9653338,2023,2025-01-06,1942,2023-11-30,1630,40165,1517,4,5,7,1942,0,0,0,O,0,26TL43,VANOWEN ST,ELMER AV,30,E,N,A,-,N,NA,NA,NA,NA,NA,NA,NA,NA,NA,Y,3,0,1,2,A,-,03,22350,NA,F,C,C,A,A,H,-,B,D,0,NA,NA,NA,NA,Y,NA,A,01,0,1,0,0,0,0,0,0,0,-,-,NA,NA,LOS ANGELES,LOS ANGELES,-118.37677764892578,34.19395065307617
9653340,2023,2024-01-05,1942,2023-11-28,1210,39575,2175,2,5,7,1942,0,0,0,NA,0,26TL75,BURBANK BL,SHOUP AV,0,NA,Y,A,-,N,NA,NA,NA,NA,NA,NA,NA,NA,NA,Y,4,0,1,2,A,-,12,21453,A,N,D,C,A,A,H,-,A,A,0,NA,NA,NA,NA,Y,NA,A,01,0,0,1,0,0,0,0,0,0,-,-,NA,NA,LOS ANGELES,LOS ANGELES,-118.6145477294922,34.17195510864258
9653341,2023,2024-01-18,1942,2023-11-14,630,39217,2177,2,5,7,1942,0,0,0,NA,0,26TL15,OWENSMOUTH AV,MARYLEE ST,45,S,N,A,-,N,NA,NA,NA,NA,NA,NA,NA,NA,NA,N,4,0,1,1,C,-,18,NA,NA,N,A,J,A,A,H,-,C,D,0,NA,NA,NA,NA,Y,NA,-,-,0,0,1,0,0,0,0,0,0,-,-,NA,NA,LOS ANGELES,LOS ANGELES,-118.60147094726564,34.17520523071289
9653348,2023,2024-01-17,1910,2023-11-27,1708,05301,NA,1,5,4,1910,0,0,0,NA,0,005,SOUTH SANTA MONICA BL,N CAMDEN DR,0,NA,Y,A,-,N,NA,NA,NA,NA,NA,NA,NA,NA,NA,Y,4,0,1,2,A,-,12,21453,A,N,D,C,A,A,H,-,C,A,0,NA,NA,NA,NA,Y,NA,A,01,0,0,1,0,0,0,0,0,0,-,-,34.06991958618164,-118.40534210205078,LOS ANGELES,BEVERLY HILLS,-118.40535736083984,34.069915771484375
9653349,2023,2024-07-10,1942,2023-11-18,140,45362,1787,6,5,7,1942,0,0,0,Q,0,17A99,KINZIE ST,ZELZAH AV,0,NA,N,B,C,N,NA,NA,NA,NA,NA,NA,NA,NA,NA,N,3,0,1,5,A,-,12,21453,A,F,B,D,A,B,H,-,C,D,0,NA,NA,NA,NA,Y,NA,-,NA,0,1,0,0,0,0,0,0,0,-,-,NA,NA,LOS ANGELES,LOS ANGELES,-118.52330780029295,34.248600006103516
9653350,2023,2024-01-12,1942,2023-11-20,1010,34561,2146,1,5,7,1942,0,0,0,NA,0,26T24W,SHERMAN WY,ETON AV,60,E,N,A,-,N,NA,NA,NA,NA,NA,NA,NA,NA,NA,Y,3,0,2,3,A,-,03,22350,NA,F,C,C,A,A,H,-,A,D,0,NA,NA,NA,NA,Y,NA,A,01,0,1,1,0,0,0,0,0,0,-,-,NA,NA,LOS ANGELES,LOS ANGELES,-118.59528350830078,34.20098876953125
9653351,2023,2024-01-19,1942,2023-11-19,2100,41158,2126,7,5,7,1942,0,0,0,NA,0,26T34W,DE SOTO AV,SATICOY ST,0,NA,Y,A,-,N,NA,NA,NA,NA,NA,NA,NA,NA,NA,Y,4,0,2,2,A,-,09,21801,A,F,D,C,A,A,H,-,C,A,0,NA,NA,NA,NA,Y,NA,A,01,0,0,2,0,0,0,0,0,0,-,-,NA,NA,LOS ANGELES,LOS ANGELES,-118.58848571777344,34.208335876464844
9653352,2023,2024-01-19,1942,2023-11-25,134,45257,1642,6,5,7,1942,0,0,0,P,0,16A81,LAUREL CANYON BL,ARMINTA ST,75,NA,N,A,-,N,NA,NA,NA,NA,NA,NA,NA,NA,NA,Y,3,0,1,5,A,-,01,23152,A,N,A,E,A,A,H,-,C,D,0,NA,NA,NA,NA,Y,Y,-,NA,0,1,0,0,0,0,0,0,0,-,-,NA,NA,LOS ANGELES,LOS ANGELES,-118.39651489257813,34.2138786315918
9653353,2023,2024-01-10,1942,2023-11-24,2015,45524,1001,5,5,7,1942,0,0,0,J,0,10A67,WILBUR AV,WILBUR AV 7740,0,NA,Y,A,-,N,NA,NA,NA,NA,NA,NA,NA,NA,NA,Y,3,0,2,2,A,-,01,23152,A,F,C,C,A,A,H,-,C,D,0,NA,NA,NA,NA,Y,Y,A,01,0,2,0,0,0,0,0,0,0,-,-,NA,NA,LOS ANGELES,LOS ANGELES,NA,NA
9653354,2023,2024-01-12,1942,2023-11-24,2300,37653,1008,5,5,7,1942,0,0,0,J,0,10A17,SATICOY ST,FORBES AV,0,NA,Y,A,-,N,NA,NA,NA,NA,NA,NA,NA,NA,NA,Y,4,0,2,2,A,-,01,23152,A,N,A,C,A,A,H,-,D,D,0,NA,NA,NA,NA,Y,Y,-,NA,0,0,2,0,0,0,0,0,0,-,-,NA,NA,LOS ANGELES,LOS ANGELES,-118.4992904663086,34.208431243896484
9653356,2023,2024-01-12,1972,2023-11-16,1750,21432,NA,4,5,6,1972,0,0,0,NA,0,NA,TORRANCE BL,WESTERN AV,0,NA,Y,A,-,N,NA,NA,NA,NA,NA,NA,NA,NA,NA,Y,4,0,2,2,A,-,12,21453,A,N,B,-,A,A,H,-,C,A,0,NA,NA,NA,NA,Y,NA,-,-,0,0,2,0,0,0,0,0,0,-,-,NA,NA,LOS ANGELES,TORRANCE,-118.30931854248048,33.838279724121094
9653357,2023,2024-01-12,1972,2023-11-19,1500,22885,NA,7,5,6,1972,0,0,0,NA,0,NA,MAPLE AV,SEPULVEDA BL,280,S,N,A,-,N,NA,NA,NA,NA,NA,NA,NA,NA,NA,N,4,0,3,2,A,-,09,21804,NA,N,D,C,A,A,H,-,A,D,0,NA,NA,NA,NA,Y,NA,A,NA,0,0,3,0,0,0,0,0,0,-,-,NA,NA,LOS ANGELES,TORRANCE,-118.34007263183594,33.82343292236328
9653358,2023,2024-01-12,1972,2023-11-22,631,22166,NA,3,5,6,1972,0,0,0,NA,0,NA,PRAIRIE AV,CHALLENGER ST,0,NA,Y,A,-,N,NA,NA,NA,NA,NA,NA,NA,NA,NA,N,4,0,2,2,A,-,09,21800,B,N,B,C,A,A,H,-,A,D,0,NA,NA,NA,NA,Y,NA,A,NA,0,0,2,0,0,0,0,0,0,-,-,NA,NA,LOS ANGELES,TORRANCE,-118.34531402587892,33.851043701171875
9653360,2022,2024-01-12,1900,2022-11-25,1845,279485,2318,5,5,5,1919,0,0,0,NA,0,230T,ARTESIA BL,MARQUARDT AV,0,NA,Y,A,-,N,NA,NA,NA,NA,NA,NA,NA,NA,NA,Y,4,0,2,2,A,-,12,21453,A,N,D,D,A,A,H,-,C,A,0,NA,NA,NA,NA,Y,NA,A,01,0,0,2,0,0,0,0,0,0,-,-,33.87324142456055,-118.03778076171876,LOS ANGELES,CERRITOS,-118.03777313232422,33.87323760986328
9653387,2023,2024-02-26,1942,2023-12-01,735,42251,2129,5,5,7,1942,0,0,0,NA,0,26TL18,CORBIN AV,INGOMAR ST,131,N,N,A,-,N,NA,NA,NA,NA,NA,NA,NA,NA,NA,Y,2,0,1,3,A,-,09,21804,A,N,D,C,A,A,C,-,A,D,0,NA,NA,Y,NA,Y,NA,A,01,1,0,0,0,0,0,0,0,0,-,-,NA,NA,LOS ANGELES,LOS ANGELES,-118.5622787475586,34.2123908996582
9653410,2023,2024-02-26,1972,2023-12-12,1520,22773,NA,2,5,6,1972,0,0,0,NA,0,NA,ENTRADERO AV,TOWERS ST,0,NA,Y,A,-,N,NA,NA,NA,NA,NA,NA,NA,NA,NA,N,3,0,1,3,A,-,10,21950,A,N,G,B,B,A,H,-,A,A,0,Y,Y,NA,NA,Y,NA,A,NA,0,1,0,0,1,0,0,0,0,-,-,NA,NA,LOS ANGELES,TORRANCE,-118.36963653564452,33.85565185546875
9653411,2023,2024-02-03,1972,2023-12-14,1540,22166,NA,4,5,6,1972,0,0,0,NA,0,NA,AMIE AV,TORRANCE BL,397,S,N,A,-,N,NA,NA,NA,NA,NA,NA,NA,NA,NA,N,3,0,1,2,A,-,09,21804,A,N,D,C,A,A,H,-,A,D,0,NA,Y,NA,NA,Y,NA,L,NA,0,1,0,0,0,0,1,0,0,-,-,NA,NA,LOS ANGELES,TORRANCE,-118.3488998413086,33.83662414550781
9653412,2023,2024-02-03,1900,2023-12-15,2210,653409,1434,5,5,4,1937,0,0,0,NA,0,143T2,GLENDORA AV,HILL ST,0,NA,Y,A,-,N,NA,NA,NA,NA,NA,NA,NA,NA,NA,Y,3,0,1,2,A,-,04,21703,NA,N,C,-,A,A,H,-,C,A,0,NA,NA,NA,NA,Y,Y,A,01,0,1,0,0,0,0,0,0,0,-,-,34.02640914916992,-117.95108795166016,LOS ANGELES,LA PUENTE,-117.95117950439452,34.0261116027832
9653443,2023,2024-03-26,1910,2023-12-14,1106,4712,NA,4,5,4,1910,0,0,0,NA,0,005,CHARLEVILLE BL,REEVES DR,0,NA,Y,A,-,N,NA,NA,NA,NA,NA,NA,NA,NA,NA,N,3,0,1,2,A,-,10,21950,A,N,G,B,B,A,H,-,A,A,0,Y,NA,NA,NA,Y,NA,A,01,0,1,0,0,1,0,0,0,0,-,-,34.06504821777344,-118.39798736572266,LOS ANGELES,BEVERLY HILLS,-118.39801025390624,34.06501007080078
9653444,2023,2024-02-27,1938,2023-12-05,801,1269,NA,2,5,4,1938,0,0,0,NA,0,002,DAMIEN AV,BONITA AV,0,NA,Y,A,-,N,NA,NA,NA,NA,NA,NA,NA,NA,NA,Y,3,0,2,2,A,-,09,21801,A,N,D,C,A,A,H,-,A,A,0,NA,NA,NA,NA,Y,NA,A,01,0,2,0,0,0,0,0,0,0,-,-,NA,NA,LOS ANGELES,LA VERNE,-117.78832244873048,34.10645294189453
9653451,2023,2024-02-27,1910,2023-12-18,1518,04616,NA,1,5,4,1910,0,0,0,NA,0,005,BRIGHTON WY,BEDFORD DR,200,W,N,A,-,N,NA,NA,NA,NA,NA,NA,NA,NA,NA,Y,4,0,1,1,C,-,18,NA,NA,N,E,I,A,A,A,-,B,A,0,NA,NA,NA,NA,Y,NA,-,-,0,0,1,0,0,0,0,0,0,-,-,34.06740951538086,-118.40572357177734,LOS ANGELES,BEVERLY HILLS,-118.4054718017578,34.067481994628906
9653452,2023,2024-02-27,1910,2023-12-16,818,03494,NA,6,5,4,1910,0,0,0,NA,0,005,WILSHIRE BL,SANTA MONICA BL,60,W,N,A,-,N,NA,NA,NA,NA,NA,NA,NA,NA,NA,Y,3,0,3,4,A,-,17,23115,A,F,C,C,A,A,H,-,A,D,0,NA,NA,NA,NA,Y,Y,A,01,0,2,1,0,0,0,0,0,0,-,-,34.06705856323242,-118.41074371337892,LOS ANGELES,BEVERLY HILLS,-118.41064453125,34.06707000732422
9653458,2023,2024-02-26,1902,2023-12-08,1734,825,4,5,5,5,1902,0,0,0,NA,0,001,FOOTHILL BL,2ND AV,0,NA,Y,A,-,N,NA,NA,NA,NA,NA,NA,NA,NA,NA,Y,4,0,2,2,A,-,09,21801,A,N,D,C,A,A,H,-,C,A,0,NA,NA,NA,NA,Y,NA,A,07,0,0,2,0,0,0,0,0,0,-,-,NA,NA,LOS ANGELES,ARCADIA,-118.0254135131836,34.151058197021484
9653462,2023,2024-02-26,1902,2023-12-08,1358,815,32,5,5,5,1902,0,0,0,NA,0,005,S 2ND AV,E LONGDEN AV,0,NA,Y,A,-,N,NA,NA,NA,NA,NA,NA,NA,NA,NA,N,4,0,1,2,A,-,05,21202,A,N,H,G,A,A,H,-,A,A,0,NA,Y,NA,NA,Y,NA,L,04,0,0,1,0,0,0,1,0,0,-,-,NA,NA,LOS ANGELES,ARCADIA,-118.02471160888672,34.11423873901367
9653479,2023,2024-02-27,1938,2023-12-10,735,1296,NA,7,5,4,1938,0,0,0,NA,0,003,ARROW HWY,GATE 15,0,NA,Y,A,-,N,NA,NA,NA,NA,NA,NA,NA,NA,NA,Y,4,0,2,2,A,-,09,21801,A,N,D,C,A,A,H,-,A,D,0,NA,NA,NA,NA,Y,NA,A,01,0,0,2,0,0,0,0,0,0,-,-,NA,NA,LOS ANGELES,LA VERNE,NA,NA
9653487,2023,2024-02-26,1942,2023-12-01,1932,38357,0281,5,5,7,1942,0,0,0,B,0,24T34,HOOVER ST,PICO BL,100,S,N,A,-,N,NA,NA,NA,NA,NA,NA,NA,NA,NA,N,4,0,1,2,A,-,09,21804,A,F,D,C,A,A,H,-,C,D,0,NA,NA,NA,NA,Y,NA,-,99,0,0,1,0,0,0,0,0,0,-,-,NA,NA,LOS ANGELES,LOS ANGELES,-118.28421783447266,34.04700469970703
9653488,2023,2024-02-26,1942,2023-12-03,1610,36023,0409,7,5,7,1942,0,0,0,D,0,24TL51,HUNTINGTON DR,ALHAMBRA RD,0,NA,Y,A,E,N,NA,NA,NA,NA,NA,NA,NA,NA,NA,N,2,0,1,2,A,-,09,21801,A,N,G,B,B,A,H,-,A,A,0,Y,NA,NA,NA,Y,NA,A,07,1,0,0,0,1,0,0,0,0,-,-,NA,NA,LOS ANGELES,LOS ANGELES,-118.15520477294922,34.09857177734375