CASE_ID,ACCIDENT_YEAR,PROC_DATE,JURIS,COLLISION_DATE,COLLISION_TIME,OFFICER_ID,REPORTING_DISTRICT,DAY_OF_WEEK,CHP_SHIFT,POPULATION,CNTY_CITY_LOC,SPECIAL_COND,BEAT_TYPE,CHP_BEAT_TYPE,CITY_DIVISION_LAPD,CHP_BEAT_CLASS,BEAT_NUMBER,PRIMARY_RD,SECONDARY_RD,DISTANCE,DIRECTION,INTERSECTION,WEATHER_1,WEATHER_2,STATE_HWY_IND,CALTRANS_COUNTY,CALTRANS_DISTRICT,STATE_ROUTE,ROUTE_SUFFIX,POSTMILE_PREFIX,POSTMILE,LOCATION_TYPE,RAMP_INTERSECTION,SIDE_OF_HWY,TOW_AWAY,COLLISION_SEVERITY,NUMBER_KILLED,NUMBER_INJURED,PARTY_COUNT,PRIMARY_COLL_FACTOR,PCF_CODE_OF_VIOL,PCF_VIOL_CATEGORY,PCF_VIOLATION,PCF_VIOL_SUBSECTION,HIT_AND_RUN,TYPE_OF_COLLISION,MVIW,PED_ACTION,ROAD_SURFACE,ROAD_COND_1,ROAD_COND_2,LIGHTING,CONTROL_DEVICE,CHP_ROAD_TYPE,PEDESTRIAN_ACCIDENT,BICYCLE_ACCIDENT,MOTORCYCLE_ACCIDENT,TRUCK_ACCIDENT,NOT_PRIVATE_PROPERTY,ALCOHOL_INVOLVED,STWD_VEHTYPE_AT_FAULT,CHP_VEHTYPE_AT_FAULT,COUNT_SEVERE_INJ,COUNT_VISIBLE_INJ,COUNT_COMPLAINT_PAIN,COUNT_PED_KILLED,COUNT_PED_INJURED,COUNT_BICYCLIST_KILLED,COUNT_BICYCLIST_INJURED,COUNT_MC_KILLED,COUNT_MC_INJURED,PRIMARY_RAMP,SECONDARY_RAMP,LATITUDE,LONGITUDE,COUNTY,CITY,POINT_X,POINT_Y
9653493,2023,2024-02-23,1931,2023-12-13,2240,5346,1931,3,5,5,1931,0,0,0,NA,0,004,MILES AV,GAGE AV,0,NA,Y,A,-,N,NA,NA,NA,NA,NA,NA,NA,NA,NA,Y,4,0,1,2,A,-,12,21453,A,N,D,C,A,A,H,-,C,A,0,NA,NA,NA,NA,Y,NA,A,01,0,0,1,0,0,0,0,0,0,-,-,NA,NA,LOS ANGELES,HUNTINGTON PARK,-118.21914672851564,33.981624603271484
9653497,2022,2024-05-08,1972,2022-12-17,0242,22176,NA,6,5,6,1972,0,0,0,NA,0,NA,HENRIETTA ST,DEL AMO BL,0,NA,Y,A,-,N,NA,NA,NA,NA,NA,NA,NA,NA,NA,Y,2,0,3,1,A,-,03,22350,NA,N,H,-,A,A,H,-,C,A,0,NA,NA,NA,NA,Y,Y,A,07,3,0,0,0,0,0,0,0,0,-,-,NA,NA,LOS ANGELES,TORRANCE,-118.3711395263672,33.8486328125
9653502,2023,2024-02-27,1910,2023-12-12,1005,4971,NA,2,5,4,1910,0,0,0,NA,0,005,OLYMPIC BL,PECK DR,0,NA,Y,A,-,N,NA,NA,NA,NA,NA,NA,NA,NA,NA,Y,4,0,1,2,A,-,09,21801,A,N,D,C,A,A,H,-,A,D,0,NA,NA,NA,NA,Y,NA,A,01,0,0,1,0,0,0,0,0,0,-,-,34.05976104736328,-118.40339660644533,LOS ANGELES,BEVERLY HILLS,-118.40348052978516,34.0596809387207
9653503,2023,2024-02-26,1941,2023-12-17,2121,11121,EAST,7,5,7,1941,0,0,0,NA,0,012,EAST 7TH ST,TERMINO AV,0,NA,N,A,-,N,NA,NA,NA,NA,NA,NA,NA,NA,NA,Y,4,0,2,2,A,-,01,23153,B,N,A,C,A,A,H,-,C,D,0,NA,NA,NA,NA,Y,Y,A,01,0,0,2,0,0,0,0,0,0,-,-,33.77532958984375,-118.14589691162108,LOS ANGELES,LONG BEACH,-118.14592742919922,33.775352478027344
9653581,2023,2024-02-26,1931,2023-12-09,528,5346,1931,6,5,5,1931,0,0,0,NA,0,001,PACIFIC BL,54TH ST,0,NA,Y,A,-,N,NA,NA,NA,NA,NA,NA,NA,NA,NA,N,4,0,1,2,A,-,05,21650,1,F,D,G,A,A,H,-,C,A,0,NA,Y,NA,NA,Y,NA,L,04,0,0,1,0,0,0,1,0,0,-,-,NA,NA,LOS ANGELES,HUNTINGTON PARK,-118.22524261474608,33.99386215209961
9653582,2023,2024-02-23,1902,2023-12-14,920,837,15,4,5,5,1902,0,0,0,NA,0,002,HUNTINGTON DR,HOLLY AV,433,E,N,A,-,N,NA,NA,NA,NA,NA,NA,NA,NA,NA,Y,4,0,1,2,A,-,08,22107,NA,N,D,C,A,A,H,-,A,D,0,NA,NA,NA,NA,Y,NA,A,01,0,0,1,0,0,0,0,0,0,-,-,NA,NA,LOS ANGELES,ARCADIA,-118.04452514648438,34.131744384765625
9653583,2023,2024-02-26,1900,2023-12-08,1803,546537,2313,5,5,5,1919,0,0,0,NA,0,230T,PIONEER BL,EBERLE ST,60,S,N,A,-,N,NA,NA,NA,NA,NA,NA,NA,NA,NA,N,3,0,1,2,A,-,04,21703,NA,N,C,C,A,A,H,-,C,A,0,NA,NA,NA,NA,Y,NA,A,01,0,1,0,0,0,0,0,0,0,-,-,33.84843826293945,-118.08197784423828,LOS ANGELES,CERRITOS,-118.08196258544922,33.848514556884766
9653585,2023,2024-04-26,1900,2023-12-01,1250,546537,2318,5,5,5,1919,0,0,0,NA,0,230T,NORWALK BL,RT 91,0,NA,Y,A,-,Y,LA,7,91,-,R,18.461,R,4,E,N,3,0,1,2,A,-,12,21453,A,N,B,C,A,A,H,-,A,A,0,NA,NA,NA,NA,Y,NA,-,-,0,1,0,0,0,0,0,0,0,-,EF,33.87501907348633,-118.07263946533205,LOS ANGELES,CERRITOS,-118.07603454589844,33.87639236450195
9653586,2023,2024-02-28,1900,2023-12-01,1430,602220,NA,5,5,5,1919,0,0,0,NA,0,230T,ARTESIA BL,VALLEY VIEW AV,0,NA,Y,A,-,N,NA,NA,NA,NA,NA,NA,NA,NA,NA,N,3,0,1,2,A,-,08,22107,NA,N,B,C,A,A,H,-,A,A,0,NA,NA,NA,NA,Y,NA,M,47,0,1,0,0,0,0,0,0,0,-,-,33.87331008911133,-118.02903747558594,LOS ANGELES,CERRITOS,-118.02886199951172,33.87324523925781
9653587,2023,2024-02-23,1902,2023-12-14,949,785,2,4,5,5,1902,0,0,0,NA,0,001,SANTA ANITA AV,GRANDVIEW AV,195,S,N,A,-,N,NA,NA,NA,NA,NA,NA,NA,NA,NA,N,3,0,1,1,A,-,08,22107,NA,N,E,I,A,A,H,-,A,D,0,NA,NA,NA,NA,Y,NA,A,01,0,1,0,0,0,0,0,0,0,-,-,NA,NA,LOS ANGELES,ARCADIA,-118.03201293945313,34.166404724121094
9653588,2023,2024-02-23,1931,2023-12-05,1313,5315,1931,2,5,5,1931,0,0,0,NA,0,003,SANTA FE AV,ZOE AV,0,NA,Y,A,-,N,NA,NA,NA,NA,NA,NA,NA,NA,NA,N,4,0,1,2,A,-,10,21950,A,N,G,B,B,A,H,-,A,A,0,Y,NA,NA,NA,Y,NA,A,01,0,0,1,0,1,0,0,0,0,-,-,NA,NA,LOS ANGELES,HUNTINGTON PARK,-118.23030090332033,33.97926712036133
9653601,2023,2024-02-26,1942,2023-12-14,1900,44664,1257,4,5,7,1942,0,0,0,L,0,12A39W,78TH ST,BROADWAY AV,50,W,N,A,-,N,NA,NA,NA,NA,NA,NA,NA,NA,NA,N,3,0,1,2,A,-,00,21504,NA,N,D,C,A,A,H,-,C,D,0,NA,NA,NA,NA,Y,NA,A,01,0,1,0,0,0,0,0,0,0,-,-,NA,NA,LOS ANGELES,LOS ANGELES,-118.27846527099608,33.968868255615234
9653602,2023,2024-02-26,1942,2023-12-12,705,43961,1268,2,5,7,1942,0,0,0,L,0,12A45,MAIN ST,80TH ST,0,NA,Y,A,-,N,NA,NA,NA,NA,NA,NA,NA,NA,NA,Y,3,0,3,2,A,-,09,21802,A,F,A,C,A,A,H,-,A,D,0,NA,NA,NA,NA,Y,NA,A,01,0,3,0,0,0,0,0,0,0,-,-,NA,NA,LOS ANGELES,LOS ANGELES,-118.27391052246094,33.9669075012207
9653603,2023,2024-02-26,1942,2023-12-17,1755,40726,1249,7,5,7,1942,0,0,0,L,0,25MX82,FIGUEROA ST,66TH ST,0,NA,Y,A,-,N,NA,NA,NA,NA,NA,NA,NA,NA,NA,N,3,0,1,2,A,-,09,21802,A,N,D,C,A,A,H,-,C,A,0,NA,NA,Y,NA,Y,NA,A,07,0,1,0,0,0,0,0,0,1,-,-,NA,NA,LOS ANGELES,LOS ANGELES,-118.28271484375,33.97979736328125
9653604,2023,2024-02-26,1942,2023-12-05,30,38503,1205,2,5,7,1942,0,0,0,L,0,25T33,VERMONT AV,51ST ST,0,NA,Y,A,-,N,NA,NA,NA,NA,NA,NA,NA,NA,NA,Y,4,0,1,2,A,-,09,21801,A,F,A,C,A,A,H,-,C,A,0,NA,NA,NA,NA,Y,NA,A,01,0,0,1,0,0,0,0,0,0,-,-,NA,NA,LOS ANGELES,LOS ANGELES,-118.29153442382813,33.99638366699219
9653612,2023,2024-02-26,1902,2023-12-20,1724,779,11,3,5,5,1902,0,0,0,NA,0,001,2ND AV,SANTA CLARA ST,0,NA,Y,C,-,N,NA,NA,NA,NA,NA,NA,NA,NA,NA,Y,3,0,1,2,A,-,09,21801,A,N,D,C,A,B,H,-,C,A,0,NA,NA,NA,NA,Y,NA,A,01,0,1,0,0,0,0,0,0,0,-,-,NA,NA,LOS ANGELES,ARCADIA,-118.02520751953124,34.14231872558594
9653613,2023,2024-02-26,1942,2023-12-18,1919,35936,1203,1,5,7,1942,0,0,0,L,0,25T31,WESTERN AV,45TH ST,55,S,N,B,-,N,NA,NA,NA,NA,NA,NA,NA,NA,NA,NA,4,0,1,3,A,-,05,21650,NA,F,B,C,A,B,H,-,C,A,0,NA,NA,NA,NA,Y,NA,A,07,0,0,1,0,0,0,0,0,0,-,-,NA,NA,LOS ANGELES,LOS ANGELES,-118.30892944335938,34.002628326416016
9653616,2023,2024-02-23,1942,2023-12-05,1705,44133,1803,2,5,7,1942,0,0,0,R,0,18A3,SAN PEDRO ST,88TH PL,0,NA,Y,-,-,N,NA,NA,NA,NA,NA,NA,NA,NA,NA,N,4,0,1,2,A,-,03,22350,NA,F,G,B,B,A,H,-,C,D,0,Y,NA,NA,NA,Y,NA,-,99,0,0,1,0,1,0,0,0,0,-,-,NA,NA,LOS ANGELES,LOS ANGELES,-118.26953125,33.95647048950195
9653617,2023,2024-09-17,1942,2023-12-15,1040,38111,1841,5,5,7,1942,0,0,0,R,0,25TL23,109TH ST,DENVER AV,74,W,N,A,-,N,NA,NA,NA,NA,NA,NA,NA,NA,NA,N,2,0,1,2,A,-,21,22106,NA,F,G,B,E,A,H,-,A,D,0,Y,NA,NA,NA,Y,NA,-,99,1,0,0,0,1,0,0,0,0,-,-,NA,NA,LOS ANGELES,LOS ANGELES,-118.28507995605467,33.937339782714844
9653618,2023,2024-02-26,1942,2023-12-08,815,42282,1842,5,5,7,1942,0,0,0,R,0,25TL27,MAIN ST,112TH ST,0,NA,Y,A,-,N,NA,NA,NA,NA,NA,NA,NA,NA,NA,Y,3,0,1,2,A,-,12,21453,A,F,D,C,A,A,H,-,A,A,0,NA,NA,NA,NA,Y,NA,-,99,0,1,0,0,0,0,0,0,0,-,-,NA,NA,LOS ANGELES,LOS ANGELES,-118.27389526367188,33.932979583740234
9653619,2023,2024-02-23,1942,2023-12-12,1850,42720,1803,2,5,7,1942,0,0,0,R,0,25T35W,AVALON BL,88TH PL,55,N,N,A,-,N,NA,NA,NA,NA,NA,NA,NA,NA,NA,Y,3,0,2,2,A,-,05,21650,NA,F,A,C,A,A,H,-,C,D,0,NA,NA,NA,NA,Y,NA,A,01,0,2,0,0,0,0,0,0,0,-,-,NA,NA,LOS ANGELES,LOS ANGELES,-118.26513671875,33.95661926269531
9653620,2023,2024-02-23,1942,2023-12-14,1550,41626,1823,4,5,7,1942,0,0,0,R,0,18A44,SAN PEDRO ST,COLDEN AV,0,NA,Y,A,-,N,NA,NA,NA,NA,NA,NA,NA,NA,NA,N,4,0,1,2,A,-,10,21950,A,N,G,B,B,A,H,-,B,A,0,Y,NA,NA,NA,Y,NA,A,07,0,0,1,0,1,0,0,0,0,-,-,NA,NA,LOS ANGELES,LOS ANGELES,-118.2695083618164,33.9492073059082
9653621,2023,2024-02-23,1942,2023-12-11,1955,40717,1837,1,5,7,1942,0,0,0,R,0,25T37W,COMPTON AV,IMPERIAL HWY,75,N,N,A,-,N,NA,NA,NA,NA,NA,NA,NA,NA,NA,N,3,0,1,2,A,-,09,21804,A,F,H,C,A,A,H,-,C,D,0,NA,NA,Y,NA,Y,NA,-,99,0,1,0,0,0,0,0,0,1,-,-,NA,NA,LOS ANGELES,LOS ANGELES,-118.24628448486328,33.92969512939453
9653622,2023,2024-02-23,1942,2023-12-05,2200,44685,1821,2,5,7,1942,0,0,0,R,0,18A17,FIGUEROA ST,98TH ST,100,S,N,A,-,N,NA,NA,NA,NA,NA,NA,NA,NA,NA,Y,3,0,1,2,A,-,05,21650,NA,F,A,C,A,A,H,-,C,A,0,NA,NA,NA,NA,Y,NA,A,01,0,1,0,0,0,0,0,0,0,-,-,NA,NA,LOS ANGELES,LOS ANGELES,-118.2826690673828,33.94694519042969
9653623,2023,2024-03-06,1942,2023-12-12,1850,44825,1806,2,5,7,1942,0,0,0,R,0,18AY1,STANFORD,92ND ST,0,NA,N,A,-,N,NA,NA,NA,NA,NA,NA,NA,NA,NA,N,3,0,1,2,A,-,11,21954,A,F,G,B,D,A,H,-,D,D,0,Y,NA,NA,NA,Y,NA,N,60,0,1,0,0,1,0,0,0,0,-,-,NA,NA,LOS ANGELES,LOS ANGELES,-118.26297760009766,33.952877044677734
9653624,2023,2024-02-26,1942,2023-12-01,1250,33397,1822,5,5,7,1942,0,0,0,R,0,25MQ12,BROADWAY,102ND ST,0,NA,Y,A,-,N,NA,NA,NA,NA,NA,NA,NA,NA,NA,N,4,0,1,2,A,-,09,21802,A,F,D,C,A,A,H,-,A,A,0,NA,NA,NA,NA,Y,NA,-,99,0,0,1,0,0,0,0,0,0,-,-,NA,NA,LOS ANGELES,LOS ANGELES,-118.27838897705078,33.94373321533203
9653629,2023,2024-02-23,1942,2023-12-17,2045,42720,1842,7,5,7,1942,0,0,0,R,0,25T35W,GRAND AV,112TH ST,49,S,N,A,-,N,NA,NA,NA,NA,NA,NA,NA,NA,NA,N,3,0,1,2,A,-,05,21650,1,F,A,G,A,A,H,-,C,D,0,NA,Y,NA,NA,Y,NA,L,04,0,1,0,0,0,0,1,0,0,-,-,NA,NA,LOS ANGELES,LOS ANGELES,-118.2815170288086,33.93280029296875
9653635,2023,2024-02-23,1920,2023-12-09,6,10472,NA,6,5,6,1920,0,0,0,NA,0,NA,LAKEWOOD BL,GALLATIN RD,0,NA,Y,A,-,N,NA,NA,NA,NA,NA,NA,NA,NA,NA,Y,3,0,1,2,A,-,07,21658,A,N,C,C,A,A,H,-,C,A,0,NA,NA,NA,NA,Y,Y,A,01,0,1,0,0,0,0,0,0,0,-,-,NA,NA,LOS ANGELES,DOWNEY,-118.1135711669922,33.954307556152344
9653636,2023,2024-02-23,1920,2023-12-16,249,14288,1920,6,5,6,1920,0,0,0,NA,0,004,FIRESTONE BL,WOODRUFF AV,38,W,N,A,-,N,NA,NA,NA,NA,NA,NA,NA,NA,NA,N,4,0,1,2,A,-,08,22107,NA,N,B,C,A,A,H,-,C,A,0,NA,NA,NA,NA,Y,Y,A,01,0,0,1,0,0,0,0,0,0,-,-,NA,NA,LOS ANGELES,DOWNEY,-118.11798095703124,33.9324836730957
9653637,2023,2024-02-23,1920,2023-12-14,1749,14072,NA,4,5,6,1920,0,0,0,NA,0,NA,FIRESTONE BL,PATTON RD,287,E,N,A,-,N,NA,NA,NA,NA,NA,NA,NA,NA,NA,N,4,0,2,2,A,-,09,21801,A,N,D,C,A,A,H,-,C,A,0,NA,NA,NA,NA,Y,NA,A,01,0,0,2,0,0,0,0,0,0,-,-,NA,NA,LOS ANGELES,DOWNEY,-118.12691497802734,33.93694305419922
9653646,2023,2024-02-23,1934,2023-12-11,1723,802,IRWPD,1,5,1,1934,0,0,0,NA,0,NA,OLIVE PIT DR,LOS ANGELES ST,31,N,N,A,-,N,NA,NA,NA,NA,NA,NA,NA,NA,NA,Y,3,0,1,3,A,-,03,22350,NA,N,C,C,A,A,H,-,C,A,0,NA,NA,NA,NA,Y,NA,A,01,0,1,0,0,0,0,0,0,0,-,-,NA,NA,LOS ANGELES,IRWINDALE,NA,NA
9653647,2023,2024-02-23,1934,2023-12-23,902,803,IRWPD,6,5,1,1934,0,0,0,NA,0,001,AZUSA CANYON RD,CYPRESS ST,0,NA,Y,A,-,N,NA,NA,NA,NA,NA,NA,NA,NA,NA,N,3,0,1,2,A,-,08,22107,NA,N,B,G,A,A,H,-,A,A,0,NA,Y,NA,NA,Y,NA,A,01,0,1,0,0,0,0,1,0,0,-,-,34.09611892700195,-117.94300079345705,LOS ANGELES,IRWINDALE,-117.94298553466795,34.09610366821289
9653648,2023,2024-02-23,1934,2023-12-10,536,802,IRWPD,7,5,1,1934,0,0,0,NA,0,NA,IRWINDALE AV,GLADSTONE ST,50,S,N,A,-,N,NA,NA,NA,NA,NA,NA,NA,NA,NA,Y,3,0,1,1,A,-,01,23152,A,M,A,I,A,A,H,-,C,A,0,NA,NA,NA,NA,Y,Y,A,01,0,1,0,0,0,0,0,0,0,-,-,34.114341735839844,-117.9338836669922,LOS ANGELES,IRWINDALE,-117.9338836669922,34.11418533325195
9653649,2023,2024-02-23,1910,2023-12-15,1712,03494,NA,5,5,4,1910,0,0,0,NA,0,009,WILSHIRE BL,HAMEL DR,45,E,N,A,-,N,NA,NA,NA,NA,NA,NA,NA,NA,NA,N,4,0,2,2,A,-,03,22350,NA,N,C,C,A,A,H,-,C,B,0,NA,NA,NA,NA,Y,NA,A,01,0,0,2,0,0,0,0,0,0,-,-,34.06644821166992,-118.3813705444336,LOS ANGELES,BEVERLY HILLS,-118.38143920898438,34.066505432128906
9653650,2023,2024-02-23,1910,2023-12-16,1223,03438,NA,6,5,4,1910,0,0,0,NA,0,009,WILSHIRE BL,N HAMEL DR,0,NA,Y,A,-,N,NA,NA,NA,NA,NA,NA,NA,NA,NA,Y,4,0,2,2,A,-,09,21802,A,N,D,C,A,A,H,-,A,A,0,NA,NA,NA,NA,Y,NA,A,01,0,0,2,0,0,0,0,0,0,-,-,NA,NA,LOS ANGELES,BEVERLY HILLS,-118.38158416748048,34.0665397644043
9653651,2023,2024-02-23,1910,2023-12-15,1827,390,NA,5,5,4,1910,0,0,0,NA,0,009,WILSHIRE BL,DOHENY DR,0,NA,Y,A,-,N,NA,NA,NA,NA,NA,NA,NA,NA,NA,Y,4,0,3,2,A,-,03,22350,NA,N,C,C,A,A,H,-,C,A,0,NA,NA,NA,NA,Y,NA,A,01,0,0,3,0,0,0,0,0,0,-,-,NA,NA,LOS ANGELES,BEVERLY HILLS,-118.38972473144533,34.06706237792969
9653652,2023,2024-02-23,1929,2023-12-03,1252,242,1929,7,5,3,1929,0,0,0,NA,0,002,HERMOSA AV,22ND ST,93,S,N,A,-,N,NA,NA,NA,NA,NA,NA,NA,NA,NA,N,3,0,1,2,A,-,03,22350,NA,N,C,G,A,A,H,-,A,D,0,NA,Y,NA,NA,Y,NA,L,04,0,1,0,0,0,0,1,0,0,-,-,33.869380950927734,-118.40366363525392,LOS ANGELES,HERMOSA BEACH,-118.40346527099608,33.86914825439453
9653653,2023,2024-02-23,1929,2023-12-07,2134,176,1929,4,5,3,1929,0,0,0,NA,0,003,AVIATION BL,OCEAN DR,5,W,N,A,-,N,NA,NA,NA,NA,NA,NA,NA,NA,NA,N,4,0,1,2,A,-,03,22350,NA,F,C,G,A,A,H,-,C,A,0,NA,Y,NA,NA,Y,NA,A,01,0,0,1,0,0,0,1,0,0,-,-,33.863258361816406,-118.39031982421876,LOS ANGELES,HERMOSA BEACH,-118.39030456542967,33.8632698059082
9653691,2023,2024-02-06,1900,2023-12-01,2108,605526,1900,5,5,4,1936,0,0,0,NA,0,46T1,LA MIRADA BL,TACUBA DR,0,NA,Y,A,-,N,NA,NA,NA,NA,NA,NA,NA,NA,NA,Y,4,0,2,2,A,-,09,21801,A,N,A,D,A,A,H,-,C,A,0,NA,NA,NA,NA,Y,NA,A,01,0,0,2,0,0,0,0,0,0,-,-,NA,NA,LOS ANGELES,LA MIRADA,-118.01210021972656,33.914329528808594
9653707,2023,2024-02-02,1931,2023-12-24,1653,5350,1931,7,5,5,1931,0,0,0,NA,0,004,STATE ST,SATURN AV,366,S,N,A,-,N,NA,NA,NA,NA,NA,NA,NA,NA,NA,N,4,0,1,2,A,-,01,23152,A,N,D,C,A,A,H,-,B,D,0,NA,NA,NA,NA,Y,Y,A,01,0,0,1,0,0,0,0,0,0,-,-,NA,NA,LOS ANGELES,HUNTINGTON PARK,-118.21227264404295,33.97547149658203
9653709,2023,2024-02-02,1900,2023-12-11,1440,650094,0466,1,5,4,1936,0,0,0,NA,0,46T1,ALONDRA BL,HERON AV,87,W,N,A,-,N,NA,NA,NA,NA,NA,NA,NA,NA,NA,Y,3,0,3,5,A,-,03,22350,NA,N,C,C,A,A,H,-,A,D,0,NA,NA,NA,NA,Y,NA,A,01,0,1,2,0,0,0,0,0,0,-,-,NA,NA,LOS ANGELES,LA MIRADA,-118.02662658691406,33.88800811767578
9653710,2023,2024-02-02,1900,2023-12-27,1930,605526,NA,3,5,4,1936,0,0,0,NA,0,46T1,LA MIRADA BL,WEEKS DR,0,NA,Y,A,-,N,NA,NA,NA,NA,NA,NA,NA,NA,NA,Y,4,0,1,2,A,-,09,21801,A,N,D,C,A,A,H,-,C,D,0,NA,NA,NA,NA,Y,NA,A,07,0,0,1,0,0,0,0,0,0,-,-,NA,NA,LOS ANGELES,LA MIRADA,-118.01203155517578,33.92396926879883
9653715,2023,2024-03-30,1900,2023-12-20,1130,657968,0332,3,5,4,1939,0,0,0,NA,0,35T1,MARINE AV,INGLEWOOD AV,140,W,N,B,C,N,NA,NA,NA,NA,NA,NA,NA,NA,NA,N,3,0,1,2,A,-,03,22350,NA,N,E,I,A,B,H,-,A,D,0,NA,NA,NA,NA,Y,NA,A,07,0,1,0,0,0,0,0,0,0,-,-,33.894710540771484,-118.36192321777344,LOS ANGELES,LAWNDALE,-118.3617706298828,33.8946418762207
9653717,2023,2024-02-02,1970,2023-12-08,1046,169,SPB4,5,5,4,1970,0,0,0,NA,0,004,FAIR OAKS AV,OAK ST,0,NA,Y,A,-,N,NA,NA,NA,NA,NA,NA,NA,NA,NA,Y,4,0,1,2,A,-,09,21801,A,N,D,C,A,A,H,-,A,A,0,NA,NA,NA,NA,Y,NA,A,01,0,0,1,0,0,0,0,0,0,-,-,NA,NA,LOS ANGELES,SOUTH PASADENA,-118.15052032470705,34.107757568359375
9653718,2023,2024-02-02,1970,2023-12-15,1459,169,SPB2,5,5,4,1970,0,0,0,NA,0,002,FAIRVIEW AV,HOPE ST,116,S,N,A,-,N,NA,NA,NA,NA,NA,NA,NA,NA,NA,N,4,0,1,2,A,-,21,22106,NA,N,G,B,D,A,H,-,A,D,0,Y,NA,NA,NA,Y,NA,A,01,0,0,1,0,1,0,0,0,0,-,-,NA,NA,LOS ANGELES,SOUTH PASADENA,-118.15512084960938,34.11641311645508
9653719,2023,2024-02-23,1902,2023-12-29,2311,831,12,5,5,5,1902,0,0,0,NA,0,003,SANTA ANITA AV,RT 210,0,NA,Y,A,-,Y,LA,7,210,-,R,31.782,R,4,E,Y,3,0,2,2,A,-,03,22350,NA,N,D,C,A,A,H,-,C,A,0,NA,NA,NA,NA,Y,NA,A,01,0,1,1,0,0,0,0,0,0,-,EF,NA,NA,LOS ANGELES,ARCADIA,-118.03353881835938,34.14805603027344
9653720,2023,2024-02-02,1931,2023-12-05,516,5325,1931,2,5,5,1931,0,0,0,NA,0,001,SANTA FE AV,GAGE AV,0,NA,Y,A,-,N,NA,NA,NA,NA,NA,NA,NA,NA,NA,Y,4,0,1,2,A,-,11,21950,B,N,G,B,B,A,H,-,C,A,0,Y,NA,NA,NA,Y,NA,N,60,0,0,1,0,1,0,0,0,0,-,-,NA,NA,LOS ANGELES,HUNTINGTON PARK,-118.23030090332033,33.98164367675781
9653748,2024,2024-01-25,1972,2024-01-04,1000,22773,NA,4,5,6,1972,0,0,0,NA,0,NA,ARTESIA BL,ELGAR AV,0,NA,Y,A,-,N,NA,NA,NA,NA,NA,NA,NA,NA,NA,N,4,0,1,2,A,-,09,21802,A,N,A,C,A,A,-,-,A,A,0,NA,NA,NA,NA,Y,NA,A,NA,0,0,1,0,0,0,0,0,0,-,-,NA,NA,LOS ANGELES,TORRANCE,-118.32852172851564,33.87279510498047
9653749,2024,2024-01-25,1972,2024-01-04,1806,21151,NA,4,5,6,1972,0,0,0,NA,0,NA,238TH ST,AUDREY AV,50,W,N,A,-,N,NA,NA,NA,NA,NA,NA,NA,NA,NA,Y,4,0,1,2,A,-,08,22107,NA,N,C,C,A,A,H,-,C,D,0,NA,NA,NA,NA,Y,NA,A,NA,0,0,1,0,0,0,0,0,0,-,-,NA,NA,LOS ANGELES,TORRANCE,-118.3535614013672,33.809051513671875
9653750,2024,2024-01-25,1941,2024-01-10,251,11540,EAST,3,5,7,1941,0,0,0,NA,0,011,EAST 15TH ST,E 15TH ST 2420,0,NA,N,A,-,N,NA,NA,NA,NA,NA,NA,NA,NA,NA,Y,3,0,1,2,A,-,01,23152,B,N,A,E,A,A,H,-,C,D,0,NA,NA,NA,NA,Y,Y,A,01,0,1,0,0,0,0,0,0,0,-,-,33.785980224609375,-118.16268157958984,LOS ANGELES,LONG BEACH,-118.19236755371094,33.785335540771484
9653751,2023,2024-02-12,1941,2023-09-13,828,11146,NORTH,3,5,7,1941,0,0,0,NA,0,024,HARDING ST,DOWNEY AV,0,NA,Y,A,-,N,NA,NA,NA,NA,NA,NA,NA,NA,NA,N,4,0,1,2,A,-,09,21801,A,N,D,G,A,A,H,-,A,A,0,NA,Y,NA,NA,Y,NA,D,22,0,0,1,0,0,0,1,0,0,-,-,33.86793899536133,-118.15125274658205,LOS ANGELES,LONG BEACH,-118.15145111083984,33.8679084777832
9653752,2024,2024-01-25,1902,2024-01-08,1822,791,8,1,5,5,1902,0,0,0,NA,0,001,COLORADO BL,2ND AV,38,E,N,A,-,N,NA,NA,NA,NA,NA,NA,NA,NA,NA,N,4,0,1,2,A,-,12,22450,NA,N,D,C,A,A,H,-,D,A,0,NA,NA,NA,NA,Y,NA,A,07,0,0,1,0,0,0,0,0,0,-,-,NA,NA,LOS ANGELES,ARCADIA,-118.02518463134766,34.14558029174805
9653756,2024,2024-01-25,1902,2024-01-11,1356,783,32,4,5,5,1902,0,0,0,NA,0,005,LIVE OAK AV,6TH ST,300,E,N,A,-,N,NA,NA,NA,NA,NA,NA,NA,NA,NA,Y,4,0,2,4,A,-,03,22350,NA,N,C,C,A,A,H,-,A,A,0,NA,NA,NA,NA,Y,NA,A,01,0,0,2,0,0,0,0,0,0,-,-,NA,NA,LOS ANGELES,ARCADIA,-118.01737213134766,34.10932922363281
9653758,2024,2024-02-07,1931,2024-01-07,1315,5351,1931,7,5,5,1931,0,0,0,NA,0,001,GAGE AV,MALABAR ST,0,NA,Y,A,-,N,NA,NA,NA,NA,NA,NA,NA,NA,NA,N,4,0,1,2,A,-,12,21453,A,N,D,C,A,A,H,-,A,A,0,NA,NA,NA,NA,Y,NA,A,01,0,0,1,0,0,0,0,0,0,-,-,NA,NA,LOS ANGELES,HUNTINGTON PARK,-118.227783203125,33.981632232666016
9653759,2024,2024-06-06,1931,2024-01-14,1838,5355,1931,7,5,5,1931,0,0,0,NA,0,003,GAGE AV,MARBRISA AV,0,NA,Y,-,-,N,NA,NA,NA,NA,NA,NA,NA,NA,NA,Y,2,0,2,2,A,-,01,23153,A,N,D,C,A,A,H,-,C,D,0,NA,NA,Y,NA,Y,Y,C,02,2,0,0,0,0,0,0,0,2,-,-,NA,NA,LOS ANGELES,HUNTINGTON PARK,-118.23143768310548,33.98164367675781