CASE_ID,ACCIDENT_YEAR,PROC_DATE,JURIS,COLLISION_DATE,COLLISION_TIME,OFFICER_ID,REPORTING_DISTRICT,DAY_OF_WEEK,CHP_SHIFT,POPULATION,CNTY_CITY_LOC,SPECIAL_COND,BEAT_TYPE,CHP_BEAT_TYPE,CITY_DIVISION_LAPD,CHP_BEAT_CLASS,BEAT_NUMBER,PRIMARY_RD,SECONDARY_RD,DISTANCE,DIRECTION,INTERSECTION,WEATHER_1,WEATHER_2,STATE_HWY_IND,CALTRANS_COUNTY,CALTRANS_DISTRICT,STATE_ROUTE,ROUTE_SUFFIX,POSTMILE_PREFIX,POSTMILE,LOCATION_TYPE,RAMP_INTERSECTION,SIDE_OF_HWY,TOW_AWAY,COLLISION_SEVERITY,NUMBER_KILLED,NUMBER_INJURED,PARTY_COUNT,PRIMARY_COLL_FACTOR,PCF_CODE_OF_VIOL,PCF_VIOL_CATEGORY,PCF_VIOLATION,PCF_VIOL_SUBSECTION,HIT_AND_RUN,TYPE_OF_COLLISION,MVIW,PED_ACTION,ROAD_SURFACE,ROAD_COND_1,ROAD_COND_2,LIGHTING,CONTROL_DEVICE,CHP_ROAD_TYPE,PEDESTRIAN_ACCIDENT,BICYCLE_ACCIDENT,MOTORCYCLE_ACCIDENT,TRUCK_ACCIDENT,NOT_PRIVATE_PROPERTY,ALCOHOL_INVOLVED,STWD_VEHTYPE_AT_FAULT,CHP_VEHTYPE_AT_FAULT,COUNT_SEVERE_INJ,COUNT_VISIBLE_INJ,COUNT_COMPLAINT_PAIN,COUNT_PED_KILLED,COUNT_PED_INJURED,COUNT_BICYCLIST_KILLED,COUNT_BICYCLIST_INJURED,COUNT_MC_KILLED,COUNT_MC_INJURED,PRIMARY_RAMP,SECONDARY_RAMP,LATITUDE,LONGITUDE,COUNTY,CITY,POINT_X,POINT_Y
9653989,2023,2024-01-09,1942,2023-11-17,1213,43070,0357,5,5,7,1942,0,0,0,C,0,25T21,NORMANDIE AV,EXPOSITION BL,0,NA,Y,A,-,N,NA,NA,NA,NA,NA,NA,NA,NA,NA,N,2,0,2,2,A,-,12,21453,A,N,D,J,A,A,H,-,A,A,0,NA,Y,NA,NA,Y,NA,L,04,1,1,0,0,0,0,1,0,0,-,-,NA,NA,LOS ANGELES,LOS ANGELES,-118.30014801025392,34.0181999206543
9653990,2023,2024-01-09,1942,2023-11-23,1600,38715,0557,4,5,7,1942,0,0,0,E,0,5A1,GAFFEY ST,W 5TH ST,0,NA,Y,B,-,N,NA,NA,NA,NA,NA,NA,NA,NA,NA,N,2,0,1,2,A,-,09,21801,A,N,G,B,B,A,H,-,A,A,0,Y,NA,NA,NA,Y,NA,A,01,1,0,0,0,1,0,0,0,0,-,-,NA,NA,LOS ANGELES,LOS ANGELES,-118.29232788085938,33.73968505859375
9653991,2023,2024-02-27,1942,2023-11-27,920,40024,1395,1,5,7,1942,0,0,0,M,0,24MQ53,64TH ST,AVALON BL,120,W,N,A,-,N,NA,NA,NA,NA,NA,NA,NA,NA,NA,N,4,0,1,2,A,-,10,21954,B,N,G,B,E,A,H,-,A,D,0,Y,NA,NA,NA,Y,NA,-,99,0,0,1,0,1,0,0,0,0,-,-,NA,NA,LOS ANGELES,LOS ANGELES,-118.26558685302734,33.98154067993164
9653999,2023,2024-02-27,1972,2023-11-18,2107,22166,NA,6,5,6,1972,0,0,0,NA,0,NA,SEPULVEDA BL,CRENSHAW,0,NA,Y,A,-,N,NA,NA,NA,NA,NA,NA,NA,NA,NA,N,4,0,2,2,A,-,03,22350,NA,N,C,C,A,A,H,-,C,A,0,NA,NA,NA,NA,Y,NA,A,01,0,0,2,0,0,0,0,0,0,-,-,NA,NA,LOS ANGELES,TORRANCE,-118.32846069335938,33.82185745239258
9654017,2023,2024-02-02,1942,2023-11-16,1900,44443,1232,4,5,7,1942,0,0,0,L,0,12A31,60TH ST,CRENSHAW BL,0,NA,N,A,-,N,NA,NA,NA,NA,NA,NA,NA,NA,NA,Y,4,0,1,3,A,-,12,21453,A,N,D,-,A,A,H,-,C,A,0,NA,NA,NA,NA,Y,NA,A,01,0,0,1,0,0,0,0,0,0,-,-,NA,NA,LOS ANGELES,LOS ANGELES,-118.33087158203124,33.98540496826172
9654018,2023,2024-02-02,1942,2023-11-22,410,44783,1267,3,5,7,1942,0,0,0,L,0,12X43,FIGUEROA ST,83RD ST,60,S,N,A,-,N,NA,NA,NA,NA,NA,NA,NA,NA,NA,Y,4,0,1,4,A,-,03,22350,NA,F,B,C,A,A,H,-,C,D,0,NA,NA,NA,NA,Y,NA,A,01,0,0,1,0,0,0,0,0,0,-,-,NA,NA,LOS ANGELES,LOS ANGELES,-118.28272247314452,33.963985443115234
9654019,2023,2024-02-02,1942,2023-11-26,5,44443,1269,7,5,7,1942,0,0,0,L,0,12A69W,MANCHESTER AV,AVALON BL,0,NA,Y,A,-,N,NA,NA,NA,NA,NA,NA,NA,NA,NA,N,3,0,1,2,A,-,09,21801,NA,N,D,C,A,A,H,-,C,A,0,NA,NA,Y,NA,Y,NA,-,99,0,1,0,0,0,0,0,0,1,-,-,NA,NA,LOS ANGELES,LOS ANGELES,-118.26512908935548,33.96013259887695
9654022,2023,2024-02-02,1900,2023-11-17,1110,443069,0974,5,5,4,1979,0,0,0,NA,0,92T2,FOUNTAIN AV,GENESEE AV,0,NA,Y,-,-,N,NA,NA,NA,NA,NA,NA,NA,NA,NA,N,4,0,1,2,A,-,09,21801,A,N,D,C,A,A,H,-,A,D,0,NA,NA,NA,NA,Y,NA,A,01,0,0,1,0,0,0,0,0,0,-,-,34.09442901611328,-118.35804748535156,LOS ANGELES,WEST HOLLYWOOD,-118.35804748535156,34.09442901611328
9654023,2023,2024-02-02,1900,2023-11-29,1550,630203,0521,3,5,4,1971,0,0,0,NA,0,52PM,LAS TUNAS DR,ENCINITA AV,79,W,N,A,-,N,NA,NA,NA,NA,NA,NA,NA,NA,NA,N,2,0,2,2,A,-,04,21703,NA,F,C,C,A,A,H,-,A,A,0,NA,NA,NA,NA,Y,Y,A,01,2,0,0,0,0,0,0,0,0,-,-,34.105628967285156,-118.06839752197266,LOS ANGELES,TEMPLE CITY,-118.0682373046875,34.10567092895508
9654024,2023,2024-02-02,1900,2023-11-27,1000,543338,0531,1,5,5,1959,0,0,0,NA,0,53T1AM,WALNUT GROVE AV,MARSHALL ST,315,S,N,A,-,N,NA,NA,NA,NA,NA,NA,NA,NA,NA,N,4,0,1,2,A,-,09,21801,A,N,-,C,A,A,H,-,A,D,0,NA,NA,NA,NA,Y,NA,A,01,0,0,1,0,0,0,0,0,0,-,-,34.07400131225586,-118.08200073242188,LOS ANGELES,ROSEMEAD,-118.08202362060548,34.07402801513672
9654025,2023,2024-02-02,1900,2023-11-30,1152,633749,0560,4,5,3,1968,0,0,0,NA,0,55B1D,GARVEY AV,LASHBROOK AV,311,W,N,A,-,N,NA,NA,NA,NA,NA,NA,NA,NA,NA,N,3,0,1,2,A,-,00,21235,NA,N,D,C,A,A,H,-,A,D,0,NA,NA,NA,NA,Y,NA,M,94,0,1,0,0,0,0,0,0,0,-,-,34.0620002746582,-118.06400299072266,LOS ANGELES,SOUTH EL MONTE,-118.0642318725586,34.06272888183594
9654026,2023,2024-02-02,1900,2023-11-11,1602,603323,0532,6,5,5,1959,0,0,0,NA,0,53PM,EVELYN AV,GARVEY AV,593,N,N,A,-,N,NA,NA,NA,NA,NA,NA,NA,NA,NA,N,2,0,1,3,A,-,05,21650,NA,N,D,E,A,A,H,-,A,D,0,NA,Y,NA,NA,Y,NA,L,04,1,0,0,0,0,0,1,0,0,-,-,34.0643310546875,-118.10089874267578,LOS ANGELES,ROSEMEAD,-118.10092163085938,34.064247131347656
9654027,2023,2024-02-02,1900,2023-11-10,1105,613750,NA,5,5,5,1959,0,0,0,NA,0,53T1D,ROSEMEAD BL,VALLEY BL,33,N,N,A,-,N,NA,NA,NA,NA,NA,NA,NA,NA,NA,N,4,0,1,2,A,-,21,22106,NA,N,C,C,A,A,H,-,A,A,0,NA,NA,NA,NA,Y,NA,A,01,0,0,1,0,0,0,0,0,0,-,-,34.081031799316406,-118.0732421875,LOS ANGELES,ROSEMEAD,-118.07312774658205,34.0809211730957
9654028,2023,2024-02-02,1900,2023-11-27,2300,644558,0973,1,5,4,1979,0,0,0,NA,0,93T2,SAN VICENTE BL,MELROSE AV,0,NA,Y,A,-,N,NA,NA,NA,NA,NA,NA,NA,NA,NA,Y,3,0,4,2,A,-,09,21801,NA,N,A,C,A,A,H,-,C,A,0,NA,NA,NA,NA,Y,NA,A,01,0,4,0,0,0,0,0,0,0,-,-,34.0814094543457,-118.3830795288086,LOS ANGELES,WEST HOLLYWOOD,-118.38320159912108,34.081363677978516
9654029,2023,2024-02-02,1900,2023-11-21,2150,644558,0986,2,5,4,1979,0,0,0,NA,0,93T2,SUNSET BL,PALM AV,45,E,N,A,-,N,NA,NA,NA,NA,NA,NA,NA,NA,NA,Y,3,0,1,2,A,-,09,21804,A,N,D,C,A,A,H,-,D,D,0,NA,NA,Y,NA,Y,NA,A,01,0,1,0,0,0,0,0,0,0,-,-,34.09109878540039,-118.38273620605467,LOS ANGELES,WEST HOLLYWOOD,-118.3829345703125,34.09073257446289
9654030,2023,2024-02-02,1900,2023-11-19,2008,644558,0972,7,5,4,1979,0,0,0,NA,0,93T2,SAN VICENTE BL,SANTA MONICA BL,0,NA,Y,A,-,N,NA,NA,NA,NA,NA,NA,NA,NA,NA,N,4,0,1,2,A,-,08,22107,NA,N,B,C,A,A,H,-,C,D,0,NA,NA,NA,NA,Y,NA,A,07,0,0,1,0,0,0,0,0,0,-,-,34.0848388671875,-118.38397979736328,LOS ANGELES,WEST HOLLYWOOD,-118.38410949707033,34.08492660522461
9654040,2023,2024-02-02,1900,2023-11-11,1500,443069,0986,6,5,4,1979,0,0,0,NA,0,92T2,SUNSET BL,KINGS RD,104,E,N,A,-,N,NA,NA,NA,NA,NA,NA,NA,NA,NA,N,4,0,1,2,A,-,09,21801,A,N,H,A,A,A,H,-,A,D,0,NA,NA,Y,NA,Y,NA,A,01,0,0,1,0,0,0,0,0,1,-,-,34.095420837402344,-118.37239074707033,LOS ANGELES,WEST HOLLYWOOD,-118.37242126464844,34.09532928466797
9654041,2023,2024-02-02,1929,2023-11-29,2020,245,1929,3,5,3,1929,0,0,0,NA,0,003,AVIATION BL,HARPER AV,0,NA,N,F,-,N,NA,NA,NA,NA,NA,NA,NA,NA,NA,N,4,0,1,2,A,-,11,21954,A,N,G,B,D,-,-,-,-,A,0,Y,NA,NA,NA,Y,NA,-,-,0,0,1,0,1,0,0,0,0,-,-,33.86547088623047,-118.38668823242188,LOS ANGELES,HERMOSA BEACH,-118.38662719726564,33.86547088623047
9654043,2023,2024-02-02,1900,2023-11-19,1625,606099,0972,7,5,4,1979,0,0,0,NA,0,92T1,BEVERLY BL,WETHERLY DR,0,NA,Y,A,-,N,NA,NA,NA,NA,NA,NA,NA,NA,NA,Y,4,0,1,2,A,-,09,21801,A,N,A,C,A,A,H,-,A,A,0,NA,NA,NA,NA,Y,NA,A,07,0,0,1,0,0,0,0,0,0,-,-,34.07725143432617,-118.38877105712892,LOS ANGELES,WEST HOLLYWOOD,-118.38874053955078,34.077186584472656
9654044,2023,2024-01-08,1942,2023-11-30,830,40065,1018,4,5,7,1942,0,0,0,J,0,26TL27,WOODLEY AV,VALERIO ST,119,S,N,A,-,N,NA,NA,NA,NA,NA,NA,NA,NA,NA,Y,3,0,1,4,A,-,08,22107,NA,F,H,A,A,A,H,-,A,D,0,NA,NA,NA,NA,Y,NA,-,99,0,1,0,0,0,0,0,0,0,-,-,NA,NA,LOS ANGELES,LOS ANGELES,-118.48368072509766,34.20450210571289
9654070,2023,2024-02-27,1942,2023-11-28,700,40421,1346,2,5,7,1942,0,0,0,M,0,24T22,HOOPER AV,VERNON AV,0,NA,Y,A,-,N,NA,NA,NA,NA,NA,NA,NA,NA,NA,Y,4,0,1,3,A,-,12,21453,A,N,D,D,A,A,H,-,B,A,0,NA,NA,NA,NA,Y,NA,A,08,0,0,1,0,0,0,0,0,0,-,-,NA,NA,LOS ANGELES,LOS ANGELES,-118.25213623046876,34.00389099121094
9654071,2023,2024-02-27,1942,2023-11-28,2126,34332,0289,2,5,7,1942,0,0,0,B,0,24T32,VALENCIA ST,11TH PL,0,S,N,A,-,N,NA,NA,NA,NA,NA,NA,NA,NA,NA,Y,3,0,1,3,A,-,01,23152,A,N,D,E,A,A,-,-,C,A,0,NA,NA,NA,NA,Y,NA,A,01,0,1,0,0,0,0,0,0,0,-,-,NA,NA,LOS ANGELES,LOS ANGELES,-118.27375793457033,34.04618835449219
9654073,2023,2024-02-27,1942,2023-11-30,840,33985,0231,4,5,7,1942,0,0,0,B,0,24MQ69,BEVERLY BL,RENO ST,0,NA,Y,B,-,N,NA,NA,NA,NA,NA,NA,NA,NA,NA,N,3,0,1,2,A,-,12,21453,A,F,D,C,A,A,H,-,A,A,0,NA,NA,NA,NA,Y,NA,-,99,0,1,0,0,0,0,0,0,0,-,-,NA,NA,LOS ANGELES,LOS ANGELES,-118.28128814697266,34.07141876220703
9654074,2023,2024-02-27,1942,2023-11-18,1500,36023,0142,6,5,7,1942,0,0,0,A,0,24TL51,4TH ST EAST,GRAND AV,145,W,N,B,-,N,NA,NA,NA,NA,NA,NA,NA,NA,NA,Y,2,0,2,1,A,-,03,22350,NA,N,E,I,A,A,H,-,A,D,0,NA,NA,NA,NA,Y,NA,A,01,2,0,0,0,0,0,0,0,0,-,-,NA,NA,LOS ANGELES,LOS ANGELES,-118.2906494140625,33.7406005859375
9654076,2023,2024-02-27,1942,2023-11-04,1830,38050,0132,6,5,7,1942,0,0,0,A,0,24T33,GEN THAD KOSCIUSZKO WY,HOPE ST,82,W,N,A,-,N,NA,NA,NA,NA,NA,NA,NA,NA,NA,Y,4,0,1,1,A,-,08,22107,NA,N,E,I,A,A,H,-,C,D,0,NA,NA,NA,NA,Y,NA,A,07,0,0,1,0,0,0,0,0,0,-,-,NA,NA,LOS ANGELES,LOS ANGELES,NA,NA
9654077,2023,2024-02-27,1942,2023-11-06,1250,41629,0156,1,5,7,1942,0,0,0,A,0,24TL23,6TH ST,SAN JULIAN ST,0,NA,Y,A,-,N,NA,NA,NA,NA,NA,NA,NA,NA,NA,N,4,0,1,2,A,-,11,21954,A,F,G,B,E,A,H,-,A,D,0,Y,NA,NA,NA,Y,NA,N,60,0,0,1,0,1,0,0,0,0,-,-,NA,NA,LOS ANGELES,LOS ANGELES,-118.24617767333984,34.042850494384766
9654078,2023,2024-02-27,1942,2023-11-29,1430,42943,0111,3,5,7,1942,0,0,0,A,0,24T51,ALPINE ST,SPRING ST,0,NA,Y,A,-,N,NA,NA,NA,NA,NA,NA,NA,NA,NA,N,4,0,1,2,A,-,12,21453,A,N,D,G,A,A,H,-,A,A,0,NA,Y,NA,NA,Y,Y,-,-,0,0,1,0,0,0,1,0,0,-,-,NA,NA,LOS ANGELES,LOS ANGELES,-118.23693084716795,34.061859130859375
9654079,2023,2024-02-27,1942,2023-11-07,1526,40421,0138,2,5,7,1942,0,0,0,A,0,DESK,4TH ST,OMAR ST,80,W,N,A,-,N,NA,NA,NA,NA,NA,NA,NA,NA,NA,N,4,0,1,2,A,-,00,20015,NA,F,A,C,A,A,H,-,A,A,0,NA,NA,NA,NA,Y,NA,A,07,0,0,1,0,0,0,0,0,0,-,-,NA,NA,LOS ANGELES,LOS ANGELES,-118.24246215820313,34.04552459716797
9654098,2023,2024-02-22,1900,2023-12-31,2027,545762,2612,7,5,6,1950,0,0,0,NA,0,262T1,30TH ST W,TOWNCENTER DR,0,NA,Y,A,-,N,NA,NA,NA,NA,NA,NA,NA,NA,NA,Y,3,0,2,2,A,-,09,21801,A,N,D,C,A,A,H,-,C,A,0,NA,NA,NA,NA,Y,NA,A,01,0,1,1,0,0,0,0,0,0,-,-,34.61642074584961,-118.18376159667967,LOS ANGELES,PALMDALE,-118.18367767333984,34.61644744873047
9654102,2023,2024-02-22,1900,2023-12-29,1210,655340,2619,5,5,6,1950,0,0,0,NA,0,261T1,LOWES DR,TRADE CENTER DR,0,NA,Y,A,-,N,NA,NA,NA,NA,NA,NA,NA,NA,NA,N,4,0,1,2,A,-,12,22450,A,M,C,C,A,A,H,-,A,A,0,NA,NA,NA,NA,Y,NA,D,22,0,0,1,0,0,0,0,0,0,-,-,34.6009407043457,-118.14441680908205,LOS ANGELES,PALMDALE,-118.1444091796875,34.600948333740234
9654106,2023,2024-02-22,1900,2023-12-23,2300,545762,2608,6,5,6,1950,0,0,0,NA,0,264T1,40TH ST E,VENTURE PL,0,NA,Y,A,-,N,NA,NA,NA,NA,NA,NA,NA,NA,NA,N,3,0,1,2,A,-,08,22107,NA,M,B,C,A,A,H,-,C,D,0,NA,NA,NA,NA,Y,NA,A,01,0,1,0,0,0,0,0,0,0,-,-,34.58462142944336,-118.05845642089844,LOS ANGELES,PALMDALE,-118.05843353271484,34.58469772338867
9654110,2023,2024-03-05,1900,2023-12-22,2025,611176,2611,5,5,6,1950,0,0,0,NA,0,263T1,PALMDALE BL,3RD ST EAST,0,NA,Y,A,-,Y,LA,7,138,-,-,43.95,I,5,W,Y,4,0,1,2,A,-,01,23152,A,N,C,C,A,A,H,-,C,A,0,NA,NA,NA,NA,Y,Y,D,22,0,0,1,0,0,0,0,0,0,-,-,34.579891204833984,-118.12477111816406,LOS ANGELES,PALMDALE,-118.12484741210938,34.579933166503906
9654182,2024,2024-01-31,1902,2024-01-03,1416,786,26,3,5,5,1902,0,0,0,NA,0,004,DUARTE RD,SENSET BL,0,NA,Y,A,-,N,NA,NA,NA,NA,NA,NA,NA,NA,NA,N,4,0,1,3,A,-,09,21801,A,F,D,C,A,A,H,-,A,A,0,NA,NA,NA,NA,Y,NA,A,07,0,0,1,0,0,0,0,0,0,-,-,NA,NA,LOS ANGELES,ARCADIA,-118.06449127197266,34.12467956542969
9654241,2023,2024-03-01,1900,2023-12-21,2024,655308,2610,4,5,6,1950,0,0,0,NA,0,264T1,11TH ST EAST,PALMDALE BL,0,NA,Y,A,-,Y,LA,7,138,-,-,44.821,I,5,E,Y,3,0,1,3,A,-,09,21802,A,N,B,C,A,A,H,-,C,D,0,NA,NA,NA,NA,Y,NA,A,01,0,1,0,0,0,0,0,0,0,-,-,34.579498291015625,-118.1095962524414,LOS ANGELES,PALMDALE,-118.109619140625,34.57952880859375
9654318,2023,2024-01-18,1961,2023-09-24,929,10502,1961,7,5,3,1961,0,0,0,NA,0,001,SAN FERNANDO MISSION BL,SAN FERNANDO RD,0,NA,Y,A,-,N,NA,NA,NA,NA,NA,NA,NA,NA,NA,N,3,0,1,2,D,-,00,NA,NA,N,D,C,A,A,H,-,A,A,0,NA,NA,NA,NA,Y,NA,-,-,0,1,0,0,0,0,0,0,0,-,-,NA,NA,LOS ANGELES,SAN FERNANDO,-118.44295501708984,34.2841682434082
9654339,2023,2024-01-10,1942,2023-11-19,2235,40404,0351,7,5,7,1942,0,0,0,C,0,25T35,OBAMA BL,FARMDALE AV,16,W,N,A,-,N,NA,NA,NA,NA,NA,NA,NA,NA,NA,N,2,0,1,2,A,-,10,21950,A,N,G,B,B,A,H,-,C,A,0,Y,NA,NA,NA,Y,NA,A,01,1,0,0,0,1,0,0,0,0,-,-,NA,NA,LOS ANGELES,LOS ANGELES,-118.34609985351564,34.021480560302734
9654342,2023,2024-01-17,1942,2023-11-10,1220,44035,1494,5,5,7,1942,0,0,0,N,0,27TL25,SEPULVEDA BL,IMPERIAL HWY,2256,N,N,A,-,N,NA,NA,NA,NA,NA,NA,NA,NA,NA,N,2,0,1,2,A,-,08,22101,D,N,B,G,A,A,H,-,A,A,0,NA,Y,NA,Y,Y,NA,L,04,1,0,0,0,0,0,1,0,0,-,-,NA,NA,LOS ANGELES,LOS ANGELES,-118.396240234375,33.9339714050293
9654345,2023,2024-01-10,1942,2023-11-03,745,34959,2024,5,5,7,1942,0,0,0,NA,0,27TL27,SERRANO AV,WILSHIRE BL,0,NA,Y,A,-,N,NA,NA,NA,NA,NA,NA,NA,NA,NA,N,2,0,1,2,A,-,12,21453,A,N,G,B,B,A,H,-,A,A,0,Y,NA,NA,NA,Y,NA,A,01,1,0,0,0,1,0,0,0,0,-,-,NA,NA,LOS ANGELES,LOS ANGELES,-118.30660247802734,34.06172561645508
9654346,2023,2024-02-05,1942,2023-11-10,1630,44222,0811,5,5,7,1942,0,0,0,H,0,27TL48,SUNSET BL,CASTELLAMMARE DR,234,E,N,A,-,N,NA,NA,NA,NA,NA,NA,NA,NA,NA,Y,2,0,1,2,A,-,09,21801,A,N,D,C,A,A,H,-,A,D,0,NA,NA,Y,NA,Y,Y,A,01,1,0,0,0,0,0,0,0,1,-,-,NA,NA,LOS ANGELES,LOS ANGELES,-118.55412292480467,34.040035247802734
9654358,2023,2024-01-10,1941,2023-01-14,2312,11333,NORTH,6,5,7,1941,0,0,0,NA,0,024,E ARTESIA,ORANGE AV,0,NA,Y,C,-,N,NA,NA,NA,NA,NA,NA,NA,NA,NA,N,3,0,1,2,D,-,00,NA,NA,F,C,C,A,B,H,-,C,A,0,NA,NA,NA,NA,Y,NA,-,-,0,1,0,0,0,0,0,0,0,-,-,33.874610900878906,-118.17738342285156,LOS ANGELES,LONG BEACH,-118.17739105224608,33.874534606933594
9654359,2023,2024-01-10,1941,2023-01-31,415,11512,SOUTH,2,5,7,1941,0,0,0,NA,0,008,EAST 7TH ST,ORANGE AV,0,NA,Y,A,-,N,NA,NA,NA,NA,NA,NA,NA,NA,NA,N,4,0,1,2,D,-,00,NA,NA,N,G,B,B,A,H,-,C,A,0,Y,NA,NA,NA,Y,NA,-,-,0,0,1,0,1,0,0,0,0,-,-,33.77534103393555,-118.17635345458984,LOS ANGELES,LONG BEACH,-118.17638397216795,33.77534484863281
9654401,2023,2024-02-02,1941,2023-12-16,920,10542,EAST,6,5,7,1941,0,0,0,NA,0,015,STEARNS ST,MARWICK AV,300,W,N,A,-,N,NA,NA,NA,NA,NA,NA,NA,NA,NA,N,3,0,1,2,A,-,08,22107,NA,N,G,B,B,A,H,-,A,A,0,Y,NA,NA,NA,Y,Y,A,01,0,1,0,0,1,0,0,0,0,-,-,33.7960090637207,-118.1220932006836,LOS ANGELES,LONG BEACH,-118.1230697631836,33.79607009887695
9654416,2023,2024-01-22,1900,2023-08-23,910,637423,0987,3,5,4,1979,0,0,0,NA,0,92B,SUNSET BL,OLIVE DR,100,E,N,A,-,N,NA,NA,NA,NA,NA,NA,NA,NA,NA,N,4,0,1,2,A,-,11,21954,A,N,G,B,D,A,H,-,A,D,0,Y,NA,NA,NA,Y,NA,N,60,0,0,1,0,1,0,0,0,0,-,-,34.095001220703125,-118.3734893798828,LOS ANGELES,WEST HOLLYWOOD,-118.37362670898438,34.09501266479492
9654434,2023,2024-02-07,1941,2023-12-27,546,10324,WEST,3,5,7,1941,0,0,0,NA,0,001,W WARDLOW RD,SANTA FE AV,20,S,N,A,-,N,NA,NA,NA,NA,NA,NA,NA,NA,NA,N,3,0,1,2,A,-,08,22107,NA,N,D,C,A,A,H,-,C,A,0,NA,NA,Y,NA,Y,NA,A,01,0,1,0,0,0,0,0,0,1,-,-,33.82434844970703,-118.21543884277344,LOS ANGELES,LONG BEACH,-118.21553802490234,33.82439041137695
9654437,2023,2024-02-02,1900,2023-12-02,1220,623564,0332,6,5,4,1939,0,0,0,NA,0,35T1,HAWTHORNE BL,160TH ST,2,N,N,A,-,N,NA,NA,NA,NA,NA,NA,NA,NA,NA,N,3,0,1,2,A,-,04,21703,NA,N,C,C,A,A,H,-,A,D,0,NA,NA,NA,NA,Y,NA,A,01,0,1,0,0,0,0,0,0,0,-,-,33.88542175292969,-118.35244750976564,LOS ANGELES,LAWNDALE,-118.35279083251952,33.88495635986328
9654440,2023,2024-01-22,1900,2023-11-24,1729,64103,0976,5,5,4,1979,0,0,0,NA,0,93T3,SANTA MONICA BL,KINGS RD,0,NA,Y,A,-,N,NA,NA,NA,NA,NA,NA,NA,NA,NA,Y,4,0,1,3,A,-,08,22107,NA,N,C,C,A,A,H,-,C,A,0,NA,NA,NA,NA,Y,NA,A,01,0,0,1,0,0,0,0,0,0,-,-,NA,NA,LOS ANGELES,WEST HOLLYWOOD,-118.37274932861328,34.090675354003906
9654443,2023,2024-02-23,1909,2023-12-21,1908,577,1909,4,5,4,1909,0,0,0,NA,0,NA,PRIORY ST,EASTERN AV,40,E,N,C,-,N,NA,NA,NA,NA,NA,NA,NA,NA,NA,N,3,0,1,2,D,-,00,NA,NA,F,H,G,A,B,H,-,C,A,0,NA,Y,NA,NA,Y,Y,-,-,0,1,0,0,0,0,1,0,0,-,-,33.96424102783203,-118.16522979736328,LOS ANGELES,BELL GARDENS,-118.16519927978516,33.9642219543457
9654457,2023,2024-02-08,1970,2023-12-02,1310,195,SPB4,6,5,4,1970,0,0,0,NA,0,004,FREMONT AV,LAUREL ST,45,N,N,A,-,N,NA,NA,NA,NA,NA,NA,NA,NA,NA,N,3,0,1,2,A,-,01,23152,A,F,C,C,A,A,H,-,A,D,0,NA,NA,NA,NA,Y,Y,A,01,0,1,0,0,0,0,0,0,0,-,-,NA,NA,LOS ANGELES,SOUTH PASADENA,-118.15298461914064,34.106712341308594
9654458,2023,2024-01-23,1900,2023-12-27,1501,601485,2608,3,5,6,1950,0,0,0,NA,0,263T1,PALMDALE BL,35TH ST EAST,0,NA,Y,A,-,N,NA,NA,NA,NA,NA,NA,NA,NA,NA,N,3,0,2,2,A,-,04,21703,NA,N,C,C,A,A,H,-,A,A,0,NA,NA,NA,NA,Y,NA,A,01,0,2,0,0,0,0,0,0,0,-,-,34.579898834228516,-118.06703948974608,LOS ANGELES,PALMDALE,-118.0673599243164,34.58021545410156
9654481,2023,2024-02-05,1953,2023-12-12,2147,4564,1953,2,5,6,1953,0,0,0,NA,0,003,MAPLE ST,OAK AV,0,NA,Y,A,-,N,NA,NA,NA,NA,NA,NA,NA,NA,NA,Y,4,0,1,2,A,-,12,22450,NA,F,D,C,A,A,H,-,C,D,0,NA,NA,NA,NA,Y,NA,D,22,0,0,1,0,0,0,0,0,0,-,-,NA,NA,LOS ANGELES,PASADENA,-118.10768127441406,34.153045654296875
9654482,2024,2024-03-26,1953,2024-01-05,2008,1200,1953,5,5,6,1953,0,0,0,NA,0,002,MOUNTAIN ST,FAIR OAKS AV,0,NA,Y,A,-,N,NA,NA,NA,NA,NA,NA,NA,NA,NA,Y,2,0,1,2,A,-,09,21801,NA,N,A,C,A,A,H,-,C,A,0,NA,NA,NA,NA,Y,Y,D,22,1,0,0,0,0,0,0,0,0,-,-,NA,NA,LOS ANGELES,PASADENA,-118.1506118774414,34.161460876464844
9654488,2023,2024-02-01,1913,2023-12-13,1552,4259,70,3,5,4,1913,0,0,0,NA,0,NA,PADUA AV,POMELLO DR,0,NA,Y,A,-,N,NA,NA,NA,NA,NA,NA,NA,NA,NA,Y,4,0,1,2,A,-,12,22450,A,N,D,C,A,A,H,-,A,A,0,NA,NA,NA,NA,Y,NA,A,01,0,0,1,0,0,0,0,0,0,-,-,NA,NA,LOS ANGELES,CLAREMONT,-117.69867706298828,34.135948181152344
9654489,2023,2024-02-23,1900,2023-12-13,1610,527381,2607,3,5,6,1950,0,0,0,NA,0,264T2,RT 138,40TH ST E,0,NA,Y,A,-,Y,LA,7,138,-,-,47.83,H,-,W,Y,4,0,1,3,A,-,03,22350,NA,N,C,C,A,A,H,-,A,A,0,NA,NA,NA,NA,Y,NA,A,01,0,0,1,0,0,0,0,0,0,-,-,34.58034133911133,-118.05692291259766,LOS ANGELES,PALMDALE,-118.0571517944336,34.580360412597656
9654490,2024,2024-03-01,1900,2024-01-03,828,611176,2610,3,5,6,1950,0,0,0,NA,0,263T1,PALDMALE BL,10TH ST EAST,59,W,N,B,-,Y,LA,7,138,-,-,44.68,H,-,W,Y,4,0,2,4,A,-,08,22100,A,N,B,C,A,B,H,-,A,D,0,NA,NA,NA,NA,Y,NA,A,01,0,0,2,0,0,0,0,0,0,-,-,34.57963943481445,-118.11219787597656,LOS ANGELES,PALMDALE,-118.11209869384766,34.57962417602539