CASE_ID,ACCIDENT_YEAR,PROC_DATE,JURIS,COLLISION_DATE,COLLISION_TIME,OFFICER_ID,REPORTING_DISTRICT,DAY_OF_WEEK,CHP_SHIFT,POPULATION,CNTY_CITY_LOC,SPECIAL_COND,BEAT_TYPE,CHP_BEAT_TYPE,CITY_DIVISION_LAPD,CHP_BEAT_CLASS,BEAT_NUMBER,PRIMARY_RD,SECONDARY_RD,DISTANCE,DIRECTION,INTERSECTION,WEATHER_1,WEATHER_2,STATE_HWY_IND,CALTRANS_COUNTY,CALTRANS_DISTRICT,STATE_ROUTE,ROUTE_SUFFIX,POSTMILE_PREFIX,POSTMILE,LOCATION_TYPE,RAMP_INTERSECTION,SIDE_OF_HWY,TOW_AWAY,COLLISION_SEVERITY,NUMBER_KILLED,NUMBER_INJURED,PARTY_COUNT,PRIMARY_COLL_FACTOR,PCF_CODE_OF_VIOL,PCF_VIOL_CATEGORY,PCF_VIOLATION,PCF_VIOL_SUBSECTION,HIT_AND_RUN,TYPE_OF_COLLISION,MVIW,PED_ACTION,ROAD_SURFACE,ROAD_COND_1,ROAD_COND_2,LIGHTING,CONTROL_DEVICE,CHP_ROAD_TYPE,PEDESTRIAN_ACCIDENT,BICYCLE_ACCIDENT,MOTORCYCLE_ACCIDENT,TRUCK_ACCIDENT,NOT_PRIVATE_PROPERTY,ALCOHOL_INVOLVED,STWD_VEHTYPE_AT_FAULT,CHP_VEHTYPE_AT_FAULT,COUNT_SEVERE_INJ,COUNT_VISIBLE_INJ,COUNT_COMPLAINT_PAIN,COUNT_PED_KILLED,COUNT_PED_INJURED,COUNT_BICYCLIST_KILLED,COUNT_BICYCLIST_INJURED,COUNT_MC_KILLED,COUNT_MC_INJURED,PRIMARY_RAMP,SECONDARY_RAMP,LATITUDE,LONGITUDE,COUNTY,CITY,POINT_X,POINT_Y
9654493,2023,2024-02-01,1900,2023-12-01,1546,606779,2608,5,5,6,1950,0,0,0,NA,0,263T1,25TH ST E,AVENUE R-12,0,NA,Y,A,-,N,NA,NA,NA,NA,NA,NA,NA,NA,NA,Y,4,0,1,3,A,-,09,21801,A,N,A,C,A,A,H,-,A,A,0,NA,NA,NA,NA,Y,NA,A,01,0,0,1,0,0,0,0,0,0,-,-,34.56190872192383,-118.08470153808594,LOS ANGELES,PALMDALE,-118.08496856689452,34.57272720336914
9654496,2024,2024-03-26,1900,2024-01-09,1551,525413,2608,2,5,6,1950,0,0,0,NA,0,261T1,40TH ST E,AVE Q 12,32,S,N,A,-,N,NA,NA,NA,NA,NA,NA,NA,NA,NA,Y,4,0,4,3,A,-,04,21703,NA,N,C,C,A,A,H,-,A,D,0,NA,NA,NA,NA,Y,NA,D,22,0,0,4,0,0,0,0,0,0,-,-,34.578041076660156,-118.05828094482422,LOS ANGELES,PALMDALE,-118.05849456787108,34.587303161621094
9654535,2023,2024-02-01,1900,2023-12-26,2047,635701,0610,2,5,6,1985,0,0,0,NA,0,61T1,SOLEDAD CANYON RD,RAINBOW GLEN DR,460,W,N,A,-,N,NA,NA,NA,NA,NA,NA,NA,NA,NA,Y,3,0,2,2,A,-,09,21801,A,N,D,C,A,A,-,-,C,D,0,NA,NA,NA,NA,Y,NA,D,22,0,2,0,0,0,0,0,0,0,-,-,34.421661376953125,-118.49169158935548,LOS ANGELES,SANTA CLARITA,-118.49177551269533,34.4215087890625
9654538,2023,2024-02-01,1900,2023-12-27,1850,642979,0642,3,5,6,1985,0,0,0,NA,0,64T1,MCBEAN PKWY,BRIDGEPORT LN,498,S,N,A,-,N,NA,NA,NA,NA,NA,NA,NA,NA,NA,Y,4,0,1,3,A,-,04,21703,NA,N,C,C,A,A,-,-,C,A,0,NA,NA,NA,NA,Y,NA,A,01,0,0,1,0,0,0,0,0,0,-,-,34.426109313964844,-118.56182861328124,LOS ANGELES,SANTA CLARITA,-118.56186676025392,34.426246643066406
9654539,2023,2024-02-01,1900,2023-12-21,1718,652772,0616,4,5,6,1985,0,0,0,NA,0,61T1,GOLDEN TRIANGLE RD,GOLDEN OAK RD,279,E,N,A,-,N,NA,NA,NA,NA,NA,NA,NA,NA,NA,N,4,0,1,3,A,-,04,21703,NA,N,C,C,A,A,H,-,C,D,0,NA,NA,NA,NA,Y,NA,A,01,0,0,1,0,0,0,0,0,0,-,-,34.416290283203125,-118.51201629638672,LOS ANGELES,SANTA CLARITA,-118.51202392578124,34.416194915771484
9654541,2023,2024-03-01,1900,2023-11-25,1240,643843,0628,6,5,6,1985,0,0,0,NA,0,062,RAILROAD AV,MARKET ST,0,NA,Y,A,-,N,NA,NA,NA,NA,NA,NA,NA,NA,NA,Y,1,1,0,2,A,-,12,21453,A,N,D,G,A,A,H,-,A,A,0,NA,Y,NA,Y,Y,Y,L,04,0,0,0,0,0,1,0,0,0,-,-,34.37897872924805,-118.527099609375,LOS ANGELES,SANTA CLARITA,-118.5271224975586,34.37895584106445
9654542,2023,2024-02-01,1900,2023-12-26,1335,641133,0643,2,5,6,1985,0,0,0,NA,0,64T1,BOUQUET CANYON RD,MAGIC MOUNTAIN PKWY,1000,N,N,A,-,N,NA,NA,NA,NA,NA,NA,NA,NA,NA,Y,3,0,1,3,A,-,04,21703,NA,N,C,C,A,A,H,-,A,D,0,NA,NA,NA,NA,Y,NA,A,01,0,1,0,0,0,0,0,0,0,-,-,34.41543960571289,-118.54136657714844,LOS ANGELES,SANTA CLARITA,-118.54149627685548,34.41619110107422
9654543,2023,2024-02-01,1900,2023-12-28,1728,642979,0645,4,5,6,1985,0,0,0,NA,0,64T1,RYE CANYON RD,AVENUE SCOTT,246,S,N,A,-,N,NA,NA,NA,NA,NA,NA,NA,NA,NA,Y,2,0,2,2,A,-,04,21703,NA,N,C,C,A,A,H,-,C,D,0,NA,NA,NA,NA,Y,NA,A,07,2,0,0,0,0,0,0,0,0,-,-,34.43762969970703,-118.5776596069336,LOS ANGELES,SANTA CLARITA,-118.5776824951172,34.43784713745117
9654565,2023,2024-02-29,1909,2023-12-11,752,560,1909,1,5,4,1909,0,0,0,NA,0,NA,EASTERN AV,FOSTORIA ST,0,NA,Y,A,-,N,NA,NA,NA,NA,NA,NA,NA,NA,NA,Y,4,0,1,2,A,-,09,21802,A,N,D,C,A,A,H,-,A,D,0,NA,NA,NA,NA,Y,NA,D,22,0,0,1,0,0,0,0,0,0,-,-,33.95642852783203,-118.1640625,LOS ANGELES,BELL GARDENS,-118.16416168212892,33.95637130737305
9654569,2023,2024-03-01,1941,2023-12-30,2115,11535,WEST,6,5,7,1941,0,0,0,NA,0,002,W PACIFIC COAST HWY,W PACIFIC COAST HWY 1901,0,NA,N,A,-,Y,LA,7,1,-,-,7.94,H,-,N,Y,3,0,1,3,D,-,00,NA,NA,N,B,C,A,A,H,-,C,D,0,NA,NA,NA,Y,Y,NA,-,-,0,1,0,0,0,0,0,0,0,-,-,33.790191650390625,-118.21788787841795,LOS ANGELES,LONG BEACH,-118.21834564208984,33.789913177490234
9654570,2023,2024-02-03,1941,2023-12-13,1451,11930,WEST,3,5,7,1941,0,0,0,NA,0,004,E 20TH ST,PALMER CT,0,NA,Y,A,-,N,NA,NA,NA,NA,NA,NA,NA,NA,NA,N,3,0,2,2,A,-,05,21650,1,N,G,G,A,A,H,-,A,D,0,NA,Y,NA,NA,Y,NA,L,04,0,1,1,0,0,0,2,0,0,-,-,33.79349136352539,-118.19026184082033,LOS ANGELES,LONG BEACH,-118.19023895263672,33.793487548828125
9654571,2023,2024-02-07,1941,2023-09-20,1048,5761,WEST,3,5,7,1941,0,0,0,NA,0,002,GAYLORD ST,HAYES AV,0,NA,N,A,-,N,NA,NA,NA,NA,NA,NA,NA,NA,NA,N,3,0,1,2,A,-,09,21804,NA,N,D,C,A,A,H,-,A,D,0,NA,NA,NA,Y,Y,NA,A,01,0,1,0,0,0,0,0,0,0,-,-,33.78615951538086,-118.2190399169922,LOS ANGELES,LONG BEACH,-118.21876525878906,33.78643035888672
9654572,2023,2024-01-26,1941,2023-11-07,1619,6003,PORT,2,5,7,1941,0,0,0,NA,0,025,PIER T AV,PIER S LN,200,W,N,F,-,N,NA,NA,NA,NA,NA,NA,NA,NA,NA,Y,4,0,1,2,A,-,08,22100,A,N,D,C,A,A,H,-,A,D,0,NA,NA,NA,NA,Y,NA,A,01,0,0,1,0,0,0,0,0,0,-,-,33.764339447021484,-118.2217025756836,LOS ANGELES,LONG BEACH,-118.22574615478516,33.762516021728516
9654591,2023,2024-03-08,1900,2023-12-13,1530,605526,0467,3,5,4,1936,0,0,0,NA,0,46T1,BEACH BL,HILLSBOROUGH DR,0,NA,Y,A,-,Y,LA,12,39,-,D,18.343,I,5,N,Y,4,0,1,2,A,-,12,21453,A,N,D,D,A,A,H,-,A,A,0,NA,NA,NA,NA,Y,NA,-,-,0,0,1,0,0,0,0,0,0,-,-,NA,NA,LOS ANGELES,LA MIRADA,-117.97776794433594,33.90855026245117
9654594,2023,2024-02-01,1900,2023-12-24,336,646457,0454,7,5,6,1949,0,0,0,NA,0,43T1EM,SAN ANTONIO DR,WALNUT ST,40,N,N,A,-,N,NA,NA,NA,NA,NA,NA,NA,NA,NA,Y,4,0,1,2,A,-,08,22107,NA,N,B,E,A,A,H,-,C,D,0,NA,NA,NA,NA,Y,NA,A,01,0,0,1,0,0,0,0,0,0,-,-,NA,NA,LOS ANGELES,NORWALK,-118.07851409912108,33.90597152709961
9654611,2024,2024-04-03,1900,2024-01-17,858,546537,2314,3,5,5,1919,0,0,0,NA,0,230T,BLOOMFIELD AV,195TH ST,0,NA,Y,B,-,N,NA,NA,NA,NA,NA,NA,NA,NA,NA,Y,4,0,1,2,A,-,09,21801,A,N,D,C,A,A,H,-,A,A,0,NA,NA,NA,NA,Y,NA,A,01,0,0,1,0,0,0,0,0,0,-,-,33.85348129272461,-118.06365203857422,LOS ANGELES,CERRITOS,-118.06359100341795,33.85342788696289
9654620,2024,2024-03-21,1942,2024-01-07,350,44284,1969,7,5,7,1942,0,0,0,NA,0,19A79W,OSBORNE ST,BARTEE AV,200,W,N,B,-,N,NA,NA,NA,NA,NA,NA,NA,NA,NA,N,3,0,1,3,A,-,01,23152,A,N,C,E,A,A,H,-,D,D,0,NA,NA,NA,NA,Y,Y,A,01,0,1,0,0,0,0,0,0,0,-,-,NA,NA,LOS ANGELES,LOS ANGELES,-118.42496490478516,34.24291229248047
9654623,2023,2024-02-24,1941,2023-07-23,1242,11130,SOUTH,7,5,7,1941,0,0,0,NA,0,006,W 6TH ST,PACIFIC AV,0,NA,Y,A,-,N,NA,NA,NA,NA,NA,NA,NA,NA,NA,Y,4,0,1,3,D,-,00,NA,NA,N,D,F,-,A,H,-,A,A,0,Y,NA,NA,NA,Y,NA,-,-,0,0,1,0,1,0,0,0,0,-,-,33.774139404296875,-118.19371795654295,LOS ANGELES,LONG BEACH,-118.19371795654295,33.774139404296875
9654625,2023,2024-03-02,1941,2023-08-17,1542,11358,EAST,4,5,7,1941,0,0,0,NA,0,009,EAST 4TH ST,ORIZABA AV,0,NA,Y,A,-,N,NA,NA,NA,NA,NA,NA,NA,NA,NA,N,4,0,1,2,A,-,09,21802,A,N,D,C,A,A,H,-,A,D,0,NA,NA,NA,NA,Y,NA,A,01,0,0,1,0,0,0,0,0,0,-,-,33.77170944213867,-118.15676879882813,LOS ANGELES,LONG BEACH,-118.15677642822266,33.771697998046875
9654626,2023,2024-02-22,1941,2023-10-09,2238,11576,EAST,1,5,7,1941,0,0,0,NA,0,014,ATHERTON ST,CLARK AV,0,NA,Y,A,-,N,NA,NA,NA,NA,NA,NA,NA,NA,NA,Y,4,0,1,2,A,-,12,21453,A,N,D,C,A,A,H,-,C,A,0,NA,NA,NA,NA,Y,NA,D,22,0,0,1,0,0,0,0,0,0,-,-,33.789798736572266,-118.13404083251952,LOS ANGELES,LONG BEACH,-118.13404083251952,33.7898063659668
9654632,2024,2024-03-21,1942,2024-01-17,610,34561,1622,3,5,7,1942,0,0,0,P,0,26TL24,HADDON AV,DEL SUR ST,100,S,N,B,-,N,NA,NA,NA,NA,NA,NA,NA,NA,NA,Y,3,0,1,3,A,-,01,23152,A,N,D,E,A,A,H,-,B,D,0,NA,NA,NA,NA,Y,Y,A,01,0,1,0,0,0,0,0,0,0,-,-,NA,NA,LOS ANGELES,LOS ANGELES,-118.4376220703125,34.269508361816406
9654635,2024,2024-03-01,1942,2024-01-15,800,40065,1907,1,5,7,1942,0,0,0,NA,0,26T227,HUBBARD ST,FOOTHILL FWY,167,E,N,A,-,N,NA,NA,NA,NA,NA,NA,NA,NA,NA,Y,2,0,1,2,A,-,01,23152,A,N,G,B,E,A,H,-,A,D,0,Y,NA,NA,NA,Y,Y,D,22,1,0,0,0,1,0,0,0,0,-,-,NA,NA,LOS ANGELES,LOS ANGELES,-118.42891693115234,34.308658599853516
9654636,2024,2024-03-21,1942,2024-01-16,2110,39476,1047,2,5,7,1942,0,0,0,J,0,26T55W,BALBOA BL,RT 101,0,NA,Y,A,-,N,NA,NA,NA,NA,NA,NA,NA,NA,NA,Y,4,0,3,2,A,-,01,23152,A,F,D,C,A,A,H,-,C,A,0,NA,NA,NA,NA,Y,Y,D,22,0,0,3,0,0,0,0,0,0,-,-,NA,NA,LOS ANGELES,LOS ANGELES,NA,NA
9654643,2023,2024-02-17,1920,2023-12-06,1538,13118,1920,3,5,6,1920,0,0,0,NA,0,004,LAKEWOOD BL,GALLATIN RD,85,S,N,A,-,N,NA,NA,NA,NA,NA,NA,NA,NA,NA,N,4,0,3,3,A,-,03,22350,NA,N,C,C,A,A,H,-,A,A,0,NA,NA,NA,NA,Y,NA,A,07,0,0,3,0,0,0,0,0,0,-,-,NA,NA,LOS ANGELES,DOWNEY,-118.11367797851564,33.954097747802734
9654647,2023,2024-02-17,1920,2023-12-06,841,13022,1920,3,5,6,1920,0,0,0,NA,0,002,STEWART AND GRAY RD,PARAMOUNT BL,0,NA,Y,A,-,N,NA,NA,NA,NA,NA,NA,NA,NA,NA,N,4,0,1,2,D,-,00,NA,NA,N,B,C,A,A,H,-,A,A,0,NA,NA,NA,NA,Y,NA,-,-,0,0,1,0,0,0,0,0,0,-,-,NA,NA,LOS ANGELES,DOWNEY,-118.1437759399414,33.93479537963867
9654664,2023,2024-02-17,1972,2023-12-17,1635,22116,NA,7,5,6,1972,0,0,0,NA,0,NA,FASHION WY,DEL AMO CIR,138,W,N,A,-,N,NA,NA,NA,NA,NA,NA,NA,NA,NA,N,4,0,1,2,A,-,08,22102,NA,N,H,G,A,A,H,-,A,D,0,NA,Y,NA,NA,Y,NA,A,01,0,0,1,0,0,0,1,0,0,-,-,NA,NA,LOS ANGELES,TORRANCE,-118.34741973876952,33.83518600463867
9654668,2023,2024-02-17,1972,2023-12-12,1750,21600,NA,2,5,6,1972,0,0,0,NA,0,NA,ARLINGTON AV,MARCELINA AV,0,NA,Y,A,-,N,NA,NA,NA,NA,NA,NA,NA,NA,NA,N,4,0,1,2,A,-,12,22450,NA,N,H,G,A,A,H,-,C,D,0,NA,Y,NA,NA,Y,NA,L,04,0,0,1,0,0,0,1,0,0,-,-,NA,NA,LOS ANGELES,TORRANCE,-118.31790161132813,33.8320426940918
9654672,2023,2024-02-17,1972,2023-12-17,1303,22882,NA,7,5,6,1972,0,0,0,NA,0,NA,OCEAN AV,LOMITA BL,0,NA,Y,A,-,N,NA,NA,NA,NA,NA,NA,NA,NA,NA,Y,4,0,1,2,A,-,12,21453,A,N,D,C,A,A,H,-,A,A,0,NA,NA,NA,NA,Y,NA,A,01,0,0,1,0,0,0,0,0,0,-,-,NA,NA,LOS ANGELES,TORRANCE,-118.35443115234376,33.81764221191406
9654676,2023,2024-02-17,1972,2023-12-23,2238,22205,NA,6,5,6,1972,0,0,0,NA,0,NA,PRAIRIE AV,182ND ST,0,NA,Y,A,-,N,NA,NA,NA,NA,NA,NA,NA,NA,NA,N,3,0,1,2,D,-,00,NA,NA,N,C,C,A,A,H,-,C,A,0,NA,NA,NA,NA,Y,NA,-,-,0,1,0,0,0,0,0,0,0,-,-,NA,NA,LOS ANGELES,TORRANCE,-118.3437957763672,33.865577697753906
9654680,2023,2024-02-17,1972,2023-12-01,2028,22205,NA,5,5,6,1972,0,0,0,NA,0,NA,VAN NESS AV,182ND ST,0,NA,Y,A,-,N,NA,NA,NA,NA,NA,NA,NA,NA,NA,Y,4,0,1,3,A,-,09,21801,A,N,D,C,A,A,H,-,C,A,0,NA,NA,NA,NA,Y,NA,A,07,0,0,1,0,0,0,0,0,0,-,-,NA,NA,LOS ANGELES,TORRANCE,-118.31781768798828,33.86555862426758
9654706,2023,2024-03-07,1920,2023-12-21,1128,13500,1920,4,5,6,1920,0,0,0,NA,0,001,BELLFLOWER BL,RT 105,15,S,N,B,-,Y,LA,7,91,-,R,15.48,R,4,E,N,4,0,2,2,A,-,08,22107,NA,N,D,C,A,B,H,-,A,A,0,NA,NA,NA,NA,Y,NA,A,01,0,0,2,0,0,0,0,0,0,-,EF,NA,NA,LOS ANGELES,DOWNEY,-118.12776184082033,33.876068115234375
9654711,2023,2024-02-28,1941,2023-12-30,2048,11534,WEST,6,5,7,1941,0,0,0,NA,0,005,E 23RD ST,ATLANTIC AV,30,S,N,A,-,N,NA,NA,NA,NA,NA,NA,NA,NA,NA,Y,3,0,3,4,A,-,01,23153,NA,N,B,C,A,A,H,-,C,A,0,NA,NA,NA,NA,Y,Y,A,01,0,1,2,0,0,0,0,0,0,-,-,33.7989387512207,-118.18502044677734,LOS ANGELES,LONG BEACH,-118.18502044677734,33.798919677734375
9654715,2023,2024-02-28,1941,2023-12-30,1900,11380,SOUTH,6,5,7,1941,0,0,0,NA,0,008,EAST OCEAN BL,11TH PL,0,NA,Y,A,-,N,NA,NA,NA,NA,NA,NA,NA,NA,NA,Y,4,0,1,2,A,-,01,23153,B,F,C,C,A,A,H,-,C,A,0,NA,NA,NA,NA,Y,Y,A,01,0,0,1,0,0,0,0,0,0,-,-,33.765018463134766,-118.17246246337892,LOS ANGELES,LONG BEACH,-118.17247009277344,33.76502227783203
9654721,2023,2024-01-29,1900,2023-12-22,1515,611176,2619,5,5,6,1950,0,0,0,NA,0,263T1,10TH ST WEST,AVENUE M-14,101,N,N,A,-,N,NA,NA,NA,NA,NA,NA,NA,NA,NA,N,4,0,1,2,A,-,03,22350,NA,M,C,C,A,A,H,-,A,D,0,NA,NA,NA,NA,Y,NA,A,08,0,0,1,0,0,0,0,0,0,-,-,34.63343048095703,-118.14778137207033,LOS ANGELES,PALMDALE,-118.14771270751952,34.63330841064453
9654755,2023,2024-02-05,1926,2023-12-22,230,0190,2,5,5,5,1926,0,0,0,NA,0,002,GLENDORA AV,COLORADO AV,0,NA,N,B,-,N,NA,NA,NA,NA,NA,NA,NA,NA,NA,N,3,0,1,2,A,-,10,21950,A,F,G,B,B,A,H,-,C,A,0,Y,NA,NA,NA,Y,Y,-,99,0,1,0,0,1,0,0,0,0,-,-,34.126708984375,-117.86383819580078,LOS ANGELES,GLENDORA,-117.86383819580078,34.126705169677734
9654789,2024,2024-05-10,1926,2024-01-06,1306,0120,4,6,5,5,1926,0,0,0,NA,0,NA,GLADSTONE ST,BALTON,10,E,N,A,-,N,NA,NA,NA,NA,NA,NA,NA,NA,NA,Y,4,0,2,2,A,-,09,21801,B,N,D,C,A,A,H,-,A,A,0,NA,NA,NA,NA,Y,NA,A,01,0,0,2,0,0,0,0,0,0,-,-,34.11415100097656,-117.83570098876952,LOS ANGELES,GLENDORA,-117.8310546875,34.11394119262695
9654790,2023,2024-02-05,1926,2023-12-24,1756,0177,NA,7,5,5,1926,0,0,0,NA,0,002,GLADSTONE ST,BARRANCA AV,0,NA,Y,A,-,N,NA,NA,NA,NA,NA,NA,NA,NA,NA,Y,3,0,2,2,A,-,12,21453,A,N,D,C,A,A,H,-,C,A,0,NA,NA,NA,NA,Y,NA,-,-,0,2,0,0,0,0,0,0,0,-,-,34.11389923095703,-117.87261962890624,LOS ANGELES,GLENDORA,-117.88146209716795,34.11406707763672
9654793,2024,2024-01-25,1900,2024-01-05,253,525413,2611,5,5,6,1950,0,0,0,NA,0,262T1,TIERRA SUBIDA AV,RAYBURN RD,999,S,N,A,-,N,NA,NA,NA,NA,NA,NA,NA,NA,NA,Y,2,0,3,1,A,-,01,23153,A,N,A,I,A,A,H,-,C,D,0,NA,NA,NA,NA,Y,Y,A,07,1,1,1,0,0,0,0,0,0,-,-,34.567100524902344,-118.1394271850586,LOS ANGELES,PALMDALE,-118.13951110839844,34.56718444824219
9654880,2023,2024-02-28,1941,2023-12-29,852,11535,WEST,5,5,7,1941,0,0,0,NA,0,004,MAGNOLIA AV,W HILL ST,0,NA,Y,A,-,N,NA,NA,NA,NA,NA,NA,NA,NA,NA,Y,2,0,2,3,A,-,12,21453,NA,F,C,C,B,A,H,-,A,A,0,Y,NA,NA,NA,Y,NA,A,01,1,0,1,0,1,0,0,0,0,-,-,33.7971305847168,-118.19808197021484,LOS ANGELES,LONG BEACH,-118.19812774658205,33.79713439941406
9654940,2023,2024-02-15,1909,2023-12-08,1433,622,NONE,5,5,4,1909,0,0,0,NA,0,NORTH,HANNON ST,CASSANDRA DR,0,NA,Y,A,-,N,NA,NA,NA,NA,NA,NA,NA,NA,NA,N,4,0,1,3,A,-,09,21804,A,N,D,C,A,A,H,-,A,D,0,NA,NA,Y,NA,Y,NA,A,01,0,0,1,0,0,0,0,0,0,-,-,33.97169876098633,-118.1381607055664,LOS ANGELES,BELL GARDENS,-118.13821411132813,33.9716682434082
9654941,2023,2024-02-15,1909,2023-12-08,1944,632,1909,5,5,4,1909,0,0,0,NA,0,1909,GARFIELD AV,EASTERN AV,0,NA,Y,A,-,N,NA,NA,NA,NA,NA,NA,NA,NA,NA,Y,4,0,1,2,A,-,04,21703,NA,N,C,C,A,A,H,-,C,A,0,NA,NA,NA,NA,Y,NA,A,07,0,0,1,0,0,0,0,0,0,-,-,33.95362854003906,-118.16390228271484,LOS ANGELES,BELL GARDENS,-118.16388702392578,33.95350646972656
9654942,2023,2024-02-15,1909,2023-12-12,1713,623,1909,2,5,4,1909,0,0,0,NA,0,SOUTH,EASTERN AV,CLARA ST,126,N,N,A,-,N,NA,NA,NA,NA,NA,NA,NA,NA,NA,N,2,0,1,2,A,-,11,21954,A,N,G,B,D,A,H,-,C,D,0,Y,NA,NA,NA,Y,Y,N,60,1,0,0,0,1,0,0,0,0,-,-,33.96318054199219,-118.16538238525392,LOS ANGELES,BELL GARDENS,-118.1654052734375,33.963523864746094
9654943,2023,2024-02-15,1909,2023-12-12,1345,588,1909,2,5,4,1909,0,0,0,NA,0,NORTH,GAGE AV,DARWELL AV,45,W,N,A,-,N,NA,NA,NA,NA,NA,NA,NA,NA,NA,Y,4,0,1,3,A,-,03,22350,NA,N,C,C,A,A,H,-,A,D,0,NA,NA,NA,NA,Y,NA,A,01,0,0,1,0,0,0,0,0,0,-,-,33.97417068481445,-118.15048980712892,LOS ANGELES,BELL GARDENS,-118.15046691894533,33.97416305541992
9654944,2023,2024-02-15,1909,2023-12-13,1635,622,1909,3,5,4,1909,0,0,0,NA,0,SOUTH,CLARA ST,EASTERN AV,714,W,N,A,-,N,NA,NA,NA,NA,NA,NA,NA,NA,NA,N,4,0,1,2,A,-,06,21755,NA,N,D,C,A,A,H,-,A,D,0,NA,NA,Y,NA,Y,NA,A,01,0,0,1,0,0,0,0,0,1,-,-,33.96318054199219,-118.16538238525392,LOS ANGELES,BELL GARDENS,-118.16777801513672,33.96342849731445
9654945,2023,2024-02-15,1909,2023-12-15,616,622,1909,5,5,4,1909,0,0,0,NA,0,001,FLORENCE AV,EASTERN AV,290,W,N,A,-,N,NA,NA,NA,NA,NA,NA,NA,NA,NA,N,4,0,1,2,A,-,08,22107,NA,N,B,C,A,A,H,-,B,D,0,NA,NA,Y,NA,Y,NA,C,06,0,0,1,0,0,0,0,0,0,-,-,33.96786880493164,-118.16472625732422,LOS ANGELES,BELL GARDENS,-118.16580963134766,33.96794891357422
9654946,2023,2024-02-15,1909,2023-12-17,2315,599,1909,7,5,4,1909,0,0,0,NA,0,SOUTH,EASTERN AV,LIVE OAK ST,14,N,N,A,-,N,NA,NA,NA,NA,NA,NA,NA,NA,NA,N,4,0,1,2,A,-,12,21453,A,N,G,B,F,A,H,-,C,A,0,Y,NA,NA,NA,Y,NA,N,60,0,0,1,0,1,0,0,0,0,-,-,33.96577835083008,-118.16503143310548,LOS ANGELES,BELL GARDENS,-118.16511535644533,33.965797424316406
9654947,2023,2024-02-15,1931,2023-12-13,1244,5331,1931,3,5,5,1931,0,0,0,NA,0,003,MILES AV,ZOE AV,0,NA,Y,A,-,N,NA,NA,NA,NA,NA,NA,NA,NA,NA,Y,4,0,1,2,A,-,03,22350,NA,N,D,C,A,A,H,-,A,A,0,NA,NA,NA,NA,Y,NA,A,01,0,0,1,0,0,0,0,0,0,-,-,NA,NA,LOS ANGELES,HUNTINGTON PARK,-118.21909332275392,33.97925567626953
9654948,2023,2024-02-15,1931,2023-12-10,1236,5349,1931,7,5,5,1931,0,0,0,NA,0,002,ZOE AV,STATE ST N,0,NA,Y,A,-,N,NA,NA,NA,NA,NA,NA,NA,NA,NA,N,3,0,1,2,A,-,05,21202,A,N,G,G,A,A,H,-,A,D,0,NA,Y,NA,NA,Y,NA,L,04,0,1,0,0,0,0,1,0,0,-,-,NA,NA,LOS ANGELES,HUNTINGTON PARK,-118.21253204345705,33.979393005371094
9654952,2023,2024-01-16,1942,2023-08-17,5,45480,2016,4,5,7,1942,0,0,0,NA,0,20A97,MARIPOSA AV,2ND ST,500,S,N,A,-,N,NA,NA,NA,NA,NA,NA,NA,NA,NA,Y,4,0,1,2,A,-,01,23152,A,N,D,C,A,A,H,-,C,D,0,NA,NA,NA,NA,Y,Y,A,07,0,0,1,0,0,0,0,0,0,-,-,NA,NA,LOS ANGELES,LOS ANGELES,-118.29940032958984,34.0711784362793
9654953,2023,2024-01-16,1942,2023-09-30,1605,37806,2029,6,5,7,1942,0,0,0,NA,0,43Q64,WILSHIRE BL,VIRGIL AV,42,W,N,B,-,N,NA,NA,NA,NA,NA,NA,NA,NA,NA,N,4,0,2,2,A,-,03,22350,NA,N,C,C,A,A,H,-,A,D,0,NA,NA,NA,NA,Y,Y,A,07,0,0,2,0,0,0,0,0,0,-,-,NA,NA,LOS ANGELES,LOS ANGELES,-118.28721618652344,34.06181335449219
9654955,2023,2024-01-16,1941,2023-09-28,1937,11820,SOUTH,4,5,7,1941,0,0,0,NA,0,006,EAST 4TH ST,LONG BEACH BL,98,W,N,A,-,N,NA,NA,NA,NA,NA,NA,NA,NA,NA,Y,2,0,1,2,A,-,21,22106,NA,N,D,C,A,A,H,-,C,D,0,NA,NA,Y,NA,Y,NA,A,01,1,0,0,0,0,0,0,0,1,-,-,33.77172088623047,-118.18937683105467,LOS ANGELES,LONG BEACH,-118.18980407714844,33.771732330322266
9654956,2023,2024-01-17,1941,2023-09-29,2040,11117,EAST,5,5,7,1941,0,0,0,NA,0,016,LAKEWOOD BL,DONALD DOUGLAS DR N,0,NA,Y,A,-,N,NA,NA,NA,NA,NA,NA,NA,NA,NA,Y,4,0,2,2,A,-,12,21453,NA,N,D,C,A,A,H,-,C,A,0,NA,NA,NA,NA,Y,NA,A,01,0,0,2,0,0,0,0,0,0,-,-,33.81882095336914,-118.13916778564452,LOS ANGELES,LONG BEACH,-118.13928985595705,33.8188591003418