CASE_ID,ACCIDENT_YEAR,PROC_DATE,JURIS,COLLISION_DATE,COLLISION_TIME,OFFICER_ID,REPORTING_DISTRICT,DAY_OF_WEEK,CHP_SHIFT,POPULATION,CNTY_CITY_LOC,SPECIAL_COND,BEAT_TYPE,CHP_BEAT_TYPE,CITY_DIVISION_LAPD,CHP_BEAT_CLASS,BEAT_NUMBER,PRIMARY_RD,SECONDARY_RD,DISTANCE,DIRECTION,INTERSECTION,WEATHER_1,WEATHER_2,STATE_HWY_IND,CALTRANS_COUNTY,CALTRANS_DISTRICT,STATE_ROUTE,ROUTE_SUFFIX,POSTMILE_PREFIX,POSTMILE,LOCATION_TYPE,RAMP_INTERSECTION,SIDE_OF_HWY,TOW_AWAY,COLLISION_SEVERITY,NUMBER_KILLED,NUMBER_INJURED,PARTY_COUNT,PRIMARY_COLL_FACTOR,PCF_CODE_OF_VIOL,PCF_VIOL_CATEGORY,PCF_VIOLATION,PCF_VIOL_SUBSECTION,HIT_AND_RUN,TYPE_OF_COLLISION,MVIW,PED_ACTION,ROAD_SURFACE,ROAD_COND_1,ROAD_COND_2,LIGHTING,CONTROL_DEVICE,CHP_ROAD_TYPE,PEDESTRIAN_ACCIDENT,BICYCLE_ACCIDENT,MOTORCYCLE_ACCIDENT,TRUCK_ACCIDENT,NOT_PRIVATE_PROPERTY,ALCOHOL_INVOLVED,STWD_VEHTYPE_AT_FAULT,CHP_VEHTYPE_AT_FAULT,COUNT_SEVERE_INJ,COUNT_VISIBLE_INJ,COUNT_COMPLAINT_PAIN,COUNT_PED_KILLED,COUNT_PED_INJURED,COUNT_BICYCLIST_KILLED,COUNT_BICYCLIST_INJURED,COUNT_MC_KILLED,COUNT_MC_INJURED,PRIMARY_RAMP,SECONDARY_RAMP,LATITUDE,LONGITUDE,COUNTY,CITY,POINT_X,POINT_Y
9657193,2023,2024-03-01,1942,2023-12-31,1155,41316,0926,7,5,7,1942,0,0,0,I,0,26TL17,VICTORY BL,TYRONE AV,3,W,N,B,-,N,NA,NA,NA,NA,NA,NA,NA,NA,NA,Y,4,0,2,2,A,-,03,22350,NA,N,C,C,A,A,H,-,A,D,0,NA,NA,NA,NA,Y,NA,A,01,0,0,2,0,0,0,0,0,0,-,-,NA,NA,LOS ANGELES,LOS ANGELES,-118.44435119628906,34.186668395996094
9657194,2023,2024-03-15,1942,2023-12-22,2100,42138,1745,5,5,7,1942,0,0,0,Q,0,17A49W,BALBOA BL,NORDHOFF ST,40,S,N,C,-,N,NA,NA,NA,NA,NA,NA,NA,NA,NA,N,4,0,1,2,A,-,-,NA,NA,F,D,G,A,B,H,-,C,D,0,NA,Y,NA,NA,Y,NA,-,99,0,0,1,0,0,0,1,0,0,-,-,NA,NA,LOS ANGELES,LOS ANGELES,-118.50251770019533,34.23564910888672
9657195,2023,2024-02-05,1942,2023-12-12,1820,44994,1549,2,5,7,1942,0,0,0,O,0,16XTLW,LANKERSHIM BL,CHANDLER BL,0,NA,Y,A,-,N,NA,NA,NA,NA,NA,NA,NA,NA,NA,N,4,0,1,2,A,-,12,21453,A,F,G,B,B,A,H,-,C,A,0,Y,NA,NA,NA,Y,NA,-,NA,0,0,1,0,1,0,0,0,0,-,-,NA,NA,LOS ANGELES,LOS ANGELES,-118.3770751953125,34.16889572143555
9657197,2023,2024-08-23,1942,2023-12-19,300,44342,0923,2,5,7,1942,0,0,0,I,0,9A41W3,VICTORY BL,SEPULVEDA BL,0,NA,Y,C,-,N,NA,NA,NA,NA,NA,NA,NA,NA,NA,Y,4,0,1,1,A,-,01,23152,A,N,A,I,A,-,-,-,-,A,0,NA,NA,NA,NA,Y,Y,A,01,0,0,1,0,0,0,0,0,0,-,-,NA,NA,LOS ANGELES,LOS ANGELES,-118.4661865234375,34.18666076660156
9657199,2023,2024-02-05,1900,2023-12-20,1305,543338,0532,3,5,5,1959,0,0,0,NA,0,53T1D,DEL MAR AV,HERSHEY ST,100,N,N,B,-,N,NA,NA,NA,NA,NA,NA,NA,NA,NA,Y,4,0,1,2,C,-,18,NA,NA,N,C,E,A,A,H,-,A,D,0,NA,NA,NA,NA,Y,NA,-,-,0,0,1,0,0,0,0,0,0,-,-,34.06930160522461,-118.09940338134766,LOS ANGELES,ROSEMEAD,-118.09954833984376,34.0692138671875
9657201,2023,2024-02-02,1941,2023-10-11,2022,10545,NORTH,3,5,7,1941,0,0,0,NA,0,019,E BIXBY RD,E BIXBY RD 430,0,NA,Y,A,-,N,NA,NA,NA,NA,NA,NA,NA,NA,NA,Y,3,0,1,2,A,-,03,22350,NA,N,D,C,A,A,H,-,C,A,0,NA,NA,NA,NA,Y,NA,A,01,0,1,0,0,0,0,0,0,0,-,-,33.826419830322266,-118.18715667724608,LOS ANGELES,LONG BEACH,-118.19321441650392,33.826717376708984
9657202,2023,2024-02-02,1941,2023-10-28,1758,5971,5,6,5,7,1941,0,0,0,NA,0,025,PICO AV,W BROADWAY,0,NA,Y,A,-,N,NA,NA,NA,NA,NA,NA,NA,NA,NA,Y,2,0,3,4,A,-,03,22350,NA,N,A,B,B,A,H,-,A,A,0,Y,NA,NA,NA,Y,NA,A,01,3,0,0,0,3,0,0,0,0,-,-,NA,NA,LOS ANGELES,LONG BEACH,-118.2096710205078,33.767478942871094
9657204,2023,2024-02-02,1900,2023-10-11,1745,540340,0333,3,5,4,1939,0,0,0,NA,0,35T1,FIRMONA AV,172ND ST,0,NA,Y,A,-,N,NA,NA,NA,NA,NA,NA,NA,NA,NA,N,3,0,1,2,A,-,12,22450,NA,N,G,B,B,A,H,-,C,A,0,Y,NA,NA,NA,Y,NA,A,01,0,1,0,0,1,0,0,0,0,-,-,33.87479019165039,-118.35756683349608,LOS ANGELES,LAWNDALE,-118.357666015625,33.87474060058594
9657225,2023,2024-02-13,1907,2023-09-23,1749,259,1,6,5,4,1907,0,0,0,NA,0,NA,RANDOLPH ST,CARMELITA ST,6,E,N,A,-,N,NA,NA,NA,NA,NA,NA,NA,NA,NA,N,3,0,1,2,A,-,03,22350,NA,N,D,C,A,A,H,-,A,D,0,NA,NA,NA,NA,Y,NA,D,22,0,1,0,0,0,0,0,0,0,-,-,33.982059478759766,-118.197509765625,LOS ANGELES,BELL,-118.19747924804688,33.98244857788086
9657226,2023,2024-02-13,1907,2023-09-05,805,259,BG,2,5,4,1907,0,0,0,NA,0,NA,FLORENCE AV,WEST ABUTMENT,234,E,N,A,-,N,NA,NA,NA,NA,NA,NA,NA,NA,NA,N,3,0,2,2,A,-,03,22350,NA,N,C,D,A,A,H,-,A,D,0,NA,NA,NA,NA,Y,NA,A,01,0,1,1,0,0,0,0,0,0,-,-,33.96847152709961,-118.17079925537108,LOS ANGELES,BELL,-118.33444213867188,33.97450256347656
9657227,2023,2024-02-13,1907,2023-09-08,906,247,BG,5,5,4,1907,0,0,0,NA,0,NA,FLORENCE AV,ABUTMENT,59,W,N,A,-,N,NA,NA,NA,NA,NA,NA,NA,NA,NA,N,4,0,2,2,A,-,17,22109,NA,M,C,C,A,A,H,-,A,D,0,NA,NA,NA,NA,Y,NA,D,22,0,0,2,0,0,0,0,0,0,-,-,33.96847152709961,-118.17079925537108,LOS ANGELES,BELL,NA,NA
9657228,2023,2024-02-13,1907,2023-09-17,1749,261,2,7,5,4,1907,0,0,0,NA,0,NA,GAGE AV,WILCOX AV,0,NA,Y,A,-,N,NA,NA,NA,NA,NA,NA,NA,NA,NA,N,4,0,1,3,A,-,08,22107,NA,N,D,C,A,A,H,-,A,A,0,NA,NA,NA,NA,Y,NA,A,07,0,0,1,0,0,0,0,0,0,-,-,33.97690963745117,-118.17665100097656,LOS ANGELES,BELL,-118.17665863037108,33.976890563964844
9657230,2023,2024-02-13,1907,2023-09-18,1320,202,1,1,5,4,1907,0,0,0,NA,0,NA,CALIFORNIA AV,BELL AV,250,S,N,A,-,N,NA,NA,NA,NA,NA,NA,NA,NA,NA,N,3,0,1,2,A,-,09,21804,A,N,H,G,A,A,H,-,A,D,0,NA,Y,NA,NA,Y,NA,L,04,0,1,0,0,0,0,1,0,0,-,-,33.97542190551758,-118.20333862304688,LOS ANGELES,BELL,-118.2027587890625,33.97534942626953
9657231,2023,2024-02-13,1941,2023-09-17,30,11829,SOUTH,7,5,7,1941,0,0,0,NA,0,006,EAST 6TH ST,LONG BEACH BL,0,NA,Y,A,-,N,NA,NA,NA,NA,NA,NA,NA,NA,NA,N,3,0,1,2,A,-,17,21657,NA,F,H,C,A,A,H,-,C,A,0,NA,Y,NA,NA,Y,Y,A,01,0,1,0,0,0,0,1,0,0,-,-,33.774139404296875,-118.18939208984376,LOS ANGELES,LONG BEACH,-118.18949127197266,33.774147033691406
9657233,2023,2024-02-12,1941,2023-09-05,1137,10238,EAST,2,5,7,1941,0,0,0,NA,0,016,ARBOR RD,CLARK AV,0,NA,Y,A,-,N,NA,NA,NA,NA,NA,NA,NA,NA,NA,Y,4,0,1,2,A,-,-,NA,NA,N,D,C,A,A,D,-,A,A,0,NA,NA,NA,NA,Y,NA,A,07,0,0,1,0,0,0,0,0,0,-,-,33.843048095703125,-118.13381958007813,LOS ANGELES,LONG BEACH,-118.13378143310548,33.84305191040039
9657234,2023,2024-02-13,1941,2023-09-09,931,11530,NORTH,6,5,7,1941,0,0,0,NA,0,023,BUTLER AV,E ARTESIA BL,0,NA,Y,A,-,N,NA,NA,NA,NA,NA,NA,NA,NA,NA,Y,4,0,3,2,D,-,00,NA,NA,N,D,C,A,A,H,-,A,A,0,NA,NA,NA,NA,Y,NA,-,-,0,0,3,0,0,0,0,0,0,-,-,33.874290466308594,-118.19693756103516,LOS ANGELES,LONG BEACH,-118.19696807861328,33.874237060546875
9657237,2023,2024-02-12,1907,2023-09-03,33,257,2,7,5,4,1907,0,0,0,NA,0,NA,FLORENCE AV,WILCOX AV,102,W,N,F,-,N,NA,NA,NA,NA,NA,NA,NA,NA,NA,N,3,0,2,2,A,-,03,22350,NA,M,C,C,A,D,H,-,C,A,0,NA,NA,NA,NA,Y,NA,A,01,0,2,0,0,0,0,0,0,0,-,-,33.96923828125,-118.17784881591795,LOS ANGELES,BELL,-118.17818450927734,33.96927261352539
9657238,2023,2024-02-12,1907,2023-09-16,2159,258,2,6,5,4,1907,0,0,0,NA,0,NA,ATLANTIC AV,BECK AV,0,NA,Y,A,-,N,NA,NA,NA,NA,NA,NA,NA,NA,NA,Y,4,0,1,2,A,-,17,21235,G,N,G,B,A,A,H,-,C,D,0,NA,NA,NA,NA,Y,NA,M,94,0,0,1,0,0,0,0,0,0,-,-,33.972049713134766,-118.1875228881836,LOS ANGELES,BELL,-118.18790435791016,33.97227478027344
9657239,2023,2024-02-12,1900,2023-09-26,115,650375,0333,2,5,4,1939,0,0,0,NA,0,35T1,ARTESIA BL,CONDON AV,90,W,N,A,-,N,NA,NA,NA,NA,NA,NA,NA,NA,NA,Y,2,0,2,1,A,-,08,22107,NA,N,E,I,A,A,H,-,C,D,0,NA,NA,NA,NA,Y,NA,A,01,2,0,0,0,0,0,0,0,0,-,-,33.872989654541016,-118.35977172851564,LOS ANGELES,LAWNDALE,-118.35967254638672,33.87294387817383
9657240,2023,2024-02-12,1907,2023-09-16,1313,259,2,6,5,4,1907,0,0,0,NA,0,NA,WILCOX AV,BELL AV,60,S,N,A,-,N,NA,NA,NA,NA,NA,NA,NA,NA,NA,Y,3,0,1,5,A,-,06,21750,NA,M,B,D,A,A,H,-,C,D,0,NA,NA,NA,NA,Y,NA,A,01,0,1,0,0,0,0,0,0,0,-,-,33.97296905517578,-118.17668151855467,LOS ANGELES,BELL,-118.17726135253906,33.97306823730469
9657301,2023,2024-02-22,1941,2023-10-10,1303,5756,WEST,2,5,7,1941,0,0,0,NA,0,002,W 14TH ST,SANTA FE AV,0,NA,Y,A,-,N,NA,NA,NA,NA,NA,NA,NA,NA,NA,Y,4,0,1,2,A,-,09,21804,A,N,D,C,A,A,H,-,A,D,0,NA,NA,NA,NA,Y,NA,D,22,0,0,1,0,0,0,0,0,0,-,-,33.78376007080078,-118.21547698974608,LOS ANGELES,LONG BEACH,-118.21549224853516,33.78376770019531
9657320,2023,2024-02-29,1900,2023-11-29,1030,529141,1510,3,5,5,1954,0,0,0,NA,0,151T1,ISORA ST,ROSEMEAD BL,131,W,N,A,-,N,NA,NA,NA,NA,NA,NA,NA,NA,NA,Y,3,0,2,4,A,-,03,22350,NA,N,D,C,A,A,H,-,A,D,0,NA,NA,NA,NA,Y,NA,A,07,0,2,0,0,0,0,0,0,0,-,-,34.01599884033203,-118.0798110961914,LOS ANGELES,PICO RIVERA,-118.07968902587892,34.016029357910156
9657327,2023,2024-02-27,1900,2023-12-16,1321,611702,2117,6,5,5,1943,0,0,0,NA,0,212B,AGNES AV,THORSON AV,0,NA,Y,A,-,N,NA,NA,NA,NA,NA,NA,NA,NA,NA,N,3,0,1,2,D,-,00,NA,NA,N,D,C,A,A,H,-,A,A,0,NA,NA,NA,NA,Y,NA,-,-,0,1,0,0,0,0,0,0,0,-,-,NA,NA,LOS ANGELES,LYNWOOD,-118.1963348388672,33.91569137573242
9657359,2024,2024-07-03,1900,2024-01-28,7,552338,1625,7,5,5,1977,0,0,0,NA,0,160T,AVAWN BL,223RD ST,100,S,N,A,-,N,NA,NA,NA,NA,NA,NA,NA,NA,NA,Y,2,0,1,2,A,-,03,22350,NA,N,C,C,A,A,H,-,C,A,0,NA,NA,NA,NA,Y,NA,A,01,1,0,0,0,0,0,0,0,0,-,-,33.823829650878906,-118.26355743408205,LOS ANGELES,CARSON,NA,NA
9657360,2023,2024-02-08,1900,2023-12-11,735,529141,1515,1,5,5,1954,0,0,0,NA,0,151T1,WASHINGTON BL,RT 605,5000,W,N,A,-,N,NA,NA,NA,NA,NA,NA,NA,NA,NA,Y,3,0,3,2,A,-,03,22350,NA,N,C,C,A,A,H,-,A,D,0,NA,NA,NA,NA,Y,NA,A,01,0,3,0,0,0,0,0,0,0,-,WF,33.97557830810547,-118.08300018310548,LOS ANGELES,PICO RIVERA,-118.09373474121094,33.98135757446289
9657362,2023,2024-02-28,1900,2023-11-21,1200,635556,0242,2,5,3,1914,0,0,0,NA,0,471,OLYMPIC BL,GERHART AV,200,W,N,A,-,N,NA,NA,NA,NA,NA,NA,NA,NA,NA,Y,3,0,1,3,A,-,07,21658,A,N,A,C,A,A,H,-,A,D,0,NA,NA,NA,Y,Y,NA,A,07,0,1,0,0,0,0,0,0,0,-,-,NA,NA,LOS ANGELES,COMMERCE,-118.14813232421876,34.01410675048828
9657364,2024,2024-04-11,1953,2024-01-15,1755,0347,1953,1,5,6,1953,0,0,0,NA,0,001,PASADENA AV,ARLINGTON DR,0,NA,Y,A,-,N,NA,NA,NA,NA,NA,NA,NA,NA,NA,Y,4,0,2,2,A,-,08,22107,NA,N,D,C,A,A,H,-,C,D,0,NA,NA,NA,NA,Y,NA,D,22,0,0,2,0,0,0,0,0,0,-,-,NA,NA,LOS ANGELES,PASADENA,-118.15469360351564,34.12828826904297
9657366,2023,2024-02-08,1900,2023-12-19,1510,622220,0251,2,5,4,1945,0,0,0,NA,0,28HP,SLAUSON AV,HELIOTROPE AV,170,W,N,B,-,N,NA,NA,NA,NA,NA,NA,NA,NA,NA,NA,4,0,1,2,A,-,08,22107,NA,N,C,E,A,A,H,-,A,D,0,NA,NA,NA,Y,Y,NA,A,08,0,0,1,0,0,0,0,0,0,-,-,33.986000061035156,-118.1790008544922,LOS ANGELES,MAYWOOD,-118.17953491210938,33.98648452758789
9657380,2024,2024-03-23,1900,2024-01-06,1620,551891,1516,6,5,5,1954,0,0,0,NA,0,151T2,SLAUSON AV,CROSSWAY DR,0,W,N,A,-,N,NA,NA,NA,NA,NA,NA,NA,NA,NA,N,3,0,2,2,A,-,03,22350,NA,N,C,C,A,A,H,-,A,A,0,NA,NA,NA,NA,Y,NA,A,01,0,2,0,0,0,0,0,0,0,-,-,33.972259521484375,-118.10909271240234,LOS ANGELES,PICO RIVERA,-118.10885620117188,33.972190856933594
9657385,2024,2024-04-11,1953,2024-01-14,312,8540,1953,7,5,6,1953,0,0,0,NA,0,003,ORANGE GROVE BL,SINALOA AV,100,E,N,B,-,N,NA,NA,NA,NA,NA,NA,NA,NA,NA,Y,3,0,1,2,A,-,03,22350,NA,N,C,E,A,A,H,-,C,D,0,NA,NA,NA,NA,Y,NA,A,01,0,1,0,0,0,0,0,0,0,-,-,NA,NA,LOS ANGELES,PASADENA,-118.11521911621094,34.15787887573242
9657388,2024,2024-03-01,1900,2024-01-11,1153,623539,1613,4,5,5,1977,0,0,0,NA,0,164T,CHARLES WILLARD ST,HARMON AV,0,NA,Y,A,-,N,NA,NA,NA,NA,NA,NA,NA,NA,NA,Y,4,0,2,3,A,-,12,22450,A,N,D,C,A,A,H,-,A,A,0,NA,NA,NA,Y,Y,NA,A,08,0,0,2,0,0,0,0,0,0,-,-,33.86436080932617,-118.2387466430664,LOS ANGELES,CARSON,-118.23870849609376,33.86436462402344
9657389,2024,2024-03-27,1953,2024-01-17,1442,4831,PASAD,3,5,6,1953,0,0,0,NA,0,002,LAKE AV,BOYLSTON ST,100,S,N,A,-,Y,NA,NA,NA,NA,NA,NA,NA,NA,NA,N,4,0,1,2,C,-,18,NA,NA,N,G,B,E,A,H,-,A,A,0,Y,NA,NA,NA,Y,NA,-,-,0,0,1,0,1,0,0,0,0,-,-,NA,NA,LOS ANGELES,PASADENA,-118.13247680664064,34.1595344543457
9657408,2024,2024-04-11,1953,2024-01-09,908,8990,1953,2,5,6,1953,0,0,0,NA,0,003,ALTADENA DR,WALNUT ST,0,NA,Y,A,-,N,NA,NA,NA,NA,NA,NA,NA,NA,NA,Y,3,0,1,2,A,-,09,21801,NA,N,D,C,A,A,H,-,A,A,0,NA,NA,NA,NA,Y,NA,D,22,0,1,0,0,0,0,0,0,0,-,-,NA,NA,LOS ANGELES,PASADENA,-118.09861755371094,34.148006439208984
9657412,2024,2024-02-27,1953,2024-01-16,1801,7706,1953,2,5,6,1953,0,0,0,NA,0,003,WALNUT ST,HILL AV,330,E,N,A,-,N,NA,NA,NA,NA,NA,NA,NA,NA,NA,N,4,0,1,2,A,-,10,21950,A,M,B,B,E,A,H,-,C,A,0,Y,NA,NA,NA,Y,NA,D,22,0,0,1,0,1,0,0,0,0,-,-,NA,NA,LOS ANGELES,PASADENA,-118.12029266357422,34.1495246887207
9657417,2024,2024-04-03,1953,2024-01-11,1126,3775,1953,4,5,6,1953,0,0,0,NA,0,001,RAYMOND AV,FILLMORE ST,0,NA,Y,A,-,N,NA,NA,NA,NA,NA,NA,NA,NA,NA,Y,3,0,1,3,A,-,08,22100,B,N,B,C,A,A,H,-,A,A,0,NA,NA,NA,NA,Y,NA,A,01,0,1,0,0,0,0,0,0,0,-,-,NA,NA,LOS ANGELES,PASADENA,-118.14878082275392,34.13294982910156
9657432,2024,2024-03-20,1942,2024-01-21,1315,43432,1861,7,5,7,1942,0,0,0,R,0,25T29W,VERMONT AV,119TH ST,25,N,N,B,-,N,NA,NA,NA,NA,NA,NA,NA,NA,NA,Y,4,0,1,2,A,-,03,22350,NA,N,C,C,A,A,H,-,A,A,0,NA,NA,NA,NA,Y,NA,A,01,0,0,1,0,0,0,0,0,0,-,-,NA,NA,LOS ANGELES,LOS ANGELES,-118.29187774658205,33.92512893676758
9657439,2023,2024-02-13,1900,2023-12-18,615,526692,1414,1,5,1,1932,0,0,0,NA,0,141T3,HACIENDA BL,DON JULIAN RD,0,NA,Y,B,-,N,NA,NA,NA,NA,NA,NA,NA,NA,NA,N,4,0,1,2,A,-,09,21453,C,N,D,C,A,A,H,-,C,A,0,NA,NA,NA,Y,Y,NA,G,25,0,0,1,0,0,0,0,0,0,-,-,34.01741027832031,-117.95980072021484,LOS ANGELES,INDUSTRY,-117.95992279052734,34.017391204833984
9657440,2024,2024-03-05,1942,2024-01-25,2010,39360,1256,4,5,7,1942,0,0,0,L,0,25TL37,FLORENCE AV,BROADWAY,360,E,N,A,-,N,NA,NA,NA,NA,NA,NA,NA,NA,NA,N,3,0,1,2,A,-,11,21954,A,N,G,B,D,A,H,-,C,A,0,Y,NA,NA,NA,Y,Y,N,60,0,1,0,0,1,0,0,0,0,-,-,NA,NA,LOS ANGELES,LOS ANGELES,-118.2771453857422,33.97466278076172
9657462,2023,2024-02-06,1931,2023-12-24,1224,5350,1931,7,5,5,1931,0,0,0,NA,0,004,SATURN AV,BENSON ST,13,N,N,A,-,N,NA,NA,NA,NA,NA,NA,NA,NA,NA,N,3,0,1,2,A,-,05,21650,NA,N,D,G,A,A,H,-,A,A,0,NA,Y,NA,NA,Y,NA,L,04,0,1,0,0,0,0,1,0,0,-,-,NA,NA,LOS ANGELES,HUNTINGTON PARK,-118.21143341064452,33.97632598876953
9657473,2023,2024-02-06,1953,2023-12-24,823,7231,1953,7,5,6,1953,0,0,0,NA,0,005,COLORADO BL,LOS ROBLES AV,0,NA,Y,A,-,N,NA,NA,NA,NA,NA,NA,NA,NA,NA,N,2,0,1,2,A,-,10,21950,A,N,G,B,B,A,H,-,A,A,0,Y,NA,NA,NA,Y,NA,A,01,1,0,0,0,1,0,0,0,0,-,-,NA,NA,LOS ANGELES,PASADENA,-118.14144134521484,34.14585494995117
9657474,2023,2024-02-06,1953,2023-12-08,1610,5620,PASAD,5,5,6,1953,0,0,0,NA,0,NA,FOOTHILL BL,QUIGLEY AV,0,NA,Y,A,-,N,NA,NA,NA,NA,NA,NA,NA,NA,NA,N,3,0,1,2,A,-,09,21801,A,N,D,C,A,A,H,-,A,A,0,NA,NA,NA,NA,Y,NA,A,01,0,1,0,0,0,0,0,0,0,-,-,NA,NA,LOS ANGELES,PASADENA,NA,NA
9657475,2023,2024-02-06,1953,2023-12-23,1832,1010,1953,6,5,6,1953,0,0,0,NA,0,003,ALLEN AV,WASHINGTON BL,0,NA,Y,A,-,N,NA,NA,NA,NA,NA,NA,NA,NA,NA,N,3,0,1,2,A,-,10,21950,NA,N,G,B,B,A,H,-,C,A,0,Y,NA,NA,NA,Y,NA,A,01,0,1,0,0,1,0,0,0,0,-,-,NA,NA,LOS ANGELES,PASADENA,-118.11302185058594,34.16913986206055
9657476,2023,2024-02-06,1953,2023-12-30,209,9219,1953,6,5,6,1953,0,0,0,NA,0,005,COLORADO BL,FAIR OAKS AV,100,NA,N,A,-,N,NA,NA,NA,NA,NA,NA,NA,NA,NA,N,4,0,1,2,D,-,00,NA,NA,F,G,B,E,A,H,-,C,D,0,Y,NA,NA,NA,Y,Y,-,-,0,0,1,0,1,0,0,0,0,-,-,NA,NA,LOS ANGELES,PASADENA,-118.15048217773438,34.145782470703125
9657584,2024,2024-03-14,1953,2024-01-16,2101,2039,1953,2,5,6,1953,0,0,0,NA,0,004,CALIFORNIA BL,MADRE AV,300,W,N,A,-,N,NA,NA,NA,NA,NA,NA,NA,NA,NA,Y,4,0,1,2,A,-,09,21801,NA,N,D,C,A,A,H,-,D,D,0,NA,NA,NA,NA,Y,NA,-,NA,0,0,1,0,0,0,0,0,0,-,-,NA,NA,LOS ANGELES,PASADENA,-118.08172607421876,34.13584518432617
9657601,2024,2024-03-02,1931,2024-01-22,533,5344,1931,1,5,5,1931,0,0,0,NA,0,003,ALAMEDA ST,ZOE AV,0,NA,Y,C,-,N,NA,NA,NA,NA,NA,NA,NA,NA,NA,N,4,0,1,2,A,-,12,22450,A,N,D,C,A,B,H,-,C,A,0,NA,NA,NA,NA,Y,Y,A,01,0,0,1,0,0,0,0,0,0,-,-,NA,NA,LOS ANGELES,HUNTINGTON PARK,-118.23541259765624,33.9794921875
9657602,2024,2024-03-02,1931,2024-01-22,629,5352,1931,1,5,5,1931,0,0,0,NA,0,003,ALAMEDA ST,ZOE AV,71,N,N,C,-,N,NA,NA,NA,NA,NA,NA,NA,NA,NA,Y,4,0,2,2,A,-,03,22350,NA,N,A,C,A,B,H,-,B,A,0,NA,NA,NA,NA,Y,NA,A,01,0,0,2,0,0,0,0,0,0,-,-,NA,NA,LOS ANGELES,HUNTINGTON PARK,-118.23545074462892,33.97968292236328
9657603,2024,2024-03-02,1931,2024-01-22,644,5350,1931,1,5,5,1931,0,0,0,NA,0,001,PACIFIC BL,RANDOLPH ST,0,NA,Y,C,-,N,NA,NA,NA,NA,NA,NA,NA,NA,NA,N,4,0,1,2,A,-,09,21801,A,N,A,C,A,B,H,-,C,A,0,NA,NA,NA,NA,Y,NA,A,01,0,0,1,0,0,0,0,0,0,-,-,NA,NA,LOS ANGELES,HUNTINGTON PARK,-118.22520446777344,33.98537826538086
9657604,2024,2024-06-28,1931,2024-01-10,1520,5346,1931,3,5,5,1931,0,0,0,NA,0,001,SLAUSON AV,MALABAR ST,258,W,N,A,-,N,NA,NA,NA,NA,NA,NA,NA,NA,NA,N,3,0,1,2,A,-,17,21235,G,F,D,D,A,A,H,-,A,D,0,NA,NA,NA,NA,Y,NA,M,94,0,1,0,0,0,0,0,0,0,-,-,NA,NA,LOS ANGELES,HUNTINGTON PARK,-118.22866058349608,33.98920822143555
9657605,2024,2024-03-02,1931,2024-01-22,1634,5350,1931,1,5,5,1931,0,0,0,NA,0,001,SEVILLE AV,CLARENDON AV,0,NA,Y,B,-,N,NA,NA,NA,NA,NA,NA,NA,NA,NA,N,4,0,2,2,A,-,12,22450,A,N,D,C,A,B,H,-,B,D,0,NA,NA,NA,NA,Y,NA,A,01,0,0,2,0,0,0,0,0,0,-,-,NA,NA,LOS ANGELES,HUNTINGTON PARK,-118.22264099121094,33.983524322509766
9657606,2024,2024-03-02,1931,2024-01-26,1214,5735,1931,5,5,5,1931,0,0,0,NA,0,002,STATE ST,GAGE AV,140,N,N,A,-,N,NA,NA,NA,NA,NA,NA,NA,NA,NA,N,3,0,2,4,B,-,22,NA,NA,N,C,C,A,A,H,-,A,A,0,NA,NA,NA,NA,Y,NA,A,01,0,1,1,0,0,0,0,0,0,-,-,NA,NA,LOS ANGELES,HUNTINGTON PARK,-118.21257019042967,33.98111343383789
9657607,2024,2024-03-02,1931,2024-01-26,830,5345,1931,5,5,5,1931,0,0,0,NA,0,003,SATURN AV,SANTA FE AV,0,NA,Y,A,-,N,NA,NA,NA,NA,NA,NA,NA,NA,NA,N,3,0,1,2,A,-,12,21453,A,N,D,C,A,A,H,-,A,A,0,NA,NA,NA,NA,Y,NA,A,01,0,1,0,0,0,0,0,0,0,-,-,NA,NA,LOS ANGELES,HUNTINGTON PARK,-118.23029327392578,33.9769172668457
9657609,2024,2024-03-02,1900,2024-01-26,1426,650085,1628,5,5,5,1977,0,0,0,NA,0,168T,WILMINGTON AV,223RD ST,440,N,N,A,-,N,NA,NA,NA,NA,NA,NA,NA,NA,NA,Y,4,0,2,2,A,-,12,21453,A,N,D,C,A,A,H,-,A,A,0,NA,NA,NA,NA,Y,NA,A,01,0,0,2,0,0,0,0,0,0,-,-,33.82548904418945,-118.24186706542967,LOS ANGELES,CARSON,-118.24186706542967,33.82574462890625
9657610,2024,2024-06-24,1900,2024-01-19,1116,650085,1623,5,5,5,1977,0,0,0,NA,0,168T,223RD ST,MONETA AV,0,NA,Y,A,-,N,NA,NA,NA,NA,NA,NA,NA,NA,NA,Y,3,0,1,2,A,-,12,21453,A,N,D,C,A,A,H,-,A,A,0,NA,NA,NA,NA,Y,NA,-,-,0,1,0,0,0,0,0,0,0,-,-,33.82434844970703,-118.28175354003906,LOS ANGELES,CARSON,-118.2816925048828,33.82439422607422
9657611,2024,2024-03-02,1900,2024-01-10,1203,650085,1622,3,5,5,1977,0,0,0,NA,0,168T,DOMINGUEZ ST,SANTA FE AV,10,E,N,A,-,N,NA,NA,NA,NA,NA,NA,NA,NA,NA,N,2,0,1,2,A,-,11,21456,A,F,G,B,D,A,H,-,A,A,0,Y,NA,NA,NA,Y,NA,N,60,1,0,0,0,1,0,0,0,0,-,-,33.839229583740234,-118.21394348144533,LOS ANGELES,CARSON,-118.21421051025392,33.839210510253906