CASE_ID,ACCIDENT_YEAR,PROC_DATE,JURIS,COLLISION_DATE,COLLISION_TIME,OFFICER_ID,REPORTING_DISTRICT,DAY_OF_WEEK,CHP_SHIFT,POPULATION,CNTY_CITY_LOC,SPECIAL_COND,BEAT_TYPE,CHP_BEAT_TYPE,CITY_DIVISION_LAPD,CHP_BEAT_CLASS,BEAT_NUMBER,PRIMARY_RD,SECONDARY_RD,DISTANCE,DIRECTION,INTERSECTION,WEATHER_1,WEATHER_2,STATE_HWY_IND,CALTRANS_COUNTY,CALTRANS_DISTRICT,STATE_ROUTE,ROUTE_SUFFIX,POSTMILE_PREFIX,POSTMILE,LOCATION_TYPE,RAMP_INTERSECTION,SIDE_OF_HWY,TOW_AWAY,COLLISION_SEVERITY,NUMBER_KILLED,NUMBER_INJURED,PARTY_COUNT,PRIMARY_COLL_FACTOR,PCF_CODE_OF_VIOL,PCF_VIOL_CATEGORY,PCF_VIOLATION,PCF_VIOL_SUBSECTION,HIT_AND_RUN,TYPE_OF_COLLISION,MVIW,PED_ACTION,ROAD_SURFACE,ROAD_COND_1,ROAD_COND_2,LIGHTING,CONTROL_DEVICE,CHP_ROAD_TYPE,PEDESTRIAN_ACCIDENT,BICYCLE_ACCIDENT,MOTORCYCLE_ACCIDENT,TRUCK_ACCIDENT,NOT_PRIVATE_PROPERTY,ALCOHOL_INVOLVED,STWD_VEHTYPE_AT_FAULT,CHP_VEHTYPE_AT_FAULT,COUNT_SEVERE_INJ,COUNT_VISIBLE_INJ,COUNT_COMPLAINT_PAIN,COUNT_PED_KILLED,COUNT_PED_INJURED,COUNT_BICYCLIST_KILLED,COUNT_BICYCLIST_INJURED,COUNT_MC_KILLED,COUNT_MC_INJURED,PRIMARY_RAMP,SECONDARY_RAMP,LATITUDE,LONGITUDE,COUNTY,CITY,POINT_X,POINT_Y
9657612,2024,2024-03-02,1900,2024-01-27,200,624935,1618,6,5,5,1977,0,0,0,NA,0,167,CARSON ST,VIA VERDE,150,E,N,A,-,N,NA,NA,NA,NA,NA,NA,NA,NA,NA,N,3,0,1,1,A,-,03,22350,NA,N,E,I,A,A,H,-,C,A,0,NA,NA,NA,NA,Y,NA,A,07,0,1,0,0,0,0,0,0,0,-,-,33.49898910522461,-118.15908813476564,LOS ANGELES,CARSON,-118.0666046142578,33.83152389526367
9657615,2024,2024-03-02,1900,2024-01-28,1829,626048,1623,7,5,5,1977,0,0,0,NA,0,164T1,223RD ST,MONETA AV,0,NA,Y,A,-,N,NA,NA,NA,NA,NA,NA,NA,NA,NA,N,2,0,1,2,A,-,17,21451,A,N,D,G,A,A,H,-,C,A,0,NA,Y,NA,NA,Y,NA,A,07,1,0,0,0,0,0,1,0,0,-,-,33.824371337890625,-118.28175354003906,LOS ANGELES,CARSON,-118.2816925048828,33.82439422607422
9657621,2024,2024-03-22,1953,2024-01-01,1013,7601,1953,1,5,6,1953,0,0,0,NA,0,005,COLORADO BL,HUDSON AV,3,E,N,B,-,N,NA,NA,NA,NA,NA,NA,NA,NA,NA,N,4,0,1,2,A,-,03,22350,NA,N,A,B,E,A,H,-,A,B,0,Y,NA,Y,NA,Y,NA,C,03,0,0,1,0,1,0,0,0,0,-,-,NA,NA,LOS ANGELES,PASADENA,-118.13388061523438,34.14588928222656
9657622,2024,2024-03-22,1953,2024-01-02,2317,7141,1953,2,5,6,1953,0,0,0,NA,0,001,CALIFORNIA BL,ARROY PKWY,0,NA,Y,A,-,N,NA,NA,NA,NA,NA,NA,NA,NA,NA,Y,4,0,3,2,A,-,12,21453,A,N,D,C,A,A,H,-,C,A,0,NA,NA,NA,NA,Y,NA,A,01,0,0,3,0,0,0,0,0,0,-,-,NA,NA,LOS ANGELES,PASADENA,-118.14728546142578,34.13580322265625
9657623,2024,2024-03-22,1953,2024-01-05,0,5831,1953,5,5,6,1953,0,0,0,NA,0,003,ALTADENA DR,WOODLYN RD,25,E,N,A,-,N,NA,NA,NA,NA,NA,NA,NA,NA,NA,Y,4,0,1,2,A,-,04,21703,NA,N,C,C,A,A,H,-,C,D,0,NA,NA,NA,NA,Y,NA,A,01,0,0,1,0,0,0,0,0,0,-,-,NA,NA,LOS ANGELES,PASADENA,-118.0983428955078,34.166709899902344
9657625,2024,2024-03-22,1942,2024-01-06,1800,45565,2137,6,5,7,1942,0,0,0,NA,0,21X46,SATICOY,MASON,0,NA,N,A,-,N,NA,NA,NA,NA,NA,NA,NA,NA,NA,Y,4,0,1,3,A,-,03,22350,NA,F,A,C,A,A,H,-,C,A,0,NA,NA,NA,NA,Y,NA,-,99,0,0,1,0,0,0,0,0,0,-,-,NA,NA,LOS ANGELES,LOS ANGELES,-118.57971954345705,34.208343505859375
9657626,2024,2024-03-22,1942,2024-01-03,2223,45266,1752,3,5,7,1942,0,0,0,Q,0,17A95W,CALAHAW ST,CALAHAN ST 16255,0,NA,Y,A,-,N,NA,NA,NA,NA,NA,NA,NA,NA,NA,N,4,0,1,2,A,-,11,21956,A,F,G,B,E,A,H,-,C,D,0,Y,NA,NA,NA,Y,NA,N,60,0,0,1,0,1,0,0,0,0,-,-,NA,NA,LOS ANGELES,LOS ANGELES,NA,NA
9657628,2024,2024-03-28,1942,2024-01-11,2145,33504,0932,4,5,7,1942,0,0,0,I,0,26TL55,VICTORY BL,NOBLE AV,179,W,N,A,G,N,NA,NA,NA,NA,NA,NA,NA,NA,NA,Y,4,0,3,2,A,-,01,23152,A,N,C,C,A,A,H,-,C,A,0,NA,NA,NA,NA,Y,Y,A,07,0,0,3,0,0,0,0,0,0,-,-,NA,NA,LOS ANGELES,LOS ANGELES,-118.46244049072266,34.18665313720703
9657629,2024,2024-07-30,1942,2024-01-01,1800,45271,0952,1,5,7,1942,0,0,0,I,0,9X84,BURBANK BL,SEPULVEDA BL,0,NA,-,A,-,N,NA,NA,NA,NA,NA,NA,NA,NA,NA,Y,4,0,1,2,A,-,01,23152,A,N,F,E,A,A,H,-,B,A,0,NA,NA,NA,NA,Y,Y,A,01,0,0,1,0,0,0,0,0,0,-,-,NA,NA,LOS ANGELES,LOS ANGELES,-118.46614837646484,34.17209243774414
9657630,2024,2024-04-03,1942,2024-01-10,2302,44864,1503,3,5,7,1942,0,0,0,O,0,16A81,SATICOY SOUTH ST,WHITSETT AV,0,NA,Y,A,-,N,NA,NA,NA,NA,NA,NA,NA,NA,NA,Y,3,0,1,2,A,-,03,22350,NA,F,C,C,A,A,H,-,C,D,0,NA,NA,NA,NA,Y,NA,-,NA,0,1,0,0,0,0,0,0,0,-,-,NA,NA,LOS ANGELES,LOS ANGELES,-118.40608978271484,34.205020904541016
9657632,2024,2024-03-28,1942,2024-01-16,1701,40542,1643,2,5,7,1942,0,0,0,P,0,M45,TERRA BELLA ST,EL DORADO AV,0,NA,Y,A,-,N,NA,NA,NA,NA,NA,NA,NA,NA,NA,Y,3,0,2,2,A,-,08,22107,NA,F,D,C,A,A,H,-,A,A,0,NA,NA,NA,NA,Y,NA,A,01,0,1,1,0,0,0,0,0,0,-,-,34.2588996887207,-118.4175033569336,LOS ANGELES,LOS ANGELES,-118.4175033569336,34.25889587402344
9657641,2024,2024-03-01,1953,2024-01-05,1325,0343,1953,5,5,6,1953,0,0,0,NA,0,001,S EL MOLINO AV,ALLENDALE RD,20,S,N,A,-,N,NA,NA,NA,NA,NA,NA,NA,NA,NA,Y,3,0,1,1,A,-,03,22350,NA,N,F,I,A,A,H,-,A,A,0,NA,NA,Y,NA,Y,NA,C,02,0,1,0,0,0,0,0,0,1,-,-,NA,NA,LOS ANGELES,PASADENA,-118.1374740600586,34.125484466552734
9657642,2024,2024-03-01,1953,2024-01-26,2116,2012,1953,5,5,6,1953,0,0,0,NA,0,003,DEL MAR BL,HILL AV,0,NA,Y,B,-,N,NA,NA,NA,NA,NA,NA,NA,NA,NA,Y,3,0,1,2,A,-,01,23153,A,N,D,C,A,A,H,-,C,A,0,NA,NA,NA,NA,Y,Y,A,08,0,1,0,0,0,0,0,0,0,-,-,NA,NA,LOS ANGELES,PASADENA,-118.12132263183594,34.1418342590332
9657643,2024,2024-03-01,1953,2024-01-10,1741,1200,1953,3,5,6,1953,0,0,0,NA,0,001,FAIR OAKS AV,PALMETTO DR,0,NA,Y,A,-,N,NA,NA,NA,NA,NA,NA,NA,NA,NA,N,4,0,1,2,A,-,03,22350,NA,N,C,C,A,A,H,-,C,A,0,NA,NA,NA,NA,Y,NA,A,08,0,0,1,0,0,0,0,0,0,-,-,NA,NA,LOS ANGELES,PASADENA,-118.15039825439452,34.137359619140625
9657644,2024,2024-03-01,1953,2024-01-08,1239,7601,1953,1,5,6,1953,0,0,0,NA,0,005,ORANGE GROVE BL,WALNUT ST,0,NA,Y,A,-,N,NA,NA,NA,NA,NA,NA,NA,NA,NA,N,3,0,1,2,A,-,09,21801,A,N,G,B,B,A,H,-,A,A,0,Y,NA,NA,NA,Y,NA,A,01,0,1,0,0,1,0,0,0,0,-,-,NA,NA,LOS ANGELES,PASADENA,-118.16120910644533,34.149681091308594
9657645,2024,2024-03-01,1953,2024-01-15,1040,1818,1953,1,5,6,1953,0,0,0,NA,0,002,NORTH LAKE AV,E ORANGE GROVE BL,0,NA,Y,A,-,N,NA,NA,NA,NA,NA,NA,NA,NA,NA,N,4,0,1,2,A,-,03,22350,NA,N,D,G,A,A,H,-,A,A,0,NA,Y,NA,NA,Y,NA,L,04,0,0,1,0,0,0,1,0,0,-,-,NA,NA,LOS ANGELES,PASADENA,-118.13245391845705,34.157772064208984
9657646,2024,2024-03-01,1953,2024-01-15,1242,7601,1953,1,5,6,1953,0,0,0,NA,0,002,ROSEMONT AV,SECO ST,0,NA,Y,A,-,N,NA,NA,NA,NA,NA,NA,NA,NA,NA,N,3,0,1,2,A,-,12,22450,A,N,D,G,A,A,H,-,A,A,0,NA,Y,NA,NA,Y,NA,L,04,0,1,0,0,0,0,1,0,0,-,-,NA,NA,LOS ANGELES,PASADENA,-118.1638641357422,34.157737731933594
9657647,2024,2024-03-01,1953,2024-01-14,1232,7777,1953,7,5,6,1953,0,0,0,NA,0,005,RAYMOND AV,EXCHANGE ALLEY,0,NA,Y,A,-,N,NA,NA,NA,NA,NA,NA,NA,NA,NA,N,4,0,1,2,D,-,00,NA,NA,N,B,C,A,A,H,-,A,D,0,NA,NA,Y,NA,Y,NA,-,-,0,0,1,0,0,0,0,0,1,-,-,NA,NA,LOS ANGELES,PASADENA,-118.14888763427734,34.146244049072266
9657648,2024,2024-03-01,1953,2024-01-16,1646,7777,1953,2,5,6,1953,0,0,0,NA,0,003,LAKE AV,VILLA ST,200,S,N,A,-,N,NA,NA,NA,NA,NA,NA,NA,NA,NA,N,4,0,2,2,A,-,04,21703,NA,N,C,C,A,A,H,-,A,D,0,NA,NA,NA,NA,Y,NA,A,01,0,0,2,0,0,0,0,0,0,-,-,NA,NA,LOS ANGELES,PASADENA,-118.13236236572266,34.153724670410156
9657649,2024,2024-03-01,1953,2024-01-16,2006,7791,1953,2,5,6,1953,0,0,0,NA,0,005,EL MOLINO AV,CORSON ST,0,NA,Y,A,-,N,NA,NA,NA,NA,NA,NA,NA,NA,NA,Y,4,0,1,2,A,-,12,21453,A,F,D,C,A,A,H,-,C,A,0,NA,NA,NA,NA,Y,NA,A,01,0,0,1,0,0,0,0,0,0,-,-,NA,NA,LOS ANGELES,PASADENA,-118.13689422607422,34.1512451171875
9657650,2024,2024-08-23,1953,2024-01-17,1301,3775,1953,3,5,6,1953,0,0,0,NA,0,001,PASADENA AV,CALIFORNIA BL,0,NA,Y,B,-,N,NA,NA,NA,NA,NA,NA,NA,NA,NA,Y,4,0,2,2,A,-,12,21453,A,N,D,C,A,A,H,-,A,A,0,NA,NA,NA,NA,Y,NA,-,-,0,0,2,0,0,0,0,0,0,-,-,NA,NA,LOS ANGELES,PASADENA,-118.15412139892578,34.13575744628906
9657651,2024,2024-03-01,1953,2024-01-22,1808,7777,1953,1,5,6,1953,0,0,0,NA,0,005,GREEN ST,TERRACE DR,0,NA,Y,B,-,N,NA,NA,NA,NA,NA,NA,NA,NA,NA,N,3,0,1,2,A,-,10,21950,NA,N,B,B,B,B,H,-,C,A,0,Y,NA,NA,NA,Y,NA,A,01,0,1,0,0,1,0,0,0,0,-,-,NA,NA,LOS ANGELES,PASADENA,-118.15762329101564,34.144657135009766
9657652,2024,2024-03-01,1953,2024-01-19,1425,7176,1953,5,5,6,1953,0,0,0,NA,0,002,EAST WASHINGTON BL,N RAYMOND AV,0,NA,Y,B,-,N,NA,NA,NA,NA,NA,NA,NA,NA,NA,N,4,0,1,2,A,-,10,21950,A,N,G,B,B,A,H,-,A,A,0,Y,NA,NA,NA,Y,NA,A,01,0,0,1,0,1,0,0,0,0,-,-,NA,NA,LOS ANGELES,PASADENA,-118.14907836914064,34.1688346862793
9657653,2024,2024-05-21,1953,2024-01-18,1039,8091,1953,4,5,6,1953,0,0,0,NA,0,003,ALLEN AV,CORSON ST,0,NA,Y,A,-,N,NA,NA,NA,NA,NA,NA,NA,NA,NA,Y,3,0,2,2,A,-,12,21453,A,N,D,C,A,A,H,-,A,A,0,NA,NA,NA,NA,Y,NA,A,07,0,1,1,0,0,0,0,0,0,-,-,NA,NA,LOS ANGELES,PASADENA,-118.11316680908205,34.151859283447266
9657654,2024,2024-03-01,1953,2024-01-17,1611,7868,1953,3,5,6,1953,0,0,0,NA,0,003,VILLA ST,HILL AV,250,W,N,A,-,N,NA,NA,NA,NA,NA,NA,NA,NA,NA,N,3,0,1,2,A,-,08,22107,NA,N,D,C,A,A,H,-,A,D,0,NA,NA,Y,NA,Y,NA,A,08,0,1,0,0,0,0,0,0,1,-,-,NA,NA,LOS ANGELES,PASADENA,-118.12225341796876,34.15433883666992
9657655,2024,2024-03-01,1953,2024-01-19,1351,4815,1953,5,5,6,1953,0,0,0,NA,0,003,ORANGE GROVE BL,LAKE AV,80,E,N,B,-,N,NA,NA,NA,NA,NA,NA,NA,NA,NA,Y,4,0,2,3,A,-,03,22350,NA,N,C,C,A,A,H,-,A,A,0,NA,NA,NA,NA,Y,NA,A,01,0,0,2,0,0,0,0,0,0,-,-,NA,NA,LOS ANGELES,PASADENA,-118.13218688964844,34.15773010253906
9657656,2024,2024-03-01,1953,2024-01-24,1359,6959,PASAD,3,5,6,1953,0,0,0,NA,0,005,S OAK KNOLL AV,CORDOVA ST,5,S,N,B,-,N,NA,NA,NA,NA,NA,NA,NA,NA,NA,N,4,0,1,2,A,-,09,21800,A,N,D,G,A,A,H,-,A,A,0,NA,Y,NA,NA,Y,NA,A,01,0,0,1,0,0,0,1,0,0,-,-,NA,NA,LOS ANGELES,PASADENA,-118.13520050048828,34.14253616333008
9657657,2024,2024-03-01,1953,2024-01-23,1649,1512,PASAD,2,5,6,1953,0,0,0,NA,0,004,EL NIDO AV,EAST DEL MAR BL,0,NA,Y,A,-,N,NA,NA,NA,NA,NA,NA,NA,NA,NA,Y,4,0,2,2,A,-,09,21800,A,N,D,C,A,A,H,-,C,D,0,NA,NA,NA,NA,Y,NA,A,01,0,0,2,0,0,0,0,0,0,-,-,NA,NA,LOS ANGELES,PASADENA,-118.08932495117188,34.14216613769531
9657658,2024,2024-03-07,1953,2024-01-20,1610,5620,PASAD,6,5,6,1953,0,0,0,NA,0,NA,FOOTHILL BL,KENNELOA AV,0,NA,Y,B,-,N,NA,NA,NA,NA,NA,NA,NA,NA,NA,Y,3,0,1,2,A,-,08,22107,A,N,D,C,A,B,H,-,A,A,0,NA,NA,NA,NA,Y,NA,A,07,0,1,0,0,0,0,0,0,0,-,-,NA,NA,LOS ANGELES,PASADENA,-118.08625793457033,34.1500244140625
9657659,2024,2024-03-04,1953,2024-01-12,1726,2026,NA,5,5,6,1953,0,0,0,NA,0,003,EAST DEL MAR BL,BONITA AV,0,NA,Y,A,-,N,NA,NA,NA,NA,NA,NA,NA,NA,NA,N,3,0,1,2,A,-,11,21954,A,N,G,B,D,A,H,-,B,A,0,Y,NA,NA,NA,Y,NA,N,60,0,1,0,0,1,0,0,0,0,-,-,NA,NA,LOS ANGELES,PASADENA,-118.10385131835938,34.14213943481445
9657660,2024,2024-10-10,1953,2024-01-15,559,7601,1953,1,5,6,1953,0,0,0,NA,0,004,SAN GABRIEL BL,CALIFORNIA BL,0,NA,Y,B,-,N,NA,NA,NA,NA,NA,NA,NA,NA,NA,Y,4,0,2,2,A,-,12,21453,A,N,D,C,A,A,H,-,A,A,0,NA,NA,NA,NA,Y,NA,-,-,0,0,2,0,0,0,0,0,0,-,-,NA,NA,LOS ANGELES,PASADENA,-118.0943603515625,34.13574981689453
9657661,2024,2024-03-27,1942,2024-01-06,1915,44569,1977,6,5,7,1942,0,0,0,NA,0,19X84,WOODMAN AV,PARTHENIA ST,0,NA,Y,A,-,N,NA,NA,NA,NA,NA,NA,NA,NA,NA,N,3,0,1,2,A,-,08,22107,NA,F,G,B,B,A,H,-,C,A,0,Y,NA,NA,NA,Y,NA,-,99,0,1,0,0,1,0,0,0,0,-,-,NA,NA,LOS ANGELES,LOS ANGELES,-118.43618774414064,34.229671478271484
9657662,2024,2024-03-27,1942,2024-01-06,1800,34428,1729,6,5,7,1942,0,0,0,Q,0,17A48,RINALDI ST,ZELZAH AV,0,NA,Y,B,-,N,NA,NA,NA,NA,NA,NA,NA,NA,NA,N,3,0,1,2,A,-,09,21801,NA,F,D,C,A,A,H,-,C,A,0,NA,NA,NA,NA,Y,NA,-,99,0,1,0,0,0,0,0,0,0,-,-,NA,NA,LOS ANGELES,LOS ANGELES,-118.52394104003906,34.279380798339844
9657663,2024,2024-10-16,1953,2024-01-26,2103,7887,1953,5,5,6,1953,0,0,0,NA,0,005,OAK KNOLL AV,COLORADO BL,0,NA,Y,A,-,N,NA,NA,NA,NA,NA,NA,NA,NA,NA,Y,3,0,1,2,A,-,00,24153,A,N,D,C,A,A,H,-,C,A,0,NA,NA,NA,NA,Y,NA,-,-,0,1,0,0,0,0,0,0,0,-,-,NA,NA,LOS ANGELES,PASADENA,-118.1352310180664,34.14589309692383
9657664,2024,2024-03-27,1953,2024-01-29,1355,2799,PASAD,1,5,6,1953,0,0,0,NA,0,002,EL MOLINO AV,RIO GRANDE ST,0,NA,Y,A,-,N,NA,NA,NA,NA,NA,NA,NA,NA,NA,Y,3,0,1,3,A,-,12,22450,A,N,A,C,A,A,H,-,A,A,0,NA,NA,NA,NA,Y,NA,A,01,0,1,0,0,0,0,0,0,0,-,-,NA,NA,LOS ANGELES,PASADENA,-118.13719940185548,34.17060470581055
9657665,2024,2024-03-27,1953,2024-01-03,1318,0701,1953,3,5,6,1953,0,0,0,NA,0,002,FAIR OAKS AV,MAPLE ST,0,NA,Y,A,-,N,NA,NA,NA,NA,NA,NA,NA,NA,NA,N,4,0,2,2,A,-,12,21453,A,N,D,C,A,A,H,-,A,A,0,NA,NA,NA,NA,Y,NA,A,01,0,0,2,0,0,0,0,0,0,-,-,NA,NA,LOS ANGELES,PASADENA,-118.15048980712892,34.152427673339844
9657666,2024,2024-03-27,1953,2024-01-25,1115,7231,1953,4,5,6,1953,0,0,0,NA,0,003,LAKE AV,CORSON ST,0,NA,Y,A,-,N,NA,NA,NA,NA,NA,NA,NA,NA,NA,Y,3,0,1,2,A,-,12,21453,A,N,D,C,A,A,H,-,A,A,0,NA,NA,Y,NA,Y,NA,C,02,0,1,0,0,0,0,0,0,1,-,-,NA,NA,LOS ANGELES,PASADENA,-118.1323699951172,34.151275634765625
9657667,2024,2024-03-27,1953,2024-01-01,1243,2799,1953,1,5,6,1953,0,0,0,NA,0,003,GREEN ST,CHESTER AV,0,NA,Y,A,-,N,NA,NA,NA,NA,NA,NA,NA,NA,NA,N,3,0,7,1,A,-,03,22350,NA,N,F,I,A,A,H,-,A,D,0,NA,NA,NA,NA,Y,NA,M,96,0,2,5,0,0,0,0,0,0,-,-,NA,NA,LOS ANGELES,PASADENA,-118.1245346069336,34.144596099853516
9657668,2024,2024-03-27,1953,2024-01-12,321,5818,1953,5,5,6,1953,0,0,0,NA,0,001,MARENGO AV,OHIO ST,103,S,N,A,-,N,NA,NA,NA,NA,NA,NA,NA,NA,NA,Y,3,0,1,2,A,-,03,22350,NA,N,A,E,A,A,H,-,C,D,0,NA,NA,NA,NA,Y,NA,A,01,0,1,0,0,0,0,0,0,0,-,-,NA,NA,LOS ANGELES,PASADENA,-118.14581298828124,34.12821578979492
9657669,2024,2024-03-27,1953,2024-01-11,1800,3033,1953,4,5,6,1953,0,0,0,NA,0,004,FOOTHILL BL,SUNNYSLOPE AV,225,W,N,A,-,N,NA,NA,NA,NA,NA,NA,NA,NA,NA,N,3,0,1,2,A,-,00,21760,B,F,B,G,A,A,H,-,C,A,0,NA,Y,NA,NA,Y,NA,-,99,0,1,0,0,0,0,1,0,0,-,-,NA,NA,LOS ANGELES,PASADENA,-118.09116363525392,34.14994430541992
9657670,2024,2024-03-27,1953,2024-01-01,1217,1818,1953,1,5,6,1953,0,0,0,NA,0,003,DEL MAR BL,S PARKWOOD AV,0,NA,Y,A,-,N,NA,NA,NA,NA,NA,NA,NA,NA,NA,Y,3,0,4,2,A,-,12,22450,NA,N,D,C,A,A,H,-,A,A,0,NA,NA,NA,NA,Y,NA,-,NA,0,1,3,0,0,0,0,0,0,-,-,NA,NA,LOS ANGELES,PASADENA,-118.11166381835938,34.1419677734375
9657671,2024,2024-03-27,1953,2024-01-17,1843,4606,1953,3,5,6,1953,0,0,0,NA,0,002,LINCOLN AV,ORANGE GROVE BL,100,N,N,B,-,N,NA,NA,NA,NA,NA,NA,NA,NA,NA,Y,4,0,2,2,A,-,08,22107,NA,N,B,C,A,A,H,-,C,D,0,NA,NA,NA,NA,Y,NA,A,01,0,0,2,0,0,0,0,0,0,-,-,NA,NA,LOS ANGELES,PASADENA,-118.15496063232422,34.155948638916016
9657672,2024,2024-03-27,1953,2024-01-12,1910,4564,1953,5,5,6,1953,0,0,0,NA,0,004,SIERRA MADRE VILLA,WALNUT ST,4,N,N,A,-,N,NA,NA,NA,NA,NA,NA,NA,NA,NA,N,3,0,1,2,A,-,03,22350,NA,F,C,C,A,A,H,-,C,A,0,NA,NA,NA,NA,Y,NA,A,07,0,1,0,0,0,0,0,0,0,-,-,NA,NA,LOS ANGELES,PASADENA,-118.08192443847656,34.147220611572266
9657677,2024,2024-03-27,1953,2024-01-25,1702,7868,1953,4,5,6,1953,0,0,0,NA,0,003,CALIFORNIA BL,HILL AV,1320,E,N,A,-,N,NA,NA,NA,NA,NA,NA,NA,NA,NA,Y,3,0,2,3,A,-,03,22350,NA,N,C,C,A,A,H,-,A,D,0,NA,NA,NA,NA,Y,NA,A,01,0,1,1,0,0,0,0,0,0,-,-,NA,NA,LOS ANGELES,PASADENA,-118.1169204711914,34.13587188720703
9657678,2024,2024-03-27,1953,2024-01-24,1357,7176,1953,3,5,6,1953,0,0,0,NA,0,005,S LAKE AV,EAST DEL MAR BL,200,S,N,B,-,N,NA,NA,NA,NA,NA,NA,NA,NA,NA,N,4,0,1,3,A,-,05,21651,A,N,E,E,A,A,H,-,A,A,0,NA,NA,NA,NA,Y,NA,A,01,0,0,1,0,0,0,0,0,0,-,-,NA,NA,LOS ANGELES,PASADENA,-118.1323471069336,34.140140533447266
9657679,2024,2024-03-27,1972,2024-01-16,1818,22571,NA,2,5,6,1972,0,0,0,NA,0,NA,MADRONA AV,SPENCER ST,38,N,N,-,-,N,NA,NA,NA,NA,NA,NA,NA,NA,NA,Y,4,0,1,2,A,-,03,22350,NA,N,C,C,A,A,H,-,C,A,0,NA,NA,NA,NA,Y,NA,A,NA,0,0,1,0,0,0,0,0,0,-,-,NA,NA,LOS ANGELES,TORRANCE,-118.34483337402344,33.84521484375
9657680,2024,2024-03-27,1953,2024-01-13,1930,7040,1953,6,5,6,1953,0,0,0,NA,0,NA,SUMMIT AV,HAMMOND ST,251,N,N,A,-,N,NA,NA,NA,NA,NA,NA,NA,NA,NA,Y,4,0,2,3,A,-,03,22350,NA,F,B,C,A,A,E,-,C,D,0,NA,NA,NA,NA,Y,NA,A,01,0,0,2,0,0,0,0,0,0,-,-,NA,NA,LOS ANGELES,PASADENA,-118.14764404296876,34.16587829589844
9657702,2024,2024-03-29,1900,2024-01-03,1259,658325,1900,3,5,3,1914,0,0,0,NA,0,27T,WASHINGTON BL,GARFIELD AV,0,NA,Y,A,-,N,NA,NA,NA,NA,NA,NA,NA,NA,NA,N,2,0,2,2,A,-,04,21703,NA,N,C,C,A,A,H,-,A,A,0,NA,NA,NA,NA,Y,NA,A,01,1,1,0,0,0,0,0,0,0,-,-,34.004398345947266,-118.13237762451172,LOS ANGELES,COMMERCE,-118.1329345703125,34.00044250488281
9657739,2023,2024-02-07,1900,2023-12-04,1530,660685,0250,1,5,4,1945,0,0,0,NA,0,28T,56TH ST,PINE AV,0,NA,Y,A,-,N,NA,NA,NA,NA,NA,NA,NA,NA,NA,N,3,0,1,2,A,-,12,22450,A,F,G,B,B,A,H,-,A,A,0,Y,NA,NA,NA,Y,NA,-,99,0,1,0,0,1,0,0,0,0,-,-,33.99028015136719,-118.18743133544922,LOS ANGELES,MAYWOOD,-118.18737030029295,33.99028015136719
9657741,2023,2024-02-08,1900,2023-12-17,1700,611033,0245,7,5,3,1914,0,0,0,NA,0,27T,SMITHWAY AV,LEO AV,412,W,N,A,-,N,NA,NA,NA,NA,NA,NA,NA,NA,NA,Y,4,0,1,2,A,-,08,22107,NA,N,C,C,A,A,H,-,B,D,0,NA,NA,NA,NA,Y,NA,A,01,0,0,1,0,0,0,0,0,0,-,-,34.00510025024414,-118.14713287353516,LOS ANGELES,COMMERCE,-118.14700317382813,34.004905700683594
9657742,2023,2024-02-08,1900,2023-12-19,1405,640990,0241,2,5,3,1914,0,0,0,NA,0,27T,TELEGRAPH RD,ATLANTIC BL,25,W,N,B,-,N,NA,NA,NA,NA,NA,NA,NA,NA,NA,N,2,0,1,2,A,-,11,21456,A,N,H,G,A,A,H,-,A,A,0,NA,Y,NA,NA,Y,NA,L,04,1,0,0,0,0,0,1,0,0,-,-,NA,NA,LOS ANGELES,COMMERCE,-118.15888214111328,34.0107421875
9657743,2023,2024-02-08,1900,2023-12-23,1718,658608,0242,6,5,3,1914,0,0,0,NA,0,27T,GOODRICH BL,OLYMPIC BL,0,NA,Y,A,-,N,NA,NA,NA,NA,NA,NA,NA,NA,NA,Y,3,0,2,2,A,-,09,21801,A,N,D,C,A,A,H,-,C,A,0,NA,NA,NA,NA,Y,NA,A,01,0,2,0,0,0,0,0,0,0,-,-,NA,NA,LOS ANGELES,COMMERCE,-118.15591430664064,34.015750885009766
9657744,2023,2024-02-27,1900,2023-12-08,1431,659156,0250,5,5,4,1945,0,0,0,NA,0,028,SLAUSON AV,ATLANTIC BL,390,W,N,A,-,N,NA,NA,NA,NA,NA,NA,NA,NA,NA,Y,2,0,1,2,A,-,09,21804,A,N,C,C,A,A,H,-,A,D,0,NA,NA,Y,NA,Y,NA,A,07,1,0,0,0,0,0,0,0,1,-,-,33.98720932006836,-118.18699645996094,LOS ANGELES,MAYWOOD,-118.18688201904295,33.987213134765625
9657745,2023,2024-02-27,1900,2023-12-08,2021,659156,0250,5,5,4,1945,0,0,0,NA,0,028,LOMA VISTA,53RD ST,130,N,N,A,-,N,NA,NA,NA,NA,NA,NA,NA,NA,NA,N,4,0,1,2,A,-,06,21751,NA,F,B,C,A,A,H,-,C,D,0,NA,NA,NA,NA,Y,Y,A,01,0,0,1,0,0,0,0,0,0,-,-,33.99449920654297,-118.19770050048828,LOS ANGELES,MAYWOOD,-118.19783020019533,33.99455261230469
9657746,2023,2024-02-08,1900,2023-12-09,1305,653522,0251,6,5,4,1945,0,0,0,NA,0,28T,KING AV,61ST ST,153,N,N,A,-,N,NA,NA,NA,NA,NA,NA,NA,NA,NA,N,3,0,1,2,A,-,09,21804,A,N,B,C,A,A,H,-,A,D,0,NA,NA,Y,NA,Y,NA,C,02,0,1,0,0,0,0,0,0,1,-,-,33.983768463134766,-118.18389129638672,LOS ANGELES,MAYWOOD,-118.18391418457033,33.983726501464844
9657748,2023,2024-02-08,1900,2023-12-08,1540,625446,0262,5,5,4,1917,0,0,0,NA,0,26A,WILCOX AV,LIVE OAK ST,0,NA,Y,A,-,N,NA,NA,NA,NA,NA,NA,NA,NA,NA,N,3,0,1,2,A,-,10,21950,A,N,A,B,B,A,H,-,A,A,0,Y,NA,NA,NA,Y,NA,A,01,0,1,0,0,1,0,0,0,0,-,-,NA,NA,LOS ANGELES,CUDAHY,-118.17823028564452,33.96696472167969