CASE_ID,ACCIDENT_YEAR,PROC_DATE,JURIS,COLLISION_DATE,COLLISION_TIME,OFFICER_ID,REPORTING_DISTRICT,DAY_OF_WEEK,CHP_SHIFT,POPULATION,CNTY_CITY_LOC,SPECIAL_COND,BEAT_TYPE,CHP_BEAT_TYPE,CITY_DIVISION_LAPD,CHP_BEAT_CLASS,BEAT_NUMBER,PRIMARY_RD,SECONDARY_RD,DISTANCE,DIRECTION,INTERSECTION,WEATHER_1,WEATHER_2,STATE_HWY_IND,CALTRANS_COUNTY,CALTRANS_DISTRICT,STATE_ROUTE,ROUTE_SUFFIX,POSTMILE_PREFIX,POSTMILE,LOCATION_TYPE,RAMP_INTERSECTION,SIDE_OF_HWY,TOW_AWAY,COLLISION_SEVERITY,NUMBER_KILLED,NUMBER_INJURED,PARTY_COUNT,PRIMARY_COLL_FACTOR,PCF_CODE_OF_VIOL,PCF_VIOL_CATEGORY,PCF_VIOLATION,PCF_VIOL_SUBSECTION,HIT_AND_RUN,TYPE_OF_COLLISION,MVIW,PED_ACTION,ROAD_SURFACE,ROAD_COND_1,ROAD_COND_2,LIGHTING,CONTROL_DEVICE,CHP_ROAD_TYPE,PEDESTRIAN_ACCIDENT,BICYCLE_ACCIDENT,MOTORCYCLE_ACCIDENT,TRUCK_ACCIDENT,NOT_PRIVATE_PROPERTY,ALCOHOL_INVOLVED,STWD_VEHTYPE_AT_FAULT,CHP_VEHTYPE_AT_FAULT,COUNT_SEVERE_INJ,COUNT_VISIBLE_INJ,COUNT_COMPLAINT_PAIN,COUNT_PED_KILLED,COUNT_PED_INJURED,COUNT_BICYCLIST_KILLED,COUNT_BICYCLIST_INJURED,COUNT_MC_KILLED,COUNT_MC_INJURED,PRIMARY_RAMP,SECONDARY_RAMP,LATITUDE,LONGITUDE,COUNTY,CITY,POINT_X,POINT_Y
9662749,2023,2024-02-10,1941,2023-03-25,940,11801,NORTH,6,5,7,1941,0,0,0,NA,0,022,59TH ST,LINDEN AV,2,W,N,A,-,N,NA,NA,NA,NA,NA,NA,NA,NA,NA,N,3,0,1,2,A,-,21,22106,NA,N,G,B,B,A,H,-,A,D,0,Y,NA,NA,NA,Y,NA,A,01,0,1,0,0,1,0,0,0,0,-,-,33.86172103881836,-118.1860122680664,LOS ANGELES,LONG BEACH,-118.18602752685548,33.86170959472656
9662757,2023,2024-02-10,1941,2023-12-18,1406,11417,EAST,1,5,7,1941,0,0,0,NA,0,014,E BURNETT ST,REDONDO AV,0,NA,Y,A,-,N,NA,NA,NA,NA,NA,NA,NA,NA,NA,N,4,0,1,2,D,-,00,NA,NA,N,D,G,A,A,H,-,A,A,0,NA,Y,NA,NA,Y,NA,-,-,0,0,1,0,0,0,1,0,0,-,-,33.801448822021484,-118.1513671875,LOS ANGELES,LONG BEACH,-118.15138244628906,33.80146026611328
9662761,2023,2024-02-10,1900,2023-11-08,1815,661696,0977,3,5,4,1979,0,0,0,NA,0,93K1,DOHENY DR,PHYLLIS AV,5,S,N,A,-,N,NA,NA,NA,NA,NA,NA,NA,NA,NA,Y,4,0,1,2,A,-,09,21804,A,N,A,C,A,A,H,-,C,A,0,NA,NA,NA,NA,Y,NA,A,07,0,0,1,0,0,0,0,0,0,-,-,NA,NA,LOS ANGELES,WEST HOLLYWOOD,-118.38977813720705,34.08848571777344
9662762,2023,2024-02-10,1941,2023-09-02,1530,11457,WEST,6,5,7,1941,0,0,0,NA,0,001,DELTA AV,W SPRING ST,0,N,N,A,-,N,NA,NA,NA,NA,NA,NA,NA,NA,NA,Y,4,0,2,2,A,-,03,22350,NA,F,C,C,A,A,H,-,A,D,0,NA,NA,NA,NA,Y,NA,A,07,0,0,2,0,0,0,0,0,0,-,-,33.812660217285156,-118.21056365966795,LOS ANGELES,LONG BEACH,-118.21112823486328,33.811649322509766
9662763,2023,2024-02-10,1941,2023-11-10,1310,11553,EAST,5,5,7,1941,0,0,0,NA,0,009,EAST 2ND ST,REDONDO AV,0,NA,Y,A,-,N,NA,NA,NA,NA,NA,NA,NA,NA,NA,N,2,0,1,2,D,-,00,NA,NA,N,H,G,A,A,H,-,A,A,0,NA,Y,NA,NA,Y,NA,-,-,1,0,0,0,0,0,1,0,0,-,-,33.76348876953125,-118.15242767333984,LOS ANGELES,LONG BEACH,-118.15239715576172,33.76348114013672
9662764,2023,2024-02-10,1941,2023-08-30,1514,10238,EAST,3,5,7,1941,0,0,0,NA,0,015,LOS SANTOS DR,LEES AV,0,NA,N,A,-,N,NA,NA,NA,NA,NA,NA,NA,NA,NA,N,2,0,1,2,A,-,09,21801,NA,N,G,G,A,A,H,-,A,D,0,NA,Y,NA,NA,Y,NA,L,04,1,0,0,0,0,0,1,0,0,-,-,33.79235076904297,-118.0976333618164,LOS ANGELES,LONG BEACH,-118.09821319580078,33.79217529296875
9662765,2023,2024-02-10,1941,2023-11-26,1953,11263,EAST,7,5,7,1941,0,0,0,NA,0,009,EAST OCEAN BL,MOLINO AV,13,E,N,A,-,N,NA,NA,NA,NA,NA,NA,NA,NA,NA,Y,4,0,1,2,A,-,03,22350,NA,N,C,C,A,A,H,-,C,A,0,NA,NA,NA,NA,Y,NA,A,01,0,0,1,0,0,0,0,0,0,-,-,33.762840270996094,-118.16145324707033,LOS ANGELES,LONG BEACH,-118.16140747070313,33.762821197509766
9662766,2023,2024-02-10,1941,2023-09-11,1715,11134,EAST,1,5,7,1941,0,0,0,NA,0,015,ATHERTON ST,SAN ANSELINE AV,0,E,N,A,-,N,NA,NA,NA,NA,NA,NA,NA,NA,NA,N,3,0,1,2,A,-,03,22350,NA,N,C,C,A,A,H,-,A,D,0,NA,NA,NA,NA,Y,NA,A,01,0,1,0,0,0,0,0,0,0,-,-,33.78873825073242,-118.12100982666016,LOS ANGELES,LONG BEACH,-118.1210479736328,33.788700103759766
9662767,2023,2024-02-10,1941,2023-11-15,1700,11908,NORTH,3,5,7,1941,0,0,0,NA,0,021,W DEL AMO BL,LONG BEACH BL,0,S,N,C,-,N,NA,NA,NA,NA,NA,NA,NA,NA,NA,N,4,0,2,2,A,-,03,22350,NA,F,C,C,A,B,H,-,C,A,0,NA,NA,NA,NA,Y,NA,A,07,0,0,2,0,0,0,0,0,0,-,-,33.84674072265625,-118.19384002685548,LOS ANGELES,LONG BEACH,-118.19387817382813,33.8468132019043
9662768,2023,2024-02-10,1941,2023-07-28,1500,11530,NORTH,5,5,7,1941,0,0,0,NA,0,021,ORANGE AV,E PHILLIPS ST,77,S,N,A,-,N,NA,NA,NA,NA,NA,NA,NA,NA,NA,N,4,0,1,2,A,-,08,22107,NA,F,B,C,A,A,H,-,A,D,0,NA,NA,NA,NA,Y,Y,A,01,0,0,1,0,0,0,0,0,0,-,-,33.858211517333984,-118.17706298828124,LOS ANGELES,LONG BEACH,-118.1772918701172,33.85820007324219
9662769,2023,2024-02-10,1941,2023-10-31,1457,11512,EAST,2,5,7,1941,0,0,0,NA,0,014,ATHERTON ST,XIMENO AV,0,NA,N,A,-,N,NA,NA,NA,NA,NA,NA,NA,NA,NA,Y,4,0,1,2,A,-,08,22107,NA,N,D,C,A,A,H,-,A,D,0,NA,NA,NA,NA,Y,NA,A,01,0,0,1,0,0,0,0,0,0,-,-,33.78984832763672,-118.13890838623048,LOS ANGELES,LONG BEACH,-118.13887786865234,33.789859771728516
9662770,2023,2024-02-10,1941,2023-09-05,1200,11134,EAST,2,5,7,1941,0,0,0,NA,0,011,OBISPO AV,ORANGE AV,0,NA,Y,A,-,N,NA,NA,NA,NA,NA,NA,NA,NA,NA,Y,4,0,1,2,D,-,00,NA,NA,F,B,C,A,A,H,-,A,A,0,NA,NA,NA,NA,Y,NA,-,-,0,0,1,0,0,0,0,0,0,-,-,33.782588958740234,-118.1545867919922,LOS ANGELES,LONG BEACH,NA,NA
9662772,2023,2024-02-10,1941,2023-07-04,2125,11797,WEST,2,5,7,1941,0,0,0,NA,0,005,LEMON AV,E HILL ST,143,E,N,A,-,N,NA,NA,NA,NA,NA,NA,NA,NA,NA,Y,3,0,3,2,A,-,08,22103,NA,N,D,C,A,A,H,-,C,D,0,NA,NA,NA,NA,Y,NA,A,01,0,2,1,0,0,0,0,0,0,-,-,33.797119140625,-118.17852783203124,LOS ANGELES,LONG BEACH,-118.17852020263672,33.797119140625
9662773,2023,2024-02-10,1941,2023-10-26,1033,7580,EAST,4,5,7,1941,0,0,0,NA,0,018,E WARDLOW RD,KAREN AV,0,NA,Y,A,-,N,NA,NA,NA,NA,NA,NA,NA,NA,NA,Y,3,0,2,2,A,-,09,21802,A,N,D,C,A,A,H,-,A,A,0,NA,NA,NA,NA,Y,NA,A,07,0,1,1,0,0,0,0,0,0,-,-,33.81882095336914,-118.09555816650392,LOS ANGELES,LONG BEACH,-118.0955810546875,33.81876754760742
9662774,2023,2024-02-10,1941,2023-08-02,1434,11803,1,3,5,7,1941,0,0,0,NA,0,007,WALNUT AV,ANAHEIM ST,98,S,N,A,-,N,NA,NA,NA,NA,NA,NA,NA,NA,NA,N,4,0,1,2,A,-,09,21804,A,N,D,B,E,A,H,-,A,D,0,Y,NA,NA,NA,Y,NA,A,07,0,0,1,0,1,0,0,0,0,-,-,33.78261184692383,-118.17198181152344,LOS ANGELES,LONG BEACH,-118.1719970703125,33.78234100341797
9662776,2023,2024-02-10,1941,2023-07-11,1329,10167,WEST,2,5,7,1941,0,0,0,NA,0,005,E HILL ST,OLIVE AV,0,NA,N,A,-,N,NA,NA,NA,NA,NA,NA,NA,NA,NA,N,3,0,1,2,A,-,05,21202,A,N,D,G,A,A,H,-,A,A,0,NA,Y,NA,NA,Y,NA,L,04,0,1,0,0,0,0,1,0,0,-,-,33.7971305847168,-118.18285369873048,LOS ANGELES,LONG BEACH,-118.18286895751952,33.79713439941406
9662777,2023,2024-02-10,1941,2023-10-28,1536,11263,EAST,6,5,7,1941,0,0,0,NA,0,011,E 14TH ST,CORONADO ST,0,NA,Y,A,-,N,NA,NA,NA,NA,NA,NA,NA,NA,NA,Y,2,0,1,2,A,-,09,21802,A,N,D,C,A,A,H,-,A,A,0,NA,NA,Y,NA,Y,NA,A,07,1,0,0,0,0,0,0,0,1,-,-,33.78437042236328,-118.15348815917967,LOS ANGELES,LONG BEACH,-118.15348815917967,33.78438186645508
9662778,2023,2024-02-10,1941,2023-09-06,1744,11543,SOUTH,3,5,7,1941,0,0,0,NA,0,006,PACIFIC AV,W 103RD ST,0,NA,N,A,-,N,NA,NA,NA,NA,NA,NA,NA,NA,NA,N,3,0,1,2,A,-,03,22350,NA,F,C,C,A,A,H,-,A,A,0,NA,NA,NA,NA,Y,NA,A,01,0,1,0,0,0,0,0,0,0,-,-,33.78260040283203,-118.19373321533205,LOS ANGELES,LONG BEACH,NA,NA
9662779,2023,2024-03-08,1941,2023-11-26,1851,10947,NORTH,7,5,7,1941,0,0,0,NA,0,024,CHERRY AV,RT 91,9,N,N,A,-,Y,LA,7,91,-,R,13.274,R,1,W,N,4,0,1,2,D,-,00,NA,NA,N,G,B,B,A,H,-,C,A,0,Y,NA,NA,NA,Y,NA,-,-,0,0,1,0,1,0,0,0,0,-,-,33.87617874145508,-118.16870880126952,LOS ANGELES,LONG BEACH,-118.1658935546875,33.87608337402344
9662780,2023,2024-02-10,1941,2023-05-13,1307,11358,EAST,6,5,7,1941,0,0,0,NA,0,011,E 101ST ST,GLADYS AV,0,NA,N,A,-,N,NA,NA,NA,NA,NA,NA,NA,NA,NA,N,4,0,3,2,A,-,07,21658,A,F,D,C,A,A,H,-,A,D,0,NA,NA,NA,NA,Y,NA,A,01,0,0,3,0,0,0,0,0,0,-,-,33.78289031982422,-118.1572265625,LOS ANGELES,LONG BEACH,NA,NA
9662781,2023,2024-02-10,1900,2023-11-16,1930,637335,0975,4,5,4,1979,0,0,0,NA,0,93T2,SANTA MONICA BL,CRESCENT HEIGHTS BL,10,E,N,A,-,N,NA,NA,NA,NA,NA,NA,NA,NA,NA,N,4,0,1,2,A,-,08,22107,NA,N,A,G,A,A,H,-,C,A,0,NA,Y,NA,NA,Y,Y,L,04,0,0,1,0,0,0,1,0,0,-,-,34.0908317565918,-118.36570739746094,LOS ANGELES,WEST HOLLYWOOD,-118.36590576171876,34.090789794921875
9662782,2023,2024-02-10,1941,2023-11-17,737,11843,NORTH,5,5,7,1941,0,0,0,NA,0,020,E CARSON ST,ATLANTIC AV,0,NA,Y,A,-,N,NA,NA,NA,NA,NA,NA,NA,NA,NA,N,4,0,1,2,A,-,09,21801,A,N,A,B,B,A,H,-,A,A,0,Y,NA,NA,NA,Y,NA,D,22,0,0,1,0,1,0,0,0,0,-,-,33.83176040649414,-118.1850128173828,LOS ANGELES,LONG BEACH,-118.18507385253906,33.83174514770508
9662783,2023,2024-02-10,1941,2023-11-28,1111,6187,NORTH,2,5,7,1941,0,0,0,NA,0,020,45TH ST,GARDENIA AV,0,NA,Y,A,-,N,NA,NA,NA,NA,NA,NA,NA,NA,NA,N,4,0,1,2,D,-,00,NA,NA,N,B,C,A,A,H,-,A,A,0,NA,NA,NA,NA,Y,NA,-,-,0,0,1,0,0,0,0,0,0,-,-,33.83856964111328,-118.16835021972656,LOS ANGELES,LONG BEACH,-118.16837310791016,33.83856964111328
9662784,2023,2024-02-10,1900,2023-07-10,1410,622922,0973,1,5,4,1979,0,0,0,NA,0,92T3,LA BREA AV,FOUNTAIN AV,0,NA,Y,A,-,N,NA,NA,NA,NA,NA,NA,NA,NA,NA,N,3,0,2,2,A,-,09,21801,A,M,A,C,A,A,H,-,A,A,0,NA,NA,NA,NA,Y,NA,A,01,0,2,0,0,0,0,0,0,0,-,-,34.0943603515625,-118.34416198730467,LOS ANGELES,WEST HOLLYWOOD,-118.34410095214844,34.09436798095703
9662811,2023,2024-02-26,1900,2023-10-16,1145,654645,1432,1,5,4,1937,0,0,0,NA,0,143T1,HACIENDA BL,FAIRGROVE AV,123,N,N,A,-,N,NA,NA,NA,NA,NA,NA,NA,NA,NA,N,3,0,2,2,A,-,04,21703,NA,N,-,C,A,A,D,H,A,A,0,NA,NA,NA,NA,Y,NA,A,01,0,2,0,0,0,0,0,0,0,-,-,34.02330017089844,-117.56580352783205,LOS ANGELES,LA PUENTE,-117.9495086669922,34.042476654052734
9662826,2024,2024-03-15,1900,2024-01-03,2300,602353,2608,3,5,6,1950,0,0,0,NA,0,826B1,RT 138,22ND ST EAST,0,NA,Y,A,-,Y,LA,7,138,-,-,45.971,I,5,W,N,4,0,2,2,A,-,12,21453,A,N,D,C,A,A,D,-,C,A,0,NA,NA,NA,NA,Y,NA,A,01,0,0,2,0,0,0,0,0,0,-,-,NA,NA,LOS ANGELES,PALMDALE,-118.0895767211914,34.58016586303711
9662827,2024,2024-03-05,1900,2024-01-23,1145,514671,2608,2,5,6,1950,0,0,0,NA,0,264T1,PALMDALE BL,35TH ST EAST,45,E,N,A,-,Y,LA,7,138,-,-,47.26,I,6,W,N,4,0,1,2,A,-,21,22106,NA,N,C,C,A,A,H,-,A,A,0,NA,NA,NA,NA,Y,NA,A,01,0,0,1,0,0,0,0,0,0,-,-,NA,NA,LOS ANGELES,PALMDALE,-118.06721496582033,34.580257415771484
9662830,2024,2024-03-05,1900,2024-01-16,2059,655308,2611,2,5,6,1950,0,0,0,NA,0,264T1,PALMDALE BL,5TH ST WEST,0,E,N,A,-,Y,LA,7,14,-,-,59.621,R,4,S,Y,3,0,3,3,A,-,03,22350,NA,N,C,C,A,A,H,-,C,D,0,NA,NA,NA,NA,Y,NA,A,01,0,2,1,0,0,0,0,0,0,-,-,34.581581115722656,-118.13419342041016,LOS ANGELES,PALMDALE,-118.1338348388672,34.57870864868164
9662843,2023,2024-02-23,1941,2023-09-06,1732,11374,WEST,3,5,7,1941,0,0,0,NA,0,003,LONG BEACH BL,E WILLOW ST,0,NA,-,A,-,N,NA,NA,NA,NA,NA,NA,NA,NA,NA,N,3,0,1,2,A,-,08,22107,NA,N,D,C,A,A,H,-,A,D,0,NA,NA,NA,NA,Y,NA,A,01,0,1,0,0,0,0,0,0,0,-,-,33.80438995361328,-118.18936920166016,LOS ANGELES,LONG BEACH,-118.18946075439452,33.8043327331543
9662844,2023,2024-02-23,1900,2023-10-10,1911,658321,1352,2,5,3,1927,0,0,0,NA,0,135B,NORWALK BL,CENTRALIA ST,50,S,N,A,-,N,NA,NA,NA,NA,NA,NA,NA,NA,NA,N,3,0,1,2,A,-,08,22107,NA,N,A,C,A,A,H,-,C,D,0,NA,NA,NA,NA,Y,NA,A,07,0,1,0,0,0,0,0,0,0,-,-,NA,NA,LOS ANGELES,HAWAIIAN GARDENS,-118.07208251953124,33.83860397338867
9662847,2023,2024-02-23,1941,2023-09-07,1119,11316,SOUTH,4,5,7,1941,0,0,0,NA,0,008,EAST 4TH ST,BONITO AV,305,W,N,A,-,N,NA,NA,NA,NA,NA,NA,NA,NA,NA,NA,4,0,1,2,A,-,07,21658,A,N,B,-,A,A,H,-,A,D,0,NA,NA,NA,NA,Y,NA,N,60,0,0,1,0,0,0,0,0,0,-,-,33.77185821533203,-118.18048858642578,LOS ANGELES,LONG BEACH,-118.18087005615234,33.77173614501953
9662848,2023,2024-02-23,1900,2023-10-20,1530,647537,1331,5,5,5,1908,0,0,0,NA,0,133T1,BELLFLOWER BL,VAN RUITEN ST,0,NA,Y,A,-,N,NA,NA,NA,NA,NA,NA,NA,NA,NA,Y,3,0,1,2,A,-,09,21801,A,N,D,C,A,A,H,-,A,D,0,NA,NA,NA,NA,Y,NA,A,07,0,1,0,0,0,0,0,0,0,-,-,NA,NA,LOS ANGELES,BELLFLOWER,-118.12534332275392,33.90290832519531
9662851,2023,2024-02-23,1941,2023-08-19,1904,11523,NORTH,6,5,7,1941,0,0,0,NA,0,024,SOUTH ST,PARAMOUNT BL,0,NA,-,A,-,N,NA,NA,NA,NA,NA,NA,NA,NA,NA,N,4,0,1,2,A,-,09,21804,A,N,D,C,A,A,H,-,B,D,0,NA,NA,NA,NA,Y,NA,A,01,0,0,1,0,0,0,0,0,0,-,-,33.86016845703125,-118.15989685058594,LOS ANGELES,LONG BEACH,-118.15990447998048,33.86017990112305
9662852,2023,2024-02-23,1941,2023-10-01,1134,11240,WEST,7,5,7,1941,0,0,0,NA,0,005,ORANGE AV,E HILL ST,8,N,N,A,-,N,NA,NA,NA,NA,NA,NA,NA,NA,NA,Y,3,0,1,2,A,-,12,21453,A,N,B,C,A,A,H,-,A,A,0,NA,NA,NA,NA,Y,NA,A,01,0,1,0,0,0,0,0,0,0,-,-,33.797119140625,-118.17633819580078,LOS ANGELES,LONG BEACH,-118.17645263671876,33.79691696166992
9662855,2023,2024-02-23,1941,2023-03-31,2045,11825,NORTH,5,5,7,1941,0,0,0,NA,0,024,CHERRY AV,CURRY ST,0,NA,-,A,-,N,NA,NA,NA,NA,NA,NA,NA,NA,NA,NA,3,0,1,2,A,-,09,21802,A,F,H,G,A,A,H,-,C,D,0,NA,Y,NA,NA,Y,NA,-,99,0,1,0,0,0,0,1,0,0,-,-,33.86648941040039,-118.16864013671876,LOS ANGELES,LONG BEACH,-118.16860961914064,33.866458892822266
9662856,2023,2024-02-23,1900,2023-10-02,1745,658321,1331,1,5,5,1908,0,0,0,NA,0,133T2,CLARK AV,FOSTER RD,0,NA,Y,A,-,N,NA,NA,NA,NA,NA,NA,NA,NA,NA,Y,3,0,1,2,A,-,08,22107,NA,N,A,C,A,A,H,-,B,A,0,NA,NA,NA,NA,Y,NA,A,07,0,1,0,0,0,0,0,0,0,-,-,NA,NA,LOS ANGELES,BELLFLOWER,-118.13413238525392,33.909732818603516
9662881,2023,2024-02-14,1976,2023-12-16,1643,223,NA,6,5,3,1964,0,0,0,NA,0,002,SANTA FE SPRINGS RD,TELEGRAPH RD,0,NA,Y,A,-,N,NA,NA,NA,NA,NA,NA,NA,NA,NA,Y,4,0,3,3,A,-,09,21801,A,N,D,C,A,A,H,-,C,A,0,NA,NA,NA,NA,Y,NA,D,22,0,0,3,0,0,0,0,0,0,-,-,NA,NA,LOS ANGELES,SANTA FE SPRINGS,-118.06407165527344,33.941932678222656
9662882,2023,2024-02-14,1976,2023-12-02,855,530,NA,6,5,3,1964,0,0,0,NA,0,002,FLORENCE AV,FULTON WELLS AV,0,NA,Y,A,-,N,NA,NA,NA,NA,NA,NA,NA,NA,NA,N,4,0,1,2,A,-,03,22350,NA,N,C,C,A,A,C,-,A,A,0,NA,NA,NA,NA,Y,NA,A,01,0,0,1,0,0,0,0,0,0,-,-,NA,NA,LOS ANGELES,SANTA FE SPRINGS,-118.07622528076172,33.93533706665039
9662891,2023,2024-02-14,1900,2023-12-16,1836,661939,1365,6,5,5,1952,0,0,0,NA,0,136A,DOWNEY AV,WILBARN ST,162,N,N,A,-,N,NA,NA,NA,NA,NA,NA,NA,NA,NA,N,3,0,1,2,A,-,03,22350,NA,N,C,C,A,A,H,-,C,D,0,NA,NA,NA,NA,Y,NA,A,07,0,1,0,0,0,0,0,0,0,-,-,NA,NA,LOS ANGELES,PARAMOUNT,-118.15150451660156,33.90480422973633
9662895,2024,2024-03-26,1900,2024-01-18,936,647144,1326,4,5,5,1935,0,0,0,NA,0,132T2,TURNERGROVE DR,HARDWICK ST,10,E,N,A,-,N,NA,NA,NA,NA,NA,NA,NA,NA,NA,Y,3,0,1,2,A,-,07,21658,A,N,F,E,A,A,H,-,A,D,0,NA,NA,NA,NA,Y,NA,A,01,0,1,0,0,0,0,0,0,0,-,-,NA,NA,LOS ANGELES,LAKEWOOD,-118.1130142211914,33.85116195678711
9662896,2023,2024-02-21,1900,2023-12-05,1946,646634,1333,2,5,5,1908,0,0,0,NA,0,133T1,SOMERSET BL,CARFAX AV,0,NA,Y,A,-,N,NA,NA,NA,NA,NA,NA,NA,NA,NA,N,3,0,1,2,A,-,10,21950,NA,N,G,B,D,A,H,-,C,D,0,Y,NA,NA,NA,Y,NA,D,22,0,1,0,0,1,0,0,0,0,-,-,NA,NA,LOS ANGELES,BELLFLOWER,-118.1102294921875,33.896644592285156
9662902,2024,2025-03-12,1900,2024-01-12,1125,640991,1334,5,5,5,1908,0,0,0,NA,0,133D,LAKEWOOD BL,ALONDRA BL,132,S,N,A,-,N,NA,NA,NA,NA,NA,NA,NA,NA,NA,N,4,0,2,4,A,-,03,22350,NA,N,C,C,A,A,H,-,A,A,0,NA,NA,NA,NA,Y,NA,D,22,0,0,2,0,0,0,0,0,0,-,-,NA,NA,LOS ANGELES,BELLFLOWER,-118.14269256591795,33.88884735107422
9662904,2023,2024-02-21,1900,2023-12-16,2135,655204,1332,6,5,5,1908,0,0,0,NA,0,133E,SOMERSET BL,BETTY JEAN AV,2,W,N,A,-,N,NA,NA,NA,NA,NA,NA,NA,NA,NA,N,3,0,1,2,A,-,14,21201,D,N,G,G,A,A,H,-,D,D,0,NA,Y,NA,NA,Y,NA,L,04,0,1,0,0,0,0,1,0,0,-,-,NA,NA,LOS ANGELES,BELLFLOWER,-118.13191986083984,33.89670944213867
9662906,2023,2024-02-27,1900,2023-09-24,1540,625912,1322,7,5,5,1935,0,0,0,NA,0,132T1,BELLFLOWER BL,SOUTH ST,50,N,N,A,-,N,NA,NA,NA,NA,NA,NA,NA,NA,NA,N,4,0,1,2,A,-,00,21703,A,N,C,C,A,A,H,-,A,A,0,NA,NA,NA,NA,Y,NA,D,22,0,0,1,0,0,0,0,0,0,-,-,NA,NA,LOS ANGELES,LAKEWOOD,-118.12516021728516,33.86046600341797
9662907,2024,2024-03-26,1900,2024-01-16,835,648315,1320,2,5,5,1935,0,0,0,NA,0,132T1,DOWNEY AV,WOLFE ST,0,NA,Y,A,-,N,NA,NA,NA,NA,NA,NA,NA,NA,NA,N,4,0,1,2,A,-,09,21802,A,N,A,C,A,A,H,-,A,A,0,NA,NA,NA,NA,Y,NA,A,07,0,0,1,0,0,0,0,0,0,-,-,NA,NA,LOS ANGELES,LAKEWOOD,-118.1513671875,33.85793685913086
9662912,2023,2024-03-04,1900,2023-11-02,645,610417,1326,4,5,5,1935,0,0,0,NA,0,132T1,DEL AMO VL,HACKETT AV,0,NA,Y,A,-,N,NA,NA,NA,NA,NA,NA,NA,NA,NA,Y,3,0,1,2,A,-,09,21801,A,N,D,C,A,A,H,-,A,D,0,NA,NA,NA,NA,Y,NA,D,22,0,1,0,0,0,0,0,0,0,-,-,33.84695053100586,-118.10674285888672,LOS ANGELES,LAKEWOOD,NA,NA
9662919,2023,2024-03-26,1900,2023-12-08,1748,642100,1335,5,5,5,1908,0,0,0,NA,0,133T2,LAKEWOOD BL,RAMONA ST,0,NA,Y,A,-,N,NA,NA,NA,NA,NA,NA,NA,NA,NA,NA,3,0,1,2,A,-,09,21801,A,N,-,C,A,A,H,-,C,D,0,NA,NA,NA,NA,Y,NA,A,01,0,1,0,0,0,0,0,0,0,-,-,NA,NA,LOS ANGELES,BELLFLOWER,-118.142578125,33.87293243408203
9662923,2023,2024-03-04,1900,2023-11-14,1547,643847,1335,2,5,5,1908,0,0,0,NA,0,1547,ARTESIA BL,DOWNEY AV,0,NA,Y,A,-,N,NA,NA,NA,NA,NA,NA,NA,NA,NA,N,3,0,1,2,D,-,00,NA,NA,N,D,C,A,A,H,-,A,A,0,NA,NA,Y,NA,Y,NA,-,-,0,1,0,0,0,0,0,0,1,-,-,NA,NA,LOS ANGELES,BELLFLOWER,-118.15129089355467,33.87466049194336
9662928,2024,2024-03-26,1902,2024-01-31,1557,779,19,3,5,5,1902,0,0,0,NA,0,004,CAMPUS DR,EL MONTE AV,66,W,N,A,-,N,NA,NA,NA,NA,NA,NA,NA,NA,NA,Y,3,0,2,3,A,-,09,21801,A,N,D,B,F,A,H,-,A,D,0,Y,NA,NA,NA,Y,NA,A,01,0,2,0,0,1,0,0,0,0,-,-,NA,NA,LOS ANGELES,ARCADIA,-118.041259765625,34.13068771362305
9662949,2024,2024-03-19,1900,2024-01-12,1540,652772,0617,5,5,6,1985,0,0,0,NA,0,61T1,GOLDEN TRIANGLE RD,RUETHER AV,0,NA,Y,A,-,N,NA,NA,NA,NA,NA,NA,NA,NA,NA,N,3,0,1,2,A,-,09,21453,C,N,D,G,A,A,H,-,A,A,0,NA,Y,NA,NA,Y,NA,L,04,0,1,0,0,0,0,1,0,0,-,-,34.42002868652344,-118.49848175048828,LOS ANGELES,SANTA CLARITA,-118.49842071533205,34.42005920410156
9662950,2024,2024-03-20,1900,2024-01-17,1710,535977,0635,3,5,6,1985,0,0,0,NA,0,61T1P,SANDY DR,SIERRA HWY,0,NA,Y,A,-,N,NA,NA,NA,NA,NA,NA,NA,NA,NA,N,3,0,1,2,C,-,18,NA,NA,N,G,B,D,A,H,-,A,D,0,Y,NA,NA,NA,Y,NA,-,-,0,1,0,0,1,0,0,0,0,-,-,34.24732971191406,-118.27455139160156,LOS ANGELES,SANTA CLARITA,-118.45767974853516,34.412139892578125
9662978,2024,2024-03-20,1900,2024-01-30,722,623539,1624,2,5,5,1977,0,0,0,NA,0,164T,MAIN ST,SEPULVEDA BL,407,S,N,A,-,N,NA,NA,NA,NA,NA,NA,NA,NA,NA,N,4,0,2,2,A,-,09,21804,A,N,D,C,A,A,H,-,A,D,0,NA,NA,NA,NA,Y,NA,A,07,0,0,2,0,0,0,0,0,0,-,-,33.80672073364258,-118.27554321289064,LOS ANGELES,CARSON,-118.27566528320313,33.8067626953125
9662987,2024,2024-05-15,1920,2024-02-01,1611,13118,1920,4,5,6,1920,0,0,0,NA,0,002,FIRESTONE BL,RIVES AV,0,NA,Y,C,-,N,NA,NA,NA,NA,NA,NA,NA,NA,NA,Y,4,0,1,2,A,-,09,21801,A,N,D,C,A,B,H,-,C,A,0,NA,NA,NA,Y,Y,NA,A,07,0,0,1,0,0,0,0,0,0,-,-,NA,NA,LOS ANGELES,DOWNEY,-118.1421127319336,33.94487762451172