CASE_ID,ACCIDENT_YEAR,PROC_DATE,JURIS,COLLISION_DATE,COLLISION_TIME,OFFICER_ID,REPORTING_DISTRICT,DAY_OF_WEEK,CHP_SHIFT,POPULATION,CNTY_CITY_LOC,SPECIAL_COND,BEAT_TYPE,CHP_BEAT_TYPE,CITY_DIVISION_LAPD,CHP_BEAT_CLASS,BEAT_NUMBER,PRIMARY_RD,SECONDARY_RD,DISTANCE,DIRECTION,INTERSECTION,WEATHER_1,WEATHER_2,STATE_HWY_IND,CALTRANS_COUNTY,CALTRANS_DISTRICT,STATE_ROUTE,ROUTE_SUFFIX,POSTMILE_PREFIX,POSTMILE,LOCATION_TYPE,RAMP_INTERSECTION,SIDE_OF_HWY,TOW_AWAY,COLLISION_SEVERITY,NUMBER_KILLED,NUMBER_INJURED,PARTY_COUNT,PRIMARY_COLL_FACTOR,PCF_CODE_OF_VIOL,PCF_VIOL_CATEGORY,PCF_VIOLATION,PCF_VIOL_SUBSECTION,HIT_AND_RUN,TYPE_OF_COLLISION,MVIW,PED_ACTION,ROAD_SURFACE,ROAD_COND_1,ROAD_COND_2,LIGHTING,CONTROL_DEVICE,CHP_ROAD_TYPE,PEDESTRIAN_ACCIDENT,BICYCLE_ACCIDENT,MOTORCYCLE_ACCIDENT,TRUCK_ACCIDENT,NOT_PRIVATE_PROPERTY,ALCOHOL_INVOLVED,STWD_VEHTYPE_AT_FAULT,CHP_VEHTYPE_AT_FAULT,COUNT_SEVERE_INJ,COUNT_VISIBLE_INJ,COUNT_COMPLAINT_PAIN,COUNT_PED_KILLED,COUNT_PED_INJURED,COUNT_BICYCLIST_KILLED,COUNT_BICYCLIST_INJURED,COUNT_MC_KILLED,COUNT_MC_INJURED,PRIMARY_RAMP,SECONDARY_RAMP,LATITUDE,LONGITUDE,COUNTY,CITY,POINT_X,POINT_Y
9664146,2023,2024-04-05,1976,2023-12-19,1122,210,NA,2,5,3,1964,0,0,0,NA,0,003,ROSECRANS AV,RT 5,28,E,N,A,-,Y,LA,7,5,-,R,3.327,R,4,S,Y,3,0,1,1,A,-,08,22107,NA,N,F,A,A,A,H,-,A,A,0,NA,NA,NA,Y,Y,NA,F,25,0,1,0,0,0,0,0,0,0,-,-,NA,NA,LOS ANGELES,SANTA FE SPRINGS,-118.05997467041016,33.90103530883789
9664158,2023,2024-02-26,1976,2023-12-29,608,230,NA,5,5,5,1976,0,0,0,NA,0,001,BEVERLY BL,FLORAL DR,0,NA,Y,A,-,N,NA,NA,NA,NA,NA,NA,NA,NA,NA,Y,3,0,2,3,A,-,09,21801,A,N,A,C,A,A,H,-,C,A,0,NA,NA,NA,NA,Y,NA,D,22,0,2,0,0,0,0,0,0,0,-,-,NA,NA,LOS ANGELES,WHITTIER,-118.05068969726564,33.991756439208984
9664181,2023,2024-03-23,1900,2023-11-06,1620,655208,1331,1,5,5,1908,0,0,0,NA,0,133T2,BELLFLOWER BL,ROSECRANS AV,50,N,N,A,-,N,NA,NA,NA,NA,NA,NA,NA,NA,NA,N,4,0,1,2,D,-,00,NA,NA,N,D,G,A,A,H,-,A,D,0,NA,Y,NA,NA,Y,NA,-,-,0,0,1,0,0,0,1,0,0,-,-,NA,NA,LOS ANGELES,BELLFLOWER,-118.12532806396484,33.90210723876953
9664206,2024,2024-03-06,1900,2024-01-11,1720,629510,1369,4,5,5,1952,0,0,0,NA,0,136A,ALONDRA BL,DOWNEY AV,370,E,N,A,-,N,NA,NA,NA,NA,NA,NA,NA,NA,NA,N,4,0,2,2,A,-,09,21804,A,N,D,C,A,A,H,-,A,D,0,NA,NA,NA,NA,Y,NA,D,22,0,0,2,0,0,0,0,0,0,-,-,NA,NA,LOS ANGELES,PARAMOUNT,-118.15024566650392,33.88917922973633
9664209,2024,2024-02-27,1900,2024-01-09,1524,613235,1324,2,5,5,1935,0,0,0,NA,0,132T2,ARBOR RD,ADENMOOR AV,0,NA,Y,B,-,N,NA,NA,NA,NA,NA,NA,NA,NA,NA,N,4,0,1,2,A,-,09,21801,A,N,D,C,A,A,H,-,A,D,0,NA,NA,NA,NA,Y,NA,A,01,0,0,1,0,0,0,0,0,0,-,-,33.84307861328125,-118.12412261962892,LOS ANGELES,LAKEWOOD,-118.12410736083984,33.84299850463867
9664217,2023,2024-02-28,1900,2023-12-27,1520,624032,1334,3,5,5,1908,0,0,0,NA,0,133,BELLFLOWER BL,FLOWER ST,0,NA,Y,A,-,N,NA,NA,NA,NA,NA,NA,NA,NA,NA,N,4,0,1,2,A,-,11,21950,B,N,D,B,B,A,H,-,A,D,0,Y,NA,NA,NA,Y,NA,N,60,0,0,1,0,1,0,0,0,0,-,-,NA,NA,LOS ANGELES,BELLFLOWER,-118.12528228759766,33.882057189941406
9664226,2023,2024-02-28,1900,2023-12-27,2025,642730,1351,3,5,3,1927,0,0,0,NA,0,135A,223RD ST,SEINE AV,0,NA,Y,A,-,N,NA,NA,NA,NA,NA,NA,NA,NA,NA,Y,3,0,1,4,A,-,12,22450,A,M,D,C,A,A,H,-,C,D,0,NA,NA,NA,NA,Y,NA,A,07,0,1,0,0,0,0,0,0,0,-,-,NA,NA,LOS ANGELES,HAWAIIAN GARDENS,-118.0784912109375,33.82594299316406
9664229,2024,2024-02-27,1900,2024-01-15,1849,657379,1322,1,5,5,1935,0,0,0,NA,0,132T2,SOUTH ST,SUNFIELD AV,10,E,N,A,-,N,NA,NA,NA,NA,NA,NA,NA,NA,NA,Y,4,0,2,2,A,-,09,21802,A,N,D,C,A,A,H,-,C,D,0,NA,NA,NA,NA,Y,NA,D,22,0,0,2,0,0,0,0,0,0,-,-,33.8603515625,-118.13475799560548,LOS ANGELES,LAKEWOOD,-118.13482666015624,33.86043930053711
9664241,2024,2024-02-28,1900,2024-01-17,1500,625546,1366,3,5,5,1952,0,0,0,NA,0,136,ORANGE AV,ALONDRA BL,45,N,N,A,-,N,NA,NA,NA,NA,NA,NA,NA,NA,NA,N,4,0,1,3,A,-,03,22350,NA,M,D,-,A,A,H,-,A,D,0,NA,NA,NA,NA,Y,NA,A,01,0,0,1,0,0,0,0,0,0,-,-,NA,NA,LOS ANGELES,PARAMOUNT,-118.17755126953124,33.8892936706543
9664242,2024,2024-02-27,1900,2024-01-18,1405,648577,1363,4,5,5,1952,0,0,0,NA,0,136T1,FAULKNER AV,SOMERSET BL,25,S,N,A,-,N,NA,NA,NA,NA,NA,NA,NA,NA,NA,Y,3,0,1,3,A,-,08,22107,NA,N,D,E,A,A,H,-,A,D,0,NA,NA,NA,NA,Y,NA,A,01,0,1,0,0,0,0,0,0,0,-,-,NA,NA,LOS ANGELES,PARAMOUNT,-118.1807861328125,33.89616012573242
9664243,2024,2024-02-27,1900,2024-01-19,2255,656372,1335,5,5,5,1908,0,0,0,NA,0,133T1,FLOWER ST,HAYTER AV,0,NA,Y,B,-,N,NA,NA,NA,NA,NA,NA,NA,NA,NA,Y,3,0,1,2,A,-,09,21801,A,M,D,C,A,A,H,-,C,D,0,NA,NA,NA,NA,Y,NA,A,01,0,1,0,0,0,0,0,0,0,-,-,NA,NA,LOS ANGELES,BELLFLOWER,-118.14656829833984,33.88201141357422
9664245,2024,2024-05-02,1900,2024-02-11,1125,641155,1324,7,5,5,1935,0,0,0,NA,0,132T1,ARBOR RD,ADENMOOR AV,20,W,N,A,-,N,NA,NA,NA,NA,NA,NA,NA,NA,NA,Y,2,0,1,1,A,-,03,22350,NA,N,E,I,A,A,H,-,A,D,0,NA,NA,NA,NA,Y,NA,D,22,1,0,0,0,0,0,0,0,0,-,-,NA,NA,LOS ANGELES,LAKEWOOD,-118.12417602539064,33.84299850463867
9664284,2024,2024-03-09,1900,2024-01-30,356,525413,2610,2,5,6,1950,0,0,0,NA,0,262T1,11TH ST EAST,AV Q-12,16,NA,N,A,-,N,NA,NA,NA,NA,NA,NA,NA,NA,NA,Y,3,0,2,2,A,-,01,23152,A,N,A,C,A,-,H,-,C,D,0,NA,NA,NA,NA,Y,Y,A,01,0,1,1,0,0,0,0,0,0,-,-,34.57551956176758,-118.10952758789064,LOS ANGELES,PALMDALE,-118.10975646972656,34.58729553222656
9664285,2024,2024-04-15,1944,2024-02-01,1624,383,M28,4,5,4,1944,0,0,0,NA,0,002,AVIATION BL,ARTESIA BLVD,0,NA,Y,A,-,N,NA,NA,NA,NA,NA,NA,NA,NA,NA,Y,4,0,1,4,A,-,12,21453,A,N,D,C,A,A,H,-,A,A,0,NA,NA,NA,NA,Y,NA,A,01,0,0,1,0,0,0,0,0,0,-,-,33.87282943725586,-118.38159942626952,LOS ANGELES,MANHATTAN BEACH,-118.38160705566406,33.872779846191406
9664286,2024,2024-04-15,1944,2024-02-07,917,353,M26,3,5,4,1944,0,0,0,NA,0,001,ARTESIA BLVD,PROSPECT AVE,0,NA,Y,A,-,N,NA,NA,NA,NA,NA,NA,NA,NA,NA,Y,4,0,1,2,A,-,12,21453,A,N,D,C,A,A,H,-,A,A,0,NA,NA,NA,NA,Y,NA,-,NA,0,0,1,0,0,0,0,0,0,-,-,33.87276840209961,-118.39293670654295,LOS ANGELES,MANHATTAN BEACH,-118.3929443359375,33.872840881347656
9664316,2024,2024-04-05,1900,2024-02-07,720,642979,0617,3,5,6,1985,0,0,0,NA,0,61T1,GOLDEN VALLEY RD,SIERRY HWY,506,W,N,A,-,N,NA,NA,NA,NA,NA,NA,NA,NA,NA,Y,4,0,1,2,A,-,04,21703,NA,N,C,C,A,A,H,-,A,A,0,NA,NA,NA,NA,Y,NA,A,01,0,0,1,0,0,0,0,0,0,-,-,34.396209716796875,-118.4867706298828,LOS ANGELES,SANTA CLARITA,-118.48661041259766,34.396175384521484
9664320,2024,2024-03-29,1976,2024-01-01,1405,216,NA,1,5,5,1976,0,0,0,NA,0,003,CALMADA AV,CHESTNUT ST,321,N,N,A,-,N,NA,NA,NA,NA,NA,NA,NA,NA,NA,Y,3,0,3,2,A,-,09,21804,A,N,D,C,A,A,H,-,A,D,0,NA,NA,NA,NA,Y,NA,D,22,0,1,2,0,0,0,0,0,0,-,-,NA,NA,LOS ANGELES,WHITTIER,-118.02381896972656,33.95497131347656
9664327,2024,2024-03-13,1928,2024-01-30,1633,50353,522,2,5,5,1928,0,0,0,NA,0,503,PRAIRIE AV,MARINE AV,418,S,N,A,-,N,NA,NA,NA,NA,NA,NA,NA,NA,NA,Y,4,0,2,2,A,-,09,21801,A,N,D,C,A,A,H,-,A,A,0,NA,NA,NA,NA,Y,NA,A,01,0,0,2,0,0,0,0,0,0,-,-,33.894630432128906,-118.34385681152344,LOS ANGELES,HAWTHORNE,-118.34384918212892,33.89350509643555
9664332,2024,2024-03-13,1942,2024-01-31,100,45499,SOUTH,3,5,7,1942,0,0,0,NA,0,3A99,43RD PL,WESTERN AV,0,NA,Y,A,-,N,NA,NA,NA,NA,NA,NA,NA,NA,NA,Y,3,0,1,1,A,-,03,22350,NA,N,A,I,A,A,H,-,C,D,0,NA,NA,NA,NA,Y,NA,A,01,0,1,0,0,0,0,0,0,0,-,-,NA,NA,LOS ANGELES,LOS ANGELES,-118.30892944335938,34.00459289550781
9664333,2024,2024-03-13,1942,2024-01-04,2105,45466,1232,4,5,7,1942,0,0,0,L,0,12A31,S VAN NESS AV,W 59TH ST,15,S,N,A,-,N,NA,NA,NA,NA,NA,NA,NA,NA,NA,Y,2,0,1,2,A,-,03,22350,NA,N,C,E,A,A,H,-,C,D,0,NA,NA,Y,NA,Y,NA,C,02,1,0,0,0,0,0,0,0,1,-,-,NA,NA,LOS ANGELES,LOS ANGELES,-118.31768035888672,33.987247467041016
9664334,2024,2024-03-13,1942,2024-01-18,2105,42967,1253,4,5,7,1942,0,0,0,L,0,12XL57,WESTERN AV,79TH ST,20,S,N,A,-,N,NA,NA,NA,NA,NA,NA,NA,NA,NA,N,2,0,1,2,A,-,11,21955,NA,N,G,B,D,A,H,-,C,A,0,Y,NA,NA,NA,Y,NA,N,60,1,0,0,0,1,0,0,0,0,-,-,NA,NA,LOS ANGELES,LOS ANGELES,-118.30902099609376,33.96723556518555
9664335,2024,2024-03-13,1942,2024-01-13,1810,42660,0584,6,5,7,1942,0,0,0,E,0,5A84,26TH ST,GAFFEY ST,0,NA,Y,A,-,N,NA,NA,NA,NA,NA,NA,NA,NA,NA,NA,2,0,1,2,A,-,10,21950,A,F,A,B,B,A,H,-,C,A,0,Y,NA,NA,NA,Y,NA,-,99,1,0,0,0,1,0,0,0,0,-,-,NA,NA,LOS ANGELES,LOS ANGELES,-118.29288482666016,33.72062301635742
9664336,2024,2024-03-13,1942,2024-01-12,900,45457,0508,5,5,7,1942,0,0,0,E,0,5A11,SEPULVEDA BL,LOCKNESS AV,0,NA,Y,A,-,N,NA,NA,NA,NA,NA,NA,NA,NA,NA,N,3,0,1,2,A,-,12,21453,A,F,A,D,A,A,H,-,A,A,0,NA,NA,NA,NA,Y,NA,A,01,0,1,0,0,0,0,0,0,0,-,-,NA,NA,LOS ANGELES,LOS ANGELES,-118.30451965332033,33.815338134765625
9664337,2024,2024-03-13,1942,2024-01-11,2045,41072,0558,4,5,7,1942,0,0,0,E,0,25T35,HARBOR BL,SWINFORD ST,38,N,N,A,-,N,NA,NA,NA,NA,NA,NA,NA,NA,NA,Y,3,0,1,1,A,-,01,23152,A,N,E,I,A,A,H,-,C,A,0,NA,NA,NA,NA,Y,Y,A,07,0,1,0,0,0,0,0,0,0,-,-,NA,NA,LOS ANGELES,LOS ANGELES,-118.28060913085938,33.74873733520508
9664338,2024,2024-03-13,1942,2024-01-08,1730,42011,0521,1,5,7,1942,0,0,0,E,0,25MX88,GAFFEY ST,BASIN ST,0,NA,Y,A,-,N,NA,NA,NA,NA,NA,NA,NA,NA,NA,Y,2,0,1,2,A,-,09,21801,A,N,D,C,A,A,H,-,C,A,0,NA,NA,Y,NA,Y,NA,A,01,1,0,0,0,0,0,0,0,1,-,-,NA,NA,LOS ANGELES,LOS ANGELES,-118.29226684570313,33.75564193725586
9664339,2024,2024-03-13,1942,2024-01-22,1815,42427,1265,1,5,7,1942,0,0,0,L,0,12X66,S NORMANDIE AV,W 81ST ST,25,S,N,C,-,N,NA,NA,NA,NA,NA,NA,NA,NA,NA,Y,2,0,1,4,A,-,03,22350,NA,N,C,B,E,B,H,-,C,D,0,Y,NA,NA,NA,Y,NA,A,07,1,0,0,0,1,0,0,0,0,-,-,NA,NA,LOS ANGELES,LOS ANGELES,-118.30026245117188,33.96541976928711
9664340,2024,2024-03-13,1942,2024-01-22,1942,35936,1241,1,5,7,1942,0,0,0,L,0,25T31,8TH AV,60TH ST,0,NA,N,B,-,N,NA,NA,NA,NA,NA,NA,NA,NA,NA,N,2,0,1,2,A,-,10,21950,A,F,G,B,B,B,H,-,C,A,0,Y,NA,NA,NA,Y,NA,-,99,1,0,0,0,1,0,0,0,0,-,-,NA,NA,LOS ANGELES,LOS ANGELES,-118.3264617919922,33.98542022705078
9664341,2024,2024-03-14,1942,2024-01-13,2155,43171,1805,6,5,7,1942,0,0,0,R,0,NA,E 92ND ST,SAN PEDRO,50,E,N,A,-,N,NA,NA,NA,NA,NA,NA,NA,NA,NA,N,2,0,1,2,A,-,11,21954,A,F,A,B,-,A,H,-,C,A,0,Y,NA,NA,NA,Y,NA,N,60,1,0,0,0,1,0,0,0,0,-,-,NA,NA,LOS ANGELES,LOS ANGELES,-118.26934814453124,33.952880859375
9664342,2024,2024-03-14,1942,2024-01-14,135,41072,1802,7,5,7,1942,0,0,0,R,0,25T35,FIGUEROA ST,MANCHESTER AVE,10,S,N,A,-,N,NA,NA,NA,NA,NA,NA,NA,NA,NA,N,2,0,1,2,A,-,11,21456,B,N,G,B,B,-,H,-,C,A,0,Y,NA,NA,NA,Y,NA,N,60,1,0,0,0,1,0,0,0,0,-,-,NA,NA,LOS ANGELES,LOS ANGELES,-118.28273010253906,33.96003341674805
9664343,2024,2024-03-14,1942,2024-01-11,1320,39407,325,4,5,7,1942,0,0,0,NA,0,3A19,VERMONT AVE,280TH,0,NA,Y,A,-,N,NA,NA,NA,NA,NA,NA,NA,NA,NA,Y,4,0,1,2,A,-,09,21804,A,N,D,C,A,A,H,-,A,D,0,NA,NA,Y,NA,Y,NA,A,01,0,0,1,0,0,0,0,0,1,-,-,NA,NA,LOS ANGELES,LOS ANGELES,NA,NA
9664344,2024,2024-03-14,1942,2024-01-13,805,38111,0354,6,5,7,1942,0,0,0,C,0,25TL25,FIGUEROA ST,30TH ST,146,S,N,A,-,N,NA,NA,NA,NA,NA,NA,NA,NA,NA,N,2,0,1,1,A,-,03,22350,NA,N,E,I,A,A,H,-,A,D,0,NA,NA,NA,NA,Y,NA,A,01,1,0,0,0,0,0,0,0,0,-,-,NA,NA,LOS ANGELES,LOS ANGELES,-118.27822113037108,34.02470397949219
9664345,2024,2024-03-14,1942,2024-01-08,1340,40404,0378,1,5,7,1942,0,0,0,C,0,25TL25,MARTIN LUTHER KING JR BL,VERMONT AVE,210,E,N,A,-,N,NA,NA,NA,NA,NA,NA,NA,NA,NA,Y,2,0,1,2,A,-,08,22107,NA,N,G,B,F,A,H,-,A,A,0,Y,NA,NA,NA,Y,NA,A,01,1,0,0,0,1,0,0,0,0,-,-,NA,NA,LOS ANGELES,LOS ANGELES,-118.29084014892578,34.01089859008789
9664346,2024,2024-04-09,1942,2024-01-07,1800,40957,0341,7,5,7,1942,0,0,0,C,0,25T35,LA BREA AVE,VERONICA ST,549,S,N,A,-,N,NA,NA,NA,NA,NA,NA,NA,NA,NA,Y,2,0,3,2,A,-,01,23152,A,N,C,-,A,-,H,-,C,D,0,NA,NA,NA,NA,Y,Y,A,01,1,0,2,0,0,0,0,0,0,-,-,NA,NA,LOS ANGELES,LOS ANGELES,-118.35614776611328,34.011451721191406
9664347,2024,2024-03-15,1942,2024-01-01,830,44698,NA,1,5,7,1942,0,0,0,NA,0,0391,LA BREA AVE,STOCKER ST,50,N,N,A,-,N,NA,NA,NA,NA,NA,NA,NA,NA,NA,Y,2,0,1,1,A,-,03,22350,NA,N,H,A,A,A,H,-,A,A,0,NA,NA,Y,NA,Y,NA,C,02,1,0,0,0,0,0,0,0,1,-,-,NA,NA,LOS ANGELES,LOS ANGELES,-118.35791015625,33.99716567993164
9664483,2024,2024-05-17,1942,2024-02-16,2310,40717,1864,5,5,7,1942,0,0,0,R,0,25T31W,CENTRAL AV,RT 105,0,NA,Y,A,-,Y,LA,7,105,-,R,8.697,R,4,E,N,4,0,1,2,A,-,03,22350,A,F,D,C,A,A,H,-,C,A,0,NA,NA,NA,NA,Y,NA,A,01,0,0,1,0,0,0,0,0,0,-,EF,NA,NA,LOS ANGELES,LOS ANGELES,-118.25804901123048,33.92743682861328
9664488,2024,2024-04-24,1942,2024-02-19,1850,44489,1248,1,5,7,1942,0,0,0,L,0,25T35W,GAGE AV,HOOVER ST,0,NA,Y,C,-,N,NA,NA,NA,NA,NA,NA,NA,NA,NA,N,4,0,1,2,A,-,08,22107,NA,F,G,B,B,B,H,-,C,A,0,Y,NA,NA,NA,Y,NA,-,99,0,0,1,0,1,0,0,0,0,-,-,NA,NA,LOS ANGELES,LOS ANGELES,-118.2870864868164,33.981868743896484
9664521,2024,2024-03-23,1900,2024-01-02,1849,646634,1332,2,5,5,1908,0,0,0,NA,0,133T1,BELLFLOWER BL,JEFFERSON ST,0,NA,Y,A,-,N,NA,NA,NA,NA,NA,NA,NA,NA,NA,Y,3,0,1,4,A,-,09,21801,A,N,B,E,A,A,H,-,C,A,0,NA,NA,NA,NA,Y,NA,A,01,0,1,0,0,0,0,0,0,0,-,-,NA,NA,LOS ANGELES,BELLFLOWER,-118.12532043457033,33.8929557800293
9664522,2024,2024-03-23,1900,2024-01-27,1153,661798,1328,6,5,5,1908,0,0,0,NA,0,132,DEL AMO BL,BLOOMFIELD AV,42,W,N,A,-,N,NA,NA,NA,NA,NA,NA,NA,NA,NA,Y,3,0,2,2,A,-,09,21801,A,N,D,C,A,A,H,-,A,A,0,NA,NA,NA,NA,Y,NA,A,07,0,1,1,0,0,0,0,0,0,-,-,NA,NA,LOS ANGELES,BELLFLOWER,-118.06364440917967,33.84611129760742
9664523,2024,2024-03-23,1900,2024-01-31,1758,642100,1334,3,5,5,1908,0,0,0,NA,0,133T2,BELLFLOWER BL,PARK ST,0,NA,Y,A,-,N,NA,NA,NA,NA,NA,NA,NA,NA,NA,NA,3,0,1,2,A,-,09,21801,A,N,A,C,A,A,H,-,C,A,0,NA,NA,NA,NA,Y,NA,A,07,0,1,0,0,0,0,0,0,0,-,-,NA,NA,LOS ANGELES,BELLFLOWER,-118.12525939941406,33.878440856933594
9664524,2024,2024-03-23,1900,2024-01-31,1100,647144,1322,3,5,5,1935,0,0,0,NA,0,132T2,CLARK AV,ASHWORTH ST,30,S,N,A,-,N,NA,NA,NA,NA,NA,NA,NA,NA,NA,Y,3,0,2,2,A,-,03,22350,NA,N,C,C,A,A,H,-,A,A,0,NA,NA,NA,NA,Y,NA,A,01,0,2,0,0,0,0,0,0,0,-,-,NA,NA,LOS ANGELES,LAKEWOOD,-118.13388824462892,33.86775588989258
9664525,2024,2024-03-23,1900,2024-01-31,715,643416,1336,3,5,5,1908,0,0,0,NA,0,133,ARTESIA BL,WOODRUFF AV,0,NA,Y,A,-,N,NA,NA,NA,NA,NA,NA,NA,NA,NA,N,4,0,1,2,A,-,05,21650,1,N,H,G,A,A,H,-,A,A,0,NA,Y,NA,NA,Y,NA,L,04,0,0,1,0,0,0,1,0,0,-,-,NA,NA,LOS ANGELES,BELLFLOWER,-118.11729431152344,33.872886657714844
9664526,2024,2024-03-23,1900,2024-01-30,1335,543272,1335,2,5,5,1908,0,0,0,NA,0,133T1,ARTESIA BL,ARDMORE AV,550,W,N,A,-,N,NA,NA,NA,NA,NA,NA,NA,NA,NA,N,4,0,2,2,A,-,08,22100,A,N,D,C,A,A,H,-,A,D,0,NA,NA,NA,NA,Y,NA,A,01,0,0,2,0,0,0,0,0,0,-,-,NA,NA,LOS ANGELES,BELLFLOWER,-118.13092803955078,33.87474060058594
9664527,2024,2024-03-23,1900,2024-01-29,1517,647144,1321,1,5,5,1935,0,0,0,NA,0,132T2,CLARK AV,MICHELSON ST,0,NA,Y,A,-,N,NA,NA,NA,NA,NA,NA,NA,NA,NA,Y,3,0,2,2,A,-,09,21801,A,N,D,C,A,A,H,-,A,D,0,NA,NA,NA,NA,Y,NA,A,01,0,1,1,0,0,0,0,0,0,-,-,33.85736846923828,-118.13379669189452,LOS ANGELES,LAKEWOOD,-118.13375854492188,33.85735321044922
9664528,2024,2024-03-23,1900,2024-01-29,1349,647144,1320,1,5,5,1935,0,0,0,NA,0,132T2,CANDLEWOOD ST,PARAMOUNT BL,80,W,N,A,-,N,NA,NA,NA,NA,NA,NA,NA,NA,NA,N,4,0,1,3,A,-,03,22350,NA,N,C,C,A,-,H,-,A,A,0,NA,NA,NA,NA,Y,NA,A,01,0,0,1,0,0,0,0,0,0,-,-,NA,NA,LOS ANGELES,LAKEWOOD,-118.16012573242188,33.85381317138672
9664529,2024,2024-03-23,1900,2024-01-18,1705,646634,NA,4,5,5,1908,0,0,0,NA,0,133T2,ALONDRA BL,MCNAB AV,0,NA,Y,A,-,N,NA,NA,NA,NA,NA,NA,NA,NA,NA,Y,3,0,2,2,A,-,09,21801,A,N,D,C,A,A,H,-,B,A,0,NA,NA,NA,NA,Y,NA,A,01,0,1,1,0,0,0,0,0,0,-,-,NA,NA,LOS ANGELES,BELLFLOWER,-118.11302185058594,33.88836669921875
9664530,2024,2024-03-23,1900,2024-01-19,1310,643416,1335,5,5,5,1908,0,0,0,NA,0,133,CLARK AV,CEDAR ST,0,NA,Y,A,-,N,NA,NA,NA,NA,NA,NA,NA,NA,NA,N,3,0,1,2,A,-,10,21950,NA,N,G,B,B,A,-,-,A,-,0,Y,NA,NA,NA,Y,NA,A,07,0,1,0,0,1,0,0,0,0,-,-,NA,NA,LOS ANGELES,BELLFLOWER,-118.13388824462892,33.87113952636719
9664545,2024,2024-03-29,1976,2024-01-25,1716,746,NA,4,5,3,1964,0,0,0,NA,0,002,FLORENCE AV,ROSETON AV,0,NA,Y,A,-,N,NA,NA,NA,NA,NA,NA,NA,NA,NA,Y,3,0,1,2,A,-,09,21801,A,N,D,C,A,A,H,-,B,A,0,NA,NA,NA,NA,Y,NA,A,01,0,1,0,0,0,0,0,0,0,-,-,NA,NA,LOS ANGELES,SANTA FE SPRINGS,-118.08792877197266,33.93513107299805
9664546,2024,2024-03-29,1976,2024-01-25,648,554,NA,4,5,3,1964,0,0,0,NA,0,001,SORENSON AV,SLAUSON AV,0,NA,Y,C,-,N,NA,NA,NA,NA,NA,NA,NA,NA,NA,Y,4,0,1,2,A,-,12,21453,A,N,D,C,A,B,H,-,A,A,0,NA,NA,NA,NA,Y,NA,A,01,0,0,1,0,0,0,0,0,0,-,-,NA,NA,LOS ANGELES,SANTA FE SPRINGS,-118.06043243408205,33.96356201171875
9664547,2024,2024-03-29,1976,2024-01-23,905,337,NA,2,5,3,1964,0,0,0,NA,0,001,PIONEER BL,TELEGRAPH RD,100,N,N,A,-,N,NA,NA,NA,NA,NA,NA,NA,NA,NA,Y,4,0,2,2,A,-,09,21804,A,N,D,C,A,A,H,-,A,D,0,NA,NA,NA,NA,Y,NA,A,01,0,0,2,0,0,0,0,0,0,-,-,NA,NA,LOS ANGELES,SANTA FE SPRINGS,-118.0808334350586,33.94542694091797
9664548,2024,2024-03-29,1976,2024-01-22,2158,854,NA,1,5,3,1964,0,0,0,NA,0,NA,TELEGRAPH RD,BLOOMFIELD AV,37,W,N,A,-,N,NA,NA,NA,NA,NA,NA,NA,NA,NA,N,4,0,1,2,A,-,03,22350,NA,F,C,C,A,B,H,-,C,A,0,NA,NA,NA,NA,Y,NA,A,01,0,0,1,0,0,0,0,0,0,-,-,NA,NA,LOS ANGELES,SANTA FE SPRINGS,-118.06419372558594,33.94179916381836
9664549,2024,2024-03-29,1976,2024-01-16,1225,376,NA,2,5,3,1964,0,0,0,NA,0,002,LAKELAND RD,LAUREL AV,0,NA,Y,A,-,N,NA,NA,NA,NA,NA,NA,NA,NA,NA,Y,3,0,2,2,A,-,12,22450,A,N,D,C,A,A,H,-,A,A,0,NA,NA,NA,NA,Y,NA,-,-,0,2,0,0,0,0,0,0,0,-,-,NA,NA,LOS ANGELES,SANTA FE SPRINGS,-118.04884338378906,33.93172073364258
9664550,2024,2025-08-06,1976,2024-01-13,1253,219,NA,6,5,3,1964,0,0,0,NA,0,002,FLORENCE AV,ROSETON AV,290,W,N,A,-,N,NA,NA,NA,NA,NA,NA,NA,NA,NA,N,4,0,1,2,-,-,-,NA,NA,N,H,G,A,A,H,-,A,D,0,NA,Y,NA,NA,Y,NA,L,04,0,0,1,0,0,0,1,0,0,-,-,NA,NA,LOS ANGELES,SANTA FE SPRINGS,-118.08888244628906,33.93511962890625
9664551,2024,2024-03-29,1900,2024-01-18,1005,649521,2111,4,5,5,1943,0,0,0,NA,0,212T4,ALAMEDA ST,E 111TH ST,308,S,N,A,-,N,NA,NA,NA,NA,NA,NA,NA,NA,NA,Y,4,0,1,2,A,-,08,22107,NA,N,B,D,A,A,H,-,A,D,0,NA,NA,NA,NA,Y,NA,A,01,0,0,1,0,0,0,0,0,0,-,-,33.93663024902344,-118.2267608642578,LOS ANGELES,LYNWOOD,-118.22589874267578,33.93400955200195
9664552,2024,2024-03-29,1900,2024-01-22,1400,644925,2112,1,5,5,1943,0,0,0,NA,0,212T3,MARTIN LUTHER KING JR BL,LONG BEACH BL,335,E,N,C,-,N,NA,NA,NA,NA,NA,NA,NA,NA,NA,N,4,0,1,2,A,-,03,22350,NA,F,C,C,A,B,H,-,A,D,0,NA,NA,NA,NA,Y,NA,A,01,0,0,1,0,0,0,0,0,0,-,-,NA,NA,LOS ANGELES,LYNWOOD,-118.21250915527344,33.93671798706055
9664553,2024,2024-03-29,1900,2024-01-31,2500,655308,2621,3,5,6,1950,0,0,0,NA,0,263T1,AVENUE P,15TH ST EAST,784,E,N,A,-,N,NA,NA,NA,NA,NA,NA,NA,NA,NA,N,2,0,1,2,D,-,00,NA,NA,F,G,B,E,A,H,-,D,D,0,Y,NA,NA,NA,Y,NA,-,-,1,0,0,0,1,0,0,0,0,-,-,34.60232925415039,-118.10050201416016,LOS ANGELES,PALMDALE,-118.10057830810548,34.60226058959961